disruption_id,operator_ref,route_number,start_time,end_time,duration_minutes,reason,severity,description
DIS-683207,SVCT,205,2026-07-16T05:48:28.000+05:45,2026-07-16T08:56:28.000+05:45,188,Accident on route,high,Accident on route affecting line 205 (high severity)
DIS-387401,BLUS,538,2026-04-26T01:35:40.000+05:45,2026-04-26T03:54:40.000+05:45,139,Road closure,medium,Road closure affecting line 538 (medium severity)
DIS-888313,WDBC,82,2026-06-25T03:43:55.000+05:45,2026-06-25T04:17:55.000+05:45,34,Road closure,severe,Road closure affecting line 82 (severe severity)
DIS-638059,WDBC,RG2,2026-06-23T19:07:14.000+05:45,2026-06-23T22:50:14.000+05:45,223,Roadworks,low,Roadworks affecting line RG2 (low severity)
DIS-267101,UNIL,U6C,2026-05-18T21:17:49.000+05:45,2026-05-19T01:13:49.000+05:45,236,Roadworks,low,Roadworks affecting line U6C (low severity)
DIS-213233,SWWD,908,2026-07-03T08:48:29.000+05:45,2026-07-03T10:11:29.000+05:45,83,Planned engineering works,severe,Planned engineering works affecting line 908 (severe severity)
DIS-116159,WDBC,NFR,2026-05-05T00:53:04.000+05:45,2026-05-05T02:10:04.000+05:45,77,Roadworks,severe,Roadworks affecting line NFR (severe severity)
DIS-528742,WDBC,193,2026-07-17T20:48:00.000+05:45,2026-07-17T21:55:00.000+05:45,67,Road closure,high,Road closure affecting line 193 (high severity)
DIS-975144,BLUS,3,2026-06-28T02:49:19.000+05:45,2026-06-28T04:35:19.000+05:45,106,Road closure,medium,Road closure affecting line 3 (medium severity)
DIS-969143,UNIL,U1A,2026-05-10T07:03:49.000+05:45,2026-05-10T08:17:49.000+05:45,74,Vehicle breakdown,low,Vehicle breakdown affecting line U1A (low severity)
DIS-975958,WDBC,125,2026-07-15T17:06:07.000+05:45,2026-07-15T21:05:07.000+05:45,239,Vehicle breakdown,medium,Vehicle breakdown affecting line 125 (medium severity)
DIS-224109,BLUS,21,2026-04-23T11:14:01.000+05:45,2026-04-23T12:15:01.000+05:45,61,Road closure,medium,Road closure affecting line 21 (medium severity)
DIS-794233,TDTR,217,2026-06-15T07:16:42.000+05:45,2026-06-15T07:54:42.000+05:45,38,Planned engineering works,severe,Planned engineering works affecting line 217 (severe severity)
DIS-850585,TDTR,9,2026-05-13T13:44:46.000+05:45,2026-05-13T15:59:46.000+05:45,135,Severe weather,high,Severe weather affecting line 9 (high severity)
DIS-752349,BLUS,7,2026-07-17T08:30:11.000+05:45,2026-07-17T10:33:11.000+05:45,123,Vehicle breakdown,high,Vehicle breakdown affecting line 7 (high severity)
DIS-173815,WDBC,5,2026-04-21T20:50:13.000+05:45,2026-04-21T22:59:13.000+05:45,129,Severe weather,high,Severe weather affecting line 5 (high severity)
DIS-229085,SWWD,2A,2026-06-13T20:39:54.000+05:45,2026-06-13T22:17:54.000+05:45,98,Road closure,medium,Road closure affecting line 2A (medium severity)
DIS-857861,WDBC,3x,2026-05-14T17:42:03.000+05:45,2026-05-14T20:50:03.000+05:45,188,Planned engineering works,low,Planned engineering works affecting line 3x (low severity)
DIS-467086,WDBC,7A,2026-05-13T22:06:15.000+05:45,2026-05-14T01:02:15.000+05:45,176,Vehicle breakdown,severe,Vehicle breakdown affecting line 7A (severe severity)
DIS-946027,BLUS,503,2026-06-13T16:55:24.000+05:45,2026-06-13T20:50:24.000+05:45,235,Planned engineering works,severe,Planned engineering works affecting line 503 (severe severity)
DIS-530785,TDTR,X76,2026-05-17T21:14:43.000+05:45,2026-05-18T01:08:43.000+05:45,234,Planned engineering works,severe,Planned engineering works affecting line X76 (severe severity)
DIS-481272,TDTR,13,2026-07-10T21:17:51.000+05:45,2026-07-10T23:11:51.000+05:45,114,Diversion,medium,Diversion affecting line 13 (medium severity)
DIS-956037,DAMY,CR9,2026-06-28T16:52:21.000+05:45,2026-06-28T18:48:21.000+05:45,116,Traffic congestion,medium,Traffic congestion affecting line CR9 (medium severity)
DIS-256108,WDBC,11,2026-05-03T06:22:30.000+05:45,2026-05-03T07:51:30.000+05:45,89,Accident on route,low,Accident on route affecting line 11 (low severity)
DIS-359324,WDBC,86,2026-06-05T06:17:01.000+05:45,2026-06-05T07:07:01.000+05:45,50,Severe weather,high,Severe weather affecting line 86 (high severity)
DIS-361730,SVCT,TSS,2026-04-25T03:53:44.000+05:45,2026-04-25T04:08:44.000+05:45,15,Road closure,severe,Road closure affecting line TSS (severe severity)
DIS-276404,SWWD,R5,2026-06-30T19:19:23.000+05:45,2026-06-30T21:25:23.000+05:45,126,Planned engineering works,severe,Planned engineering works affecting line R5 (severe severity)
DIS-888418,SWWD,37,2026-07-14T01:46:12.000+05:45,2026-07-14T05:40:12.000+05:45,234,Vehicle breakdown,low,Vehicle breakdown affecting line 37 (low severity)
DIS-631121,SWWD,R2,2026-07-08T13:51:15.000+05:45,2026-07-08T15:16:15.000+05:45,85,Severe weather,low,Severe weather affecting line R2 (low severity)
DIS-181940,WDBC,NFR,2026-05-01T21:17:50.000+05:45,2026-05-01T21:48:50.000+05:45,31,Driver shortage,low,Driver shortage affecting line NFR (low severity)
DIS-811394,SWWD,R6,2026-04-28T05:04:25.000+05:45,2026-04-28T06:01:25.000+05:45,57,Vehicle breakdown,severe,Vehicle breakdown affecting line R6 (severe severity)
DIS-288379,WDBC,A,2026-05-28T03:45:57.000+05:45,2026-05-28T06:06:57.000+05:45,141,Driver shortage,high,Driver shortage affecting line A (high severity)
DIS-368780,SVCT,TNB,2026-05-12T02:17:14.000+05:45,2026-05-12T05:11:14.000+05:45,174,Roadworks,medium,Roadworks affecting line TNB (medium severity)
DIS-836920,WDBC,777,2026-07-15T07:42:54.000+05:45,2026-07-15T10:16:54.000+05:45,154,Roadworks,high,Roadworks affecting line 777 (high severity)
DIS-111238,SVCT,37,2026-07-18T10:37:56.000+05:45,2026-07-18T11:56:56.000+05:45,79,Diversion,high,Diversion affecting line 37 (high severity)
DIS-450446,BLUS,2,2026-06-12T05:16:17.000+05:45,2026-06-12T05:58:17.000+05:45,42,Roadworks,medium,Roadworks affecting line 2 (medium severity)
DIS-494290,WDBC,3,2026-05-19T11:26:35.000+05:45,2026-05-19T13:35:35.000+05:45,129,Accident on route,severe,Accident on route affecting line 3 (severe severity)
DIS-538303,UNIL,U2B,2026-05-30T04:07:46.000+05:45,2026-05-30T05:28:46.000+05:45,81,Roadworks,high,Roadworks affecting line U2B (high severity)
DIS-548345,SVCT,6,2026-05-03T22:25:58.000+05:45,2026-05-03T22:44:58.000+05:45,19,Planned engineering works,high,Planned engineering works affecting line 6 (high severity)
DIS-290988,SVCT,5,2026-06-25T23:39:56.000+05:45,2026-06-26T01:36:56.000+05:45,117,Vehicle breakdown,low,Vehicle breakdown affecting line 5 (low severity)
DIS-589770,WDBC,7A,2026-05-10T07:17:54.000+05:45,2026-05-10T08:44:54.000+05:45,87,Accident on route,severe,Accident on route affecting line 7A (severe severity)
DIS-753833,TDTR,217,2026-05-28T15:20:43.000+05:45,2026-05-28T15:57:43.000+05:45,37,Severe weather,high,Severe weather affecting line 217 (high severity)
DIS-638287,BLUS,21,2026-07-19T05:05:12.000+05:45,2026-07-19T08:20:12.000+05:45,195,Planned engineering works,high,Planned engineering works affecting line 21 (high severity)
DIS-999155,SWWD,37,2026-05-16T17:25:21.000+05:45,2026-05-16T20:27:21.000+05:45,182,Vehicle breakdown,high,Vehicle breakdown affecting line 37 (high severity)
DIS-393880,TDTR,21,2026-07-15T05:53:26.000+05:45,2026-07-15T09:27:26.000+05:45,214,Accident on route,high,Accident on route affecting line 21 (high severity)
DIS-930521,WDBC,U3,2026-04-25T09:59:53.000+05:45,2026-04-25T12:23:53.000+05:45,144,Planned engineering works,low,Planned engineering works affecting line U3 (low severity)
DIS-393803,WDBC,32,2026-05-29T05:41:05.000+05:45,2026-05-29T07:17:05.000+05:45,96,Severe weather,severe,Severe weather affecting line 32 (severe severity)
DIS-334529,SVCT,2,2026-07-03T11:37:30.000+05:45,2026-07-03T13:30:30.000+05:45,113,Traffic congestion,high,Traffic congestion affecting line 2 (high severity)
DIS-666120,TDTR,42,2026-07-09T08:40:03.000+05:45,2026-07-09T10:31:03.000+05:45,111,Diversion,medium,Diversion affecting line 42 (medium severity)
DIS-681822,BLUS,13,2026-04-28T16:29:19.000+05:45,2026-04-28T18:25:19.000+05:45,116,Vehicle breakdown,high,Vehicle breakdown affecting line 13 (high severity)
DIS-619288,WDBC,RG2,2026-07-13T19:50:03.000+05:45,2026-07-13T21:39:03.000+05:45,109,Road closure,medium,Road closure affecting line RG2 (medium severity)
DIS-269424,SWWD,2,2026-05-12T17:35:58.000+05:45,2026-05-12T18:56:58.000+05:45,81,Road closure,medium,Road closure affecting line 2 (medium severity)
DIS-465631,WDBC,26,2026-06-09T14:49:58.000+05:45,2026-06-09T16:26:58.000+05:45,97,Roadworks,medium,Roadworks affecting line 26 (medium severity)
DIS-221856,SWWD,R4,2026-06-12T14:47:52.000+05:45,2026-06-12T17:41:52.000+05:45,174,Driver shortage,high,Driver shortage affecting line R4 (high severity)
DIS-837967,WDBC,NFB,2026-04-27T07:33:12.000+05:45,2026-04-27T10:32:12.000+05:45,179,Diversion,high,Diversion affecting line NFB (high severity)
DIS-159560,SWWD,26,2026-04-22T13:16:16.000+05:45,2026-04-22T13:30:16.000+05:45,14,Vehicle breakdown,low,Vehicle breakdown affecting line 26 (low severity)
DIS-964477,BLUS,10,2026-06-08T18:01:02.000+05:45,2026-06-08T20:16:02.000+05:45,135,Driver shortage,high,Driver shortage affecting line 10 (high severity)
DIS-662218,TDTR,156,2026-05-21T04:46:48.000+05:45,2026-05-21T07:02:48.000+05:45,136,Diversion,medium,Diversion affecting line 156 (medium severity)
DIS-697834,SWWD,907,2026-07-03T21:12:22.000+05:45,2026-07-04T01:10:22.000+05:45,238,Vehicle breakdown,medium,Vehicle breakdown affecting line 907 (medium severity)
DIS-357153,SVCT,201,2026-06-06T19:46:46.000+05:45,2026-06-06T20:14:46.000+05:45,28,Traffic congestion,medium,Traffic congestion affecting line 201 (medium severity)
DIS-355759,UNIL,U1C,2026-05-13T15:13:58.000+05:45,2026-05-13T18:58:58.000+05:45,225,Driver shortage,medium,Driver shortage affecting line U1C (medium severity)
DIS-245254,UNIL,U2C,2026-06-14T08:57:21.000+05:45,2026-06-14T09:16:21.000+05:45,19,Accident on route,high,Accident on route affecting line U2C (high severity)
DIS-119084,SWWD,650,2026-06-30T20:14:54.000+05:45,2026-06-30T22:25:54.000+05:45,131,Road closure,high,Road closure affecting line 650 (high severity)
DIS-632943,SWWD,906,2026-05-24T21:45:57.000+05:45,2026-05-25T00:05:57.000+05:45,140,Diversion,high,Diversion affecting line 906 (high severity)
DIS-188430,TDTR,X46,2026-05-27T14:29:48.000+05:45,2026-05-27T15:47:48.000+05:45,78,Accident on route,medium,Accident on route affecting line X46 (medium severity)
DIS-376651,TDTR,1B,2026-05-20T03:26:03.000+05:45,2026-05-20T05:06:03.000+05:45,100,Severe weather,severe,Severe weather affecting line 1B (severe severity)
DIS-228563,BLUS,21,2026-06-17T07:22:22.000+05:45,2026-06-17T10:15:22.000+05:45,173,Severe weather,high,Severe weather affecting line 21 (high severity)
DIS-835049,WDBC,125,2026-07-12T03:38:31.000+05:45,2026-07-12T05:59:31.000+05:45,141,Roadworks,severe,Roadworks affecting line 125 (severe severity)
DIS-201477,WDBC,Q1,2026-05-27T13:01:53.000+05:45,2026-05-27T15:26:53.000+05:45,145,Diversion,low,Diversion affecting line Q1 (low severity)
DIS-337529,SWWD,88,2026-04-30T15:19:35.000+05:45,2026-04-30T16:10:35.000+05:45,51,Road closure,medium,Road closure affecting line 88 (medium severity)
DIS-784963,WDBC,24,2026-06-20T08:52:06.000+05:45,2026-06-20T12:15:06.000+05:45,203,Vehicle breakdown,low,Vehicle breakdown affecting line 24 (low severity)
DIS-289081,WDBC,125,2026-06-01T11:09:03.000+05:45,2026-06-01T14:56:03.000+05:45,227,Traffic congestion,medium,Traffic congestion affecting line 125 (medium severity)
DIS-607235,TDTR,42,2026-06-22T21:07:44.000+05:45,2026-06-23T01:06:44.000+05:45,239,Roadworks,high,Roadworks affecting line 42 (high severity)
DIS-195140,BLUS,N18,2026-06-01T20:41:42.000+05:45,2026-06-01T22:36:42.000+05:45,115,Driver shortage,severe,Driver shortage affecting line N18 (severe severity)
DIS-258911,SVCT,7,2026-04-27T06:51:24.000+05:45,2026-04-27T09:21:24.000+05:45,150,Roadworks,low,Roadworks affecting line 7 (low severity)
DIS-866240,BLUS,539,2026-05-12T05:17:33.000+05:45,2026-05-12T08:08:33.000+05:45,171,Severe weather,medium,Severe weather affecting line 539 (medium severity)
DIS-358845,WDBC,16,2026-07-01T16:44:41.000+05:45,2026-07-01T17:44:41.000+05:45,60,Road closure,high,Road closure affecting line 16 (high severity)
DIS-351437,SVCT,38,2026-06-10T15:42:11.000+05:45,2026-06-10T16:12:11.000+05:45,30,Accident on route,low,Accident on route affecting line 38 (low severity)
DIS-451745,WDBC,5,2026-05-07T16:41:42.000+05:45,2026-05-07T17:00:42.000+05:45,19,Vehicle breakdown,low,Vehicle breakdown affecting line 5 (low severity)
DIS-150155,WDBC,17,2026-06-12T12:07:22.000+05:45,2026-06-12T12:42:22.000+05:45,35,Vehicle breakdown,medium,Vehicle breakdown affecting line 17 (medium severity)
DIS-377491,WDBC,16,2026-05-18T22:33:50.000+05:45,2026-05-18T22:43:50.000+05:45,10,Traffic congestion,severe,Traffic congestion affecting line 16 (severe severity)
DIS-710438,BLUS,504,2026-05-20T11:28:36.000+05:45,2026-05-20T13:20:36.000+05:45,112,Accident on route,severe,Accident on route affecting line 504 (severe severity)
DIS-229244,DAMY,X8,2026-06-21T21:49:28.000+05:45,2026-06-21T22:36:28.000+05:45,47,Roadworks,medium,Roadworks affecting line X8 (medium severity)
DIS-782044,BLUS,503,2026-05-04T20:57:51.000+05:45,2026-05-05T00:03:51.000+05:45,186,Traffic congestion,low,Traffic congestion affecting line 503 (low severity)
DIS-804280,TDTR,23,2026-05-16T13:04:44.000+05:45,2026-05-16T15:02:44.000+05:45,118,Driver shortage,high,Driver shortage affecting line 23 (high severity)
DIS-650799,BLUS,61,2026-06-06T00:26:45.000+05:45,2026-06-06T01:30:45.000+05:45,64,Road closure,medium,Road closure affecting line 61 (medium severity)
DIS-691795,TDTR,158,2026-05-02T02:10:04.000+05:45,2026-05-02T03:39:04.000+05:45,89,Planned engineering works,severe,Planned engineering works affecting line 158 (severe severity)
DIS-560010,TDTR,155,2026-05-12T11:20:35.000+05:45,2026-05-12T13:21:35.000+05:45,121,Severe weather,high,Severe weather affecting line 155 (high severity)
DIS-897062,BLUS,14,2026-04-22T00:45:15.000+05:45,2026-04-22T01:55:15.000+05:45,70,Vehicle breakdown,severe,Vehicle breakdown affecting line 14 (severe severity)
DIS-413808,TDTR,9,2026-06-23T09:34:52.000+05:45,2026-06-23T12:30:52.000+05:45,176,Diversion,severe,Diversion affecting line 9 (severe severity)
DIS-952704,DAMY,X8,2026-04-26T11:11:23.000+05:45,2026-04-26T13:35:23.000+05:45,144,Severe weather,medium,Severe weather affecting line X8 (medium severity)
DIS-926763,WDBC,25,2026-06-21T19:30:14.000+05:45,2026-06-21T22:42:14.000+05:45,192,Planned engineering works,high,Planned engineering works affecting line 25 (high severity)
DIS-388647,WDBC,17,2026-05-21T20:32:18.000+05:45,2026-05-21T23:28:18.000+05:45,176,Planned engineering works,medium,Planned engineering works affecting line 17 (medium severity)
DIS-276911,SWWD,R1,2026-07-09T13:44:18.000+05:45,2026-07-09T15:53:18.000+05:45,129,Planned engineering works,severe,Planned engineering works affecting line R1 (severe severity)
DIS-358879,SWWD,929,2026-05-16T16:13:39.000+05:45,2026-05-16T19:38:39.000+05:45,205,Diversion,medium,Diversion affecting line 929 (medium severity)
DIS-432155,WDBC,38,2026-07-04T07:22:34.000+05:45,2026-07-04T08:26:34.000+05:45,64,Road closure,low,Road closure affecting line 38 (low severity)
DIS-482593,SWWD,907,2026-06-14T21:35:15.000+05:45,2026-06-15T00:05:15.000+05:45,150,Traffic congestion,high,Traffic congestion affecting line 907 (high severity)
DIS-297017,WDBC,86,2026-05-27T14:01:31.000+05:45,2026-05-27T16:08:31.000+05:45,127,Severe weather,low,Severe weather affecting line 86 (low severity)
DIS-851357,SVCT,12,2026-06-26T04:26:49.000+05:45,2026-06-26T06:13:49.000+05:45,107,Severe weather,high,Severe weather affecting line 12 (high severity)
DIS-153389,WDBC,120,2026-06-12T16:28:04.000+05:45,2026-06-12T16:56:04.000+05:45,28,Driver shortage,low,Driver shortage affecting line 120 (low severity)
DIS-858579,BLUS,538,2026-06-08T17:52:09.000+05:45,2026-06-08T18:10:09.000+05:45,18,Severe weather,severe,Severe weather affecting line 538 (severe severity)
DIS-778067,TDTR,1B,2026-05-29T01:37:13.000+05:45,2026-05-29T04:40:13.000+05:45,183,Road closure,medium,Road closure affecting line 1B (medium severity)
DIS-949224,SWWD,907,2026-06-04T17:01:50.000+05:45,2026-06-04T20:16:50.000+05:45,195,Roadworks,high,Roadworks affecting line 907 (high severity)
DIS-708915,SWWD,987,2026-04-21T12:01:39.000+05:45,2026-04-21T15:53:39.000+05:45,232,Diversion,severe,Diversion affecting line 987 (severe severity)
DIS-231360,SWWD,937,2026-05-19T01:12:09.000+05:45,2026-05-19T02:55:09.000+05:45,103,Severe weather,medium,Severe weather affecting line 937 (medium severity)
DIS-686165,DAMY,20,2026-05-29T12:50:33.000+05:45,2026-05-29T16:06:33.000+05:45,196,Severe weather,low,Severe weather affecting line 20 (low severity)
DIS-726246,WDBC,1A,2026-07-04T08:41:23.000+05:45,2026-07-04T10:03:23.000+05:45,82,Severe weather,medium,Severe weather affecting line 1A (medium severity)
DIS-582685,BLUS,61,2026-07-08T16:00:23.000+05:45,2026-07-08T18:50:23.000+05:45,170,Accident on route,low,Accident on route affecting line 61 (low severity)
DIS-326761,SWWD,8,2026-04-22T14:35:45.000+05:45,2026-04-22T16:35:45.000+05:45,120,Traffic congestion,low,Traffic congestion affecting line 8 (low severity)
DIS-271625,SWWD,927,2026-06-16T17:20:45.000+05:45,2026-06-16T19:54:45.000+05:45,154,Road closure,high,Road closure affecting line 927 (high severity)
DIS-921549,SWWD,X2,2026-05-20T18:14:25.000+05:45,2026-05-20T20:03:25.000+05:45,109,Traffic congestion,severe,Traffic congestion affecting line X2 (severe severity)
DIS-371206,UNIL,U1A,2026-05-25T23:31:36.000+05:45,2026-05-26T02:11:36.000+05:45,160,Road closure,medium,Road closure affecting line U1A (medium severity)
DIS-596939,WDBC,940,2026-05-04T13:21:44.000+05:45,2026-05-04T14:25:44.000+05:45,64,Road closure,medium,Road closure affecting line 940 (medium severity)
DIS-645794,TDTR,1A,2026-05-12T09:43:26.000+05:45,2026-05-12T11:25:26.000+05:45,102,Traffic congestion,high,Traffic congestion affecting line 1A (high severity)
DIS-440200,SVCT,8,2026-06-26T01:40:15.000+05:45,2026-06-26T02:57:15.000+05:45,77,Road closure,severe,Road closure affecting line 8 (severe severity)
DIS-869146,TDTR,9,2026-05-02T11:28:19.000+05:45,2026-05-02T14:33:19.000+05:45,185,Driver shortage,high,Driver shortage affecting line 9 (high severity)
DIS-113211,TDTR,920,2026-07-02T06:38:40.000+05:45,2026-07-02T07:43:40.000+05:45,65,Severe weather,low,Severe weather affecting line 920 (low severity)
DIS-622231,UNIL,U1A,2026-07-05T03:45:28.000+05:45,2026-07-05T04:15:28.000+05:45,30,Diversion,medium,Diversion affecting line U1A (medium severity)
DIS-205348,WDBC,17,2026-06-15T12:55:52.000+05:45,2026-06-15T16:41:52.000+05:45,226,Driver shortage,severe,Driver shortage affecting line 17 (severe severity)
DIS-115886,BLUS,504,2026-06-28T06:45:50.000+05:45,2026-06-28T09:15:50.000+05:45,150,Driver shortage,low,Driver shortage affecting line 504 (low severity)
DIS-745946,WDBC,16,2026-06-17T19:35:42.000+05:45,2026-06-17T23:21:42.000+05:45,226,Driver shortage,medium,Driver shortage affecting line 16 (medium severity)
DIS-337520,SQ,TB1,2026-05-09T19:45:04.000+05:45,2026-05-09T20:03:04.000+05:45,18,Diversion,high,Diversion affecting line TB1 (high severity)
DIS-184170,WDBC,112,2026-04-25T23:35:29.000+05:45,2026-04-26T03:23:29.000+05:45,228,Severe weather,severe,Severe weather affecting line 112 (severe severity)
DIS-389633,TDTR,22,2026-05-19T03:36:55.000+05:45,2026-05-19T07:20:55.000+05:45,224,Severe weather,severe,Severe weather affecting line 22 (severe severity)
DIS-865477,WDBC,NFR,2026-04-29T21:32:40.000+05:45,2026-04-29T22:17:40.000+05:45,45,Roadworks,medium,Roadworks affecting line NFR (medium severity)
DIS-132314,BLUS,PR1,2026-06-09T00:07:06.000+05:45,2026-06-09T03:35:06.000+05:45,208,Vehicle breakdown,severe,Vehicle breakdown affecting line PR1 (severe severity)
DIS-643595,BLUS,3,2026-07-16T00:37:01.000+05:45,2026-07-16T03:42:01.000+05:45,185,Vehicle breakdown,severe,Vehicle breakdown affecting line 3 (severe severity)
DIS-628660,WDBC,m2,2026-05-21T14:46:46.000+05:45,2026-05-21T16:43:46.000+05:45,117,Severe weather,severe,Severe weather affecting line m2 (severe severity)
DIS-394293,TDTR,R24,2026-06-08T10:07:29.000+05:45,2026-06-08T12:05:29.000+05:45,118,Planned engineering works,low,Planned engineering works affecting line R24 (low severity)
DIS-467982,SWWD,8,2026-04-24T21:22:39.000+05:45,2026-04-24T22:53:39.000+05:45,91,Accident on route,medium,Accident on route affecting line 8 (medium severity)
DIS-601775,SWWD,X5,2026-07-13T06:19:22.000+05:45,2026-07-13T09:26:22.000+05:45,187,Roadworks,high,Roadworks affecting line X5 (high severity)
DIS-939186,SWWD,625,2026-07-18T16:54:22.000+05:45,2026-07-18T20:29:22.000+05:45,215,Traffic congestion,severe,Traffic congestion affecting line 625 (severe severity)
DIS-598917,WDBC,13,2026-07-21T00:04:24.000+05:45,2026-07-21T03:26:24.000+05:45,202,Accident on route,low,Accident on route affecting line 13 (low severity)
DIS-369953,BLUS,18,2026-04-26T21:26:01.000+05:45,2026-04-26T23:16:01.000+05:45,110,Vehicle breakdown,severe,Vehicle breakdown affecting line 18 (severe severity)
DIS-943535,WDBC,1C,2026-05-29T13:22:59.000+05:45,2026-05-29T15:52:59.000+05:45,150,Roadworks,severe,Roadworks affecting line 1C (severe severity)
DIS-464247,SVCT,SL,2026-07-07T05:07:02.000+05:45,2026-07-07T08:16:02.000+05:45,189,Severe weather,medium,Severe weather affecting line SL (medium severity)
DIS-878626,SWWD,101,2026-04-23T18:10:07.000+05:45,2026-04-23T21:00:07.000+05:45,170,Roadworks,severe,Roadworks affecting line 101 (severe severity)
DIS-117541,WDBC,50,2026-06-23T00:39:04.000+05:45,2026-06-23T02:18:04.000+05:45,99,Diversion,severe,Diversion affecting line 50 (severe severity)
DIS-331385,SWWD,R14,2026-05-30T16:12:29.000+05:45,2026-05-30T19:20:29.000+05:45,188,Accident on route,high,Accident on route affecting line R14 (high severity)
DIS-298675,WDBC,26,2026-05-13T22:18:15.000+05:45,2026-05-14T01:04:15.000+05:45,166,Road closure,high,Road closure affecting line 26 (high severity)
DIS-940716,SVCT,38,2026-05-28T13:01:25.000+05:45,2026-05-28T15:52:25.000+05:45,171,Road closure,high,Road closure affecting line 38 (high severity)
DIS-858820,WDBC,737,2026-07-07T00:27:32.000+05:45,2026-07-07T02:48:32.000+05:45,141,Road closure,high,Road closure affecting line 737 (high severity)
DIS-225680,WDBC,1A,2026-06-10T07:31:06.000+05:45,2026-06-10T10:17:06.000+05:45,166,Road closure,high,Road closure affecting line 1A (high severity)
DIS-466960,WDBC,86,2026-04-27T17:17:40.000+05:45,2026-04-27T17:41:40.000+05:45,24,Roadworks,medium,Roadworks affecting line 86 (medium severity)
DIS-665205,BLUS,5,2026-06-25T01:40:46.000+05:45,2026-06-25T05:32:46.000+05:45,232,Traffic congestion,low,Traffic congestion affecting line 5 (low severity)
DIS-524954,SWWD,R8,2026-05-26T13:04:14.000+05:45,2026-05-26T16:16:14.000+05:45,192,Driver shortage,severe,Driver shortage affecting line R8 (severe severity)
DIS-285638,WDBC,7B,2026-06-02T08:12:31.000+05:45,2026-06-02T11:11:31.000+05:45,179,Diversion,high,Diversion affecting line 7B (high severity)
DIS-594075,WDBC,940,2026-06-06T06:17:28.000+05:45,2026-06-06T08:38:28.000+05:45,141,Diversion,high,Diversion affecting line 940 (high severity)
DIS-863749,TDTR,156,2026-05-02T01:50:54.000+05:45,2026-05-02T02:08:54.000+05:45,18,Diversion,medium,Diversion affecting line 156 (medium severity)
DIS-632900,SWWD,ST,2026-06-16T03:51:40.000+05:45,2026-06-16T05:28:40.000+05:45,97,Planned engineering works,low,Planned engineering works affecting line ST (low severity)
DIS-835288,UNIL,U2B,2026-05-17T07:51:25.000+05:45,2026-05-17T11:43:25.000+05:45,232,Accident on route,low,Accident on route affecting line U2B (low severity)
DIS-583091,WDBC,744,2026-06-07T04:49:26.000+05:45,2026-06-07T07:04:26.000+05:45,135,Severe weather,severe,Severe weather affecting line 744 (severe severity)
DIS-582220,UNIL,U2B,2026-06-28T23:19:59.000+05:45,2026-06-29T01:54:59.000+05:45,155,Driver shortage,low,Driver shortage affecting line U2B (low severity)
DIS-203789,WDBC,940,2026-07-10T16:05:03.000+05:45,2026-07-10T19:39:03.000+05:45,214,Vehicle breakdown,low,Vehicle breakdown affecting line 940 (low severity)
DIS-750819,SWWD,927,2026-04-24T12:08:16.000+05:45,2026-04-24T12:31:16.000+05:45,23,Planned engineering works,high,Planned engineering works affecting line 927 (high severity)
DIS-731037,WDBC,941,2026-05-24T01:43:39.000+05:45,2026-05-24T02:10:39.000+05:45,27,Traffic congestion,medium,Traffic congestion affecting line 941 (medium severity)
DIS-662442,BLUS,11,2026-07-04T12:13:18.000+05:45,2026-07-04T12:35:18.000+05:45,22,Planned engineering works,low,Planned engineering works affecting line 11 (low severity)
DIS-405988,BLUS,QC,2026-05-20T21:42:26.000+05:45,2026-05-20T22:21:26.000+05:45,39,Planned engineering works,low,Planned engineering works affecting line QC (low severity)
DIS-461716,BLUS,8,2026-06-24T14:37:22.000+05:45,2026-06-24T18:15:22.000+05:45,218,Traffic congestion,medium,Traffic congestion affecting line 8 (medium severity)
DIS-577417,WDBC,26,2026-05-05T03:01:37.000+05:45,2026-05-05T05:02:37.000+05:45,121,Accident on route,low,Accident on route affecting line 26 (low severity)
DIS-435362,SWWD,88,2026-04-28T02:38:33.000+05:45,2026-04-28T03:11:33.000+05:45,33,Traffic congestion,severe,Traffic congestion affecting line 88 (severe severity)
DIS-272115,SWWD,MHDRT,2026-06-26T15:50:17.000+05:45,2026-06-26T17:41:17.000+05:45,111,Roadworks,medium,Roadworks affecting line MHDRT (medium severity)
DIS-759263,SWWD,25,2026-07-14T15:15:18.000+05:45,2026-07-14T15:44:18.000+05:45,29,Severe weather,low,Severe weather affecting line 25 (low severity)
DIS-425686,SWWD,929,2026-05-09T22:52:56.000+05:45,2026-05-09T23:32:56.000+05:45,40,Accident on route,medium,Accident on route affecting line 929 (medium severity)
DIS-379662,UNIL,U1C,2026-05-25T20:34:33.000+05:45,2026-05-25T23:27:33.000+05:45,173,Road closure,low,Road closure affecting line U1C (low severity)
DIS-904254,WDBC,7B,2026-05-26T16:02:11.000+05:45,2026-05-26T17:54:11.000+05:45,112,Driver shortage,low,Driver shortage affecting line 7B (low severity)
DIS-881979,WDBC,33,2026-04-21T00:50:25.000+05:45,2026-04-21T02:48:25.000+05:45,118,Vehicle breakdown,medium,Vehicle breakdown affecting line 33 (medium severity)
DIS-974763,SWWD,2,2026-05-17T05:38:47.000+05:45,2026-05-17T09:09:47.000+05:45,211,Accident on route,severe,Accident on route affecting line 2 (severe severity)
DIS-916377,DAMY,5,2026-05-21T09:54:53.000+05:45,2026-05-21T11:26:53.000+05:45,92,Planned engineering works,severe,Planned engineering works affecting line 5 (severe severity)
DIS-126419,BLUS,538,2026-07-06T14:32:51.000+05:45,2026-07-06T17:55:51.000+05:45,203,Diversion,high,Diversion affecting line 538 (high severity)
DIS-831142,SWWD,R1,2026-05-11T05:56:12.000+05:45,2026-05-11T06:53:12.000+05:45,57,Roadworks,low,Roadworks affecting line R1 (low severity)
DIS-284039,WDBC,4,2026-07-02T16:45:29.000+05:45,2026-07-02T17:40:29.000+05:45,55,Severe weather,low,Severe weather affecting line 4 (low severity)
DIS-131252,WDBC,U3,2026-06-02T21:06:38.000+05:45,2026-06-02T22:27:38.000+05:45,81,Severe weather,low,Severe weather affecting line U3 (low severity)
DIS-498489,BLUS,539,2026-05-01T11:27:15.000+05:45,2026-05-01T13:19:15.000+05:45,112,Vehicle breakdown,high,Vehicle breakdown affecting line 539 (high severity)
DIS-629701,SWWD,603,2026-07-20T23:13:17.000+05:45,2026-07-21T02:37:17.000+05:45,204,Accident on route,medium,Accident on route affecting line 603 (medium severity)
DIS-258520,SWWD,2,2026-06-23T06:05:44.000+05:45,2026-06-23T08:43:44.000+05:45,158,Roadworks,severe,Roadworks affecting line 2 (severe severity)
DIS-762959,SWWD,929,2026-07-05T19:10:38.000+05:45,2026-07-05T19:24:38.000+05:45,14,Diversion,severe,Diversion affecting line 929 (severe severity)
DIS-774149,SWWD,X7R,2026-05-03T22:28:13.000+05:45,2026-05-04T01:47:13.000+05:45,199,Traffic congestion,high,Traffic congestion affecting line X7R (high severity)
DIS-983338,WDBC,898,2026-07-04T11:10:00.000+05:45,2026-07-04T14:53:00.000+05:45,223,Vehicle breakdown,severe,Vehicle breakdown affecting line 898 (severe severity)
DIS-388828,BLUS,19a,2026-06-20T08:51:08.000+05:45,2026-06-20T10:56:08.000+05:45,125,Traffic congestion,high,Traffic congestion affecting line 19a (high severity)
DIS-879804,TDTR,NW2,2026-07-01T01:29:58.000+05:45,2026-07-01T01:53:58.000+05:45,24,Roadworks,low,Roadworks affecting line NW2 (low severity)
DIS-687337,SVCT,213,2026-05-11T15:14:29.000+05:45,2026-05-11T16:11:29.000+05:45,57,Vehicle breakdown,severe,Vehicle breakdown affecting line 213 (severe severity)
DIS-948837,SWWD,D2,2026-05-18T23:49:44.000+05:45,2026-05-19T03:02:44.000+05:45,193,Accident on route,medium,Accident on route affecting line D2 (medium severity)
DIS-948699,BLUS,757,2026-06-03T17:56:02.000+05:45,2026-06-03T19:14:02.000+05:45,78,Vehicle breakdown,medium,Vehicle breakdown affecting line 757 (medium severity)
DIS-556903,WDBC,7B,2026-05-06T21:05:23.000+05:45,2026-05-06T22:11:23.000+05:45,66,Driver shortage,low,Driver shortage affecting line 7B (low severity)
DIS-125413,WDBC,16,2026-04-26T09:14:35.000+05:45,2026-04-26T12:07:35.000+05:45,173,Diversion,severe,Diversion affecting line 16 (severe severity)
DIS-926883,SWWD,907,2026-04-27T19:45:20.000+05:45,2026-04-27T20:49:20.000+05:45,64,Traffic congestion,medium,Traffic congestion affecting line 907 (medium severity)
DIS-837449,DAMY,CR7,2026-05-22T01:14:38.000+05:45,2026-05-22T04:32:38.000+05:45,198,Diversion,low,Diversion affecting line CR7 (low severity)
DIS-749719,BLUS,15,2026-06-23T15:10:22.000+05:45,2026-06-23T18:00:22.000+05:45,170,Driver shortage,severe,Driver shortage affecting line 15 (severe severity)
DIS-178396,SWWD,PR7,2026-04-26T18:34:18.000+05:45,2026-04-26T19:49:18.000+05:45,75,Severe weather,severe,Severe weather affecting line PR7 (severe severity)
DIS-235330,UNIL,U6H,2026-04-23T00:13:34.000+05:45,2026-04-23T01:06:34.000+05:45,53,Traffic congestion,medium,Traffic congestion affecting line U6H (medium severity)
DIS-840860,WDBC,A,2026-07-17T04:04:09.000+05:45,2026-07-17T07:32:09.000+05:45,208,Accident on route,high,Accident on route affecting line A (high severity)
DIS-360649,WDBC,50,2026-04-22T13:27:26.000+05:45,2026-04-22T15:14:26.000+05:45,107,Driver shortage,severe,Driver shortage affecting line 50 (severe severity)
DIS-202896,WDBC,120,2026-06-22T14:18:43.000+05:45,2026-06-22T15:51:43.000+05:45,93,Planned engineering works,low,Planned engineering works affecting line 120 (low severity)
DIS-326322,SWWD,663,2026-06-27T13:14:30.000+05:45,2026-06-27T17:13:30.000+05:45,239,Vehicle breakdown,high,Vehicle breakdown affecting line 663 (high severity)
DIS-789909,SWWD,D3,2026-05-31T01:34:15.000+05:45,2026-05-31T02:47:15.000+05:45,73,Traffic congestion,high,Traffic congestion affecting line D3 (high severity)
DIS-441127,SQ,TW2,2026-05-31T06:45:02.000+05:45,2026-05-31T10:35:02.000+05:45,230,Roadworks,medium,Roadworks affecting line TW2 (medium severity)
DIS-568421,SWWD,650,2026-05-06T18:08:24.000+05:45,2026-05-06T20:29:24.000+05:45,141,Accident on route,medium,Accident on route affecting line 650 (medium severity)
DIS-283960,SWWD,37,2026-07-21T00:34:06.000+05:45,2026-07-21T01:45:06.000+05:45,71,Planned engineering works,medium,Planned engineering works affecting line 37 (medium severity)
DIS-973308,WDBC,737,2026-06-07T20:45:46.000+05:45,2026-06-07T23:14:46.000+05:45,149,Accident on route,high,Accident on route affecting line 737 (high severity)
DIS-627602,TDTR,842,2026-06-24T13:25:51.000+05:45,2026-06-24T14:17:51.000+05:45,52,Traffic congestion,low,Traffic congestion affecting line 842 (low severity)
DIS-771703,WDBC,125,2026-06-06T03:27:12.000+05:45,2026-06-06T06:52:12.000+05:45,205,Severe weather,low,Severe weather affecting line 125 (low severity)
DIS-235738,DAMY,CR7,2026-06-11T22:46:33.000+05:45,2026-06-12T02:15:33.000+05:45,209,Road closure,severe,Road closure affecting line CR7 (severe severity)
DIS-312913,WDBC,17,2026-06-02T15:13:47.000+05:45,2026-06-02T17:02:47.000+05:45,109,Road closure,severe,Road closure affecting line 17 (severe severity)
DIS-462673,TDTR,159,2026-05-09T19:09:08.000+05:45,2026-05-09T22:27:08.000+05:45,198,Road closure,medium,Road closure affecting line 159 (medium severity)
DIS-402661,TDTR,1A,2026-06-25T06:09:10.000+05:45,2026-06-25T06:57:10.000+05:45,48,Vehicle breakdown,high,Vehicle breakdown affecting line 1A (high severity)
DIS-779110,WDBC,Q1,2026-07-15T02:49:18.000+05:45,2026-07-15T03:08:18.000+05:45,19,Traffic congestion,medium,Traffic congestion affecting line Q1 (medium severity)
DIS-449877,SVCT,213,2026-05-19T12:52:06.000+05:45,2026-05-19T15:32:06.000+05:45,160,Diversion,high,Diversion affecting line 213 (high severity)
DIS-440220,UNIL,U2B,2026-05-24T18:58:34.000+05:45,2026-05-24T21:20:34.000+05:45,142,Roadworks,high,Roadworks affecting line U2B (high severity)
DIS-953813,WDBC,13,2026-05-17T22:58:57.000+05:45,2026-05-17T23:54:57.000+05:45,56,Driver shortage,severe,Driver shortage affecting line 13 (severe severity)
DIS-470395,WDBC,25,2026-06-09T08:46:22.000+05:45,2026-06-09T09:42:22.000+05:45,56,Traffic congestion,low,Traffic congestion affecting line 25 (low severity)
DIS-702262,TDTR,159,2026-07-09T21:55:26.000+05:45,2026-07-10T00:47:26.000+05:45,172,Driver shortage,low,Driver shortage affecting line 159 (low severity)
DIS-938853,SVCT,63,2026-06-26T05:51:55.000+05:45,2026-06-26T09:03:55.000+05:45,192,Planned engineering works,high,Planned engineering works affecting line 63 (high severity)
DIS-771400,SVCT,209,2026-05-04T17:08:47.000+05:45,2026-05-04T19:51:47.000+05:45,163,Road closure,medium,Road closure affecting line 209 (medium severity)
DIS-307305,DAMY,X8,2026-04-24T12:17:30.000+05:45,2026-04-24T13:21:30.000+05:45,64,Accident on route,severe,Accident on route affecting line X8 (severe severity)
DIS-882677,SVCT,39,2026-06-06T03:15:07.000+05:45,2026-06-06T04:52:07.000+05:45,97,Road closure,low,Road closure affecting line 39 (low severity)
DIS-429823,WDBC,X3,2026-05-23T10:13:19.000+05:45,2026-05-23T10:33:19.000+05:45,20,Driver shortage,medium,Driver shortage affecting line X3 (medium severity)
DIS-247658,TDTR,920,2026-06-01T15:52:18.000+05:45,2026-06-01T18:17:18.000+05:45,145,Severe weather,high,Severe weather affecting line 920 (high severity)
DIS-757467,TDTR,17,2026-06-10T12:07:19.000+05:45,2026-06-10T14:07:19.000+05:45,120,Severe weather,severe,Severe weather affecting line 17 (severe severity)
DIS-219975,SVCT,TNB,2026-05-15T21:26:02.000+05:45,2026-05-15T23:10:02.000+05:45,104,Planned engineering works,high,Planned engineering works affecting line TNB (high severity)
DIS-943322,SWWD,603,2026-06-27T19:01:16.000+05:45,2026-06-27T20:46:16.000+05:45,105,Vehicle breakdown,medium,Vehicle breakdown affecting line 603 (medium severity)
DIS-398835,TDTR,SSS,2026-07-01T13:19:05.000+05:45,2026-07-01T17:17:05.000+05:45,238,Planned engineering works,high,Planned engineering works affecting line SSS (high severity)
DIS-908594,UNIL,U6C,2026-05-17T21:44:59.000+05:45,2026-05-18T01:02:59.000+05:45,198,Accident on route,medium,Accident on route affecting line U6C (medium severity)
DIS-104506,SVCT,204,2026-07-12T17:23:53.000+05:45,2026-07-12T21:04:53.000+05:45,221,Planned engineering works,high,Planned engineering works affecting line 204 (high severity)
DIS-597737,UNIL,U1C,2026-04-28T14:47:10.000+05:45,2026-04-28T15:57:10.000+05:45,70,Diversion,medium,Diversion affecting line U1C (medium severity)
DIS-737604,UNIL,U6C,2026-05-14T06:17:51.000+05:45,2026-05-14T08:50:51.000+05:45,153,Road closure,high,Road closure affecting line U6C (high severity)
DIS-602655,TDTR,16,2026-05-30T11:16:05.000+05:45,2026-05-30T11:52:05.000+05:45,36,Driver shortage,severe,Driver shortage affecting line 16 (severe severity)
DIS-141527,WDBC,20,2026-06-17T16:03:34.000+05:45,2026-06-17T18:56:34.000+05:45,173,Traffic congestion,severe,Traffic congestion affecting line 20 (severe severity)
DIS-997283,WDBC,24,2026-05-18T19:59:47.000+05:45,2026-05-18T22:52:47.000+05:45,173,Traffic congestion,severe,Traffic congestion affecting line 24 (severe severity)
DIS-612262,TDTR,NW2,2026-05-10T20:10:12.000+05:45,2026-05-10T22:07:12.000+05:45,117,Traffic congestion,medium,Traffic congestion affecting line NW2 (medium severity)
DIS-446123,SVCT,38,2026-06-13T09:38:46.000+05:45,2026-06-13T13:05:46.000+05:45,207,Road closure,high,Road closure affecting line 38 (high severity)
DIS-441401,BLUS,15,2026-06-08T14:58:29.000+05:45,2026-06-08T15:49:29.000+05:45,51,Severe weather,severe,Severe weather affecting line 15 (severe severity)
DIS-251785,SVCT,SL,2026-05-09T22:41:23.000+05:45,2026-05-10T01:35:23.000+05:45,174,Accident on route,low,Accident on route affecting line SL (low severity)
DIS-850030,SWWD,PR15,2026-07-17T06:41:30.000+05:45,2026-07-17T08:51:30.000+05:45,130,Vehicle breakdown,high,Vehicle breakdown affecting line PR15 (high severity)
DIS-676489,WDBC,18,2026-07-01T22:08:44.000+05:45,2026-07-01T23:29:44.000+05:45,81,Planned engineering works,medium,Planned engineering works affecting line 18 (medium severity)
DIS-375300,DAMY,6,2026-04-28T14:20:19.000+05:45,2026-04-28T17:05:19.000+05:45,165,Accident on route,severe,Accident on route affecting line 6 (severe severity)
DIS-154688,TDTR,X76,2026-06-14T20:28:37.000+05:45,2026-06-14T20:51:37.000+05:45,23,Traffic congestion,severe,Traffic congestion affecting line X76 (severe severity)
DIS-413959,SWWD,X2,2026-07-15T14:45:12.000+05:45,2026-07-15T18:16:12.000+05:45,211,Severe weather,severe,Severe weather affecting line X2 (severe severity)
DIS-893779,WDBC,762,2026-05-16T11:56:21.000+05:45,2026-05-16T13:54:21.000+05:45,118,Driver shortage,medium,Driver shortage affecting line 762 (medium severity)
DIS-707013,WDBC,30,2026-05-25T19:56:10.000+05:45,2026-05-25T23:50:10.000+05:45,234,Vehicle breakdown,medium,Vehicle breakdown affecting line 30 (medium severity)
DIS-746654,WDBC,8,2026-06-14T05:27:52.000+05:45,2026-06-14T05:40:52.000+05:45,13,Severe weather,severe,Severe weather affecting line 8 (severe severity)
DIS-320030,TDTR,X76,2026-05-03T20:30:30.000+05:45,2026-05-03T21:26:30.000+05:45,56,Planned engineering works,high,Planned engineering works affecting line X76 (high severity)
DIS-455495,TDTR,158,2026-07-06T21:13:36.000+05:45,2026-07-06T21:24:36.000+05:45,11,Traffic congestion,medium,Traffic congestion affecting line 158 (medium severity)
DIS-628266,TDTR,42,2026-07-16T06:58:20.000+05:45,2026-07-16T09:04:20.000+05:45,126,Road closure,severe,Road closure affecting line 42 (severe severity)
DIS-968717,BLUS,PRH,2026-05-28T06:14:57.000+05:45,2026-05-28T06:53:57.000+05:45,39,Driver shortage,low,Driver shortage affecting line PRH (low severity)
DIS-461470,SVCT,8,2026-07-14T16:20:22.000+05:45,2026-07-14T18:31:22.000+05:45,131,Traffic congestion,high,Traffic congestion affecting line 8 (high severity)
DIS-209327,SWWD,906,2026-06-25T22:02:08.000+05:45,2026-06-26T00:37:08.000+05:45,155,Road closure,medium,Road closure affecting line 906 (medium severity)
DIS-633165,SVCT,206,2026-05-08T00:10:51.000+05:45,2026-05-08T00:36:51.000+05:45,26,Severe weather,high,Severe weather affecting line 206 (high severity)
DIS-658811,BLUS,503,2026-07-07T17:51:10.000+05:45,2026-07-07T18:47:10.000+05:45,56,Diversion,high,Diversion affecting line 503 (high severity)
DIS-213285,SWWD,X7R,2026-05-31T09:57:25.000+05:45,2026-05-31T11:53:25.000+05:45,116,Severe weather,low,Severe weather affecting line X7R (low severity)
DIS-121753,SQ,TB1,2026-04-24T02:51:41.000+05:45,2026-04-24T04:09:41.000+05:45,78,Accident on route,severe,Accident on route affecting line TB1 (severe severity)
DIS-244299,BLUS,13,2026-06-08T07:07:50.000+05:45,2026-06-08T09:47:50.000+05:45,160,Diversion,medium,Diversion affecting line 13 (medium severity)
DIS-193226,WDBC,L3,2026-06-15T04:31:28.000+05:45,2026-06-15T07:04:28.000+05:45,153,Roadworks,medium,Roadworks affecting line L3 (medium severity)
DIS-649831,TDTR,NW2,2026-06-07T10:48:53.000+05:45,2026-06-07T13:53:53.000+05:45,185,Traffic congestion,medium,Traffic congestion affecting line NW2 (medium severity)
DIS-418798,SVCT,59,2026-06-20T18:40:54.000+05:45,2026-06-20T20:32:54.000+05:45,112,Accident on route,low,Accident on route affecting line 59 (low severity)
DIS-368443,TDTR,R24,2026-05-16T14:50:15.000+05:45,2026-05-16T18:10:15.000+05:45,200,Accident on route,medium,Accident on route affecting line R24 (medium severity)
DIS-580311,SVCT,214,2026-06-23T19:22:02.000+05:45,2026-06-23T20:54:02.000+05:45,92,Traffic congestion,low,Traffic congestion affecting line 214 (low severity)
DIS-379667,WDBC,NFR,2026-06-10T23:06:20.000+05:45,2026-06-11T01:39:20.000+05:45,153,Traffic congestion,low,Traffic congestion affecting line NFR (low severity)
DIS-218961,WDBC,30,2026-06-07T22:06:52.000+05:45,2026-06-07T22:51:52.000+05:45,45,Traffic congestion,severe,Traffic congestion affecting line 30 (severe severity)
DIS-106287,BLUS,539,2026-06-07T19:23:14.000+05:45,2026-06-07T23:14:14.000+05:45,231,Severe weather,severe,Severe weather affecting line 539 (severe severity)
DIS-280726,WDBC,33,2026-05-17T17:54:20.000+05:45,2026-05-17T20:05:20.000+05:45,131,Road closure,low,Road closure affecting line 33 (low severity)
DIS-575000,TDTR,152,2026-06-04T03:27:05.000+05:45,2026-06-04T06:39:05.000+05:45,192,Driver shortage,medium,Driver shortage affecting line 152 (medium severity)
DIS-205069,BLUS,PRH,2026-06-10T22:35:40.000+05:45,2026-06-11T00:46:40.000+05:45,131,Diversion,medium,Diversion affecting line PRH (medium severity)
DIS-448128,WDBC,NFB,2026-06-08T01:38:49.000+05:45,2026-06-08T03:09:49.000+05:45,91,Vehicle breakdown,medium,Vehicle breakdown affecting line NFB (medium severity)
DIS-444407,SWWD,926,2026-05-07T20:14:23.000+05:45,2026-05-07T22:56:23.000+05:45,162,Accident on route,medium,Accident on route affecting line 926 (medium severity)
DIS-179428,TDTR,23,2026-06-09T19:08:00.000+05:45,2026-06-09T19:59:00.000+05:45,51,Vehicle breakdown,medium,Vehicle breakdown affecting line 23 (medium severity)
DIS-633557,WDBC,40,2026-06-18T10:04:44.000+05:45,2026-06-18T14:02:44.000+05:45,238,Traffic congestion,severe,Traffic congestion affecting line 40 (severe severity)
DIS-526563,TDTR,12,2026-06-17T16:01:14.000+05:45,2026-06-17T16:36:14.000+05:45,35,Traffic congestion,high,Traffic congestion affecting line 12 (high severity)
DIS-517986,SVCT,TNB,2026-04-23T00:35:06.000+05:45,2026-04-23T01:10:06.000+05:45,35,Diversion,medium,Diversion affecting line TNB (medium severity)
DIS-660464,WDBC,193,2026-05-11T09:26:47.000+05:45,2026-05-11T12:19:47.000+05:45,173,Road closure,low,Road closure affecting line 193 (low severity)
DIS-776758,SWWD,906,2026-05-18T14:51:58.000+05:45,2026-05-18T16:38:58.000+05:45,107,Vehicle breakdown,low,Vehicle breakdown affecting line 906 (low severity)
DIS-306895,BLUS,539,2026-05-22T10:19:00.000+05:45,2026-05-22T14:01:00.000+05:45,222,Traffic congestion,medium,Traffic congestion affecting line 539 (medium severity)
DIS-292861,SVCT,22,2026-05-21T17:29:41.000+05:45,2026-05-21T20:49:41.000+05:45,200,Severe weather,low,Severe weather affecting line 22 (low severity)
DIS-956910,BLUS,12,2026-06-28T09:16:00.000+05:45,2026-06-28T13:13:00.000+05:45,237,Accident on route,high,Accident on route affecting line 12 (high severity)
DIS-562419,SWWD,101,2026-07-19T12:06:06.000+05:45,2026-07-19T12:17:06.000+05:45,11,Planned engineering works,low,Planned engineering works affecting line 101 (low severity)
DIS-772521,WDBC,32,2026-04-30T02:04:40.000+05:45,2026-04-30T05:54:40.000+05:45,230,Vehicle breakdown,low,Vehicle breakdown affecting line 32 (low severity)
DIS-263313,WDBC,119,2026-07-20T22:00:02.000+05:45,2026-07-20T23:21:02.000+05:45,81,Planned engineering works,severe,Planned engineering works affecting line 119 (severe severity)
DIS-454965,TDTR,920,2026-05-15T14:03:23.000+05:45,2026-05-15T17:54:23.000+05:45,231,Accident on route,high,Accident on route affecting line 920 (high severity)
DIS-165442,SWWD,D2,2026-06-13T06:06:43.000+05:45,2026-06-13T07:30:43.000+05:45,84,Planned engineering works,low,Planned engineering works affecting line D2 (low severity)
DIS-890968,UNIL,U6H,2026-05-27T19:42:05.000+05:45,2026-05-27T22:11:05.000+05:45,149,Driver shortage,low,Driver shortage affecting line U6H (low severity)
DIS-901731,WDBC,119,2026-05-29T20:43:23.000+05:45,2026-05-30T00:22:23.000+05:45,219,Accident on route,severe,Accident on route affecting line 119 (severe severity)
DIS-422939,SWWD,ST,2026-07-16T17:44:09.000+05:45,2026-07-16T19:57:09.000+05:45,133,Vehicle breakdown,high,Vehicle breakdown affecting line ST (high severity)
DIS-324899,WDBC,50,2026-05-11T15:01:17.000+05:45,2026-05-11T15:31:17.000+05:45,30,Accident on route,severe,Accident on route affecting line 50 (severe severity)
DIS-936665,TDTR,158,2026-07-18T08:41:57.000+05:45,2026-07-18T11:52:57.000+05:45,191,Roadworks,severe,Roadworks affecting line 158 (severe severity)
DIS-525738,BLUS,5,2026-05-05T19:34:35.000+05:45,2026-05-05T23:00:35.000+05:45,206,Road closure,high,Road closure affecting line 5 (high severity)
DIS-674239,DAMY,5,2026-04-23T10:55:52.000+05:45,2026-04-23T13:35:52.000+05:45,160,Planned engineering works,low,Planned engineering works affecting line 5 (low severity)
DIS-925043,SWWD,901,2026-06-22T01:11:01.000+05:45,2026-06-22T01:22:01.000+05:45,11,Planned engineering works,high,Planned engineering works affecting line 901 (high severity)
DIS-613795,WDBC,30,2026-07-07T15:37:33.000+05:45,2026-07-07T19:03:33.000+05:45,206,Vehicle breakdown,low,Vehicle breakdown affecting line 30 (low severity)
DIS-862518,SWWD,R12,2026-06-19T16:25:45.000+05:45,2026-06-19T17:25:45.000+05:45,60,Vehicle breakdown,low,Vehicle breakdown affecting line R12 (low severity)
DIS-965623,DAMY,CR9,2026-07-02T03:51:03.000+05:45,2026-07-02T04:02:03.000+05:45,11,Accident on route,severe,Accident on route affecting line CR9 (severe severity)
DIS-440763,SWWD,25,2026-05-30T15:24:51.000+05:45,2026-05-30T15:48:51.000+05:45,24,Road closure,medium,Road closure affecting line 25 (medium severity)
DIS-220507,WDBC,RG2,2026-06-14T16:17:44.000+05:45,2026-06-14T16:46:44.000+05:45,29,Road closure,low,Road closure affecting line RG2 (low severity)
DIS-553355,UNIL,U6H,2026-06-11T08:24:05.000+05:45,2026-06-11T09:57:05.000+05:45,93,Severe weather,high,Severe weather affecting line U6H (high severity)
DIS-493676,TDTR,1B,2026-06-24T16:07:44.000+05:45,2026-06-24T19:53:44.000+05:45,226,Traffic congestion,low,Traffic congestion affecting line 1B (low severity)
DIS-926200,WDBC,U1,2026-04-21T21:28:32.000+05:45,2026-04-21T22:53:32.000+05:45,85,Road closure,medium,Road closure affecting line U1 (medium severity)
DIS-581980,WDBC,1C,2026-06-24T07:46:57.000+05:45,2026-06-24T08:39:57.000+05:45,53,Traffic congestion,low,Traffic congestion affecting line 1C (low severity)
DIS-822147,TDTR,153,2026-06-16T06:34:55.000+05:45,2026-06-16T07:54:55.000+05:45,80,Traffic congestion,high,Traffic congestion affecting line 153 (high severity)
DIS-418329,SWWD,D3,2026-06-17T03:40:00.000+05:45,2026-06-17T04:35:00.000+05:45,55,Road closure,low,Road closure affecting line D3 (low severity)
DIS-834838,BLUS,538,2026-06-28T05:29:37.000+05:45,2026-06-28T08:39:37.000+05:45,190,Severe weather,severe,Severe weather affecting line 538 (severe severity)
DIS-593053,SWWD,X4,2026-05-21T04:03:24.000+05:45,2026-05-21T07:48:24.000+05:45,225,Road closure,medium,Road closure affecting line X4 (medium severity)
DIS-258204,WDBC,U3,2026-07-09T15:35:47.000+05:45,2026-07-09T17:53:47.000+05:45,138,Driver shortage,medium,Driver shortage affecting line U3 (medium severity)
DIS-758101,SWWD,D2,2026-05-30T11:15:35.000+05:45,2026-05-30T12:57:35.000+05:45,102,Accident on route,high,Accident on route affecting line D2 (high severity)
DIS-562561,DAMY,5,2026-05-04T16:55:15.000+05:45,2026-05-04T18:06:15.000+05:45,71,Driver shortage,low,Driver shortage affecting line 5 (low severity)
DIS-433540,DAMY,949,2026-05-10T13:20:26.000+05:45,2026-05-10T15:27:26.000+05:45,127,Diversion,low,Diversion affecting line 949 (low severity)
DIS-337424,WDBC,3,2026-04-21T14:45:32.000+05:45,2026-04-21T15:27:32.000+05:45,42,Severe weather,severe,Severe weather affecting line 3 (severe severity)
DIS-629989,WDBC,L5,2026-05-03T08:44:31.000+05:45,2026-05-03T09:04:31.000+05:45,20,Accident on route,low,Accident on route affecting line L5 (low severity)
DIS-349766,SQ,TW1,2026-07-18T11:42:42.000+05:45,2026-07-18T14:35:42.000+05:45,173,Diversion,low,Diversion affecting line TW1 (low severity)
DIS-347234,UNIL,U6C,2026-07-12T17:29:58.000+05:45,2026-07-12T19:41:58.000+05:45,132,Traffic congestion,severe,Traffic congestion affecting line U6C (severe severity)
DIS-751904,WDBC,L3,2026-05-30T04:43:59.000+05:45,2026-05-30T05:50:59.000+05:45,67,Diversion,low,Diversion affecting line L3 (low severity)
DIS-633108,SVCT,TNB,2026-06-24T06:43:48.000+05:45,2026-06-24T07:06:48.000+05:45,23,Driver shortage,high,Driver shortage affecting line TNB (high severity)
DIS-840060,WDBC,B,2026-06-24T13:24:12.000+05:45,2026-06-24T16:36:12.000+05:45,192,Roadworks,high,Roadworks affecting line B (high severity)
DIS-739370,WDBC,RG2,2026-07-11T18:00:50.000+05:45,2026-07-11T18:51:50.000+05:45,51,Vehicle breakdown,medium,Vehicle breakdown affecting line RG2 (medium severity)
DIS-718040,WDBC,119,2026-07-10T17:18:27.000+05:45,2026-07-10T18:02:27.000+05:45,44,Planned engineering works,medium,Planned engineering works affecting line 119 (medium severity)
DIS-765589,SVCT,209,2026-05-07T11:56:02.000+05:45,2026-05-07T14:10:02.000+05:45,134,Accident on route,medium,Accident on route affecting line 209 (medium severity)
DIS-967260,TDTR,21,2026-07-11T01:40:10.000+05:45,2026-07-11T03:27:10.000+05:45,107,Traffic congestion,medium,Traffic congestion affecting line 21 (medium severity)
DIS-904314,SVCT,207,2026-04-29T10:15:05.000+05:45,2026-04-29T10:54:05.000+05:45,39,Vehicle breakdown,low,Vehicle breakdown affecting line 207 (low severity)
DIS-519995,WDBC,38,2026-07-05T00:49:40.000+05:45,2026-07-05T03:21:40.000+05:45,152,Traffic congestion,low,Traffic congestion affecting line 38 (low severity)
DIS-429287,SQ,TW1,2026-05-17T02:48:37.000+05:45,2026-05-17T05:30:37.000+05:45,162,Road closure,low,Road closure affecting line TW1 (low severity)
DIS-122622,BLUS,1,2026-07-16T14:14:50.000+05:45,2026-07-16T16:51:50.000+05:45,157,Traffic congestion,severe,Traffic congestion affecting line 1 (severe severity)
DIS-726583,SWWD,R2,2026-06-13T19:22:52.000+05:45,2026-06-13T21:07:52.000+05:45,105,Driver shortage,medium,Driver shortage affecting line R2 (medium severity)
DIS-379947,SWWD,603,2026-07-03T05:08:56.000+05:45,2026-07-03T08:41:56.000+05:45,213,Roadworks,low,Roadworks affecting line 603 (low severity)
DIS-607388,BLUS,1,2026-05-16T00:58:55.000+05:45,2026-05-16T03:11:55.000+05:45,133,Diversion,severe,Diversion affecting line 1 (severe severity)
DIS-826498,TDTR,920,2026-05-30T13:57:32.000+05:45,2026-05-30T16:04:32.000+05:45,127,Planned engineering works,low,Planned engineering works affecting line 920 (low severity)
DIS-322005,BLUS,20,2026-07-02T15:33:43.000+05:45,2026-07-02T18:22:43.000+05:45,169,Road closure,low,Road closure affecting line 20 (low severity)
DIS-561182,WDBC,40,2026-04-23T09:39:01.000+05:45,2026-04-23T10:35:01.000+05:45,56,Planned engineering works,low,Planned engineering works affecting line 40 (low severity)
DIS-325959,TDTR,42,2026-06-07T01:57:39.000+05:45,2026-06-07T03:55:39.000+05:45,118,Planned engineering works,high,Planned engineering works affecting line 42 (high severity)
DIS-184887,WDBC,941,2026-04-28T14:02:48.000+05:45,2026-04-28T15:54:48.000+05:45,112,Diversion,high,Diversion affecting line 941 (high severity)
DIS-838031,SWWD,ST,2026-06-13T13:28:48.000+05:45,2026-06-13T14:16:48.000+05:45,48,Vehicle breakdown,low,Vehicle breakdown affecting line ST (low severity)
DIS-281364,WDBC,40,2026-05-02T23:14:28.000+05:45,2026-05-03T01:29:28.000+05:45,135,Traffic congestion,severe,Traffic congestion affecting line 40 (severe severity)
DIS-592746,WDBC,L5,2026-06-26T05:15:01.000+05:45,2026-06-26T07:48:01.000+05:45,153,Diversion,severe,Diversion affecting line L5 (severe severity)
DIS-675841,TDTR,920,2026-06-02T17:16:10.000+05:45,2026-06-02T19:40:10.000+05:45,144,Planned engineering works,medium,Planned engineering works affecting line 920 (medium severity)
DIS-783120,BLUS,17,2026-05-23T07:57:18.000+05:45,2026-05-23T09:45:18.000+05:45,108,Accident on route,high,Accident on route affecting line 17 (high severity)
DIS-194039,SWWD,MHDRT,2026-06-22T01:10:04.000+05:45,2026-06-22T01:48:04.000+05:45,38,Vehicle breakdown,high,Vehicle breakdown affecting line MHDRT (high severity)
DIS-996462,BLUS,538,2026-07-14T04:12:07.000+05:45,2026-07-14T08:05:07.000+05:45,233,Road closure,severe,Road closure affecting line 538 (severe severity)
DIS-849615,WDBC,C,2026-05-11T06:26:02.000+05:45,2026-05-11T09:04:02.000+05:45,158,Vehicle breakdown,medium,Vehicle breakdown affecting line C (medium severity)
DIS-293363,BLUS,19a,2026-06-25T13:18:54.000+05:45,2026-06-25T15:30:54.000+05:45,132,Planned engineering works,low,Planned engineering works affecting line 19a (low severity)
DIS-599405,SWWD,PR11,2026-05-29T02:59:21.000+05:45,2026-05-29T03:31:21.000+05:45,32,Driver shortage,low,Driver shortage affecting line PR11 (low severity)
DIS-100278,WDBC,X3,2026-05-26T08:19:51.000+05:45,2026-05-26T11:26:51.000+05:45,187,Traffic congestion,high,Traffic congestion affecting line X3 (high severity)
DIS-965761,BLUS,PRH,2026-07-18T20:12:29.000+05:45,2026-07-18T22:34:29.000+05:45,142,Road closure,severe,Road closure affecting line PRH (severe severity)
DIS-385065,BLUS,N18,2026-04-22T14:46:24.000+05:45,2026-04-22T18:01:24.000+05:45,195,Traffic congestion,high,Traffic congestion affecting line N18 (high severity)
DIS-778544,WDBC,13,2026-06-25T04:56:28.000+05:45,2026-06-25T05:19:28.000+05:45,23,Severe weather,high,Severe weather affecting line 13 (high severity)
DIS-737034,TDTR,154,2026-07-01T18:41:29.000+05:45,2026-07-01T20:07:29.000+05:45,86,Driver shortage,severe,Driver shortage affecting line 154 (severe severity)
DIS-934228,WDBC,9,2026-06-19T05:58:27.000+05:45,2026-06-19T06:40:27.000+05:45,42,Traffic congestion,high,Traffic congestion affecting line 9 (high severity)
DIS-730769,BLUS,11,2026-06-12T04:08:19.000+05:45,2026-06-12T08:08:19.000+05:45,240,Severe weather,severe,Severe weather affecting line 11 (severe severity)
DIS-385790,WDBC,775,2026-06-29T07:57:04.000+05:45,2026-06-29T11:30:04.000+05:45,213,Road closure,low,Road closure affecting line 775 (low severity)
DIS-858338,WDBC,8,2026-06-24T21:00:53.000+05:45,2026-06-25T00:36:53.000+05:45,216,Driver shortage,medium,Driver shortage affecting line 8 (medium severity)
DIS-856661,SVCT,6,2026-04-25T14:57:03.000+05:45,2026-04-25T16:57:03.000+05:45,120,Driver shortage,severe,Driver shortage affecting line 6 (severe severity)
DIS-787680,TDTR,120,2026-06-29T20:01:45.000+05:45,2026-06-29T21:56:45.000+05:45,115,Driver shortage,low,Driver shortage affecting line 120 (low severity)
DIS-829601,TDTR,1,2026-06-04T06:21:26.000+05:45,2026-06-04T08:33:26.000+05:45,132,Planned engineering works,low,Planned engineering works affecting line 1 (low severity)
DIS-916590,WDBC,18,2026-07-18T08:21:31.000+05:45,2026-07-18T11:13:31.000+05:45,172,Road closure,low,Road closure affecting line 18 (low severity)
DIS-774037,WDBC,941,2026-05-10T22:34:03.000+05:45,2026-05-10T23:49:03.000+05:45,75,Traffic congestion,high,Traffic congestion affecting line 941 (high severity)
DIS-322439,BLUS,5,2026-04-25T11:14:04.000+05:45,2026-04-25T14:58:04.000+05:45,224,Driver shortage,high,Driver shortage affecting line 5 (high severity)
DIS-894458,SVCT,2,2026-05-22T13:10:58.000+05:45,2026-05-22T16:17:58.000+05:45,187,Driver shortage,high,Driver shortage affecting line 2 (high severity)
DIS-107351,SQ,TW4,2026-07-16T16:46:18.000+05:45,2026-07-16T18:04:18.000+05:45,78,Severe weather,high,Severe weather affecting line TW4 (high severity)
DIS-173469,DAMY,949,2026-05-18T06:47:45.000+05:45,2026-05-18T09:58:45.000+05:45,191,Traffic congestion,severe,Traffic congestion affecting line 949 (severe severity)
DIS-979880,SWWD,66,2026-06-21T02:13:02.000+05:45,2026-06-21T04:16:02.000+05:45,123,Planned engineering works,high,Planned engineering works affecting line 66 (high severity)
DIS-202881,SWWD,PR3,2026-05-19T04:24:51.000+05:45,2026-05-19T07:30:51.000+05:45,186,Severe weather,high,Severe weather affecting line PR3 (high severity)
DIS-401718,SQ,DEAD,2026-04-28T18:29:36.000+05:45,2026-04-28T21:26:36.000+05:45,177,Planned engineering works,low,Planned engineering works affecting line DEAD (low severity)
DIS-768843,TDTR,1B,2026-05-26T13:12:10.000+05:45,2026-05-26T13:45:10.000+05:45,33,Severe weather,high,Severe weather affecting line 1B (high severity)
DIS-156715,TDTR,2,2026-07-17T16:06:24.000+05:45,2026-07-17T18:30:24.000+05:45,144,Traffic congestion,severe,Traffic congestion affecting line 2 (severe severity)
DIS-784630,UNIL,U6H,2026-06-29T23:40:41.000+05:45,2026-06-30T03:26:41.000+05:45,226,Accident on route,severe,Accident on route affecting line U6H (severe severity)
DIS-422833,UNIL,U2C,2026-05-23T08:53:54.000+05:45,2026-05-23T12:22:54.000+05:45,209,Roadworks,low,Roadworks affecting line U2C (low severity)
DIS-846368,WDBC,18,2026-05-12T11:45:53.000+05:45,2026-05-12T13:55:53.000+05:45,130,Vehicle breakdown,severe,Vehicle breakdown affecting line 18 (severe severity)
DIS-814418,WDBC,940,2026-05-28T11:36:59.000+05:45,2026-05-28T11:50:59.000+05:45,14,Roadworks,severe,Roadworks affecting line 940 (severe severity)
DIS-488212,BLUS,17,2026-04-29T07:45:45.000+05:45,2026-04-29T09:37:45.000+05:45,112,Driver shortage,medium,Driver shortage affecting line 17 (medium severity)
DIS-967539,WDBC,38,2026-05-30T19:26:17.000+05:45,2026-05-30T23:04:17.000+05:45,218,Accident on route,severe,Accident on route affecting line 38 (severe severity)
DIS-797520,SWWD,26,2026-07-01T17:18:45.000+05:45,2026-07-01T18:29:45.000+05:45,71,Roadworks,severe,Roadworks affecting line 26 (severe severity)
DIS-765634,SVCT,206,2026-06-02T02:32:24.000+05:45,2026-06-02T06:27:24.000+05:45,235,Vehicle breakdown,severe,Vehicle breakdown affecting line 206 (severe severity)
DIS-280081,SWWD,906,2026-04-29T16:21:58.000+05:45,2026-04-29T18:45:58.000+05:45,144,Driver shortage,medium,Driver shortage affecting line 906 (medium severity)
DIS-909696,SVCT,22,2026-05-20T23:05:19.000+05:45,2026-05-20T23:34:19.000+05:45,29,Roadworks,high,Roadworks affecting line 22 (high severity)
DIS-348425,WDBC,15,2026-07-16T09:16:52.000+05:45,2026-07-16T11:47:52.000+05:45,151,Accident on route,high,Accident on route affecting line 15 (high severity)
DIS-976090,SWWD,R5,2026-07-02T10:14:59.000+05:45,2026-07-02T10:30:59.000+05:45,16,Diversion,medium,Diversion affecting line R5 (medium severity)
DIS-824119,SWWD,D2,2026-05-14T09:57:16.000+05:45,2026-05-14T13:51:16.000+05:45,234,Accident on route,high,Accident on route affecting line D2 (high severity)
DIS-800771,WDBC,60,2026-06-14T00:48:28.000+05:45,2026-06-14T04:43:28.000+05:45,235,Vehicle breakdown,high,Vehicle breakdown affecting line 60 (high severity)
DIS-844839,WDBC,22,2026-07-12T23:49:05.000+05:45,2026-07-13T03:33:05.000+05:45,224,Planned engineering works,medium,Planned engineering works affecting line 22 (medium severity)
DIS-117572,BLUS,4,2026-06-11T16:47:07.000+05:45,2026-06-11T20:21:07.000+05:45,214,Diversion,high,Diversion affecting line 4 (high severity)
DIS-190298,SQ,DEAD,2026-06-07T06:49:24.000+05:45,2026-06-07T07:45:24.000+05:45,56,Accident on route,low,Accident on route affecting line DEAD (low severity)
DIS-578166,BLUS,23,2026-05-18T17:09:29.000+05:45,2026-05-18T19:31:29.000+05:45,142,Diversion,medium,Diversion affecting line 23 (medium severity)
DIS-347959,WDBC,13A,2026-06-10T19:15:08.000+05:45,2026-06-10T21:53:08.000+05:45,158,Road closure,high,Road closure affecting line 13A (high severity)
DIS-834501,TDTR,2,2026-05-26T03:47:15.000+05:45,2026-05-26T04:41:15.000+05:45,54,Planned engineering works,medium,Planned engineering works affecting line 2 (medium severity)
DIS-447615,SWWD,PR11,2026-07-02T09:07:37.000+05:45,2026-07-02T11:59:37.000+05:45,172,Accident on route,low,Accident on route affecting line PR11 (low severity)
DIS-258077,WDBC,m1,2026-07-19T15:52:00.000+05:45,2026-07-19T17:16:00.000+05:45,84,Traffic congestion,high,Traffic congestion affecting line m1 (high severity)
DIS-122200,BLUS,757,2026-07-10T12:52:20.000+05:45,2026-07-10T14:59:20.000+05:45,127,Accident on route,low,Accident on route affecting line 757 (low severity)
DIS-582577,WDBC,Q1,2026-07-13T09:08:28.000+05:45,2026-07-13T10:18:28.000+05:45,70,Accident on route,high,Accident on route affecting line Q1 (high severity)
DIS-965694,WDBC,14,2026-07-19T01:11:17.000+05:45,2026-07-19T02:08:17.000+05:45,57,Vehicle breakdown,medium,Vehicle breakdown affecting line 14 (medium severity)
DIS-796883,WDBC,5,2026-07-07T16:51:16.000+05:45,2026-07-07T19:23:16.000+05:45,152,Accident on route,severe,Accident on route affecting line 5 (severe severity)
DIS-100504,SVCT,205,2026-07-19T08:49:37.000+05:45,2026-07-19T12:35:37.000+05:45,226,Severe weather,medium,Severe weather affecting line 205 (medium severity)
DIS-897946,WDBC,Q1,2026-06-20T21:56:13.000+05:45,2026-06-20T23:56:13.000+05:45,120,Diversion,high,Diversion affecting line Q1 (high severity)
DIS-569225,WDBC,3,2026-05-12T20:05:44.000+05:45,2026-05-12T20:31:44.000+05:45,26,Severe weather,severe,Severe weather affecting line 3 (severe severity)
DIS-141881,BLUS,24,2026-06-26T02:30:28.000+05:45,2026-06-26T03:08:28.000+05:45,38,Road closure,high,Road closure affecting line 24 (high severity)
DIS-733110,WDBC,775,2026-06-23T08:56:11.000+05:45,2026-06-23T09:50:11.000+05:45,54,Driver shortage,high,Driver shortage affecting line 775 (high severity)
DIS-240068,SVCT,5,2026-06-30T03:28:29.000+05:45,2026-06-30T03:45:29.000+05:45,17,Traffic congestion,high,Traffic congestion affecting line 5 (high severity)
DIS-442404,TDTR,156,2026-05-07T09:07:55.000+05:45,2026-05-07T11:31:55.000+05:45,144,Planned engineering works,medium,Planned engineering works affecting line 156 (medium severity)
DIS-365051,WDBC,25,2026-06-23T09:29:10.000+05:45,2026-06-23T09:49:10.000+05:45,20,Vehicle breakdown,low,Vehicle breakdown affecting line 25 (low severity)
DIS-944593,SVCT,2,2026-07-12T11:57:50.000+05:45,2026-07-12T13:44:50.000+05:45,107,Traffic congestion,low,Traffic congestion affecting line 2 (low severity)
DIS-362734,SWWD,R1,2026-04-21T18:15:58.000+05:45,2026-04-21T18:58:58.000+05:45,43,Roadworks,severe,Roadworks affecting line R1 (severe severity)
DIS-357193,WDBC,RG2,2026-06-12T11:17:15.000+05:45,2026-06-12T12:52:15.000+05:45,95,Road closure,low,Road closure affecting line RG2 (low severity)
DIS-470139,BLUS,18,2026-05-05T21:01:17.000+05:45,2026-05-06T00:58:17.000+05:45,237,Vehicle breakdown,low,Vehicle breakdown affecting line 18 (low severity)
DIS-210321,SVCT,63,2026-06-30T14:24:53.000+05:45,2026-06-30T17:56:53.000+05:45,212,Accident on route,medium,Accident on route affecting line 63 (medium severity)
DIS-105825,SVCT,37,2026-06-09T07:32:36.000+05:45,2026-06-09T09:48:36.000+05:45,136,Driver shortage,medium,Driver shortage affecting line 37 (medium severity)
DIS-191504,WDBC,761,2026-06-19T23:07:26.000+05:45,2026-06-20T01:55:26.000+05:45,168,Planned engineering works,high,Planned engineering works affecting line 761 (high severity)
DIS-852080,TDTR,NW2,2026-05-15T10:07:02.000+05:45,2026-05-15T13:00:02.000+05:45,173,Vehicle breakdown,medium,Vehicle breakdown affecting line NW2 (medium severity)
DIS-314816,TDTR,1B,2026-04-29T17:37:37.000+05:45,2026-04-29T19:47:37.000+05:45,130,Vehicle breakdown,medium,Vehicle breakdown affecting line 1B (medium severity)
DIS-705988,WDBC,8,2026-07-18T10:12:52.000+05:45,2026-07-18T13:41:52.000+05:45,209,Severe weather,high,Severe weather affecting line 8 (high severity)
DIS-560317,SWWD,978,2026-04-26T06:25:47.000+05:45,2026-04-26T07:33:47.000+05:45,68,Vehicle breakdown,low,Vehicle breakdown affecting line 978 (low severity)
DIS-905456,SWWD,907,2026-06-24T18:07:58.000+05:45,2026-06-24T21:00:58.000+05:45,173,Driver shortage,low,Driver shortage affecting line 907 (low severity)
DIS-858222,WDBC,737,2026-05-02T11:43:13.000+05:45,2026-05-02T14:19:13.000+05:45,156,Road closure,medium,Road closure affecting line 737 (medium severity)
DIS-938161,WDBC,Q7,2026-06-30T20:10:22.000+05:45,2026-06-30T22:08:22.000+05:45,118,Planned engineering works,high,Planned engineering works affecting line Q7 (high severity)
DIS-889781,BLUS,N18,2026-06-18T02:01:17.000+05:45,2026-06-18T02:44:17.000+05:45,43,Diversion,medium,Diversion affecting line N18 (medium severity)
DIS-444510,WDBC,Q7,2026-06-04T23:10:01.000+05:45,2026-06-05T01:07:01.000+05:45,117,Road closure,severe,Road closure affecting line Q7 (severe severity)
DIS-675974,WDBC,X6,2026-05-25T09:33:25.000+05:45,2026-05-25T10:07:25.000+05:45,34,Diversion,high,Diversion affecting line X6 (high severity)
DIS-241894,SWWD,603,2026-06-21T04:46:07.000+05:45,2026-06-21T05:18:07.000+05:45,32,Traffic congestion,severe,Traffic congestion affecting line 603 (severe severity)
DIS-231962,WDBC,10,2026-06-19T18:26:56.000+05:45,2026-06-19T20:41:56.000+05:45,135,Driver shortage,medium,Driver shortage affecting line 10 (medium severity)
DIS-526524,WDBC,31,2026-07-16T11:06:33.000+05:45,2026-07-16T12:11:33.000+05:45,65,Diversion,low,Diversion affecting line 31 (low severity)
DIS-449678,SVCT,2,2026-05-25T18:27:13.000+05:45,2026-05-25T20:58:13.000+05:45,151,Traffic congestion,severe,Traffic congestion affecting line 2 (severe severity)
DIS-878464,SWWD,37,2026-05-04T16:21:39.000+05:45,2026-05-04T17:34:39.000+05:45,73,Roadworks,low,Roadworks affecting line 37 (low severity)
DIS-414615,SWWD,937,2026-07-10T13:04:50.000+05:45,2026-07-10T15:44:50.000+05:45,160,Diversion,high,Diversion affecting line 937 (high severity)
DIS-827965,SVCT,206,2026-06-20T12:54:03.000+05:45,2026-06-20T16:43:03.000+05:45,229,Planned engineering works,high,Planned engineering works affecting line 206 (high severity)
DIS-869580,SVCT,TNB,2026-06-29T18:08:25.000+05:45,2026-06-29T19:50:25.000+05:45,102,Driver shortage,high,Driver shortage affecting line TNB (high severity)
DIS-836038,SVCT,39,2026-04-24T14:48:11.000+05:45,2026-04-24T16:59:11.000+05:45,131,Roadworks,medium,Roadworks affecting line 39 (medium severity)
DIS-867603,SWWD,908,2026-04-20T23:04:37.000+05:45,2026-04-20T23:46:37.000+05:45,42,Road closure,severe,Road closure affecting line 908 (severe severity)
DIS-764145,SWWD,88,2026-06-21T01:27:35.000+05:45,2026-06-21T02:43:35.000+05:45,76,Traffic congestion,medium,Traffic congestion affecting line 88 (medium severity)
DIS-743552,WDBC,81,2026-07-06T14:34:34.000+05:45,2026-07-06T18:14:34.000+05:45,220,Diversion,low,Diversion affecting line 81 (low severity)
DIS-181183,TDTR,9,2026-07-14T11:54:20.000+05:45,2026-07-14T13:54:20.000+05:45,120,Traffic congestion,medium,Traffic congestion affecting line 9 (medium severity)
DIS-847372,TDTR,156,2026-06-27T15:01:50.000+05:45,2026-06-27T17:50:50.000+05:45,169,Road closure,severe,Road closure affecting line 156 (severe severity)
DIS-138498,SWWD,44,2026-05-27T23:07:13.000+05:45,2026-05-27T23:56:13.000+05:45,49,Planned engineering works,medium,Planned engineering works affecting line 44 (medium severity)
DIS-108283,BLUS,5,2026-05-22T23:45:38.000+05:45,2026-05-23T01:27:38.000+05:45,102,Traffic congestion,severe,Traffic congestion affecting line 5 (severe severity)
DIS-289632,WDBC,C,2026-05-18T11:30:47.000+05:45,2026-05-18T14:18:47.000+05:45,168,Diversion,medium,Diversion affecting line C (medium severity)
DIS-890816,BLUS,8,2026-06-20T12:00:11.000+05:45,2026-06-20T15:22:11.000+05:45,202,Traffic congestion,low,Traffic congestion affecting line 8 (low severity)
DIS-293338,UNIL,U2B,2026-05-23T01:31:22.000+05:45,2026-05-23T03:31:22.000+05:45,120,Diversion,medium,Diversion affecting line U2B (medium severity)
DIS-865202,WDBC,4,2026-07-18T16:12:04.000+05:45,2026-07-18T16:35:04.000+05:45,23,Diversion,low,Diversion affecting line 4 (low severity)
DIS-504446,SWWD,901,2026-05-21T21:42:21.000+05:45,2026-05-22T01:31:21.000+05:45,229,Driver shortage,low,Driver shortage affecting line 901 (low severity)
DIS-686987,WDBC,18,2026-07-01T03:55:38.000+05:45,2026-07-01T07:51:38.000+05:45,236,Driver shortage,low,Driver shortage affecting line 18 (low severity)
DIS-936577,WDBC,762,2026-05-01T21:09:23.000+05:45,2026-05-02T00:54:23.000+05:45,225,Diversion,medium,Diversion affecting line 762 (medium severity)
DIS-852734,TDTR,R24,2026-06-24T07:55:41.000+05:45,2026-06-24T10:55:41.000+05:45,180,Severe weather,low,Severe weather affecting line R24 (low severity)
DIS-958055,WDBC,26,2026-06-08T05:29:17.000+05:45,2026-06-08T05:46:17.000+05:45,17,Vehicle breakdown,low,Vehicle breakdown affecting line 26 (low severity)
DIS-118831,SWWD,X2,2026-06-17T01:16:50.000+05:45,2026-06-17T01:47:50.000+05:45,31,Road closure,high,Road closure affecting line X2 (high severity)
DIS-898687,WDBC,40,2026-05-10T11:56:26.000+05:45,2026-05-10T13:18:26.000+05:45,82,Traffic congestion,severe,Traffic congestion affecting line 40 (severe severity)
DIS-116656,SWWD,650,2026-06-13T09:46:25.000+05:45,2026-06-13T12:08:25.000+05:45,142,Vehicle breakdown,low,Vehicle breakdown affecting line 650 (low severity)
DIS-438085,TDTR,80,2026-07-03T02:03:40.000+05:45,2026-07-03T03:25:40.000+05:45,82,Road closure,low,Road closure affecting line 80 (low severity)
DIS-811282,WDBC,NFB,2026-04-22T06:57:19.000+05:45,2026-04-22T10:32:19.000+05:45,215,Driver shortage,low,Driver shortage affecting line NFB (low severity)
DIS-522039,TDTR,15,2026-07-06T22:50:29.000+05:45,2026-07-07T00:32:29.000+05:45,102,Roadworks,low,Roadworks affecting line 15 (low severity)
DIS-243735,SWWD,44,2026-07-20T15:29:48.000+05:45,2026-07-20T19:29:48.000+05:45,240,Vehicle breakdown,medium,Vehicle breakdown affecting line 44 (medium severity)
DIS-836793,BLUS,18,2026-07-04T02:24:58.000+05:45,2026-07-04T05:38:58.000+05:45,194,Planned engineering works,severe,Planned engineering works affecting line 18 (severe severity)
DIS-979807,DAMY,CR9,2026-05-02T12:12:12.000+05:45,2026-05-02T13:34:12.000+05:45,82,Planned engineering works,high,Planned engineering works affecting line CR9 (high severity)
DIS-661392,WDBC,L5,2026-06-23T21:59:21.000+05:45,2026-06-23T22:43:21.000+05:45,44,Vehicle breakdown,high,Vehicle breakdown affecting line L5 (high severity)
DIS-574652,WDBC,36,2026-05-30T00:21:35.000+05:45,2026-05-30T00:42:35.000+05:45,21,Traffic congestion,medium,Traffic congestion affecting line 36 (medium severity)
DIS-377322,TDTR,12,2026-04-21T22:30:24.000+05:45,2026-04-21T23:01:24.000+05:45,31,Driver shortage,low,Driver shortage affecting line 12 (low severity)
DIS-993803,SWWD,R5,2026-06-04T18:19:07.000+05:45,2026-06-04T19:37:07.000+05:45,78,Accident on route,severe,Accident on route affecting line R5 (severe severity)
DIS-259910,SQ,TM1,2026-05-06T12:50:56.000+05:45,2026-05-06T15:26:56.000+05:45,156,Accident on route,severe,Accident on route affecting line TM1 (severe severity)
DIS-227281,SQ,TM1,2026-04-21T16:00:18.000+05:45,2026-04-21T19:49:18.000+05:45,229,Severe weather,medium,Severe weather affecting line TM1 (medium severity)
DIS-161916,UNIL,U2C,2026-04-22T13:24:06.000+05:45,2026-04-22T14:01:06.000+05:45,37,Planned engineering works,severe,Planned engineering works affecting line U2C (severe severity)
DIS-599657,SWWD,X2,2026-06-03T14:10:50.000+05:45,2026-06-03T18:10:50.000+05:45,240,Roadworks,high,Roadworks affecting line X2 (high severity)
DIS-497713,TDTR,154,2026-07-07T19:17:12.000+05:45,2026-07-07T19:47:12.000+05:45,30,Road closure,low,Road closure affecting line 154 (low severity)
DIS-971895,SWWD,X4,2026-05-22T21:52:45.000+05:45,2026-05-22T22:20:45.000+05:45,28,Planned engineering works,high,Planned engineering works affecting line X4 (high severity)
DIS-801900,WDBC,744,2026-06-02T06:36:36.000+05:45,2026-06-02T07:44:36.000+05:45,68,Planned engineering works,low,Planned engineering works affecting line 744 (low severity)
DIS-474341,SVCT,209,2026-04-23T07:11:01.000+05:45,2026-04-23T08:21:01.000+05:45,70,Severe weather,severe,Severe weather affecting line 209 (severe severity)
DIS-139096,SWWD,D2,2026-05-15T17:48:16.000+05:45,2026-05-15T21:20:16.000+05:45,212,Accident on route,medium,Accident on route affecting line D2 (medium severity)
DIS-778983,TDTR,SSS,2026-04-23T04:27:11.000+05:45,2026-04-23T06:21:11.000+05:45,114,Planned engineering works,medium,Planned engineering works affecting line SSS (medium severity)
DIS-502877,WDBC,Q1,2026-07-05T04:37:51.000+05:45,2026-07-05T05:20:51.000+05:45,43,Driver shortage,severe,Driver shortage affecting line Q1 (severe severity)
DIS-576643,SWWD,R12,2026-06-07T23:28:42.000+05:45,2026-06-08T01:19:42.000+05:45,111,Driver shortage,low,Driver shortage affecting line R12 (low severity)
DIS-811363,TDTR,48,2026-05-05T22:27:34.000+05:45,2026-05-06T01:31:34.000+05:45,184,Severe weather,medium,Severe weather affecting line 48 (medium severity)
DIS-639158,BLUS,7,2026-06-19T17:18:19.000+05:45,2026-06-19T18:31:19.000+05:45,73,Driver shortage,medium,Driver shortage affecting line 7 (medium severity)
DIS-486415,SWWD,44,2026-07-20T19:59:08.000+05:45,2026-07-20T23:57:08.000+05:45,238,Vehicle breakdown,high,Vehicle breakdown affecting line 44 (high severity)
DIS-909066,WDBC,RG2,2026-04-27T17:21:24.000+05:45,2026-04-27T17:37:24.000+05:45,16,Traffic congestion,severe,Traffic congestion affecting line RG2 (severe severity)
DIS-573097,SVCT,SL,2026-05-23T13:37:56.000+05:45,2026-05-23T16:13:56.000+05:45,156,Diversion,low,Diversion affecting line SL (low severity)
DIS-188544,SVCT,TNB,2026-06-30T01:25:49.000+05:45,2026-06-30T04:43:49.000+05:45,198,Planned engineering works,severe,Planned engineering works affecting line TNB (severe severity)
DIS-859896,TDTR,11,2026-06-29T01:11:20.000+05:45,2026-06-29T05:06:20.000+05:45,235,Road closure,severe,Road closure affecting line 11 (severe severity)
DIS-336818,DAMY,1,2026-06-07T07:52:25.000+05:45,2026-06-07T10:20:25.000+05:45,148,Roadworks,low,Roadworks affecting line 1 (low severity)
DIS-372823,SWWD,978,2026-05-30T15:55:41.000+05:45,2026-05-30T16:19:41.000+05:45,24,Planned engineering works,severe,Planned engineering works affecting line 978 (severe severity)
DIS-520633,SVCT,39,2026-06-25T21:02:48.000+05:45,2026-06-26T00:14:48.000+05:45,192,Severe weather,medium,Severe weather affecting line 39 (medium severity)
DIS-970558,WDBC,940,2026-06-09T11:02:56.000+05:45,2026-06-09T13:17:56.000+05:45,135,Planned engineering works,high,Planned engineering works affecting line 940 (high severity)
DIS-124850,SQ,TB1,2026-06-11T01:35:43.000+05:45,2026-06-11T02:35:43.000+05:45,60,Severe weather,medium,Severe weather affecting line TB1 (medium severity)
DIS-622738,SWWD,966,2026-05-22T07:53:27.000+05:45,2026-05-22T09:28:27.000+05:45,95,Planned engineering works,severe,Planned engineering works affecting line 966 (severe severity)
DIS-147796,SWWD,R1,2026-05-18T11:17:25.000+05:45,2026-05-18T11:56:25.000+05:45,39,Accident on route,severe,Accident on route affecting line R1 (severe severity)
DIS-167346,BLUS,QC,2026-04-26T16:06:04.000+05:45,2026-04-26T17:47:04.000+05:45,101,Planned engineering works,high,Planned engineering works affecting line QC (high severity)
DIS-425950,TDTR,X76,2026-06-20T21:20:16.000+05:45,2026-06-20T21:31:16.000+05:45,11,Driver shortage,high,Driver shortage affecting line X76 (high severity)
DIS-805114,TDTR,5,2026-04-29T22:51:24.000+05:45,2026-04-30T02:25:24.000+05:45,214,Planned engineering works,high,Planned engineering works affecting line 5 (high severity)
DIS-968610,UNIL,U6C,2026-06-23T20:24:42.000+05:45,2026-06-23T22:30:42.000+05:45,126,Accident on route,high,Accident on route affecting line U6C (high severity)
DIS-700249,DAMY,6,2026-04-25T23:11:05.000+05:45,2026-04-26T01:37:05.000+05:45,146,Accident on route,medium,Accident on route affecting line 6 (medium severity)
DIS-430532,BLUS,12,2026-05-19T01:19:13.000+05:45,2026-05-19T02:44:13.000+05:45,85,Driver shortage,high,Driver shortage affecting line 12 (high severity)
DIS-979030,TDTR,R26,2026-05-10T13:25:37.000+05:45,2026-05-10T16:22:37.000+05:45,177,Traffic congestion,high,Traffic congestion affecting line R26 (high severity)
DIS-799783,SWWD,R8,2026-05-02T20:26:04.000+05:45,2026-05-02T21:32:04.000+05:45,66,Planned engineering works,severe,Planned engineering works affecting line R8 (severe severity)
DIS-533433,TDTR,R24,2026-07-07T22:46:19.000+05:45,2026-07-08T02:15:19.000+05:45,209,Driver shortage,high,Driver shortage affecting line R24 (high severity)
DIS-411929,WDBC,C,2026-06-10T16:16:15.000+05:45,2026-06-10T17:06:15.000+05:45,50,Planned engineering works,severe,Planned engineering works affecting line C (severe severity)
DIS-221358,DAMY,CR7,2026-05-14T01:00:10.000+05:45,2026-05-14T02:31:10.000+05:45,91,Driver shortage,low,Driver shortage affecting line CR7 (low severity)
DIS-457950,SWWD,X4,2026-04-23T10:38:06.000+05:45,2026-04-23T11:02:06.000+05:45,24,Road closure,high,Road closure affecting line X4 (high severity)
DIS-649107,SWWD,MHDRT,2026-06-29T07:21:03.000+05:45,2026-06-29T10:34:03.000+05:45,193,Severe weather,medium,Severe weather affecting line MHDRT (medium severity)
DIS-492871,WDBC,35,2026-07-02T13:04:27.000+05:45,2026-07-02T14:51:27.000+05:45,107,Accident on route,severe,Accident on route affecting line 35 (severe severity)
DIS-217690,BLUS,19a,2026-06-17T16:41:21.000+05:45,2026-06-17T20:25:21.000+05:45,224,Roadworks,medium,Roadworks affecting line 19a (medium severity)
DIS-277831,SWWD,R8,2026-05-05T20:25:16.000+05:45,2026-05-05T23:44:16.000+05:45,199,Planned engineering works,low,Planned engineering works affecting line R8 (low severity)
DIS-791482,SWWD,PD3,2026-05-15T20:09:48.000+05:45,2026-05-15T23:44:48.000+05:45,215,Traffic congestion,low,Traffic congestion affecting line PD3 (low severity)
DIS-256376,WDBC,1B,2026-06-27T20:39:26.000+05:45,2026-06-27T21:00:26.000+05:45,21,Vehicle breakdown,high,Vehicle breakdown affecting line 1B (high severity)
DIS-244968,TDTR,21,2026-06-01T14:49:14.000+05:45,2026-06-01T18:46:14.000+05:45,237,Road closure,medium,Road closure affecting line 21 (medium severity)
DIS-221022,WDBC,32,2026-07-17T00:48:31.000+05:45,2026-07-17T01:13:31.000+05:45,25,Severe weather,medium,Severe weather affecting line 32 (medium severity)
DIS-387308,WDBC,5,2026-05-03T21:34:55.000+05:45,2026-05-04T00:21:55.000+05:45,167,Roadworks,medium,Roadworks affecting line 5 (medium severity)
DIS-581904,UNIL,U6H,2026-07-08T23:48:30.000+05:45,2026-07-09T03:13:30.000+05:45,205,Roadworks,severe,Roadworks affecting line U6H (severe severity)
DIS-958760,TDTR,SSS,2026-07-09T18:16:48.000+05:45,2026-07-09T21:10:48.000+05:45,174,Roadworks,medium,Roadworks affecting line SSS (medium severity)
DIS-797014,SVCT,12,2026-07-04T20:02:57.000+05:45,2026-07-04T20:21:57.000+05:45,19,Traffic congestion,medium,Traffic congestion affecting line 12 (medium severity)
DIS-120784,SWWD,901,2026-06-28T17:15:33.000+05:45,2026-06-28T19:50:33.000+05:45,155,Severe weather,low,Severe weather affecting line 901 (low severity)
DIS-666710,BLUS,8,2026-06-21T09:48:31.000+05:45,2026-06-21T11:17:31.000+05:45,89,Planned engineering works,high,Planned engineering works affecting line 8 (high severity)
DIS-206028,WDBC,32,2026-06-11T09:25:45.000+05:45,2026-06-11T13:21:45.000+05:45,236,Severe weather,low,Severe weather affecting line 32 (low severity)
DIS-416600,BLUS,24,2026-04-29T08:20:26.000+05:45,2026-04-29T08:38:26.000+05:45,18,Vehicle breakdown,high,Vehicle breakdown affecting line 24 (high severity)
DIS-175102,SWWD,PR7,2026-06-12T07:07:03.000+05:45,2026-06-12T09:03:03.000+05:45,116,Roadworks,medium,Roadworks affecting line PR7 (medium severity)
DIS-298675,SVCT,12,2026-05-01T19:59:30.000+05:45,2026-05-01T23:51:30.000+05:45,232,Roadworks,low,Roadworks affecting line 12 (low severity)
DIS-584236,SVCT,63,2026-07-14T10:19:40.000+05:45,2026-07-14T12:20:40.000+05:45,121,Planned engineering works,medium,Planned engineering works affecting line 63 (medium severity)
DIS-439163,BLUS,21,2026-05-26T01:54:35.000+05:45,2026-05-26T05:06:35.000+05:45,192,Vehicle breakdown,severe,Vehicle breakdown affecting line 21 (severe severity)
DIS-612156,SWWD,88,2026-07-18T22:46:55.000+05:45,2026-07-19T00:52:55.000+05:45,126,Roadworks,severe,Roadworks affecting line 88 (severe severity)
DIS-284677,WDBC,U1,2026-07-18T21:09:20.000+05:45,2026-07-18T23:55:20.000+05:45,166,Diversion,medium,Diversion affecting line U1 (medium severity)
DIS-441361,TDTR,X46,2026-06-21T14:25:52.000+05:45,2026-06-21T14:55:52.000+05:45,30,Vehicle breakdown,high,Vehicle breakdown affecting line X46 (high severity)
DIS-876021,TDTR,2,2026-06-10T06:23:22.000+05:45,2026-06-10T07:19:22.000+05:45,56,Vehicle breakdown,high,Vehicle breakdown affecting line 2 (high severity)
DIS-656382,WDBC,737,2026-06-23T20:41:03.000+05:45,2026-06-23T21:58:03.000+05:45,77,Roadworks,severe,Roadworks affecting line 737 (severe severity)
DIS-127791,SWWD,D3,2026-06-17T21:04:33.000+05:45,2026-06-17T22:33:33.000+05:45,89,Driver shortage,low,Driver shortage affecting line D3 (low severity)
DIS-527656,SWWD,908,2026-04-27T05:04:29.000+05:45,2026-04-27T08:42:29.000+05:45,218,Vehicle breakdown,severe,Vehicle breakdown affecting line 908 (severe severity)
DIS-633107,WDBC,761,2026-07-13T09:59:29.000+05:45,2026-07-13T12:30:29.000+05:45,151,Diversion,medium,Diversion affecting line 761 (medium severity)
DIS-459294,DAMY,X8,2026-07-05T02:50:57.000+05:45,2026-07-05T03:57:57.000+05:45,67,Accident on route,high,Accident on route affecting line X8 (high severity)
DIS-902632,TDTR,11,2026-06-04T12:28:04.000+05:45,2026-06-04T15:29:04.000+05:45,181,Severe weather,high,Severe weather affecting line 11 (high severity)
DIS-458130,SWWD,X4,2026-06-22T23:20:57.000+05:45,2026-06-23T00:10:57.000+05:45,50,Vehicle breakdown,severe,Vehicle breakdown affecting line X4 (severe severity)
DIS-598190,SWWD,ST,2026-07-07T20:38:42.000+05:45,2026-07-08T00:33:42.000+05:45,235,Traffic congestion,high,Traffic congestion affecting line ST (high severity)
DIS-512582,WDBC,20,2026-06-25T16:24:13.000+05:45,2026-06-25T19:53:13.000+05:45,209,Traffic congestion,medium,Traffic congestion affecting line 20 (medium severity)
DIS-797935,SVCT,211,2026-06-26T06:59:20.000+05:45,2026-06-26T10:58:20.000+05:45,239,Driver shortage,medium,Driver shortage affecting line 211 (medium severity)
DIS-548484,SVCT,211,2026-05-16T03:42:08.000+05:45,2026-05-16T04:57:08.000+05:45,75,Severe weather,medium,Severe weather affecting line 211 (medium severity)
DIS-561156,WDBC,13A,2026-05-15T10:21:47.000+05:45,2026-05-15T11:48:47.000+05:45,87,Planned engineering works,severe,Planned engineering works affecting line 13A (severe severity)
DIS-255315,SWWD,29,2026-06-03T15:30:41.000+05:45,2026-06-03T16:44:41.000+05:45,74,Accident on route,high,Accident on route affecting line 29 (high severity)
DIS-962001,WDBC,8,2026-07-06T08:12:03.000+05:45,2026-07-06T11:47:03.000+05:45,215,Accident on route,medium,Accident on route affecting line 8 (medium severity)
DIS-879206,WDBC,18,2026-06-27T23:47:02.000+05:45,2026-06-28T00:00:02.000+05:45,13,Road closure,high,Road closure affecting line 18 (high severity)
DIS-508917,SVCT,TDB,2026-05-23T07:43:13.000+05:45,2026-05-23T09:36:13.000+05:45,113,Planned engineering works,medium,Planned engineering works affecting line TDB (medium severity)
DIS-100134,SVCT,TDB,2026-05-19T22:45:57.000+05:45,2026-05-20T02:01:57.000+05:45,196,Diversion,medium,Diversion affecting line TDB (medium severity)
DIS-244347,WDBC,1C,2026-06-18T11:33:43.000+05:45,2026-06-18T11:51:43.000+05:45,18,Roadworks,low,Roadworks affecting line 1C (low severity)
DIS-524593,SWWD,X5,2026-05-22T19:01:43.000+05:45,2026-05-22T21:51:43.000+05:45,170,Diversion,medium,Diversion affecting line X5 (medium severity)
DIS-848938,TDTR,152,2026-06-14T11:39:42.000+05:45,2026-06-14T14:24:42.000+05:45,165,Road closure,medium,Road closure affecting line 152 (medium severity)
DIS-982841,TDTR,R23,2026-06-14T22:44:32.000+05:45,2026-06-15T00:40:32.000+05:45,116,Traffic congestion,high,Traffic congestion affecting line R23 (high severity)
DIS-398367,BLUS,12,2026-07-18T13:26:42.000+05:45,2026-07-18T16:03:42.000+05:45,157,Traffic congestion,high,Traffic congestion affecting line 12 (high severity)
DIS-330020,TDTR,5,2026-05-17T00:48:57.000+05:45,2026-05-17T01:22:57.000+05:45,34,Vehicle breakdown,severe,Vehicle breakdown affecting line 5 (severe severity)
DIS-109474,TDTR,48A,2026-07-03T03:07:58.000+05:45,2026-07-03T06:35:58.000+05:45,208,Severe weather,low,Severe weather affecting line 48A (low severity)
DIS-885003,WDBC,10,2026-04-25T07:37:14.000+05:45,2026-04-25T07:56:14.000+05:45,19,Accident on route,severe,Accident on route affecting line 10 (severe severity)
DIS-206420,WDBC,30,2026-04-27T06:13:12.000+05:45,2026-04-27T06:55:12.000+05:45,42,Vehicle breakdown,medium,Vehicle breakdown affecting line 30 (medium severity)
DIS-694138,WDBC,Q1,2026-07-19T21:09:56.000+05:45,2026-07-19T21:26:56.000+05:45,17,Road closure,severe,Road closure affecting line Q1 (severe severity)
DIS-887128,WDBC,125,2026-05-26T22:27:28.000+05:45,2026-05-27T00:59:28.000+05:45,152,Planned engineering works,medium,Planned engineering works affecting line 125 (medium severity)
DIS-721838,TDTR,158,2026-04-29T14:43:57.000+05:45,2026-04-29T16:50:57.000+05:45,127,Traffic congestion,medium,Traffic congestion affecting line 158 (medium severity)
DIS-722631,WDBC,1A,2026-05-22T15:47:47.000+05:45,2026-05-22T19:35:47.000+05:45,228,Planned engineering works,low,Planned engineering works affecting line 1A (low severity)
DIS-205660,SVCT,TNB,2026-06-29T19:53:05.000+05:45,2026-06-29T20:30:05.000+05:45,37,Accident on route,high,Accident on route affecting line TNB (high severity)
DIS-692218,WDBC,86,2026-05-25T15:29:21.000+05:45,2026-05-25T17:02:21.000+05:45,93,Diversion,severe,Diversion affecting line 86 (severe severity)
DIS-681949,SWWD,937,2026-04-28T18:04:39.000+05:45,2026-04-28T19:10:39.000+05:45,66,Road closure,high,Road closure affecting line 937 (high severity)
DIS-944707,BLUS,13,2026-04-30T18:30:06.000+05:45,2026-04-30T20:54:06.000+05:45,144,Accident on route,low,Accident on route affecting line 13 (low severity)
DIS-197344,BLUS,11,2026-05-19T05:52:31.000+05:45,2026-05-19T08:52:31.000+05:45,180,Traffic congestion,high,Traffic congestion affecting line 11 (high severity)
DIS-389674,SWWD,R14,2026-04-29T14:21:26.000+05:45,2026-04-29T18:08:26.000+05:45,227,Vehicle breakdown,medium,Vehicle breakdown affecting line R14 (medium severity)
DIS-620006,WDBC,7B,2026-06-11T06:09:31.000+05:45,2026-06-11T06:56:31.000+05:45,47,Driver shortage,medium,Driver shortage affecting line 7B (medium severity)
DIS-580633,TDTR,152,2026-07-03T17:57:56.000+05:45,2026-07-03T20:18:56.000+05:45,141,Traffic congestion,low,Traffic congestion affecting line 152 (low severity)
DIS-206304,TDTR,48,2026-05-05T03:03:51.000+05:45,2026-05-05T04:07:51.000+05:45,64,Driver shortage,low,Driver shortage affecting line 48 (low severity)
DIS-359812,TDTR,X76,2026-07-14T05:27:03.000+05:45,2026-07-14T08:33:03.000+05:45,186,Vehicle breakdown,low,Vehicle breakdown affecting line X76 (low severity)
DIS-304745,BLUS,539,2026-04-29T04:54:18.000+05:45,2026-04-29T07:08:18.000+05:45,134,Planned engineering works,high,Planned engineering works affecting line 539 (high severity)
DIS-796827,SWWD,2A,2026-06-17T06:38:19.000+05:45,2026-06-17T09:40:19.000+05:45,182,Driver shortage,high,Driver shortage affecting line 2A (high severity)
DIS-433260,WDBC,14,2026-05-10T16:10:09.000+05:45,2026-05-10T18:09:09.000+05:45,119,Planned engineering works,severe,Planned engineering works affecting line 14 (severe severity)
DIS-134171,DAMY,1,2026-05-20T14:24:03.000+05:45,2026-05-20T15:59:03.000+05:45,95,Driver shortage,medium,Driver shortage affecting line 1 (medium severity)
DIS-743428,SWWD,R12,2026-05-18T06:17:08.000+05:45,2026-05-18T08:46:08.000+05:45,149,Roadworks,medium,Roadworks affecting line R12 (medium severity)
DIS-297279,TDTR,42,2026-06-17T02:41:51.000+05:45,2026-06-17T03:09:51.000+05:45,28,Road closure,severe,Road closure affecting line 42 (severe severity)
DIS-323913,BLUS,PRH,2026-05-11T10:07:24.000+05:45,2026-05-11T12:03:24.000+05:45,116,Vehicle breakdown,low,Vehicle breakdown affecting line PRH (low severity)
DIS-118182,SWWD,101,2026-06-11T06:00:19.000+05:45,2026-06-11T07:45:19.000+05:45,105,Road closure,severe,Road closure affecting line 101 (severe severity)
DIS-497114,TDTR,42,2026-07-14T16:17:44.000+05:45,2026-07-14T19:07:44.000+05:45,170,Vehicle breakdown,medium,Vehicle breakdown affecting line 42 (medium severity)
DIS-647824,SVCT,200,2026-05-27T16:37:31.000+05:45,2026-05-27T20:22:31.000+05:45,225,Accident on route,severe,Accident on route affecting line 200 (severe severity)
DIS-895692,WDBC,m1,2026-07-15T12:13:29.000+05:45,2026-07-15T13:35:29.000+05:45,82,Road closure,medium,Road closure affecting line m1 (medium severity)
DIS-930936,BLUS,NFG,2026-05-29T21:48:08.000+05:45,2026-05-29T22:25:08.000+05:45,37,Severe weather,medium,Severe weather affecting line NFG (medium severity)
DIS-445574,SWWD,603,2026-05-15T10:43:31.000+05:45,2026-05-15T13:19:31.000+05:45,156,Diversion,low,Diversion affecting line 603 (low severity)
DIS-963393,WDBC,20,2026-05-02T19:02:33.000+05:45,2026-05-02T21:03:33.000+05:45,121,Diversion,low,Diversion affecting line 20 (low severity)
DIS-399932,WDBC,120,2026-06-13T15:30:38.000+05:45,2026-06-13T17:05:38.000+05:45,95,Severe weather,low,Severe weather affecting line 120 (low severity)
DIS-435326,TDTR,159,2026-06-22T06:20:31.000+05:45,2026-06-22T07:19:31.000+05:45,59,Planned engineering works,low,Planned engineering works affecting line 159 (low severity)
DIS-989057,WDBC,C,2026-07-19T13:47:46.000+05:45,2026-07-19T14:49:46.000+05:45,62,Road closure,high,Road closure affecting line C (high severity)
DIS-285814,SVCT,TSS,2026-05-11T12:26:04.000+05:45,2026-05-11T16:07:04.000+05:45,221,Traffic congestion,low,Traffic congestion affecting line TSS (low severity)
DIS-110690,DAMY,CR9,2026-07-19T04:26:46.000+05:45,2026-07-19T07:23:46.000+05:45,177,Traffic congestion,high,Traffic congestion affecting line CR9 (high severity)
DIS-140067,BLUS,12,2026-05-03T13:07:39.000+05:45,2026-05-03T16:02:39.000+05:45,175,Planned engineering works,low,Planned engineering works affecting line 12 (low severity)
DIS-838180,TDTR,217,2026-06-09T02:27:13.000+05:45,2026-06-09T03:05:13.000+05:45,38,Accident on route,severe,Accident on route affecting line 217 (severe severity)
DIS-440974,WDBC,125,2026-05-02T04:30:33.000+05:45,2026-05-02T07:26:33.000+05:45,176,Severe weather,high,Severe weather affecting line 125 (high severity)
DIS-638571,SVCT,37,2026-05-18T10:16:35.000+05:45,2026-05-18T12:17:35.000+05:45,121,Severe weather,high,Severe weather affecting line 37 (high severity)
DIS-107896,DAMY,1,2026-05-24T08:49:16.000+05:45,2026-05-24T12:08:16.000+05:45,199,Driver shortage,severe,Driver shortage affecting line 1 (severe severity)
DIS-923195,WDBC,777,2026-05-28T00:18:59.000+05:45,2026-05-28T00:45:59.000+05:45,27,Vehicle breakdown,low,Vehicle breakdown affecting line 777 (low severity)
DIS-873607,BLUS,8,2026-05-21T07:37:25.000+05:45,2026-05-21T10:13:25.000+05:45,156,Severe weather,medium,Severe weather affecting line 8 (medium severity)
DIS-845200,WDBC,24,2026-06-19T09:07:03.000+05:45,2026-06-19T11:29:03.000+05:45,142,Road closure,high,Road closure affecting line 24 (high severity)
DIS-620309,WDBC,120,2026-05-13T21:48:56.000+05:45,2026-05-14T01:36:56.000+05:45,228,Traffic congestion,high,Traffic congestion affecting line 120 (high severity)
DIS-859093,DAMY,CR9,2026-07-05T18:16:44.000+05:45,2026-07-05T20:15:44.000+05:45,119,Vehicle breakdown,medium,Vehicle breakdown affecting line CR9 (medium severity)
DIS-662017,WDBC,L3,2026-05-23T11:54:41.000+05:45,2026-05-23T13:15:41.000+05:45,81,Severe weather,high,Severe weather affecting line L3 (high severity)
DIS-372293,BLUS,QC,2026-05-28T23:04:51.000+05:45,2026-05-29T02:53:51.000+05:45,229,Driver shortage,low,Driver shortage affecting line QC (low severity)
DIS-645912,SWWD,PVDRT,2026-07-20T05:11:19.000+05:45,2026-07-20T08:52:19.000+05:45,221,Traffic congestion,low,Traffic congestion affecting line PVDRT (low severity)
DIS-764226,SWWD,PVDRT,2026-07-08T00:48:34.000+05:45,2026-07-08T04:28:34.000+05:45,220,Vehicle breakdown,severe,Vehicle breakdown affecting line PVDRT (severe severity)
DIS-409849,SWWD,R5,2026-06-03T18:31:29.000+05:45,2026-06-03T22:04:29.000+05:45,213,Diversion,high,Diversion affecting line R5 (high severity)
DIS-498192,SWWD,88,2026-07-01T08:10:19.000+05:45,2026-07-01T11:28:19.000+05:45,198,Planned engineering works,medium,Planned engineering works affecting line 88 (medium severity)
DIS-674287,SVCT,38,2026-07-03T05:16:06.000+05:45,2026-07-03T07:59:06.000+05:45,163,Severe weather,low,Severe weather affecting line 38 (low severity)
DIS-109845,SVCT,204,2026-07-17T18:01:11.000+05:45,2026-07-17T18:42:11.000+05:45,41,Driver shortage,severe,Driver shortage affecting line 204 (severe severity)
DIS-474903,WDBC,1C,2026-04-30T10:58:05.000+05:45,2026-04-30T11:42:05.000+05:45,44,Road closure,high,Road closure affecting line 1C (high severity)
DIS-652212,TDTR,154,2026-04-20T20:51:22.000+05:45,2026-04-20T22:17:22.000+05:45,86,Vehicle breakdown,high,Vehicle breakdown affecting line 154 (high severity)
DIS-110485,BLUS,7,2026-06-03T08:25:54.000+05:45,2026-06-03T11:15:54.000+05:45,170,Roadworks,low,Roadworks affecting line 7 (low severity)
DIS-584221,WDBC,B,2026-07-18T04:46:21.000+05:45,2026-07-18T07:23:21.000+05:45,157,Vehicle breakdown,high,Vehicle breakdown affecting line B (high severity)
DIS-361485,WDBC,Q1,2026-06-30T19:15:09.000+05:45,2026-06-30T22:51:09.000+05:45,216,Roadworks,medium,Roadworks affecting line Q1 (medium severity)
DIS-389163,SWWD,R8,2026-07-13T14:00:46.000+05:45,2026-07-13T15:38:46.000+05:45,98,Severe weather,medium,Severe weather affecting line R8 (medium severity)
DIS-305823,DAMY,1,2026-05-15T06:16:12.000+05:45,2026-05-15T08:45:12.000+05:45,149,Vehicle breakdown,high,Vehicle breakdown affecting line 1 (high severity)
DIS-658752,SQ,TW1,2026-05-09T16:51:12.000+05:45,2026-05-09T17:20:12.000+05:45,29,Road closure,severe,Road closure affecting line TW1 (severe severity)
DIS-620587,SWWD,R10,2026-06-09T12:09:28.000+05:45,2026-06-09T13:09:28.000+05:45,60,Driver shortage,low,Driver shortage affecting line R10 (low severity)
DIS-508647,TDTR,NW2,2026-05-01T22:02:18.000+05:45,2026-05-01T22:37:18.000+05:45,35,Diversion,high,Diversion affecting line NW2 (high severity)
DIS-390414,SWWD,908,2026-05-29T19:41:03.000+05:45,2026-05-29T21:37:03.000+05:45,116,Vehicle breakdown,low,Vehicle breakdown affecting line 908 (low severity)
DIS-961448,WDBC,L3,2026-05-23T09:11:29.000+05:45,2026-05-23T10:13:29.000+05:45,62,Diversion,low,Diversion affecting line L3 (low severity)
DIS-805555,SVCT,205,2026-07-09T23:27:41.000+05:45,2026-07-10T01:41:41.000+05:45,134,Driver shortage,severe,Driver shortage affecting line 205 (severe severity)
DIS-485767,WDBC,16,2026-07-18T04:09:23.000+05:45,2026-07-18T06:47:23.000+05:45,158,Severe weather,low,Severe weather affecting line 16 (low severity)
DIS-610327,WDBC,13A,2026-06-22T16:01:26.000+05:45,2026-06-22T16:25:26.000+05:45,24,Driver shortage,low,Driver shortage affecting line 13A (low severity)
DIS-138552,WDBC,B,2026-05-26T17:07:29.000+05:45,2026-05-26T18:11:29.000+05:45,64,Vehicle breakdown,high,Vehicle breakdown affecting line B (high severity)
DIS-102677,SWWD,929,2026-06-08T08:13:24.000+05:45,2026-06-08T08:52:24.000+05:45,39,Accident on route,high,Accident on route affecting line 929 (high severity)
DIS-347901,WDBC,898,2026-06-21T00:13:59.000+05:45,2026-06-21T00:31:59.000+05:45,18,Driver shortage,low,Driver shortage affecting line 898 (low severity)
DIS-149838,SVCT,12,2026-06-29T19:49:41.000+05:45,2026-06-29T20:45:41.000+05:45,56,Traffic congestion,medium,Traffic congestion affecting line 12 (medium severity)
DIS-365633,SWWD,X4,2026-07-12T01:04:31.000+05:45,2026-07-12T03:43:31.000+05:45,159,Accident on route,low,Accident on route affecting line X4 (low severity)
DIS-156378,TDTR,2,2026-06-07T02:23:22.000+05:45,2026-06-07T02:57:22.000+05:45,34,Road closure,high,Road closure affecting line 2 (high severity)
DIS-403580,SWWD,926,2026-07-02T18:34:00.000+05:45,2026-07-02T19:26:00.000+05:45,52,Driver shortage,low,Driver shortage affecting line 926 (low severity)
DIS-767315,TDTR,152,2026-06-20T21:38:53.000+05:45,2026-06-20T22:29:53.000+05:45,51,Vehicle breakdown,medium,Vehicle breakdown affecting line 152 (medium severity)
DIS-317485,SVCT,7,2026-06-06T10:14:06.000+05:45,2026-06-06T11:49:06.000+05:45,95,Severe weather,high,Severe weather affecting line 7 (high severity)
DIS-678108,BLUS,2,2026-07-02T16:29:05.000+05:45,2026-07-02T17:23:05.000+05:45,54,Road closure,medium,Road closure affecting line 2 (medium severity)
DIS-706951,WDBC,761,2026-06-02T22:37:08.000+05:45,2026-06-02T22:55:08.000+05:45,18,Severe weather,severe,Severe weather affecting line 761 (severe severity)
DIS-667986,WDBC,38,2026-06-29T09:15:45.000+05:45,2026-06-29T12:13:45.000+05:45,178,Driver shortage,high,Driver shortage affecting line 38 (high severity)
DIS-637534,WDBC,15,2026-05-07T08:10:07.000+05:45,2026-05-07T09:41:07.000+05:45,91,Accident on route,medium,Accident on route affecting line 15 (medium severity)
DIS-796771,WDBC,L5,2026-05-20T05:57:33.000+05:45,2026-05-20T06:42:33.000+05:45,45,Accident on route,severe,Accident on route affecting line L5 (severe severity)
DIS-323034,SWWD,907,2026-05-14T00:22:56.000+05:45,2026-05-14T00:41:56.000+05:45,19,Planned engineering works,severe,Planned engineering works affecting line 907 (severe severity)
DIS-726026,WDBC,ONE,2026-04-29T23:37:30.000+05:45,2026-04-30T03:20:30.000+05:45,223,Driver shortage,high,Driver shortage affecting line ONE (high severity)
DIS-367249,SWWD,PR9,2026-06-02T06:14:25.000+05:45,2026-06-02T09:17:25.000+05:45,183,Diversion,low,Diversion affecting line PR9 (low severity)
DIS-627319,BLUS,15,2026-07-08T16:51:02.000+05:45,2026-07-08T19:17:02.000+05:45,146,Vehicle breakdown,high,Vehicle breakdown affecting line 15 (high severity)
DIS-829133,WDBC,193,2026-06-11T15:30:43.000+05:45,2026-06-11T16:00:43.000+05:45,30,Road closure,high,Road closure affecting line 193 (high severity)
DIS-275816,SWWD,X4,2026-06-04T20:22:40.000+05:45,2026-06-04T23:05:40.000+05:45,163,Driver shortage,severe,Driver shortage affecting line X4 (severe severity)
DIS-302025,WDBC,940,2026-05-12T17:19:30.000+05:45,2026-05-12T19:40:30.000+05:45,141,Roadworks,severe,Roadworks affecting line 940 (severe severity)
DIS-958494,WDBC,7B,2026-06-25T20:42:53.000+05:45,2026-06-26T00:28:53.000+05:45,226,Driver shortage,low,Driver shortage affecting line 7B (low severity)
DIS-218340,SWWD,987,2026-07-09T01:16:08.000+05:45,2026-07-09T03:52:08.000+05:45,156,Roadworks,low,Roadworks affecting line 987 (low severity)
DIS-138703,SVCT,68,2026-06-13T11:54:32.000+05:45,2026-06-13T14:47:32.000+05:45,173,Accident on route,low,Accident on route affecting line 68 (low severity)
DIS-547908,TDTR,5,2026-06-30T05:28:46.000+05:45,2026-06-30T08:37:46.000+05:45,189,Severe weather,high,Severe weather affecting line 5 (high severity)
DIS-568074,BLUS,13,2026-06-06T07:39:20.000+05:45,2026-06-06T11:24:20.000+05:45,225,Vehicle breakdown,high,Vehicle breakdown affecting line 13 (high severity)
DIS-671560,SWWD,66,2026-06-14T12:04:34.000+05:45,2026-06-14T14:19:34.000+05:45,135,Roadworks,low,Roadworks affecting line 66 (low severity)
DIS-299255,SVCT,204,2026-07-03T10:42:40.000+05:45,2026-07-03T11:23:40.000+05:45,41,Severe weather,low,Severe weather affecting line 204 (low severity)
DIS-992680,BLUS,4,2026-06-27T02:09:24.000+05:45,2026-06-27T06:08:24.000+05:45,239,Road closure,medium,Road closure affecting line 4 (medium severity)
DIS-699274,DAMY,CR7,2026-05-14T11:34:09.000+05:45,2026-05-14T11:51:09.000+05:45,17,Vehicle breakdown,medium,Vehicle breakdown affecting line CR7 (medium severity)
DIS-651213,BLUS,28,2026-05-09T08:49:52.000+05:45,2026-05-09T09:53:52.000+05:45,64,Vehicle breakdown,low,Vehicle breakdown affecting line 28 (low severity)
DIS-199570,TDTR,80,2026-07-03T17:34:53.000+05:45,2026-07-03T21:06:53.000+05:45,212,Road closure,high,Road closure affecting line 80 (high severity)
DIS-799789,SWWD,X5,2026-05-19T08:58:08.000+05:45,2026-05-19T11:16:08.000+05:45,138,Diversion,severe,Diversion affecting line X5 (severe severity)
DIS-654082,SWWD,650,2026-07-02T12:53:55.000+05:45,2026-07-02T13:29:55.000+05:45,36,Accident on route,severe,Accident on route affecting line 650 (severe severity)
DIS-977058,TDTR,842,2026-07-17T13:52:38.000+05:45,2026-07-17T17:07:38.000+05:45,195,Planned engineering works,high,Planned engineering works affecting line 842 (high severity)
DIS-792069,SWWD,907,2026-05-05T13:54:35.000+05:45,2026-05-05T14:24:35.000+05:45,30,Severe weather,medium,Severe weather affecting line 907 (medium severity)
DIS-956338,BLUS,17,2026-07-02T13:05:04.000+05:45,2026-07-02T16:17:04.000+05:45,192,Planned engineering works,severe,Planned engineering works affecting line 17 (severe severity)
DIS-229752,WDBC,m1,2026-05-07T22:59:05.000+05:45,2026-05-08T00:08:05.000+05:45,69,Severe weather,low,Severe weather affecting line m1 (low severity)
DIS-229333,BLUS,504,2026-07-12T01:42:26.000+05:45,2026-07-12T05:41:26.000+05:45,239,Diversion,medium,Diversion affecting line 504 (medium severity)
DIS-357322,SWWD,101,2026-04-23T10:36:33.000+05:45,2026-04-23T12:45:33.000+05:45,129,Vehicle breakdown,high,Vehicle breakdown affecting line 101 (high severity)
DIS-237513,WDBC,11,2026-07-03T16:15:30.000+05:45,2026-07-03T17:51:30.000+05:45,96,Diversion,severe,Diversion affecting line 11 (severe severity)
DIS-203174,SWWD,966,2026-07-04T03:21:45.000+05:45,2026-07-04T04:22:45.000+05:45,61,Road closure,low,Road closure affecting line 966 (low severity)
DIS-781173,WDBC,112,2026-05-01T21:00:21.000+05:45,2026-05-02T00:38:21.000+05:45,218,Road closure,high,Road closure affecting line 112 (high severity)
DIS-554793,BLUS,21,2026-06-18T17:17:49.000+05:45,2026-06-18T18:51:49.000+05:45,94,Roadworks,low,Roadworks affecting line 21 (low severity)
DIS-376008,TDTR,16,2026-06-02T10:33:19.000+05:45,2026-06-02T12:50:19.000+05:45,137,Diversion,low,Diversion affecting line 16 (low severity)
DIS-780320,SVCT,9,2026-06-28T13:04:07.000+05:45,2026-06-28T16:48:07.000+05:45,224,Diversion,high,Diversion affecting line 9 (high severity)
DIS-229644,SWWD,907,2026-07-13T04:38:00.000+05:45,2026-07-13T05:59:00.000+05:45,81,Diversion,low,Diversion affecting line 907 (low severity)
DIS-889699,SWWD,MHDRT,2026-06-03T10:54:56.000+05:45,2026-06-03T11:11:56.000+05:45,17,Road closure,low,Road closure affecting line MHDRT (low severity)
DIS-681036,TDTR,2,2026-07-18T22:44:35.000+05:45,2026-07-19T00:42:35.000+05:45,118,Planned engineering works,medium,Planned engineering works affecting line 2 (medium severity)
DIS-674187,WDBC,15,2026-07-13T19:56:45.000+05:45,2026-07-13T23:54:45.000+05:45,238,Road closure,high,Road closure affecting line 15 (high severity)
DIS-485520,SVCT,200,2026-05-10T15:08:27.000+05:45,2026-05-10T17:12:27.000+05:45,124,Traffic congestion,medium,Traffic congestion affecting line 200 (medium severity)
DIS-945375,SVCT,4,2026-06-20T11:41:12.000+05:45,2026-06-20T12:15:12.000+05:45,34,Severe weather,severe,Severe weather affecting line 4 (severe severity)
DIS-683593,SWWD,R14,2026-05-03T15:25:30.000+05:45,2026-05-03T15:57:30.000+05:45,32,Severe weather,medium,Severe weather affecting line R14 (medium severity)
DIS-777310,TDTR,158,2026-06-19T03:02:43.000+05:45,2026-06-19T05:04:43.000+05:45,122,Diversion,low,Diversion affecting line 158 (low severity)
DIS-877794,SVCT,TSS,2026-06-05T11:03:12.000+05:45,2026-06-05T12:22:12.000+05:45,79,Diversion,severe,Diversion affecting line TSS (severe severity)
DIS-230796,SWWD,D3,2026-04-28T12:18:11.000+05:45,2026-04-28T14:24:11.000+05:45,126,Roadworks,high,Roadworks affecting line D3 (high severity)
DIS-572224,SWWD,X7,2026-05-01T15:15:00.000+05:45,2026-05-01T17:39:00.000+05:45,144,Vehicle breakdown,high,Vehicle breakdown affecting line X7 (high severity)
DIS-222743,SVCT,205,2026-05-23T16:06:40.000+05:45,2026-05-23T18:22:40.000+05:45,136,Accident on route,medium,Accident on route affecting line 205 (medium severity)
DIS-913366,WDBC,761,2026-07-03T14:07:37.000+05:45,2026-07-03T16:08:37.000+05:45,121,Diversion,low,Diversion affecting line 761 (low severity)
DIS-945686,TDTR,R26,2026-06-08T20:01:13.000+05:45,2026-06-08T22:10:13.000+05:45,129,Diversion,medium,Diversion affecting line R26 (medium severity)
DIS-309345,WDBC,762,2026-05-07T06:07:39.000+05:45,2026-05-07T08:33:39.000+05:45,146,Planned engineering works,high,Planned engineering works affecting line 762 (high severity)
DIS-752453,TDTR,SSS,2026-06-05T18:34:03.000+05:45,2026-06-05T21:02:03.000+05:45,148,Road closure,severe,Road closure affecting line SSS (severe severity)
DIS-474175,SWWD,MHDRT,2026-05-01T21:03:25.000+05:45,2026-05-01T23:55:25.000+05:45,172,Roadworks,severe,Roadworks affecting line MHDRT (severe severity)
DIS-986285,WDBC,11,2026-05-28T13:51:54.000+05:45,2026-05-28T16:19:54.000+05:45,148,Traffic congestion,severe,Traffic congestion affecting line 11 (severe severity)
DIS-780058,WDBC,m1,2026-05-11T02:31:08.000+05:45,2026-05-11T03:58:08.000+05:45,87,Diversion,severe,Diversion affecting line m1 (severe severity)
DIS-245228,SWWD,2A,2026-06-09T18:29:28.000+05:45,2026-06-09T19:33:28.000+05:45,64,Accident on route,severe,Accident on route affecting line 2A (severe severity)
DIS-510336,SWWD,X7R,2026-04-30T08:21:07.000+05:45,2026-04-30T09:04:07.000+05:45,43,Diversion,severe,Diversion affecting line X7R (severe severity)
DIS-565436,WDBC,16,2026-06-02T22:19:15.000+05:45,2026-06-03T02:09:15.000+05:45,230,Roadworks,high,Roadworks affecting line 16 (high severity)
DIS-994184,SVCT,39,2026-05-08T01:55:29.000+05:45,2026-05-08T03:09:29.000+05:45,74,Driver shortage,high,Driver shortage affecting line 39 (high severity)
DIS-290444,WDBC,119,2026-07-13T15:41:26.000+05:45,2026-07-13T16:45:26.000+05:45,64,Planned engineering works,high,Planned engineering works affecting line 119 (high severity)
DIS-802722,WDBC,193,2026-05-22T07:38:38.000+05:45,2026-05-22T10:15:38.000+05:45,157,Driver shortage,severe,Driver shortage affecting line 193 (severe severity)
DIS-343966,TDTR,X76,2026-07-13T08:06:58.000+05:45,2026-07-13T08:16:58.000+05:45,10,Road closure,low,Road closure affecting line X76 (low severity)
DIS-987063,WDBC,82,2026-06-23T09:58:03.000+05:45,2026-06-23T11:14:03.000+05:45,76,Driver shortage,high,Driver shortage affecting line 82 (high severity)
DIS-878512,BLUS,N18,2026-05-26T05:01:44.000+05:45,2026-05-26T06:35:44.000+05:45,94,Planned engineering works,high,Planned engineering works affecting line N18 (high severity)
DIS-910840,TDTR,5,2026-06-02T12:16:13.000+05:45,2026-06-02T13:26:13.000+05:45,70,Road closure,medium,Road closure affecting line 5 (medium severity)
DIS-645456,SWWD,663,2026-05-27T21:42:38.000+05:45,2026-05-27T22:16:38.000+05:45,34,Driver shortage,severe,Driver shortage affecting line 663 (severe severity)
DIS-576457,SWWD,R2,2026-04-22T19:49:52.000+05:45,2026-04-22T20:41:52.000+05:45,52,Traffic congestion,low,Traffic congestion affecting line R2 (low severity)
DIS-545151,TDTR,X46,2026-05-27T20:21:15.000+05:45,2026-05-27T23:46:15.000+05:45,205,Road closure,high,Road closure affecting line X46 (high severity)
DIS-505556,WDBC,7A,2026-07-17T06:21:48.000+05:45,2026-07-17T07:11:48.000+05:45,50,Diversion,low,Diversion affecting line 7A (low severity)
DIS-988896,WDBC,NFR,2026-05-10T03:46:15.000+05:45,2026-05-10T05:53:15.000+05:45,127,Roadworks,severe,Roadworks affecting line NFR (severe severity)
DIS-446275,BLUS,13,2026-05-29T02:04:13.000+05:45,2026-05-29T03:18:13.000+05:45,74,Planned engineering works,severe,Planned engineering works affecting line 13 (severe severity)
DIS-176271,SQ,DEAD,2026-05-11T02:09:34.000+05:45,2026-05-11T03:33:34.000+05:45,84,Severe weather,severe,Severe weather affecting line DEAD (severe severity)
DIS-955192,SWWD,D3,2026-04-22T06:15:00.000+05:45,2026-04-22T08:11:00.000+05:45,116,Roadworks,low,Roadworks affecting line D3 (low severity)
DIS-632470,WDBC,35,2026-05-01T08:47:10.000+05:45,2026-05-01T10:34:10.000+05:45,107,Driver shortage,high,Driver shortage affecting line 35 (high severity)
DIS-736284,WDBC,82,2026-04-23T03:08:37.000+05:45,2026-04-23T05:25:37.000+05:45,137,Driver shortage,low,Driver shortage affecting line 82 (low severity)
DIS-791104,WDBC,898,2026-06-25T15:08:02.000+05:45,2026-06-25T17:48:02.000+05:45,160,Accident on route,low,Accident on route affecting line 898 (low severity)
DIS-868135,SVCT,209,2026-05-10T12:56:41.000+05:45,2026-05-10T14:38:41.000+05:45,102,Planned engineering works,medium,Planned engineering works affecting line 209 (medium severity)
DIS-668918,TDTR,X46,2026-06-05T02:00:57.000+05:45,2026-06-05T02:21:57.000+05:45,21,Traffic congestion,low,Traffic congestion affecting line X46 (low severity)
DIS-212460,BLUS,17,2026-05-09T16:37:37.000+05:45,2026-05-09T19:00:37.000+05:45,143,Planned engineering works,severe,Planned engineering works affecting line 17 (severe severity)
DIS-420051,TDTR,42,2026-07-11T02:57:53.000+05:45,2026-07-11T05:26:53.000+05:45,149,Planned engineering works,high,Planned engineering works affecting line 42 (high severity)
DIS-648857,WDBC,38,2026-07-11T12:03:36.000+05:45,2026-07-11T13:04:36.000+05:45,61,Planned engineering works,medium,Planned engineering works affecting line 38 (medium severity)
DIS-453931,DAMY,CR9,2026-05-31T00:29:52.000+05:45,2026-05-31T03:15:52.000+05:45,166,Traffic congestion,severe,Traffic congestion affecting line CR9 (severe severity)
DIS-898170,SWWD,PD3,2026-04-29T19:12:09.000+05:45,2026-04-29T19:40:09.000+05:45,28,Roadworks,severe,Roadworks affecting line PD3 (severe severity)
DIS-840243,SWWD,625,2026-07-06T17:54:07.000+05:45,2026-07-06T19:32:07.000+05:45,98,Roadworks,severe,Roadworks affecting line 625 (severe severity)
DIS-196988,SWWD,PVDRT,2026-06-15T19:44:23.000+05:45,2026-06-15T20:16:23.000+05:45,32,Severe weather,low,Severe weather affecting line PVDRT (low severity)
DIS-403056,BLUS,3,2026-06-24T16:46:12.000+05:45,2026-06-24T18:34:12.000+05:45,108,Planned engineering works,severe,Planned engineering works affecting line 3 (severe severity)
DIS-948894,WDBC,C,2026-06-08T09:38:50.000+05:45,2026-06-08T11:12:50.000+05:45,94,Roadworks,severe,Roadworks affecting line C (severe severity)
DIS-546251,SWWD,101,2026-05-19T02:37:07.000+05:45,2026-05-19T03:07:07.000+05:45,30,Severe weather,high,Severe weather affecting line 101 (high severity)
DIS-761728,TDTR,23,2026-06-25T16:02:46.000+05:45,2026-06-25T18:11:46.000+05:45,129,Accident on route,severe,Accident on route affecting line 23 (severe severity)
DIS-484544,SVCT,7,2026-05-28T15:13:00.000+05:45,2026-05-28T17:33:00.000+05:45,140,Severe weather,high,Severe weather affecting line 7 (high severity)
DIS-300123,SWWD,R14,2026-05-09T13:18:27.000+05:45,2026-05-09T14:50:27.000+05:45,92,Road closure,medium,Road closure affecting line R14 (medium severity)
DIS-776936,WDBC,38,2026-07-10T14:45:16.000+05:45,2026-07-10T17:00:16.000+05:45,135,Accident on route,severe,Accident on route affecting line 38 (severe severity)
DIS-296191,DAMY,20,2026-05-06T23:01:53.000+05:45,2026-05-07T02:56:53.000+05:45,235,Planned engineering works,high,Planned engineering works affecting line 20 (high severity)
DIS-301592,DAMY,6,2026-05-11T06:54:13.000+05:45,2026-05-11T07:18:13.000+05:45,24,Planned engineering works,high,Planned engineering works affecting line 6 (high severity)
DIS-511183,SWWD,625,2026-06-28T13:24:50.000+05:45,2026-06-28T15:02:50.000+05:45,98,Road closure,low,Road closure affecting line 625 (low severity)
DIS-783950,WDBC,3x,2026-04-29T05:01:48.000+05:45,2026-04-29T05:11:48.000+05:45,10,Road closure,severe,Road closure affecting line 3x (severe severity)
DIS-676123,BLUS,539,2026-05-21T18:54:22.000+05:45,2026-05-21T22:31:22.000+05:45,217,Diversion,low,Diversion affecting line 539 (low severity)
DIS-113223,SWWD,26,2026-06-28T02:10:30.000+05:45,2026-06-28T05:14:30.000+05:45,184,Diversion,medium,Diversion affecting line 26 (medium severity)
DIS-955334,SVCT,6,2026-05-06T04:56:11.000+05:45,2026-05-06T07:18:11.000+05:45,142,Planned engineering works,low,Planned engineering works affecting line 6 (low severity)
DIS-934031,WDBC,775,2026-06-30T03:21:36.000+05:45,2026-06-30T05:44:36.000+05:45,143,Severe weather,medium,Severe weather affecting line 775 (medium severity)
DIS-818877,BLUS,4,2026-05-16T09:53:32.000+05:45,2026-05-16T11:12:32.000+05:45,79,Severe weather,high,Severe weather affecting line 4 (high severity)
DIS-101593,WDBC,B,2026-05-15T15:49:12.000+05:45,2026-05-15T18:36:12.000+05:45,167,Vehicle breakdown,severe,Vehicle breakdown affecting line B (severe severity)
DIS-906553,WDBC,13A,2026-05-30T01:04:12.000+05:45,2026-05-30T05:01:12.000+05:45,237,Road closure,high,Road closure affecting line 13A (high severity)
DIS-578360,SWWD,PR11,2026-07-07T04:10:28.000+05:45,2026-07-07T04:26:28.000+05:45,16,Traffic congestion,severe,Traffic congestion affecting line PR11 (severe severity)
DIS-714518,TDTR,42,2026-07-19T05:41:24.000+05:45,2026-07-19T09:29:24.000+05:45,228,Diversion,low,Diversion affecting line 42 (low severity)
DIS-618934,TDTR,217,2026-06-13T22:27:06.000+05:45,2026-06-14T01:41:06.000+05:45,194,Road closure,severe,Road closure affecting line 217 (severe severity)
DIS-858894,SVCT,39,2026-07-19T00:22:03.000+05:45,2026-07-19T01:02:03.000+05:45,40,Vehicle breakdown,high,Vehicle breakdown affecting line 39 (high severity)
DIS-597924,WDBC,10,2026-04-22T20:24:53.000+05:45,2026-04-22T23:07:53.000+05:45,163,Diversion,medium,Diversion affecting line 10 (medium severity)
DIS-991588,SWWD,906,2026-05-23T01:58:57.000+05:45,2026-05-23T04:30:57.000+05:45,152,Driver shortage,severe,Driver shortage affecting line 906 (severe severity)
DIS-549816,TDTR,9,2026-05-18T23:55:35.000+05:45,2026-05-19T03:11:35.000+05:45,196,Driver shortage,high,Driver shortage affecting line 9 (high severity)
DIS-172444,WDBC,125,2026-05-07T21:20:56.000+05:45,2026-05-07T21:48:56.000+05:45,28,Traffic congestion,medium,Traffic congestion affecting line 125 (medium severity)
DIS-931319,WDBC,70,2026-06-13T16:04:35.000+05:45,2026-06-13T19:40:35.000+05:45,216,Driver shortage,medium,Driver shortage affecting line 70 (medium severity)
DIS-468530,WDBC,4,2026-07-06T17:56:44.000+05:45,2026-07-06T21:50:44.000+05:45,234,Driver shortage,high,Driver shortage affecting line 4 (high severity)
DIS-747185,WDBC,32,2026-07-14T18:20:11.000+05:45,2026-07-14T21:05:11.000+05:45,165,Severe weather,medium,Severe weather affecting line 32 (medium severity)
DIS-985873,WDBC,193,2026-07-01T22:39:31.000+05:45,2026-07-02T02:09:31.000+05:45,210,Severe weather,medium,Severe weather affecting line 193 (medium severity)
DIS-150828,WDBC,14,2026-06-29T07:03:42.000+05:45,2026-06-29T09:04:42.000+05:45,121,Roadworks,high,Roadworks affecting line 14 (high severity)
DIS-481144,BLUS,PR1,2026-06-19T12:55:02.000+05:45,2026-06-19T14:16:02.000+05:45,81,Traffic congestion,severe,Traffic congestion affecting line PR1 (severe severity)
DIS-244801,SVCT,214,2026-07-12T18:15:46.000+05:45,2026-07-12T18:30:46.000+05:45,15,Traffic congestion,high,Traffic congestion affecting line 214 (high severity)
DIS-295176,BLUS,634,2026-05-03T10:56:53.000+05:45,2026-05-03T14:36:53.000+05:45,220,Vehicle breakdown,high,Vehicle breakdown affecting line 634 (high severity)
DIS-940993,WDBC,775,2026-06-12T01:56:17.000+05:45,2026-06-12T04:06:17.000+05:45,130,Diversion,high,Diversion affecting line 775 (high severity)
DIS-293351,BLUS,28,2026-05-22T07:02:00.000+05:45,2026-05-22T07:12:00.000+05:45,10,Traffic congestion,severe,Traffic congestion affecting line 28 (severe severity)
DIS-951325,BLUS,17,2026-07-09T03:12:20.000+05:45,2026-07-09T03:56:20.000+05:45,44,Traffic congestion,low,Traffic congestion affecting line 17 (low severity)
DIS-566916,SWWD,R4,2026-07-19T09:53:39.000+05:45,2026-07-19T11:31:39.000+05:45,98,Road closure,low,Road closure affecting line R4 (low severity)
DIS-551169,BLUS,1,2026-06-29T14:44:31.000+05:45,2026-06-29T17:19:31.000+05:45,155,Traffic congestion,medium,Traffic congestion affecting line 1 (medium severity)
DIS-430480,SWWD,66,2026-04-26T08:37:43.000+05:45,2026-04-26T08:55:43.000+05:45,18,Diversion,high,Diversion affecting line 66 (high severity)
DIS-361040,WDBC,Q1,2026-04-25T07:26:17.000+05:45,2026-04-25T08:05:17.000+05:45,39,Traffic congestion,severe,Traffic congestion affecting line Q1 (severe severity)
DIS-612213,BLUS,757,2026-04-22T04:31:34.000+05:45,2026-04-22T05:57:34.000+05:45,86,Diversion,high,Diversion affecting line 757 (high severity)
DIS-999076,WDBC,m1,2026-05-08T02:06:57.000+05:45,2026-05-08T05:21:57.000+05:45,195,Vehicle breakdown,medium,Vehicle breakdown affecting line m1 (medium severity)
DIS-707278,SWWD,D3,2026-05-22T22:34:36.000+05:45,2026-05-23T01:05:36.000+05:45,151,Severe weather,medium,Severe weather affecting line D3 (medium severity)
DIS-677410,BLUS,PR1,2026-06-22T21:37:38.000+05:45,2026-06-23T00:16:38.000+05:45,159,Accident on route,severe,Accident on route affecting line PR1 (severe severity)
DIS-699524,WDBC,36,2026-07-07T12:31:35.000+05:45,2026-07-07T16:24:35.000+05:45,233,Vehicle breakdown,high,Vehicle breakdown affecting line 36 (high severity)
DIS-539917,WDBC,X3,2026-07-13T02:13:12.000+05:45,2026-07-13T05:59:12.000+05:45,226,Driver shortage,high,Driver shortage affecting line X3 (high severity)
DIS-851141,TDTR,2,2026-06-23T17:46:03.000+05:45,2026-06-23T19:47:03.000+05:45,121,Planned engineering works,low,Planned engineering works affecting line 2 (low severity)
DIS-253274,WDBC,RG2,2026-05-24T05:30:46.000+05:45,2026-05-24T07:26:46.000+05:45,116,Planned engineering works,high,Planned engineering works affecting line RG2 (high severity)
DIS-822727,SVCT,211,2026-04-23T00:07:46.000+05:45,2026-04-23T04:06:46.000+05:45,239,Roadworks,medium,Roadworks affecting line 211 (medium severity)
DIS-894175,SVCT,211,2026-04-22T22:10:50.000+05:45,2026-04-22T22:51:50.000+05:45,41,Diversion,low,Diversion affecting line 211 (low severity)
DIS-835899,SQ,TW1,2026-05-25T11:01:22.000+05:45,2026-05-25T11:28:22.000+05:45,27,Vehicle breakdown,severe,Vehicle breakdown affecting line TW1 (severe severity)
