disruption_id,operator_ref,route_number,start_time,end_time,duration_minutes,reason,severity,description
DIS-421924,WDBC,9,2026-06-06T22:34:31.000+05:45,2026-06-06T22:59:31.000+05:45,25,Traffic congestion,medium,Traffic congestion affecting line 9 (medium severity)
DIS-269730,SVCT,37,2026-04-22T17:50:01.000+05:45,2026-04-22T18:12:01.000+05:45,22,Driver shortage,medium,Driver shortage affecting line 37 (medium severity)
DIS-740692,WDBC,Q1,2026-06-01T00:51:04.000+05:45,2026-06-01T01:16:04.000+05:45,25,Road closure,severe,Road closure affecting line Q1 (severe severity)
DIS-354653,SWWD,X7R,2026-04-21T02:17:25.000+05:45,2026-04-21T06:06:25.000+05:45,229,Driver shortage,severe,Driver shortage affecting line X7R (severe severity)
DIS-522063,WDBC,9,2026-05-20T10:05:53.000+05:45,2026-05-20T11:45:53.000+05:45,100,Diversion,low,Diversion affecting line 9 (low severity)
DIS-893779,TDTR,21,2026-06-10T15:51:50.000+05:45,2026-06-10T17:40:50.000+05:45,109,Roadworks,severe,Roadworks affecting line 21 (severe severity)
DIS-200389,BLUS,538,2026-06-30T04:38:17.000+05:45,2026-06-30T07:12:17.000+05:45,154,Traffic congestion,medium,Traffic congestion affecting line 538 (medium severity)
DIS-634840,WDBC,A,2026-05-29T01:38:38.000+05:45,2026-05-29T02:40:38.000+05:45,62,Vehicle breakdown,high,Vehicle breakdown affecting line A (high severity)
DIS-378724,WDBC,13A,2026-04-22T15:35:10.000+05:45,2026-04-22T16:28:10.000+05:45,53,Planned engineering works,high,Planned engineering works affecting line 13A (high severity)
DIS-364295,SWWD,PR7,2026-05-17T14:07:25.000+05:45,2026-05-17T14:49:25.000+05:45,42,Traffic congestion,medium,Traffic congestion affecting line PR7 (medium severity)
DIS-767848,SVCT,206,2026-07-04T01:56:14.000+05:45,2026-07-04T03:01:14.000+05:45,65,Planned engineering works,low,Planned engineering works affecting line 206 (low severity)
DIS-895238,SWWD,R5,2026-05-05T22:35:03.000+05:45,2026-05-06T02:08:03.000+05:45,213,Driver shortage,severe,Driver shortage affecting line R5 (severe severity)
DIS-189946,WDBC,A,2026-06-17T03:35:59.000+05:45,2026-06-17T07:27:59.000+05:45,232,Accident on route,severe,Accident on route affecting line A (severe severity)
DIS-195030,BLUS,15,2026-07-18T08:41:31.000+05:45,2026-07-18T11:06:31.000+05:45,145,Accident on route,severe,Accident on route affecting line 15 (severe severity)
DIS-897193,BLUS,PR1,2026-05-08T13:21:37.000+05:45,2026-05-08T17:02:37.000+05:45,221,Traffic congestion,low,Traffic congestion affecting line PR1 (low severity)
DIS-806108,TDTR,16,2026-05-31T02:52:14.000+05:45,2026-05-31T04:55:14.000+05:45,123,Roadworks,low,Roadworks affecting line 16 (low severity)
DIS-858332,TDTR,154,2026-06-25T07:39:23.000+05:45,2026-06-25T09:23:23.000+05:45,104,Traffic congestion,severe,Traffic congestion affecting line 154 (severe severity)
DIS-432863,WDBC,13A,2026-05-31T01:50:34.000+05:45,2026-05-31T04:42:34.000+05:45,172,Traffic congestion,high,Traffic congestion affecting line 13A (high severity)
DIS-681657,SVCT,22,2026-06-16T14:34:10.000+05:45,2026-06-16T15:34:10.000+05:45,60,Severe weather,high,Severe weather affecting line 22 (high severity)
DIS-402350,SWWD,44,2026-05-02T21:51:51.000+05:45,2026-05-02T22:39:51.000+05:45,48,Roadworks,severe,Roadworks affecting line 44 (severe severity)
DIS-234934,WDBC,13,2026-06-25T04:32:55.000+05:45,2026-06-25T06:24:55.000+05:45,112,Road closure,medium,Road closure affecting line 13 (medium severity)
DIS-802517,WDBC,16,2026-06-15T18:03:06.000+05:45,2026-06-15T19:20:06.000+05:45,77,Accident on route,severe,Accident on route affecting line 16 (severe severity)
DIS-512609,SWWD,PR3,2026-07-11T22:15:27.000+05:45,2026-07-11T23:31:27.000+05:45,76,Traffic congestion,severe,Traffic congestion affecting line PR3 (severe severity)
DIS-459905,WDBC,32,2026-07-04T13:42:32.000+05:45,2026-07-04T14:32:32.000+05:45,50,Road closure,severe,Road closure affecting line 32 (severe severity)
DIS-766081,SVCT,3,2026-04-21T06:18:45.000+05:45,2026-04-21T06:38:45.000+05:45,20,Driver shortage,low,Driver shortage affecting line 3 (low severity)
DIS-144735,DAMY,6,2026-07-15T20:28:38.000+05:45,2026-07-16T00:15:38.000+05:45,227,Diversion,medium,Diversion affecting line 6 (medium severity)
DIS-844818,SVCT,206,2026-07-05T09:45:22.000+05:45,2026-07-05T10:44:22.000+05:45,59,Planned engineering works,high,Planned engineering works affecting line 206 (high severity)
DIS-723881,SQ,TW1,2026-05-09T03:32:09.000+05:45,2026-05-09T05:08:09.000+05:45,96,Driver shortage,high,Driver shortage affecting line TW1 (high severity)
DIS-201395,BLUS,61,2026-07-13T11:30:11.000+05:45,2026-07-13T14:52:11.000+05:45,202,Severe weather,low,Severe weather affecting line 61 (low severity)
DIS-560658,SWWD,901,2026-05-14T20:27:44.000+05:45,2026-05-15T00:00:44.000+05:45,213,Diversion,severe,Diversion affecting line 901 (severe severity)
DIS-691630,BLUS,12,2026-05-11T17:48:39.000+05:45,2026-05-11T19:22:39.000+05:45,94,Roadworks,high,Roadworks affecting line 12 (high severity)
DIS-572860,SWWD,TPDRT,2026-05-13T04:15:26.000+05:45,2026-05-13T06:04:26.000+05:45,109,Vehicle breakdown,medium,Vehicle breakdown affecting line TPDRT (medium severity)
DIS-239174,WDBC,X6,2026-05-07T05:20:21.000+05:45,2026-05-07T08:32:21.000+05:45,192,Accident on route,severe,Accident on route affecting line X6 (severe severity)
DIS-431068,SQ,TW2,2026-06-02T22:44:22.000+05:45,2026-06-03T00:02:22.000+05:45,78,Road closure,severe,Road closure affecting line TW2 (severe severity)
DIS-637753,WDBC,36,2026-04-24T20:53:48.000+05:45,2026-04-25T00:22:48.000+05:45,209,Planned engineering works,low,Planned engineering works affecting line 36 (low severity)
DIS-305769,WDBC,940,2026-05-01T04:12:33.000+05:45,2026-05-01T05:09:33.000+05:45,57,Road closure,low,Road closure affecting line 940 (low severity)
DIS-643350,WDBC,898,2026-05-11T12:18:08.000+05:45,2026-05-11T16:16:08.000+05:45,238,Road closure,medium,Road closure affecting line 898 (medium severity)
DIS-194518,SWWD,2,2026-05-27T14:08:36.000+05:45,2026-05-27T16:36:36.000+05:45,148,Roadworks,medium,Roadworks affecting line 2 (medium severity)
DIS-570614,DAMY,X8,2026-05-09T06:36:14.000+05:45,2026-05-09T08:59:14.000+05:45,143,Diversion,low,Diversion affecting line X8 (low severity)
DIS-379326,BLUS,10,2026-06-14T05:21:22.000+05:45,2026-06-14T06:00:22.000+05:45,39,Roadworks,high,Roadworks affecting line 10 (high severity)
DIS-549249,SWWD,X2,2026-05-03T09:14:45.000+05:45,2026-05-03T09:38:45.000+05:45,24,Accident on route,severe,Accident on route affecting line X2 (severe severity)
DIS-849786,WDBC,U3,2026-06-05T02:44:13.000+05:45,2026-06-05T05:15:13.000+05:45,151,Severe weather,severe,Severe weather affecting line U3 (severe severity)
DIS-486864,BLUS,N18,2026-07-02T10:56:10.000+05:45,2026-07-02T11:41:10.000+05:45,45,Roadworks,severe,Roadworks affecting line N18 (severe severity)
DIS-434757,TDTR,14,2026-07-07T03:42:56.000+05:45,2026-07-07T05:10:56.000+05:45,88,Planned engineering works,high,Planned engineering works affecting line 14 (high severity)
DIS-675434,BLUS,N18,2026-05-11T12:04:35.000+05:45,2026-05-11T15:14:35.000+05:45,190,Vehicle breakdown,medium,Vehicle breakdown affecting line N18 (medium severity)
DIS-216884,TDTR,13,2026-05-22T04:22:09.000+05:45,2026-05-22T07:31:09.000+05:45,189,Vehicle breakdown,medium,Vehicle breakdown affecting line 13 (medium severity)
DIS-190792,SWWD,R6,2026-07-17T04:05:32.000+05:45,2026-07-17T08:04:32.000+05:45,239,Planned engineering works,high,Planned engineering works affecting line R6 (high severity)
DIS-722604,SWWD,R14,2026-05-19T12:15:49.000+05:45,2026-05-19T15:52:49.000+05:45,217,Driver shortage,severe,Driver shortage affecting line R14 (severe severity)
DIS-816135,BLUS,12,2026-07-17T01:32:38.000+05:45,2026-07-17T03:40:38.000+05:45,128,Accident on route,low,Accident on route affecting line 12 (low severity)
DIS-600292,SWWD,937,2026-04-28T05:05:20.000+05:45,2026-04-28T08:04:20.000+05:45,179,Accident on route,low,Accident on route affecting line 937 (low severity)
DIS-313128,WDBC,m1,2026-06-06T04:38:11.000+05:45,2026-06-06T05:50:11.000+05:45,72,Driver shortage,low,Driver shortage affecting line m1 (low severity)
DIS-101212,BLUS,N18,2026-06-19T02:38:51.000+05:45,2026-06-19T06:23:51.000+05:45,225,Driver shortage,low,Driver shortage affecting line N18 (low severity)
DIS-179195,SVCT,68,2026-06-27T08:13:02.000+05:45,2026-06-27T12:05:02.000+05:45,232,Traffic congestion,medium,Traffic congestion affecting line 68 (medium severity)
DIS-674564,TDTR,9,2026-05-05T16:08:38.000+05:45,2026-05-05T19:11:38.000+05:45,183,Diversion,high,Diversion affecting line 9 (high severity)
DIS-468742,DAMY,CR9,2026-06-07T11:04:19.000+05:45,2026-06-07T11:52:19.000+05:45,48,Severe weather,high,Severe weather affecting line CR9 (high severity)
DIS-300499,WDBC,25,2026-06-04T02:50:54.000+05:45,2026-06-04T04:44:54.000+05:45,114,Vehicle breakdown,severe,Vehicle breakdown affecting line 25 (severe severity)
DIS-636278,WDBC,7B,2026-06-14T19:13:49.000+05:45,2026-06-14T20:11:49.000+05:45,58,Severe weather,severe,Severe weather affecting line 7B (severe severity)
DIS-800404,WDBC,125,2026-05-07T03:27:36.000+05:45,2026-05-07T03:59:36.000+05:45,32,Diversion,high,Diversion affecting line 125 (high severity)
DIS-803199,DAMY,CR9,2026-06-12T17:35:40.000+05:45,2026-06-12T19:42:40.000+05:45,127,Accident on route,severe,Accident on route affecting line CR9 (severe severity)
DIS-598076,DAMY,6,2026-06-16T06:02:36.000+05:45,2026-06-16T07:09:36.000+05:45,67,Traffic congestion,low,Traffic congestion affecting line 6 (low severity)
DIS-109767,SWWD,X5,2026-07-18T11:15:39.000+05:45,2026-07-18T11:39:39.000+05:45,24,Traffic congestion,medium,Traffic congestion affecting line X5 (medium severity)
DIS-244927,BLUS,2,2026-07-16T02:10:47.000+05:45,2026-07-16T03:34:47.000+05:45,84,Traffic congestion,low,Traffic congestion affecting line 2 (low severity)
DIS-436875,TDTR,R26,2026-05-02T19:00:12.000+05:45,2026-05-02T20:27:12.000+05:45,87,Severe weather,medium,Severe weather affecting line R26 (medium severity)
DIS-307443,DAMY,CR8,2026-06-05T00:17:21.000+05:45,2026-06-05T03:55:21.000+05:45,218,Accident on route,severe,Accident on route affecting line CR8 (severe severity)
DIS-925094,SVCT,TDB,2026-05-19T10:48:40.000+05:45,2026-05-19T13:51:40.000+05:45,183,Accident on route,high,Accident on route affecting line TDB (high severity)
DIS-662673,BLUS,757,2026-05-18T14:33:28.000+05:45,2026-05-18T17:25:28.000+05:45,172,Severe weather,medium,Severe weather affecting line 757 (medium severity)
DIS-699734,BLUS,20,2026-05-25T09:46:32.000+05:45,2026-05-25T12:52:32.000+05:45,186,Vehicle breakdown,medium,Vehicle breakdown affecting line 20 (medium severity)
DIS-205809,WDBC,13,2026-07-08T13:06:53.000+05:45,2026-07-08T17:00:53.000+05:45,234,Roadworks,low,Roadworks affecting line 13 (low severity)
DIS-501590,SWWD,X2,2026-04-24T14:03:06.000+05:45,2026-04-24T16:36:06.000+05:45,153,Accident on route,severe,Accident on route affecting line X2 (severe severity)
DIS-564685,BLUS,20,2026-07-08T13:43:16.000+05:45,2026-07-08T15:45:16.000+05:45,122,Road closure,medium,Road closure affecting line 20 (medium severity)
DIS-631310,SWWD,66,2026-05-02T07:32:04.000+05:45,2026-05-02T07:51:04.000+05:45,19,Roadworks,medium,Roadworks affecting line 66 (medium severity)
DIS-869434,WDBC,38,2026-06-20T21:38:50.000+05:45,2026-06-21T00:41:50.000+05:45,183,Driver shortage,low,Driver shortage affecting line 38 (low severity)
DIS-958509,TDTR,158,2026-05-13T00:29:40.000+05:45,2026-05-13T01:53:40.000+05:45,84,Roadworks,low,Roadworks affecting line 158 (low severity)
DIS-414998,WDBC,761,2026-05-03T05:20:49.000+05:45,2026-05-03T06:11:49.000+05:45,51,Accident on route,medium,Accident on route affecting line 761 (medium severity)
DIS-468921,WDBC,35,2026-07-14T18:46:12.000+05:45,2026-07-14T19:05:12.000+05:45,19,Traffic congestion,low,Traffic congestion affecting line 35 (low severity)
DIS-298763,WDBC,36,2026-05-07T17:24:48.000+05:45,2026-05-07T18:15:48.000+05:45,51,Traffic congestion,high,Traffic congestion affecting line 36 (high severity)
DIS-917849,BLUS,10,2026-06-11T12:20:01.000+05:45,2026-06-11T14:51:01.000+05:45,151,Diversion,low,Diversion affecting line 10 (low severity)
DIS-489151,TDTR,15,2026-06-14T12:51:15.000+05:45,2026-06-14T15:44:15.000+05:45,173,Accident on route,low,Accident on route affecting line 15 (low severity)
DIS-113546,SWWD,PR11,2026-05-26T17:33:25.000+05:45,2026-05-26T21:05:25.000+05:45,212,Driver shortage,low,Driver shortage affecting line PR11 (low severity)
DIS-738421,SWWD,PR7,2026-06-25T14:00:51.000+05:45,2026-06-25T17:05:51.000+05:45,185,Vehicle breakdown,medium,Vehicle breakdown affecting line PR7 (medium severity)
DIS-589292,BLUS,19,2026-04-25T06:38:01.000+05:45,2026-04-25T06:52:01.000+05:45,14,Vehicle breakdown,high,Vehicle breakdown affecting line 19 (high severity)
DIS-874401,TDTR,154,2026-06-19T09:15:03.000+05:45,2026-06-19T10:43:03.000+05:45,88,Roadworks,high,Roadworks affecting line 154 (high severity)
DIS-955789,SWWD,R1,2026-05-22T18:36:25.000+05:45,2026-05-22T19:32:25.000+05:45,56,Vehicle breakdown,medium,Vehicle breakdown affecting line R1 (medium severity)
DIS-761624,WDBC,L5,2026-06-03T23:46:59.000+05:45,2026-06-04T00:56:59.000+05:45,70,Accident on route,low,Accident on route affecting line L5 (low severity)
DIS-384913,WDBC,762,2026-05-22T10:50:22.000+05:45,2026-05-22T11:05:22.000+05:45,15,Accident on route,severe,Accident on route affecting line 762 (severe severity)
DIS-620495,WDBC,3x,2026-06-17T19:40:48.000+05:45,2026-06-17T22:36:48.000+05:45,176,Accident on route,medium,Accident on route affecting line 3x (medium severity)
DIS-150327,WDBC,9,2026-06-12T18:27:13.000+05:45,2026-06-12T18:37:13.000+05:45,10,Driver shortage,severe,Driver shortage affecting line 9 (severe severity)
DIS-528084,SWWD,R14,2026-07-16T13:38:17.000+05:45,2026-07-16T16:43:17.000+05:45,185,Traffic congestion,severe,Traffic congestion affecting line R14 (severe severity)
DIS-613837,BLUS,15,2026-07-18T05:31:44.000+05:45,2026-07-18T09:03:44.000+05:45,212,Roadworks,low,Roadworks affecting line 15 (low severity)
DIS-856103,TDTR,15,2026-05-12T15:32:19.000+05:45,2026-05-12T18:34:19.000+05:45,182,Accident on route,high,Accident on route affecting line 15 (high severity)
DIS-304248,BLUS,634,2026-06-23T07:32:58.000+05:45,2026-06-23T09:45:58.000+05:45,133,Road closure,severe,Road closure affecting line 634 (severe severity)
DIS-174963,WDBC,35,2026-05-14T10:22:55.000+05:45,2026-05-14T13:19:55.000+05:45,177,Diversion,medium,Diversion affecting line 35 (medium severity)
DIS-853492,DAMY,1,2026-06-24T01:09:55.000+05:45,2026-06-24T03:38:55.000+05:45,149,Vehicle breakdown,medium,Vehicle breakdown affecting line 1 (medium severity)
DIS-852916,SWWD,650,2026-07-19T11:10:53.000+05:45,2026-07-19T11:20:53.000+05:45,10,Driver shortage,high,Driver shortage affecting line 650 (high severity)
DIS-856875,TDTR,13,2026-06-05T21:10:36.000+05:45,2026-06-05T22:15:36.000+05:45,65,Diversion,severe,Diversion affecting line 13 (severe severity)
DIS-651712,WDBC,775,2026-06-09T06:14:22.000+05:45,2026-06-09T08:44:22.000+05:45,150,Severe weather,severe,Severe weather affecting line 775 (severe severity)
DIS-228572,TDTR,2,2026-05-15T15:57:49.000+05:45,2026-05-15T16:14:49.000+05:45,17,Roadworks,severe,Roadworks affecting line 2 (severe severity)
DIS-885190,WDBC,m2,2026-05-30T04:57:18.000+05:45,2026-05-30T08:43:18.000+05:45,226,Severe weather,medium,Severe weather affecting line m2 (medium severity)
DIS-197124,SWWD,PR11,2026-07-03T20:57:06.000+05:45,2026-07-03T21:33:06.000+05:45,36,Roadworks,high,Roadworks affecting line PR11 (high severity)
DIS-301054,SWWD,44,2026-05-05T16:43:03.000+05:45,2026-05-05T17:56:03.000+05:45,73,Vehicle breakdown,medium,Vehicle breakdown affecting line 44 (medium severity)
DIS-292513,WDBC,119,2026-06-17T17:36:22.000+05:45,2026-06-17T18:57:22.000+05:45,81,Diversion,medium,Diversion affecting line 119 (medium severity)
DIS-601990,SVCT,201,2026-04-25T06:01:16.000+05:45,2026-04-25T07:17:16.000+05:45,76,Roadworks,severe,Roadworks affecting line 201 (severe severity)
DIS-948524,SWWD,987,2026-05-17T11:14:31.000+05:45,2026-05-17T12:16:31.000+05:45,62,Diversion,high,Diversion affecting line 987 (high severity)
DIS-130136,WDBC,1B,2026-06-21T19:15:43.000+05:45,2026-06-21T20:08:43.000+05:45,53,Roadworks,medium,Roadworks affecting line 1B (medium severity)
DIS-580113,WDBC,3x,2026-05-31T14:24:31.000+05:45,2026-05-31T14:58:31.000+05:45,34,Diversion,low,Diversion affecting line 3x (low severity)
DIS-883013,SWWD,X4,2026-05-11T00:36:18.000+05:45,2026-05-11T04:04:18.000+05:45,208,Vehicle breakdown,high,Vehicle breakdown affecting line X4 (high severity)
DIS-497997,SVCT,214,2026-06-22T03:22:47.000+05:45,2026-06-22T04:24:47.000+05:45,62,Diversion,severe,Diversion affecting line 214 (severe severity)
DIS-250103,BLUS,14,2026-06-23T11:54:25.000+05:45,2026-06-23T13:36:25.000+05:45,102,Severe weather,high,Severe weather affecting line 14 (high severity)
DIS-356958,WDBC,32,2026-04-27T01:53:22.000+05:45,2026-04-27T02:43:22.000+05:45,50,Road closure,low,Road closure affecting line 32 (low severity)
DIS-105971,WDBC,50,2026-06-06T23:38:56.000+05:45,2026-06-07T01:28:56.000+05:45,110,Traffic congestion,high,Traffic congestion affecting line 50 (high severity)
DIS-754628,SVCT,209,2026-06-05T07:17:03.000+05:45,2026-06-05T07:36:03.000+05:45,19,Diversion,severe,Diversion affecting line 209 (severe severity)
DIS-176250,WDBC,8,2026-06-06T13:40:19.000+05:45,2026-06-06T14:51:19.000+05:45,71,Roadworks,high,Roadworks affecting line 8 (high severity)
DIS-866331,BLUS,QC,2026-06-01T06:09:41.000+05:45,2026-06-01T07:41:41.000+05:45,92,Road closure,low,Road closure affecting line QC (low severity)
DIS-606930,SVCT,68,2026-06-19T23:41:03.000+05:45,2026-06-20T03:18:03.000+05:45,217,Severe weather,severe,Severe weather affecting line 68 (severe severity)
DIS-126809,TDTR,13,2026-05-23T21:15:58.000+05:45,2026-05-23T23:15:58.000+05:45,120,Accident on route,low,Accident on route affecting line 13 (low severity)
DIS-505368,SWWD,937,2026-04-25T03:05:49.000+05:45,2026-04-25T05:27:49.000+05:45,142,Driver shortage,low,Driver shortage affecting line 937 (low severity)
DIS-104098,SWWD,PVDRT,2026-06-16T22:43:57.000+05:45,2026-06-17T01:41:57.000+05:45,178,Traffic congestion,medium,Traffic congestion affecting line PVDRT (medium severity)
DIS-768966,TDTR,5,2026-05-14T20:23:33.000+05:45,2026-05-15T00:17:33.000+05:45,234,Road closure,medium,Road closure affecting line 5 (medium severity)
DIS-530218,SWWD,MHDRT,2026-07-18T19:24:28.000+05:45,2026-07-18T23:22:28.000+05:45,238,Severe weather,severe,Severe weather affecting line MHDRT (severe severity)
DIS-117386,WDBC,120,2026-05-02T23:47:49.000+05:45,2026-05-03T00:32:49.000+05:45,45,Vehicle breakdown,low,Vehicle breakdown affecting line 120 (low severity)
DIS-584955,SWWD,X4,2026-04-25T04:01:09.000+05:45,2026-04-25T06:59:09.000+05:45,178,Road closure,medium,Road closure affecting line X4 (medium severity)
DIS-766552,TDTR,R26,2026-07-07T03:13:25.000+05:45,2026-07-07T06:46:25.000+05:45,213,Diversion,severe,Diversion affecting line R26 (severe severity)
DIS-709720,SQ,DEAD,2026-05-14T08:28:39.000+05:45,2026-05-14T09:53:39.000+05:45,85,Severe weather,medium,Severe weather affecting line DEAD (medium severity)
DIS-115028,WDBC,U1,2026-06-27T05:37:39.000+05:45,2026-06-27T06:53:39.000+05:45,76,Planned engineering works,low,Planned engineering works affecting line U1 (low severity)
DIS-507027,SVCT,209,2026-05-22T23:08:32.000+05:45,2026-05-23T01:39:32.000+05:45,151,Roadworks,high,Roadworks affecting line 209 (high severity)
DIS-209110,BLUS,PR1,2026-05-01T19:20:07.000+05:45,2026-05-01T22:17:07.000+05:45,177,Roadworks,low,Roadworks affecting line PR1 (low severity)
DIS-259554,WDBC,m1,2026-07-11T18:29:04.000+05:45,2026-07-11T20:46:04.000+05:45,137,Diversion,severe,Diversion affecting line m1 (severe severity)
DIS-139691,WDBC,6,2026-04-29T20:47:18.000+05:45,2026-04-29T23:49:18.000+05:45,182,Driver shortage,high,Driver shortage affecting line 6 (high severity)
DIS-997307,UNIL,U1C,2026-07-01T20:49:31.000+05:45,2026-07-01T22:03:31.000+05:45,74,Accident on route,medium,Accident on route affecting line U1C (medium severity)
DIS-829747,BLUS,9,2026-05-16T04:13:45.000+05:45,2026-05-16T07:33:45.000+05:45,200,Accident on route,medium,Accident on route affecting line 9 (medium severity)
DIS-963965,SVCT,207,2026-05-03T14:47:58.000+05:45,2026-05-03T15:50:58.000+05:45,63,Vehicle breakdown,severe,Vehicle breakdown affecting line 207 (severe severity)
DIS-819451,WDBC,10,2026-05-05T08:18:03.000+05:45,2026-05-05T11:43:03.000+05:45,205,Driver shortage,medium,Driver shortage affecting line 10 (medium severity)
DIS-403091,WDBC,81,2026-06-22T03:19:13.000+05:45,2026-06-22T03:59:13.000+05:45,40,Diversion,medium,Diversion affecting line 81 (medium severity)
DIS-156504,SWWD,8,2026-06-17T21:21:15.000+05:45,2026-06-17T22:03:15.000+05:45,42,Accident on route,high,Accident on route affecting line 8 (high severity)
DIS-120132,SVCT,213,2026-07-11T23:26:32.000+05:45,2026-07-12T01:16:32.000+05:45,110,Accident on route,medium,Accident on route affecting line 213 (medium severity)
DIS-280399,WDBC,14,2026-05-23T22:05:02.000+05:45,2026-05-24T00:54:02.000+05:45,169,Planned engineering works,low,Planned engineering works affecting line 14 (low severity)
DIS-885126,BLUS,17,2026-05-28T03:15:54.000+05:45,2026-05-28T07:01:54.000+05:45,226,Severe weather,high,Severe weather affecting line 17 (high severity)
DIS-685324,BLUS,24,2026-05-13T16:21:20.000+05:45,2026-05-13T18:25:20.000+05:45,124,Driver shortage,high,Driver shortage affecting line 24 (high severity)
DIS-367447,WDBC,20,2026-06-17T15:27:29.000+05:45,2026-06-17T16:45:29.000+05:45,78,Diversion,high,Diversion affecting line 20 (high severity)
DIS-856371,SWWD,D3,2026-06-12T14:48:01.000+05:45,2026-06-12T15:42:01.000+05:45,54,Severe weather,severe,Severe weather affecting line D3 (severe severity)
DIS-661878,DAMY,CR9,2026-06-03T17:36:51.000+05:45,2026-06-03T19:01:51.000+05:45,85,Vehicle breakdown,high,Vehicle breakdown affecting line CR9 (high severity)
DIS-525354,SQ,DEAD,2026-06-08T03:12:56.000+05:45,2026-06-08T03:50:56.000+05:45,38,Driver shortage,medium,Driver shortage affecting line DEAD (medium severity)
DIS-266463,WDBC,7A,2026-06-11T17:47:46.000+05:45,2026-06-11T19:09:46.000+05:45,82,Vehicle breakdown,severe,Vehicle breakdown affecting line 7A (severe severity)
DIS-546764,BLUS,503,2026-06-02T23:21:00.000+05:45,2026-06-03T00:54:00.000+05:45,93,Diversion,severe,Diversion affecting line 503 (severe severity)
DIS-989089,WDBC,NFR,2026-07-16T05:38:18.000+05:45,2026-07-16T08:23:18.000+05:45,165,Accident on route,severe,Accident on route affecting line NFR (severe severity)
DIS-756318,WDBC,26,2026-07-17T21:19:42.000+05:45,2026-07-18T00:24:42.000+05:45,185,Road closure,medium,Road closure affecting line 26 (medium severity)
DIS-946800,SWWD,29,2026-06-06T20:57:17.000+05:45,2026-06-06T22:55:17.000+05:45,118,Accident on route,severe,Accident on route affecting line 29 (severe severity)
DIS-922140,WDBC,26,2026-06-16T09:44:49.000+05:45,2026-06-16T12:17:49.000+05:45,153,Roadworks,high,Roadworks affecting line 26 (high severity)
DIS-196957,SVCT,212,2026-06-13T19:27:36.000+05:45,2026-06-13T21:06:36.000+05:45,99,Traffic congestion,low,Traffic congestion affecting line 212 (low severity)
DIS-167188,WDBC,13,2026-06-30T23:13:56.000+05:45,2026-07-01T01:53:56.000+05:45,160,Vehicle breakdown,medium,Vehicle breakdown affecting line 13 (medium severity)
DIS-893152,TDTR,158,2026-07-02T23:33:03.000+05:45,2026-07-03T00:51:03.000+05:45,78,Traffic congestion,medium,Traffic congestion affecting line 158 (medium severity)
DIS-460448,BLUS,1,2026-05-05T16:42:22.000+05:45,2026-05-05T19:45:22.000+05:45,183,Diversion,severe,Diversion affecting line 1 (severe severity)
DIS-200349,SWWD,88,2026-06-13T13:14:41.000+05:45,2026-06-13T16:38:41.000+05:45,204,Diversion,severe,Diversion affecting line 88 (severe severity)
DIS-924448,WDBC,8,2026-06-16T13:40:36.000+05:45,2026-06-16T14:13:36.000+05:45,33,Diversion,medium,Diversion affecting line 8 (medium severity)
DIS-630269,SWWD,PR3,2026-06-27T03:45:13.000+05:45,2026-06-27T04:54:13.000+05:45,69,Road closure,high,Road closure affecting line PR3 (high severity)
DIS-537716,SWWD,37,2026-06-15T09:20:08.000+05:45,2026-06-15T11:01:08.000+05:45,101,Roadworks,low,Roadworks affecting line 37 (low severity)
DIS-435724,BLUS,N18,2026-05-20T11:52:04.000+05:45,2026-05-20T12:29:04.000+05:45,37,Planned engineering works,severe,Planned engineering works affecting line N18 (severe severity)
DIS-170932,SWWD,929,2026-06-08T20:57:55.000+05:45,2026-06-09T00:41:55.000+05:45,224,Diversion,medium,Diversion affecting line 929 (medium severity)
DIS-480469,TDTR,48A,2026-06-20T16:10:02.000+05:45,2026-06-20T17:48:02.000+05:45,98,Planned engineering works,high,Planned engineering works affecting line 48A (high severity)
DIS-521297,WDBC,16,2026-06-07T18:28:11.000+05:45,2026-06-07T21:57:11.000+05:45,209,Driver shortage,high,Driver shortage affecting line 16 (high severity)
DIS-550463,SWWD,908,2026-05-26T08:03:55.000+05:45,2026-05-26T09:36:55.000+05:45,93,Driver shortage,severe,Driver shortage affecting line 908 (severe severity)
DIS-967075,UNIL,U1A,2026-05-13T19:39:38.000+05:45,2026-05-13T23:27:38.000+05:45,228,Diversion,high,Diversion affecting line U1A (high severity)
DIS-860964,SWWD,901,2026-07-08T20:59:07.000+05:45,2026-07-09T00:38:07.000+05:45,219,Planned engineering works,low,Planned engineering works affecting line 901 (low severity)
DIS-884095,SWWD,907,2026-06-05T13:45:50.000+05:45,2026-06-05T17:30:50.000+05:45,225,Diversion,severe,Diversion affecting line 907 (severe severity)
DIS-185930,SWWD,R12,2026-05-23T13:43:39.000+05:45,2026-05-23T17:07:39.000+05:45,204,Accident on route,severe,Accident on route affecting line R12 (severe severity)
DIS-207525,TDTR,X76,2026-06-13T19:22:35.000+05:45,2026-06-13T21:56:35.000+05:45,154,Roadworks,high,Roadworks affecting line X76 (high severity)
DIS-110688,WDBC,70,2026-04-22T11:33:05.000+05:45,2026-04-22T13:34:05.000+05:45,121,Road closure,severe,Road closure affecting line 70 (severe severity)
DIS-626486,SWWD,X7,2026-05-24T14:33:45.000+05:45,2026-05-24T15:27:45.000+05:45,54,Accident on route,severe,Accident on route affecting line X7 (severe severity)
DIS-284774,WDBC,13A,2026-05-25T23:02:02.000+05:45,2026-05-25T23:33:02.000+05:45,31,Vehicle breakdown,low,Vehicle breakdown affecting line 13A (low severity)
DIS-712770,WDBC,6,2026-07-02T10:21:18.000+05:45,2026-07-02T13:21:18.000+05:45,180,Traffic congestion,medium,Traffic congestion affecting line 6 (medium severity)
DIS-117665,SWWD,R10,2026-06-08T09:26:13.000+05:45,2026-06-08T11:46:13.000+05:45,140,Traffic congestion,high,Traffic congestion affecting line R10 (high severity)
DIS-942132,SWWD,X7R,2026-05-24T13:44:52.000+05:45,2026-05-24T16:09:52.000+05:45,145,Severe weather,severe,Severe weather affecting line X7R (severe severity)
DIS-761957,WDBC,24,2026-05-01T10:38:03.000+05:45,2026-05-01T13:40:03.000+05:45,182,Roadworks,low,Roadworks affecting line 24 (low severity)
DIS-709392,SWWD,906,2026-06-29T03:01:04.000+05:45,2026-06-29T06:24:04.000+05:45,203,Accident on route,high,Accident on route affecting line 906 (high severity)
DIS-711069,WDBC,13A,2026-06-11T20:12:40.000+05:45,2026-06-11T23:47:40.000+05:45,215,Roadworks,high,Roadworks affecting line 13A (high severity)
DIS-964513,SWWD,X2,2026-07-06T17:22:00.000+05:45,2026-07-06T19:58:00.000+05:45,156,Traffic congestion,severe,Traffic congestion affecting line X2 (severe severity)
DIS-108249,SWWD,R2,2026-06-06T12:26:29.000+05:45,2026-06-06T14:39:29.000+05:45,133,Roadworks,medium,Roadworks affecting line R2 (medium severity)
DIS-934332,BLUS,14,2026-07-17T11:11:17.000+05:45,2026-07-17T11:34:17.000+05:45,23,Planned engineering works,high,Planned engineering works affecting line 14 (high severity)
DIS-290170,WDBC,36,2026-06-22T08:12:16.000+05:45,2026-06-22T11:59:16.000+05:45,227,Vehicle breakdown,medium,Vehicle breakdown affecting line 36 (medium severity)
DIS-526410,WDBC,1B,2026-06-16T15:06:02.000+05:45,2026-06-16T18:09:02.000+05:45,183,Accident on route,severe,Accident on route affecting line 1B (severe severity)
DIS-533717,WDBC,762,2026-05-25T11:00:02.000+05:45,2026-05-25T12:46:02.000+05:45,106,Planned engineering works,low,Planned engineering works affecting line 762 (low severity)
DIS-387638,TDTR,2,2026-05-03T00:05:24.000+05:45,2026-05-03T03:09:24.000+05:45,184,Driver shortage,severe,Driver shortage affecting line 2 (severe severity)
DIS-691899,SVCT,213,2026-04-23T14:16:05.000+05:45,2026-04-23T15:17:05.000+05:45,61,Vehicle breakdown,low,Vehicle breakdown affecting line 213 (low severity)
DIS-856801,SWWD,44,2026-07-08T07:19:52.000+05:45,2026-07-08T10:34:52.000+05:45,195,Planned engineering works,low,Planned engineering works affecting line 44 (low severity)
DIS-569863,SVCT,63,2026-06-09T08:46:41.000+05:45,2026-06-09T09:59:41.000+05:45,73,Diversion,severe,Diversion affecting line 63 (severe severity)
DIS-590465,TDTR,14,2026-05-17T10:17:44.000+05:45,2026-05-17T10:35:44.000+05:45,18,Road closure,high,Road closure affecting line 14 (high severity)
DIS-180082,SWWD,R1,2026-06-01T19:31:35.000+05:45,2026-06-01T23:17:35.000+05:45,226,Driver shortage,low,Driver shortage affecting line R1 (low severity)
DIS-287689,BLUS,757,2026-06-09T04:22:12.000+05:45,2026-06-09T06:30:12.000+05:45,128,Vehicle breakdown,low,Vehicle breakdown affecting line 757 (low severity)
DIS-105562,WDBC,36,2026-06-24T05:13:47.000+05:45,2026-06-24T05:50:47.000+05:45,37,Planned engineering works,high,Planned engineering works affecting line 36 (high severity)
DIS-240709,WDBC,50,2026-05-07T18:47:06.000+05:45,2026-05-07T19:29:06.000+05:45,42,Road closure,medium,Road closure affecting line 50 (medium severity)
DIS-465460,SWWD,R5,2026-05-15T10:01:37.000+05:45,2026-05-15T12:31:37.000+05:45,150,Planned engineering works,low,Planned engineering works affecting line R5 (low severity)
DIS-990813,WDBC,20,2026-05-13T22:37:26.000+05:45,2026-05-14T02:20:26.000+05:45,223,Road closure,low,Road closure affecting line 20 (low severity)
DIS-772442,SVCT,68,2026-05-01T02:42:34.000+05:45,2026-05-01T03:54:34.000+05:45,72,Planned engineering works,severe,Planned engineering works affecting line 68 (severe severity)
DIS-690413,SVCT,7,2026-05-02T16:36:19.000+05:45,2026-05-02T17:45:19.000+05:45,69,Planned engineering works,low,Planned engineering works affecting line 7 (low severity)
DIS-717554,WDBC,L3,2026-06-25T16:20:45.000+05:45,2026-06-25T18:59:45.000+05:45,159,Severe weather,low,Severe weather affecting line L3 (low severity)
DIS-745527,WDBC,12,2026-06-05T21:31:44.000+05:45,2026-06-05T23:40:44.000+05:45,129,Roadworks,high,Roadworks affecting line 12 (high severity)
DIS-485150,SWWD,2,2026-06-17T10:57:29.000+05:45,2026-06-17T11:36:29.000+05:45,39,Traffic congestion,severe,Traffic congestion affecting line 2 (severe severity)
DIS-714179,SWWD,PR7,2026-07-16T14:11:51.000+05:45,2026-07-16T15:33:51.000+05:45,82,Driver shortage,severe,Driver shortage affecting line PR7 (severe severity)
DIS-280816,SWWD,R10,2026-05-08T23:08:29.000+05:45,2026-05-09T00:32:29.000+05:45,84,Vehicle breakdown,medium,Vehicle breakdown affecting line R10 (medium severity)
DIS-865454,SWWD,R4,2026-06-24T01:04:45.000+05:45,2026-06-24T03:30:45.000+05:45,146,Driver shortage,medium,Driver shortage affecting line R4 (medium severity)
DIS-564481,TDTR,15,2026-05-08T16:18:21.000+05:45,2026-05-08T16:56:21.000+05:45,38,Severe weather,low,Severe weather affecting line 15 (low severity)
DIS-294933,WDBC,81,2026-04-21T20:52:33.000+05:45,2026-04-21T22:09:33.000+05:45,77,Roadworks,severe,Roadworks affecting line 81 (severe severity)
DIS-332305,WDBC,940,2026-06-17T18:53:58.000+05:45,2026-06-17T19:39:58.000+05:45,46,Accident on route,low,Accident on route affecting line 940 (low severity)
DIS-232332,SWWD,101,2026-06-06T08:27:18.000+05:45,2026-06-06T10:59:18.000+05:45,152,Severe weather,low,Severe weather affecting line 101 (low severity)
DIS-666719,WDBC,6,2026-05-10T18:45:54.000+05:45,2026-05-10T19:32:54.000+05:45,47,Traffic congestion,low,Traffic congestion affecting line 6 (low severity)
DIS-412228,SWWD,PR15,2026-06-12T03:49:29.000+05:45,2026-06-12T05:44:29.000+05:45,115,Roadworks,medium,Roadworks affecting line PR15 (medium severity)
DIS-724495,TDTR,842,2026-06-19T22:02:11.000+05:45,2026-06-19T22:26:11.000+05:45,24,Severe weather,medium,Severe weather affecting line 842 (medium severity)
DIS-719883,SWWD,ST,2026-07-13T02:47:07.000+05:45,2026-07-13T06:46:07.000+05:45,239,Driver shortage,high,Driver shortage affecting line ST (high severity)
DIS-920000,SVCT,203,2026-07-17T10:40:40.000+05:45,2026-07-17T12:20:40.000+05:45,100,Vehicle breakdown,medium,Vehicle breakdown affecting line 203 (medium severity)
DIS-126066,SWWD,937,2026-05-27T04:50:53.000+05:45,2026-05-27T08:26:53.000+05:45,216,Severe weather,high,Severe weather affecting line 937 (high severity)
DIS-121740,SWWD,929,2026-07-13T08:09:30.000+05:45,2026-07-13T11:52:30.000+05:45,223,Accident on route,severe,Accident on route affecting line 929 (severe severity)
DIS-410716,BLUS,7,2026-05-24T03:47:57.000+05:45,2026-05-24T07:07:57.000+05:45,200,Traffic congestion,high,Traffic congestion affecting line 7 (high severity)
DIS-282559,SVCT,38,2026-05-23T19:37:14.000+05:45,2026-05-23T23:13:14.000+05:45,216,Roadworks,high,Roadworks affecting line 38 (high severity)
DIS-456395,SVCT,TDB,2026-07-15T06:38:03.000+05:45,2026-07-15T10:06:03.000+05:45,208,Roadworks,medium,Roadworks affecting line TDB (medium severity)
DIS-113191,SWWD,906,2026-06-25T15:00:26.000+05:45,2026-06-25T17:58:26.000+05:45,178,Driver shortage,severe,Driver shortage affecting line 906 (severe severity)
DIS-749941,TDTR,217,2026-06-10T22:35:23.000+05:45,2026-06-11T00:58:23.000+05:45,143,Traffic congestion,severe,Traffic congestion affecting line 217 (severe severity)
DIS-650312,SVCT,37,2026-05-26T10:05:19.000+05:45,2026-05-26T12:22:19.000+05:45,137,Accident on route,high,Accident on route affecting line 37 (high severity)
DIS-400825,SWWD,D3,2026-06-18T23:24:24.000+05:45,2026-06-18T23:56:24.000+05:45,32,Accident on route,low,Accident on route affecting line D3 (low severity)
DIS-260045,SWWD,R4,2026-07-04T07:33:41.000+05:45,2026-07-04T09:18:41.000+05:45,105,Road closure,high,Road closure affecting line R4 (high severity)
DIS-276060,SVCT,212,2026-07-07T16:44:24.000+05:45,2026-07-07T19:52:24.000+05:45,188,Vehicle breakdown,high,Vehicle breakdown affecting line 212 (high severity)
DIS-400570,BLUS,4,2026-07-09T06:21:11.000+05:45,2026-07-09T10:04:11.000+05:45,223,Diversion,high,Diversion affecting line 4 (high severity)
DIS-575171,WDBC,35,2026-07-07T05:28:25.000+05:45,2026-07-07T05:53:25.000+05:45,25,Traffic congestion,high,Traffic congestion affecting line 35 (high severity)
DIS-319007,SVCT,6,2026-05-07T19:50:35.000+05:45,2026-05-07T21:39:35.000+05:45,109,Accident on route,low,Accident on route affecting line 6 (low severity)
DIS-232286,SVCT,3,2026-04-29T12:51:49.000+05:45,2026-04-29T16:50:49.000+05:45,239,Vehicle breakdown,high,Vehicle breakdown affecting line 3 (high severity)
DIS-867662,SWWD,88,2026-07-11T14:59:40.000+05:45,2026-07-11T18:44:40.000+05:45,225,Severe weather,severe,Severe weather affecting line 88 (severe severity)
DIS-741172,TDTR,217,2026-06-04T20:46:04.000+05:45,2026-06-04T21:26:04.000+05:45,40,Road closure,severe,Road closure affecting line 217 (severe severity)
DIS-878739,BLUS,12,2026-05-29T18:58:58.000+05:45,2026-05-29T20:16:58.000+05:45,78,Planned engineering works,low,Planned engineering works affecting line 12 (low severity)
DIS-593259,SWWD,R14,2026-06-18T14:58:40.000+05:45,2026-06-18T17:30:40.000+05:45,152,Diversion,high,Diversion affecting line R14 (high severity)
DIS-488466,WDBC,30,2026-05-15T06:40:32.000+05:45,2026-05-15T08:01:32.000+05:45,81,Severe weather,high,Severe weather affecting line 30 (high severity)
DIS-532262,SWWD,PR3,2026-05-10T16:30:10.000+05:45,2026-05-10T18:37:10.000+05:45,127,Roadworks,medium,Roadworks affecting line PR3 (medium severity)
DIS-285824,TDTR,16,2026-06-09T16:57:56.000+05:45,2026-06-09T19:20:56.000+05:45,143,Severe weather,medium,Severe weather affecting line 16 (medium severity)
DIS-320963,SWWD,R1,2026-06-20T21:11:41.000+05:45,2026-06-21T00:00:41.000+05:45,169,Planned engineering works,medium,Planned engineering works affecting line R1 (medium severity)
DIS-681580,SWWD,908,2026-07-09T17:18:37.000+05:45,2026-07-09T20:33:37.000+05:45,195,Accident on route,severe,Accident on route affecting line 908 (severe severity)
DIS-943250,SWWD,X7R,2026-05-04T05:45:19.000+05:45,2026-05-04T06:20:19.000+05:45,35,Severe weather,low,Severe weather affecting line X7R (low severity)
DIS-469595,WDBC,82,2026-06-17T03:36:25.000+05:45,2026-06-17T05:07:25.000+05:45,91,Road closure,medium,Road closure affecting line 82 (medium severity)
DIS-651606,SWWD,26,2026-06-08T05:50:46.000+05:45,2026-06-08T06:39:46.000+05:45,49,Accident on route,high,Accident on route affecting line 26 (high severity)
DIS-682162,SVCT,211,2026-05-24T14:02:28.000+05:45,2026-05-24T14:30:28.000+05:45,28,Driver shortage,high,Driver shortage affecting line 211 (high severity)
DIS-360993,SVCT,59,2026-07-17T09:43:04.000+05:45,2026-07-17T12:35:04.000+05:45,172,Driver shortage,high,Driver shortage affecting line 59 (high severity)
DIS-104958,SVCT,9,2026-04-27T17:33:47.000+05:45,2026-04-27T18:32:47.000+05:45,59,Road closure,high,Road closure affecting line 9 (high severity)
DIS-145326,BLUS,17,2026-07-03T20:37:46.000+05:45,2026-07-03T21:30:46.000+05:45,53,Accident on route,medium,Accident on route affecting line 17 (medium severity)
DIS-379053,WDBC,ONE,2026-05-09T14:15:42.000+05:45,2026-05-09T16:03:42.000+05:45,108,Accident on route,low,Accident on route affecting line ONE (low severity)
DIS-551112,WDBC,17,2026-06-14T22:40:54.000+05:45,2026-06-15T01:50:54.000+05:45,190,Traffic congestion,low,Traffic congestion affecting line 17 (low severity)
DIS-320167,SWWD,X4,2026-05-15T13:53:28.000+05:45,2026-05-15T16:58:28.000+05:45,185,Road closure,severe,Road closure affecting line X4 (severe severity)
DIS-517479,SVCT,1,2026-07-11T01:49:25.000+05:45,2026-07-11T02:17:25.000+05:45,28,Diversion,severe,Diversion affecting line 1 (severe severity)
DIS-294087,DAMY,1,2026-07-03T11:15:22.000+05:45,2026-07-03T14:19:22.000+05:45,184,Road closure,medium,Road closure affecting line 1 (medium severity)
DIS-782182,BLUS,19a,2026-04-28T03:30:51.000+05:45,2026-04-28T07:11:51.000+05:45,221,Accident on route,high,Accident on route affecting line 19a (high severity)
DIS-800008,BLUS,8,2026-04-28T23:21:12.000+05:45,2026-04-29T01:36:12.000+05:45,135,Diversion,high,Diversion affecting line 8 (high severity)
DIS-328890,SVCT,213,2026-06-25T16:22:56.000+05:45,2026-06-25T19:00:56.000+05:45,158,Accident on route,low,Accident on route affecting line 213 (low severity)
DIS-340527,SWWD,R14,2026-04-25T04:03:04.000+05:45,2026-04-25T04:26:04.000+05:45,23,Diversion,low,Diversion affecting line R14 (low severity)
DIS-331832,SWWD,29,2026-06-17T17:39:17.000+05:45,2026-06-17T18:15:17.000+05:45,36,Driver shortage,high,Driver shortage affecting line 29 (high severity)
DIS-288353,TDTR,153,2026-06-02T10:05:58.000+05:45,2026-06-02T12:36:58.000+05:45,151,Traffic congestion,low,Traffic congestion affecting line 153 (low severity)
DIS-353085,WDBC,B,2026-07-02T17:49:38.000+05:45,2026-07-02T19:15:38.000+05:45,86,Traffic congestion,severe,Traffic congestion affecting line B (severe severity)
DIS-377033,UNIL,U2B,2026-06-18T06:25:32.000+05:45,2026-06-18T09:26:32.000+05:45,181,Roadworks,severe,Roadworks affecting line U2B (severe severity)
DIS-925552,TDTR,156,2026-06-01T01:10:40.000+05:45,2026-06-01T05:07:40.000+05:45,237,Severe weather,high,Severe weather affecting line 156 (high severity)
DIS-568516,SWWD,44,2026-05-20T07:49:20.000+05:45,2026-05-20T08:30:20.000+05:45,41,Traffic congestion,low,Traffic congestion affecting line 44 (low severity)
DIS-730950,SWWD,PR7,2026-07-09T13:16:19.000+05:45,2026-07-09T15:53:19.000+05:45,157,Diversion,low,Diversion affecting line PR7 (low severity)
DIS-730268,WDBC,Q7,2026-06-28T06:57:03.000+05:45,2026-06-28T09:08:03.000+05:45,131,Planned engineering works,low,Planned engineering works affecting line Q7 (low severity)
DIS-994352,WDBC,L3,2026-04-29T06:00:53.000+05:45,2026-04-29T06:45:53.000+05:45,45,Road closure,high,Road closure affecting line L3 (high severity)
DIS-810550,WDBC,U3,2026-05-25T04:27:34.000+05:45,2026-05-25T05:11:34.000+05:45,44,Severe weather,high,Severe weather affecting line U3 (high severity)
DIS-861673,SWWD,PR15,2026-07-10T02:36:38.000+05:45,2026-07-10T03:53:38.000+05:45,77,Traffic congestion,high,Traffic congestion affecting line PR15 (high severity)
DIS-183409,WDBC,24,2026-06-20T02:28:02.000+05:45,2026-06-20T03:21:02.000+05:45,53,Roadworks,low,Roadworks affecting line 24 (low severity)
DIS-959047,TDTR,16,2026-06-10T15:34:30.000+05:45,2026-06-10T16:08:30.000+05:45,34,Diversion,low,Diversion affecting line 16 (low severity)
DIS-509626,BLUS,634,2026-05-16T07:47:58.000+05:45,2026-05-16T09:47:58.000+05:45,120,Driver shortage,high,Driver shortage affecting line 634 (high severity)
DIS-255139,TDTR,SSS,2026-05-25T20:14:06.000+05:45,2026-05-25T23:30:06.000+05:45,196,Roadworks,severe,Roadworks affecting line SSS (severe severity)
DIS-773475,SVCT,59,2026-06-08T12:24:16.000+05:45,2026-06-08T16:03:16.000+05:45,219,Severe weather,medium,Severe weather affecting line 59 (medium severity)
DIS-662638,SVCT,206,2026-04-25T19:50:52.000+05:45,2026-04-25T23:14:52.000+05:45,204,Road closure,low,Road closure affecting line 206 (low severity)
DIS-781244,UNIL,U6C,2026-06-27T18:02:21.000+05:45,2026-06-27T20:57:21.000+05:45,175,Vehicle breakdown,low,Vehicle breakdown affecting line U6C (low severity)
DIS-911070,TDTR,217,2026-06-02T11:15:51.000+05:45,2026-06-02T12:25:51.000+05:45,70,Planned engineering works,high,Planned engineering works affecting line 217 (high severity)
DIS-133925,DAMY,5,2026-07-07T11:48:50.000+05:45,2026-07-07T12:33:50.000+05:45,45,Accident on route,medium,Accident on route affecting line 5 (medium severity)
DIS-382033,SVCT,203,2026-07-01T23:00:27.000+05:45,2026-07-02T01:51:27.000+05:45,171,Planned engineering works,low,Planned engineering works affecting line 203 (low severity)
DIS-530629,DAMY,5,2026-05-28T14:47:51.000+05:45,2026-05-28T18:20:51.000+05:45,213,Traffic congestion,high,Traffic congestion affecting line 5 (high severity)
DIS-154710,WDBC,1A,2026-06-14T17:03:02.000+05:45,2026-06-14T19:51:02.000+05:45,168,Accident on route,severe,Accident on route affecting line 1A (severe severity)
DIS-341367,WDBC,m2,2026-06-10T19:26:02.000+05:45,2026-06-10T21:10:02.000+05:45,104,Planned engineering works,medium,Planned engineering works affecting line m2 (medium severity)
DIS-409261,TDTR,120,2026-05-24T19:52:13.000+05:45,2026-05-24T21:31:13.000+05:45,99,Planned engineering works,medium,Planned engineering works affecting line 120 (medium severity)
DIS-924796,BLUS,503,2026-06-24T10:17:06.000+05:45,2026-06-24T13:12:06.000+05:45,175,Vehicle breakdown,medium,Vehicle breakdown affecting line 503 (medium severity)
DIS-933119,TDTR,NW2,2026-07-10T03:29:54.000+05:45,2026-07-10T05:53:54.000+05:45,144,Driver shortage,severe,Driver shortage affecting line NW2 (severe severity)
DIS-852373,TDTR,1B,2026-05-22T19:18:25.000+05:45,2026-05-22T20:00:25.000+05:45,42,Driver shortage,severe,Driver shortage affecting line 1B (severe severity)
DIS-838550,WDBC,17,2026-07-14T14:04:44.000+05:45,2026-07-14T17:47:44.000+05:45,223,Driver shortage,severe,Driver shortage affecting line 17 (severe severity)
DIS-375747,WDBC,30,2026-06-20T12:43:56.000+05:45,2026-06-20T16:05:56.000+05:45,202,Planned engineering works,high,Planned engineering works affecting line 30 (high severity)
DIS-533793,TDTR,1,2026-05-02T10:15:28.000+05:45,2026-05-02T12:20:28.000+05:45,125,Road closure,medium,Road closure affecting line 1 (medium severity)
DIS-355942,TDTR,9,2026-06-26T15:11:02.000+05:45,2026-06-26T17:22:02.000+05:45,131,Road closure,low,Road closure affecting line 9 (low severity)
DIS-729026,TDTR,14,2026-05-23T06:36:41.000+05:45,2026-05-23T08:49:41.000+05:45,133,Driver shortage,high,Driver shortage affecting line 14 (high severity)
DIS-586010,BLUS,538,2026-05-25T09:17:13.000+05:45,2026-05-25T11:09:13.000+05:45,112,Road closure,high,Road closure affecting line 538 (high severity)
DIS-525870,SVCT,208,2026-05-14T17:47:46.000+05:45,2026-05-14T21:04:46.000+05:45,197,Road closure,severe,Road closure affecting line 208 (severe severity)
DIS-260245,TDTR,5,2026-06-03T09:16:30.000+05:45,2026-06-03T12:11:30.000+05:45,175,Accident on route,severe,Accident on route affecting line 5 (severe severity)
DIS-939112,TDTR,SSS,2026-04-23T03:00:50.000+05:45,2026-04-23T05:40:50.000+05:45,160,Road closure,low,Road closure affecting line SSS (low severity)
DIS-784745,SVCT,200,2026-07-17T17:38:35.000+05:45,2026-07-17T21:31:35.000+05:45,233,Vehicle breakdown,high,Vehicle breakdown affecting line 200 (high severity)
DIS-662412,TDTR,R24,2026-07-09T15:13:20.000+05:45,2026-07-09T17:34:20.000+05:45,141,Severe weather,low,Severe weather affecting line R24 (low severity)
DIS-680097,SVCT,38,2026-05-30T18:38:47.000+05:45,2026-05-30T19:25:47.000+05:45,47,Diversion,severe,Diversion affecting line 38 (severe severity)
DIS-595815,WDBC,NFR,2026-07-12T07:36:49.000+05:45,2026-07-12T08:52:49.000+05:45,76,Vehicle breakdown,high,Vehicle breakdown affecting line NFR (high severity)
DIS-421844,SQ,TW4,2026-04-26T00:25:51.000+05:45,2026-04-26T00:41:51.000+05:45,16,Roadworks,high,Roadworks affecting line TW4 (high severity)
DIS-768978,DAMY,20,2026-06-15T17:05:02.000+05:45,2026-06-15T18:28:02.000+05:45,83,Severe weather,high,Severe weather affecting line 20 (high severity)
DIS-596751,BLUS,N18,2026-07-17T22:49:07.000+05:45,2026-07-18T00:27:07.000+05:45,98,Severe weather,medium,Severe weather affecting line N18 (medium severity)
DIS-761784,TDTR,5,2026-06-24T13:17:03.000+05:45,2026-06-24T15:45:03.000+05:45,148,Vehicle breakdown,severe,Vehicle breakdown affecting line 5 (severe severity)
DIS-850260,TDTR,SSS,2026-06-01T14:55:19.000+05:45,2026-06-01T16:46:19.000+05:45,111,Traffic congestion,medium,Traffic congestion affecting line SSS (medium severity)
DIS-726287,WDBC,31,2026-06-03T00:50:50.000+05:45,2026-06-03T04:10:50.000+05:45,200,Diversion,low,Diversion affecting line 31 (low severity)
DIS-166777,SVCT,7,2026-05-30T11:53:29.000+05:45,2026-05-30T14:49:29.000+05:45,176,Roadworks,medium,Roadworks affecting line 7 (medium severity)
DIS-751920,BLUS,10,2026-05-19T05:44:56.000+05:45,2026-05-19T08:26:56.000+05:45,162,Diversion,low,Diversion affecting line 10 (low severity)
DIS-130697,WDBC,1C,2026-06-24T19:53:18.000+05:45,2026-06-24T22:52:18.000+05:45,179,Diversion,medium,Diversion affecting line 1C (medium severity)
DIS-306125,SVCT,TDB,2026-05-12T17:15:22.000+05:45,2026-05-12T19:51:22.000+05:45,156,Accident on route,severe,Accident on route affecting line TDB (severe severity)
DIS-414517,WDBC,18,2026-04-21T23:14:48.000+05:45,2026-04-22T02:35:48.000+05:45,201,Roadworks,medium,Roadworks affecting line 18 (medium severity)
DIS-287875,SWWD,R8,2026-06-23T13:15:59.000+05:45,2026-06-23T14:20:59.000+05:45,65,Diversion,high,Diversion affecting line R8 (high severity)
DIS-852636,UNIL,U2B,2026-05-09T05:56:03.000+05:45,2026-05-09T08:40:03.000+05:45,164,Road closure,medium,Road closure affecting line U2B (medium severity)
DIS-487514,WDBC,Q1,2026-05-10T02:42:00.000+05:45,2026-05-10T03:25:00.000+05:45,43,Accident on route,medium,Accident on route affecting line Q1 (medium severity)
DIS-686166,BLUS,23,2026-07-19T03:42:22.000+05:45,2026-07-19T04:05:22.000+05:45,23,Severe weather,low,Severe weather affecting line 23 (low severity)
DIS-940315,BLUS,503,2026-06-26T01:25:59.000+05:45,2026-06-26T05:17:59.000+05:45,232,Roadworks,medium,Roadworks affecting line 503 (medium severity)
DIS-991690,BLUS,3,2026-05-07T12:40:21.000+05:45,2026-05-07T14:18:21.000+05:45,98,Road closure,low,Road closure affecting line 3 (low severity)
DIS-310247,TDTR,17,2026-05-23T21:55:10.000+05:45,2026-05-23T23:40:10.000+05:45,105,Planned engineering works,severe,Planned engineering works affecting line 17 (severe severity)
DIS-330938,WDBC,941,2026-06-20T21:56:55.000+05:45,2026-06-20T22:25:55.000+05:45,29,Accident on route,high,Accident on route affecting line 941 (high severity)
DIS-315502,SWWD,901,2026-06-05T22:51:49.000+05:45,2026-06-05T23:15:49.000+05:45,24,Planned engineering works,high,Planned engineering works affecting line 901 (high severity)
DIS-172850,WDBC,15,2026-07-07T21:22:26.000+05:45,2026-07-08T00:28:26.000+05:45,186,Traffic congestion,low,Traffic congestion affecting line 15 (low severity)
DIS-241732,BLUS,2,2026-06-26T17:03:09.000+05:45,2026-06-26T20:20:09.000+05:45,197,Accident on route,high,Accident on route affecting line 2 (high severity)
DIS-351027,WDBC,15,2026-05-26T14:50:38.000+05:45,2026-05-26T18:23:38.000+05:45,213,Planned engineering works,high,Planned engineering works affecting line 15 (high severity)
DIS-127678,WDBC,70,2026-07-08T22:39:08.000+05:45,2026-07-08T23:21:08.000+05:45,42,Accident on route,medium,Accident on route affecting line 70 (medium severity)
DIS-102971,TDTR,152,2026-06-07T23:15:02.000+05:45,2026-06-08T00:53:02.000+05:45,98,Driver shortage,medium,Driver shortage affecting line 152 (medium severity)
DIS-475850,WDBC,50,2026-07-04T07:54:33.000+05:45,2026-07-04T08:40:33.000+05:45,46,Diversion,low,Diversion affecting line 50 (low severity)
DIS-238431,WDBC,U3,2026-06-26T19:29:52.000+05:45,2026-06-26T23:24:52.000+05:45,235,Roadworks,high,Roadworks affecting line U3 (high severity)
DIS-702761,TDTR,23,2026-06-19T22:53:00.000+05:45,2026-06-20T00:23:00.000+05:45,90,Diversion,low,Diversion affecting line 23 (low severity)
DIS-636244,SWWD,8,2026-04-30T15:09:04.000+05:45,2026-04-30T17:37:04.000+05:45,148,Planned engineering works,high,Planned engineering works affecting line 8 (high severity)
DIS-746022,SVCT,214,2026-06-17T19:25:40.000+05:45,2026-06-17T22:58:40.000+05:45,213,Road closure,medium,Road closure affecting line 214 (medium severity)
DIS-266935,SWWD,2,2026-06-16T19:56:07.000+05:45,2026-06-16T20:55:07.000+05:45,59,Road closure,high,Road closure affecting line 2 (high severity)
DIS-917319,BLUS,539,2026-05-05T11:55:29.000+05:45,2026-05-05T12:11:29.000+05:45,16,Roadworks,high,Roadworks affecting line 539 (high severity)
DIS-168623,UNIL,U1A,2026-04-29T16:43:29.000+05:45,2026-04-29T19:52:29.000+05:45,189,Road closure,low,Road closure affecting line U1A (low severity)
DIS-896051,WDBC,RG2,2026-04-29T16:29:29.000+05:45,2026-04-29T19:39:29.000+05:45,190,Traffic congestion,high,Traffic congestion affecting line RG2 (high severity)
DIS-895927,WDBC,35,2026-05-03T15:59:18.000+05:45,2026-05-03T19:43:18.000+05:45,224,Roadworks,severe,Roadworks affecting line 35 (severe severity)
DIS-307745,SQ,TW1,2026-07-20T13:43:04.000+05:45,2026-07-20T14:46:04.000+05:45,63,Accident on route,low,Accident on route affecting line TW1 (low severity)
DIS-987036,SVCT,208,2026-07-13T12:06:06.000+05:45,2026-07-13T14:46:06.000+05:45,160,Accident on route,high,Accident on route affecting line 208 (high severity)
DIS-127320,SWWD,TPDRT,2026-05-03T04:25:18.000+05:45,2026-05-03T04:47:18.000+05:45,22,Road closure,medium,Road closure affecting line TPDRT (medium severity)
DIS-795464,WDBC,16,2026-05-22T11:29:12.000+05:45,2026-05-22T12:08:12.000+05:45,39,Accident on route,low,Accident on route affecting line 16 (low severity)
DIS-883032,SVCT,205,2026-05-01T10:48:17.000+05:45,2026-05-01T14:24:17.000+05:45,216,Planned engineering works,medium,Planned engineering works affecting line 205 (medium severity)
DIS-873683,SWWD,X4,2026-06-27T00:51:05.000+05:45,2026-06-27T04:50:05.000+05:45,239,Diversion,medium,Diversion affecting line X4 (medium severity)
DIS-826940,BLUS,539,2026-04-29T06:26:06.000+05:45,2026-04-29T08:11:06.000+05:45,105,Vehicle breakdown,severe,Vehicle breakdown affecting line 539 (severe severity)
DIS-902271,WDBC,NFR,2026-05-02T15:54:53.000+05:45,2026-05-02T16:24:53.000+05:45,30,Diversion,high,Diversion affecting line NFR (high severity)
DIS-356528,TDTR,1B,2026-06-14T03:06:09.000+05:45,2026-06-14T05:16:09.000+05:45,130,Vehicle breakdown,high,Vehicle breakdown affecting line 1B (high severity)
DIS-956867,SWWD,PR9,2026-06-11T03:30:08.000+05:45,2026-06-11T07:10:08.000+05:45,220,Road closure,high,Road closure affecting line PR9 (high severity)
DIS-602877,SVCT,4,2026-07-20T08:36:02.000+05:45,2026-07-20T12:33:02.000+05:45,237,Driver shortage,low,Driver shortage affecting line 4 (low severity)
DIS-988967,UNIL,U1C,2026-05-04T14:29:35.000+05:45,2026-05-04T16:27:35.000+05:45,118,Driver shortage,severe,Driver shortage affecting line U1C (severe severity)
DIS-384073,SWWD,PR15,2026-06-22T09:48:43.000+05:45,2026-06-22T12:43:43.000+05:45,175,Traffic congestion,high,Traffic congestion affecting line PR15 (high severity)
DIS-483918,SVCT,TDB,2026-07-14T01:46:50.000+05:45,2026-07-14T03:00:50.000+05:45,74,Diversion,severe,Diversion affecting line TDB (severe severity)
DIS-399123,SVCT,39,2026-06-15T01:24:30.000+05:45,2026-06-15T04:24:30.000+05:45,180,Planned engineering works,severe,Planned engineering works affecting line 39 (severe severity)
DIS-489039,UNIL,U2B,2026-07-10T21:32:47.000+05:45,2026-07-11T01:24:47.000+05:45,232,Driver shortage,high,Driver shortage affecting line U2B (high severity)
DIS-658829,SVCT,SL,2026-06-16T07:29:44.000+05:45,2026-06-16T10:42:44.000+05:45,193,Traffic congestion,low,Traffic congestion affecting line SL (low severity)
DIS-943463,TDTR,13,2026-06-10T08:51:52.000+05:45,2026-06-10T11:16:52.000+05:45,145,Traffic congestion,medium,Traffic congestion affecting line 13 (medium severity)
DIS-936610,TDTR,48A,2026-07-07T20:04:49.000+05:45,2026-07-07T20:32:49.000+05:45,28,Road closure,severe,Road closure affecting line 48A (severe severity)
DIS-534752,TDTR,23,2026-05-10T20:39:44.000+05:45,2026-05-10T21:36:44.000+05:45,57,Planned engineering works,medium,Planned engineering works affecting line 23 (medium severity)
DIS-693342,SWWD,926,2026-05-13T22:22:26.000+05:45,2026-05-13T23:51:26.000+05:45,89,Planned engineering works,low,Planned engineering works affecting line 926 (low severity)
DIS-869846,BLUS,503,2026-06-20T17:41:30.000+05:45,2026-06-20T18:02:30.000+05:45,21,Diversion,low,Diversion affecting line 503 (low severity)
DIS-571119,BLUS,20,2026-07-10T19:22:42.000+05:45,2026-07-10T20:04:42.000+05:45,42,Vehicle breakdown,high,Vehicle breakdown affecting line 20 (high severity)
DIS-491879,WDBC,761,2026-07-01T19:07:35.000+05:45,2026-07-01T21:40:35.000+05:45,153,Accident on route,medium,Accident on route affecting line 761 (medium severity)
DIS-671453,SWWD,663,2026-05-13T04:31:30.000+05:45,2026-05-13T06:27:30.000+05:45,116,Accident on route,low,Accident on route affecting line 663 (low severity)
DIS-677428,BLUS,13,2026-07-17T00:10:39.000+05:45,2026-07-17T01:54:39.000+05:45,104,Traffic congestion,severe,Traffic congestion affecting line 13 (severe severity)
DIS-947672,SWWD,D3,2026-07-19T03:41:48.000+05:45,2026-07-19T05:49:48.000+05:45,128,Severe weather,severe,Severe weather affecting line D3 (severe severity)
DIS-758735,SQ,DEAD,2026-05-10T07:03:00.000+05:45,2026-05-10T08:47:00.000+05:45,104,Road closure,severe,Road closure affecting line DEAD (severe severity)
DIS-577340,UNIL,U6C,2026-06-09T10:46:23.000+05:45,2026-06-09T14:40:23.000+05:45,234,Vehicle breakdown,medium,Vehicle breakdown affecting line U6C (medium severity)
DIS-112108,BLUS,NFG,2026-07-12T14:05:50.000+05:45,2026-07-12T14:31:50.000+05:45,26,Traffic congestion,low,Traffic congestion affecting line NFG (low severity)
DIS-643319,SWWD,ST,2026-05-10T09:05:57.000+05:45,2026-05-10T10:43:57.000+05:45,98,Accident on route,medium,Accident on route affecting line ST (medium severity)
DIS-278953,BLUS,10,2026-05-05T05:15:29.000+05:45,2026-05-05T07:45:29.000+05:45,150,Traffic congestion,severe,Traffic congestion affecting line 10 (severe severity)
DIS-907190,SQ,TM1,2026-07-06T04:53:23.000+05:45,2026-07-06T05:46:23.000+05:45,53,Severe weather,low,Severe weather affecting line TM1 (low severity)
DIS-658173,SWWD,8,2026-05-06T09:08:02.000+05:45,2026-05-06T10:40:02.000+05:45,92,Accident on route,severe,Accident on route affecting line 8 (severe severity)
DIS-354754,TDTR,R23,2026-05-13T19:08:49.000+05:45,2026-05-13T21:51:49.000+05:45,163,Diversion,low,Diversion affecting line R23 (low severity)
DIS-866793,TDTR,1,2026-04-26T05:02:14.000+05:45,2026-04-26T06:54:14.000+05:45,112,Accident on route,severe,Accident on route affecting line 1 (severe severity)
DIS-223170,SWWD,R12,2026-07-08T13:04:06.000+05:45,2026-07-08T15:41:06.000+05:45,157,Severe weather,low,Severe weather affecting line R12 (low severity)
DIS-463183,WDBC,125,2026-07-02T14:04:00.000+05:45,2026-07-02T14:56:00.000+05:45,52,Planned engineering works,low,Planned engineering works affecting line 125 (low severity)
DIS-189364,BLUS,538,2026-05-06T07:03:59.000+05:45,2026-05-06T08:40:59.000+05:45,97,Roadworks,low,Roadworks affecting line 538 (low severity)
DIS-200643,SVCT,202,2026-07-09T02:09:17.000+05:45,2026-07-09T05:05:17.000+05:45,176,Driver shortage,low,Driver shortage affecting line 202 (low severity)
DIS-837315,SVCT,207,2026-07-11T13:11:59.000+05:45,2026-07-11T15:58:59.000+05:45,167,Accident on route,high,Accident on route affecting line 207 (high severity)
DIS-119180,TDTR,23,2026-05-04T03:33:15.000+05:45,2026-05-04T05:51:15.000+05:45,138,Diversion,low,Diversion affecting line 23 (low severity)
DIS-237963,WDBC,C,2026-04-22T06:34:53.000+05:45,2026-04-22T09:03:53.000+05:45,149,Roadworks,high,Roadworks affecting line C (high severity)
DIS-357866,BLUS,QC,2026-06-24T19:52:54.000+05:45,2026-06-24T21:10:54.000+05:45,78,Road closure,medium,Road closure affecting line QC (medium severity)
DIS-864183,TDTR,12,2026-05-21T19:13:14.000+05:45,2026-05-21T21:19:14.000+05:45,126,Roadworks,medium,Roadworks affecting line 12 (medium severity)
DIS-340511,SWWD,R8,2026-05-26T13:44:58.000+05:45,2026-05-26T17:38:58.000+05:45,234,Traffic congestion,severe,Traffic congestion affecting line R8 (severe severity)
DIS-833479,WDBC,21,2026-06-05T22:30:46.000+05:45,2026-06-06T02:27:46.000+05:45,237,Severe weather,high,Severe weather affecting line 21 (high severity)
DIS-975093,SVCT,202,2026-06-02T19:53:07.000+05:45,2026-06-02T21:03:07.000+05:45,70,Planned engineering works,medium,Planned engineering works affecting line 202 (medium severity)
DIS-697663,SWWD,978,2026-06-18T07:29:22.000+05:45,2026-06-18T10:55:22.000+05:45,206,Accident on route,severe,Accident on route affecting line 978 (severe severity)
DIS-596851,SWWD,R6,2026-07-15T05:11:47.000+05:45,2026-07-15T05:50:47.000+05:45,39,Traffic congestion,low,Traffic congestion affecting line R6 (low severity)
DIS-990941,SWWD,901,2026-06-08T21:50:54.000+05:45,2026-06-08T23:51:54.000+05:45,121,Driver shortage,severe,Driver shortage affecting line 901 (severe severity)
DIS-683149,WDBC,762,2026-07-02T01:42:28.000+05:45,2026-07-02T04:16:28.000+05:45,154,Road closure,severe,Road closure affecting line 762 (severe severity)
DIS-369823,SWWD,D3,2026-07-03T14:24:32.000+05:45,2026-07-03T18:19:32.000+05:45,235,Planned engineering works,medium,Planned engineering works affecting line D3 (medium severity)
DIS-138306,TDTR,9,2026-05-03T18:43:35.000+05:45,2026-05-03T22:37:35.000+05:45,234,Diversion,high,Diversion affecting line 9 (high severity)
DIS-397012,WDBC,125,2026-05-20T14:50:52.000+05:45,2026-05-20T16:45:52.000+05:45,115,Accident on route,high,Accident on route affecting line 125 (high severity)
DIS-242738,BLUS,N18,2026-05-11T22:43:24.000+05:45,2026-05-11T23:50:24.000+05:45,67,Diversion,medium,Diversion affecting line N18 (medium severity)
DIS-601355,BLUS,28,2026-06-24T01:21:39.000+05:45,2026-06-24T02:33:39.000+05:45,72,Road closure,severe,Road closure affecting line 28 (severe severity)
DIS-828361,BLUS,14,2026-05-21T16:49:48.000+05:45,2026-05-21T18:40:48.000+05:45,111,Vehicle breakdown,low,Vehicle breakdown affecting line 14 (low severity)
DIS-526416,SVCT,202,2026-07-08T13:14:49.000+05:45,2026-07-08T13:49:49.000+05:45,35,Traffic congestion,high,Traffic congestion affecting line 202 (high severity)
DIS-798655,SWWD,603,2026-07-12T20:30:59.000+05:45,2026-07-12T20:54:59.000+05:45,24,Severe weather,low,Severe weather affecting line 603 (low severity)
DIS-113911,BLUS,16,2026-05-06T07:44:17.000+05:45,2026-05-06T10:08:17.000+05:45,144,Vehicle breakdown,high,Vehicle breakdown affecting line 16 (high severity)
DIS-549009,WDBC,82,2026-06-15T13:53:27.000+05:45,2026-06-15T16:43:27.000+05:45,170,Planned engineering works,low,Planned engineering works affecting line 82 (low severity)
DIS-582055,SWWD,R5,2026-05-24T17:35:50.000+05:45,2026-05-24T20:28:50.000+05:45,173,Road closure,high,Road closure affecting line R5 (high severity)
DIS-395885,SWWD,PR11,2026-06-19T12:41:42.000+05:45,2026-06-19T15:30:42.000+05:45,169,Vehicle breakdown,high,Vehicle breakdown affecting line PR11 (high severity)
DIS-280322,TDTR,X76,2026-06-07T03:39:19.000+05:45,2026-06-07T03:59:19.000+05:45,20,Vehicle breakdown,high,Vehicle breakdown affecting line X76 (high severity)
DIS-734495,SWWD,PR3,2026-05-28T15:30:27.000+05:45,2026-05-28T19:22:27.000+05:45,232,Accident on route,medium,Accident on route affecting line PR3 (medium severity)
DIS-997800,SWWD,PR7,2026-07-04T03:39:43.000+05:45,2026-07-04T03:49:43.000+05:45,10,Planned engineering works,medium,Planned engineering works affecting line PR7 (medium severity)
DIS-802469,SVCT,63,2026-06-29T23:22:23.000+05:45,2026-06-29T23:33:23.000+05:45,11,Road closure,medium,Road closure affecting line 63 (medium severity)
DIS-845182,BLUS,PRH,2026-06-20T21:11:28.000+05:45,2026-06-20T21:52:28.000+05:45,41,Severe weather,high,Severe weather affecting line PRH (high severity)
DIS-882303,SVCT,202,2026-05-14T06:39:43.000+05:45,2026-05-14T09:55:43.000+05:45,196,Accident on route,severe,Accident on route affecting line 202 (severe severity)
DIS-569706,TDTR,22,2026-06-03T06:18:27.000+05:45,2026-06-03T07:27:27.000+05:45,69,Accident on route,medium,Accident on route affecting line 22 (medium severity)
DIS-351707,TDTR,158,2026-06-05T05:03:33.000+05:45,2026-06-05T09:00:33.000+05:45,237,Planned engineering works,low,Planned engineering works affecting line 158 (low severity)
DIS-666661,WDBC,38,2026-07-11T20:18:03.000+05:45,2026-07-11T22:56:03.000+05:45,158,Driver shortage,high,Driver shortage affecting line 38 (high severity)
DIS-418628,WDBC,22,2026-06-15T07:49:03.000+05:45,2026-06-15T11:03:03.000+05:45,194,Diversion,high,Diversion affecting line 22 (high severity)
DIS-815967,SWWD,PR9,2026-07-10T20:54:01.000+05:45,2026-07-10T23:43:01.000+05:45,169,Traffic congestion,severe,Traffic congestion affecting line PR9 (severe severity)
DIS-575521,SVCT,63,2026-05-09T06:38:01.000+05:45,2026-05-09T06:58:01.000+05:45,20,Driver shortage,severe,Driver shortage affecting line 63 (severe severity)
DIS-813173,TDTR,5,2026-07-06T13:31:20.000+05:45,2026-07-06T17:19:20.000+05:45,228,Traffic congestion,medium,Traffic congestion affecting line 5 (medium severity)
DIS-212887,BLUS,23,2026-04-20T21:47:16.000+05:45,2026-04-20T23:28:16.000+05:45,101,Severe weather,medium,Severe weather affecting line 23 (medium severity)
DIS-318838,WDBC,U1,2026-05-06T02:56:48.000+05:45,2026-05-06T05:58:48.000+05:45,182,Roadworks,severe,Roadworks affecting line U1 (severe severity)
DIS-643135,SWWD,2,2026-06-27T10:56:25.000+05:45,2026-06-27T12:54:25.000+05:45,118,Roadworks,high,Roadworks affecting line 2 (high severity)
DIS-681298,WDBC,C,2026-06-16T08:48:20.000+05:45,2026-06-16T12:47:20.000+05:45,239,Driver shortage,severe,Driver shortage affecting line C (severe severity)
DIS-920077,DAMY,949,2026-06-05T05:42:09.000+05:45,2026-06-05T08:50:09.000+05:45,188,Accident on route,medium,Accident on route affecting line 949 (medium severity)
DIS-247658,WDBC,m2,2026-04-23T19:06:32.000+05:45,2026-04-23T22:29:32.000+05:45,203,Vehicle breakdown,medium,Vehicle breakdown affecting line m2 (medium severity)
DIS-109046,UNIL,U1C,2026-06-12T20:01:25.000+05:45,2026-06-12T23:26:25.000+05:45,205,Planned engineering works,low,Planned engineering works affecting line U1C (low severity)
DIS-266198,SWWD,PR15,2026-06-05T20:28:38.000+05:45,2026-06-06T00:13:38.000+05:45,225,Driver shortage,severe,Driver shortage affecting line PR15 (severe severity)
DIS-615063,TDTR,2,2026-07-10T03:13:25.000+05:45,2026-07-10T03:48:25.000+05:45,35,Vehicle breakdown,medium,Vehicle breakdown affecting line 2 (medium severity)
DIS-193178,SWWD,906,2026-05-02T11:17:35.000+05:45,2026-05-02T14:18:35.000+05:45,181,Traffic congestion,medium,Traffic congestion affecting line 906 (medium severity)
DIS-983139,WDBC,1C,2026-06-15T09:43:55.000+05:45,2026-06-15T11:08:55.000+05:45,85,Planned engineering works,low,Planned engineering works affecting line 1C (low severity)
DIS-758892,TDTR,152,2026-05-12T11:55:09.000+05:45,2026-05-12T13:23:09.000+05:45,88,Diversion,high,Diversion affecting line 152 (high severity)
DIS-958412,SWWD,PR15,2026-07-19T12:39:52.000+05:45,2026-07-19T15:43:52.000+05:45,184,Driver shortage,high,Driver shortage affecting line PR15 (high severity)
DIS-261132,TDTR,1A,2026-06-09T02:59:38.000+05:45,2026-06-09T06:22:38.000+05:45,203,Driver shortage,low,Driver shortage affecting line 1A (low severity)
DIS-912629,SVCT,5,2026-07-18T20:56:15.000+05:45,2026-07-18T22:41:15.000+05:45,105,Traffic congestion,severe,Traffic congestion affecting line 5 (severe severity)
DIS-313998,SVCT,TNB,2026-07-20T04:19:01.000+05:45,2026-07-20T08:15:01.000+05:45,236,Planned engineering works,low,Planned engineering works affecting line TNB (low severity)
DIS-663354,TDTR,21,2026-06-03T06:44:24.000+05:45,2026-06-03T10:04:24.000+05:45,200,Vehicle breakdown,high,Vehicle breakdown affecting line 21 (high severity)
DIS-780460,TDTR,14,2026-06-24T11:03:20.000+05:45,2026-06-24T13:33:20.000+05:45,150,Diversion,severe,Diversion affecting line 14 (severe severity)
DIS-783403,SVCT,207,2026-05-14T08:32:52.000+05:45,2026-05-14T09:54:52.000+05:45,82,Vehicle breakdown,medium,Vehicle breakdown affecting line 207 (medium severity)
DIS-723060,SWWD,R12,2026-05-12T18:52:45.000+05:45,2026-05-12T21:41:45.000+05:45,169,Accident on route,medium,Accident on route affecting line R12 (medium severity)
DIS-106605,SWWD,937,2026-05-21T19:01:59.000+05:45,2026-05-21T19:13:59.000+05:45,12,Driver shortage,medium,Driver shortage affecting line 937 (medium severity)
DIS-992321,SVCT,203,2026-07-13T11:56:08.000+05:45,2026-07-13T15:00:08.000+05:45,184,Diversion,high,Diversion affecting line 203 (high severity)
DIS-705004,SWWD,PR9,2026-05-22T04:44:55.000+05:45,2026-05-22T08:44:55.000+05:45,240,Diversion,low,Diversion affecting line PR9 (low severity)
DIS-367094,SQ,DEAD,2026-07-18T09:15:16.000+05:45,2026-07-18T10:27:16.000+05:45,72,Planned engineering works,medium,Planned engineering works affecting line DEAD (medium severity)
DIS-834855,TDTR,R26,2026-05-31T04:52:32.000+05:45,2026-05-31T06:19:32.000+05:45,87,Accident on route,severe,Accident on route affecting line R26 (severe severity)
DIS-109654,SVCT,200,2026-05-13T14:49:15.000+05:45,2026-05-13T16:28:15.000+05:45,99,Planned engineering works,high,Planned engineering works affecting line 200 (high severity)
DIS-243030,SVCT,214,2026-06-13T12:01:26.000+05:45,2026-06-13T12:56:26.000+05:45,55,Diversion,medium,Diversion affecting line 214 (medium severity)
DIS-706575,WDBC,X3,2026-06-22T16:45:13.000+05:45,2026-06-22T19:15:13.000+05:45,150,Accident on route,high,Accident on route affecting line X3 (high severity)
DIS-515452,WDBC,744,2026-07-14T22:21:22.000+05:45,2026-07-15T01:23:22.000+05:45,182,Vehicle breakdown,high,Vehicle breakdown affecting line 744 (high severity)
DIS-573974,BLUS,1,2026-06-26T16:38:59.000+05:45,2026-06-26T18:30:59.000+05:45,112,Accident on route,severe,Accident on route affecting line 1 (severe severity)
DIS-670697,SVCT,214,2026-05-16T16:18:52.000+05:45,2026-05-16T19:46:52.000+05:45,208,Vehicle breakdown,severe,Vehicle breakdown affecting line 214 (severe severity)
DIS-816494,BLUS,8,2026-05-07T12:44:08.000+05:45,2026-05-07T13:53:08.000+05:45,69,Traffic congestion,low,Traffic congestion affecting line 8 (low severity)
DIS-310356,SWWD,937,2026-05-17T04:17:27.000+05:45,2026-05-17T07:08:27.000+05:45,171,Roadworks,medium,Roadworks affecting line 937 (medium severity)
DIS-399442,BLUS,NFG,2026-04-27T22:23:33.000+05:45,2026-04-28T00:16:33.000+05:45,113,Vehicle breakdown,high,Vehicle breakdown affecting line NFG (high severity)
DIS-500704,TDTR,15,2026-07-16T06:56:21.000+05:45,2026-07-16T07:25:21.000+05:45,29,Roadworks,high,Roadworks affecting line 15 (high severity)
DIS-826479,BLUS,1,2026-07-05T04:23:30.000+05:45,2026-07-05T08:11:30.000+05:45,228,Vehicle breakdown,medium,Vehicle breakdown affecting line 1 (medium severity)
DIS-372456,TDTR,153,2026-05-08T16:16:47.000+05:45,2026-05-08T17:09:47.000+05:45,53,Driver shortage,high,Driver shortage affecting line 153 (high severity)
DIS-681392,WDBC,10,2026-07-01T21:49:38.000+05:45,2026-07-02T01:35:38.000+05:45,226,Traffic congestion,high,Traffic congestion affecting line 10 (high severity)
DIS-849887,DAMY,1,2026-05-06T02:53:59.000+05:45,2026-05-06T05:21:59.000+05:45,148,Traffic congestion,medium,Traffic congestion affecting line 1 (medium severity)
DIS-509322,BLUS,21,2026-05-19T02:43:09.000+05:45,2026-05-19T06:30:09.000+05:45,227,Vehicle breakdown,medium,Vehicle breakdown affecting line 21 (medium severity)
DIS-376701,SWWD,66,2026-05-15T00:03:55.000+05:45,2026-05-15T01:19:55.000+05:45,76,Traffic congestion,severe,Traffic congestion affecting line 66 (severe severity)
DIS-809520,SWWD,PR7,2026-06-18T17:28:20.000+05:45,2026-06-18T18:33:20.000+05:45,65,Severe weather,high,Severe weather affecting line PR7 (high severity)
DIS-238385,SVCT,TSS,2026-06-07T09:37:59.000+05:45,2026-06-07T12:39:59.000+05:45,182,Road closure,medium,Road closure affecting line TSS (medium severity)
DIS-725595,WDBC,775,2026-05-24T05:54:23.000+05:45,2026-05-24T06:14:23.000+05:45,20,Road closure,high,Road closure affecting line 775 (high severity)
DIS-449121,WDBC,744,2026-06-16T06:38:09.000+05:45,2026-06-16T06:49:09.000+05:45,11,Roadworks,low,Roadworks affecting line 744 (low severity)
DIS-499025,WDBC,7A,2026-05-02T19:15:11.000+05:45,2026-05-02T22:11:11.000+05:45,176,Vehicle breakdown,high,Vehicle breakdown affecting line 7A (high severity)
DIS-270293,SVCT,4,2026-05-26T08:06:09.000+05:45,2026-05-26T11:32:09.000+05:45,206,Traffic congestion,medium,Traffic congestion affecting line 4 (medium severity)
DIS-702740,SWWD,X4,2026-06-19T18:05:27.000+05:45,2026-06-19T19:20:27.000+05:45,75,Vehicle breakdown,medium,Vehicle breakdown affecting line X4 (medium severity)
DIS-935710,SWWD,44,2026-06-07T06:27:28.000+05:45,2026-06-07T07:28:28.000+05:45,61,Roadworks,severe,Roadworks affecting line 44 (severe severity)
DIS-303370,SVCT,214,2026-05-23T15:12:44.000+05:45,2026-05-23T17:26:44.000+05:45,134,Diversion,low,Diversion affecting line 214 (low severity)
DIS-544329,SWWD,PR11,2026-06-10T15:20:03.000+05:45,2026-06-10T18:38:03.000+05:45,198,Planned engineering works,medium,Planned engineering works affecting line PR11 (medium severity)
DIS-513291,WDBC,775,2026-05-22T20:43:57.000+05:45,2026-05-22T22:31:57.000+05:45,108,Road closure,medium,Road closure affecting line 775 (medium severity)
DIS-237718,SWWD,PR11,2026-06-28T10:47:00.000+05:45,2026-06-28T12:33:00.000+05:45,106,Driver shortage,low,Driver shortage affecting line PR11 (low severity)
DIS-479426,SWWD,8,2026-05-09T13:18:17.000+05:45,2026-05-09T16:52:17.000+05:45,214,Vehicle breakdown,low,Vehicle breakdown affecting line 8 (low severity)
DIS-899636,SWWD,PR9,2026-05-07T08:06:31.000+05:45,2026-05-07T11:03:31.000+05:45,177,Road closure,low,Road closure affecting line PR9 (low severity)
DIS-562763,SWWD,906,2026-07-14T10:06:56.000+05:45,2026-07-14T14:01:56.000+05:45,235,Planned engineering works,medium,Planned engineering works affecting line 906 (medium severity)
DIS-267826,SWWD,663,2026-05-04T13:34:31.000+05:45,2026-05-04T16:03:31.000+05:45,149,Road closure,low,Road closure affecting line 663 (low severity)
DIS-753645,WDBC,7A,2026-05-18T10:22:40.000+05:45,2026-05-18T10:38:40.000+05:45,16,Planned engineering works,severe,Planned engineering works affecting line 7A (severe severity)
DIS-537350,SVCT,SL,2026-06-15T14:24:10.000+05:45,2026-06-15T16:45:10.000+05:45,141,Accident on route,low,Accident on route affecting line SL (low severity)
DIS-845763,BLUS,19,2026-07-06T13:52:45.000+05:45,2026-07-06T16:47:45.000+05:45,175,Severe weather,low,Severe weather affecting line 19 (low severity)
DIS-656901,DAMY,CR9,2026-04-25T18:09:44.000+05:45,2026-04-25T19:08:44.000+05:45,59,Roadworks,severe,Roadworks affecting line CR9 (severe severity)
DIS-689679,BLUS,10,2026-06-06T15:12:32.000+05:45,2026-06-06T15:34:32.000+05:45,22,Vehicle breakdown,high,Vehicle breakdown affecting line 10 (high severity)
DIS-497490,TDTR,159,2026-06-15T19:57:12.000+05:45,2026-06-15T20:39:12.000+05:45,42,Severe weather,low,Severe weather affecting line 159 (low severity)
DIS-177307,WDBC,7B,2026-07-03T22:01:39.000+05:45,2026-07-04T01:02:39.000+05:45,181,Traffic congestion,severe,Traffic congestion affecting line 7B (severe severity)
DIS-146226,SWWD,2A,2026-05-29T14:48:23.000+05:45,2026-05-29T16:49:23.000+05:45,121,Accident on route,low,Accident on route affecting line 2A (low severity)
DIS-259872,BLUS,24,2026-07-14T13:55:46.000+05:45,2026-07-14T16:54:46.000+05:45,179,Accident on route,medium,Accident on route affecting line 24 (medium severity)
DIS-655543,BLUS,28,2026-06-26T23:55:15.000+05:45,2026-06-27T00:44:15.000+05:45,49,Accident on route,severe,Accident on route affecting line 28 (severe severity)
DIS-522917,WDBC,10,2026-07-18T11:40:16.000+05:45,2026-07-18T12:36:16.000+05:45,56,Planned engineering works,severe,Planned engineering works affecting line 10 (severe severity)
DIS-595844,SVCT,202,2026-07-12T19:31:05.000+05:45,2026-07-12T22:14:05.000+05:45,163,Planned engineering works,low,Planned engineering works affecting line 202 (low severity)
DIS-320783,TDTR,42,2026-07-11T12:09:16.000+05:45,2026-07-11T14:54:16.000+05:45,165,Diversion,low,Diversion affecting line 42 (low severity)
DIS-932117,SQ,DEAD,2026-04-23T01:59:57.000+05:45,2026-04-23T04:21:57.000+05:45,142,Diversion,high,Diversion affecting line DEAD (high severity)
DIS-262992,BLUS,2,2026-06-02T02:34:02.000+05:45,2026-06-02T04:10:02.000+05:45,96,Roadworks,severe,Roadworks affecting line 2 (severe severity)
DIS-392325,SWWD,625,2026-06-27T04:46:50.000+05:45,2026-06-27T05:41:50.000+05:45,55,Traffic congestion,high,Traffic congestion affecting line 625 (high severity)
DIS-107039,BLUS,19a,2026-05-04T21:30:51.000+05:45,2026-05-04T22:47:51.000+05:45,77,Severe weather,medium,Severe weather affecting line 19a (medium severity)
DIS-665666,WDBC,m2,2026-07-14T21:57:55.000+05:45,2026-07-14T23:25:55.000+05:45,88,Road closure,high,Road closure affecting line m2 (high severity)
DIS-898655,SQ,TM1,2026-05-18T09:13:42.000+05:45,2026-05-18T09:27:42.000+05:45,14,Accident on route,high,Accident on route affecting line TM1 (high severity)
DIS-126388,WDBC,X3,2026-05-05T23:38:47.000+05:45,2026-05-06T02:15:47.000+05:45,157,Road closure,medium,Road closure affecting line X3 (medium severity)
DIS-176220,WDBC,26,2026-05-07T07:56:45.000+05:45,2026-05-07T08:49:45.000+05:45,53,Road closure,high,Road closure affecting line 26 (high severity)
DIS-853105,TDTR,R26,2026-07-08T14:47:00.000+05:45,2026-07-08T17:28:00.000+05:45,161,Severe weather,severe,Severe weather affecting line R26 (severe severity)
DIS-446721,WDBC,22,2026-05-02T06:07:53.000+05:45,2026-05-02T08:45:53.000+05:45,158,Severe weather,high,Severe weather affecting line 22 (high severity)
DIS-808775,WDBC,m2,2026-07-10T08:26:12.000+05:45,2026-07-10T11:26:12.000+05:45,180,Road closure,high,Road closure affecting line m2 (high severity)
DIS-209036,WDBC,30,2026-06-13T03:12:17.000+05:45,2026-06-13T05:01:17.000+05:45,109,Severe weather,medium,Severe weather affecting line 30 (medium severity)
DIS-702674,WDBC,C,2026-05-12T15:51:56.000+05:45,2026-05-12T18:23:56.000+05:45,152,Vehicle breakdown,low,Vehicle breakdown affecting line C (low severity)
DIS-456186,BLUS,15,2026-07-20T16:39:43.000+05:45,2026-07-20T17:14:43.000+05:45,35,Accident on route,severe,Accident on route affecting line 15 (severe severity)
DIS-973182,WDBC,82,2026-06-24T04:45:32.000+05:45,2026-06-24T05:53:32.000+05:45,68,Traffic congestion,severe,Traffic congestion affecting line 82 (severe severity)
DIS-689663,TDTR,80,2026-05-18T11:05:43.000+05:45,2026-05-18T12:31:43.000+05:45,86,Planned engineering works,low,Planned engineering works affecting line 80 (low severity)
DIS-818124,SWWD,901,2026-05-25T01:24:52.000+05:45,2026-05-25T02:35:52.000+05:45,71,Roadworks,low,Roadworks affecting line 901 (low severity)
DIS-282788,BLUS,539,2026-06-24T14:01:15.000+05:45,2026-06-24T17:02:15.000+05:45,181,Traffic congestion,low,Traffic congestion affecting line 539 (low severity)
DIS-666225,BLUS,20,2026-04-23T22:27:13.000+05:45,2026-04-24T01:06:13.000+05:45,159,Accident on route,low,Accident on route affecting line 20 (low severity)
DIS-300686,WDBC,26,2026-05-16T18:43:38.000+05:45,2026-05-16T21:48:38.000+05:45,185,Vehicle breakdown,severe,Vehicle breakdown affecting line 26 (severe severity)
DIS-176269,SVCT,3,2026-05-12T02:22:17.000+05:45,2026-05-12T04:57:17.000+05:45,155,Accident on route,low,Accident on route affecting line 3 (low severity)
DIS-555213,BLUS,16,2026-05-30T22:20:47.000+05:45,2026-05-31T02:12:47.000+05:45,232,Road closure,high,Road closure affecting line 16 (high severity)
DIS-949092,BLUS,N18,2026-04-28T13:41:32.000+05:45,2026-04-28T16:33:32.000+05:45,172,Severe weather,medium,Severe weather affecting line N18 (medium severity)
DIS-201140,SVCT,201,2026-07-16T02:52:20.000+05:45,2026-07-16T05:20:20.000+05:45,148,Driver shortage,medium,Driver shortage affecting line 201 (medium severity)
DIS-343670,WDBC,B,2026-05-31T21:40:10.000+05:45,2026-05-31T22:31:10.000+05:45,51,Driver shortage,medium,Driver shortage affecting line B (medium severity)
DIS-276811,SWWD,906,2026-06-17T06:29:48.000+05:45,2026-06-17T07:56:48.000+05:45,87,Traffic congestion,severe,Traffic congestion affecting line 906 (severe severity)
DIS-118598,TDTR,R23,2026-05-17T22:49:16.000+05:45,2026-05-18T00:34:16.000+05:45,105,Diversion,low,Diversion affecting line R23 (low severity)
DIS-131802,BLUS,PR1,2026-06-07T19:36:39.000+05:45,2026-06-07T20:44:39.000+05:45,68,Vehicle breakdown,low,Vehicle breakdown affecting line PR1 (low severity)
DIS-515409,WDBC,60,2026-05-05T04:47:01.000+05:45,2026-05-05T05:35:01.000+05:45,48,Driver shortage,medium,Driver shortage affecting line 60 (medium severity)
DIS-383745,SWWD,TPDRT,2026-06-22T19:49:47.000+05:45,2026-06-22T23:35:47.000+05:45,226,Severe weather,medium,Severe weather affecting line TPDRT (medium severity)
DIS-912681,SVCT,214,2026-06-15T05:54:33.000+05:45,2026-06-15T08:45:33.000+05:45,171,Vehicle breakdown,low,Vehicle breakdown affecting line 214 (low severity)
DIS-386326,WDBC,35,2026-06-02T16:30:40.000+05:45,2026-06-02T17:13:40.000+05:45,43,Traffic congestion,severe,Traffic congestion affecting line 35 (severe severity)
DIS-389545,SVCT,213,2026-05-26T03:56:55.000+05:45,2026-05-26T04:35:55.000+05:45,39,Accident on route,high,Accident on route affecting line 213 (high severity)
DIS-525970,SWWD,2,2026-07-05T12:42:39.000+05:45,2026-07-05T15:32:39.000+05:45,170,Vehicle breakdown,low,Vehicle breakdown affecting line 2 (low severity)
DIS-959682,WDBC,U1,2026-05-10T04:34:17.000+05:45,2026-05-10T07:15:17.000+05:45,161,Accident on route,severe,Accident on route affecting line U1 (severe severity)
DIS-494684,BLUS,635,2026-07-04T02:44:36.000+05:45,2026-07-04T02:54:36.000+05:45,10,Roadworks,high,Roadworks affecting line 635 (high severity)
DIS-448180,SWWD,978,2026-05-20T13:29:16.000+05:45,2026-05-20T17:21:16.000+05:45,232,Driver shortage,high,Driver shortage affecting line 978 (high severity)
DIS-262639,BLUS,16,2026-06-08T05:37:24.000+05:45,2026-06-08T08:41:24.000+05:45,184,Vehicle breakdown,low,Vehicle breakdown affecting line 16 (low severity)
DIS-297669,WDBC,B,2026-04-30T06:50:42.000+05:45,2026-04-30T08:17:42.000+05:45,87,Driver shortage,severe,Driver shortage affecting line B (severe severity)
DIS-517553,SWWD,PR7,2026-04-30T02:48:15.000+05:45,2026-04-30T04:56:15.000+05:45,128,Accident on route,high,Accident on route affecting line PR7 (high severity)
DIS-710906,SWWD,X7R,2026-07-16T03:40:26.000+05:45,2026-07-16T05:49:26.000+05:45,129,Roadworks,high,Roadworks affecting line X7R (high severity)
DIS-778240,SWWD,X7,2026-04-26T21:09:51.000+05:45,2026-04-26T21:30:51.000+05:45,21,Accident on route,severe,Accident on route affecting line X7 (severe severity)
DIS-707826,BLUS,19,2026-05-29T03:33:54.000+05:45,2026-05-29T06:38:54.000+05:45,185,Diversion,medium,Diversion affecting line 19 (medium severity)
DIS-364414,SVCT,5,2026-06-17T11:57:51.000+05:45,2026-06-17T15:23:51.000+05:45,206,Traffic congestion,severe,Traffic congestion affecting line 5 (severe severity)
DIS-489623,DAMY,CR8,2026-05-02T13:31:26.000+05:45,2026-05-02T16:33:26.000+05:45,182,Accident on route,low,Accident on route affecting line CR8 (low severity)
DIS-534209,SVCT,1,2026-06-07T14:21:49.000+05:45,2026-06-07T15:41:49.000+05:45,80,Driver shortage,medium,Driver shortage affecting line 1 (medium severity)
DIS-333596,BLUS,538,2026-05-07T02:20:45.000+05:45,2026-05-07T02:41:45.000+05:45,21,Driver shortage,low,Driver shortage affecting line 538 (low severity)
DIS-467544,WDBC,25,2026-05-03T19:31:17.000+05:45,2026-05-03T21:26:17.000+05:45,115,Planned engineering works,high,Planned engineering works affecting line 25 (high severity)
DIS-407607,WDBC,NFB,2026-05-05T10:55:11.000+05:45,2026-05-05T14:03:11.000+05:45,188,Vehicle breakdown,high,Vehicle breakdown affecting line NFB (high severity)
DIS-872377,WDBC,NFB,2026-06-30T18:24:05.000+05:45,2026-06-30T21:06:05.000+05:45,162,Diversion,high,Diversion affecting line NFB (high severity)
DIS-503771,WDBC,m2,2026-06-04T08:32:56.000+05:45,2026-06-04T10:45:56.000+05:45,133,Traffic congestion,severe,Traffic congestion affecting line m2 (severe severity)
DIS-919588,WDBC,125,2026-05-22T08:29:45.000+05:45,2026-05-22T10:19:45.000+05:45,110,Vehicle breakdown,medium,Vehicle breakdown affecting line 125 (medium severity)
DIS-606199,DAMY,20,2026-07-10T08:09:49.000+05:45,2026-07-10T10:19:49.000+05:45,130,Vehicle breakdown,low,Vehicle breakdown affecting line 20 (low severity)
DIS-720920,SVCT,5,2026-05-12T02:05:46.000+05:45,2026-05-12T05:50:46.000+05:45,225,Diversion,high,Diversion affecting line 5 (high severity)
DIS-270227,SVCT,206,2026-06-10T20:32:38.000+05:45,2026-06-10T22:45:38.000+05:45,133,Severe weather,medium,Severe weather affecting line 206 (medium severity)
DIS-686972,TDTR,152,2026-07-09T09:52:25.000+05:45,2026-07-09T10:56:25.000+05:45,64,Diversion,high,Diversion affecting line 152 (high severity)
DIS-565055,SWWD,907,2026-04-21T18:07:09.000+05:45,2026-04-21T20:56:09.000+05:45,169,Road closure,high,Road closure affecting line 907 (high severity)
DIS-974252,BLUS,19,2026-07-17T07:06:39.000+05:45,2026-07-17T09:07:39.000+05:45,121,Diversion,severe,Diversion affecting line 19 (severe severity)
DIS-958959,SVCT,TNB,2026-06-09T18:19:51.000+05:45,2026-06-09T21:19:51.000+05:45,180,Diversion,medium,Diversion affecting line TNB (medium severity)
DIS-705405,SVCT,208,2026-05-10T23:52:42.000+05:45,2026-05-11T02:10:42.000+05:45,138,Roadworks,high,Roadworks affecting line 208 (high severity)
DIS-539292,SWWD,987,2026-06-01T09:30:18.000+05:45,2026-06-01T09:46:18.000+05:45,16,Accident on route,low,Accident on route affecting line 987 (low severity)
DIS-287645,SVCT,205,2026-05-27T11:01:58.000+05:45,2026-05-27T14:50:58.000+05:45,229,Driver shortage,high,Driver shortage affecting line 205 (high severity)
DIS-687391,UNIL,U1A,2026-07-05T08:53:57.000+05:45,2026-07-05T11:02:57.000+05:45,129,Vehicle breakdown,medium,Vehicle breakdown affecting line U1A (medium severity)
DIS-432139,WDBC,86,2026-07-03T18:55:06.000+05:45,2026-07-03T20:11:06.000+05:45,76,Driver shortage,severe,Driver shortage affecting line 86 (severe severity)
DIS-822760,SWWD,650,2026-05-06T06:32:40.000+05:45,2026-05-06T09:53:40.000+05:45,201,Vehicle breakdown,low,Vehicle breakdown affecting line 650 (low severity)
DIS-682291,SVCT,63,2026-07-20T14:15:44.000+05:45,2026-07-20T16:48:44.000+05:45,153,Vehicle breakdown,low,Vehicle breakdown affecting line 63 (low severity)
DIS-191606,WDBC,1A,2026-05-20T06:03:59.000+05:45,2026-05-20T07:22:59.000+05:45,79,Traffic congestion,low,Traffic congestion affecting line 1A (low severity)
DIS-636367,SWWD,PR7,2026-05-18T06:42:01.000+05:45,2026-05-18T08:12:01.000+05:45,90,Planned engineering works,severe,Planned engineering works affecting line PR7 (severe severity)
DIS-125570,BLUS,19,2026-05-28T19:09:06.000+05:45,2026-05-28T23:06:06.000+05:45,237,Accident on route,high,Accident on route affecting line 19 (high severity)
DIS-321243,SWWD,X7R,2026-07-10T14:09:10.000+05:45,2026-07-10T17:47:10.000+05:45,218,Roadworks,medium,Roadworks affecting line X7R (medium severity)
DIS-716185,WDBC,1A,2026-05-21T19:46:14.000+05:45,2026-05-21T21:22:14.000+05:45,96,Driver shortage,severe,Driver shortage affecting line 1A (severe severity)
DIS-680670,TDTR,153,2026-04-26T16:02:32.000+05:45,2026-04-26T18:20:32.000+05:45,138,Diversion,severe,Diversion affecting line 153 (severe severity)
DIS-676146,SVCT,204,2026-05-07T18:57:26.000+05:45,2026-05-07T22:46:26.000+05:45,229,Diversion,low,Diversion affecting line 204 (low severity)
DIS-929862,WDBC,31,2026-07-14T01:04:44.000+05:45,2026-07-14T02:44:44.000+05:45,100,Traffic congestion,medium,Traffic congestion affecting line 31 (medium severity)
DIS-534443,SQ,TM1,2026-06-03T16:51:16.000+05:45,2026-06-03T20:18:16.000+05:45,207,Vehicle breakdown,medium,Vehicle breakdown affecting line TM1 (medium severity)
DIS-358760,WDBC,17,2026-04-21T05:40:52.000+05:45,2026-04-21T09:07:52.000+05:45,207,Driver shortage,high,Driver shortage affecting line 17 (high severity)
DIS-191698,TDTR,920,2026-05-13T23:07:05.000+05:45,2026-05-14T02:02:05.000+05:45,175,Accident on route,medium,Accident on route affecting line 920 (medium severity)
DIS-941953,WDBC,NFB,2026-05-20T13:53:21.000+05:45,2026-05-20T17:47:21.000+05:45,234,Vehicle breakdown,high,Vehicle breakdown affecting line NFB (high severity)
DIS-211232,WDBC,50,2026-05-05T02:35:26.000+05:45,2026-05-05T05:23:26.000+05:45,168,Driver shortage,severe,Driver shortage affecting line 50 (severe severity)
DIS-540413,BLUS,504,2026-05-11T12:48:26.000+05:45,2026-05-11T14:01:26.000+05:45,73,Vehicle breakdown,medium,Vehicle breakdown affecting line 504 (medium severity)
DIS-695351,TDTR,1B,2026-06-17T18:14:45.000+05:45,2026-06-17T19:38:45.000+05:45,84,Diversion,high,Diversion affecting line 1B (high severity)
DIS-200737,TDTR,217,2026-06-05T22:58:21.000+05:45,2026-06-06T02:07:21.000+05:45,189,Roadworks,high,Roadworks affecting line 217 (high severity)
DIS-423619,TDTR,152,2026-04-21T13:18:39.000+05:45,2026-04-21T15:48:39.000+05:45,150,Diversion,high,Diversion affecting line 152 (high severity)
DIS-588632,TDTR,22,2026-06-23T09:51:20.000+05:45,2026-06-23T11:27:20.000+05:45,96,Traffic congestion,severe,Traffic congestion affecting line 22 (severe severity)
DIS-800846,SWWD,TPDRT,2026-07-03T00:42:39.000+05:45,2026-07-03T01:55:39.000+05:45,73,Roadworks,severe,Roadworks affecting line TPDRT (severe severity)
DIS-389412,WDBC,81,2026-07-14T14:27:10.000+05:45,2026-07-14T16:46:10.000+05:45,139,Severe weather,severe,Severe weather affecting line 81 (severe severity)
DIS-297066,SVCT,213,2026-05-16T10:36:52.000+05:45,2026-05-16T14:02:52.000+05:45,206,Road closure,severe,Road closure affecting line 213 (severe severity)
DIS-912183,BLUS,4,2026-06-28T17:29:43.000+05:45,2026-06-28T19:25:43.000+05:45,116,Severe weather,high,Severe weather affecting line 4 (high severity)
DIS-992125,TDTR,13,2026-06-22T21:07:49.000+05:45,2026-06-23T00:29:49.000+05:45,202,Diversion,low,Diversion affecting line 13 (low severity)
DIS-305603,TDTR,X76,2026-07-14T17:35:02.000+05:45,2026-07-14T17:55:02.000+05:45,20,Severe weather,severe,Severe weather affecting line X76 (severe severity)
DIS-234873,WDBC,21,2026-05-17T21:51:48.000+05:45,2026-05-17T22:24:48.000+05:45,33,Planned engineering works,low,Planned engineering works affecting line 21 (low severity)
DIS-142563,SWWD,R1,2026-04-29T00:53:15.000+05:45,2026-04-29T01:32:15.000+05:45,39,Road closure,high,Road closure affecting line R1 (high severity)
DIS-889050,WDBC,4,2026-07-08T07:53:47.000+05:45,2026-07-08T11:37:47.000+05:45,224,Severe weather,low,Severe weather affecting line 4 (low severity)
DIS-464315,BLUS,61,2026-06-20T09:21:43.000+05:45,2026-06-20T10:48:43.000+05:45,87,Road closure,low,Road closure affecting line 61 (low severity)
DIS-290059,SWWD,R12,2026-04-28T01:34:00.000+05:45,2026-04-28T02:14:00.000+05:45,40,Road closure,severe,Road closure affecting line R12 (severe severity)
DIS-786890,TDTR,153,2026-06-01T10:29:16.000+05:45,2026-06-01T13:41:16.000+05:45,192,Vehicle breakdown,low,Vehicle breakdown affecting line 153 (low severity)
DIS-311294,SVCT,TNB,2026-06-21T21:54:18.000+05:45,2026-06-22T01:39:18.000+05:45,225,Diversion,low,Diversion affecting line TNB (low severity)
DIS-756074,SVCT,4,2026-06-15T12:49:43.000+05:45,2026-06-15T14:24:43.000+05:45,95,Diversion,medium,Diversion affecting line 4 (medium severity)
DIS-885092,BLUS,19,2026-06-03T14:44:24.000+05:45,2026-06-03T17:24:24.000+05:45,160,Diversion,low,Diversion affecting line 19 (low severity)
DIS-539673,WDBC,1A,2026-05-17T00:26:09.000+05:45,2026-05-17T01:01:09.000+05:45,35,Severe weather,low,Severe weather affecting line 1A (low severity)
DIS-311627,BLUS,2,2026-07-17T18:45:08.000+05:45,2026-07-17T20:02:08.000+05:45,77,Roadworks,low,Roadworks affecting line 2 (low severity)
DIS-978256,SVCT,68,2026-07-12T20:21:14.000+05:45,2026-07-12T20:54:14.000+05:45,33,Vehicle breakdown,high,Vehicle breakdown affecting line 68 (high severity)
DIS-968313,SVCT,7,2026-05-10T10:21:24.000+05:45,2026-05-10T10:48:24.000+05:45,27,Planned engineering works,medium,Planned engineering works affecting line 7 (medium severity)
DIS-709792,TDTR,X76,2026-07-13T15:06:26.000+05:45,2026-07-13T15:51:26.000+05:45,45,Driver shortage,severe,Driver shortage affecting line X76 (severe severity)
DIS-150721,WDBC,761,2026-07-12T17:37:42.000+05:45,2026-07-12T20:16:42.000+05:45,159,Accident on route,severe,Accident on route affecting line 761 (severe severity)
DIS-660722,SWWD,PR7,2026-06-11T06:33:39.000+05:45,2026-06-11T07:34:39.000+05:45,61,Severe weather,low,Severe weather affecting line PR7 (low severity)
DIS-551784,WDBC,17,2026-06-05T23:41:18.000+05:45,2026-06-06T00:00:18.000+05:45,19,Driver shortage,high,Driver shortage affecting line 17 (high severity)
DIS-688877,SQ,DEAD,2026-06-06T11:33:39.000+05:45,2026-06-06T13:01:39.000+05:45,88,Diversion,medium,Diversion affecting line DEAD (medium severity)
DIS-751016,SVCT,7,2026-07-07T02:32:57.000+05:45,2026-07-07T05:09:57.000+05:45,157,Roadworks,severe,Roadworks affecting line 7 (severe severity)
DIS-927863,UNIL,U1C,2026-06-01T05:10:54.000+05:45,2026-06-01T05:58:54.000+05:45,48,Accident on route,severe,Accident on route affecting line U1C (severe severity)
DIS-587118,SWWD,X7,2026-05-26T08:56:11.000+05:45,2026-05-26T11:52:11.000+05:45,176,Road closure,severe,Road closure affecting line X7 (severe severity)
DIS-297908,WDBC,A,2026-07-01T13:49:18.000+05:45,2026-07-01T14:44:18.000+05:45,55,Road closure,high,Road closure affecting line A (high severity)
DIS-959855,TDTR,154,2026-04-21T07:53:46.000+05:45,2026-04-21T11:43:46.000+05:45,230,Severe weather,high,Severe weather affecting line 154 (high severity)
DIS-495005,SVCT,12,2026-06-04T16:55:47.000+05:45,2026-06-04T19:00:47.000+05:45,125,Driver shortage,medium,Driver shortage affecting line 12 (medium severity)
DIS-272288,WDBC,119,2026-06-03T16:04:51.000+05:45,2026-06-03T18:44:51.000+05:45,160,Roadworks,severe,Roadworks affecting line 119 (severe severity)
DIS-210018,SVCT,206,2026-05-28T05:19:35.000+05:45,2026-05-28T08:56:35.000+05:45,217,Vehicle breakdown,low,Vehicle breakdown affecting line 206 (low severity)
DIS-740587,BLUS,15,2026-06-12T08:08:39.000+05:45,2026-06-12T09:42:39.000+05:45,94,Diversion,severe,Diversion affecting line 15 (severe severity)
DIS-518610,UNIL,U6C,2026-07-17T14:56:54.000+05:45,2026-07-17T17:38:54.000+05:45,162,Driver shortage,medium,Driver shortage affecting line U6C (medium severity)
DIS-802926,SWWD,TPDRT,2026-05-09T20:27:03.000+05:45,2026-05-09T23:03:03.000+05:45,156,Road closure,severe,Road closure affecting line TPDRT (severe severity)
DIS-692943,SVCT,7,2026-06-17T17:45:40.000+05:45,2026-06-17T21:36:40.000+05:45,231,Severe weather,severe,Severe weather affecting line 7 (severe severity)
DIS-771712,WDBC,3,2026-06-24T17:49:42.000+05:45,2026-06-24T19:35:42.000+05:45,106,Driver shortage,medium,Driver shortage affecting line 3 (medium severity)
DIS-974323,TDTR,80,2026-05-23T01:34:13.000+05:45,2026-05-23T04:35:13.000+05:45,181,Traffic congestion,severe,Traffic congestion affecting line 80 (severe severity)
DIS-647431,TDTR,42,2026-04-28T07:07:33.000+05:45,2026-04-28T09:05:33.000+05:45,118,Accident on route,severe,Accident on route affecting line 42 (severe severity)
DIS-560664,BLUS,19a,2026-05-31T10:52:39.000+05:45,2026-05-31T11:56:39.000+05:45,64,Roadworks,low,Roadworks affecting line 19a (low severity)
DIS-373034,WDBC,13A,2026-06-14T00:40:42.000+05:45,2026-06-14T01:25:42.000+05:45,45,Driver shortage,severe,Driver shortage affecting line 13A (severe severity)
DIS-621978,SQ,TM1,2026-05-31T17:31:11.000+05:45,2026-05-31T19:10:11.000+05:45,99,Vehicle breakdown,severe,Vehicle breakdown affecting line TM1 (severe severity)
DIS-135627,BLUS,20,2026-05-16T13:01:00.000+05:45,2026-05-16T16:39:00.000+05:45,218,Road closure,high,Road closure affecting line 20 (high severity)
DIS-346159,SWWD,D2,2026-04-23T12:08:33.000+05:45,2026-04-23T15:06:33.000+05:45,178,Vehicle breakdown,high,Vehicle breakdown affecting line D2 (high severity)
DIS-371346,WDBC,40,2026-06-07T14:23:52.000+05:45,2026-06-07T16:30:52.000+05:45,127,Accident on route,medium,Accident on route affecting line 40 (medium severity)
DIS-938712,SWWD,X5,2026-07-05T19:54:33.000+05:45,2026-07-05T21:26:33.000+05:45,92,Roadworks,severe,Roadworks affecting line X5 (severe severity)
DIS-625402,WDBC,X6,2026-04-26T06:40:11.000+05:45,2026-04-26T08:11:11.000+05:45,91,Planned engineering works,severe,Planned engineering works affecting line X6 (severe severity)
DIS-102358,SWWD,PR15,2026-06-06T22:32:46.000+05:45,2026-06-07T00:23:46.000+05:45,111,Severe weather,high,Severe weather affecting line PR15 (high severity)
DIS-643142,SWWD,101,2026-07-11T02:54:54.000+05:45,2026-07-11T05:38:54.000+05:45,164,Traffic congestion,low,Traffic congestion affecting line 101 (low severity)
DIS-821558,SWWD,X5,2026-05-12T11:04:26.000+05:45,2026-05-12T14:28:26.000+05:45,204,Vehicle breakdown,low,Vehicle breakdown affecting line X5 (low severity)
DIS-709913,WDBC,940,2026-04-22T06:32:25.000+05:45,2026-04-22T09:28:25.000+05:45,176,Driver shortage,high,Driver shortage affecting line 940 (high severity)
DIS-719987,WDBC,NFR,2026-05-22T00:37:47.000+05:45,2026-05-22T03:19:47.000+05:45,162,Planned engineering works,high,Planned engineering works affecting line NFR (high severity)
DIS-141758,SWWD,D3,2026-06-30T11:10:34.000+05:45,2026-06-30T12:53:34.000+05:45,103,Severe weather,medium,Severe weather affecting line D3 (medium severity)
DIS-681455,TDTR,23,2026-05-26T00:48:23.000+05:45,2026-05-26T02:13:23.000+05:45,85,Roadworks,medium,Roadworks affecting line 23 (medium severity)
DIS-945947,SVCT,5,2026-07-10T23:32:39.000+05:45,2026-07-11T01:29:39.000+05:45,117,Planned engineering works,medium,Planned engineering works affecting line 5 (medium severity)
DIS-720657,TDTR,X46,2026-05-09T01:15:38.000+05:45,2026-05-09T03:27:38.000+05:45,132,Road closure,medium,Road closure affecting line X46 (medium severity)
DIS-343509,SWWD,X7,2026-07-19T11:30:46.000+05:45,2026-07-19T12:43:46.000+05:45,73,Accident on route,severe,Accident on route affecting line X7 (severe severity)
DIS-877077,WDBC,B,2026-04-24T11:52:25.000+05:45,2026-04-24T12:13:25.000+05:45,21,Traffic congestion,high,Traffic congestion affecting line B (high severity)
DIS-816702,TDTR,X76,2026-05-23T13:23:16.000+05:45,2026-05-23T16:29:16.000+05:45,186,Driver shortage,medium,Driver shortage affecting line X76 (medium severity)
DIS-261286,WDBC,NFR,2026-06-20T23:07:57.000+05:45,2026-06-21T02:50:57.000+05:45,223,Vehicle breakdown,high,Vehicle breakdown affecting line NFR (high severity)
DIS-427827,WDBC,40,2026-06-23T01:18:45.000+05:45,2026-06-23T05:02:45.000+05:45,224,Planned engineering works,low,Planned engineering works affecting line 40 (low severity)
DIS-132685,SVCT,TNB,2026-05-06T12:25:54.000+05:45,2026-05-06T13:47:54.000+05:45,82,Roadworks,low,Roadworks affecting line TNB (low severity)
DIS-500247,BLUS,15,2026-06-17T08:23:31.000+05:45,2026-06-17T12:20:31.000+05:45,237,Driver shortage,severe,Driver shortage affecting line 15 (severe severity)
DIS-797256,WDBC,7B,2026-05-02T20:39:26.000+05:45,2026-05-02T23:48:26.000+05:45,189,Road closure,low,Road closure affecting line 7B (low severity)
DIS-402668,DAMY,CR7,2026-05-15T18:25:09.000+05:45,2026-05-15T21:49:09.000+05:45,204,Roadworks,severe,Roadworks affecting line CR7 (severe severity)
DIS-679345,WDBC,ONE,2026-06-01T19:37:57.000+05:45,2026-06-01T21:13:57.000+05:45,96,Driver shortage,low,Driver shortage affecting line ONE (low severity)
DIS-384318,SWWD,X5,2026-06-08T01:58:17.000+05:45,2026-06-08T05:52:17.000+05:45,234,Roadworks,high,Roadworks affecting line X5 (high severity)
DIS-851649,WDBC,32,2026-05-11T02:33:08.000+05:45,2026-05-11T02:58:08.000+05:45,25,Diversion,low,Diversion affecting line 32 (low severity)
DIS-942586,SWWD,625,2026-06-30T14:18:18.000+05:45,2026-06-30T17:11:18.000+05:45,173,Road closure,low,Road closure affecting line 625 (low severity)
DIS-171120,WDBC,13A,2026-07-02T06:11:16.000+05:45,2026-07-02T06:31:16.000+05:45,20,Severe weather,severe,Severe weather affecting line 13A (severe severity)
DIS-518692,TDTR,153,2026-06-01T11:16:10.000+05:45,2026-06-01T12:28:10.000+05:45,72,Roadworks,medium,Roadworks affecting line 153 (medium severity)
DIS-924442,WDBC,Q7,2026-07-12T14:48:08.000+05:45,2026-07-12T17:36:08.000+05:45,168,Accident on route,medium,Accident on route affecting line Q7 (medium severity)
DIS-349813,BLUS,13,2026-05-01T05:41:51.000+05:45,2026-05-01T06:51:51.000+05:45,70,Roadworks,low,Roadworks affecting line 13 (low severity)
DIS-603501,SVCT,204,2026-07-09T11:41:38.000+05:45,2026-07-09T14:53:38.000+05:45,192,Traffic congestion,severe,Traffic congestion affecting line 204 (severe severity)
DIS-189553,WDBC,32,2026-04-23T18:23:17.000+05:45,2026-04-23T20:20:17.000+05:45,117,Roadworks,medium,Roadworks affecting line 32 (medium severity)
DIS-773695,BLUS,19a,2026-07-02T21:09:18.000+05:45,2026-07-03T00:09:18.000+05:45,180,Traffic congestion,high,Traffic congestion affecting line 19a (high severity)
DIS-141053,WDBC,50,2026-06-15T03:28:52.000+05:45,2026-06-15T04:38:52.000+05:45,70,Accident on route,severe,Accident on route affecting line 50 (severe severity)
DIS-870540,WDBC,112,2026-06-15T16:01:26.000+05:45,2026-06-15T18:04:26.000+05:45,123,Traffic congestion,high,Traffic congestion affecting line 112 (high severity)
DIS-790780,WDBC,1A,2026-05-15T09:20:55.000+05:45,2026-05-15T10:34:55.000+05:45,74,Roadworks,high,Roadworks affecting line 1A (high severity)
DIS-925997,SWWD,901,2026-07-06T20:09:10.000+05:45,2026-07-06T23:56:10.000+05:45,227,Roadworks,high,Roadworks affecting line 901 (high severity)
DIS-381135,WDBC,U3,2026-04-24T01:42:06.000+05:45,2026-04-24T04:01:06.000+05:45,139,Accident on route,severe,Accident on route affecting line U3 (severe severity)
DIS-169630,SWWD,663,2026-07-13T08:57:24.000+05:45,2026-07-13T11:38:24.000+05:45,161,Planned engineering works,low,Planned engineering works affecting line 663 (low severity)
DIS-836092,SWWD,906,2026-07-15T18:54:08.000+05:45,2026-07-15T19:15:08.000+05:45,21,Roadworks,high,Roadworks affecting line 906 (high severity)
DIS-604824,TDTR,48A,2026-06-15T08:37:25.000+05:45,2026-06-15T12:17:25.000+05:45,220,Roadworks,severe,Roadworks affecting line 48A (severe severity)
DIS-367597,BLUS,10,2026-06-17T21:37:27.000+05:45,2026-06-18T01:11:27.000+05:45,214,Diversion,medium,Diversion affecting line 10 (medium severity)
DIS-296015,SWWD,937,2026-06-03T08:15:09.000+05:45,2026-06-03T10:39:09.000+05:45,144,Severe weather,low,Severe weather affecting line 937 (low severity)
DIS-261123,BLUS,4,2026-05-12T16:37:24.000+05:45,2026-05-12T18:40:24.000+05:45,123,Road closure,high,Road closure affecting line 4 (high severity)
DIS-820929,TDTR,22,2026-06-02T10:40:07.000+05:45,2026-06-02T14:16:07.000+05:45,216,Roadworks,high,Roadworks affecting line 22 (high severity)
DIS-245861,BLUS,10,2026-06-13T07:43:17.000+05:45,2026-06-13T09:36:17.000+05:45,113,Accident on route,severe,Accident on route affecting line 10 (severe severity)
DIS-121769,SQ,TW1,2026-04-27T13:56:23.000+05:45,2026-04-27T15:36:23.000+05:45,100,Accident on route,high,Accident on route affecting line TW1 (high severity)
DIS-572622,TDTR,154,2026-06-15T14:39:17.000+05:45,2026-06-15T17:24:17.000+05:45,165,Accident on route,low,Accident on route affecting line 154 (low severity)
DIS-409325,SWWD,PVDRT,2026-06-03T12:04:30.000+05:45,2026-06-03T12:28:30.000+05:45,24,Diversion,high,Diversion affecting line PVDRT (high severity)
DIS-733671,BLUS,PRH,2026-06-05T18:10:25.000+05:45,2026-06-05T19:05:25.000+05:45,55,Severe weather,severe,Severe weather affecting line PRH (severe severity)
DIS-908469,SWWD,650,2026-06-04T16:03:59.000+05:45,2026-06-04T17:00:59.000+05:45,57,Roadworks,high,Roadworks affecting line 650 (high severity)
DIS-112058,BLUS,16,2026-04-29T18:07:18.000+05:45,2026-04-29T20:18:18.000+05:45,131,Roadworks,medium,Roadworks affecting line 16 (medium severity)
DIS-843568,SWWD,R2,2026-07-12T18:19:59.000+05:45,2026-07-12T18:31:59.000+05:45,12,Road closure,high,Road closure affecting line R2 (high severity)
DIS-767751,TDTR,22,2026-05-25T07:52:44.000+05:45,2026-05-25T09:33:44.000+05:45,101,Planned engineering works,medium,Planned engineering works affecting line 22 (medium severity)
DIS-455323,WDBC,35,2026-05-24T00:12:01.000+05:45,2026-05-24T00:55:01.000+05:45,43,Accident on route,low,Accident on route affecting line 35 (low severity)
DIS-642678,SWWD,603,2026-07-13T22:46:31.000+05:45,2026-07-14T00:54:31.000+05:45,128,Traffic congestion,severe,Traffic congestion affecting line 603 (severe severity)
DIS-967424,TDTR,842,2026-07-13T22:03:20.000+05:45,2026-07-13T22:55:20.000+05:45,52,Driver shortage,severe,Driver shortage affecting line 842 (severe severity)
DIS-159126,WDBC,22,2026-06-19T01:40:24.000+05:45,2026-06-19T03:10:24.000+05:45,90,Accident on route,severe,Accident on route affecting line 22 (severe severity)
DIS-188242,WDBC,NFB,2026-05-21T19:30:18.000+05:45,2026-05-21T22:52:18.000+05:45,202,Diversion,low,Diversion affecting line NFB (low severity)
DIS-478767,SVCT,3,2026-05-16T01:04:34.000+05:45,2026-05-16T01:43:34.000+05:45,39,Accident on route,medium,Accident on route affecting line 3 (medium severity)
DIS-894236,BLUS,757,2026-07-13T18:01:30.000+05:45,2026-07-13T21:30:30.000+05:45,209,Accident on route,severe,Accident on route affecting line 757 (severe severity)
DIS-980401,SVCT,212,2026-06-09T17:53:48.000+05:45,2026-06-09T18:38:48.000+05:45,45,Vehicle breakdown,severe,Vehicle breakdown affecting line 212 (severe severity)
DIS-958878,TDTR,42,2026-07-08T19:24:33.000+05:45,2026-07-08T22:32:33.000+05:45,188,Vehicle breakdown,high,Vehicle breakdown affecting line 42 (high severity)
DIS-871725,SWWD,PR7,2026-04-21T20:43:42.000+05:45,2026-04-21T22:41:42.000+05:45,118,Diversion,low,Diversion affecting line PR7 (low severity)
DIS-546830,TDTR,42,2026-04-29T04:47:52.000+05:45,2026-04-29T07:52:52.000+05:45,185,Roadworks,severe,Roadworks affecting line 42 (severe severity)
DIS-652688,SWWD,R12,2026-05-25T02:36:23.000+05:45,2026-05-25T06:33:23.000+05:45,237,Severe weather,low,Severe weather affecting line R12 (low severity)
DIS-782014,TDTR,42,2026-06-28T18:48:04.000+05:45,2026-06-28T19:03:04.000+05:45,15,Diversion,low,Diversion affecting line 42 (low severity)
DIS-779171,SVCT,5,2026-06-17T16:24:13.000+05:45,2026-06-17T19:08:13.000+05:45,164,Planned engineering works,severe,Planned engineering works affecting line 5 (severe severity)
DIS-842273,SVCT,12,2026-05-20T15:07:28.000+05:45,2026-05-20T18:16:28.000+05:45,189,Driver shortage,high,Driver shortage affecting line 12 (high severity)
DIS-283652,BLUS,10,2026-04-24T12:30:13.000+05:45,2026-04-24T14:54:13.000+05:45,144,Diversion,low,Diversion affecting line 10 (low severity)
DIS-646497,WDBC,11,2026-06-28T07:51:54.000+05:45,2026-06-28T11:15:54.000+05:45,204,Diversion,medium,Diversion affecting line 11 (medium severity)
DIS-856219,BLUS,19a,2026-06-09T00:46:33.000+05:45,2026-06-09T01:21:33.000+05:45,35,Vehicle breakdown,high,Vehicle breakdown affecting line 19a (high severity)
DIS-382310,SWWD,650,2026-05-09T13:39:27.000+05:45,2026-05-09T14:03:27.000+05:45,24,Road closure,high,Road closure affecting line 650 (high severity)
DIS-352750,WDBC,X3,2026-06-18T02:32:55.000+05:45,2026-06-18T04:14:55.000+05:45,102,Planned engineering works,severe,Planned engineering works affecting line X3 (severe severity)
DIS-865902,SVCT,8,2026-06-05T09:06:43.000+05:45,2026-06-05T09:38:43.000+05:45,32,Roadworks,low,Roadworks affecting line 8 (low severity)
DIS-541452,UNIL,U1C,2026-06-20T19:30:50.000+05:45,2026-06-20T20:04:50.000+05:45,34,Vehicle breakdown,severe,Vehicle breakdown affecting line U1C (severe severity)
DIS-684829,SWWD,978,2026-06-28T09:06:21.000+05:45,2026-06-28T12:30:21.000+05:45,204,Road closure,medium,Road closure affecting line 978 (medium severity)
DIS-412965,SWWD,PVDRT,2026-05-15T19:55:11.000+05:45,2026-05-15T21:33:11.000+05:45,98,Planned engineering works,severe,Planned engineering works affecting line PVDRT (severe severity)
DIS-342505,SWWD,37,2026-06-21T00:46:43.000+05:45,2026-06-21T03:43:43.000+05:45,177,Accident on route,medium,Accident on route affecting line 37 (medium severity)
DIS-787714,SVCT,2,2026-06-10T16:56:21.000+05:45,2026-06-10T20:19:21.000+05:45,203,Roadworks,high,Roadworks affecting line 2 (high severity)
DIS-488586,SVCT,12,2026-04-22T08:52:48.000+05:45,2026-04-22T09:04:48.000+05:45,12,Vehicle breakdown,low,Vehicle breakdown affecting line 12 (low severity)
DIS-451471,SWWD,PR3,2026-07-09T08:09:28.000+05:45,2026-07-09T09:10:28.000+05:45,61,Accident on route,medium,Accident on route affecting line PR3 (medium severity)
DIS-523650,SWWD,907,2026-04-24T16:22:03.000+05:45,2026-04-24T17:09:03.000+05:45,47,Traffic congestion,severe,Traffic congestion affecting line 907 (severe severity)
DIS-127491,SWWD,PR11,2026-05-26T11:55:14.000+05:45,2026-05-26T14:08:14.000+05:45,133,Planned engineering works,severe,Planned engineering works affecting line PR11 (severe severity)
DIS-140950,DAMY,X8,2026-04-22T17:26:39.000+05:45,2026-04-22T19:28:39.000+05:45,122,Accident on route,low,Accident on route affecting line X8 (low severity)
DIS-108173,SWWD,908,2026-07-19T19:47:21.000+05:45,2026-07-19T21:20:21.000+05:45,93,Diversion,medium,Diversion affecting line 908 (medium severity)
DIS-909438,WDBC,38,2026-06-14T12:27:01.000+05:45,2026-06-14T13:44:01.000+05:45,77,Diversion,low,Diversion affecting line 38 (low severity)
DIS-432585,TDTR,48,2026-07-09T20:48:41.000+05:45,2026-07-09T21:08:41.000+05:45,20,Vehicle breakdown,high,Vehicle breakdown affecting line 48 (high severity)
DIS-288691,WDBC,10,2026-05-05T00:38:07.000+05:45,2026-05-05T03:00:07.000+05:45,142,Roadworks,high,Roadworks affecting line 10 (high severity)
DIS-984018,SVCT,63,2026-06-04T08:46:18.000+05:45,2026-06-04T09:37:18.000+05:45,51,Driver shortage,medium,Driver shortage affecting line 63 (medium severity)
DIS-218965,SWWD,TPDRT,2026-05-14T12:27:28.000+05:45,2026-05-14T13:07:28.000+05:45,40,Driver shortage,high,Driver shortage affecting line TPDRT (high severity)
DIS-130366,BLUS,11,2026-05-18T02:50:07.000+05:45,2026-05-18T04:48:07.000+05:45,118,Accident on route,severe,Accident on route affecting line 11 (severe severity)
DIS-876886,SVCT,208,2026-07-02T14:24:37.000+05:45,2026-07-02T14:59:37.000+05:45,35,Roadworks,high,Roadworks affecting line 208 (high severity)
DIS-204741,WDBC,L3,2026-05-16T20:02:10.000+05:45,2026-05-16T21:42:10.000+05:45,100,Accident on route,severe,Accident on route affecting line L3 (severe severity)
DIS-352955,SWWD,R6,2026-06-09T16:09:51.000+05:45,2026-06-09T18:59:51.000+05:45,170,Traffic congestion,low,Traffic congestion affecting line R6 (low severity)
DIS-298688,BLUS,21,2026-04-21T18:49:34.000+05:45,2026-04-21T22:02:34.000+05:45,193,Driver shortage,low,Driver shortage affecting line 21 (low severity)
DIS-490555,WDBC,13,2026-05-25T21:08:44.000+05:45,2026-05-26T00:57:44.000+05:45,229,Vehicle breakdown,high,Vehicle breakdown affecting line 13 (high severity)
DIS-791360,WDBC,3,2026-05-25T18:38:34.000+05:45,2026-05-25T22:21:34.000+05:45,223,Roadworks,severe,Roadworks affecting line 3 (severe severity)
DIS-985828,SWWD,D3,2026-07-18T18:17:16.000+05:45,2026-07-18T19:43:16.000+05:45,86,Diversion,severe,Diversion affecting line D3 (severe severity)
DIS-604672,TDTR,154,2026-06-09T01:40:20.000+05:45,2026-06-09T03:06:20.000+05:45,86,Severe weather,high,Severe weather affecting line 154 (high severity)
DIS-537042,BLUS,21,2026-07-13T00:42:48.000+05:45,2026-07-13T02:28:48.000+05:45,106,Roadworks,low,Roadworks affecting line 21 (low severity)
DIS-740663,DAMY,1,2026-07-12T00:04:27.000+05:45,2026-07-12T01:31:27.000+05:45,87,Accident on route,low,Accident on route affecting line 1 (low severity)
DIS-958444,TDTR,156,2026-05-03T21:54:32.000+05:45,2026-05-04T01:51:32.000+05:45,237,Roadworks,medium,Roadworks affecting line 156 (medium severity)
DIS-398207,TDTR,152,2026-04-21T04:48:50.000+05:45,2026-04-21T08:16:50.000+05:45,208,Road closure,low,Road closure affecting line 152 (low severity)
DIS-511808,WDBC,18,2026-06-23T17:35:34.000+05:45,2026-06-23T21:30:34.000+05:45,235,Driver shortage,low,Driver shortage affecting line 18 (low severity)
DIS-582382,BLUS,9,2026-05-30T08:54:04.000+05:45,2026-05-30T09:17:04.000+05:45,23,Driver shortage,low,Driver shortage affecting line 9 (low severity)
DIS-176297,BLUS,18,2026-07-19T18:24:47.000+05:45,2026-07-19T19:31:47.000+05:45,67,Driver shortage,medium,Driver shortage affecting line 18 (medium severity)
DIS-737375,TDTR,48A,2026-05-20T02:38:50.000+05:45,2026-05-20T03:26:50.000+05:45,48,Diversion,low,Diversion affecting line 48A (low severity)
DIS-967012,WDBC,m1,2026-06-08T05:24:44.000+05:45,2026-06-08T08:48:44.000+05:45,204,Traffic congestion,severe,Traffic congestion affecting line m1 (severe severity)
DIS-661452,TDTR,11,2026-06-10T22:38:40.000+05:45,2026-06-11T02:03:40.000+05:45,205,Accident on route,low,Accident on route affecting line 11 (low severity)
DIS-159828,SVCT,TDB,2026-06-09T04:31:02.000+05:45,2026-06-09T06:45:02.000+05:45,134,Road closure,high,Road closure affecting line TDB (high severity)
DIS-995955,TDTR,5,2026-07-01T17:43:08.000+05:45,2026-07-01T20:10:08.000+05:45,147,Roadworks,medium,Roadworks affecting line 5 (medium severity)
DIS-329044,TDTR,13,2026-06-01T20:49:43.000+05:45,2026-06-01T23:34:43.000+05:45,165,Roadworks,high,Roadworks affecting line 13 (high severity)
DIS-750401,TDTR,217,2026-04-27T20:14:24.000+05:45,2026-04-27T22:46:24.000+05:45,152,Traffic congestion,severe,Traffic congestion affecting line 217 (severe severity)
DIS-789198,TDTR,159,2026-05-12T18:05:57.000+05:45,2026-05-12T19:55:57.000+05:45,110,Vehicle breakdown,severe,Vehicle breakdown affecting line 159 (severe severity)
DIS-170694,TDTR,R26,2026-07-18T08:19:32.000+05:45,2026-07-18T11:53:32.000+05:45,214,Vehicle breakdown,low,Vehicle breakdown affecting line R26 (low severity)
DIS-166311,SQ,TB1,2026-07-17T04:12:32.000+05:45,2026-07-17T05:59:32.000+05:45,107,Vehicle breakdown,severe,Vehicle breakdown affecting line TB1 (severe severity)
DIS-153669,WDBC,X3,2026-07-13T00:18:43.000+05:45,2026-07-13T00:41:43.000+05:45,23,Traffic congestion,medium,Traffic congestion affecting line X3 (medium severity)
DIS-407059,BLUS,23,2026-07-06T00:33:29.000+05:45,2026-07-06T01:02:29.000+05:45,29,Severe weather,low,Severe weather affecting line 23 (low severity)
DIS-705405,SWWD,901,2026-05-11T08:14:41.000+05:45,2026-05-11T10:06:41.000+05:45,112,Severe weather,low,Severe weather affecting line 901 (low severity)
DIS-987837,SVCT,22,2026-07-16T17:30:19.000+05:45,2026-07-16T20:50:19.000+05:45,200,Planned engineering works,high,Planned engineering works affecting line 22 (high severity)
DIS-268200,SVCT,207,2026-04-30T09:43:23.000+05:45,2026-04-30T11:14:23.000+05:45,91,Vehicle breakdown,low,Vehicle breakdown affecting line 207 (low severity)
DIS-655105,SWWD,PVDRT,2026-06-09T14:17:21.000+05:45,2026-06-09T16:28:21.000+05:45,131,Vehicle breakdown,medium,Vehicle breakdown affecting line PVDRT (medium severity)
DIS-310173,WDBC,A,2026-07-20T22:53:35.000+05:45,2026-07-20T23:18:35.000+05:45,25,Diversion,high,Diversion affecting line A (high severity)
DIS-502820,TDTR,120,2026-06-15T20:33:01.000+05:45,2026-06-15T23:14:01.000+05:45,161,Vehicle breakdown,medium,Vehicle breakdown affecting line 120 (medium severity)
DIS-191171,WDBC,940,2026-07-12T05:27:53.000+05:45,2026-07-12T07:34:53.000+05:45,127,Accident on route,severe,Accident on route affecting line 940 (severe severity)
DIS-671048,SWWD,901,2026-06-03T05:20:18.000+05:45,2026-06-03T07:38:18.000+05:45,138,Vehicle breakdown,severe,Vehicle breakdown affecting line 901 (severe severity)
DIS-536312,DAMY,20,2026-06-28T22:18:33.000+05:45,2026-06-28T22:38:33.000+05:45,20,Accident on route,high,Accident on route affecting line 20 (high severity)
DIS-103073,SVCT,2,2026-05-08T13:18:14.000+05:45,2026-05-08T16:08:14.000+05:45,170,Driver shortage,high,Driver shortage affecting line 2 (high severity)
DIS-811613,SWWD,908,2026-07-13T22:32:21.000+05:45,2026-07-14T00:49:21.000+05:45,137,Planned engineering works,severe,Planned engineering works affecting line 908 (severe severity)
DIS-985626,WDBC,20,2026-04-25T05:13:00.000+05:45,2026-04-25T07:14:00.000+05:45,121,Severe weather,low,Severe weather affecting line 20 (low severity)
DIS-826545,SWWD,PR11,2026-05-07T17:33:30.000+05:45,2026-05-07T19:38:30.000+05:45,125,Diversion,medium,Diversion affecting line PR11 (medium severity)
DIS-566094,SWWD,R6,2026-06-11T08:42:10.000+05:45,2026-06-11T11:37:10.000+05:45,175,Traffic congestion,severe,Traffic congestion affecting line R6 (severe severity)
DIS-897361,TDTR,1A,2026-05-07T14:05:06.000+05:45,2026-05-07T18:03:06.000+05:45,238,Severe weather,low,Severe weather affecting line 1A (low severity)
DIS-819392,BLUS,5,2026-06-04T19:40:51.000+05:45,2026-06-04T21:54:51.000+05:45,134,Driver shortage,medium,Driver shortage affecting line 5 (medium severity)
DIS-107035,TDTR,21,2026-05-12T07:37:34.000+05:45,2026-05-12T10:38:34.000+05:45,181,Severe weather,high,Severe weather affecting line 21 (high severity)
DIS-227440,SVCT,202,2026-05-28T00:32:06.000+05:45,2026-05-28T02:25:06.000+05:45,113,Traffic congestion,severe,Traffic congestion affecting line 202 (severe severity)
DIS-933060,WDBC,X6,2026-07-08T07:58:59.000+05:45,2026-07-08T09:49:59.000+05:45,111,Diversion,severe,Diversion affecting line X6 (severe severity)
DIS-906117,BLUS,9,2026-05-08T13:45:03.000+05:45,2026-05-08T13:59:03.000+05:45,14,Planned engineering works,severe,Planned engineering works affecting line 9 (severe severity)
DIS-287061,WDBC,761,2026-05-18T15:37:09.000+05:45,2026-05-18T19:12:09.000+05:45,215,Diversion,severe,Diversion affecting line 761 (severe severity)
DIS-886005,TDTR,152,2026-06-11T10:02:59.000+05:45,2026-06-11T11:11:59.000+05:45,69,Accident on route,medium,Accident on route affecting line 152 (medium severity)
DIS-305117,WDBC,16,2026-06-30T01:16:30.000+05:45,2026-06-30T03:53:30.000+05:45,157,Diversion,medium,Diversion affecting line 16 (medium severity)
DIS-933700,TDTR,23,2026-07-20T23:11:03.000+05:45,2026-07-21T03:11:03.000+05:45,240,Traffic congestion,severe,Traffic congestion affecting line 23 (severe severity)
DIS-950777,WDBC,15,2026-05-01T08:08:40.000+05:45,2026-05-01T11:27:40.000+05:45,199,Severe weather,low,Severe weather affecting line 15 (low severity)
DIS-517409,BLUS,12,2026-07-04T00:40:11.000+05:45,2026-07-04T04:20:11.000+05:45,220,Planned engineering works,severe,Planned engineering works affecting line 12 (severe severity)
DIS-389752,UNIL,U6C,2026-07-12T20:07:06.000+05:45,2026-07-12T20:47:06.000+05:45,40,Driver shortage,high,Driver shortage affecting line U6C (high severity)
DIS-822137,TDTR,156,2026-06-20T02:19:44.000+05:45,2026-06-20T06:04:44.000+05:45,225,Severe weather,low,Severe weather affecting line 156 (low severity)
DIS-990514,WDBC,60,2026-07-08T23:35:36.000+05:45,2026-07-09T01:53:36.000+05:45,138,Accident on route,medium,Accident on route affecting line 60 (medium severity)
DIS-837024,WDBC,40,2026-06-01T04:31:25.000+05:45,2026-06-01T07:46:25.000+05:45,195,Severe weather,medium,Severe weather affecting line 40 (medium severity)
DIS-558766,WDBC,4,2026-07-20T06:39:00.000+05:45,2026-07-20T08:38:00.000+05:45,119,Traffic congestion,medium,Traffic congestion affecting line 4 (medium severity)
DIS-154201,TDTR,1,2026-07-16T13:41:42.000+05:45,2026-07-16T15:19:42.000+05:45,98,Severe weather,high,Severe weather affecting line 1 (high severity)
