disruption_id,operator_ref,route_number,start_time,end_time,duration_minutes,reason,severity,description
DIS-570553,SVCT,22,2026-06-14T01:39:26.000+05:45,2026-06-14T05:33:26.000+05:45,234,Severe weather,medium,Severe weather affecting line 22 (medium severity)
DIS-738235,TDTR,42,2026-06-02T14:27:30.000+05:45,2026-06-02T16:52:30.000+05:45,145,Accident on route,low,Accident on route affecting line 42 (low severity)
DIS-512382,DAMY,X8,2026-06-06T20:34:47.000+05:45,2026-06-06T22:48:47.000+05:45,134,Vehicle breakdown,medium,Vehicle breakdown affecting line X8 (medium severity)
DIS-102403,WDBC,193,2026-06-17T15:10:49.000+05:45,2026-06-17T17:26:49.000+05:45,136,Accident on route,high,Accident on route affecting line 193 (high severity)
DIS-420715,WDBC,C,2026-06-15T19:56:34.000+05:45,2026-06-15T21:21:34.000+05:45,85,Driver shortage,severe,Driver shortage affecting line C (severe severity)
DIS-216032,UNIL,U6H,2026-07-09T14:23:31.000+05:45,2026-07-09T15:37:31.000+05:45,74,Roadworks,low,Roadworks affecting line U6H (low severity)
DIS-408431,TDTR,158,2026-07-03T18:59:42.000+05:45,2026-07-03T21:57:42.000+05:45,178,Traffic congestion,low,Traffic congestion affecting line 158 (low severity)
DIS-324964,BLUS,QC,2026-07-09T16:13:07.000+05:45,2026-07-09T19:58:07.000+05:45,225,Driver shortage,severe,Driver shortage affecting line QC (severe severity)
DIS-338545,WDBC,81,2026-07-11T00:18:39.000+05:45,2026-07-11T00:50:39.000+05:45,32,Accident on route,high,Accident on route affecting line 81 (high severity)
DIS-306007,SVCT,SL,2026-05-24T06:00:43.000+05:45,2026-05-24T06:45:43.000+05:45,45,Traffic congestion,low,Traffic congestion affecting line SL (low severity)
DIS-727599,TDTR,920,2026-05-17T19:44:37.000+05:45,2026-05-17T23:24:37.000+05:45,220,Vehicle breakdown,low,Vehicle breakdown affecting line 920 (low severity)
DIS-981274,SVCT,8,2026-05-13T20:12:44.000+05:45,2026-05-13T20:40:44.000+05:45,28,Vehicle breakdown,medium,Vehicle breakdown affecting line 8 (medium severity)
DIS-622216,SWWD,625,2026-06-15T13:20:47.000+05:45,2026-06-15T14:02:47.000+05:45,42,Driver shortage,high,Driver shortage affecting line 625 (high severity)
DIS-915615,BLUS,19,2026-05-09T13:56:49.000+05:45,2026-05-09T17:09:49.000+05:45,193,Traffic congestion,high,Traffic congestion affecting line 19 (high severity)
DIS-666969,WDBC,20,2026-07-16T15:41:15.000+05:45,2026-07-16T16:57:15.000+05:45,76,Road closure,severe,Road closure affecting line 20 (severe severity)
DIS-185997,WDBC,Q1,2026-06-01T21:46:09.000+05:45,2026-06-01T21:59:09.000+05:45,13,Roadworks,medium,Roadworks affecting line Q1 (medium severity)
DIS-501798,TDTR,16,2026-04-24T21:32:21.000+05:45,2026-04-24T23:57:21.000+05:45,145,Vehicle breakdown,severe,Vehicle breakdown affecting line 16 (severe severity)
DIS-462355,WDBC,A,2026-05-31T04:17:07.000+05:45,2026-05-31T04:42:07.000+05:45,25,Accident on route,low,Accident on route affecting line A (low severity)
DIS-650375,SVCT,200,2026-05-18T01:47:42.000+05:45,2026-05-18T03:00:42.000+05:45,73,Accident on route,low,Accident on route affecting line 200 (low severity)
DIS-211005,SWWD,X7R,2026-07-18T02:19:29.000+05:45,2026-07-18T04:18:29.000+05:45,119,Roadworks,low,Roadworks affecting line X7R (low severity)
DIS-549721,SQ,TB1,2026-05-06T20:55:55.000+05:45,2026-05-07T00:48:55.000+05:45,233,Driver shortage,severe,Driver shortage affecting line TB1 (severe severity)
DIS-995622,TDTR,15,2026-07-08T19:38:59.000+05:45,2026-07-08T22:25:59.000+05:45,167,Roadworks,high,Roadworks affecting line 15 (high severity)
DIS-221112,TDTR,12,2026-06-15T03:38:32.000+05:45,2026-06-15T05:25:32.000+05:45,107,Roadworks,severe,Roadworks affecting line 12 (severe severity)
DIS-502283,UNIL,U1A,2026-06-22T02:46:22.000+05:45,2026-06-22T05:02:22.000+05:45,136,Roadworks,high,Roadworks affecting line U1A (high severity)
DIS-817903,WDBC,762,2026-05-15T02:58:41.000+05:45,2026-05-15T05:12:41.000+05:45,134,Traffic congestion,low,Traffic congestion affecting line 762 (low severity)
DIS-360599,WDBC,33,2026-07-02T21:32:56.000+05:45,2026-07-02T23:25:56.000+05:45,113,Planned engineering works,severe,Planned engineering works affecting line 33 (severe severity)
DIS-986569,DAMY,CR7,2026-06-11T20:03:15.000+05:45,2026-06-11T21:13:15.000+05:45,70,Traffic congestion,high,Traffic congestion affecting line CR7 (high severity)
DIS-859048,BLUS,503,2026-05-08T07:51:39.000+05:45,2026-05-08T09:07:39.000+05:45,76,Roadworks,low,Roadworks affecting line 503 (low severity)
DIS-302914,SWWD,901,2026-05-06T11:31:30.000+05:45,2026-05-06T13:58:30.000+05:45,147,Diversion,low,Diversion affecting line 901 (low severity)
DIS-572146,DAMY,X8,2026-06-03T17:41:42.000+05:45,2026-06-03T19:55:42.000+05:45,134,Severe weather,low,Severe weather affecting line X8 (low severity)
DIS-828873,TDTR,11,2026-07-15T04:26:42.000+05:45,2026-07-15T07:23:42.000+05:45,177,Road closure,severe,Road closure affecting line 11 (severe severity)
DIS-765845,SWWD,PR9,2026-06-16T18:34:52.000+05:45,2026-06-16T20:51:52.000+05:45,137,Severe weather,high,Severe weather affecting line PR9 (high severity)
DIS-969969,WDBC,744,2026-06-14T13:29:16.000+05:45,2026-06-14T17:15:16.000+05:45,226,Planned engineering works,low,Planned engineering works affecting line 744 (low severity)
DIS-942487,SWWD,X7R,2026-06-01T09:17:49.000+05:45,2026-06-01T11:12:49.000+05:45,115,Traffic congestion,low,Traffic congestion affecting line X7R (low severity)
DIS-440236,WDBC,1C,2026-07-15T09:28:43.000+05:45,2026-07-15T12:31:43.000+05:45,183,Vehicle breakdown,high,Vehicle breakdown affecting line 1C (high severity)
DIS-289216,SQ,DEAD,2026-06-20T12:18:08.000+05:45,2026-06-20T13:29:08.000+05:45,71,Planned engineering works,medium,Planned engineering works affecting line DEAD (medium severity)
DIS-142953,TDTR,R23,2026-07-15T20:39:45.000+05:45,2026-07-15T23:17:45.000+05:45,158,Vehicle breakdown,severe,Vehicle breakdown affecting line R23 (severe severity)
DIS-314490,WDBC,193,2026-04-30T03:55:04.000+05:45,2026-04-30T05:44:04.000+05:45,109,Accident on route,medium,Accident on route affecting line 193 (medium severity)
DIS-359342,BLUS,8,2026-06-23T01:46:47.000+05:45,2026-06-23T02:19:47.000+05:45,33,Diversion,severe,Diversion affecting line 8 (severe severity)
DIS-334789,SWWD,978,2026-06-14T20:33:42.000+05:45,2026-06-14T22:52:42.000+05:45,139,Traffic congestion,low,Traffic congestion affecting line 978 (low severity)
DIS-203559,SVCT,209,2026-07-07T01:21:14.000+05:45,2026-07-07T02:17:14.000+05:45,56,Roadworks,severe,Roadworks affecting line 209 (severe severity)
DIS-855373,SVCT,68,2026-05-29T04:14:40.000+05:45,2026-05-29T06:32:40.000+05:45,138,Roadworks,severe,Roadworks affecting line 68 (severe severity)
DIS-895810,WDBC,3,2026-06-21T06:42:39.000+05:45,2026-06-21T10:16:39.000+05:45,214,Vehicle breakdown,high,Vehicle breakdown affecting line 3 (high severity)
DIS-746663,WDBC,U3,2026-06-21T00:31:47.000+05:45,2026-06-21T04:28:47.000+05:45,237,Driver shortage,severe,Driver shortage affecting line U3 (severe severity)
DIS-811967,BLUS,N18,2026-05-14T19:21:52.000+05:45,2026-05-14T19:34:52.000+05:45,13,Accident on route,severe,Accident on route affecting line N18 (severe severity)
DIS-561513,SWWD,R6,2026-06-19T18:14:50.000+05:45,2026-06-19T20:48:50.000+05:45,154,Severe weather,low,Severe weather affecting line R6 (low severity)
DIS-178340,SVCT,68,2026-05-22T00:40:05.000+05:45,2026-05-22T04:02:05.000+05:45,202,Planned engineering works,medium,Planned engineering works affecting line 68 (medium severity)
DIS-633882,SVCT,22,2026-06-02T12:41:20.000+05:45,2026-06-02T13:50:20.000+05:45,69,Traffic congestion,low,Traffic congestion affecting line 22 (low severity)
DIS-156359,WDBC,26,2026-05-05T02:05:07.000+05:45,2026-05-05T05:04:07.000+05:45,179,Driver shortage,high,Driver shortage affecting line 26 (high severity)
DIS-144927,SQ,TW2,2026-06-26T08:30:30.000+05:45,2026-06-26T10:42:30.000+05:45,132,Vehicle breakdown,severe,Vehicle breakdown affecting line TW2 (severe severity)
DIS-608366,SWWD,937,2026-04-30T17:38:24.000+05:45,2026-04-30T19:15:24.000+05:45,97,Severe weather,high,Severe weather affecting line 937 (high severity)
DIS-231427,WDBC,737,2026-07-10T20:44:55.000+05:45,2026-07-10T23:16:55.000+05:45,152,Driver shortage,medium,Driver shortage affecting line 737 (medium severity)
DIS-204274,BLUS,7,2026-06-25T15:22:27.000+05:45,2026-06-25T16:38:27.000+05:45,76,Accident on route,severe,Accident on route affecting line 7 (severe severity)
DIS-162598,WDBC,38,2026-07-03T20:48:56.000+05:45,2026-07-03T23:40:56.000+05:45,172,Diversion,severe,Diversion affecting line 38 (severe severity)
DIS-632745,BLUS,QC,2026-07-07T05:27:04.000+05:45,2026-07-07T06:42:04.000+05:45,75,Vehicle breakdown,high,Vehicle breakdown affecting line QC (high severity)
DIS-266221,WDBC,3x,2026-05-24T05:09:43.000+05:45,2026-05-24T08:43:43.000+05:45,214,Road closure,severe,Road closure affecting line 3x (severe severity)
DIS-379691,BLUS,19a,2026-05-06T00:39:15.000+05:45,2026-05-06T01:54:15.000+05:45,75,Planned engineering works,medium,Planned engineering works affecting line 19a (medium severity)
DIS-412766,UNIL,U2B,2026-05-21T13:31:41.000+05:45,2026-05-21T17:06:41.000+05:45,215,Severe weather,low,Severe weather affecting line U2B (low severity)
DIS-755057,TDTR,21,2026-07-01T01:48:23.000+05:45,2026-07-01T05:13:23.000+05:45,205,Planned engineering works,low,Planned engineering works affecting line 21 (low severity)
DIS-400604,WDBC,25,2026-05-27T17:40:29.000+05:45,2026-05-27T19:36:29.000+05:45,116,Accident on route,low,Accident on route affecting line 25 (low severity)
DIS-205000,WDBC,11,2026-06-26T06:47:36.000+05:45,2026-06-26T08:00:36.000+05:45,73,Vehicle breakdown,severe,Vehicle breakdown affecting line 11 (severe severity)
DIS-214698,SWWD,908,2026-05-28T05:32:33.000+05:45,2026-05-28T07:30:33.000+05:45,118,Diversion,high,Diversion affecting line 908 (high severity)
DIS-517224,WDBC,18,2026-04-28T04:49:53.000+05:45,2026-04-28T07:57:53.000+05:45,188,Severe weather,high,Severe weather affecting line 18 (high severity)
DIS-347405,TDTR,842,2026-07-08T10:08:18.000+05:45,2026-07-08T13:01:18.000+05:45,173,Planned engineering works,high,Planned engineering works affecting line 842 (high severity)
DIS-479769,BLUS,17,2026-07-02T20:29:27.000+05:45,2026-07-02T23:22:27.000+05:45,173,Accident on route,low,Accident on route affecting line 17 (low severity)
DIS-181441,WDBC,15,2026-05-17T00:59:45.000+05:45,2026-05-17T01:55:45.000+05:45,56,Diversion,high,Diversion affecting line 15 (high severity)
DIS-409601,WDBC,112,2026-06-03T16:23:38.000+05:45,2026-06-03T19:54:38.000+05:45,211,Vehicle breakdown,low,Vehicle breakdown affecting line 112 (low severity)
DIS-703478,TDTR,1,2026-07-15T19:25:07.000+05:45,2026-07-15T19:49:07.000+05:45,24,Severe weather,severe,Severe weather affecting line 1 (severe severity)
DIS-808551,TDTR,1,2026-05-04T10:25:23.000+05:45,2026-05-04T13:47:23.000+05:45,202,Road closure,low,Road closure affecting line 1 (low severity)
DIS-336962,TDTR,21,2026-05-09T14:18:08.000+05:45,2026-05-09T18:14:08.000+05:45,236,Traffic congestion,low,Traffic congestion affecting line 21 (low severity)
DIS-867783,TDTR,48,2026-06-06T13:04:00.000+05:45,2026-06-06T13:44:00.000+05:45,40,Road closure,severe,Road closure affecting line 48 (severe severity)
DIS-490494,SWWD,PR15,2026-04-30T19:01:16.000+05:45,2026-04-30T20:27:16.000+05:45,86,Vehicle breakdown,medium,Vehicle breakdown affecting line PR15 (medium severity)
DIS-937752,TDTR,1,2026-05-09T01:52:07.000+05:45,2026-05-09T05:42:07.000+05:45,230,Severe weather,medium,Severe weather affecting line 1 (medium severity)
DIS-902930,BLUS,19a,2026-04-23T11:33:03.000+05:45,2026-04-23T14:06:03.000+05:45,153,Vehicle breakdown,high,Vehicle breakdown affecting line 19a (high severity)
DIS-984371,TDTR,158,2026-06-06T09:50:05.000+05:45,2026-06-06T11:23:05.000+05:45,93,Roadworks,medium,Roadworks affecting line 158 (medium severity)
DIS-863332,SWWD,625,2026-05-20T15:22:23.000+05:45,2026-05-20T17:06:23.000+05:45,104,Vehicle breakdown,low,Vehicle breakdown affecting line 625 (low severity)
DIS-767012,WDBC,119,2026-05-06T16:42:56.000+05:45,2026-05-06T20:14:56.000+05:45,212,Accident on route,severe,Accident on route affecting line 119 (severe severity)
DIS-272469,TDTR,5,2026-07-12T07:14:01.000+05:45,2026-07-12T10:14:01.000+05:45,180,Planned engineering works,severe,Planned engineering works affecting line 5 (severe severity)
DIS-780369,WDBC,22,2026-07-01T04:39:28.000+05:45,2026-07-01T05:38:28.000+05:45,59,Vehicle breakdown,medium,Vehicle breakdown affecting line 22 (medium severity)
DIS-294898,SVCT,12,2026-06-30T15:55:14.000+05:45,2026-06-30T19:32:14.000+05:45,217,Planned engineering works,severe,Planned engineering works affecting line 12 (severe severity)
DIS-145602,SWWD,PVDRT,2026-05-01T19:53:02.000+05:45,2026-05-01T20:41:02.000+05:45,48,Traffic congestion,high,Traffic congestion affecting line PVDRT (high severity)
DIS-691368,TDTR,159,2026-05-13T14:33:05.000+05:45,2026-05-13T15:29:05.000+05:45,56,Road closure,severe,Road closure affecting line 159 (severe severity)
DIS-805989,BLUS,10,2026-06-09T20:21:43.000+05:45,2026-06-09T20:49:43.000+05:45,28,Vehicle breakdown,medium,Vehicle breakdown affecting line 10 (medium severity)
DIS-136138,BLUS,3,2026-05-03T04:40:51.000+05:45,2026-05-03T06:33:51.000+05:45,113,Vehicle breakdown,low,Vehicle breakdown affecting line 3 (low severity)
DIS-846292,SVCT,SL,2026-06-13T17:07:08.000+05:45,2026-06-13T18:01:08.000+05:45,54,Planned engineering works,high,Planned engineering works affecting line SL (high severity)
DIS-422232,SVCT,TDB,2026-05-01T10:24:15.000+05:45,2026-05-01T11:26:15.000+05:45,62,Accident on route,medium,Accident on route affecting line TDB (medium severity)
DIS-969345,TDTR,217,2026-06-07T09:26:19.000+05:45,2026-06-07T10:26:19.000+05:45,60,Traffic congestion,medium,Traffic congestion affecting line 217 (medium severity)
DIS-228762,BLUS,18,2026-05-12T05:30:11.000+05:45,2026-05-12T06:27:11.000+05:45,57,Driver shortage,low,Driver shortage affecting line 18 (low severity)
DIS-674622,SWWD,625,2026-06-13T01:42:30.000+05:45,2026-06-13T04:39:30.000+05:45,177,Roadworks,low,Roadworks affecting line 625 (low severity)
DIS-975603,SVCT,TSS,2026-06-10T08:45:33.000+05:45,2026-06-10T09:35:33.000+05:45,50,Road closure,high,Road closure affecting line TSS (high severity)
DIS-989780,SWWD,D2,2026-05-07T20:06:55.000+05:45,2026-05-07T22:24:55.000+05:45,138,Vehicle breakdown,high,Vehicle breakdown affecting line D2 (high severity)
DIS-695748,TDTR,NW2,2026-06-09T01:34:54.000+05:45,2026-06-09T02:33:54.000+05:45,59,Planned engineering works,low,Planned engineering works affecting line NW2 (low severity)
DIS-844296,SWWD,PR11,2026-05-14T18:10:14.000+05:45,2026-05-14T20:09:14.000+05:45,119,Traffic congestion,high,Traffic congestion affecting line PR11 (high severity)
DIS-611562,SVCT,6,2026-06-28T08:40:32.000+05:45,2026-06-28T09:44:32.000+05:45,64,Driver shortage,severe,Driver shortage affecting line 6 (severe severity)
DIS-143667,WDBC,941,2026-05-10T11:31:09.000+05:45,2026-05-10T11:55:09.000+05:45,24,Accident on route,medium,Accident on route affecting line 941 (medium severity)
DIS-768730,TDTR,5,2026-05-16T15:25:29.000+05:45,2026-05-16T16:06:29.000+05:45,41,Severe weather,low,Severe weather affecting line 5 (low severity)
DIS-847407,UNIL,U2B,2026-06-30T00:56:47.000+05:45,2026-06-30T03:03:47.000+05:45,127,Driver shortage,severe,Driver shortage affecting line U2B (severe severity)
DIS-298158,SQ,DEAD,2026-05-02T07:07:41.000+05:45,2026-05-02T08:43:41.000+05:45,96,Roadworks,severe,Roadworks affecting line DEAD (severe severity)
DIS-247914,WDBC,4,2026-07-14T18:37:30.000+05:45,2026-07-14T22:36:30.000+05:45,239,Roadworks,medium,Roadworks affecting line 4 (medium severity)
DIS-201695,SWWD,926,2026-05-29T09:24:23.000+05:45,2026-05-29T10:23:23.000+05:45,59,Traffic congestion,high,Traffic congestion affecting line 926 (high severity)
DIS-699194,SQ,TW2,2026-05-28T11:05:28.000+05:45,2026-05-28T12:50:28.000+05:45,105,Accident on route,high,Accident on route affecting line TW2 (high severity)
DIS-119060,WDBC,86,2026-04-24T01:31:18.000+05:45,2026-04-24T04:43:18.000+05:45,192,Diversion,medium,Diversion affecting line 86 (medium severity)
DIS-620636,SVCT,68,2026-07-19T13:21:31.000+05:45,2026-07-19T16:56:31.000+05:45,215,Planned engineering works,severe,Planned engineering works affecting line 68 (severe severity)
DIS-944237,WDBC,120,2026-04-23T17:56:27.000+05:45,2026-04-23T20:22:27.000+05:45,146,Vehicle breakdown,low,Vehicle breakdown affecting line 120 (low severity)
DIS-803250,TDTR,5,2026-05-26T03:58:26.000+05:45,2026-05-26T06:13:26.000+05:45,135,Severe weather,low,Severe weather affecting line 5 (low severity)
DIS-436304,SWWD,26,2026-06-20T00:50:43.000+05:45,2026-06-20T01:21:43.000+05:45,31,Accident on route,high,Accident on route affecting line 26 (high severity)
DIS-758486,WDBC,1B,2026-04-21T06:54:27.000+05:45,2026-04-21T07:36:27.000+05:45,42,Traffic congestion,low,Traffic congestion affecting line 1B (low severity)
DIS-128261,WDBC,RG2,2026-07-08T14:45:34.000+05:45,2026-07-08T15:26:34.000+05:45,41,Road closure,severe,Road closure affecting line RG2 (severe severity)
DIS-459971,SVCT,TDB,2026-06-05T00:59:10.000+05:45,2026-06-05T01:54:10.000+05:45,55,Roadworks,severe,Roadworks affecting line TDB (severe severity)
DIS-781386,BLUS,15,2026-06-13T21:30:44.000+05:45,2026-06-13T22:37:44.000+05:45,67,Driver shortage,low,Driver shortage affecting line 15 (low severity)
DIS-466963,TDTR,217,2026-06-03T08:07:03.000+05:45,2026-06-03T09:03:03.000+05:45,56,Diversion,medium,Diversion affecting line 217 (medium severity)
DIS-228467,SVCT,8,2026-07-19T06:55:31.000+05:45,2026-07-19T08:20:31.000+05:45,85,Road closure,low,Road closure affecting line 8 (low severity)
DIS-643449,SWWD,37,2026-06-25T01:29:34.000+05:45,2026-06-25T05:22:34.000+05:45,233,Severe weather,medium,Severe weather affecting line 37 (medium severity)
DIS-563138,TDTR,2,2026-05-16T04:52:31.000+05:45,2026-05-16T08:46:31.000+05:45,234,Road closure,high,Road closure affecting line 2 (high severity)
DIS-307363,BLUS,12,2026-06-18T11:32:59.000+05:45,2026-06-18T12:17:59.000+05:45,45,Roadworks,high,Roadworks affecting line 12 (high severity)
DIS-869084,SVCT,2,2026-05-11T13:14:24.000+05:45,2026-05-11T16:41:24.000+05:45,207,Vehicle breakdown,severe,Vehicle breakdown affecting line 2 (severe severity)
DIS-112968,WDBC,L3,2026-06-26T08:05:30.000+05:45,2026-06-26T08:18:30.000+05:45,13,Driver shortage,low,Driver shortage affecting line L3 (low severity)
DIS-748988,TDTR,11,2026-06-07T11:48:41.000+05:45,2026-06-07T14:09:41.000+05:45,141,Vehicle breakdown,low,Vehicle breakdown affecting line 11 (low severity)
DIS-306606,TDTR,22,2026-05-10T02:52:04.000+05:45,2026-05-10T04:05:04.000+05:45,73,Driver shortage,medium,Driver shortage affecting line 22 (medium severity)
DIS-115659,WDBC,1B,2026-06-10T15:43:22.000+05:45,2026-06-10T16:35:22.000+05:45,52,Vehicle breakdown,high,Vehicle breakdown affecting line 1B (high severity)
DIS-434886,SWWD,R5,2026-04-24T12:44:38.000+05:45,2026-04-24T15:06:38.000+05:45,142,Vehicle breakdown,medium,Vehicle breakdown affecting line R5 (medium severity)
DIS-438915,WDBC,119,2026-07-09T17:37:28.000+05:45,2026-07-09T19:14:28.000+05:45,97,Traffic congestion,medium,Traffic congestion affecting line 119 (medium severity)
DIS-152011,TDTR,158,2026-07-12T15:17:23.000+05:45,2026-07-12T18:36:23.000+05:45,199,Driver shortage,medium,Driver shortage affecting line 158 (medium severity)
DIS-478520,SWWD,901,2026-05-19T18:02:21.000+05:45,2026-05-19T21:22:21.000+05:45,200,Planned engineering works,low,Planned engineering works affecting line 901 (low severity)
DIS-919646,SWWD,R10,2026-07-06T18:08:46.000+05:45,2026-07-06T18:36:46.000+05:45,28,Traffic congestion,severe,Traffic congestion affecting line R10 (severe severity)
DIS-262407,SVCT,6,2026-06-15T03:28:03.000+05:45,2026-06-15T05:35:03.000+05:45,127,Severe weather,severe,Severe weather affecting line 6 (severe severity)
DIS-982605,WDBC,941,2026-04-22T11:33:02.000+05:45,2026-04-22T12:13:02.000+05:45,40,Accident on route,severe,Accident on route affecting line 941 (severe severity)
DIS-604364,WDBC,4,2026-06-03T12:58:21.000+05:45,2026-06-03T16:46:21.000+05:45,228,Roadworks,medium,Roadworks affecting line 4 (medium severity)
DIS-345314,WDBC,50,2026-06-09T01:41:35.000+05:45,2026-06-09T05:20:35.000+05:45,219,Planned engineering works,low,Planned engineering works affecting line 50 (low severity)
DIS-147463,BLUS,17,2026-06-30T11:53:16.000+05:45,2026-06-30T13:52:16.000+05:45,119,Road closure,severe,Road closure affecting line 17 (severe severity)
DIS-135963,SWWD,937,2026-04-29T06:18:16.000+05:45,2026-04-29T08:25:16.000+05:45,127,Traffic congestion,severe,Traffic congestion affecting line 937 (severe severity)
DIS-724951,WDBC,16,2026-05-04T21:59:07.000+05:45,2026-05-05T00:39:07.000+05:45,160,Vehicle breakdown,high,Vehicle breakdown affecting line 16 (high severity)
DIS-788674,WDBC,775,2026-05-07T06:36:40.000+05:45,2026-05-07T07:19:40.000+05:45,43,Severe weather,high,Severe weather affecting line 775 (high severity)
DIS-785684,SVCT,6,2026-07-16T09:55:21.000+05:45,2026-07-16T12:58:21.000+05:45,183,Road closure,medium,Road closure affecting line 6 (medium severity)
DIS-452870,SWWD,X5,2026-07-02T15:14:20.000+05:45,2026-07-02T18:29:20.000+05:45,195,Road closure,severe,Road closure affecting line X5 (severe severity)
DIS-869059,WDBC,3x,2026-05-04T00:53:32.000+05:45,2026-05-04T01:41:32.000+05:45,48,Diversion,medium,Diversion affecting line 3x (medium severity)
DIS-748306,SQ,TW2,2026-05-07T00:06:30.000+05:45,2026-05-07T02:14:30.000+05:45,128,Driver shortage,severe,Driver shortage affecting line TW2 (severe severity)
DIS-312451,WDBC,13A,2026-05-11T23:39:45.000+05:45,2026-05-12T00:46:45.000+05:45,67,Vehicle breakdown,low,Vehicle breakdown affecting line 13A (low severity)
DIS-430837,WDBC,11,2026-05-19T14:09:00.000+05:45,2026-05-19T16:20:00.000+05:45,131,Road closure,high,Road closure affecting line 11 (high severity)
DIS-922963,WDBC,762,2026-05-02T12:27:57.000+05:45,2026-05-02T14:39:57.000+05:45,132,Planned engineering works,high,Planned engineering works affecting line 762 (high severity)
DIS-544989,SVCT,22,2026-07-02T16:17:31.000+05:45,2026-07-02T19:58:31.000+05:45,221,Planned engineering works,severe,Planned engineering works affecting line 22 (severe severity)
DIS-347437,SVCT,200,2026-06-30T17:48:49.000+05:45,2026-06-30T19:49:49.000+05:45,121,Accident on route,high,Accident on route affecting line 200 (high severity)
DIS-170699,TDTR,1,2026-07-02T15:18:01.000+05:45,2026-07-02T18:42:01.000+05:45,204,Accident on route,medium,Accident on route affecting line 1 (medium severity)
DIS-420213,BLUS,9,2026-07-05T20:16:52.000+05:45,2026-07-05T21:49:52.000+05:45,93,Severe weather,medium,Severe weather affecting line 9 (medium severity)
DIS-663162,TDTR,80,2026-06-17T15:45:07.000+05:45,2026-06-17T16:41:07.000+05:45,56,Driver shortage,medium,Driver shortage affecting line 80 (medium severity)
DIS-366164,SWWD,937,2026-06-17T16:43:48.000+05:45,2026-06-17T20:17:48.000+05:45,214,Vehicle breakdown,high,Vehicle breakdown affecting line 937 (high severity)
DIS-417680,TDTR,1A,2026-07-03T14:59:07.000+05:45,2026-07-03T17:31:07.000+05:45,152,Driver shortage,low,Driver shortage affecting line 1A (low severity)
DIS-686773,BLUS,19,2026-07-10T13:31:07.000+05:45,2026-07-10T16:52:07.000+05:45,201,Roadworks,medium,Roadworks affecting line 19 (medium severity)
DIS-698448,WDBC,Q7,2026-06-25T10:04:39.000+05:45,2026-06-25T11:12:39.000+05:45,68,Roadworks,high,Roadworks affecting line Q7 (high severity)
DIS-887330,WDBC,13,2026-06-06T13:00:58.000+05:45,2026-06-06T16:24:58.000+05:45,204,Road closure,low,Road closure affecting line 13 (low severity)
DIS-709537,SVCT,205,2026-06-29T09:02:31.000+05:45,2026-06-29T10:44:31.000+05:45,102,Road closure,low,Road closure affecting line 205 (low severity)
DIS-723900,SVCT,209,2026-07-02T09:48:38.000+05:45,2026-07-02T10:38:38.000+05:45,50,Planned engineering works,severe,Planned engineering works affecting line 209 (severe severity)
DIS-303011,WDBC,18,2026-05-27T05:20:07.000+05:45,2026-05-27T07:10:07.000+05:45,110,Severe weather,severe,Severe weather affecting line 18 (severe severity)
DIS-688993,SVCT,2,2026-05-11T18:56:40.000+05:45,2026-05-11T22:09:40.000+05:45,193,Severe weather,medium,Severe weather affecting line 2 (medium severity)
DIS-491310,SVCT,SL,2026-04-23T21:16:19.000+05:45,2026-04-23T21:57:19.000+05:45,41,Traffic congestion,medium,Traffic congestion affecting line SL (medium severity)
DIS-851811,BLUS,7,2026-05-03T23:20:45.000+05:45,2026-05-04T00:43:45.000+05:45,83,Roadworks,medium,Roadworks affecting line 7 (medium severity)
DIS-260061,TDTR,21,2026-07-03T12:24:16.000+05:45,2026-07-03T14:16:16.000+05:45,112,Road closure,high,Road closure affecting line 21 (high severity)
DIS-405775,SWWD,R5,2026-06-23T12:40:30.000+05:45,2026-06-23T15:49:30.000+05:45,189,Planned engineering works,high,Planned engineering works affecting line R5 (high severity)
DIS-844803,SWWD,929,2026-05-03T08:29:18.000+05:45,2026-05-03T12:15:18.000+05:45,226,Driver shortage,high,Driver shortage affecting line 929 (high severity)
DIS-101958,SWWD,PD3,2026-06-13T01:55:42.000+05:45,2026-06-13T04:40:42.000+05:45,165,Accident on route,low,Accident on route affecting line PD3 (low severity)
DIS-460049,SVCT,200,2026-07-09T13:52:27.000+05:45,2026-07-09T15:37:27.000+05:45,105,Driver shortage,high,Driver shortage affecting line 200 (high severity)
DIS-272048,TDTR,R23,2026-05-05T23:40:18.000+05:45,2026-05-06T02:13:18.000+05:45,153,Traffic congestion,medium,Traffic congestion affecting line R23 (medium severity)
DIS-333482,WDBC,U3,2026-06-14T11:17:41.000+05:45,2026-06-14T13:47:41.000+05:45,150,Accident on route,high,Accident on route affecting line U3 (high severity)
DIS-666063,TDTR,920,2026-05-06T10:54:32.000+05:45,2026-05-06T14:01:32.000+05:45,187,Road closure,severe,Road closure affecting line 920 (severe severity)
DIS-448344,SWWD,TPDRT,2026-06-09T01:48:27.000+05:45,2026-06-09T02:20:27.000+05:45,32,Planned engineering works,medium,Planned engineering works affecting line TPDRT (medium severity)
DIS-144320,WDBC,30,2026-06-30T02:36:56.000+05:45,2026-06-30T06:04:56.000+05:45,208,Road closure,high,Road closure affecting line 30 (high severity)
DIS-110336,UNIL,U2B,2026-04-27T04:58:31.000+05:45,2026-04-27T05:22:31.000+05:45,24,Accident on route,medium,Accident on route affecting line U2B (medium severity)
DIS-523001,WDBC,21,2026-06-28T18:43:47.000+05:45,2026-06-28T21:17:47.000+05:45,154,Accident on route,severe,Accident on route affecting line 21 (severe severity)
DIS-453084,WDBC,24,2026-06-20T05:18:18.000+05:45,2026-06-20T07:39:18.000+05:45,141,Accident on route,low,Accident on route affecting line 24 (low severity)
DIS-565893,TDTR,158,2026-06-13T10:33:29.000+05:45,2026-06-13T13:08:29.000+05:45,155,Accident on route,high,Accident on route affecting line 158 (high severity)
DIS-999405,BLUS,11,2026-05-03T06:10:08.000+05:45,2026-05-03T07:54:08.000+05:45,104,Road closure,severe,Road closure affecting line 11 (severe severity)
DIS-849353,WDBC,31,2026-06-21T03:18:40.000+05:45,2026-06-21T06:39:40.000+05:45,201,Diversion,severe,Diversion affecting line 31 (severe severity)
DIS-368631,SWWD,26,2026-07-19T15:14:26.000+05:45,2026-07-19T15:27:26.000+05:45,13,Severe weather,low,Severe weather affecting line 26 (low severity)
DIS-211591,SWWD,901,2026-07-01T19:38:18.000+05:45,2026-07-01T20:03:18.000+05:45,25,Diversion,severe,Diversion affecting line 901 (severe severity)
DIS-503211,SWWD,907,2026-06-05T17:47:58.000+05:45,2026-06-05T21:18:58.000+05:45,211,Severe weather,medium,Severe weather affecting line 907 (medium severity)
DIS-189036,WDBC,30,2026-05-27T12:23:37.000+05:45,2026-05-27T12:57:37.000+05:45,34,Traffic congestion,severe,Traffic congestion affecting line 30 (severe severity)
DIS-647896,SVCT,22,2026-05-14T07:45:06.000+05:45,2026-05-14T10:55:06.000+05:45,190,Diversion,low,Diversion affecting line 22 (low severity)
DIS-807382,WDBC,40,2026-05-30T01:50:15.000+05:45,2026-05-30T03:09:15.000+05:45,79,Diversion,low,Diversion affecting line 40 (low severity)
DIS-708393,TDTR,154,2026-07-13T05:01:46.000+05:45,2026-07-13T06:39:46.000+05:45,98,Roadworks,high,Roadworks affecting line 154 (high severity)
DIS-273008,WDBC,761,2026-07-19T04:01:41.000+05:45,2026-07-19T07:32:41.000+05:45,211,Road closure,low,Road closure affecting line 761 (low severity)
DIS-392116,SWWD,2,2026-07-19T23:20:42.000+05:45,2026-07-20T00:12:42.000+05:45,52,Severe weather,medium,Severe weather affecting line 2 (medium severity)
DIS-347536,SVCT,204,2026-05-14T10:14:59.000+05:45,2026-05-14T13:25:59.000+05:45,191,Driver shortage,high,Driver shortage affecting line 204 (high severity)
DIS-483975,SWWD,PR7,2026-05-26T19:54:31.000+05:45,2026-05-26T20:58:31.000+05:45,64,Severe weather,low,Severe weather affecting line PR7 (low severity)
DIS-946291,WDBC,31,2026-06-08T19:35:47.000+05:45,2026-06-08T21:30:47.000+05:45,115,Severe weather,high,Severe weather affecting line 31 (high severity)
DIS-625780,WDBC,L3,2026-06-06T10:06:45.000+05:45,2026-06-06T11:56:45.000+05:45,110,Road closure,low,Road closure affecting line L3 (low severity)
DIS-119291,SWWD,908,2026-05-21T00:56:41.000+05:45,2026-05-21T01:59:41.000+05:45,63,Diversion,high,Diversion affecting line 908 (high severity)
DIS-956605,SQ,DEAD,2026-06-06T10:31:27.000+05:45,2026-06-06T13:34:27.000+05:45,183,Severe weather,low,Severe weather affecting line DEAD (low severity)
DIS-768636,WDBC,941,2026-04-24T06:04:28.000+05:45,2026-04-24T09:11:28.000+05:45,187,Vehicle breakdown,high,Vehicle breakdown affecting line 941 (high severity)
DIS-968444,SWWD,PR9,2026-05-13T22:34:04.000+05:45,2026-05-13T23:04:04.000+05:45,30,Road closure,high,Road closure affecting line PR9 (high severity)
DIS-725138,WDBC,777,2026-04-29T05:52:10.000+05:45,2026-04-29T08:18:10.000+05:45,146,Roadworks,high,Roadworks affecting line 777 (high severity)
DIS-282803,WDBC,761,2026-05-19T08:04:05.000+05:45,2026-05-19T09:40:05.000+05:45,96,Traffic congestion,low,Traffic congestion affecting line 761 (low severity)
DIS-590690,WDBC,50,2026-04-30T04:45:57.000+05:45,2026-04-30T05:48:57.000+05:45,63,Vehicle breakdown,high,Vehicle breakdown affecting line 50 (high severity)
DIS-562565,BLUS,24,2026-05-23T11:33:06.000+05:45,2026-05-23T15:11:06.000+05:45,218,Vehicle breakdown,medium,Vehicle breakdown affecting line 24 (medium severity)
DIS-208634,SWWD,PVDRT,2026-05-06T18:30:32.000+05:45,2026-05-06T18:49:32.000+05:45,19,Planned engineering works,medium,Planned engineering works affecting line PVDRT (medium severity)
DIS-439255,SVCT,6,2026-06-08T09:49:02.000+05:45,2026-06-08T10:27:02.000+05:45,38,Road closure,low,Road closure affecting line 6 (low severity)
DIS-364581,TDTR,920,2026-06-06T04:40:05.000+05:45,2026-06-06T08:05:05.000+05:45,205,Accident on route,high,Accident on route affecting line 920 (high severity)
DIS-813275,SVCT,209,2026-06-18T21:46:32.000+05:45,2026-06-18T22:27:32.000+05:45,41,Road closure,medium,Road closure affecting line 209 (medium severity)
DIS-276433,SWWD,906,2026-07-01T02:28:39.000+05:45,2026-07-01T04:44:39.000+05:45,136,Diversion,high,Diversion affecting line 906 (high severity)
DIS-599899,SQ,TW1,2026-05-25T23:00:27.000+05:45,2026-05-26T00:32:27.000+05:45,92,Roadworks,low,Roadworks affecting line TW1 (low severity)
DIS-316961,SWWD,TPDRT,2026-05-08T14:00:25.000+05:45,2026-05-08T17:44:25.000+05:45,224,Road closure,high,Road closure affecting line TPDRT (high severity)
DIS-320115,SVCT,38,2026-05-08T02:34:42.000+05:45,2026-05-08T03:28:42.000+05:45,54,Vehicle breakdown,medium,Vehicle breakdown affecting line 38 (medium severity)
DIS-797343,SWWD,R12,2026-06-11T17:58:33.000+05:45,2026-06-11T21:21:33.000+05:45,203,Accident on route,severe,Accident on route affecting line R12 (severe severity)
DIS-525888,SWWD,901,2026-05-10T03:44:06.000+05:45,2026-05-10T04:09:06.000+05:45,25,Roadworks,medium,Roadworks affecting line 901 (medium severity)
DIS-324449,WDBC,32,2026-06-21T12:56:03.000+05:45,2026-06-21T16:46:03.000+05:45,230,Accident on route,high,Accident on route affecting line 32 (high severity)
DIS-353299,SWWD,625,2026-05-06T21:31:23.000+05:45,2026-05-07T01:04:23.000+05:45,213,Severe weather,low,Severe weather affecting line 625 (low severity)
DIS-154750,BLUS,7,2026-04-23T05:23:54.000+05:45,2026-04-23T08:49:54.000+05:45,206,Road closure,high,Road closure affecting line 7 (high severity)
DIS-749122,SVCT,1,2026-06-24T09:12:24.000+05:45,2026-06-24T12:29:24.000+05:45,197,Diversion,severe,Diversion affecting line 1 (severe severity)
DIS-910367,TDTR,156,2026-07-10T09:21:52.000+05:45,2026-07-10T10:09:52.000+05:45,48,Traffic congestion,low,Traffic congestion affecting line 156 (low severity)
DIS-322206,BLUS,PR1,2026-05-31T06:58:23.000+05:45,2026-05-31T08:41:23.000+05:45,103,Severe weather,low,Severe weather affecting line PR1 (low severity)
DIS-876899,WDBC,50,2026-07-17T03:07:14.000+05:45,2026-07-17T05:25:14.000+05:45,138,Driver shortage,medium,Driver shortage affecting line 50 (medium severity)
DIS-708804,BLUS,14,2026-05-08T09:59:14.000+05:45,2026-05-08T11:34:14.000+05:45,95,Vehicle breakdown,medium,Vehicle breakdown affecting line 14 (medium severity)
DIS-853545,DAMY,20,2026-06-01T07:53:20.000+05:45,2026-06-01T08:12:20.000+05:45,19,Traffic congestion,low,Traffic congestion affecting line 20 (low severity)
DIS-278249,SWWD,37,2026-05-09T07:04:44.000+05:45,2026-05-09T10:37:44.000+05:45,213,Severe weather,high,Severe weather affecting line 37 (high severity)
DIS-783855,BLUS,17,2026-06-26T12:51:15.000+05:45,2026-06-26T13:03:15.000+05:45,12,Driver shortage,low,Driver shortage affecting line 17 (low severity)
DIS-229700,WDBC,6,2026-06-16T15:16:30.000+05:45,2026-06-16T15:41:30.000+05:45,25,Driver shortage,low,Driver shortage affecting line 6 (low severity)
DIS-699034,UNIL,U2C,2026-06-12T10:44:54.000+05:45,2026-06-12T13:18:54.000+05:45,154,Roadworks,severe,Roadworks affecting line U2C (severe severity)
DIS-915814,SWWD,927,2026-06-26T06:30:36.000+05:45,2026-06-26T08:14:36.000+05:45,104,Roadworks,high,Roadworks affecting line 927 (high severity)
DIS-378127,SVCT,208,2026-05-15T11:47:12.000+05:45,2026-05-15T14:48:12.000+05:45,181,Driver shortage,high,Driver shortage affecting line 208 (high severity)
DIS-772525,BLUS,20,2026-05-18T02:12:54.000+05:45,2026-05-18T02:57:54.000+05:45,45,Severe weather,low,Severe weather affecting line 20 (low severity)
DIS-513791,BLUS,NFG,2026-06-26T03:16:49.000+05:45,2026-06-26T04:29:49.000+05:45,73,Severe weather,low,Severe weather affecting line NFG (low severity)
DIS-333957,SVCT,201,2026-07-15T11:18:47.000+05:45,2026-07-15T13:28:47.000+05:45,130,Driver shortage,high,Driver shortage affecting line 201 (high severity)
DIS-470181,WDBC,X3,2026-05-31T18:25:57.000+05:45,2026-05-31T19:45:57.000+05:45,80,Planned engineering works,high,Planned engineering works affecting line X3 (high severity)
DIS-920514,WDBC,737,2026-06-14T03:26:06.000+05:45,2026-06-14T05:53:06.000+05:45,147,Diversion,severe,Diversion affecting line 737 (severe severity)
DIS-254688,WDBC,38,2026-05-26T18:45:12.000+05:45,2026-05-26T21:50:12.000+05:45,185,Traffic congestion,low,Traffic congestion affecting line 38 (low severity)
DIS-850155,SVCT,37,2026-05-20T14:56:47.000+05:45,2026-05-20T18:54:47.000+05:45,238,Road closure,high,Road closure affecting line 37 (high severity)
DIS-191212,TDTR,R24,2026-06-20T10:50:33.000+05:45,2026-06-20T11:10:33.000+05:45,20,Vehicle breakdown,low,Vehicle breakdown affecting line R24 (low severity)
DIS-770432,SVCT,200,2026-05-13T17:18:40.000+05:45,2026-05-13T19:59:40.000+05:45,161,Diversion,low,Diversion affecting line 200 (low severity)
DIS-830647,UNIL,U1C,2026-05-12T17:25:42.000+05:45,2026-05-12T18:37:42.000+05:45,72,Diversion,high,Diversion affecting line U1C (high severity)
DIS-417115,TDTR,1A,2026-05-13T16:05:34.000+05:45,2026-05-13T16:16:34.000+05:45,11,Planned engineering works,low,Planned engineering works affecting line 1A (low severity)
DIS-583990,SVCT,1,2026-05-07T10:18:37.000+05:45,2026-05-07T12:48:37.000+05:45,150,Severe weather,high,Severe weather affecting line 1 (high severity)
DIS-243072,SVCT,4,2026-05-16T23:32:49.000+05:45,2026-05-17T00:17:49.000+05:45,45,Roadworks,high,Roadworks affecting line 4 (high severity)
DIS-463014,WDBC,ONE,2026-06-11T00:58:05.000+05:45,2026-06-11T02:34:05.000+05:45,96,Accident on route,high,Accident on route affecting line ONE (high severity)
DIS-466303,BLUS,4,2026-06-11T20:06:19.000+05:45,2026-06-11T23:06:19.000+05:45,180,Severe weather,medium,Severe weather affecting line 4 (medium severity)
DIS-882243,SWWD,R14,2026-07-16T23:43:14.000+05:45,2026-07-17T03:29:14.000+05:45,226,Road closure,medium,Road closure affecting line R14 (medium severity)
DIS-132719,DAMY,X8,2026-05-26T07:13:25.000+05:45,2026-05-26T07:32:25.000+05:45,19,Driver shortage,high,Driver shortage affecting line X8 (high severity)
DIS-896455,SVCT,38,2026-06-10T00:01:16.000+05:45,2026-06-10T01:30:16.000+05:45,89,Planned engineering works,medium,Planned engineering works affecting line 38 (medium severity)
DIS-740639,TDTR,2,2026-05-18T02:39:54.000+05:45,2026-05-18T04:59:54.000+05:45,140,Traffic congestion,low,Traffic congestion affecting line 2 (low severity)
DIS-699989,SWWD,PR15,2026-05-14T12:14:56.000+05:45,2026-05-14T14:03:56.000+05:45,109,Accident on route,medium,Accident on route affecting line PR15 (medium severity)
DIS-437061,SWWD,650,2026-07-01T07:03:04.000+05:45,2026-07-01T10:15:04.000+05:45,192,Roadworks,low,Roadworks affecting line 650 (low severity)
DIS-147084,BLUS,21,2026-06-23T10:19:17.000+05:45,2026-06-23T11:44:17.000+05:45,85,Traffic congestion,severe,Traffic congestion affecting line 21 (severe severity)
DIS-778581,BLUS,61,2026-05-10T09:00:47.000+05:45,2026-05-10T11:08:47.000+05:45,128,Vehicle breakdown,high,Vehicle breakdown affecting line 61 (high severity)
DIS-375223,SWWD,X7R,2026-07-02T15:35:28.000+05:45,2026-07-02T15:50:28.000+05:45,15,Roadworks,medium,Roadworks affecting line X7R (medium severity)
DIS-590965,BLUS,19,2026-06-20T10:29:57.000+05:45,2026-06-20T12:12:57.000+05:45,103,Driver shortage,medium,Driver shortage affecting line 19 (medium severity)
DIS-125013,SVCT,39,2026-06-23T22:05:44.000+05:45,2026-06-23T23:03:44.000+05:45,58,Accident on route,medium,Accident on route affecting line 39 (medium severity)
DIS-515941,SVCT,200,2026-04-28T12:38:55.000+05:45,2026-04-28T13:35:55.000+05:45,57,Roadworks,low,Roadworks affecting line 200 (low severity)
DIS-431220,SWWD,R2,2026-05-24T02:55:08.000+05:45,2026-05-24T05:46:08.000+05:45,171,Diversion,high,Diversion affecting line R2 (high severity)
DIS-464380,WDBC,940,2026-06-28T02:07:06.000+05:45,2026-06-28T04:04:06.000+05:45,117,Road closure,low,Road closure affecting line 940 (low severity)
DIS-839017,WDBC,m2,2026-06-07T05:03:12.000+05:45,2026-06-07T05:55:12.000+05:45,52,Driver shortage,medium,Driver shortage affecting line m2 (medium severity)
DIS-821303,BLUS,PR1,2026-06-05T22:38:14.000+05:45,2026-06-05T23:40:14.000+05:45,62,Roadworks,high,Roadworks affecting line PR1 (high severity)
DIS-893009,WDBC,12,2026-05-14T08:08:01.000+05:45,2026-05-14T10:29:01.000+05:45,141,Roadworks,severe,Roadworks affecting line 12 (severe severity)
DIS-130723,BLUS,15,2026-05-15T21:14:02.000+05:45,2026-05-15T22:05:02.000+05:45,51,Roadworks,medium,Roadworks affecting line 15 (medium severity)
DIS-274370,WDBC,m1,2026-06-15T07:08:50.000+05:45,2026-06-15T10:40:50.000+05:45,212,Accident on route,severe,Accident on route affecting line m1 (severe severity)
DIS-686515,UNIL,U6H,2026-05-29T23:08:59.000+05:45,2026-05-30T02:37:59.000+05:45,209,Diversion,high,Diversion affecting line U6H (high severity)
DIS-784113,SWWD,PR15,2026-07-13T03:07:11.000+05:45,2026-07-13T04:17:11.000+05:45,70,Planned engineering works,medium,Planned engineering works affecting line PR15 (medium severity)
DIS-120042,TDTR,2,2026-05-01T10:48:15.000+05:45,2026-05-01T11:23:15.000+05:45,35,Traffic congestion,medium,Traffic congestion affecting line 2 (medium severity)
DIS-537854,WDBC,777,2026-06-26T23:43:19.000+05:45,2026-06-27T00:40:19.000+05:45,57,Driver shortage,low,Driver shortage affecting line 777 (low severity)
DIS-662157,BLUS,19,2026-05-31T22:46:33.000+05:45,2026-06-01T02:10:33.000+05:45,204,Planned engineering works,medium,Planned engineering works affecting line 19 (medium severity)
DIS-292959,TDTR,2,2026-06-20T01:38:44.000+05:45,2026-06-20T02:02:44.000+05:45,24,Planned engineering works,low,Planned engineering works affecting line 2 (low severity)
DIS-120751,TDTR,1A,2026-04-27T17:07:37.000+05:45,2026-04-27T17:44:37.000+05:45,37,Roadworks,low,Roadworks affecting line 1A (low severity)
DIS-614693,SWWD,88,2026-05-15T21:31:49.000+05:45,2026-05-15T21:56:49.000+05:45,25,Vehicle breakdown,low,Vehicle breakdown affecting line 88 (low severity)
DIS-440790,SVCT,8,2026-04-24T16:51:15.000+05:45,2026-04-24T18:30:15.000+05:45,99,Traffic congestion,low,Traffic congestion affecting line 8 (low severity)
DIS-650906,SVCT,202,2026-04-25T15:10:06.000+05:45,2026-04-25T16:40:06.000+05:45,90,Diversion,medium,Diversion affecting line 202 (medium severity)
DIS-460789,WDBC,m2,2026-04-23T18:02:35.000+05:45,2026-04-23T19:44:35.000+05:45,102,Vehicle breakdown,low,Vehicle breakdown affecting line m2 (low severity)
DIS-727321,SVCT,59,2026-04-26T05:59:32.000+05:45,2026-04-26T09:21:32.000+05:45,202,Severe weather,severe,Severe weather affecting line 59 (severe severity)
DIS-304319,SVCT,214,2026-06-11T23:30:50.000+05:45,2026-06-11T23:57:50.000+05:45,27,Traffic congestion,high,Traffic congestion affecting line 214 (high severity)
DIS-311954,WDBC,7A,2026-05-06T01:41:07.000+05:45,2026-05-06T03:17:07.000+05:45,96,Planned engineering works,low,Planned engineering works affecting line 7A (low severity)
DIS-615438,TDTR,R24,2026-05-03T08:29:16.000+05:45,2026-05-03T08:52:16.000+05:45,23,Roadworks,medium,Roadworks affecting line R24 (medium severity)
DIS-771558,SWWD,906,2026-05-19T09:13:39.000+05:45,2026-05-19T11:20:39.000+05:45,127,Severe weather,high,Severe weather affecting line 906 (high severity)
DIS-174099,SVCT,39,2026-05-24T02:54:38.000+05:45,2026-05-24T03:06:38.000+05:45,12,Road closure,severe,Road closure affecting line 39 (severe severity)
DIS-313936,TDTR,1,2026-05-25T19:31:38.000+05:45,2026-05-25T21:00:38.000+05:45,89,Severe weather,low,Severe weather affecting line 1 (low severity)
DIS-123027,TDTR,15,2026-06-11T18:20:55.000+05:45,2026-06-11T22:02:55.000+05:45,222,Diversion,low,Diversion affecting line 15 (low severity)
DIS-994827,BLUS,503,2026-06-10T02:14:33.000+05:45,2026-06-10T03:29:33.000+05:45,75,Vehicle breakdown,low,Vehicle breakdown affecting line 503 (low severity)
DIS-394920,SVCT,TSS,2026-06-17T03:18:34.000+05:45,2026-06-17T04:34:34.000+05:45,76,Planned engineering works,high,Planned engineering works affecting line TSS (high severity)
DIS-992351,WDBC,31,2026-06-05T20:17:31.000+05:45,2026-06-05T20:58:31.000+05:45,41,Roadworks,severe,Roadworks affecting line 31 (severe severity)
DIS-186136,SVCT,212,2026-05-22T10:00:30.000+05:45,2026-05-22T13:27:30.000+05:45,207,Planned engineering works,low,Planned engineering works affecting line 212 (low severity)
DIS-513379,TDTR,R24,2026-06-24T09:35:56.000+05:45,2026-06-24T09:59:56.000+05:45,24,Vehicle breakdown,severe,Vehicle breakdown affecting line R24 (severe severity)
DIS-626864,WDBC,17,2026-05-27T21:21:13.000+05:45,2026-05-27T23:02:13.000+05:45,101,Diversion,high,Diversion affecting line 17 (high severity)
DIS-749045,BLUS,1,2026-05-04T15:59:41.000+05:45,2026-05-04T17:30:41.000+05:45,91,Diversion,medium,Diversion affecting line 1 (medium severity)
DIS-831922,WDBC,35,2026-06-10T16:47:01.000+05:45,2026-06-10T17:01:01.000+05:45,14,Driver shortage,medium,Driver shortage affecting line 35 (medium severity)
DIS-781752,SWWD,R12,2026-06-25T02:52:29.000+05:45,2026-06-25T04:36:29.000+05:45,104,Traffic congestion,low,Traffic congestion affecting line R12 (low severity)
DIS-120972,SVCT,8,2026-05-04T14:45:16.000+05:45,2026-05-04T16:35:16.000+05:45,110,Traffic congestion,medium,Traffic congestion affecting line 8 (medium severity)
DIS-228385,BLUS,539,2026-07-12T22:22:39.000+05:45,2026-07-12T23:35:39.000+05:45,73,Severe weather,medium,Severe weather affecting line 539 (medium severity)
DIS-532112,SVCT,209,2026-05-05T08:36:49.000+05:45,2026-05-05T09:57:49.000+05:45,81,Driver shortage,high,Driver shortage affecting line 209 (high severity)
DIS-670021,SVCT,12,2026-05-14T23:32:45.000+05:45,2026-05-15T02:37:45.000+05:45,185,Roadworks,high,Roadworks affecting line 12 (high severity)
DIS-168972,BLUS,19,2026-06-17T19:18:39.000+05:45,2026-06-17T21:06:39.000+05:45,108,Vehicle breakdown,severe,Vehicle breakdown affecting line 19 (severe severity)
DIS-965679,WDBC,9,2026-07-06T05:31:36.000+05:45,2026-07-06T08:34:36.000+05:45,183,Vehicle breakdown,low,Vehicle breakdown affecting line 9 (low severity)
DIS-968520,BLUS,NFG,2026-05-24T01:14:45.000+05:45,2026-05-24T04:03:45.000+05:45,169,Accident on route,high,Accident on route affecting line NFG (high severity)
DIS-609681,SVCT,9,2026-04-26T12:11:03.000+05:45,2026-04-26T15:05:03.000+05:45,174,Vehicle breakdown,severe,Vehicle breakdown affecting line 9 (severe severity)
DIS-119767,BLUS,635,2026-06-26T12:25:29.000+05:45,2026-06-26T15:14:29.000+05:45,169,Severe weather,severe,Severe weather affecting line 635 (severe severity)
DIS-163950,TDTR,155,2026-05-14T11:29:09.000+05:45,2026-05-14T12:05:09.000+05:45,36,Vehicle breakdown,severe,Vehicle breakdown affecting line 155 (severe severity)
DIS-258940,WDBC,32,2026-07-02T08:52:49.000+05:45,2026-07-02T09:12:49.000+05:45,20,Planned engineering works,medium,Planned engineering works affecting line 32 (medium severity)
DIS-268952,WDBC,12,2026-05-28T19:24:46.000+05:45,2026-05-28T19:50:46.000+05:45,26,Roadworks,medium,Roadworks affecting line 12 (medium severity)
DIS-421675,WDBC,737,2026-07-08T09:53:31.000+05:45,2026-07-08T11:59:31.000+05:45,126,Roadworks,low,Roadworks affecting line 737 (low severity)
DIS-424707,SWWD,987,2026-04-21T18:35:59.000+05:45,2026-04-21T19:00:59.000+05:45,25,Diversion,low,Diversion affecting line 987 (low severity)
DIS-407987,SWWD,987,2026-04-24T17:49:13.000+05:45,2026-04-24T19:45:13.000+05:45,116,Diversion,severe,Diversion affecting line 987 (severe severity)
DIS-397776,SWWD,603,2026-07-10T06:09:27.000+05:45,2026-07-10T09:32:27.000+05:45,203,Diversion,severe,Diversion affecting line 603 (severe severity)
DIS-621283,BLUS,10,2026-06-09T02:44:59.000+05:45,2026-06-09T05:07:59.000+05:45,143,Accident on route,medium,Accident on route affecting line 10 (medium severity)
DIS-670348,WDBC,24,2026-06-17T04:56:57.000+05:45,2026-06-17T05:43:57.000+05:45,47,Severe weather,low,Severe weather affecting line 24 (low severity)
DIS-226406,TDTR,X76,2026-07-18T10:59:19.000+05:45,2026-07-18T14:25:19.000+05:45,206,Roadworks,low,Roadworks affecting line X76 (low severity)
DIS-170185,SVCT,22,2026-05-26T23:57:29.000+05:45,2026-05-27T02:27:29.000+05:45,150,Severe weather,medium,Severe weather affecting line 22 (medium severity)
DIS-250481,SWWD,29,2026-07-12T20:01:36.000+05:45,2026-07-12T23:32:36.000+05:45,211,Road closure,medium,Road closure affecting line 29 (medium severity)
DIS-509233,UNIL,U2C,2026-05-15T16:18:41.000+05:45,2026-05-15T19:35:41.000+05:45,197,Roadworks,low,Roadworks affecting line U2C (low severity)
DIS-554585,BLUS,20,2026-06-08T19:25:38.000+05:45,2026-06-08T20:46:38.000+05:45,81,Severe weather,low,Severe weather affecting line 20 (low severity)
DIS-705394,SVCT,TSS,2026-07-20T05:12:29.000+05:45,2026-07-20T08:20:29.000+05:45,188,Vehicle breakdown,severe,Vehicle breakdown affecting line TSS (severe severity)
DIS-291539,WDBC,X6,2026-04-27T18:47:40.000+05:45,2026-04-27T21:43:40.000+05:45,176,Accident on route,low,Accident on route affecting line X6 (low severity)
DIS-626248,DAMY,1,2026-05-06T11:24:28.000+05:45,2026-05-06T11:35:28.000+05:45,11,Vehicle breakdown,severe,Vehicle breakdown affecting line 1 (severe severity)
DIS-919085,SVCT,5,2026-04-29T05:52:28.000+05:45,2026-04-29T06:33:28.000+05:45,41,Severe weather,high,Severe weather affecting line 5 (high severity)
DIS-229871,DAMY,X8,2026-05-30T11:42:54.000+05:45,2026-05-30T13:56:54.000+05:45,134,Driver shortage,low,Driver shortage affecting line X8 (low severity)
DIS-960460,TDTR,15,2026-05-24T01:37:25.000+05:45,2026-05-24T02:18:25.000+05:45,41,Vehicle breakdown,high,Vehicle breakdown affecting line 15 (high severity)
DIS-212357,BLUS,16,2026-07-11T15:07:29.000+05:45,2026-07-11T15:44:29.000+05:45,37,Severe weather,low,Severe weather affecting line 16 (low severity)
DIS-374724,SVCT,6,2026-04-29T12:43:00.000+05:45,2026-04-29T15:53:00.000+05:45,190,Roadworks,medium,Roadworks affecting line 6 (medium severity)
DIS-819715,SWWD,66,2026-06-03T20:48:33.000+05:45,2026-06-03T22:24:33.000+05:45,96,Planned engineering works,low,Planned engineering works affecting line 66 (low severity)
DIS-205659,SVCT,38,2026-06-15T01:59:33.000+05:45,2026-06-15T02:56:33.000+05:45,57,Severe weather,severe,Severe weather affecting line 38 (severe severity)
DIS-503801,UNIL,U6C,2026-07-07T03:03:04.000+05:45,2026-07-07T03:57:04.000+05:45,54,Traffic congestion,severe,Traffic congestion affecting line U6C (severe severity)
DIS-237609,DAMY,5,2026-05-21T16:09:08.000+05:45,2026-05-21T17:25:08.000+05:45,76,Driver shortage,medium,Driver shortage affecting line 5 (medium severity)
DIS-161912,SVCT,SL,2026-05-01T07:30:57.000+05:45,2026-05-01T09:11:57.000+05:45,101,Severe weather,severe,Severe weather affecting line SL (severe severity)
DIS-746435,WDBC,32,2026-06-08T06:26:58.000+05:45,2026-06-08T07:02:58.000+05:45,36,Vehicle breakdown,medium,Vehicle breakdown affecting line 32 (medium severity)
DIS-380942,WDBC,U3,2026-06-29T13:21:44.000+05:45,2026-06-29T16:26:44.000+05:45,185,Accident on route,low,Accident on route affecting line U3 (low severity)
DIS-629806,SWWD,PVDRT,2026-04-21T21:34:49.000+05:45,2026-04-22T01:22:49.000+05:45,228,Diversion,severe,Diversion affecting line PVDRT (severe severity)
DIS-426630,SVCT,5,2026-06-23T07:32:46.000+05:45,2026-06-23T11:22:46.000+05:45,230,Severe weather,medium,Severe weather affecting line 5 (medium severity)
DIS-403396,WDBC,13A,2026-05-28T22:02:32.000+05:45,2026-05-29T00:09:32.000+05:45,127,Roadworks,high,Roadworks affecting line 13A (high severity)
DIS-727039,WDBC,20,2026-05-30T18:26:15.000+05:45,2026-05-30T20:51:15.000+05:45,145,Planned engineering works,severe,Planned engineering works affecting line 20 (severe severity)
DIS-292864,SWWD,PR3,2026-07-08T05:52:19.000+05:45,2026-07-08T06:12:19.000+05:45,20,Accident on route,high,Accident on route affecting line PR3 (high severity)
DIS-992810,TDTR,SSS,2026-07-06T04:59:26.000+05:45,2026-07-06T07:31:26.000+05:45,152,Roadworks,severe,Roadworks affecting line SSS (severe severity)
DIS-828444,WDBC,5,2026-05-03T06:01:45.000+05:45,2026-05-03T09:39:45.000+05:45,218,Planned engineering works,low,Planned engineering works affecting line 5 (low severity)
DIS-620839,TDTR,1,2026-07-03T02:33:43.000+05:45,2026-07-03T06:04:43.000+05:45,211,Traffic congestion,medium,Traffic congestion affecting line 1 (medium severity)
DIS-823613,TDTR,15,2026-05-18T23:16:59.000+05:45,2026-05-19T01:39:59.000+05:45,143,Severe weather,low,Severe weather affecting line 15 (low severity)
DIS-818426,BLUS,17,2026-05-02T04:04:43.000+05:45,2026-05-02T06:29:43.000+05:45,145,Diversion,severe,Diversion affecting line 17 (severe severity)
DIS-575822,WDBC,L5,2026-06-05T18:40:36.000+05:45,2026-06-05T21:13:36.000+05:45,153,Roadworks,medium,Roadworks affecting line L5 (medium severity)
DIS-949378,BLUS,NFG,2026-05-19T09:48:56.000+05:45,2026-05-19T10:15:56.000+05:45,27,Driver shortage,low,Driver shortage affecting line NFG (low severity)
DIS-682214,BLUS,23,2026-07-16T04:32:52.000+05:45,2026-07-16T06:27:52.000+05:45,115,Planned engineering works,severe,Planned engineering works affecting line 23 (severe severity)
DIS-130455,SVCT,6,2026-05-09T10:58:47.000+05:45,2026-05-09T14:33:47.000+05:45,215,Accident on route,low,Accident on route affecting line 6 (low severity)
DIS-581244,SWWD,650,2026-04-28T09:40:24.000+05:45,2026-04-28T10:03:24.000+05:45,23,Planned engineering works,high,Planned engineering works affecting line 650 (high severity)
DIS-422145,TDTR,920,2026-06-29T22:45:44.000+05:45,2026-06-29T23:24:44.000+05:45,39,Driver shortage,high,Driver shortage affecting line 920 (high severity)
DIS-874191,TDTR,9,2026-07-08T13:11:00.000+05:45,2026-07-08T14:34:00.000+05:45,83,Planned engineering works,high,Planned engineering works affecting line 9 (high severity)
DIS-731366,TDTR,12,2026-05-20T03:03:39.000+05:45,2026-05-20T05:47:39.000+05:45,164,Accident on route,high,Accident on route affecting line 12 (high severity)
DIS-909920,BLUS,11,2026-07-06T19:00:41.000+05:45,2026-07-06T20:52:41.000+05:45,112,Vehicle breakdown,medium,Vehicle breakdown affecting line 11 (medium severity)
DIS-844595,UNIL,U6C,2026-05-13T04:41:26.000+05:45,2026-05-13T08:16:26.000+05:45,215,Driver shortage,high,Driver shortage affecting line U6C (high severity)
DIS-425153,TDTR,23,2026-05-10T11:39:01.000+05:45,2026-05-10T14:09:01.000+05:45,150,Diversion,severe,Diversion affecting line 23 (severe severity)
DIS-899532,WDBC,U3,2026-07-06T21:37:18.000+05:45,2026-07-07T00:16:18.000+05:45,159,Roadworks,medium,Roadworks affecting line U3 (medium severity)
DIS-738954,TDTR,SSS,2026-07-13T15:18:47.000+05:45,2026-07-13T17:34:47.000+05:45,136,Road closure,high,Road closure affecting line SSS (high severity)
DIS-517380,SVCT,1,2026-06-07T15:33:51.000+05:45,2026-06-07T17:11:51.000+05:45,98,Accident on route,low,Accident on route affecting line 1 (low severity)
DIS-259636,WDBC,30,2026-05-02T03:57:46.000+05:45,2026-05-02T05:26:46.000+05:45,89,Roadworks,low,Roadworks affecting line 30 (low severity)
DIS-482312,BLUS,16,2026-07-14T13:34:26.000+05:45,2026-07-14T14:20:26.000+05:45,46,Traffic congestion,high,Traffic congestion affecting line 16 (high severity)
DIS-330140,WDBC,5,2026-06-08T14:15:21.000+05:45,2026-06-08T16:59:21.000+05:45,164,Vehicle breakdown,low,Vehicle breakdown affecting line 5 (low severity)
DIS-495952,WDBC,31,2026-05-29T22:07:26.000+05:45,2026-05-29T23:36:26.000+05:45,89,Roadworks,low,Roadworks affecting line 31 (low severity)
DIS-496532,WDBC,13,2026-05-12T03:41:46.000+05:45,2026-05-12T05:36:46.000+05:45,115,Roadworks,low,Roadworks affecting line 13 (low severity)
DIS-459680,SWWD,PR7,2026-06-14T16:48:34.000+05:45,2026-06-14T18:53:34.000+05:45,125,Driver shortage,medium,Driver shortage affecting line PR7 (medium severity)
DIS-997748,BLUS,21,2026-07-06T06:42:36.000+05:45,2026-07-06T08:45:36.000+05:45,123,Severe weather,medium,Severe weather affecting line 21 (medium severity)
DIS-179223,WDBC,26,2026-05-19T07:46:16.000+05:45,2026-05-19T09:42:16.000+05:45,116,Vehicle breakdown,medium,Vehicle breakdown affecting line 26 (medium severity)
DIS-734338,TDTR,12,2026-07-08T16:35:10.000+05:45,2026-07-08T18:14:10.000+05:45,99,Road closure,severe,Road closure affecting line 12 (severe severity)
DIS-928822,SWWD,R6,2026-04-22T17:26:45.000+05:45,2026-04-22T18:56:45.000+05:45,90,Severe weather,high,Severe weather affecting line R6 (high severity)
DIS-270186,SQ,TB1,2026-07-03T18:56:56.000+05:45,2026-07-03T22:01:56.000+05:45,185,Road closure,severe,Road closure affecting line TB1 (severe severity)
DIS-873415,BLUS,504,2026-06-01T03:51:09.000+05:45,2026-06-01T05:18:09.000+05:45,87,Road closure,medium,Road closure affecting line 504 (medium severity)
DIS-771270,TDTR,11,2026-04-28T20:05:43.000+05:45,2026-04-28T23:34:43.000+05:45,209,Accident on route,medium,Accident on route affecting line 11 (medium severity)
DIS-893353,WDBC,5,2026-07-08T12:40:00.000+05:45,2026-07-08T14:48:00.000+05:45,128,Driver shortage,low,Driver shortage affecting line 5 (low severity)
DIS-540982,DAMY,6,2026-07-02T02:14:33.000+05:45,2026-07-02T05:39:33.000+05:45,205,Planned engineering works,low,Planned engineering works affecting line 6 (low severity)
DIS-381837,SVCT,203,2026-04-25T05:28:46.000+05:45,2026-04-25T08:36:46.000+05:45,188,Planned engineering works,severe,Planned engineering works affecting line 203 (severe severity)
DIS-272188,TDTR,12,2026-07-18T23:04:33.000+05:45,2026-07-19T02:35:33.000+05:45,211,Traffic congestion,medium,Traffic congestion affecting line 12 (medium severity)
DIS-274086,SWWD,R12,2026-07-05T00:42:50.000+05:45,2026-07-05T03:54:50.000+05:45,192,Planned engineering works,low,Planned engineering works affecting line R12 (low severity)
DIS-775791,UNIL,U1A,2026-05-07T02:23:27.000+05:45,2026-05-07T05:32:27.000+05:45,189,Severe weather,medium,Severe weather affecting line U1A (medium severity)
DIS-644711,SVCT,39,2026-05-22T07:37:36.000+05:45,2026-05-22T10:33:36.000+05:45,176,Vehicle breakdown,high,Vehicle breakdown affecting line 39 (high severity)
DIS-598418,SWWD,X4,2026-05-30T23:12:55.000+05:45,2026-05-31T00:14:55.000+05:45,62,Road closure,medium,Road closure affecting line X4 (medium severity)
DIS-236064,SWWD,650,2026-07-18T12:27:55.000+05:45,2026-07-18T13:08:55.000+05:45,41,Accident on route,medium,Accident on route affecting line 650 (medium severity)
DIS-866525,WDBC,761,2026-06-03T13:31:50.000+05:45,2026-06-03T14:27:50.000+05:45,56,Driver shortage,low,Driver shortage affecting line 761 (low severity)
DIS-548054,BLUS,28,2026-06-29T00:23:50.000+05:45,2026-06-29T01:41:50.000+05:45,78,Roadworks,high,Roadworks affecting line 28 (high severity)
DIS-373401,BLUS,61,2026-04-27T11:47:54.000+05:45,2026-04-27T15:14:54.000+05:45,207,Traffic congestion,severe,Traffic congestion affecting line 61 (severe severity)
DIS-999893,BLUS,21,2026-05-31T07:17:05.000+05:45,2026-05-31T11:10:05.000+05:45,233,Accident on route,high,Accident on route affecting line 21 (high severity)
DIS-627858,TDTR,80,2026-05-17T20:34:01.000+05:45,2026-05-17T21:52:01.000+05:45,78,Accident on route,severe,Accident on route affecting line 80 (severe severity)
DIS-280583,SWWD,987,2026-06-13T14:51:44.000+05:45,2026-06-13T16:17:44.000+05:45,86,Traffic congestion,severe,Traffic congestion affecting line 987 (severe severity)
DIS-544835,DAMY,949,2026-07-03T22:54:01.000+05:45,2026-07-04T02:44:01.000+05:45,230,Road closure,severe,Road closure affecting line 949 (severe severity)
DIS-951485,SWWD,8,2026-04-27T14:09:54.000+05:45,2026-04-27T17:50:54.000+05:45,221,Road closure,severe,Road closure affecting line 8 (severe severity)
DIS-431260,UNIL,U2C,2026-05-25T12:01:24.000+05:45,2026-05-25T14:07:24.000+05:45,126,Planned engineering works,low,Planned engineering works affecting line U2C (low severity)
DIS-871044,WDBC,13A,2026-07-01T04:20:17.000+05:45,2026-07-01T07:34:17.000+05:45,194,Traffic congestion,medium,Traffic congestion affecting line 13A (medium severity)
DIS-375964,SWWD,TPDRT,2026-06-16T10:09:58.000+05:45,2026-06-16T13:19:58.000+05:45,190,Driver shortage,low,Driver shortage affecting line TPDRT (low severity)
DIS-535890,WDBC,Q7,2026-04-29T03:49:51.000+05:45,2026-04-29T05:52:51.000+05:45,123,Road closure,high,Road closure affecting line Q7 (high severity)
DIS-306494,WDBC,1C,2026-06-22T20:46:47.000+05:45,2026-06-22T23:34:47.000+05:45,168,Diversion,low,Diversion affecting line 1C (low severity)
DIS-174186,WDBC,38,2026-05-07T00:26:25.000+05:45,2026-05-07T03:27:25.000+05:45,181,Diversion,high,Diversion affecting line 38 (high severity)
DIS-327611,TDTR,9,2026-07-16T18:31:38.000+05:45,2026-07-16T22:25:38.000+05:45,234,Driver shortage,severe,Driver shortage affecting line 9 (severe severity)
DIS-822704,TDTR,23,2026-07-04T23:50:17.000+05:45,2026-07-05T02:22:17.000+05:45,152,Severe weather,medium,Severe weather affecting line 23 (medium severity)
DIS-350388,SWWD,663,2026-07-03T16:00:46.000+05:45,2026-07-03T16:32:46.000+05:45,32,Diversion,medium,Diversion affecting line 663 (medium severity)
DIS-179024,SWWD,908,2026-07-12T10:21:58.000+05:45,2026-07-12T13:59:58.000+05:45,218,Traffic congestion,medium,Traffic congestion affecting line 908 (medium severity)
DIS-922731,DAMY,5,2026-05-10T18:26:26.000+05:45,2026-05-10T21:50:26.000+05:45,204,Severe weather,high,Severe weather affecting line 5 (high severity)
DIS-551433,BLUS,5,2026-05-20T09:40:17.000+05:45,2026-05-20T12:08:17.000+05:45,148,Planned engineering works,high,Planned engineering works affecting line 5 (high severity)
DIS-222695,SWWD,37,2026-06-14T21:53:43.000+05:45,2026-06-15T00:28:43.000+05:45,155,Accident on route,high,Accident on route affecting line 37 (high severity)
DIS-494906,WDBC,5,2026-05-04T07:55:36.000+05:45,2026-05-04T11:49:36.000+05:45,234,Diversion,severe,Diversion affecting line 5 (severe severity)
DIS-526223,SWWD,929,2026-06-21T12:26:54.000+05:45,2026-06-21T14:44:54.000+05:45,138,Driver shortage,severe,Driver shortage affecting line 929 (severe severity)
DIS-744817,DAMY,949,2026-06-17T12:03:49.000+05:45,2026-06-17T14:28:49.000+05:45,145,Driver shortage,low,Driver shortage affecting line 949 (low severity)
DIS-929118,SQ,TB1,2026-07-05T19:56:35.000+05:45,2026-07-05T22:46:35.000+05:45,170,Vehicle breakdown,severe,Vehicle breakdown affecting line TB1 (severe severity)
DIS-951913,WDBC,RG2,2026-04-29T10:24:17.000+05:45,2026-04-29T12:23:17.000+05:45,119,Diversion,medium,Diversion affecting line RG2 (medium severity)
DIS-352757,BLUS,NFG,2026-04-21T12:32:54.000+05:45,2026-04-21T16:19:54.000+05:45,227,Accident on route,high,Accident on route affecting line NFG (high severity)
DIS-698661,SVCT,201,2026-06-18T04:28:29.000+05:45,2026-06-18T07:19:29.000+05:45,171,Severe weather,high,Severe weather affecting line 201 (high severity)
DIS-402489,SVCT,TDB,2026-05-25T21:53:47.000+05:45,2026-05-26T01:16:47.000+05:45,203,Accident on route,severe,Accident on route affecting line TDB (severe severity)
DIS-814941,SWWD,603,2026-04-30T00:21:15.000+05:45,2026-04-30T01:35:15.000+05:45,74,Road closure,high,Road closure affecting line 603 (high severity)
DIS-708739,DAMY,20,2026-07-07T18:44:26.000+05:45,2026-07-07T19:19:26.000+05:45,35,Road closure,high,Road closure affecting line 20 (high severity)
DIS-212067,SVCT,205,2026-05-02T07:18:25.000+05:45,2026-05-02T09:42:25.000+05:45,144,Severe weather,high,Severe weather affecting line 205 (high severity)
DIS-862781,WDBC,10,2026-05-08T11:46:24.000+05:45,2026-05-08T14:36:24.000+05:45,170,Planned engineering works,medium,Planned engineering works affecting line 10 (medium severity)
DIS-611376,WDBC,60,2026-05-06T19:52:53.000+05:45,2026-05-06T20:24:53.000+05:45,32,Severe weather,high,Severe weather affecting line 60 (high severity)
DIS-974999,WDBC,33,2026-06-19T13:24:12.000+05:45,2026-06-19T15:59:12.000+05:45,155,Roadworks,low,Roadworks affecting line 33 (low severity)
DIS-521621,BLUS,5,2026-05-04T09:35:39.000+05:45,2026-05-04T12:48:39.000+05:45,193,Roadworks,severe,Roadworks affecting line 5 (severe severity)
DIS-954089,WDBC,3,2026-05-29T08:45:17.000+05:45,2026-05-29T12:13:17.000+05:45,208,Severe weather,high,Severe weather affecting line 3 (high severity)
DIS-466525,WDBC,4,2026-05-21T23:01:58.000+05:45,2026-05-22T00:26:58.000+05:45,85,Planned engineering works,severe,Planned engineering works affecting line 4 (severe severity)
DIS-803780,DAMY,X8,2026-04-23T17:05:12.000+05:45,2026-04-23T17:20:12.000+05:45,15,Roadworks,high,Roadworks affecting line X8 (high severity)
DIS-843942,BLUS,61,2026-07-03T02:08:04.000+05:45,2026-07-03T04:01:04.000+05:45,113,Traffic congestion,high,Traffic congestion affecting line 61 (high severity)
DIS-870039,WDBC,777,2026-06-07T19:41:04.000+05:45,2026-06-07T20:47:04.000+05:45,66,Planned engineering works,severe,Planned engineering works affecting line 777 (severe severity)
DIS-772744,SQ,TM1,2026-05-14T04:50:57.000+05:45,2026-05-14T05:52:57.000+05:45,62,Traffic congestion,medium,Traffic congestion affecting line TM1 (medium severity)
DIS-220138,TDTR,48,2026-05-09T10:11:35.000+05:45,2026-05-09T12:36:35.000+05:45,145,Severe weather,severe,Severe weather affecting line 48 (severe severity)
DIS-967587,SWWD,R10,2026-05-13T19:42:00.000+05:45,2026-05-13T23:26:00.000+05:45,224,Road closure,low,Road closure affecting line R10 (low severity)
DIS-335296,SWWD,R12,2026-06-22T03:58:50.000+05:45,2026-06-22T07:47:50.000+05:45,229,Accident on route,medium,Accident on route affecting line R12 (medium severity)
DIS-325352,WDBC,B,2026-06-07T21:39:34.000+05:45,2026-06-07T23:44:34.000+05:45,125,Planned engineering works,high,Planned engineering works affecting line B (high severity)
DIS-668101,SWWD,X5,2026-07-14T15:18:16.000+05:45,2026-07-14T17:48:16.000+05:45,150,Planned engineering works,low,Planned engineering works affecting line X5 (low severity)
DIS-501852,SWWD,R8,2026-06-25T22:57:51.000+05:45,2026-06-26T01:36:51.000+05:45,159,Diversion,severe,Diversion affecting line R8 (severe severity)
DIS-597889,SVCT,202,2026-07-18T06:13:10.000+05:45,2026-07-18T09:01:10.000+05:45,168,Diversion,medium,Diversion affecting line 202 (medium severity)
DIS-882833,TDTR,48A,2026-06-15T09:29:13.000+05:45,2026-06-15T12:01:13.000+05:45,152,Vehicle breakdown,severe,Vehicle breakdown affecting line 48A (severe severity)
DIS-999164,SWWD,X7R,2026-06-22T00:07:32.000+05:45,2026-06-22T01:51:32.000+05:45,104,Traffic congestion,low,Traffic congestion affecting line X7R (low severity)
DIS-632813,SVCT,SL,2026-06-07T20:22:24.000+05:45,2026-06-07T21:40:24.000+05:45,78,Roadworks,low,Roadworks affecting line SL (low severity)
DIS-797488,WDBC,50,2026-05-22T18:00:29.000+05:45,2026-05-22T18:32:29.000+05:45,32,Diversion,medium,Diversion affecting line 50 (medium severity)
DIS-214261,BLUS,3,2026-06-29T20:48:05.000+05:45,2026-06-29T22:01:05.000+05:45,73,Planned engineering works,medium,Planned engineering works affecting line 3 (medium severity)
DIS-537964,SWWD,X7,2026-05-16T00:01:47.000+05:45,2026-05-16T03:26:47.000+05:45,205,Roadworks,low,Roadworks affecting line X7 (low severity)
DIS-798076,SVCT,2,2026-06-21T03:42:52.000+05:45,2026-06-21T06:47:52.000+05:45,185,Vehicle breakdown,severe,Vehicle breakdown affecting line 2 (severe severity)
DIS-862036,BLUS,19,2026-05-28T15:47:29.000+05:45,2026-05-28T18:02:29.000+05:45,135,Vehicle breakdown,low,Vehicle breakdown affecting line 19 (low severity)
DIS-927137,DAMY,CR9,2026-04-29T20:57:53.000+05:45,2026-04-30T00:30:53.000+05:45,213,Accident on route,low,Accident on route affecting line CR9 (low severity)
DIS-438160,UNIL,U1C,2026-05-25T10:55:58.000+05:45,2026-05-25T13:27:58.000+05:45,152,Vehicle breakdown,low,Vehicle breakdown affecting line U1C (low severity)
DIS-937334,DAMY,949,2026-07-01T08:15:51.000+05:45,2026-07-01T11:10:51.000+05:45,175,Roadworks,severe,Roadworks affecting line 949 (severe severity)
DIS-372400,UNIL,U1A,2026-07-06T12:22:22.000+05:45,2026-07-06T16:04:22.000+05:45,222,Accident on route,high,Accident on route affecting line U1A (high severity)
DIS-491826,BLUS,12,2026-05-30T21:22:39.000+05:45,2026-05-30T21:49:39.000+05:45,27,Planned engineering works,medium,Planned engineering works affecting line 12 (medium severity)
DIS-193154,SWWD,PR15,2026-05-05T22:25:16.000+05:45,2026-05-06T00:50:16.000+05:45,145,Traffic congestion,medium,Traffic congestion affecting line PR15 (medium severity)
DIS-741217,SWWD,PD3,2026-07-14T21:04:41.000+05:45,2026-07-14T22:56:41.000+05:45,112,Planned engineering works,severe,Planned engineering works affecting line PD3 (severe severity)
DIS-213408,TDTR,2,2026-05-20T02:22:07.000+05:45,2026-05-20T04:04:07.000+05:45,102,Planned engineering works,low,Planned engineering works affecting line 2 (low severity)
DIS-224709,WDBC,762,2026-06-24T18:28:08.000+05:45,2026-06-24T20:30:08.000+05:45,122,Planned engineering works,medium,Planned engineering works affecting line 762 (medium severity)
DIS-143049,SWWD,8,2026-05-02T17:01:36.000+05:45,2026-05-02T17:44:36.000+05:45,43,Planned engineering works,medium,Planned engineering works affecting line 8 (medium severity)
DIS-820309,BLUS,9,2026-06-06T01:38:57.000+05:45,2026-06-06T04:53:57.000+05:45,195,Diversion,low,Diversion affecting line 9 (low severity)
DIS-240794,SVCT,203,2026-05-23T08:34:18.000+05:45,2026-05-23T12:33:18.000+05:45,239,Accident on route,medium,Accident on route affecting line 203 (medium severity)
DIS-293333,WDBC,RG2,2026-05-15T21:47:42.000+05:45,2026-05-15T22:21:42.000+05:45,34,Severe weather,medium,Severe weather affecting line RG2 (medium severity)
DIS-682182,SVCT,211,2026-04-24T03:14:41.000+05:45,2026-04-24T06:49:41.000+05:45,215,Severe weather,medium,Severe weather affecting line 211 (medium severity)
DIS-600316,TDTR,11,2026-04-21T02:31:11.000+05:45,2026-04-21T03:18:11.000+05:45,47,Planned engineering works,medium,Planned engineering works affecting line 11 (medium severity)
DIS-494560,SWWD,X4,2026-05-15T17:31:01.000+05:45,2026-05-15T20:56:01.000+05:45,205,Roadworks,low,Roadworks affecting line X4 (low severity)
DIS-103618,WDBC,C,2026-07-10T16:08:01.000+05:45,2026-07-10T17:56:01.000+05:45,108,Traffic congestion,medium,Traffic congestion affecting line C (medium severity)
DIS-799218,WDBC,X3,2026-05-02T04:33:28.000+05:45,2026-05-02T06:02:28.000+05:45,89,Driver shortage,medium,Driver shortage affecting line X3 (medium severity)
DIS-169662,BLUS,11,2026-06-26T14:02:59.000+05:45,2026-06-26T16:49:59.000+05:45,167,Accident on route,severe,Accident on route affecting line 11 (severe severity)
DIS-486342,SWWD,R12,2026-06-01T20:01:40.000+05:45,2026-06-01T22:34:40.000+05:45,153,Planned engineering works,high,Planned engineering works affecting line R12 (high severity)
DIS-645846,SQ,TM1,2026-04-25T22:58:06.000+05:45,2026-04-25T23:34:06.000+05:45,36,Planned engineering works,severe,Planned engineering works affecting line TM1 (severe severity)
DIS-617890,WDBC,13A,2026-07-20T14:13:03.000+05:45,2026-07-20T15:41:03.000+05:45,88,Diversion,severe,Diversion affecting line 13A (severe severity)
DIS-806578,WDBC,21,2026-07-20T02:47:49.000+05:45,2026-07-20T05:16:49.000+05:45,149,Planned engineering works,medium,Planned engineering works affecting line 21 (medium severity)
DIS-111411,SQ,TW2,2026-06-14T20:13:23.000+05:45,2026-06-14T21:16:23.000+05:45,63,Roadworks,low,Roadworks affecting line TW2 (low severity)
DIS-586181,TDTR,11,2026-05-22T04:31:39.000+05:45,2026-05-22T08:07:39.000+05:45,216,Planned engineering works,low,Planned engineering works affecting line 11 (low severity)
DIS-389172,TDTR,23,2026-07-14T03:54:56.000+05:45,2026-07-14T07:38:56.000+05:45,224,Traffic congestion,high,Traffic congestion affecting line 23 (high severity)
DIS-502968,WDBC,7B,2026-06-04T06:54:06.000+05:45,2026-06-04T10:40:06.000+05:45,226,Road closure,severe,Road closure affecting line 7B (severe severity)
DIS-148149,TDTR,156,2026-07-12T00:44:31.000+05:45,2026-07-12T00:54:31.000+05:45,10,Accident on route,high,Accident on route affecting line 156 (high severity)
DIS-534614,UNIL,U2C,2026-04-26T03:22:24.000+05:45,2026-04-26T06:52:24.000+05:45,210,Driver shortage,high,Driver shortage affecting line U2C (high severity)
DIS-740812,SVCT,TDB,2026-05-02T04:32:27.000+05:45,2026-05-02T08:15:27.000+05:45,223,Road closure,low,Road closure affecting line TDB (low severity)
DIS-715197,SVCT,208,2026-05-09T04:34:43.000+05:45,2026-05-09T08:13:43.000+05:45,219,Roadworks,low,Roadworks affecting line 208 (low severity)
DIS-177514,TDTR,12,2026-05-10T16:08:43.000+05:45,2026-05-10T19:32:43.000+05:45,204,Roadworks,medium,Roadworks affecting line 12 (medium severity)
DIS-410332,SVCT,213,2026-05-13T14:32:02.000+05:45,2026-05-13T16:43:02.000+05:45,131,Vehicle breakdown,severe,Vehicle breakdown affecting line 213 (severe severity)
DIS-796916,WDBC,ONE,2026-06-19T05:12:53.000+05:45,2026-06-19T05:22:53.000+05:45,10,Road closure,medium,Road closure affecting line ONE (medium severity)
DIS-204110,SVCT,214,2026-05-13T14:21:07.000+05:45,2026-05-13T15:39:07.000+05:45,78,Planned engineering works,medium,Planned engineering works affecting line 214 (medium severity)
DIS-454858,WDBC,X6,2026-06-25T20:39:57.000+05:45,2026-06-26T00:26:57.000+05:45,227,Road closure,high,Road closure affecting line X6 (high severity)
DIS-606982,BLUS,7,2026-06-25T21:09:37.000+05:45,2026-06-26T01:05:37.000+05:45,236,Road closure,low,Road closure affecting line 7 (low severity)
DIS-500794,SVCT,213,2026-06-24T11:57:00.000+05:45,2026-06-24T12:13:00.000+05:45,16,Roadworks,medium,Roadworks affecting line 213 (medium severity)
DIS-967870,BLUS,635,2026-06-13T01:12:07.000+05:45,2026-06-13T01:23:07.000+05:45,11,Roadworks,low,Roadworks affecting line 635 (low severity)
DIS-929836,UNIL,U1C,2026-07-14T13:29:46.000+05:45,2026-07-14T16:44:46.000+05:45,195,Diversion,severe,Diversion affecting line U1C (severe severity)
DIS-621644,BLUS,12,2026-04-23T15:20:54.000+05:45,2026-04-23T18:29:54.000+05:45,189,Diversion,medium,Diversion affecting line 12 (medium severity)
DIS-211390,SWWD,987,2026-05-11T18:37:56.000+05:45,2026-05-11T19:40:56.000+05:45,63,Roadworks,medium,Roadworks affecting line 987 (medium severity)
DIS-899892,WDBC,36,2026-05-23T07:32:38.000+05:45,2026-05-23T10:45:38.000+05:45,193,Driver shortage,high,Driver shortage affecting line 36 (high severity)
DIS-433745,TDTR,23,2026-06-29T18:02:29.000+05:45,2026-06-29T20:00:29.000+05:45,118,Roadworks,high,Roadworks affecting line 23 (high severity)
DIS-730390,SVCT,206,2026-05-17T14:55:16.000+05:45,2026-05-17T18:26:16.000+05:45,211,Traffic congestion,high,Traffic congestion affecting line 206 (high severity)
DIS-265634,WDBC,941,2026-04-23T11:59:06.000+05:45,2026-04-23T12:20:06.000+05:45,21,Severe weather,medium,Severe weather affecting line 941 (medium severity)
DIS-270598,WDBC,m2,2026-06-30T06:03:27.000+05:45,2026-06-30T08:06:27.000+05:45,123,Severe weather,low,Severe weather affecting line m2 (low severity)
DIS-826026,SVCT,22,2026-04-30T05:43:35.000+05:45,2026-04-30T08:07:35.000+05:45,144,Accident on route,medium,Accident on route affecting line 22 (medium severity)
DIS-923361,WDBC,C,2026-05-29T06:29:36.000+05:45,2026-05-29T09:26:36.000+05:45,177,Planned engineering works,high,Planned engineering works affecting line C (high severity)
DIS-895015,TDTR,11,2026-05-09T08:52:24.000+05:45,2026-05-09T09:48:24.000+05:45,56,Diversion,medium,Diversion affecting line 11 (medium severity)
DIS-424997,WDBC,86,2026-05-21T19:24:30.000+05:45,2026-05-21T21:36:30.000+05:45,132,Planned engineering works,severe,Planned engineering works affecting line 86 (severe severity)
DIS-705742,BLUS,20,2026-05-03T14:37:53.000+05:45,2026-05-03T18:07:53.000+05:45,210,Roadworks,medium,Roadworks affecting line 20 (medium severity)
DIS-466092,TDTR,920,2026-05-31T20:13:29.000+05:45,2026-05-31T22:11:29.000+05:45,118,Severe weather,severe,Severe weather affecting line 920 (severe severity)
DIS-619911,SVCT,202,2026-05-07T18:27:18.000+05:45,2026-05-07T21:02:18.000+05:45,155,Diversion,severe,Diversion affecting line 202 (severe severity)
DIS-855566,BLUS,7,2026-05-25T05:17:37.000+05:45,2026-05-25T08:52:37.000+05:45,215,Vehicle breakdown,low,Vehicle breakdown affecting line 7 (low severity)
DIS-137422,TDTR,14,2026-05-16T13:16:30.000+05:45,2026-05-16T16:52:30.000+05:45,216,Diversion,high,Diversion affecting line 14 (high severity)
DIS-863033,WDBC,m2,2026-07-15T09:26:08.000+05:45,2026-07-15T09:49:08.000+05:45,23,Traffic congestion,severe,Traffic congestion affecting line m2 (severe severity)
DIS-107456,SWWD,26,2026-06-05T20:26:47.000+05:45,2026-06-05T23:41:47.000+05:45,195,Severe weather,severe,Severe weather affecting line 26 (severe severity)
DIS-821597,BLUS,538,2026-06-12T16:43:11.000+05:45,2026-06-12T18:44:11.000+05:45,121,Traffic congestion,high,Traffic congestion affecting line 538 (high severity)
DIS-416842,WDBC,8,2026-05-14T11:49:39.000+05:45,2026-05-14T15:42:39.000+05:45,233,Driver shortage,severe,Driver shortage affecting line 8 (severe severity)
DIS-638918,BLUS,19a,2026-07-09T04:59:32.000+05:45,2026-07-09T08:03:32.000+05:45,184,Accident on route,low,Accident on route affecting line 19a (low severity)
DIS-584994,SWWD,D3,2026-06-22T01:35:49.000+05:45,2026-06-22T04:40:49.000+05:45,185,Road closure,low,Road closure affecting line D3 (low severity)
DIS-562794,BLUS,N18,2026-05-24T15:52:15.000+05:45,2026-05-24T17:02:15.000+05:45,70,Accident on route,medium,Accident on route affecting line N18 (medium severity)
DIS-825157,TDTR,156,2026-04-22T11:32:43.000+05:45,2026-04-22T14:20:43.000+05:45,168,Vehicle breakdown,medium,Vehicle breakdown affecting line 156 (medium severity)
DIS-350696,SWWD,88,2026-05-22T11:29:42.000+05:45,2026-05-22T14:16:42.000+05:45,167,Severe weather,low,Severe weather affecting line 88 (low severity)
DIS-329497,BLUS,12,2026-04-24T10:37:28.000+05:45,2026-04-24T11:33:28.000+05:45,56,Severe weather,severe,Severe weather affecting line 12 (severe severity)
DIS-739106,TDTR,842,2026-05-02T13:20:27.000+05:45,2026-05-02T15:03:27.000+05:45,103,Roadworks,low,Roadworks affecting line 842 (low severity)
DIS-100612,SVCT,63,2026-07-07T02:55:47.000+05:45,2026-07-07T06:20:47.000+05:45,205,Severe weather,high,Severe weather affecting line 63 (high severity)
DIS-940610,SWWD,44,2026-05-31T10:13:59.000+05:45,2026-05-31T10:32:59.000+05:45,19,Driver shortage,high,Driver shortage affecting line 44 (high severity)
DIS-391361,SVCT,211,2026-06-10T12:11:13.000+05:45,2026-06-10T14:14:13.000+05:45,123,Traffic congestion,low,Traffic congestion affecting line 211 (low severity)
DIS-822053,WDBC,3,2026-04-22T14:27:26.000+05:45,2026-04-22T15:24:26.000+05:45,57,Traffic congestion,high,Traffic congestion affecting line 3 (high severity)
DIS-498030,TDTR,48A,2026-06-18T22:22:31.000+05:45,2026-06-18T23:11:31.000+05:45,49,Severe weather,medium,Severe weather affecting line 48A (medium severity)
DIS-366634,WDBC,125,2026-05-01T17:05:08.000+05:45,2026-05-01T17:55:08.000+05:45,50,Accident on route,high,Accident on route affecting line 125 (high severity)
DIS-336813,TDTR,48,2026-05-10T08:55:44.000+05:45,2026-05-10T09:59:44.000+05:45,64,Accident on route,high,Accident on route affecting line 48 (high severity)
DIS-355862,BLUS,21,2026-06-02T14:36:57.000+05:45,2026-06-02T16:22:57.000+05:45,106,Traffic congestion,medium,Traffic congestion affecting line 21 (medium severity)
DIS-741569,WDBC,1B,2026-04-30T23:27:21.000+05:45,2026-05-01T01:36:21.000+05:45,129,Roadworks,severe,Roadworks affecting line 1B (severe severity)
DIS-156948,SWWD,603,2026-04-22T15:57:14.000+05:45,2026-04-22T19:50:14.000+05:45,233,Accident on route,severe,Accident on route affecting line 603 (severe severity)
DIS-248095,SQ,TM1,2026-06-16T07:00:46.000+05:45,2026-06-16T10:33:46.000+05:45,213,Road closure,high,Road closure affecting line TM1 (high severity)
DIS-736072,SVCT,68,2026-06-03T03:49:51.000+05:45,2026-06-03T05:07:51.000+05:45,78,Accident on route,medium,Accident on route affecting line 68 (medium severity)
DIS-439927,TDTR,842,2026-07-12T12:52:12.000+05:45,2026-07-12T15:28:12.000+05:45,156,Vehicle breakdown,medium,Vehicle breakdown affecting line 842 (medium severity)
DIS-340555,TDTR,15,2026-05-21T00:02:51.000+05:45,2026-05-21T03:50:51.000+05:45,228,Accident on route,low,Accident on route affecting line 15 (low severity)
DIS-162778,SWWD,PR11,2026-06-15T03:41:12.000+05:45,2026-06-15T07:30:12.000+05:45,229,Planned engineering works,low,Planned engineering works affecting line PR11 (low severity)
DIS-321157,TDTR,16,2026-07-16T06:42:06.000+05:45,2026-07-16T08:09:06.000+05:45,87,Road closure,severe,Road closure affecting line 16 (severe severity)
DIS-407506,SWWD,R8,2026-06-11T19:27:30.000+05:45,2026-06-11T22:46:30.000+05:45,199,Traffic congestion,low,Traffic congestion affecting line R8 (low severity)
DIS-675533,SQ,TW1,2026-07-04T10:13:34.000+05:45,2026-07-04T14:08:34.000+05:45,235,Road closure,low,Road closure affecting line TW1 (low severity)
DIS-777072,BLUS,18,2026-07-06T19:49:31.000+05:45,2026-07-06T23:27:31.000+05:45,218,Planned engineering works,high,Planned engineering works affecting line 18 (high severity)
DIS-515312,SVCT,1,2026-07-04T04:15:22.000+05:45,2026-07-04T05:09:22.000+05:45,54,Accident on route,severe,Accident on route affecting line 1 (severe severity)
DIS-662838,WDBC,775,2026-04-28T14:07:33.000+05:45,2026-04-28T14:55:33.000+05:45,48,Roadworks,severe,Roadworks affecting line 775 (severe severity)
DIS-677529,WDBC,22,2026-05-18T01:17:09.000+05:45,2026-05-18T02:43:09.000+05:45,86,Diversion,low,Diversion affecting line 22 (low severity)
DIS-609587,UNIL,U6C,2026-05-14T11:04:41.000+05:45,2026-05-14T11:14:41.000+05:45,10,Roadworks,medium,Roadworks affecting line U6C (medium severity)
DIS-806876,DAMY,6,2026-06-03T21:20:17.000+05:45,2026-06-03T22:37:17.000+05:45,77,Roadworks,medium,Roadworks affecting line 6 (medium severity)
DIS-371222,BLUS,61,2026-04-30T03:16:42.000+05:45,2026-04-30T06:13:42.000+05:45,177,Planned engineering works,medium,Planned engineering works affecting line 61 (medium severity)
DIS-353852,SWWD,R5,2026-06-22T19:19:06.000+05:45,2026-06-22T20:12:06.000+05:45,53,Driver shortage,medium,Driver shortage affecting line R5 (medium severity)
DIS-978856,TDTR,48,2026-04-26T13:01:58.000+05:45,2026-04-26T15:50:58.000+05:45,169,Driver shortage,medium,Driver shortage affecting line 48 (medium severity)
DIS-943109,TDTR,2,2026-05-29T08:50:42.000+05:45,2026-05-29T09:35:42.000+05:45,45,Roadworks,severe,Roadworks affecting line 2 (severe severity)
DIS-331634,WDBC,762,2026-06-13T12:04:02.000+05:45,2026-06-13T15:30:02.000+05:45,206,Roadworks,medium,Roadworks affecting line 762 (medium severity)
DIS-914026,SWWD,901,2026-05-01T17:08:13.000+05:45,2026-05-01T18:32:13.000+05:45,84,Vehicle breakdown,low,Vehicle breakdown affecting line 901 (low severity)
DIS-419992,BLUS,PRH,2026-06-25T06:52:40.000+05:45,2026-06-25T09:50:40.000+05:45,178,Planned engineering works,low,Planned engineering works affecting line PRH (low severity)
DIS-856962,SVCT,TDB,2026-07-02T02:00:05.000+05:45,2026-07-02T05:05:05.000+05:45,185,Vehicle breakdown,medium,Vehicle breakdown affecting line TDB (medium severity)
DIS-377972,SQ,TW1,2026-06-14T15:00:49.000+05:45,2026-06-14T16:04:49.000+05:45,64,Roadworks,medium,Roadworks affecting line TW1 (medium severity)
DIS-450121,DAMY,6,2026-06-05T18:00:31.000+05:45,2026-06-05T19:58:31.000+05:45,118,Roadworks,low,Roadworks affecting line 6 (low severity)
DIS-457432,SWWD,26,2026-04-25T23:38:04.000+05:45,2026-04-26T02:36:04.000+05:45,178,Diversion,low,Diversion affecting line 26 (low severity)
DIS-714963,WDBC,120,2026-05-25T04:02:11.000+05:45,2026-05-25T07:06:11.000+05:45,184,Accident on route,medium,Accident on route affecting line 120 (medium severity)
DIS-964026,SWWD,901,2026-05-25T11:12:49.000+05:45,2026-05-25T13:03:49.000+05:45,111,Roadworks,medium,Roadworks affecting line 901 (medium severity)
DIS-900666,WDBC,ONE,2026-05-07T10:12:21.000+05:45,2026-05-07T13:49:21.000+05:45,217,Traffic congestion,severe,Traffic congestion affecting line ONE (severe severity)
DIS-477412,SVCT,204,2026-05-07T00:56:05.000+05:45,2026-05-07T04:36:05.000+05:45,220,Diversion,severe,Diversion affecting line 204 (severe severity)
DIS-437654,UNIL,U2C,2026-05-23T11:44:24.000+05:45,2026-05-23T13:03:24.000+05:45,79,Vehicle breakdown,high,Vehicle breakdown affecting line U2C (high severity)
DIS-130864,WDBC,C,2026-06-08T00:38:24.000+05:45,2026-06-08T02:13:24.000+05:45,95,Diversion,medium,Diversion affecting line C (medium severity)
DIS-865081,SVCT,201,2026-04-26T06:45:51.000+05:45,2026-04-26T07:04:51.000+05:45,19,Planned engineering works,high,Planned engineering works affecting line 201 (high severity)
DIS-621235,SWWD,8,2026-07-15T07:57:00.000+05:45,2026-07-15T08:38:00.000+05:45,41,Diversion,medium,Diversion affecting line 8 (medium severity)
DIS-126689,BLUS,757,2026-05-12T05:56:10.000+05:45,2026-05-12T06:37:10.000+05:45,41,Accident on route,medium,Accident on route affecting line 757 (medium severity)
DIS-115139,BLUS,13,2026-06-09T06:59:52.000+05:45,2026-06-09T10:18:52.000+05:45,199,Severe weather,medium,Severe weather affecting line 13 (medium severity)
DIS-526492,SWWD,929,2026-05-13T11:55:21.000+05:45,2026-05-13T14:31:21.000+05:45,156,Roadworks,medium,Roadworks affecting line 929 (medium severity)
DIS-896180,WDBC,20,2026-05-10T11:41:55.000+05:45,2026-05-10T13:12:55.000+05:45,91,Driver shortage,severe,Driver shortage affecting line 20 (severe severity)
DIS-782507,DAMY,949,2026-06-28T17:50:23.000+05:45,2026-06-28T21:11:23.000+05:45,201,Planned engineering works,low,Planned engineering works affecting line 949 (low severity)
DIS-403367,WDBC,30,2026-04-23T14:08:58.000+05:45,2026-04-23T16:10:58.000+05:45,122,Road closure,high,Road closure affecting line 30 (high severity)
DIS-289800,WDBC,941,2026-06-15T13:14:33.000+05:45,2026-06-15T16:47:33.000+05:45,213,Traffic congestion,severe,Traffic congestion affecting line 941 (severe severity)
DIS-250428,SWWD,D3,2026-05-15T14:49:08.000+05:45,2026-05-15T17:52:08.000+05:45,183,Planned engineering works,severe,Planned engineering works affecting line D3 (severe severity)
DIS-544850,WDBC,m1,2026-05-31T02:37:40.000+05:45,2026-05-31T06:35:40.000+05:45,238,Accident on route,low,Accident on route affecting line m1 (low severity)
DIS-480426,UNIL,U6H,2026-04-29T16:28:17.000+05:45,2026-04-29T16:56:17.000+05:45,28,Traffic congestion,severe,Traffic congestion affecting line U6H (severe severity)
DIS-686064,TDTR,23,2026-05-26T22:07:58.000+05:45,2026-05-26T22:59:58.000+05:45,52,Diversion,severe,Diversion affecting line 23 (severe severity)
DIS-510813,SVCT,7,2026-04-28T03:17:21.000+05:45,2026-04-28T06:56:21.000+05:45,219,Severe weather,low,Severe weather affecting line 7 (low severity)
DIS-332422,TDTR,22,2026-07-15T09:08:36.000+05:45,2026-07-15T10:46:36.000+05:45,98,Traffic congestion,severe,Traffic congestion affecting line 22 (severe severity)
DIS-349168,SWWD,PR7,2026-06-22T03:24:14.000+05:45,2026-06-22T03:49:14.000+05:45,25,Driver shortage,medium,Driver shortage affecting line PR7 (medium severity)
DIS-870728,SVCT,207,2026-05-20T05:37:09.000+05:45,2026-05-20T07:35:09.000+05:45,118,Roadworks,high,Roadworks affecting line 207 (high severity)
DIS-334311,WDBC,20,2026-04-28T05:03:08.000+05:45,2026-04-28T08:39:08.000+05:45,216,Vehicle breakdown,low,Vehicle breakdown affecting line 20 (low severity)
DIS-800800,BLUS,757,2026-07-13T03:45:38.000+05:45,2026-07-13T07:36:38.000+05:45,231,Diversion,low,Diversion affecting line 757 (low severity)
DIS-872327,SVCT,38,2026-05-12T00:15:22.000+05:45,2026-05-12T03:42:22.000+05:45,207,Roadworks,low,Roadworks affecting line 38 (low severity)
DIS-991257,BLUS,8,2026-06-22T21:36:16.000+05:45,2026-06-22T22:00:16.000+05:45,24,Vehicle breakdown,low,Vehicle breakdown affecting line 8 (low severity)
DIS-318409,BLUS,539,2026-05-14T11:01:41.000+05:45,2026-05-14T12:25:41.000+05:45,84,Traffic congestion,severe,Traffic congestion affecting line 539 (severe severity)
DIS-258467,SWWD,927,2026-07-15T14:30:25.000+05:45,2026-07-15T17:28:25.000+05:45,178,Planned engineering works,low,Planned engineering works affecting line 927 (low severity)
DIS-352690,SVCT,3,2026-05-25T12:19:03.000+05:45,2026-05-25T14:41:03.000+05:45,142,Traffic congestion,high,Traffic congestion affecting line 3 (high severity)
DIS-462121,TDTR,R24,2026-06-11T04:25:28.000+05:45,2026-06-11T07:08:28.000+05:45,163,Traffic congestion,medium,Traffic congestion affecting line R24 (medium severity)
DIS-859270,TDTR,155,2026-07-12T12:03:47.000+05:45,2026-07-12T13:27:47.000+05:45,84,Planned engineering works,medium,Planned engineering works affecting line 155 (medium severity)
DIS-226603,WDBC,NFB,2026-07-03T08:12:43.000+05:45,2026-07-03T11:51:43.000+05:45,219,Road closure,severe,Road closure affecting line NFB (severe severity)
DIS-554350,WDBC,7A,2026-04-23T13:06:30.000+05:45,2026-04-23T16:22:30.000+05:45,196,Severe weather,high,Severe weather affecting line 7A (high severity)
DIS-514931,WDBC,777,2026-05-13T16:06:15.000+05:45,2026-05-13T17:39:15.000+05:45,93,Severe weather,severe,Severe weather affecting line 777 (severe severity)
DIS-931941,SWWD,D2,2026-06-01T06:18:55.000+05:45,2026-06-01T07:05:55.000+05:45,47,Diversion,high,Diversion affecting line D2 (high severity)
DIS-939099,TDTR,NW2,2026-06-29T19:29:30.000+05:45,2026-06-29T20:21:30.000+05:45,52,Road closure,severe,Road closure affecting line NW2 (severe severity)
DIS-290238,DAMY,20,2026-06-22T16:40:44.000+05:45,2026-06-22T17:46:44.000+05:45,66,Diversion,severe,Diversion affecting line 20 (severe severity)
DIS-900492,BLUS,504,2026-07-16T02:02:39.000+05:45,2026-07-16T05:45:39.000+05:45,223,Traffic congestion,severe,Traffic congestion affecting line 504 (severe severity)
DIS-236570,TDTR,217,2026-04-22T19:45:38.000+05:45,2026-04-22T20:20:38.000+05:45,35,Roadworks,low,Roadworks affecting line 217 (low severity)
DIS-316263,SVCT,206,2026-06-01T15:07:57.000+05:45,2026-06-01T18:50:57.000+05:45,223,Road closure,high,Road closure affecting line 206 (high severity)
DIS-290661,TDTR,120,2026-06-14T17:22:39.000+05:45,2026-06-14T20:49:39.000+05:45,207,Traffic congestion,low,Traffic congestion affecting line 120 (low severity)
DIS-471934,BLUS,538,2026-06-11T13:28:20.000+05:45,2026-06-11T14:20:20.000+05:45,52,Traffic congestion,high,Traffic congestion affecting line 538 (high severity)
DIS-186538,DAMY,949,2026-05-27T20:54:36.000+05:45,2026-05-27T23:48:36.000+05:45,174,Diversion,medium,Diversion affecting line 949 (medium severity)
DIS-791339,SVCT,214,2026-04-30T11:20:24.000+05:45,2026-04-30T11:45:24.000+05:45,25,Vehicle breakdown,medium,Vehicle breakdown affecting line 214 (medium severity)
DIS-176196,SVCT,205,2026-05-29T19:06:23.000+05:45,2026-05-29T22:38:23.000+05:45,212,Accident on route,low,Accident on route affecting line 205 (low severity)
DIS-308782,TDTR,14,2026-06-01T22:25:41.000+05:45,2026-06-02T00:55:41.000+05:45,150,Traffic congestion,low,Traffic congestion affecting line 14 (low severity)
DIS-902666,UNIL,U1A,2026-07-20T15:34:07.000+05:45,2026-07-20T18:19:07.000+05:45,165,Severe weather,medium,Severe weather affecting line U1A (medium severity)
DIS-340132,WDBC,112,2026-05-24T12:38:55.000+05:45,2026-05-24T16:16:55.000+05:45,218,Traffic congestion,medium,Traffic congestion affecting line 112 (medium severity)
DIS-968565,UNIL,U1C,2026-06-06T17:22:27.000+05:45,2026-06-06T18:12:27.000+05:45,50,Severe weather,low,Severe weather affecting line U1C (low severity)
DIS-180207,TDTR,48,2026-05-24T18:13:59.000+05:45,2026-05-24T19:43:59.000+05:45,90,Traffic congestion,high,Traffic congestion affecting line 48 (high severity)
DIS-169723,WDBC,X3,2026-07-18T03:36:50.000+05:45,2026-07-18T07:26:50.000+05:45,230,Driver shortage,low,Driver shortage affecting line X3 (low severity)
DIS-693289,SVCT,38,2026-04-28T22:09:58.000+05:45,2026-04-29T00:22:58.000+05:45,133,Traffic congestion,medium,Traffic congestion affecting line 38 (medium severity)
DIS-858809,WDBC,737,2026-07-18T15:08:39.000+05:45,2026-07-18T18:50:39.000+05:45,222,Planned engineering works,severe,Planned engineering works affecting line 737 (severe severity)
DIS-848895,SWWD,R6,2026-06-22T00:46:49.000+05:45,2026-06-22T01:00:49.000+05:45,14,Severe weather,low,Severe weather affecting line R6 (low severity)
DIS-731827,WDBC,35,2026-06-24T14:21:41.000+05:45,2026-06-24T14:40:41.000+05:45,19,Traffic congestion,high,Traffic congestion affecting line 35 (high severity)
DIS-988938,SWWD,X7,2026-06-24T12:35:16.000+05:45,2026-06-24T16:34:16.000+05:45,239,Severe weather,severe,Severe weather affecting line X7 (severe severity)
DIS-691918,WDBC,NFR,2026-07-14T19:35:42.000+05:45,2026-07-14T21:34:42.000+05:45,119,Diversion,low,Diversion affecting line NFR (low severity)
DIS-457233,TDTR,152,2026-06-12T05:02:27.000+05:45,2026-06-12T06:32:27.000+05:45,90,Accident on route,high,Accident on route affecting line 152 (high severity)
DIS-742582,BLUS,61,2026-04-28T02:15:23.000+05:45,2026-04-28T02:28:23.000+05:45,13,Accident on route,severe,Accident on route affecting line 61 (severe severity)
DIS-554237,BLUS,19a,2026-06-09T13:49:24.000+05:45,2026-06-09T14:46:24.000+05:45,57,Planned engineering works,low,Planned engineering works affecting line 19a (low severity)
DIS-978412,TDTR,120,2026-05-01T09:10:46.000+05:45,2026-05-01T10:29:46.000+05:45,79,Traffic congestion,low,Traffic congestion affecting line 120 (low severity)
DIS-993238,SVCT,TDB,2026-05-02T13:32:45.000+05:45,2026-05-02T14:38:45.000+05:45,66,Severe weather,high,Severe weather affecting line TDB (high severity)
DIS-493440,WDBC,NFB,2026-06-02T20:51:58.000+05:45,2026-06-03T00:23:58.000+05:45,212,Vehicle breakdown,low,Vehicle breakdown affecting line NFB (low severity)
DIS-965750,WDBC,RG2,2026-06-17T14:10:29.000+05:45,2026-06-17T14:31:29.000+05:45,21,Vehicle breakdown,medium,Vehicle breakdown affecting line RG2 (medium severity)
DIS-378823,WDBC,L5,2026-05-23T06:00:08.000+05:45,2026-05-23T07:17:08.000+05:45,77,Traffic congestion,low,Traffic congestion affecting line L5 (low severity)
DIS-970847,TDTR,9,2026-05-31T01:33:29.000+05:45,2026-05-31T02:28:29.000+05:45,55,Traffic congestion,severe,Traffic congestion affecting line 9 (severe severity)
DIS-162288,WDBC,13A,2026-05-29T18:02:37.000+05:45,2026-05-29T18:23:37.000+05:45,21,Planned engineering works,severe,Planned engineering works affecting line 13A (severe severity)
DIS-601881,BLUS,QC,2026-06-15T14:14:34.000+05:45,2026-06-15T18:06:34.000+05:45,232,Accident on route,severe,Accident on route affecting line QC (severe severity)
DIS-709692,DAMY,CR9,2026-04-28T18:05:23.000+05:45,2026-04-28T21:05:23.000+05:45,180,Diversion,low,Diversion affecting line CR9 (low severity)
DIS-378269,TDTR,120,2026-07-14T22:22:21.000+05:45,2026-07-14T23:50:21.000+05:45,88,Diversion,low,Diversion affecting line 120 (low severity)
DIS-440184,SVCT,207,2026-07-13T15:11:09.000+05:45,2026-07-13T17:33:09.000+05:45,142,Traffic congestion,severe,Traffic congestion affecting line 207 (severe severity)
DIS-130695,SVCT,3,2026-06-11T05:51:50.000+05:45,2026-06-11T08:43:50.000+05:45,172,Vehicle breakdown,medium,Vehicle breakdown affecting line 3 (medium severity)
DIS-544467,DAMY,CR7,2026-05-11T00:35:07.000+05:45,2026-05-11T01:29:07.000+05:45,54,Diversion,severe,Diversion affecting line CR7 (severe severity)
DIS-163047,WDBC,1C,2026-05-27T17:01:57.000+05:45,2026-05-27T20:33:57.000+05:45,212,Road closure,high,Road closure affecting line 1C (high severity)
DIS-174501,WDBC,X3,2026-07-13T13:39:55.000+05:45,2026-07-13T17:10:55.000+05:45,211,Diversion,medium,Diversion affecting line X3 (medium severity)
DIS-141963,WDBC,31,2026-06-30T08:57:11.000+05:45,2026-06-30T09:48:11.000+05:45,51,Vehicle breakdown,high,Vehicle breakdown affecting line 31 (high severity)
DIS-157583,WDBC,7B,2026-07-19T13:13:15.000+05:45,2026-07-19T15:57:15.000+05:45,164,Road closure,medium,Road closure affecting line 7B (medium severity)
DIS-430406,UNIL,U2B,2026-06-07T11:23:28.000+05:45,2026-06-07T14:55:28.000+05:45,212,Driver shortage,high,Driver shortage affecting line U2B (high severity)
DIS-103852,BLUS,3,2026-06-23T16:29:14.000+05:45,2026-06-23T18:54:14.000+05:45,145,Vehicle breakdown,high,Vehicle breakdown affecting line 3 (high severity)
DIS-118392,BLUS,8,2026-06-23T01:48:25.000+05:45,2026-06-23T05:10:25.000+05:45,202,Planned engineering works,low,Planned engineering works affecting line 8 (low severity)
DIS-227369,WDBC,10,2026-07-10T02:52:59.000+05:45,2026-07-10T05:41:59.000+05:45,169,Roadworks,low,Roadworks affecting line 10 (low severity)
DIS-325897,WDBC,1A,2026-05-31T07:24:53.000+05:45,2026-05-31T09:45:53.000+05:45,141,Road closure,low,Road closure affecting line 1A (low severity)
DIS-810721,WDBC,7A,2026-06-22T02:30:53.000+05:45,2026-06-22T05:50:53.000+05:45,200,Diversion,high,Diversion affecting line 7A (high severity)
DIS-220637,TDTR,152,2026-05-19T00:17:42.000+05:45,2026-05-19T03:33:42.000+05:45,196,Traffic congestion,medium,Traffic congestion affecting line 152 (medium severity)
DIS-774034,WDBC,RG2,2026-07-12T01:43:34.000+05:45,2026-07-12T03:01:34.000+05:45,78,Accident on route,low,Accident on route affecting line RG2 (low severity)
DIS-350178,SVCT,3,2026-06-05T03:07:22.000+05:45,2026-06-05T04:36:22.000+05:45,89,Planned engineering works,high,Planned engineering works affecting line 3 (high severity)
DIS-107802,WDBC,m2,2026-07-13T12:18:35.000+05:45,2026-07-13T13:05:35.000+05:45,47,Accident on route,severe,Accident on route affecting line m2 (severe severity)
DIS-641616,WDBC,11,2026-06-08T01:40:11.000+05:45,2026-06-08T05:24:11.000+05:45,224,Diversion,medium,Diversion affecting line 11 (medium severity)
DIS-857664,SWWD,101,2026-05-06T11:51:05.000+05:45,2026-05-06T15:28:05.000+05:45,217,Planned engineering works,severe,Planned engineering works affecting line 101 (severe severity)
DIS-141002,SVCT,SL,2026-06-17T04:30:29.000+05:45,2026-06-17T04:46:29.000+05:45,16,Traffic congestion,medium,Traffic congestion affecting line SL (medium severity)
DIS-891430,WDBC,31,2026-05-05T08:06:59.000+05:45,2026-05-05T11:28:59.000+05:45,202,Diversion,low,Diversion affecting line 31 (low severity)
DIS-637188,WDBC,L5,2026-04-21T10:14:35.000+05:45,2026-04-21T13:53:35.000+05:45,219,Roadworks,low,Roadworks affecting line L5 (low severity)
DIS-979066,TDTR,155,2026-07-12T02:16:44.000+05:45,2026-07-12T05:31:44.000+05:45,195,Roadworks,high,Roadworks affecting line 155 (high severity)
DIS-731968,WDBC,L5,2026-05-27T21:46:55.000+05:45,2026-05-28T01:17:55.000+05:45,211,Roadworks,high,Roadworks affecting line L5 (high severity)
DIS-865414,TDTR,158,2026-06-23T23:51:20.000+05:45,2026-06-24T02:16:20.000+05:45,145,Diversion,high,Diversion affecting line 158 (high severity)
DIS-880929,SWWD,29,2026-05-21T06:33:14.000+05:45,2026-05-21T08:33:14.000+05:45,120,Traffic congestion,high,Traffic congestion affecting line 29 (high severity)
DIS-175315,SVCT,TNB,2026-07-08T03:30:50.000+05:45,2026-07-08T07:08:50.000+05:45,218,Road closure,severe,Road closure affecting line TNB (severe severity)
DIS-900466,TDTR,12,2026-05-10T18:46:46.000+05:45,2026-05-10T18:58:46.000+05:45,12,Traffic congestion,severe,Traffic congestion affecting line 12 (severe severity)
DIS-339658,WDBC,RG2,2026-05-18T20:03:29.000+05:45,2026-05-18T22:32:29.000+05:45,149,Traffic congestion,severe,Traffic congestion affecting line RG2 (severe severity)
DIS-552175,WDBC,22,2026-07-07T13:35:40.000+05:45,2026-07-07T16:22:40.000+05:45,167,Driver shortage,high,Driver shortage affecting line 22 (high severity)
DIS-745263,SWWD,X2,2026-06-26T20:12:44.000+05:45,2026-06-26T22:49:44.000+05:45,157,Road closure,high,Road closure affecting line X2 (high severity)
DIS-475771,SVCT,214,2026-06-07T16:45:55.000+05:45,2026-06-07T20:38:55.000+05:45,233,Planned engineering works,high,Planned engineering works affecting line 214 (high severity)
DIS-725160,TDTR,15,2026-07-12T23:02:13.000+05:45,2026-07-13T00:18:13.000+05:45,76,Planned engineering works,low,Planned engineering works affecting line 15 (low severity)
DIS-626016,TDTR,156,2026-05-07T09:40:28.000+05:45,2026-05-07T10:39:28.000+05:45,59,Driver shortage,high,Driver shortage affecting line 156 (high severity)
DIS-735306,SWWD,937,2026-07-05T10:39:59.000+05:45,2026-07-05T13:50:59.000+05:45,191,Traffic congestion,low,Traffic congestion affecting line 937 (low severity)
DIS-973977,WDBC,24,2026-07-09T00:26:14.000+05:45,2026-07-09T03:11:14.000+05:45,165,Vehicle breakdown,high,Vehicle breakdown affecting line 24 (high severity)
DIS-104514,SWWD,X7R,2026-05-16T16:14:29.000+05:45,2026-05-16T18:39:29.000+05:45,145,Traffic congestion,low,Traffic congestion affecting line X7R (low severity)
DIS-641299,BLUS,635,2026-05-31T08:20:11.000+05:45,2026-05-31T10:21:11.000+05:45,121,Traffic congestion,severe,Traffic congestion affecting line 635 (severe severity)
DIS-722282,BLUS,504,2026-05-02T16:02:16.000+05:45,2026-05-02T19:13:16.000+05:45,191,Driver shortage,severe,Driver shortage affecting line 504 (severe severity)
DIS-364729,SVCT,12,2026-07-19T22:20:48.000+05:45,2026-07-19T23:25:48.000+05:45,65,Roadworks,low,Roadworks affecting line 12 (low severity)
DIS-793663,BLUS,503,2026-06-24T11:54:45.000+05:45,2026-06-24T14:19:45.000+05:45,145,Road closure,severe,Road closure affecting line 503 (severe severity)
DIS-579096,SVCT,TDB,2026-07-12T01:00:19.000+05:45,2026-07-12T03:50:19.000+05:45,170,Vehicle breakdown,high,Vehicle breakdown affecting line TDB (high severity)
DIS-606111,SWWD,R5,2026-07-06T14:48:34.000+05:45,2026-07-06T17:06:34.000+05:45,138,Road closure,medium,Road closure affecting line R5 (medium severity)
DIS-268389,BLUS,12,2026-06-02T04:57:11.000+05:45,2026-06-02T05:22:11.000+05:45,25,Diversion,high,Diversion affecting line 12 (high severity)
DIS-371888,SVCT,200,2026-06-01T08:57:28.000+05:45,2026-06-01T09:21:28.000+05:45,24,Planned engineering works,medium,Planned engineering works affecting line 200 (medium severity)
DIS-634084,SVCT,2,2026-05-18T02:24:49.000+05:45,2026-05-18T05:34:49.000+05:45,190,Road closure,high,Road closure affecting line 2 (high severity)
DIS-449187,SWWD,PR7,2026-06-28T16:20:55.000+05:45,2026-06-28T16:45:55.000+05:45,25,Diversion,medium,Diversion affecting line PR7 (medium severity)
DIS-604040,TDTR,X76,2026-04-28T06:28:01.000+05:45,2026-04-28T09:48:01.000+05:45,200,Diversion,medium,Diversion affecting line X76 (medium severity)
DIS-122125,WDBC,36,2026-05-09T16:09:12.000+05:45,2026-05-09T19:52:12.000+05:45,223,Roadworks,high,Roadworks affecting line 36 (high severity)
DIS-918231,SVCT,206,2026-05-28T02:10:28.000+05:45,2026-05-28T05:02:28.000+05:45,172,Traffic congestion,high,Traffic congestion affecting line 206 (high severity)
DIS-771546,TDTR,23,2026-04-29T09:39:37.000+05:45,2026-04-29T11:35:37.000+05:45,116,Planned engineering works,medium,Planned engineering works affecting line 23 (medium severity)
DIS-850694,SWWD,R4,2026-06-06T05:00:28.000+05:45,2026-06-06T06:52:28.000+05:45,112,Planned engineering works,high,Planned engineering works affecting line R4 (high severity)
DIS-466714,WDBC,NFR,2026-06-21T23:48:07.000+05:45,2026-06-22T01:03:07.000+05:45,75,Planned engineering works,medium,Planned engineering works affecting line NFR (medium severity)
DIS-341486,TDTR,9,2026-06-17T05:58:51.000+05:45,2026-06-17T09:55:51.000+05:45,237,Driver shortage,high,Driver shortage affecting line 9 (high severity)
DIS-184749,SWWD,2,2026-06-21T02:08:34.000+05:45,2026-06-21T04:02:34.000+05:45,114,Roadworks,high,Roadworks affecting line 2 (high severity)
DIS-156452,UNIL,U6H,2026-06-11T03:02:41.000+05:45,2026-06-11T03:55:41.000+05:45,53,Driver shortage,low,Driver shortage affecting line U6H (low severity)
DIS-674665,SVCT,12,2026-06-20T23:17:10.000+05:45,2026-06-21T00:20:10.000+05:45,63,Accident on route,high,Accident on route affecting line 12 (high severity)
DIS-741816,BLUS,1,2026-04-27T13:21:32.000+05:45,2026-04-27T16:05:32.000+05:45,164,Accident on route,severe,Accident on route affecting line 1 (severe severity)
DIS-570661,SWWD,D2,2026-05-13T11:47:57.000+05:45,2026-05-13T12:02:57.000+05:45,15,Driver shortage,high,Driver shortage affecting line D2 (high severity)
DIS-734029,SWWD,650,2026-05-22T22:18:30.000+05:45,2026-05-22T23:50:30.000+05:45,92,Vehicle breakdown,low,Vehicle breakdown affecting line 650 (low severity)
DIS-111145,SVCT,207,2026-05-19T17:32:46.000+05:45,2026-05-19T19:55:46.000+05:45,143,Traffic congestion,high,Traffic congestion affecting line 207 (high severity)
DIS-555079,WDBC,5,2026-07-04T04:53:18.000+05:45,2026-07-04T06:29:18.000+05:45,96,Roadworks,high,Roadworks affecting line 5 (high severity)
DIS-125937,BLUS,635,2026-05-15T01:34:59.000+05:45,2026-05-15T05:07:59.000+05:45,213,Traffic congestion,high,Traffic congestion affecting line 635 (high severity)
DIS-684484,DAMY,CR7,2026-05-25T18:51:48.000+05:45,2026-05-25T20:21:48.000+05:45,90,Roadworks,medium,Roadworks affecting line CR7 (medium severity)
DIS-768741,TDTR,920,2026-05-08T05:43:49.000+05:45,2026-05-08T08:32:49.000+05:45,169,Vehicle breakdown,medium,Vehicle breakdown affecting line 920 (medium severity)
DIS-569948,SQ,TW2,2026-06-23T04:26:35.000+05:45,2026-06-23T04:55:35.000+05:45,29,Vehicle breakdown,medium,Vehicle breakdown affecting line TW2 (medium severity)
DIS-330195,WDBC,737,2026-06-24T16:11:33.000+05:45,2026-06-24T18:46:33.000+05:45,155,Severe weather,medium,Severe weather affecting line 737 (medium severity)
DIS-404414,DAMY,1,2026-06-13T18:06:52.000+05:45,2026-06-13T21:11:52.000+05:45,185,Driver shortage,high,Driver shortage affecting line 1 (high severity)
DIS-658622,SVCT,7,2026-06-09T22:08:48.000+05:45,2026-06-10T01:59:48.000+05:45,231,Accident on route,medium,Accident on route affecting line 7 (medium severity)
DIS-822180,SWWD,29,2026-05-31T13:11:51.000+05:45,2026-05-31T13:39:51.000+05:45,28,Planned engineering works,low,Planned engineering works affecting line 29 (low severity)
DIS-901880,WDBC,m2,2026-05-04T15:15:49.000+05:45,2026-05-04T15:31:49.000+05:45,16,Planned engineering works,high,Planned engineering works affecting line m2 (high severity)
DIS-709524,TDTR,153,2026-06-02T14:43:23.000+05:45,2026-06-02T17:36:23.000+05:45,173,Diversion,severe,Diversion affecting line 153 (severe severity)
DIS-380465,WDBC,13A,2026-05-07T22:20:20.000+05:45,2026-05-08T01:36:20.000+05:45,196,Accident on route,high,Accident on route affecting line 13A (high severity)
DIS-508972,WDBC,8,2026-05-29T20:21:37.000+05:45,2026-05-29T22:39:37.000+05:45,138,Road closure,medium,Road closure affecting line 8 (medium severity)
DIS-630875,WDBC,125,2026-07-03T16:36:57.000+05:45,2026-07-03T17:49:57.000+05:45,73,Road closure,low,Road closure affecting line 125 (low severity)
DIS-197764,SVCT,37,2026-06-25T12:57:44.000+05:45,2026-06-25T13:54:44.000+05:45,57,Traffic congestion,severe,Traffic congestion affecting line 37 (severe severity)
DIS-241595,TDTR,23,2026-05-14T11:51:22.000+05:45,2026-05-14T13:31:22.000+05:45,100,Traffic congestion,severe,Traffic congestion affecting line 23 (severe severity)
DIS-575160,WDBC,20,2026-06-18T06:16:45.000+05:45,2026-06-18T09:30:45.000+05:45,194,Road closure,low,Road closure affecting line 20 (low severity)
DIS-755344,WDBC,21,2026-06-21T12:06:16.000+05:45,2026-06-21T13:58:16.000+05:45,112,Traffic congestion,high,Traffic congestion affecting line 21 (high severity)
DIS-569054,TDTR,15,2026-06-20T20:11:41.000+05:45,2026-06-20T20:41:41.000+05:45,30,Diversion,low,Diversion affecting line 15 (low severity)
DIS-676740,BLUS,503,2026-06-01T13:49:58.000+05:45,2026-06-01T15:53:58.000+05:45,124,Accident on route,medium,Accident on route affecting line 503 (medium severity)
DIS-970042,SQ,DEAD,2026-05-05T16:28:51.000+05:45,2026-05-05T19:24:51.000+05:45,176,Roadworks,high,Roadworks affecting line DEAD (high severity)
DIS-130551,WDBC,10,2026-04-28T07:47:07.000+05:45,2026-04-28T09:19:07.000+05:45,92,Driver shortage,high,Driver shortage affecting line 10 (high severity)
DIS-760458,SWWD,R12,2026-06-16T04:06:51.000+05:45,2026-06-16T04:54:51.000+05:45,48,Planned engineering works,medium,Planned engineering works affecting line R12 (medium severity)
DIS-545909,DAMY,1,2026-06-09T03:50:09.000+05:45,2026-06-09T04:10:09.000+05:45,20,Traffic congestion,medium,Traffic congestion affecting line 1 (medium severity)
DIS-448992,SVCT,202,2026-05-19T17:16:30.000+05:45,2026-05-19T21:08:30.000+05:45,232,Severe weather,severe,Severe weather affecting line 202 (severe severity)
DIS-797468,WDBC,120,2026-07-04T12:42:27.000+05:45,2026-07-04T15:44:27.000+05:45,182,Vehicle breakdown,low,Vehicle breakdown affecting line 120 (low severity)
DIS-287675,SVCT,2,2026-04-25T12:21:37.000+05:45,2026-04-25T12:38:37.000+05:45,17,Accident on route,medium,Accident on route affecting line 2 (medium severity)
DIS-787099,SWWD,ST,2026-05-27T06:39:23.000+05:45,2026-05-27T07:44:23.000+05:45,65,Severe weather,high,Severe weather affecting line ST (high severity)
DIS-740822,DAMY,5,2026-06-23T10:46:21.000+05:45,2026-06-23T13:51:21.000+05:45,185,Traffic congestion,low,Traffic congestion affecting line 5 (low severity)
DIS-161610,WDBC,36,2026-05-25T08:51:30.000+05:45,2026-05-25T10:29:30.000+05:45,98,Roadworks,medium,Roadworks affecting line 36 (medium severity)
DIS-246683,SWWD,926,2026-05-10T14:55:17.000+05:45,2026-05-10T15:53:17.000+05:45,58,Vehicle breakdown,low,Vehicle breakdown affecting line 926 (low severity)
DIS-509297,TDTR,R24,2026-06-19T18:14:38.000+05:45,2026-06-19T20:45:38.000+05:45,151,Diversion,severe,Diversion affecting line R24 (severe severity)
DIS-840586,SWWD,908,2026-04-26T12:28:29.000+05:45,2026-04-26T14:37:29.000+05:45,129,Severe weather,medium,Severe weather affecting line 908 (medium severity)
DIS-188236,WDBC,24,2026-07-18T22:27:00.000+05:45,2026-07-18T22:57:00.000+05:45,30,Diversion,medium,Diversion affecting line 24 (medium severity)
DIS-112810,BLUS,18,2026-07-16T20:31:03.000+05:45,2026-07-16T23:41:03.000+05:45,190,Driver shortage,high,Driver shortage affecting line 18 (high severity)
DIS-217959,SWWD,88,2026-06-02T13:04:13.000+05:45,2026-06-02T13:28:13.000+05:45,24,Severe weather,severe,Severe weather affecting line 88 (severe severity)
DIS-842976,SVCT,TSS,2026-05-30T15:31:45.000+05:45,2026-05-30T16:33:45.000+05:45,62,Accident on route,high,Accident on route affecting line TSS (high severity)
DIS-107664,WDBC,777,2026-05-12T12:15:21.000+05:45,2026-05-12T13:45:21.000+05:45,90,Traffic congestion,medium,Traffic congestion affecting line 777 (medium severity)
DIS-144252,SWWD,X2,2026-05-05T23:06:37.000+05:45,2026-05-06T00:05:37.000+05:45,59,Vehicle breakdown,severe,Vehicle breakdown affecting line X2 (severe severity)
DIS-119114,WDBC,12,2026-05-04T01:22:00.000+05:45,2026-05-04T02:32:00.000+05:45,70,Planned engineering works,low,Planned engineering works affecting line 12 (low severity)
DIS-562867,WDBC,13A,2026-06-05T02:00:23.000+05:45,2026-06-05T05:09:23.000+05:45,189,Driver shortage,low,Driver shortage affecting line 13A (low severity)
DIS-168434,BLUS,17,2026-05-09T03:45:09.000+05:45,2026-05-09T07:08:09.000+05:45,203,Diversion,medium,Diversion affecting line 17 (medium severity)
DIS-779763,SVCT,6,2026-06-04T09:09:23.000+05:45,2026-06-04T10:49:23.000+05:45,100,Driver shortage,medium,Driver shortage affecting line 6 (medium severity)
DIS-548980,SVCT,TDB,2026-05-03T12:41:05.000+05:45,2026-05-03T14:10:05.000+05:45,89,Traffic congestion,medium,Traffic congestion affecting line TDB (medium severity)
DIS-611267,UNIL,U6H,2026-04-30T07:40:47.000+05:45,2026-04-30T08:40:47.000+05:45,60,Severe weather,medium,Severe weather affecting line U6H (medium severity)
DIS-216109,SQ,TW1,2026-05-22T04:01:33.000+05:45,2026-05-22T04:30:33.000+05:45,29,Planned engineering works,low,Planned engineering works affecting line TW1 (low severity)
DIS-299236,UNIL,U6C,2026-07-16T00:29:12.000+05:45,2026-07-16T01:22:12.000+05:45,53,Driver shortage,severe,Driver shortage affecting line U6C (severe severity)
DIS-836290,TDTR,X76,2026-06-09T22:48:15.000+05:45,2026-06-10T00:52:15.000+05:45,124,Planned engineering works,medium,Planned engineering works affecting line X76 (medium severity)
DIS-742699,SWWD,926,2026-05-19T21:32:25.000+05:45,2026-05-20T01:10:25.000+05:45,218,Planned engineering works,low,Planned engineering works affecting line 926 (low severity)
DIS-229268,SVCT,37,2026-04-22T12:53:41.000+05:45,2026-04-22T15:35:41.000+05:45,162,Traffic congestion,high,Traffic congestion affecting line 37 (high severity)
DIS-888499,SVCT,206,2026-06-04T02:12:58.000+05:45,2026-06-04T05:13:58.000+05:45,181,Roadworks,low,Roadworks affecting line 206 (low severity)
DIS-997408,SVCT,59,2026-06-25T15:50:04.000+05:45,2026-06-25T18:42:04.000+05:45,172,Planned engineering works,low,Planned engineering works affecting line 59 (low severity)
DIS-483063,TDTR,152,2026-05-05T22:47:20.000+05:45,2026-05-06T01:31:20.000+05:45,164,Driver shortage,medium,Driver shortage affecting line 152 (medium severity)
DIS-315200,SWWD,ST,2026-04-26T10:51:11.000+05:45,2026-04-26T13:35:11.000+05:45,164,Planned engineering works,low,Planned engineering works affecting line ST (low severity)
DIS-718267,BLUS,61,2026-05-03T06:09:13.000+05:45,2026-05-03T08:27:13.000+05:45,138,Accident on route,severe,Accident on route affecting line 61 (severe severity)
DIS-396633,TDTR,48,2026-06-20T17:33:22.000+05:45,2026-06-20T21:26:22.000+05:45,233,Vehicle breakdown,medium,Vehicle breakdown affecting line 48 (medium severity)
DIS-871478,BLUS,N18,2026-06-28T22:24:22.000+05:45,2026-06-29T01:39:22.000+05:45,195,Vehicle breakdown,medium,Vehicle breakdown affecting line N18 (medium severity)
DIS-131301,WDBC,125,2026-05-28T17:32:33.000+05:45,2026-05-28T21:20:33.000+05:45,228,Accident on route,medium,Accident on route affecting line 125 (medium severity)
DIS-303250,TDTR,X46,2026-06-24T03:48:05.000+05:45,2026-06-24T05:10:05.000+05:45,82,Road closure,high,Road closure affecting line X46 (high severity)
DIS-265403,WDBC,17,2026-07-07T09:41:16.000+05:45,2026-07-07T13:34:16.000+05:45,233,Driver shortage,high,Driver shortage affecting line 17 (high severity)
DIS-104791,SQ,TW2,2026-06-17T12:59:18.000+05:45,2026-06-17T14:09:18.000+05:45,70,Accident on route,low,Accident on route affecting line TW2 (low severity)
DIS-143902,WDBC,X3,2026-05-21T09:41:42.000+05:45,2026-05-21T12:57:42.000+05:45,196,Roadworks,severe,Roadworks affecting line X3 (severe severity)
DIS-984255,SWWD,44,2026-05-19T06:19:57.000+05:45,2026-05-19T08:13:57.000+05:45,114,Planned engineering works,severe,Planned engineering works affecting line 44 (severe severity)
DIS-262938,BLUS,PR1,2026-05-06T18:19:31.000+05:45,2026-05-06T19:34:31.000+05:45,75,Accident on route,high,Accident on route affecting line PR1 (high severity)
DIS-574944,WDBC,8,2026-07-09T01:01:33.000+05:45,2026-07-09T01:25:33.000+05:45,24,Roadworks,high,Roadworks affecting line 8 (high severity)
DIS-830105,BLUS,QC,2026-06-21T01:38:43.000+05:45,2026-06-21T04:19:43.000+05:45,161,Accident on route,medium,Accident on route affecting line QC (medium severity)
DIS-684041,WDBC,Q7,2026-04-21T16:10:03.000+05:45,2026-04-21T18:11:03.000+05:45,121,Diversion,medium,Diversion affecting line Q7 (medium severity)
DIS-794656,BLUS,7,2026-04-26T16:06:23.000+05:45,2026-04-26T16:56:23.000+05:45,50,Roadworks,medium,Roadworks affecting line 7 (medium severity)
DIS-306446,TDTR,42,2026-07-01T19:08:36.000+05:45,2026-07-01T20:17:36.000+05:45,69,Road closure,medium,Road closure affecting line 42 (medium severity)
DIS-238466,DAMY,X8,2026-06-16T11:26:09.000+05:45,2026-06-16T15:04:09.000+05:45,218,Driver shortage,low,Driver shortage affecting line X8 (low severity)
DIS-741825,WDBC,38,2026-04-21T02:00:29.000+05:45,2026-04-21T02:15:29.000+05:45,15,Roadworks,severe,Roadworks affecting line 38 (severe severity)
DIS-169016,TDTR,152,2026-05-12T11:40:10.000+05:45,2026-05-12T13:40:10.000+05:45,120,Vehicle breakdown,high,Vehicle breakdown affecting line 152 (high severity)
DIS-810182,WDBC,11,2026-07-04T18:51:56.000+05:45,2026-07-04T22:19:56.000+05:45,208,Roadworks,medium,Roadworks affecting line 11 (medium severity)
DIS-538459,TDTR,1A,2026-05-25T12:27:43.000+05:45,2026-05-25T13:03:43.000+05:45,36,Planned engineering works,medium,Planned engineering works affecting line 1A (medium severity)
DIS-915107,SWWD,R10,2026-06-08T10:05:14.000+05:45,2026-06-08T11:33:14.000+05:45,88,Planned engineering works,low,Planned engineering works affecting line R10 (low severity)
DIS-497330,WDBC,6,2026-04-21T11:58:45.000+05:45,2026-04-21T13:06:45.000+05:45,68,Diversion,severe,Diversion affecting line 6 (severe severity)
DIS-402846,SWWD,R14,2026-05-14T13:20:49.000+05:45,2026-05-14T15:26:49.000+05:45,126,Diversion,medium,Diversion affecting line R14 (medium severity)
DIS-473726,BLUS,QC,2026-07-12T22:48:31.000+05:45,2026-07-13T02:33:31.000+05:45,225,Planned engineering works,low,Planned engineering works affecting line QC (low severity)
DIS-937175,SVCT,22,2026-06-19T22:16:30.000+05:45,2026-06-20T02:10:30.000+05:45,234,Severe weather,high,Severe weather affecting line 22 (high severity)
DIS-943355,SWWD,R4,2026-07-08T10:44:18.000+05:45,2026-07-08T12:12:18.000+05:45,88,Accident on route,high,Accident on route affecting line R4 (high severity)
DIS-439042,TDTR,16,2026-06-15T19:52:06.000+05:45,2026-06-15T21:14:06.000+05:45,82,Diversion,medium,Diversion affecting line 16 (medium severity)
DIS-256564,SWWD,R14,2026-06-15T05:19:44.000+05:45,2026-06-15T09:13:44.000+05:45,234,Vehicle breakdown,severe,Vehicle breakdown affecting line R14 (severe severity)
DIS-546287,BLUS,503,2026-04-23T06:48:38.000+05:45,2026-04-23T08:01:38.000+05:45,73,Roadworks,high,Roadworks affecting line 503 (high severity)
DIS-390220,WDBC,X6,2026-07-18T05:14:02.000+05:45,2026-07-18T06:54:02.000+05:45,100,Roadworks,low,Roadworks affecting line X6 (low severity)
DIS-534709,SWWD,R10,2026-06-21T16:21:21.000+05:45,2026-06-21T19:27:21.000+05:45,186,Planned engineering works,high,Planned engineering works affecting line R10 (high severity)
DIS-242636,BLUS,757,2026-06-21T18:57:32.000+05:45,2026-06-21T21:03:32.000+05:45,126,Traffic congestion,high,Traffic congestion affecting line 757 (high severity)
DIS-655357,SWWD,PR11,2026-04-23T06:21:54.000+05:45,2026-04-23T07:54:54.000+05:45,93,Accident on route,high,Accident on route affecting line PR11 (high severity)
DIS-646883,WDBC,38,2026-06-20T02:57:18.000+05:45,2026-06-20T06:43:18.000+05:45,226,Accident on route,severe,Accident on route affecting line 38 (severe severity)
DIS-339926,WDBC,L3,2026-04-28T10:48:49.000+05:45,2026-04-28T14:20:49.000+05:45,212,Accident on route,low,Accident on route affecting line L3 (low severity)
DIS-530457,DAMY,5,2026-06-04T18:32:14.000+05:45,2026-06-04T20:38:14.000+05:45,126,Driver shortage,low,Driver shortage affecting line 5 (low severity)
DIS-579506,WDBC,4,2026-07-19T14:58:25.000+05:45,2026-07-19T17:55:25.000+05:45,177,Vehicle breakdown,severe,Vehicle breakdown affecting line 4 (severe severity)
DIS-182101,SWWD,978,2026-06-30T00:19:52.000+05:45,2026-06-30T02:19:52.000+05:45,120,Road closure,severe,Road closure affecting line 978 (severe severity)
DIS-987828,BLUS,504,2026-05-18T05:31:50.000+05:45,2026-05-18T08:06:50.000+05:45,155,Traffic congestion,medium,Traffic congestion affecting line 504 (medium severity)
DIS-368782,BLUS,28,2026-06-16T04:12:49.000+05:45,2026-06-16T05:11:49.000+05:45,59,Accident on route,high,Accident on route affecting line 28 (high severity)
DIS-975835,SWWD,MHDRT,2026-04-22T01:19:16.000+05:45,2026-04-22T02:44:16.000+05:45,85,Diversion,high,Diversion affecting line MHDRT (high severity)
