disruption_id,operator_ref,route_number,start_time,end_time,duration_minutes,reason,severity,description
DIS-693677,DAMY,CR7,2026-05-09T18:43:19.000+05:45,2026-05-09T19:12:19.000+05:45,29,Severe weather,low,Severe weather affecting line CR7 (low severity)
DIS-605138,BLUS,538,2026-06-29T05:30:17.000+05:45,2026-06-29T09:13:17.000+05:45,223,Roadworks,severe,Roadworks affecting line 538 (severe severity)
DIS-805499,SWWD,44,2026-07-09T15:01:38.000+05:45,2026-07-09T15:25:38.000+05:45,24,Diversion,medium,Diversion affecting line 44 (medium severity)
DIS-617268,BLUS,10,2026-04-30T09:24:35.000+05:45,2026-04-30T11:01:35.000+05:45,97,Driver shortage,low,Driver shortage affecting line 10 (low severity)
DIS-871988,BLUS,12,2026-05-19T22:51:21.000+05:45,2026-05-20T02:42:21.000+05:45,231,Driver shortage,medium,Driver shortage affecting line 12 (medium severity)
DIS-878001,WDBC,17,2026-07-05T20:04:53.000+05:45,2026-07-05T22:59:53.000+05:45,175,Accident on route,severe,Accident on route affecting line 17 (severe severity)
DIS-276833,SVCT,5,2026-07-11T15:11:28.000+05:45,2026-07-11T16:16:28.000+05:45,65,Planned engineering works,low,Planned engineering works affecting line 5 (low severity)
DIS-290193,SWWD,D2,2026-06-02T22:12:52.000+05:45,2026-06-02T22:30:52.000+05:45,18,Planned engineering works,medium,Planned engineering works affecting line D2 (medium severity)
DIS-848526,TDTR,R26,2026-06-28T04:35:33.000+05:45,2026-06-28T06:16:33.000+05:45,101,Diversion,medium,Diversion affecting line R26 (medium severity)
DIS-916885,WDBC,10,2026-05-24T06:51:33.000+05:45,2026-05-24T09:19:33.000+05:45,148,Road closure,severe,Road closure affecting line 10 (severe severity)
DIS-114212,WDBC,Q7,2026-05-07T01:27:04.000+05:45,2026-05-07T03:57:04.000+05:45,150,Vehicle breakdown,low,Vehicle breakdown affecting line Q7 (low severity)
DIS-357661,WDBC,10,2026-06-01T13:30:37.000+05:45,2026-06-01T17:11:37.000+05:45,221,Driver shortage,medium,Driver shortage affecting line 10 (medium severity)
DIS-967112,DAMY,CR7,2026-05-21T01:40:04.000+05:45,2026-05-21T03:59:04.000+05:45,139,Driver shortage,high,Driver shortage affecting line CR7 (high severity)
DIS-345492,BLUS,539,2026-05-03T13:45:14.000+05:45,2026-05-03T16:17:14.000+05:45,152,Road closure,medium,Road closure affecting line 539 (medium severity)
DIS-381400,WDBC,Q7,2026-07-08T04:35:18.000+05:45,2026-07-08T05:38:18.000+05:45,63,Road closure,medium,Road closure affecting line Q7 (medium severity)
DIS-141317,SQ,DEAD,2026-07-12T11:44:50.000+05:45,2026-07-12T15:11:50.000+05:45,207,Severe weather,high,Severe weather affecting line DEAD (high severity)
DIS-837501,SWWD,37,2026-05-07T09:09:32.000+05:45,2026-05-07T11:05:32.000+05:45,116,Diversion,high,Diversion affecting line 37 (high severity)
DIS-835108,TDTR,14,2026-06-28T00:05:40.000+05:45,2026-06-28T00:38:40.000+05:45,33,Vehicle breakdown,low,Vehicle breakdown affecting line 14 (low severity)
DIS-992792,SWWD,37,2026-06-22T07:05:32.000+05:45,2026-06-22T10:20:32.000+05:45,195,Planned engineering works,low,Planned engineering works affecting line 37 (low severity)
DIS-503883,TDTR,155,2026-05-15T10:35:08.000+05:45,2026-05-15T10:59:08.000+05:45,24,Driver shortage,medium,Driver shortage affecting line 155 (medium severity)
DIS-730967,WDBC,31,2026-04-29T19:09:06.000+05:45,2026-04-29T21:54:06.000+05:45,165,Driver shortage,severe,Driver shortage affecting line 31 (severe severity)
DIS-467908,TDTR,80,2026-05-19T10:59:53.000+05:45,2026-05-19T14:24:53.000+05:45,205,Roadworks,medium,Roadworks affecting line 80 (medium severity)
DIS-133823,BLUS,757,2026-05-15T09:41:30.000+05:45,2026-05-15T10:29:30.000+05:45,48,Planned engineering works,low,Planned engineering works affecting line 757 (low severity)
DIS-513721,SWWD,987,2026-07-16T15:02:58.000+05:45,2026-07-16T17:49:58.000+05:45,167,Vehicle breakdown,high,Vehicle breakdown affecting line 987 (high severity)
DIS-320508,TDTR,842,2026-06-05T13:17:27.000+05:45,2026-06-05T13:55:27.000+05:45,38,Planned engineering works,low,Planned engineering works affecting line 842 (low severity)
DIS-462416,SWWD,26,2026-05-24T18:16:56.000+05:45,2026-05-24T19:15:56.000+05:45,59,Road closure,low,Road closure affecting line 26 (low severity)
DIS-150451,SWWD,625,2026-06-28T12:56:47.000+05:45,2026-06-28T16:04:47.000+05:45,188,Planned engineering works,severe,Planned engineering works affecting line 625 (severe severity)
DIS-500109,TDTR,R26,2026-05-29T06:56:17.000+05:45,2026-05-29T07:11:17.000+05:45,15,Severe weather,medium,Severe weather affecting line R26 (medium severity)
DIS-899048,SVCT,214,2026-05-02T02:41:06.000+05:45,2026-05-02T04:02:06.000+05:45,81,Traffic congestion,medium,Traffic congestion affecting line 214 (medium severity)
DIS-735474,DAMY,CR7,2026-05-12T05:23:54.000+05:45,2026-05-12T06:11:54.000+05:45,48,Traffic congestion,high,Traffic congestion affecting line CR7 (high severity)
DIS-592961,TDTR,842,2026-07-08T12:02:24.000+05:45,2026-07-08T13:10:24.000+05:45,68,Accident on route,severe,Accident on route affecting line 842 (severe severity)
DIS-455260,BLUS,4,2026-04-29T17:44:10.000+05:45,2026-04-29T20:03:10.000+05:45,139,Traffic congestion,low,Traffic congestion affecting line 4 (low severity)
DIS-115867,DAMY,949,2026-07-02T04:41:56.000+05:45,2026-07-02T07:46:56.000+05:45,185,Severe weather,medium,Severe weather affecting line 949 (medium severity)
DIS-845380,BLUS,3,2026-06-28T20:22:11.000+05:45,2026-06-28T23:07:11.000+05:45,165,Severe weather,high,Severe weather affecting line 3 (high severity)
DIS-741824,TDTR,42,2026-04-24T09:46:29.000+05:45,2026-04-24T13:15:29.000+05:45,209,Driver shortage,low,Driver shortage affecting line 42 (low severity)
DIS-727773,SWWD,PR7,2026-05-22T17:57:53.000+05:45,2026-05-22T20:41:53.000+05:45,164,Severe weather,low,Severe weather affecting line PR7 (low severity)
DIS-805001,SVCT,213,2026-07-14T01:10:13.000+05:45,2026-07-14T01:30:13.000+05:45,20,Road closure,severe,Road closure affecting line 213 (severe severity)
DIS-284634,SVCT,12,2026-06-03T09:36:12.000+05:45,2026-06-03T12:17:12.000+05:45,161,Driver shortage,medium,Driver shortage affecting line 12 (medium severity)
DIS-824366,WDBC,C,2026-05-22T14:20:06.000+05:45,2026-05-22T14:33:06.000+05:45,13,Roadworks,medium,Roadworks affecting line C (medium severity)
DIS-432693,TDTR,12,2026-06-20T08:48:23.000+05:45,2026-06-20T11:59:23.000+05:45,191,Driver shortage,medium,Driver shortage affecting line 12 (medium severity)
DIS-414406,WDBC,60,2026-06-07T22:36:28.000+05:45,2026-06-08T00:31:28.000+05:45,115,Driver shortage,medium,Driver shortage affecting line 60 (medium severity)
DIS-600624,WDBC,25,2026-07-05T08:33:18.000+05:45,2026-07-05T11:38:18.000+05:45,185,Diversion,medium,Diversion affecting line 25 (medium severity)
DIS-756674,SVCT,4,2026-06-23T20:14:46.000+05:45,2026-06-23T22:51:46.000+05:45,157,Traffic congestion,severe,Traffic congestion affecting line 4 (severe severity)
DIS-764089,SWWD,X7R,2026-05-23T10:05:36.000+05:45,2026-05-23T10:17:36.000+05:45,12,Accident on route,severe,Accident on route affecting line X7R (severe severity)
DIS-670753,WDBC,C,2026-07-12T04:04:11.000+05:45,2026-07-12T04:33:11.000+05:45,29,Planned engineering works,high,Planned engineering works affecting line C (high severity)
DIS-518395,BLUS,19a,2026-05-18T22:48:56.000+05:45,2026-05-18T23:13:56.000+05:45,25,Roadworks,high,Roadworks affecting line 19a (high severity)
DIS-809114,TDTR,217,2026-06-09T20:22:35.000+05:45,2026-06-09T22:15:35.000+05:45,113,Planned engineering works,medium,Planned engineering works affecting line 217 (medium severity)
DIS-162772,SWWD,R6,2026-07-02T13:49:04.000+05:45,2026-07-02T17:21:04.000+05:45,212,Accident on route,low,Accident on route affecting line R6 (low severity)
DIS-458910,WDBC,20,2026-07-02T00:52:53.000+05:45,2026-07-02T02:15:53.000+05:45,83,Road closure,medium,Road closure affecting line 20 (medium severity)
DIS-846465,WDBC,70,2026-06-22T07:44:47.000+05:45,2026-06-22T11:11:47.000+05:45,207,Severe weather,high,Severe weather affecting line 70 (high severity)
DIS-518031,SVCT,TNB,2026-05-18T16:02:48.000+05:45,2026-05-18T19:55:48.000+05:45,233,Roadworks,medium,Roadworks affecting line TNB (medium severity)
DIS-316412,BLUS,QC,2026-06-25T01:32:57.000+05:45,2026-06-25T04:35:57.000+05:45,183,Traffic congestion,high,Traffic congestion affecting line QC (high severity)
DIS-609979,SWWD,663,2026-06-13T16:05:03.000+05:45,2026-06-13T19:06:03.000+05:45,181,Driver shortage,medium,Driver shortage affecting line 663 (medium severity)
DIS-996836,SVCT,5,2026-04-27T13:19:58.000+05:45,2026-04-27T16:22:58.000+05:45,183,Accident on route,high,Accident on route affecting line 5 (high severity)
DIS-224560,SWWD,44,2026-07-08T07:27:41.000+05:45,2026-07-08T10:17:41.000+05:45,170,Driver shortage,medium,Driver shortage affecting line 44 (medium severity)
DIS-912654,WDBC,U1,2026-07-05T01:20:04.000+05:45,2026-07-05T03:26:04.000+05:45,126,Severe weather,low,Severe weather affecting line U1 (low severity)
DIS-288442,SWWD,R6,2026-06-29T22:48:51.000+05:45,2026-06-30T00:13:51.000+05:45,85,Vehicle breakdown,severe,Vehicle breakdown affecting line R6 (severe severity)
DIS-833816,SWWD,2A,2026-07-19T21:31:48.000+05:45,2026-07-19T23:22:48.000+05:45,111,Planned engineering works,high,Planned engineering works affecting line 2A (high severity)
DIS-181369,SQ,DEAD,2026-06-12T16:37:31.000+05:45,2026-06-12T18:05:31.000+05:45,88,Road closure,low,Road closure affecting line DEAD (low severity)
DIS-701512,SWWD,D3,2026-06-19T08:55:25.000+05:45,2026-06-19T11:59:25.000+05:45,184,Roadworks,high,Roadworks affecting line D3 (high severity)
DIS-387072,SQ,TW2,2026-06-25T07:45:53.000+05:45,2026-06-25T10:04:53.000+05:45,139,Traffic congestion,low,Traffic congestion affecting line TW2 (low severity)
DIS-454866,WDBC,32,2026-04-24T06:24:26.000+05:45,2026-04-24T07:54:26.000+05:45,90,Driver shortage,high,Driver shortage affecting line 32 (high severity)
DIS-163925,SQ,TW2,2026-07-19T19:24:07.000+05:45,2026-07-19T22:30:07.000+05:45,186,Vehicle breakdown,low,Vehicle breakdown affecting line TW2 (low severity)
DIS-288898,WDBC,6,2026-06-09T09:51:21.000+05:45,2026-06-09T13:36:21.000+05:45,225,Planned engineering works,low,Planned engineering works affecting line 6 (low severity)
DIS-623156,WDBC,21,2026-05-17T15:05:31.000+05:45,2026-05-17T17:37:31.000+05:45,152,Road closure,high,Road closure affecting line 21 (high severity)
DIS-941821,BLUS,504,2026-04-21T04:08:44.000+05:45,2026-04-21T08:03:44.000+05:45,235,Traffic congestion,medium,Traffic congestion affecting line 504 (medium severity)
DIS-497678,WDBC,120,2026-06-26T08:28:23.000+05:45,2026-06-26T08:43:23.000+05:45,15,Traffic congestion,medium,Traffic congestion affecting line 120 (medium severity)
DIS-619720,WDBC,12,2026-07-19T18:27:04.000+05:45,2026-07-19T20:32:04.000+05:45,125,Road closure,low,Road closure affecting line 12 (low severity)
DIS-581800,WDBC,24,2026-07-19T02:38:10.000+05:45,2026-07-19T03:43:10.000+05:45,65,Roadworks,severe,Roadworks affecting line 24 (severe severity)
DIS-150714,BLUS,19,2026-06-09T08:49:06.000+05:45,2026-06-09T11:42:06.000+05:45,173,Severe weather,high,Severe weather affecting line 19 (high severity)
DIS-501731,WDBC,15,2026-06-22T10:21:46.000+05:45,2026-06-22T10:35:46.000+05:45,14,Diversion,low,Diversion affecting line 15 (low severity)
DIS-922268,BLUS,1,2026-06-16T09:16:28.000+05:45,2026-06-16T11:35:28.000+05:45,139,Road closure,low,Road closure affecting line 1 (low severity)
DIS-254106,SQ,TB1,2026-04-28T12:21:27.000+05:45,2026-04-28T14:05:27.000+05:45,104,Road closure,high,Road closure affecting line TB1 (high severity)
DIS-298238,WDBC,26,2026-06-09T12:54:04.000+05:45,2026-06-09T13:30:04.000+05:45,36,Traffic congestion,low,Traffic congestion affecting line 26 (low severity)
DIS-314815,DAMY,949,2026-06-24T02:41:09.000+05:45,2026-06-24T06:29:09.000+05:45,228,Driver shortage,severe,Driver shortage affecting line 949 (severe severity)
DIS-284892,WDBC,744,2026-05-11T01:05:24.000+05:45,2026-05-11T04:55:24.000+05:45,230,Vehicle breakdown,low,Vehicle breakdown affecting line 744 (low severity)
DIS-301013,WDBC,ONE,2026-07-14T18:47:07.000+05:45,2026-07-14T19:44:07.000+05:45,57,Diversion,low,Diversion affecting line ONE (low severity)
DIS-824669,WDBC,940,2026-06-09T17:56:31.000+05:45,2026-06-09T21:21:31.000+05:45,205,Vehicle breakdown,medium,Vehicle breakdown affecting line 940 (medium severity)
DIS-813668,TDTR,2,2026-07-17T06:37:00.000+05:45,2026-07-17T08:00:00.000+05:45,83,Diversion,low,Diversion affecting line 2 (low severity)
DIS-225195,BLUS,16,2026-07-11T03:55:46.000+05:45,2026-07-11T07:48:46.000+05:45,233,Severe weather,severe,Severe weather affecting line 16 (severe severity)
DIS-825646,UNIL,U1A,2026-05-14T01:55:23.000+05:45,2026-05-14T05:55:23.000+05:45,240,Roadworks,high,Roadworks affecting line U1A (high severity)
DIS-975385,WDBC,898,2026-06-06T11:31:57.000+05:45,2026-06-06T13:51:57.000+05:45,140,Vehicle breakdown,severe,Vehicle breakdown affecting line 898 (severe severity)
DIS-441942,TDTR,155,2026-06-16T06:56:04.000+05:45,2026-06-16T09:37:04.000+05:45,161,Planned engineering works,low,Planned engineering works affecting line 155 (low severity)
DIS-918369,SVCT,206,2026-06-19T03:42:46.000+05:45,2026-06-19T05:50:46.000+05:45,128,Traffic congestion,medium,Traffic congestion affecting line 206 (medium severity)
DIS-702040,TDTR,158,2026-05-22T05:28:57.000+05:45,2026-05-22T08:12:57.000+05:45,164,Diversion,low,Diversion affecting line 158 (low severity)
DIS-875351,SWWD,PD3,2026-07-01T07:21:35.000+05:45,2026-07-01T08:25:35.000+05:45,64,Traffic congestion,low,Traffic congestion affecting line PD3 (low severity)
DIS-188906,SWWD,ST,2026-05-21T05:16:33.000+05:45,2026-05-21T07:14:33.000+05:45,118,Traffic congestion,low,Traffic congestion affecting line ST (low severity)
DIS-561587,WDBC,NFR,2026-06-09T02:11:51.000+05:45,2026-06-09T04:39:51.000+05:45,148,Road closure,medium,Road closure affecting line NFR (medium severity)
DIS-572101,UNIL,U2B,2026-05-16T16:27:22.000+05:45,2026-05-16T18:43:22.000+05:45,136,Accident on route,high,Accident on route affecting line U2B (high severity)
DIS-465302,SVCT,207,2026-05-29T12:44:37.000+05:45,2026-05-29T14:42:37.000+05:45,118,Traffic congestion,medium,Traffic congestion affecting line 207 (medium severity)
DIS-260029,WDBC,18,2026-06-06T13:32:54.000+05:45,2026-06-06T17:31:54.000+05:45,239,Vehicle breakdown,severe,Vehicle breakdown affecting line 18 (severe severity)
DIS-842435,SVCT,63,2026-05-21T18:45:25.000+05:45,2026-05-21T21:28:25.000+05:45,163,Vehicle breakdown,low,Vehicle breakdown affecting line 63 (low severity)
DIS-106598,TDTR,156,2026-04-23T15:54:36.000+05:45,2026-04-23T19:40:36.000+05:45,226,Severe weather,medium,Severe weather affecting line 156 (medium severity)
DIS-267807,SQ,DEAD,2026-07-19T02:05:16.000+05:45,2026-07-19T04:37:16.000+05:45,152,Planned engineering works,severe,Planned engineering works affecting line DEAD (severe severity)
DIS-392579,SQ,TM1,2026-05-06T15:14:46.000+05:45,2026-05-06T16:38:46.000+05:45,84,Driver shortage,low,Driver shortage affecting line TM1 (low severity)
DIS-166018,WDBC,120,2026-04-28T01:21:59.000+05:45,2026-04-28T02:38:59.000+05:45,77,Traffic congestion,low,Traffic congestion affecting line 120 (low severity)
DIS-524589,SWWD,926,2026-07-05T06:28:20.000+05:45,2026-07-05T08:35:20.000+05:45,127,Accident on route,low,Accident on route affecting line 926 (low severity)
DIS-695014,SVCT,8,2026-05-31T21:13:28.000+05:45,2026-05-31T22:14:28.000+05:45,61,Roadworks,medium,Roadworks affecting line 8 (medium severity)
DIS-864854,TDTR,42,2026-06-11T23:16:09.000+05:45,2026-06-12T02:42:09.000+05:45,206,Severe weather,medium,Severe weather affecting line 42 (medium severity)
DIS-230933,SWWD,603,2026-05-01T06:43:18.000+05:45,2026-05-01T07:40:18.000+05:45,57,Planned engineering works,medium,Planned engineering works affecting line 603 (medium severity)
DIS-408000,WDBC,ONE,2026-06-28T07:26:18.000+05:45,2026-06-28T09:41:18.000+05:45,135,Driver shortage,low,Driver shortage affecting line ONE (low severity)
DIS-569599,WDBC,775,2026-07-04T12:34:52.000+05:45,2026-07-04T13:22:52.000+05:45,48,Roadworks,high,Roadworks affecting line 775 (high severity)
DIS-177181,SVCT,12,2026-07-09T02:22:27.000+05:45,2026-07-09T03:07:27.000+05:45,45,Diversion,high,Diversion affecting line 12 (high severity)
DIS-188203,TDTR,920,2026-06-29T17:18:30.000+05:45,2026-06-29T21:01:30.000+05:45,223,Road closure,high,Road closure affecting line 920 (high severity)
DIS-986996,BLUS,28,2026-06-01T10:53:26.000+05:45,2026-06-01T11:10:26.000+05:45,17,Vehicle breakdown,low,Vehicle breakdown affecting line 28 (low severity)
DIS-852263,WDBC,L5,2026-07-06T20:03:56.000+05:45,2026-07-06T23:27:56.000+05:45,204,Diversion,severe,Diversion affecting line L5 (severe severity)
DIS-815593,WDBC,NFB,2026-06-13T10:07:17.000+05:45,2026-06-13T12:27:17.000+05:45,140,Planned engineering works,severe,Planned engineering works affecting line NFB (severe severity)
DIS-202460,WDBC,X3,2026-06-28T09:08:05.000+05:45,2026-06-28T10:52:05.000+05:45,104,Diversion,low,Diversion affecting line X3 (low severity)
DIS-667537,SVCT,213,2026-06-21T04:49:55.000+05:45,2026-06-21T06:53:55.000+05:45,124,Vehicle breakdown,high,Vehicle breakdown affecting line 213 (high severity)
DIS-135589,TDTR,9,2026-05-16T20:28:35.000+05:45,2026-05-17T00:09:35.000+05:45,221,Roadworks,low,Roadworks affecting line 9 (low severity)
DIS-514238,WDBC,82,2026-06-21T06:11:51.000+05:45,2026-06-21T08:25:51.000+05:45,134,Traffic congestion,severe,Traffic congestion affecting line 82 (severe severity)
DIS-985434,WDBC,86,2026-06-26T02:40:21.000+05:45,2026-06-26T04:14:21.000+05:45,94,Traffic congestion,medium,Traffic congestion affecting line 86 (medium severity)
DIS-666644,WDBC,NFR,2026-04-25T15:16:02.000+05:45,2026-04-25T18:04:02.000+05:45,168,Traffic congestion,medium,Traffic congestion affecting line NFR (medium severity)
DIS-391423,SWWD,D2,2026-06-22T13:39:55.000+05:45,2026-06-22T17:08:55.000+05:45,209,Driver shortage,severe,Driver shortage affecting line D2 (severe severity)
DIS-475102,WDBC,3x,2026-05-17T03:13:15.000+05:45,2026-05-17T04:48:15.000+05:45,95,Accident on route,high,Accident on route affecting line 3x (high severity)
DIS-108958,WDBC,10,2026-07-10T06:30:09.000+05:45,2026-07-10T07:09:09.000+05:45,39,Accident on route,severe,Accident on route affecting line 10 (severe severity)
DIS-821006,SWWD,966,2026-06-02T00:36:20.000+05:45,2026-06-02T01:18:20.000+05:45,42,Traffic congestion,medium,Traffic congestion affecting line 966 (medium severity)
DIS-460648,WDBC,U1,2026-05-07T09:44:01.000+05:45,2026-05-07T13:38:01.000+05:45,234,Road closure,medium,Road closure affecting line U1 (medium severity)
DIS-705633,WDBC,NFB,2026-04-21T00:32:44.000+05:45,2026-04-21T04:05:44.000+05:45,213,Severe weather,low,Severe weather affecting line NFB (low severity)
DIS-532664,SWWD,R10,2026-06-29T15:42:25.000+05:45,2026-06-29T15:59:25.000+05:45,17,Driver shortage,severe,Driver shortage affecting line R10 (severe severity)
DIS-240846,WDBC,775,2026-06-05T10:47:31.000+05:45,2026-06-05T11:15:31.000+05:45,28,Roadworks,severe,Roadworks affecting line 775 (severe severity)
DIS-253871,DAMY,20,2026-05-11T05:23:54.000+05:45,2026-05-11T07:39:54.000+05:45,136,Diversion,low,Diversion affecting line 20 (low severity)
DIS-855402,SVCT,7,2026-05-10T12:02:53.000+05:45,2026-05-10T13:39:53.000+05:45,97,Severe weather,severe,Severe weather affecting line 7 (severe severity)
DIS-101096,SWWD,927,2026-05-20T21:50:11.000+05:45,2026-05-20T23:43:11.000+05:45,113,Vehicle breakdown,severe,Vehicle breakdown affecting line 927 (severe severity)
DIS-909389,WDBC,30,2026-06-25T10:52:42.000+05:45,2026-06-25T13:37:42.000+05:45,165,Traffic congestion,low,Traffic congestion affecting line 30 (low severity)
DIS-253961,TDTR,80,2026-07-09T02:43:15.000+05:45,2026-07-09T06:12:15.000+05:45,209,Traffic congestion,low,Traffic congestion affecting line 80 (low severity)
DIS-723163,TDTR,X76,2026-06-18T23:23:15.000+05:45,2026-06-19T01:07:15.000+05:45,104,Accident on route,medium,Accident on route affecting line X76 (medium severity)
DIS-918761,SWWD,R8,2026-05-05T19:22:27.000+05:45,2026-05-05T22:34:27.000+05:45,192,Planned engineering works,severe,Planned engineering works affecting line R8 (severe severity)
DIS-819883,BLUS,8,2026-07-06T12:23:53.000+05:45,2026-07-06T13:26:53.000+05:45,63,Vehicle breakdown,severe,Vehicle breakdown affecting line 8 (severe severity)
DIS-166593,UNIL,U1C,2026-06-03T00:59:28.000+05:45,2026-06-03T01:30:28.000+05:45,31,Road closure,high,Road closure affecting line U1C (high severity)
DIS-104529,BLUS,QC,2026-07-10T03:20:30.000+05:45,2026-07-10T06:29:30.000+05:45,189,Traffic congestion,severe,Traffic congestion affecting line QC (severe severity)
DIS-376063,WDBC,898,2026-07-11T16:11:00.000+05:45,2026-07-11T19:37:00.000+05:45,206,Driver shortage,medium,Driver shortage affecting line 898 (medium severity)
DIS-396824,SWWD,26,2026-07-20T12:56:38.000+05:45,2026-07-20T13:32:38.000+05:45,36,Road closure,severe,Road closure affecting line 26 (severe severity)
DIS-324196,WDBC,NFB,2026-06-14T05:37:03.000+05:45,2026-06-14T06:15:03.000+05:45,38,Accident on route,medium,Accident on route affecting line NFB (medium severity)
DIS-102113,TDTR,159,2026-06-20T23:14:05.000+05:45,2026-06-21T02:27:05.000+05:45,193,Vehicle breakdown,high,Vehicle breakdown affecting line 159 (high severity)
DIS-913677,SWWD,907,2026-05-15T12:50:12.000+05:45,2026-05-15T16:07:12.000+05:45,197,Accident on route,low,Accident on route affecting line 907 (low severity)
DIS-606758,SWWD,29,2026-07-19T21:21:54.000+05:45,2026-07-20T01:10:54.000+05:45,229,Driver shortage,severe,Driver shortage affecting line 29 (severe severity)
DIS-497627,SWWD,978,2026-07-15T15:18:20.000+05:45,2026-07-15T19:10:20.000+05:45,232,Accident on route,high,Accident on route affecting line 978 (high severity)
DIS-489705,UNIL,U1A,2026-07-20T07:50:38.000+05:45,2026-07-20T08:35:38.000+05:45,45,Roadworks,severe,Roadworks affecting line U1A (severe severity)
DIS-942324,WDBC,112,2026-07-08T16:35:20.000+05:45,2026-07-08T18:17:20.000+05:45,102,Vehicle breakdown,medium,Vehicle breakdown affecting line 112 (medium severity)
DIS-554407,TDTR,22,2026-06-16T09:08:26.000+05:45,2026-06-16T11:35:26.000+05:45,147,Diversion,high,Diversion affecting line 22 (high severity)
DIS-836229,WDBC,86,2026-07-10T22:03:56.000+05:45,2026-07-10T23:02:56.000+05:45,59,Severe weather,low,Severe weather affecting line 86 (low severity)
DIS-849084,WDBC,X3,2026-07-16T04:58:01.000+05:45,2026-07-16T07:14:01.000+05:45,136,Diversion,severe,Diversion affecting line X3 (severe severity)
DIS-290692,TDTR,NW2,2026-07-13T15:45:20.000+05:45,2026-07-13T18:34:20.000+05:45,169,Road closure,low,Road closure affecting line NW2 (low severity)
DIS-292925,WDBC,24,2026-07-19T07:51:55.000+05:45,2026-07-19T10:51:55.000+05:45,180,Severe weather,high,Severe weather affecting line 24 (high severity)
DIS-264953,TDTR,152,2026-05-07T04:45:01.000+05:45,2026-05-07T06:41:01.000+05:45,116,Road closure,severe,Road closure affecting line 152 (severe severity)
DIS-943971,DAMY,6,2026-06-10T19:13:00.000+05:45,2026-06-10T22:42:00.000+05:45,209,Roadworks,high,Roadworks affecting line 6 (high severity)
DIS-258478,SVCT,7,2026-07-09T04:22:54.000+05:45,2026-07-09T07:19:54.000+05:45,177,Severe weather,low,Severe weather affecting line 7 (low severity)
DIS-844489,WDBC,15,2026-05-03T04:52:16.000+05:45,2026-05-03T07:27:16.000+05:45,155,Severe weather,high,Severe weather affecting line 15 (high severity)
DIS-569874,TDTR,48A,2026-04-22T19:36:39.000+05:45,2026-04-22T22:26:39.000+05:45,170,Diversion,severe,Diversion affecting line 48A (severe severity)
DIS-160585,SWWD,X2,2026-06-04T00:31:35.000+05:45,2026-06-04T03:33:35.000+05:45,182,Traffic congestion,medium,Traffic congestion affecting line X2 (medium severity)
DIS-537882,TDTR,R24,2026-06-03T08:12:45.000+05:45,2026-06-03T11:10:45.000+05:45,178,Severe weather,severe,Severe weather affecting line R24 (severe severity)
DIS-320576,BLUS,23,2026-06-07T16:45:47.000+05:45,2026-06-07T19:16:47.000+05:45,151,Driver shortage,high,Driver shortage affecting line 23 (high severity)
DIS-473259,SWWD,D2,2026-07-13T19:41:38.000+05:45,2026-07-13T21:24:38.000+05:45,103,Vehicle breakdown,medium,Vehicle breakdown affecting line D2 (medium severity)
DIS-477369,WDBC,18,2026-06-29T04:20:16.000+05:45,2026-06-29T05:58:16.000+05:45,98,Vehicle breakdown,severe,Vehicle breakdown affecting line 18 (severe severity)
DIS-546256,BLUS,8,2026-06-21T10:51:18.000+05:45,2026-06-21T12:57:18.000+05:45,126,Driver shortage,low,Driver shortage affecting line 8 (low severity)
DIS-607105,TDTR,156,2026-07-03T10:50:31.000+05:45,2026-07-03T14:16:31.000+05:45,206,Accident on route,low,Accident on route affecting line 156 (low severity)
DIS-350001,BLUS,19,2026-06-20T04:34:33.000+05:45,2026-06-20T05:31:33.000+05:45,57,Accident on route,severe,Accident on route affecting line 19 (severe severity)
DIS-780267,SVCT,9,2026-05-27T10:17:40.000+05:45,2026-05-27T11:03:40.000+05:45,46,Vehicle breakdown,low,Vehicle breakdown affecting line 9 (low severity)
DIS-360295,WDBC,8,2026-06-26T21:58:35.000+05:45,2026-06-27T01:42:35.000+05:45,224,Vehicle breakdown,low,Vehicle breakdown affecting line 8 (low severity)
DIS-982496,SVCT,68,2026-05-21T14:08:20.000+05:45,2026-05-21T15:10:20.000+05:45,62,Road closure,low,Road closure affecting line 68 (low severity)
DIS-473470,UNIL,U1C,2026-05-06T08:38:35.000+05:45,2026-05-06T09:16:35.000+05:45,38,Vehicle breakdown,high,Vehicle breakdown affecting line U1C (high severity)
DIS-427119,SWWD,PR9,2026-07-19T04:33:51.000+05:45,2026-07-19T07:42:51.000+05:45,189,Vehicle breakdown,medium,Vehicle breakdown affecting line PR9 (medium severity)
DIS-286359,WDBC,737,2026-07-10T11:37:46.000+05:45,2026-07-10T13:20:46.000+05:45,103,Diversion,low,Diversion affecting line 737 (low severity)
DIS-276825,WDBC,9,2026-07-01T19:01:08.000+05:45,2026-07-01T20:25:08.000+05:45,84,Severe weather,severe,Severe weather affecting line 9 (severe severity)
DIS-541469,WDBC,13A,2026-07-10T16:54:37.000+05:45,2026-07-10T19:28:37.000+05:45,154,Vehicle breakdown,medium,Vehicle breakdown affecting line 13A (medium severity)
DIS-231369,SWWD,D3,2026-06-24T13:40:42.000+05:45,2026-06-24T17:26:42.000+05:45,226,Driver shortage,severe,Driver shortage affecting line D3 (severe severity)
DIS-366989,SWWD,PR11,2026-06-03T03:42:56.000+05:45,2026-06-03T05:20:56.000+05:45,98,Planned engineering works,low,Planned engineering works affecting line PR11 (low severity)
DIS-615511,DAMY,5,2026-05-30T05:33:20.000+05:45,2026-05-30T08:22:20.000+05:45,169,Driver shortage,severe,Driver shortage affecting line 5 (severe severity)
DIS-568549,SWWD,PVDRT,2026-07-20T07:51:43.000+05:45,2026-07-20T11:46:43.000+05:45,235,Driver shortage,high,Driver shortage affecting line PVDRT (high severity)
DIS-340884,WDBC,Q7,2026-07-04T04:46:22.000+05:45,2026-07-04T07:47:22.000+05:45,181,Traffic congestion,high,Traffic congestion affecting line Q7 (high severity)
DIS-816037,WDBC,50,2026-06-29T03:26:49.000+05:45,2026-06-29T04:50:49.000+05:45,84,Roadworks,medium,Roadworks affecting line 50 (medium severity)
DIS-944048,DAMY,6,2026-07-03T13:45:33.000+05:45,2026-07-03T14:45:33.000+05:45,60,Road closure,medium,Road closure affecting line 6 (medium severity)
DIS-520778,SWWD,PR7,2026-04-22T03:14:07.000+05:45,2026-04-22T03:34:07.000+05:45,20,Roadworks,medium,Roadworks affecting line PR7 (medium severity)
DIS-453908,UNIL,U6C,2026-07-14T16:24:55.000+05:45,2026-07-14T18:00:55.000+05:45,96,Severe weather,severe,Severe weather affecting line U6C (severe severity)
DIS-949708,BLUS,8,2026-06-19T14:44:53.000+05:45,2026-06-19T17:13:53.000+05:45,149,Diversion,severe,Diversion affecting line 8 (severe severity)
DIS-291249,BLUS,18,2026-05-29T00:32:21.000+05:45,2026-05-29T01:55:21.000+05:45,83,Traffic congestion,medium,Traffic congestion affecting line 18 (medium severity)
DIS-653939,WDBC,193,2026-07-05T10:49:19.000+05:45,2026-07-05T11:07:19.000+05:45,18,Road closure,high,Road closure affecting line 193 (high severity)
DIS-658860,WDBC,1B,2026-06-18T09:51:52.000+05:45,2026-06-18T11:55:52.000+05:45,124,Diversion,severe,Diversion affecting line 1B (severe severity)
DIS-975108,SWWD,PR3,2026-05-12T14:39:00.000+05:45,2026-05-12T16:13:00.000+05:45,94,Diversion,severe,Diversion affecting line PR3 (severe severity)
DIS-523007,WDBC,775,2026-04-23T09:10:05.000+05:45,2026-04-23T12:15:05.000+05:45,185,Roadworks,high,Roadworks affecting line 775 (high severity)
DIS-161486,TDTR,156,2026-06-12T19:02:11.000+05:45,2026-06-12T20:59:11.000+05:45,117,Diversion,high,Diversion affecting line 156 (high severity)
DIS-375290,SWWD,PR7,2026-05-06T21:34:33.000+05:45,2026-05-07T00:59:33.000+05:45,205,Driver shortage,severe,Driver shortage affecting line PR7 (severe severity)
DIS-767126,SVCT,5,2026-07-02T10:38:29.000+05:45,2026-07-02T11:25:29.000+05:45,47,Driver shortage,medium,Driver shortage affecting line 5 (medium severity)
DIS-910003,SVCT,5,2026-07-12T04:16:24.000+05:45,2026-07-12T06:32:24.000+05:45,136,Planned engineering works,severe,Planned engineering works affecting line 5 (severe severity)
DIS-370513,WDBC,40,2026-06-30T22:57:22.000+05:45,2026-07-01T01:45:22.000+05:45,168,Roadworks,medium,Roadworks affecting line 40 (medium severity)
DIS-818173,UNIL,U2B,2026-07-20T07:38:18.000+05:45,2026-07-20T08:52:18.000+05:45,74,Roadworks,high,Roadworks affecting line U2B (high severity)
DIS-387763,WDBC,112,2026-05-28T21:25:40.000+05:45,2026-05-28T21:40:40.000+05:45,15,Driver shortage,low,Driver shortage affecting line 112 (low severity)
DIS-589090,WDBC,4,2026-06-15T12:02:00.000+05:45,2026-06-15T13:54:00.000+05:45,112,Diversion,severe,Diversion affecting line 4 (severe severity)
DIS-654388,WDBC,40,2026-06-19T21:51:01.000+05:45,2026-06-19T23:26:01.000+05:45,95,Diversion,medium,Diversion affecting line 40 (medium severity)
DIS-659552,SWWD,987,2026-05-30T05:22:10.000+05:45,2026-05-30T08:52:10.000+05:45,210,Traffic congestion,low,Traffic congestion affecting line 987 (low severity)
DIS-644719,SWWD,906,2026-07-02T19:58:46.000+05:45,2026-07-02T21:23:46.000+05:45,85,Accident on route,medium,Accident on route affecting line 906 (medium severity)
DIS-585896,WDBC,16,2026-06-12T17:35:33.000+05:45,2026-06-12T20:42:33.000+05:45,187,Road closure,low,Road closure affecting line 16 (low severity)
DIS-170937,BLUS,635,2026-07-11T01:43:39.000+05:45,2026-07-11T02:56:39.000+05:45,73,Accident on route,high,Accident on route affecting line 635 (high severity)
DIS-732870,TDTR,X46,2026-06-27T00:19:08.000+05:45,2026-06-27T04:13:08.000+05:45,234,Severe weather,high,Severe weather affecting line X46 (high severity)
DIS-923015,WDBC,777,2026-05-28T08:02:34.000+05:45,2026-05-28T08:54:34.000+05:45,52,Driver shortage,high,Driver shortage affecting line 777 (high severity)
DIS-674853,WDBC,32,2026-05-15T09:01:02.000+05:45,2026-05-15T11:55:02.000+05:45,174,Road closure,medium,Road closure affecting line 32 (medium severity)
DIS-683274,SWWD,R12,2026-07-09T03:10:56.000+05:45,2026-07-09T06:49:56.000+05:45,219,Severe weather,severe,Severe weather affecting line R12 (severe severity)
DIS-737695,TDTR,X46,2026-07-16T12:08:23.000+05:45,2026-07-16T13:55:23.000+05:45,107,Accident on route,medium,Accident on route affecting line X46 (medium severity)
DIS-978355,WDBC,33,2026-05-13T08:09:37.000+05:45,2026-05-13T11:46:37.000+05:45,217,Severe weather,high,Severe weather affecting line 33 (high severity)
DIS-545529,WDBC,Q7,2026-07-17T18:16:27.000+05:45,2026-07-17T21:07:27.000+05:45,171,Planned engineering works,high,Planned engineering works affecting line Q7 (high severity)
DIS-325115,TDTR,217,2026-05-09T01:50:07.000+05:45,2026-05-09T02:11:07.000+05:45,21,Vehicle breakdown,low,Vehicle breakdown affecting line 217 (low severity)
DIS-292391,WDBC,14,2026-05-21T06:15:17.000+05:45,2026-05-21T08:02:17.000+05:45,107,Severe weather,low,Severe weather affecting line 14 (low severity)
DIS-533847,TDTR,15,2026-06-25T22:52:36.000+05:45,2026-06-25T23:24:36.000+05:45,32,Roadworks,low,Roadworks affecting line 15 (low severity)
DIS-743159,TDTR,16,2026-06-26T03:32:34.000+05:45,2026-06-26T06:49:34.000+05:45,197,Diversion,severe,Diversion affecting line 16 (severe severity)
DIS-238097,WDBC,9,2026-05-26T20:52:26.000+05:45,2026-05-26T23:39:26.000+05:45,167,Driver shortage,medium,Driver shortage affecting line 9 (medium severity)
DIS-797824,SWWD,R2,2026-05-14T22:39:14.000+05:45,2026-05-15T00:15:14.000+05:45,96,Traffic congestion,high,Traffic congestion affecting line R2 (high severity)
DIS-187738,BLUS,61,2026-05-17T18:38:51.000+05:45,2026-05-17T21:44:51.000+05:45,186,Traffic congestion,severe,Traffic congestion affecting line 61 (severe severity)
DIS-949578,TDTR,9,2026-05-28T15:51:54.000+05:45,2026-05-28T16:55:54.000+05:45,64,Diversion,medium,Diversion affecting line 9 (medium severity)
DIS-189663,WDBC,6,2026-05-02T09:19:38.000+05:45,2026-05-02T10:42:38.000+05:45,83,Roadworks,high,Roadworks affecting line 6 (high severity)
DIS-194229,TDTR,X46,2026-07-15T13:56:29.000+05:45,2026-07-15T17:20:29.000+05:45,204,Roadworks,severe,Roadworks affecting line X46 (severe severity)
DIS-809065,SWWD,603,2026-07-12T05:55:28.000+05:45,2026-07-12T06:19:28.000+05:45,24,Severe weather,medium,Severe weather affecting line 603 (medium severity)
DIS-779697,BLUS,PR1,2026-07-08T02:57:46.000+05:45,2026-07-08T03:26:46.000+05:45,29,Vehicle breakdown,high,Vehicle breakdown affecting line PR1 (high severity)
DIS-233200,WDBC,7B,2026-07-06T16:32:30.000+05:45,2026-07-06T17:38:30.000+05:45,66,Traffic congestion,low,Traffic congestion affecting line 7B (low severity)
DIS-679158,SVCT,211,2026-06-19T11:07:42.000+05:45,2026-06-19T11:37:42.000+05:45,30,Severe weather,low,Severe weather affecting line 211 (low severity)
DIS-481553,WDBC,86,2026-05-19T22:40:41.000+05:45,2026-05-19T23:58:41.000+05:45,78,Planned engineering works,high,Planned engineering works affecting line 86 (high severity)
DIS-776040,TDTR,X46,2026-04-23T19:45:40.000+05:45,2026-04-23T23:32:40.000+05:45,227,Traffic congestion,severe,Traffic congestion affecting line X46 (severe severity)
DIS-339157,SVCT,63,2026-07-07T00:37:09.000+05:45,2026-07-07T01:35:09.000+05:45,58,Road closure,high,Road closure affecting line 63 (high severity)
DIS-553203,TDTR,14,2026-06-24T20:54:16.000+05:45,2026-06-24T23:34:16.000+05:45,160,Vehicle breakdown,severe,Vehicle breakdown affecting line 14 (severe severity)
DIS-167766,SWWD,PR7,2026-06-04T05:20:14.000+05:45,2026-06-04T06:19:14.000+05:45,59,Severe weather,medium,Severe weather affecting line PR7 (medium severity)
DIS-217757,BLUS,5,2026-07-13T10:10:29.000+05:45,2026-07-13T11:34:29.000+05:45,84,Diversion,medium,Diversion affecting line 5 (medium severity)
DIS-864783,SWWD,X7,2026-05-03T01:16:37.000+05:45,2026-05-03T02:52:37.000+05:45,96,Planned engineering works,high,Planned engineering works affecting line X7 (high severity)
DIS-883365,WDBC,775,2026-07-05T10:18:36.000+05:45,2026-07-05T11:16:36.000+05:45,58,Traffic congestion,high,Traffic congestion affecting line 775 (high severity)
DIS-718457,WDBC,20,2026-05-03T15:14:38.000+05:45,2026-05-03T16:22:38.000+05:45,68,Road closure,severe,Road closure affecting line 20 (severe severity)
DIS-308480,DAMY,20,2026-07-03T22:32:06.000+05:45,2026-07-03T23:50:06.000+05:45,78,Road closure,severe,Road closure affecting line 20 (severe severity)
DIS-103051,SWWD,2,2026-05-16T06:26:57.000+05:45,2026-05-16T07:28:57.000+05:45,62,Severe weather,medium,Severe weather affecting line 2 (medium severity)
DIS-944748,WDBC,60,2026-05-14T01:45:29.000+05:45,2026-05-14T03:06:29.000+05:45,81,Planned engineering works,medium,Planned engineering works affecting line 60 (medium severity)
DIS-892453,SWWD,PD3,2026-06-04T18:14:40.000+05:45,2026-06-04T20:44:40.000+05:45,150,Driver shortage,medium,Driver shortage affecting line PD3 (medium severity)
DIS-457922,SVCT,212,2026-06-28T08:35:35.000+05:45,2026-06-28T12:06:35.000+05:45,211,Accident on route,severe,Accident on route affecting line 212 (severe severity)
DIS-452534,TDTR,12,2026-04-29T16:30:03.000+05:45,2026-04-29T18:37:03.000+05:45,127,Vehicle breakdown,severe,Vehicle breakdown affecting line 12 (severe severity)
DIS-431500,TDTR,17,2026-07-04T13:35:38.000+05:45,2026-07-04T14:05:38.000+05:45,30,Diversion,medium,Diversion affecting line 17 (medium severity)
DIS-188339,BLUS,18,2026-05-27T03:45:52.000+05:45,2026-05-27T05:20:52.000+05:45,95,Vehicle breakdown,high,Vehicle breakdown affecting line 18 (high severity)
DIS-474927,WDBC,m2,2026-07-04T11:55:57.000+05:45,2026-07-04T14:00:57.000+05:45,125,Planned engineering works,medium,Planned engineering works affecting line m2 (medium severity)
DIS-343685,SWWD,987,2026-07-02T15:49:54.000+05:45,2026-07-02T16:14:54.000+05:45,25,Accident on route,low,Accident on route affecting line 987 (low severity)
DIS-503814,TDTR,152,2026-05-03T18:34:29.000+05:45,2026-05-03T19:26:29.000+05:45,52,Planned engineering works,low,Planned engineering works affecting line 152 (low severity)
DIS-765743,SQ,TW1,2026-05-11T17:29:35.000+05:45,2026-05-11T18:55:35.000+05:45,86,Road closure,high,Road closure affecting line TW1 (high severity)
DIS-530998,SVCT,38,2026-07-20T17:58:04.000+05:45,2026-07-20T20:01:04.000+05:45,123,Accident on route,severe,Accident on route affecting line 38 (severe severity)
DIS-522072,SWWD,R6,2026-05-14T20:20:15.000+05:45,2026-05-14T21:14:15.000+05:45,54,Severe weather,low,Severe weather affecting line R6 (low severity)
DIS-843646,UNIL,U1C,2026-06-26T06:16:13.000+05:45,2026-06-26T09:35:13.000+05:45,199,Roadworks,medium,Roadworks affecting line U1C (medium severity)
DIS-497040,BLUS,13,2026-06-29T13:55:15.000+05:45,2026-06-29T14:38:15.000+05:45,43,Roadworks,medium,Roadworks affecting line 13 (medium severity)
DIS-437180,WDBC,L3,2026-06-13T13:14:42.000+05:45,2026-06-13T16:37:42.000+05:45,203,Planned engineering works,high,Planned engineering works affecting line L3 (high severity)
DIS-266524,WDBC,35,2026-05-21T22:09:23.000+05:45,2026-05-22T02:08:23.000+05:45,239,Diversion,medium,Diversion affecting line 35 (medium severity)
DIS-485167,TDTR,SSS,2026-07-18T13:23:40.000+05:45,2026-07-18T14:55:40.000+05:45,92,Vehicle breakdown,medium,Vehicle breakdown affecting line SSS (medium severity)
DIS-643543,DAMY,CR8,2026-06-03T05:57:00.000+05:45,2026-06-03T09:09:00.000+05:45,192,Road closure,high,Road closure affecting line CR8 (high severity)
DIS-692954,BLUS,12,2026-06-28T09:58:34.000+05:45,2026-06-28T11:09:34.000+05:45,71,Traffic congestion,medium,Traffic congestion affecting line 12 (medium severity)
DIS-255284,SVCT,8,2026-05-27T02:36:39.000+05:45,2026-05-27T05:08:39.000+05:45,152,Roadworks,medium,Roadworks affecting line 8 (medium severity)
DIS-287431,SVCT,3,2026-07-13T19:06:34.000+05:45,2026-07-13T22:01:34.000+05:45,175,Traffic congestion,severe,Traffic congestion affecting line 3 (severe severity)
DIS-980140,WDBC,RG2,2026-07-02T06:02:50.000+05:45,2026-07-02T06:30:50.000+05:45,28,Road closure,high,Road closure affecting line RG2 (high severity)
DIS-664344,WDBC,Q7,2026-06-03T06:12:59.000+05:45,2026-06-03T09:57:59.000+05:45,225,Traffic congestion,high,Traffic congestion affecting line Q7 (high severity)
DIS-103952,WDBC,1C,2026-07-05T02:30:07.000+05:45,2026-07-05T05:38:07.000+05:45,188,Driver shortage,medium,Driver shortage affecting line 1C (medium severity)
DIS-948151,SWWD,603,2026-05-13T00:04:31.000+05:45,2026-05-13T01:23:31.000+05:45,79,Accident on route,high,Accident on route affecting line 603 (high severity)
DIS-363001,TDTR,X76,2026-05-21T18:55:18.000+05:45,2026-05-21T21:33:18.000+05:45,158,Vehicle breakdown,medium,Vehicle breakdown affecting line X76 (medium severity)
DIS-157853,WDBC,25,2026-05-14T18:26:20.000+05:45,2026-05-14T21:17:20.000+05:45,171,Roadworks,medium,Roadworks affecting line 25 (medium severity)
DIS-347162,WDBC,940,2026-07-17T03:07:02.000+05:45,2026-07-17T05:21:02.000+05:45,134,Traffic congestion,low,Traffic congestion affecting line 940 (low severity)
DIS-261769,WDBC,81,2026-06-05T10:58:29.000+05:45,2026-06-05T14:40:29.000+05:45,222,Severe weather,high,Severe weather affecting line 81 (high severity)
DIS-491867,WDBC,24,2026-06-01T18:58:39.000+05:45,2026-06-01T22:30:39.000+05:45,212,Roadworks,high,Roadworks affecting line 24 (high severity)
DIS-691955,TDTR,22,2026-07-01T20:43:21.000+05:45,2026-07-01T22:43:21.000+05:45,120,Roadworks,severe,Roadworks affecting line 22 (severe severity)
DIS-914228,TDTR,1,2026-07-18T08:08:52.000+05:45,2026-07-18T08:18:52.000+05:45,10,Driver shortage,low,Driver shortage affecting line 1 (low severity)
DIS-925101,SWWD,926,2026-07-06T05:22:08.000+05:45,2026-07-06T07:00:08.000+05:45,98,Driver shortage,medium,Driver shortage affecting line 926 (medium severity)
DIS-825731,WDBC,941,2026-06-04T21:54:04.000+05:45,2026-06-04T22:17:04.000+05:45,23,Traffic congestion,low,Traffic congestion affecting line 941 (low severity)
DIS-722067,SVCT,TSS,2026-07-18T03:30:20.000+05:45,2026-07-18T03:56:20.000+05:45,26,Road closure,severe,Road closure affecting line TSS (severe severity)
DIS-141940,WDBC,898,2026-06-14T20:38:21.000+05:45,2026-06-14T22:26:21.000+05:45,108,Accident on route,high,Accident on route affecting line 898 (high severity)
DIS-336626,WDBC,1B,2026-06-04T21:42:43.000+05:45,2026-06-05T01:18:43.000+05:45,216,Vehicle breakdown,high,Vehicle breakdown affecting line 1B (high severity)
DIS-674355,WDBC,33,2026-04-27T14:47:58.000+05:45,2026-04-27T15:02:58.000+05:45,15,Driver shortage,high,Driver shortage affecting line 33 (high severity)
DIS-686226,WDBC,737,2026-04-30T08:19:11.000+05:45,2026-04-30T09:07:11.000+05:45,48,Traffic congestion,medium,Traffic congestion affecting line 737 (medium severity)
DIS-469232,SVCT,205,2026-06-14T17:38:41.000+05:45,2026-06-14T20:47:41.000+05:45,189,Vehicle breakdown,medium,Vehicle breakdown affecting line 205 (medium severity)
DIS-851431,SQ,TM1,2026-06-26T22:01:12.000+05:45,2026-06-26T23:26:12.000+05:45,85,Severe weather,severe,Severe weather affecting line TM1 (severe severity)
DIS-294105,WDBC,762,2026-05-06T10:17:10.000+05:45,2026-05-06T13:37:10.000+05:45,200,Road closure,medium,Road closure affecting line 762 (medium severity)
DIS-816874,TDTR,17,2026-05-27T03:03:50.000+05:45,2026-05-27T06:13:50.000+05:45,190,Accident on route,low,Accident on route affecting line 17 (low severity)
DIS-186542,TDTR,1A,2026-05-22T08:35:55.000+05:45,2026-05-22T10:47:55.000+05:45,132,Roadworks,severe,Roadworks affecting line 1A (severe severity)
DIS-290574,BLUS,61,2026-04-24T07:32:25.000+05:45,2026-04-24T08:19:25.000+05:45,47,Diversion,severe,Diversion affecting line 61 (severe severity)
DIS-623952,BLUS,QC,2026-05-24T06:24:58.000+05:45,2026-05-24T08:45:58.000+05:45,141,Severe weather,high,Severe weather affecting line QC (high severity)
DIS-519688,SWWD,625,2026-05-24T23:39:42.000+05:45,2026-05-25T00:06:42.000+05:45,27,Driver shortage,low,Driver shortage affecting line 625 (low severity)
DIS-557664,UNIL,U2B,2026-07-13T17:26:24.000+05:45,2026-07-13T19:35:24.000+05:45,129,Road closure,high,Road closure affecting line U2B (high severity)
DIS-826159,SWWD,29,2026-07-10T20:17:00.000+05:45,2026-07-10T23:55:00.000+05:45,218,Diversion,low,Diversion affecting line 29 (low severity)
DIS-347768,SWWD,603,2026-04-29T21:01:36.000+05:45,2026-04-29T21:52:36.000+05:45,51,Roadworks,high,Roadworks affecting line 603 (high severity)
DIS-246403,TDTR,X46,2026-06-01T16:13:42.000+05:45,2026-06-01T18:41:42.000+05:45,148,Road closure,high,Road closure affecting line X46 (high severity)
DIS-847925,WDBC,3x,2026-07-21T01:46:34.000+05:45,2026-07-21T03:29:34.000+05:45,103,Roadworks,high,Roadworks affecting line 3x (high severity)
DIS-430143,WDBC,38,2026-05-23T09:39:31.000+05:45,2026-05-23T12:20:31.000+05:45,161,Vehicle breakdown,high,Vehicle breakdown affecting line 38 (high severity)
DIS-370365,BLUS,538,2026-05-19T15:10:48.000+05:45,2026-05-19T17:26:48.000+05:45,136,Planned engineering works,high,Planned engineering works affecting line 538 (high severity)
DIS-510822,UNIL,U2C,2026-06-09T01:30:30.000+05:45,2026-06-09T03:21:30.000+05:45,111,Severe weather,medium,Severe weather affecting line U2C (medium severity)
DIS-992387,SQ,TW4,2026-06-18T19:57:47.000+05:45,2026-06-18T20:21:47.000+05:45,24,Planned engineering works,high,Planned engineering works affecting line TW4 (high severity)
DIS-443289,WDBC,RG2,2026-07-10T18:44:31.000+05:45,2026-07-10T22:11:31.000+05:45,207,Traffic congestion,high,Traffic congestion affecting line RG2 (high severity)
DIS-764103,SWWD,650,2026-07-03T19:25:32.000+05:45,2026-07-03T21:49:32.000+05:45,144,Road closure,low,Road closure affecting line 650 (low severity)
DIS-875623,WDBC,941,2026-07-18T13:48:54.000+05:45,2026-07-18T16:26:54.000+05:45,158,Roadworks,severe,Roadworks affecting line 941 (severe severity)
DIS-389672,SWWD,PR15,2026-06-19T15:22:32.000+05:45,2026-06-19T18:47:32.000+05:45,205,Traffic congestion,low,Traffic congestion affecting line PR15 (low severity)
DIS-594213,WDBC,3x,2026-07-03T06:10:22.000+05:45,2026-07-03T07:11:22.000+05:45,61,Planned engineering works,severe,Planned engineering works affecting line 3x (severe severity)
DIS-418784,TDTR,842,2026-07-07T00:29:38.000+05:45,2026-07-07T04:21:38.000+05:45,232,Vehicle breakdown,severe,Vehicle breakdown affecting line 842 (severe severity)
DIS-503347,SWWD,R1,2026-07-14T18:40:16.000+05:45,2026-07-14T22:23:16.000+05:45,223,Vehicle breakdown,high,Vehicle breakdown affecting line R1 (high severity)
DIS-968070,WDBC,C,2026-05-18T02:09:54.000+05:45,2026-05-18T04:20:54.000+05:45,131,Traffic congestion,high,Traffic congestion affecting line C (high severity)
DIS-529979,BLUS,PRH,2026-04-30T10:35:44.000+05:45,2026-04-30T13:15:44.000+05:45,160,Roadworks,severe,Roadworks affecting line PRH (severe severity)
DIS-878612,SWWD,625,2026-07-18T15:09:04.000+05:45,2026-07-18T16:32:04.000+05:45,83,Traffic congestion,high,Traffic congestion affecting line 625 (high severity)
DIS-265916,TDTR,48A,2026-06-29T09:52:12.000+05:45,2026-06-29T10:13:12.000+05:45,21,Diversion,high,Diversion affecting line 48A (high severity)
DIS-563713,WDBC,40,2026-06-22T23:32:02.000+05:45,2026-06-23T00:33:02.000+05:45,61,Diversion,medium,Diversion affecting line 40 (medium severity)
DIS-554420,WDBC,1A,2026-04-21T15:25:16.000+05:45,2026-04-21T17:05:16.000+05:45,100,Severe weather,medium,Severe weather affecting line 1A (medium severity)
DIS-447874,WDBC,50,2026-05-02T01:00:50.000+05:45,2026-05-02T01:22:50.000+05:45,22,Diversion,low,Diversion affecting line 50 (low severity)
DIS-406674,SVCT,207,2026-07-11T02:24:21.000+05:45,2026-07-11T03:47:21.000+05:45,83,Accident on route,low,Accident on route affecting line 207 (low severity)
DIS-127735,BLUS,13,2026-06-27T01:55:20.000+05:45,2026-06-27T05:35:20.000+05:45,220,Accident on route,low,Accident on route affecting line 13 (low severity)
DIS-402636,SWWD,907,2026-05-07T13:31:46.000+05:45,2026-05-07T16:23:46.000+05:45,172,Traffic congestion,low,Traffic congestion affecting line 907 (low severity)
DIS-813836,BLUS,13,2026-05-12T22:24:40.000+05:45,2026-05-13T01:52:40.000+05:45,208,Driver shortage,medium,Driver shortage affecting line 13 (medium severity)
DIS-538199,WDBC,7B,2026-07-13T20:11:48.000+05:45,2026-07-13T22:41:48.000+05:45,150,Accident on route,medium,Accident on route affecting line 7B (medium severity)
DIS-275685,BLUS,PRH,2026-06-16T14:22:41.000+05:45,2026-06-16T14:59:41.000+05:45,37,Vehicle breakdown,low,Vehicle breakdown affecting line PRH (low severity)
DIS-359425,BLUS,PRH,2026-07-02T06:53:45.000+05:45,2026-07-02T10:32:45.000+05:45,219,Vehicle breakdown,low,Vehicle breakdown affecting line PRH (low severity)
DIS-911374,WDBC,U1,2026-07-06T03:16:12.000+05:45,2026-07-06T06:35:12.000+05:45,199,Diversion,low,Diversion affecting line U1 (low severity)
DIS-590486,SWWD,603,2026-05-11T22:42:44.000+05:45,2026-05-12T01:44:44.000+05:45,182,Planned engineering works,medium,Planned engineering works affecting line 603 (medium severity)
DIS-283409,SWWD,PR3,2026-05-18T00:56:56.000+05:45,2026-05-18T01:52:56.000+05:45,56,Accident on route,medium,Accident on route affecting line PR3 (medium severity)
DIS-190254,WDBC,1B,2026-06-07T16:29:15.000+05:45,2026-06-07T17:12:15.000+05:45,43,Severe weather,medium,Severe weather affecting line 1B (medium severity)
DIS-971639,WDBC,193,2026-06-15T07:55:29.000+05:45,2026-06-15T10:17:29.000+05:45,142,Traffic congestion,medium,Traffic congestion affecting line 193 (medium severity)
DIS-135244,SVCT,1,2026-06-02T19:21:17.000+05:45,2026-06-02T21:04:17.000+05:45,103,Planned engineering works,severe,Planned engineering works affecting line 1 (severe severity)
DIS-974272,WDBC,18,2026-07-16T04:27:37.000+05:45,2026-07-16T06:27:37.000+05:45,120,Traffic congestion,medium,Traffic congestion affecting line 18 (medium severity)
DIS-695800,TDTR,13,2026-07-10T08:35:21.000+05:45,2026-07-10T09:25:21.000+05:45,50,Diversion,high,Diversion affecting line 13 (high severity)
DIS-824647,SVCT,39,2026-07-19T10:08:37.000+05:45,2026-07-19T12:45:37.000+05:45,157,Severe weather,medium,Severe weather affecting line 39 (medium severity)
DIS-238881,WDBC,81,2026-06-22T08:52:46.000+05:45,2026-06-22T11:41:46.000+05:45,169,Accident on route,medium,Accident on route affecting line 81 (medium severity)
DIS-591384,BLUS,3,2026-06-07T10:10:35.000+05:45,2026-06-07T12:40:35.000+05:45,150,Accident on route,high,Accident on route affecting line 3 (high severity)
DIS-565870,UNIL,U2C,2026-06-25T04:29:55.000+05:45,2026-06-25T06:39:55.000+05:45,130,Road closure,low,Road closure affecting line U2C (low severity)
DIS-485868,WDBC,941,2026-06-07T21:37:43.000+05:45,2026-06-07T23:22:43.000+05:45,105,Vehicle breakdown,medium,Vehicle breakdown affecting line 941 (medium severity)
DIS-148818,SWWD,PR11,2026-05-19T22:52:21.000+05:45,2026-05-20T00:15:21.000+05:45,83,Diversion,high,Diversion affecting line PR11 (high severity)
DIS-843250,SWWD,D3,2026-06-14T01:18:56.000+05:45,2026-06-14T01:52:56.000+05:45,34,Vehicle breakdown,medium,Vehicle breakdown affecting line D3 (medium severity)
DIS-260347,DAMY,1,2026-04-24T15:35:06.000+05:45,2026-04-24T18:56:06.000+05:45,201,Road closure,low,Road closure affecting line 1 (low severity)
DIS-480570,WDBC,NFB,2026-04-27T17:44:19.000+05:45,2026-04-27T20:23:19.000+05:45,159,Road closure,low,Road closure affecting line NFB (low severity)
DIS-859303,BLUS,8,2026-07-03T00:30:13.000+05:45,2026-07-03T04:21:13.000+05:45,231,Traffic congestion,high,Traffic congestion affecting line 8 (high severity)
DIS-739506,WDBC,31,2026-05-08T07:25:49.000+05:45,2026-05-08T09:46:49.000+05:45,141,Vehicle breakdown,low,Vehicle breakdown affecting line 31 (low severity)
DIS-444582,SVCT,39,2026-05-10T19:11:46.000+05:45,2026-05-10T22:00:46.000+05:45,169,Driver shortage,severe,Driver shortage affecting line 39 (severe severity)
DIS-305296,WDBC,1B,2026-07-19T15:02:42.000+05:45,2026-07-19T18:44:42.000+05:45,222,Vehicle breakdown,severe,Vehicle breakdown affecting line 1B (severe severity)
DIS-629829,WDBC,22,2026-04-25T00:11:37.000+05:45,2026-04-25T01:37:37.000+05:45,86,Road closure,high,Road closure affecting line 22 (high severity)
DIS-542450,SVCT,204,2026-07-12T09:55:25.000+05:45,2026-07-12T12:51:25.000+05:45,176,Accident on route,severe,Accident on route affecting line 204 (severe severity)
DIS-922635,SQ,TM1,2026-07-15T12:13:34.000+05:45,2026-07-15T14:40:34.000+05:45,147,Vehicle breakdown,low,Vehicle breakdown affecting line TM1 (low severity)
DIS-418163,SWWD,X4,2026-05-27T21:55:59.000+05:45,2026-05-28T01:20:59.000+05:45,205,Planned engineering works,medium,Planned engineering works affecting line X4 (medium severity)
DIS-996581,WDBC,26,2026-04-27T04:06:52.000+05:45,2026-04-27T06:26:52.000+05:45,140,Road closure,high,Road closure affecting line 26 (high severity)
DIS-513764,TDTR,48A,2026-06-15T21:20:56.000+05:45,2026-06-15T23:06:56.000+05:45,106,Driver shortage,severe,Driver shortage affecting line 48A (severe severity)
DIS-543448,BLUS,5,2026-04-24T10:38:39.000+05:45,2026-04-24T12:05:39.000+05:45,87,Driver shortage,medium,Driver shortage affecting line 5 (medium severity)
DIS-886764,SWWD,25,2026-05-04T22:13:57.000+05:45,2026-05-05T02:02:57.000+05:45,229,Driver shortage,severe,Driver shortage affecting line 25 (severe severity)
DIS-957740,BLUS,13,2026-05-08T20:15:05.000+05:45,2026-05-08T22:34:05.000+05:45,139,Vehicle breakdown,medium,Vehicle breakdown affecting line 13 (medium severity)
DIS-131689,WDBC,L3,2026-06-03T19:13:36.000+05:45,2026-06-03T19:52:36.000+05:45,39,Diversion,high,Diversion affecting line L3 (high severity)
DIS-792370,WDBC,Q7,2026-05-19T18:28:13.000+05:45,2026-05-19T18:51:13.000+05:45,23,Road closure,low,Road closure affecting line Q7 (low severity)
DIS-368224,SWWD,R12,2026-05-01T05:36:38.000+05:45,2026-05-01T07:06:38.000+05:45,90,Vehicle breakdown,low,Vehicle breakdown affecting line R12 (low severity)
DIS-309849,SWWD,8,2026-05-09T10:10:36.000+05:45,2026-05-09T13:33:36.000+05:45,203,Diversion,medium,Diversion affecting line 8 (medium severity)
DIS-120025,TDTR,48A,2026-07-11T06:27:06.000+05:45,2026-07-11T08:36:06.000+05:45,129,Diversion,low,Diversion affecting line 48A (low severity)
DIS-390557,SVCT,37,2026-05-20T15:23:45.000+05:45,2026-05-20T17:57:45.000+05:45,154,Traffic congestion,medium,Traffic congestion affecting line 37 (medium severity)
DIS-885945,WDBC,112,2026-04-23T05:02:40.000+05:45,2026-04-23T06:19:40.000+05:45,77,Diversion,medium,Diversion affecting line 112 (medium severity)
DIS-631321,SWWD,R5,2026-06-09T21:55:58.000+05:45,2026-06-10T00:55:58.000+05:45,180,Severe weather,high,Severe weather affecting line R5 (high severity)
DIS-257212,BLUS,PRH,2026-05-10T07:40:17.000+05:45,2026-05-10T07:56:17.000+05:45,16,Driver shortage,severe,Driver shortage affecting line PRH (severe severity)
DIS-306079,SVCT,1,2026-07-14T09:45:37.000+05:45,2026-07-14T11:33:37.000+05:45,108,Planned engineering works,severe,Planned engineering works affecting line 1 (severe severity)
DIS-459750,WDBC,Q1,2026-04-25T10:24:33.000+05:45,2026-04-25T11:20:33.000+05:45,56,Driver shortage,low,Driver shortage affecting line Q1 (low severity)
DIS-982102,WDBC,8,2026-06-21T19:19:44.000+05:45,2026-06-21T21:32:44.000+05:45,133,Roadworks,severe,Roadworks affecting line 8 (severe severity)
DIS-991573,BLUS,9,2026-05-17T06:16:57.000+05:45,2026-05-17T09:22:57.000+05:45,186,Road closure,high,Road closure affecting line 9 (high severity)
DIS-856742,SQ,TB1,2026-05-03T04:05:24.000+05:45,2026-05-03T06:25:24.000+05:45,140,Diversion,severe,Diversion affecting line TB1 (severe severity)
DIS-863628,SWWD,PR3,2026-07-17T06:34:56.000+05:45,2026-07-17T07:06:56.000+05:45,32,Road closure,high,Road closure affecting line PR3 (high severity)
DIS-371882,WDBC,X3,2026-06-04T16:13:28.000+05:45,2026-06-04T17:55:28.000+05:45,102,Road closure,high,Road closure affecting line X3 (high severity)
DIS-922848,SVCT,68,2026-07-15T19:58:04.000+05:45,2026-07-15T21:53:04.000+05:45,115,Vehicle breakdown,low,Vehicle breakdown affecting line 68 (low severity)
DIS-583515,BLUS,4,2026-05-15T23:27:42.000+05:45,2026-05-16T00:47:42.000+05:45,80,Diversion,low,Diversion affecting line 4 (low severity)
DIS-646570,SWWD,R1,2026-05-04T12:28:38.000+05:45,2026-05-04T13:33:38.000+05:45,65,Planned engineering works,severe,Planned engineering works affecting line R1 (severe severity)
DIS-196537,SWWD,PR11,2026-07-16T13:24:43.000+05:45,2026-07-16T16:13:43.000+05:45,169,Traffic congestion,high,Traffic congestion affecting line PR11 (high severity)
DIS-975584,DAMY,CR8,2026-06-02T11:50:08.000+05:45,2026-06-02T15:05:08.000+05:45,195,Road closure,high,Road closure affecting line CR8 (high severity)
DIS-586019,WDBC,7A,2026-04-21T18:02:48.000+05:45,2026-04-21T19:37:48.000+05:45,95,Vehicle breakdown,medium,Vehicle breakdown affecting line 7A (medium severity)
DIS-413952,WDBC,X3,2026-06-16T16:42:57.000+05:45,2026-06-16T17:05:57.000+05:45,23,Vehicle breakdown,severe,Vehicle breakdown affecting line X3 (severe severity)
DIS-351911,TDTR,16,2026-04-29T11:13:18.000+05:45,2026-04-29T13:55:18.000+05:45,162,Diversion,high,Diversion affecting line 16 (high severity)
DIS-776552,SWWD,906,2026-07-09T19:58:35.000+05:45,2026-07-09T21:45:35.000+05:45,107,Vehicle breakdown,severe,Vehicle breakdown affecting line 906 (severe severity)
DIS-500811,WDBC,3,2026-07-06T09:17:23.000+05:45,2026-07-06T10:48:23.000+05:45,91,Severe weather,medium,Severe weather affecting line 3 (medium severity)
DIS-397969,SWWD,PR7,2026-07-05T04:08:56.000+05:45,2026-07-05T07:35:56.000+05:45,207,Roadworks,high,Roadworks affecting line PR7 (high severity)
DIS-807826,BLUS,539,2026-05-17T18:03:40.000+05:45,2026-05-17T20:12:40.000+05:45,129,Severe weather,medium,Severe weather affecting line 539 (medium severity)
DIS-901751,SVCT,201,2026-05-18T17:39:56.000+05:45,2026-05-18T20:19:56.000+05:45,160,Driver shortage,severe,Driver shortage affecting line 201 (severe severity)
DIS-514228,TDTR,152,2026-06-01T16:11:37.000+05:45,2026-06-01T18:11:37.000+05:45,120,Diversion,high,Diversion affecting line 152 (high severity)
DIS-894339,BLUS,17,2026-06-29T14:44:09.000+05:45,2026-06-29T16:04:09.000+05:45,80,Severe weather,high,Severe weather affecting line 17 (high severity)
DIS-490441,WDBC,1B,2026-05-18T19:41:05.000+05:45,2026-05-18T23:09:05.000+05:45,208,Severe weather,low,Severe weather affecting line 1B (low severity)
DIS-110088,TDTR,SSS,2026-06-22T14:48:50.000+05:45,2026-06-22T18:30:50.000+05:45,222,Driver shortage,severe,Driver shortage affecting line SSS (severe severity)
DIS-414142,SWWD,D3,2026-05-06T19:46:01.000+05:45,2026-05-06T21:27:01.000+05:45,101,Road closure,severe,Road closure affecting line D3 (severe severity)
DIS-967481,BLUS,7,2026-05-16T01:22:00.000+05:45,2026-05-16T02:39:00.000+05:45,77,Accident on route,medium,Accident on route affecting line 7 (medium severity)
DIS-495330,SWWD,8,2026-06-07T15:06:45.000+05:45,2026-06-07T18:08:45.000+05:45,182,Roadworks,low,Roadworks affecting line 8 (low severity)
DIS-728982,SWWD,X7,2026-05-04T23:10:33.000+05:45,2026-05-05T00:14:33.000+05:45,64,Traffic congestion,severe,Traffic congestion affecting line X7 (severe severity)
DIS-691169,BLUS,PR1,2026-06-27T08:13:07.000+05:45,2026-06-27T09:25:07.000+05:45,72,Vehicle breakdown,severe,Vehicle breakdown affecting line PR1 (severe severity)
DIS-961363,SVCT,206,2026-06-26T17:21:00.000+05:45,2026-06-26T20:22:00.000+05:45,181,Traffic congestion,high,Traffic congestion affecting line 206 (high severity)
DIS-260335,SVCT,59,2026-05-17T18:35:06.000+05:45,2026-05-17T21:03:06.000+05:45,148,Diversion,low,Diversion affecting line 59 (low severity)
DIS-740208,TDTR,15,2026-06-26T07:18:12.000+05:45,2026-06-26T09:08:12.000+05:45,110,Road closure,low,Road closure affecting line 15 (low severity)
DIS-347737,SVCT,6,2026-07-15T08:16:38.000+05:45,2026-07-15T09:34:38.000+05:45,78,Planned engineering works,severe,Planned engineering works affecting line 6 (severe severity)
DIS-716131,SWWD,26,2026-06-09T07:00:05.000+05:45,2026-06-09T08:55:05.000+05:45,115,Diversion,high,Diversion affecting line 26 (high severity)
DIS-430701,SWWD,44,2026-06-03T14:01:31.000+05:45,2026-06-03T17:31:31.000+05:45,210,Accident on route,low,Accident on route affecting line 44 (low severity)
DIS-682040,TDTR,X76,2026-07-07T06:15:34.000+05:45,2026-07-07T10:12:34.000+05:45,237,Planned engineering works,high,Planned engineering works affecting line X76 (high severity)
DIS-551011,TDTR,5,2026-06-24T01:17:51.000+05:45,2026-06-24T04:41:51.000+05:45,204,Accident on route,medium,Accident on route affecting line 5 (medium severity)
DIS-579651,SWWD,PR9,2026-04-21T19:48:05.000+05:45,2026-04-21T22:14:05.000+05:45,146,Traffic congestion,low,Traffic congestion affecting line PR9 (low severity)
DIS-722644,DAMY,6,2026-07-14T23:32:56.000+05:45,2026-07-14T23:54:56.000+05:45,22,Road closure,medium,Road closure affecting line 6 (medium severity)
DIS-995411,WDBC,B,2026-07-05T12:59:03.000+05:45,2026-07-05T13:44:03.000+05:45,45,Severe weather,severe,Severe weather affecting line B (severe severity)
DIS-971714,WDBC,RG2,2026-07-19T23:27:53.000+05:45,2026-07-20T01:57:53.000+05:45,150,Severe weather,low,Severe weather affecting line RG2 (low severity)
DIS-313344,WDBC,26,2026-06-18T11:46:15.000+05:45,2026-06-18T14:14:15.000+05:45,148,Driver shortage,high,Driver shortage affecting line 26 (high severity)
DIS-813915,SVCT,212,2026-05-14T03:38:17.000+05:45,2026-05-14T04:38:17.000+05:45,60,Severe weather,high,Severe weather affecting line 212 (high severity)
DIS-539819,BLUS,QC,2026-04-26T12:59:05.000+05:45,2026-04-26T16:00:05.000+05:45,181,Traffic congestion,low,Traffic congestion affecting line QC (low severity)
DIS-867193,UNIL,U1C,2026-05-09T01:18:02.000+05:45,2026-05-09T03:59:02.000+05:45,161,Planned engineering works,high,Planned engineering works affecting line U1C (high severity)
DIS-285928,SWWD,926,2026-05-13T21:04:07.000+05:45,2026-05-13T23:42:07.000+05:45,158,Traffic congestion,low,Traffic congestion affecting line 926 (low severity)
DIS-997194,BLUS,1,2026-06-08T01:57:22.000+05:45,2026-06-08T05:07:22.000+05:45,190,Accident on route,medium,Accident on route affecting line 1 (medium severity)
DIS-282978,UNIL,U6C,2026-06-26T03:27:23.000+05:45,2026-06-26T05:34:23.000+05:45,127,Planned engineering works,medium,Planned engineering works affecting line U6C (medium severity)
DIS-625144,SQ,TM1,2026-05-09T01:54:19.000+05:45,2026-05-09T04:01:19.000+05:45,127,Severe weather,medium,Severe weather affecting line TM1 (medium severity)
DIS-321041,SWWD,908,2026-07-14T01:20:19.000+05:45,2026-07-14T02:45:19.000+05:45,85,Driver shortage,low,Driver shortage affecting line 908 (low severity)
DIS-892357,BLUS,QC,2026-07-09T18:16:25.000+05:45,2026-07-09T20:56:25.000+05:45,160,Severe weather,severe,Severe weather affecting line QC (severe severity)
DIS-407992,WDBC,82,2026-06-18T23:02:39.000+05:45,2026-06-19T01:27:39.000+05:45,145,Vehicle breakdown,severe,Vehicle breakdown affecting line 82 (severe severity)
DIS-206389,WDBC,193,2026-07-12T07:46:46.000+05:45,2026-07-12T10:56:46.000+05:45,190,Accident on route,severe,Accident on route affecting line 193 (severe severity)
DIS-550185,WDBC,82,2026-05-01T15:04:18.000+05:45,2026-05-01T19:03:18.000+05:45,239,Traffic congestion,low,Traffic congestion affecting line 82 (low severity)
DIS-143078,SWWD,663,2026-06-23T10:34:43.000+05:45,2026-06-23T14:32:43.000+05:45,238,Road closure,severe,Road closure affecting line 663 (severe severity)
DIS-507035,BLUS,PR1,2026-07-18T00:19:52.000+05:45,2026-07-18T01:02:52.000+05:45,43,Road closure,low,Road closure affecting line PR1 (low severity)
DIS-170427,DAMY,949,2026-05-30T09:36:31.000+05:45,2026-05-30T13:04:31.000+05:45,208,Severe weather,medium,Severe weather affecting line 949 (medium severity)
DIS-147266,SVCT,38,2026-05-01T19:56:28.000+05:45,2026-05-01T21:18:28.000+05:45,82,Planned engineering works,medium,Planned engineering works affecting line 38 (medium severity)
DIS-388369,SVCT,1,2026-06-27T07:00:21.000+05:45,2026-06-27T08:15:21.000+05:45,75,Roadworks,medium,Roadworks affecting line 1 (medium severity)
DIS-876219,WDBC,Q1,2026-07-11T14:15:49.000+05:45,2026-07-11T15:47:49.000+05:45,92,Driver shortage,low,Driver shortage affecting line Q1 (low severity)
DIS-516043,SQ,TW2,2026-06-04T13:23:51.000+05:45,2026-06-04T13:39:51.000+05:45,16,Severe weather,medium,Severe weather affecting line TW2 (medium severity)
DIS-727631,SWWD,PD3,2026-05-13T20:25:16.000+05:45,2026-05-13T22:29:16.000+05:45,124,Traffic congestion,high,Traffic congestion affecting line PD3 (high severity)
DIS-944286,SWWD,X2,2026-06-02T15:49:39.000+05:45,2026-06-02T17:38:39.000+05:45,109,Vehicle breakdown,low,Vehicle breakdown affecting line X2 (low severity)
DIS-237050,WDBC,30,2026-06-14T23:00:03.000+05:45,2026-06-14T23:59:03.000+05:45,59,Vehicle breakdown,high,Vehicle breakdown affecting line 30 (high severity)
DIS-854873,WDBC,NFB,2026-06-26T18:34:32.000+05:45,2026-06-26T22:13:32.000+05:45,219,Driver shortage,medium,Driver shortage affecting line NFB (medium severity)
DIS-921508,WDBC,6,2026-07-04T18:41:23.000+05:45,2026-07-04T22:29:23.000+05:45,228,Diversion,medium,Diversion affecting line 6 (medium severity)
DIS-390006,WDBC,775,2026-05-13T18:06:16.000+05:45,2026-05-13T19:52:16.000+05:45,106,Vehicle breakdown,medium,Vehicle breakdown affecting line 775 (medium severity)
DIS-326216,WDBC,24,2026-04-30T00:35:27.000+05:45,2026-04-30T04:06:27.000+05:45,211,Traffic congestion,high,Traffic congestion affecting line 24 (high severity)
DIS-255971,WDBC,17,2026-07-02T09:28:24.000+05:45,2026-07-02T11:26:24.000+05:45,118,Traffic congestion,high,Traffic congestion affecting line 17 (high severity)
DIS-281289,UNIL,U1C,2026-05-21T23:01:04.000+05:45,2026-05-22T00:51:04.000+05:45,110,Roadworks,low,Roadworks affecting line U1C (low severity)
DIS-599898,BLUS,538,2026-05-07T09:23:50.000+05:45,2026-05-07T13:02:50.000+05:45,219,Road closure,low,Road closure affecting line 538 (low severity)
DIS-693412,SWWD,927,2026-07-02T09:52:19.000+05:45,2026-07-02T10:56:19.000+05:45,64,Vehicle breakdown,high,Vehicle breakdown affecting line 927 (high severity)
DIS-423911,TDTR,155,2026-04-28T14:04:32.000+05:45,2026-04-28T17:31:32.000+05:45,207,Road closure,severe,Road closure affecting line 155 (severe severity)
DIS-497599,BLUS,19a,2026-06-29T20:52:53.000+05:45,2026-06-30T00:29:53.000+05:45,217,Traffic congestion,low,Traffic congestion affecting line 19a (low severity)
DIS-499752,UNIL,U1C,2026-06-14T21:06:57.000+05:45,2026-06-14T23:43:57.000+05:45,157,Planned engineering works,severe,Planned engineering works affecting line U1C (severe severity)
DIS-495354,WDBC,7B,2026-06-24T09:01:03.000+05:45,2026-06-24T10:29:03.000+05:45,88,Severe weather,high,Severe weather affecting line 7B (high severity)
DIS-901789,SWWD,29,2026-05-19T19:25:18.000+05:45,2026-05-19T20:11:18.000+05:45,46,Roadworks,high,Roadworks affecting line 29 (high severity)
DIS-562509,WDBC,3x,2026-06-24T21:11:34.000+05:45,2026-06-24T22:18:34.000+05:45,67,Severe weather,high,Severe weather affecting line 3x (high severity)
DIS-181717,TDTR,842,2026-06-30T01:41:41.000+05:45,2026-06-30T04:53:41.000+05:45,192,Traffic congestion,severe,Traffic congestion affecting line 842 (severe severity)
DIS-245913,WDBC,125,2026-05-12T23:50:21.000+05:45,2026-05-13T01:17:21.000+05:45,87,Accident on route,high,Accident on route affecting line 125 (high severity)
DIS-468868,DAMY,949,2026-05-11T06:26:11.000+05:45,2026-05-11T08:12:11.000+05:45,106,Driver shortage,medium,Driver shortage affecting line 949 (medium severity)
DIS-419387,SVCT,63,2026-06-17T17:54:28.000+05:45,2026-06-17T18:43:28.000+05:45,49,Road closure,severe,Road closure affecting line 63 (severe severity)
DIS-295819,BLUS,2,2026-05-30T20:48:05.000+05:45,2026-05-30T22:29:05.000+05:45,101,Planned engineering works,medium,Planned engineering works affecting line 2 (medium severity)
DIS-854830,WDBC,U1,2026-07-15T22:19:09.000+05:45,2026-07-15T22:41:09.000+05:45,22,Diversion,high,Diversion affecting line U1 (high severity)
DIS-598744,SWWD,X4,2026-05-19T06:18:07.000+05:45,2026-05-19T07:47:07.000+05:45,89,Vehicle breakdown,medium,Vehicle breakdown affecting line X4 (medium severity)
DIS-633944,TDTR,158,2026-05-04T14:07:50.000+05:45,2026-05-04T16:29:50.000+05:45,142,Roadworks,medium,Roadworks affecting line 158 (medium severity)
DIS-162840,BLUS,16,2026-06-10T22:15:04.000+05:45,2026-06-10T22:27:04.000+05:45,12,Road closure,high,Road closure affecting line 16 (high severity)
DIS-291129,TDTR,2,2026-06-05T16:30:22.000+05:45,2026-06-05T16:59:22.000+05:45,29,Vehicle breakdown,severe,Vehicle breakdown affecting line 2 (severe severity)
DIS-319368,WDBC,NFB,2026-05-12T01:29:47.000+05:45,2026-05-12T05:17:47.000+05:45,228,Accident on route,low,Accident on route affecting line NFB (low severity)
DIS-201339,WDBC,A,2026-06-28T23:32:09.000+05:45,2026-06-29T01:48:09.000+05:45,136,Planned engineering works,medium,Planned engineering works affecting line A (medium severity)
DIS-661789,BLUS,12,2026-07-11T03:47:57.000+05:45,2026-07-11T07:10:57.000+05:45,203,Severe weather,low,Severe weather affecting line 12 (low severity)
DIS-433078,SVCT,202,2026-07-19T01:05:27.000+05:45,2026-07-19T02:26:27.000+05:45,81,Severe weather,low,Severe weather affecting line 202 (low severity)
DIS-255624,BLUS,635,2026-05-07T18:40:01.000+05:45,2026-05-07T21:01:01.000+05:45,141,Driver shortage,low,Driver shortage affecting line 635 (low severity)
DIS-878643,SWWD,908,2026-06-22T18:32:23.000+05:45,2026-06-22T20:55:23.000+05:45,143,Road closure,medium,Road closure affecting line 908 (medium severity)
DIS-988066,WDBC,82,2026-07-14T12:14:36.000+05:45,2026-07-14T13:16:36.000+05:45,62,Severe weather,high,Severe weather affecting line 82 (high severity)
DIS-146140,SWWD,88,2026-04-29T18:58:05.000+05:45,2026-04-29T20:02:05.000+05:45,64,Road closure,low,Road closure affecting line 88 (low severity)
DIS-549632,SVCT,200,2026-07-04T19:27:58.000+05:45,2026-07-04T22:29:58.000+05:45,182,Driver shortage,medium,Driver shortage affecting line 200 (medium severity)
DIS-697103,SVCT,68,2026-07-11T02:50:43.000+05:45,2026-07-11T04:57:43.000+05:45,127,Roadworks,high,Roadworks affecting line 68 (high severity)
DIS-318377,SWWD,R12,2026-07-14T16:26:10.000+05:45,2026-07-14T18:30:10.000+05:45,124,Severe weather,high,Severe weather affecting line R12 (high severity)
DIS-444680,BLUS,3,2026-05-29T14:18:46.000+05:45,2026-05-29T16:27:46.000+05:45,129,Vehicle breakdown,medium,Vehicle breakdown affecting line 3 (medium severity)
DIS-749707,SWWD,937,2026-05-21T10:12:49.000+05:45,2026-05-21T11:56:49.000+05:45,104,Vehicle breakdown,high,Vehicle breakdown affecting line 937 (high severity)
DIS-858797,WDBC,NFR,2026-05-28T16:35:05.000+05:45,2026-05-28T17:24:05.000+05:45,49,Severe weather,severe,Severe weather affecting line NFR (severe severity)
DIS-996860,WDBC,16,2026-07-19T14:28:46.000+05:45,2026-07-19T14:38:46.000+05:45,10,Diversion,severe,Diversion affecting line 16 (severe severity)
DIS-777785,SWWD,906,2026-04-23T02:28:06.000+05:45,2026-04-23T06:16:06.000+05:45,228,Traffic congestion,medium,Traffic congestion affecting line 906 (medium severity)
DIS-158322,SWWD,2,2026-05-26T14:04:18.000+05:45,2026-05-26T14:33:18.000+05:45,29,Severe weather,low,Severe weather affecting line 2 (low severity)
DIS-694186,WDBC,50,2026-04-25T13:07:11.000+05:45,2026-04-25T15:27:11.000+05:45,140,Accident on route,low,Accident on route affecting line 50 (low severity)
DIS-737559,BLUS,19,2026-05-28T16:38:48.000+05:45,2026-05-28T19:31:48.000+05:45,173,Roadworks,medium,Roadworks affecting line 19 (medium severity)
DIS-883850,SWWD,PR15,2026-05-28T08:22:01.000+05:45,2026-05-28T09:56:01.000+05:45,94,Roadworks,severe,Roadworks affecting line PR15 (severe severity)
DIS-125841,BLUS,N18,2026-06-29T20:23:04.000+05:45,2026-06-29T23:52:04.000+05:45,209,Traffic congestion,low,Traffic congestion affecting line N18 (low severity)
DIS-242666,SVCT,7,2026-05-13T05:45:50.000+05:45,2026-05-13T09:37:50.000+05:45,232,Traffic congestion,high,Traffic congestion affecting line 7 (high severity)
DIS-412617,WDBC,36,2026-05-01T12:58:43.000+05:45,2026-05-01T13:50:43.000+05:45,52,Driver shortage,severe,Driver shortage affecting line 36 (severe severity)
DIS-683349,TDTR,X46,2026-05-18T17:44:25.000+05:45,2026-05-18T21:04:25.000+05:45,200,Traffic congestion,medium,Traffic congestion affecting line X46 (medium severity)
DIS-242424,BLUS,18,2026-07-09T13:40:38.000+05:45,2026-07-09T15:55:38.000+05:45,135,Driver shortage,medium,Driver shortage affecting line 18 (medium severity)
DIS-990811,SWWD,X7R,2026-05-19T00:27:04.000+05:45,2026-05-19T01:53:04.000+05:45,86,Severe weather,high,Severe weather affecting line X7R (high severity)
DIS-801612,TDTR,153,2026-05-27T16:43:23.000+05:45,2026-05-27T18:12:23.000+05:45,89,Traffic congestion,high,Traffic congestion affecting line 153 (high severity)
DIS-473444,SWWD,MHDRT,2026-05-31T19:19:55.000+05:45,2026-05-31T21:31:55.000+05:45,132,Severe weather,high,Severe weather affecting line MHDRT (high severity)
DIS-890576,WDBC,NFR,2026-05-05T16:54:43.000+05:45,2026-05-05T19:29:43.000+05:45,155,Vehicle breakdown,high,Vehicle breakdown affecting line NFR (high severity)
DIS-220400,SVCT,208,2026-05-03T06:27:58.000+05:45,2026-05-03T09:55:58.000+05:45,208,Driver shortage,severe,Driver shortage affecting line 208 (severe severity)
DIS-277816,BLUS,11,2026-06-13T19:16:21.000+05:45,2026-06-13T20:25:21.000+05:45,69,Planned engineering works,medium,Planned engineering works affecting line 11 (medium severity)
DIS-538437,WDBC,30,2026-06-14T00:19:21.000+05:45,2026-06-14T02:20:21.000+05:45,121,Traffic congestion,high,Traffic congestion affecting line 30 (high severity)
DIS-119594,SWWD,R8,2026-05-01T13:27:12.000+05:45,2026-05-01T13:39:12.000+05:45,12,Road closure,medium,Road closure affecting line R8 (medium severity)
DIS-542285,SVCT,39,2026-06-06T06:59:23.000+05:45,2026-06-06T09:55:23.000+05:45,176,Vehicle breakdown,low,Vehicle breakdown affecting line 39 (low severity)
DIS-352992,SWWD,926,2026-07-10T13:50:05.000+05:45,2026-07-10T17:35:05.000+05:45,225,Diversion,low,Diversion affecting line 926 (low severity)
DIS-520353,BLUS,17,2026-06-12T05:26:05.000+05:45,2026-06-12T07:35:05.000+05:45,129,Traffic congestion,low,Traffic congestion affecting line 17 (low severity)
DIS-593168,TDTR,15,2026-05-11T00:09:20.000+05:45,2026-05-11T01:50:20.000+05:45,101,Accident on route,severe,Accident on route affecting line 15 (severe severity)
DIS-336133,SVCT,TDB,2026-05-12T13:44:00.000+05:45,2026-05-12T15:43:00.000+05:45,119,Driver shortage,severe,Driver shortage affecting line TDB (severe severity)
DIS-905627,SWWD,R14,2026-06-21T15:52:15.000+05:45,2026-06-21T17:16:15.000+05:45,84,Roadworks,low,Roadworks affecting line R14 (low severity)
DIS-618464,WDBC,m1,2026-05-29T02:00:17.000+05:45,2026-05-29T04:42:17.000+05:45,162,Planned engineering works,medium,Planned engineering works affecting line m1 (medium severity)
DIS-252194,SVCT,2,2026-06-15T19:12:50.000+05:45,2026-06-15T20:48:50.000+05:45,96,Traffic congestion,medium,Traffic congestion affecting line 2 (medium severity)
DIS-660005,SWWD,R14,2026-05-16T22:40:45.000+05:45,2026-05-17T00:58:45.000+05:45,138,Severe weather,medium,Severe weather affecting line R14 (medium severity)
DIS-929022,WDBC,24,2026-07-09T19:49:10.000+05:45,2026-07-09T22:49:10.000+05:45,180,Driver shortage,high,Driver shortage affecting line 24 (high severity)
DIS-697167,BLUS,5,2026-05-22T22:30:13.000+05:45,2026-05-23T00:54:13.000+05:45,144,Traffic congestion,high,Traffic congestion affecting line 5 (high severity)
DIS-251391,WDBC,22,2026-06-07T12:35:27.000+05:45,2026-06-07T16:06:27.000+05:45,211,Driver shortage,medium,Driver shortage affecting line 22 (medium severity)
DIS-241886,SVCT,211,2026-05-04T01:52:43.000+05:45,2026-05-04T02:54:43.000+05:45,62,Planned engineering works,medium,Planned engineering works affecting line 211 (medium severity)
DIS-683245,BLUS,19,2026-07-13T01:26:16.000+05:45,2026-07-13T04:47:16.000+05:45,201,Severe weather,medium,Severe weather affecting line 19 (medium severity)
DIS-364626,TDTR,42,2026-06-02T22:05:39.000+05:45,2026-06-03T00:29:39.000+05:45,144,Driver shortage,medium,Driver shortage affecting line 42 (medium severity)
DIS-976575,SWWD,906,2026-05-03T22:53:23.000+05:45,2026-05-04T01:10:23.000+05:45,137,Traffic congestion,low,Traffic congestion affecting line 906 (low severity)
DIS-777060,SVCT,209,2026-06-26T05:05:49.000+05:45,2026-06-26T07:54:49.000+05:45,169,Road closure,medium,Road closure affecting line 209 (medium severity)
DIS-507248,SVCT,TDB,2026-05-16T15:57:58.000+05:45,2026-05-16T17:21:58.000+05:45,84,Road closure,low,Road closure affecting line TDB (low severity)
DIS-212143,SQ,TW4,2026-07-02T13:18:28.000+05:45,2026-07-02T16:56:28.000+05:45,218,Accident on route,low,Accident on route affecting line TW4 (low severity)
DIS-530151,WDBC,50,2026-05-20T02:36:21.000+05:45,2026-05-20T06:09:21.000+05:45,213,Accident on route,medium,Accident on route affecting line 50 (medium severity)
DIS-630379,SVCT,209,2026-07-13T10:32:52.000+05:45,2026-07-13T14:11:52.000+05:45,219,Vehicle breakdown,low,Vehicle breakdown affecting line 209 (low severity)
DIS-640880,BLUS,16,2026-06-26T13:23:35.000+05:45,2026-06-26T14:06:35.000+05:45,43,Road closure,low,Road closure affecting line 16 (low severity)
DIS-297385,WDBC,761,2026-05-13T15:30:44.000+05:45,2026-05-13T17:11:44.000+05:45,101,Driver shortage,low,Driver shortage affecting line 761 (low severity)
DIS-832565,WDBC,1A,2026-06-03T10:58:05.000+05:45,2026-06-03T13:39:05.000+05:45,161,Planned engineering works,severe,Planned engineering works affecting line 1A (severe severity)
DIS-385164,SWWD,R10,2026-06-17T01:41:47.000+05:45,2026-06-17T04:38:47.000+05:45,177,Traffic congestion,high,Traffic congestion affecting line R10 (high severity)
DIS-712191,SVCT,201,2026-07-08T09:37:26.000+05:45,2026-07-08T09:58:26.000+05:45,21,Road closure,medium,Road closure affecting line 201 (medium severity)
DIS-838035,WDBC,941,2026-04-24T13:33:33.000+05:45,2026-04-24T13:50:33.000+05:45,17,Accident on route,high,Accident on route affecting line 941 (high severity)
DIS-982680,WDBC,C,2026-05-16T23:06:17.000+05:45,2026-05-17T02:19:17.000+05:45,193,Diversion,high,Diversion affecting line C (high severity)
DIS-418820,BLUS,8,2026-06-13T14:49:04.000+05:45,2026-06-13T17:26:04.000+05:45,157,Severe weather,medium,Severe weather affecting line 8 (medium severity)
DIS-943412,SVCT,212,2026-06-18T17:38:48.000+05:45,2026-06-18T19:43:48.000+05:45,125,Planned engineering works,high,Planned engineering works affecting line 212 (high severity)
DIS-660897,SVCT,TSS,2026-07-01T14:13:31.000+05:45,2026-07-01T14:46:31.000+05:45,33,Driver shortage,medium,Driver shortage affecting line TSS (medium severity)
DIS-726574,TDTR,SSS,2026-06-23T21:07:52.000+05:45,2026-06-23T22:05:52.000+05:45,58,Vehicle breakdown,low,Vehicle breakdown affecting line SSS (low severity)
DIS-292585,WDBC,17,2026-05-25T03:44:58.000+05:45,2026-05-25T05:15:58.000+05:45,91,Roadworks,medium,Roadworks affecting line 17 (medium severity)
DIS-583104,WDBC,X3,2026-07-15T12:10:08.000+05:45,2026-07-15T12:33:08.000+05:45,23,Severe weather,low,Severe weather affecting line X3 (low severity)
DIS-582111,WDBC,15,2026-05-15T21:17:07.000+05:45,2026-05-15T22:19:07.000+05:45,62,Planned engineering works,medium,Planned engineering works affecting line 15 (medium severity)
DIS-186083,WDBC,m2,2026-05-22T14:52:31.000+05:45,2026-05-22T16:23:31.000+05:45,91,Vehicle breakdown,high,Vehicle breakdown affecting line m2 (high severity)
DIS-856576,SWWD,929,2026-05-23T18:32:58.000+05:45,2026-05-23T18:51:58.000+05:45,19,Roadworks,high,Roadworks affecting line 929 (high severity)
DIS-361489,DAMY,20,2026-05-11T07:35:19.000+05:45,2026-05-11T11:04:19.000+05:45,209,Roadworks,severe,Roadworks affecting line 20 (severe severity)
DIS-607689,WDBC,14,2026-06-21T10:22:10.000+05:45,2026-06-21T11:57:10.000+05:45,95,Planned engineering works,severe,Planned engineering works affecting line 14 (severe severity)
DIS-499283,SVCT,1,2026-07-12T10:16:37.000+05:45,2026-07-12T13:22:37.000+05:45,186,Planned engineering works,high,Planned engineering works affecting line 1 (high severity)
DIS-205706,TDTR,155,2026-06-08T21:43:53.000+05:45,2026-06-08T23:13:53.000+05:45,90,Planned engineering works,medium,Planned engineering works affecting line 155 (medium severity)
DIS-871205,WDBC,6,2026-05-29T17:36:32.000+05:45,2026-05-29T18:55:32.000+05:45,79,Planned engineering works,severe,Planned engineering works affecting line 6 (severe severity)
DIS-244229,WDBC,112,2026-07-18T18:30:12.000+05:45,2026-07-18T20:31:12.000+05:45,121,Road closure,severe,Road closure affecting line 112 (severe severity)
DIS-721053,SVCT,214,2026-04-26T09:03:02.000+05:45,2026-04-26T10:20:02.000+05:45,77,Traffic congestion,high,Traffic congestion affecting line 214 (high severity)
DIS-113899,SWWD,R10,2026-06-04T06:51:43.000+05:45,2026-06-04T10:44:43.000+05:45,233,Traffic congestion,medium,Traffic congestion affecting line R10 (medium severity)
DIS-419660,SWWD,908,2026-07-11T06:40:41.000+05:45,2026-07-11T07:52:41.000+05:45,72,Traffic congestion,low,Traffic congestion affecting line 908 (low severity)
DIS-577165,WDBC,940,2026-04-25T00:02:27.000+05:45,2026-04-25T02:01:27.000+05:45,119,Road closure,low,Road closure affecting line 940 (low severity)
DIS-476300,TDTR,156,2026-07-10T15:35:02.000+05:45,2026-07-10T19:19:02.000+05:45,224,Traffic congestion,medium,Traffic congestion affecting line 156 (medium severity)
DIS-436438,SVCT,201,2026-06-08T20:16:27.000+05:45,2026-06-08T20:47:27.000+05:45,31,Vehicle breakdown,medium,Vehicle breakdown affecting line 201 (medium severity)
DIS-715508,SVCT,206,2026-05-19T13:14:53.000+05:45,2026-05-19T14:15:53.000+05:45,61,Vehicle breakdown,medium,Vehicle breakdown affecting line 206 (medium severity)
DIS-900969,WDBC,14,2026-05-18T12:42:20.000+05:45,2026-05-18T16:03:20.000+05:45,201,Accident on route,medium,Accident on route affecting line 14 (medium severity)
DIS-406926,SWWD,937,2026-05-23T09:10:16.000+05:45,2026-05-23T10:31:16.000+05:45,81,Driver shortage,medium,Driver shortage affecting line 937 (medium severity)
DIS-140354,WDBC,C,2026-07-02T23:39:51.000+05:45,2026-07-03T02:48:51.000+05:45,189,Accident on route,medium,Accident on route affecting line C (medium severity)
DIS-945597,TDTR,120,2026-07-20T05:27:45.000+05:45,2026-07-20T06:16:45.000+05:45,49,Vehicle breakdown,high,Vehicle breakdown affecting line 120 (high severity)
DIS-124453,BLUS,19,2026-05-29T18:27:09.000+05:45,2026-05-29T20:03:09.000+05:45,96,Traffic congestion,medium,Traffic congestion affecting line 19 (medium severity)
DIS-784508,WDBC,60,2026-07-18T08:38:25.000+05:45,2026-07-18T10:11:25.000+05:45,93,Driver shortage,severe,Driver shortage affecting line 60 (severe severity)
DIS-587300,WDBC,4,2026-04-21T22:46:50.000+05:45,2026-04-22T02:00:50.000+05:45,194,Traffic congestion,severe,Traffic congestion affecting line 4 (severe severity)
DIS-768654,TDTR,152,2026-05-24T03:12:32.000+05:45,2026-05-24T04:58:32.000+05:45,106,Road closure,medium,Road closure affecting line 152 (medium severity)
DIS-914859,TDTR,15,2026-06-11T05:22:43.000+05:45,2026-06-11T07:31:43.000+05:45,129,Vehicle breakdown,severe,Vehicle breakdown affecting line 15 (severe severity)
DIS-511752,WDBC,31,2026-05-02T13:22:15.000+05:45,2026-05-02T17:11:15.000+05:45,229,Diversion,high,Diversion affecting line 31 (high severity)
DIS-271694,WDBC,775,2026-06-25T22:23:41.000+05:45,2026-06-26T01:26:41.000+05:45,183,Vehicle breakdown,high,Vehicle breakdown affecting line 775 (high severity)
DIS-607589,SWWD,R12,2026-04-23T03:21:48.000+05:45,2026-04-23T04:54:48.000+05:45,93,Road closure,high,Road closure affecting line R12 (high severity)
DIS-125117,WDBC,761,2026-06-29T17:56:56.000+05:45,2026-06-29T19:01:56.000+05:45,65,Severe weather,medium,Severe weather affecting line 761 (medium severity)
DIS-494658,UNIL,U2B,2026-05-14T06:59:44.000+05:45,2026-05-14T09:43:44.000+05:45,164,Road closure,severe,Road closure affecting line U2B (severe severity)
DIS-131829,SVCT,37,2026-06-07T15:30:16.000+05:45,2026-06-07T16:58:16.000+05:45,88,Planned engineering works,medium,Planned engineering works affecting line 37 (medium severity)
DIS-906193,SVCT,5,2026-06-20T03:01:01.000+05:45,2026-06-20T05:09:01.000+05:45,128,Road closure,medium,Road closure affecting line 5 (medium severity)
DIS-704549,BLUS,504,2026-05-26T10:08:50.000+05:45,2026-05-26T13:34:50.000+05:45,206,Driver shortage,medium,Driver shortage affecting line 504 (medium severity)
DIS-852513,TDTR,217,2026-05-05T01:40:08.000+05:45,2026-05-05T04:33:08.000+05:45,173,Roadworks,severe,Roadworks affecting line 217 (severe severity)
DIS-593872,BLUS,503,2026-06-05T23:47:43.000+05:45,2026-06-06T02:57:43.000+05:45,190,Accident on route,severe,Accident on route affecting line 503 (severe severity)
DIS-801269,SVCT,1,2026-05-07T16:51:48.000+05:45,2026-05-07T17:29:48.000+05:45,38,Accident on route,low,Accident on route affecting line 1 (low severity)
DIS-177321,BLUS,10,2026-07-01T19:49:51.000+05:45,2026-07-01T20:49:51.000+05:45,60,Planned engineering works,high,Planned engineering works affecting line 10 (high severity)
DIS-306772,SVCT,37,2026-04-29T10:22:27.000+05:45,2026-04-29T11:15:27.000+05:45,53,Driver shortage,low,Driver shortage affecting line 37 (low severity)
DIS-201815,TDTR,15,2026-06-30T05:12:22.000+05:45,2026-06-30T08:14:22.000+05:45,182,Driver shortage,low,Driver shortage affecting line 15 (low severity)
DIS-920486,TDTR,9,2026-06-01T05:23:43.000+05:45,2026-06-01T07:35:43.000+05:45,132,Road closure,low,Road closure affecting line 9 (low severity)
DIS-859718,SWWD,603,2026-06-01T05:00:53.000+05:45,2026-06-01T07:35:53.000+05:45,155,Diversion,severe,Diversion affecting line 603 (severe severity)
DIS-659872,SWWD,44,2026-06-24T17:29:33.000+05:45,2026-06-24T19:16:33.000+05:45,107,Traffic congestion,medium,Traffic congestion affecting line 44 (medium severity)
DIS-284545,TDTR,R26,2026-05-25T09:45:53.000+05:45,2026-05-25T13:04:53.000+05:45,199,Accident on route,medium,Accident on route affecting line R26 (medium severity)
DIS-217765,WDBC,762,2026-05-25T20:05:38.000+05:45,2026-05-25T23:54:38.000+05:45,229,Traffic congestion,low,Traffic congestion affecting line 762 (low severity)
DIS-114758,SVCT,203,2026-06-15T15:18:59.000+05:45,2026-06-15T17:02:59.000+05:45,104,Planned engineering works,medium,Planned engineering works affecting line 203 (medium severity)
DIS-312323,SVCT,212,2026-05-25T19:27:34.000+05:45,2026-05-25T21:51:34.000+05:45,144,Diversion,medium,Diversion affecting line 212 (medium severity)
DIS-502269,WDBC,17,2026-06-17T00:48:13.000+05:45,2026-06-17T01:05:13.000+05:45,17,Road closure,high,Road closure affecting line 17 (high severity)
DIS-979287,SVCT,209,2026-06-27T10:36:49.000+05:45,2026-06-27T13:54:49.000+05:45,198,Driver shortage,low,Driver shortage affecting line 209 (low severity)
DIS-222654,WDBC,81,2026-04-22T06:26:27.000+05:45,2026-04-22T07:24:27.000+05:45,58,Driver shortage,severe,Driver shortage affecting line 81 (severe severity)
DIS-194101,DAMY,1,2026-06-10T07:27:36.000+05:45,2026-06-10T08:41:36.000+05:45,74,Diversion,high,Diversion affecting line 1 (high severity)
DIS-552418,SWWD,901,2026-07-16T16:25:16.000+05:45,2026-07-16T18:18:16.000+05:45,113,Driver shortage,severe,Driver shortage affecting line 901 (severe severity)
DIS-961018,BLUS,28,2026-05-15T04:32:22.000+05:45,2026-05-15T06:19:22.000+05:45,107,Severe weather,high,Severe weather affecting line 28 (high severity)
DIS-478702,SVCT,59,2026-05-24T18:36:03.000+05:45,2026-05-24T20:09:03.000+05:45,93,Diversion,low,Diversion affecting line 59 (low severity)
DIS-551115,SVCT,63,2026-04-30T04:15:52.000+05:45,2026-04-30T07:09:52.000+05:45,174,Road closure,high,Road closure affecting line 63 (high severity)
DIS-674588,SVCT,12,2026-04-27T02:44:48.000+05:45,2026-04-27T03:12:48.000+05:45,28,Vehicle breakdown,low,Vehicle breakdown affecting line 12 (low severity)
DIS-631155,WDBC,70,2026-07-04T15:53:12.000+05:45,2026-07-04T19:50:12.000+05:45,237,Planned engineering works,high,Planned engineering works affecting line 70 (high severity)
DIS-659040,BLUS,504,2026-06-26T11:30:23.000+05:45,2026-06-26T14:30:23.000+05:45,180,Diversion,low,Diversion affecting line 504 (low severity)
DIS-578464,WDBC,14,2026-06-16T10:27:16.000+05:45,2026-06-16T13:11:16.000+05:45,164,Diversion,low,Diversion affecting line 14 (low severity)
DIS-887941,SWWD,37,2026-05-13T05:14:13.000+05:45,2026-05-13T07:16:13.000+05:45,122,Roadworks,high,Roadworks affecting line 37 (high severity)
DIS-215027,UNIL,U1C,2026-05-24T12:58:03.000+05:45,2026-05-24T14:39:03.000+05:45,101,Traffic congestion,low,Traffic congestion affecting line U1C (low severity)
DIS-254025,TDTR,48,2026-05-03T18:28:17.000+05:45,2026-05-03T20:44:17.000+05:45,136,Vehicle breakdown,medium,Vehicle breakdown affecting line 48 (medium severity)
DIS-620777,TDTR,48A,2026-05-30T19:02:30.000+05:45,2026-05-30T22:34:30.000+05:45,212,Planned engineering works,high,Planned engineering works affecting line 48A (high severity)
DIS-554110,SQ,TB1,2026-04-30T09:09:02.000+05:45,2026-04-30T11:21:02.000+05:45,132,Severe weather,medium,Severe weather affecting line TB1 (medium severity)
DIS-891010,TDTR,158,2026-05-08T22:36:59.000+05:45,2026-05-09T01:30:59.000+05:45,174,Roadworks,medium,Roadworks affecting line 158 (medium severity)
DIS-798722,BLUS,1,2026-07-17T13:59:41.000+05:45,2026-07-17T17:26:41.000+05:45,207,Driver shortage,high,Driver shortage affecting line 1 (high severity)
DIS-722923,WDBC,112,2026-06-21T03:41:22.000+05:45,2026-06-21T03:54:22.000+05:45,13,Accident on route,severe,Accident on route affecting line 112 (severe severity)
DIS-893027,SVCT,201,2026-06-20T08:06:03.000+05:45,2026-06-20T08:27:03.000+05:45,21,Traffic congestion,high,Traffic congestion affecting line 201 (high severity)
DIS-116617,WDBC,NFR,2026-06-05T20:03:08.000+05:45,2026-06-05T22:06:08.000+05:45,123,Vehicle breakdown,severe,Vehicle breakdown affecting line NFR (severe severity)
DIS-599925,SVCT,TNB,2026-06-07T04:37:03.000+05:45,2026-06-07T08:04:03.000+05:45,207,Vehicle breakdown,severe,Vehicle breakdown affecting line TNB (severe severity)
DIS-992603,SWWD,2A,2026-06-01T20:21:11.000+05:45,2026-06-01T23:26:11.000+05:45,185,Severe weather,medium,Severe weather affecting line 2A (medium severity)
DIS-757205,SWWD,PR7,2026-06-14T17:15:32.000+05:45,2026-06-14T20:37:32.000+05:45,202,Road closure,medium,Road closure affecting line PR7 (medium severity)
DIS-605427,SVCT,211,2026-07-05T00:33:19.000+05:45,2026-07-05T02:11:19.000+05:45,98,Diversion,severe,Diversion affecting line 211 (severe severity)
DIS-113799,SVCT,1,2026-07-04T01:14:02.000+05:45,2026-07-04T02:48:02.000+05:45,94,Road closure,medium,Road closure affecting line 1 (medium severity)
DIS-161123,WDBC,7A,2026-07-06T02:33:14.000+05:45,2026-07-06T06:07:14.000+05:45,214,Traffic congestion,severe,Traffic congestion affecting line 7A (severe severity)
DIS-572947,SVCT,211,2026-07-05T18:55:40.000+05:45,2026-07-05T19:26:40.000+05:45,31,Driver shortage,severe,Driver shortage affecting line 211 (severe severity)
DIS-704008,SWWD,R1,2026-04-24T19:05:00.000+05:45,2026-04-24T22:39:00.000+05:45,214,Road closure,severe,Road closure affecting line R1 (severe severity)
DIS-491414,DAMY,CR8,2026-05-28T16:00:53.000+05:45,2026-05-28T17:55:53.000+05:45,115,Diversion,medium,Diversion affecting line CR8 (medium severity)
DIS-581878,TDTR,X76,2026-07-19T23:03:40.000+05:45,2026-07-20T00:25:40.000+05:45,82,Diversion,medium,Diversion affecting line X76 (medium severity)
DIS-213969,WDBC,14,2026-05-02T06:30:12.000+05:45,2026-05-02T07:11:12.000+05:45,41,Vehicle breakdown,severe,Vehicle breakdown affecting line 14 (severe severity)
DIS-472497,SWWD,901,2026-05-11T03:38:28.000+05:45,2026-05-11T04:03:28.000+05:45,25,Accident on route,severe,Accident on route affecting line 901 (severe severity)
DIS-358708,WDBC,m1,2026-05-31T18:20:39.000+05:45,2026-05-31T18:53:39.000+05:45,33,Traffic congestion,medium,Traffic congestion affecting line m1 (medium severity)
DIS-340070,DAMY,6,2026-05-26T04:28:01.000+05:45,2026-05-26T05:28:01.000+05:45,60,Vehicle breakdown,low,Vehicle breakdown affecting line 6 (low severity)
DIS-246795,TDTR,16,2026-06-05T06:05:58.000+05:45,2026-06-05T07:12:58.000+05:45,67,Roadworks,medium,Roadworks affecting line 16 (medium severity)
DIS-467071,BLUS,13,2026-04-29T00:44:24.000+05:45,2026-04-29T01:34:24.000+05:45,50,Diversion,low,Diversion affecting line 13 (low severity)
DIS-757843,BLUS,539,2026-04-25T16:52:39.000+05:45,2026-04-25T20:11:39.000+05:45,199,Accident on route,medium,Accident on route affecting line 539 (medium severity)
DIS-447085,BLUS,5,2026-07-04T10:34:23.000+05:45,2026-07-04T11:24:23.000+05:45,50,Accident on route,low,Accident on route affecting line 5 (low severity)
DIS-641397,BLUS,539,2026-05-06T13:37:04.000+05:45,2026-05-06T17:28:04.000+05:45,231,Road closure,medium,Road closure affecting line 539 (medium severity)
DIS-481446,BLUS,N18,2026-06-16T16:33:34.000+05:45,2026-06-16T19:36:34.000+05:45,183,Driver shortage,low,Driver shortage affecting line N18 (low severity)
DIS-649920,SWWD,R14,2026-05-23T21:36:33.000+05:45,2026-05-23T23:16:33.000+05:45,100,Driver shortage,high,Driver shortage affecting line R14 (high severity)
DIS-758701,SQ,DEAD,2026-06-21T09:06:01.000+05:45,2026-06-21T12:44:01.000+05:45,218,Road closure,severe,Road closure affecting line DEAD (severe severity)
DIS-433830,SWWD,PR7,2026-04-30T19:17:19.000+05:45,2026-04-30T19:37:19.000+05:45,20,Planned engineering works,low,Planned engineering works affecting line PR7 (low severity)
DIS-625500,SWWD,PR3,2026-06-13T23:28:51.000+05:45,2026-06-14T00:59:51.000+05:45,91,Severe weather,medium,Severe weather affecting line PR3 (medium severity)
DIS-743968,WDBC,12,2026-06-25T04:05:34.000+05:45,2026-06-25T04:18:34.000+05:45,13,Severe weather,severe,Severe weather affecting line 12 (severe severity)
DIS-327064,WDBC,1A,2026-07-06T07:49:21.000+05:45,2026-07-06T09:39:21.000+05:45,110,Road closure,medium,Road closure affecting line 1A (medium severity)
DIS-583928,WDBC,m1,2026-05-04T15:29:22.000+05:45,2026-05-04T19:16:22.000+05:45,227,Diversion,high,Diversion affecting line m1 (high severity)
DIS-606883,SWWD,R14,2026-06-08T08:09:30.000+05:45,2026-06-08T11:28:30.000+05:45,199,Traffic congestion,medium,Traffic congestion affecting line R14 (medium severity)
DIS-754282,BLUS,504,2026-07-10T13:46:22.000+05:45,2026-07-10T15:37:22.000+05:45,111,Traffic congestion,severe,Traffic congestion affecting line 504 (severe severity)
DIS-804208,SWWD,R4,2026-06-06T22:28:43.000+05:45,2026-06-06T23:40:43.000+05:45,72,Planned engineering works,high,Planned engineering works affecting line R4 (high severity)
DIS-190742,TDTR,152,2026-06-08T23:56:32.000+05:45,2026-06-09T02:09:32.000+05:45,133,Vehicle breakdown,low,Vehicle breakdown affecting line 152 (low severity)
DIS-495740,BLUS,4,2026-04-20T21:52:00.000+05:45,2026-04-20T23:16:00.000+05:45,84,Planned engineering works,medium,Planned engineering works affecting line 4 (medium severity)
DIS-869375,TDTR,80,2026-06-27T18:20:47.000+05:45,2026-06-27T20:17:47.000+05:45,117,Traffic congestion,high,Traffic congestion affecting line 80 (high severity)
DIS-677379,WDBC,22,2026-06-24T01:53:43.000+05:45,2026-06-24T02:29:43.000+05:45,36,Vehicle breakdown,high,Vehicle breakdown affecting line 22 (high severity)
DIS-824753,SWWD,X4,2026-04-23T04:34:23.000+05:45,2026-04-23T06:45:23.000+05:45,131,Diversion,high,Diversion affecting line X4 (high severity)
DIS-656917,WDBC,RG2,2026-06-27T04:22:38.000+05:45,2026-06-27T06:53:38.000+05:45,151,Planned engineering works,severe,Planned engineering works affecting line RG2 (severe severity)
DIS-778423,WDBC,B,2026-04-26T07:22:41.000+05:45,2026-04-26T08:00:41.000+05:45,38,Accident on route,severe,Accident on route affecting line B (severe severity)
DIS-292197,WDBC,762,2026-07-06T04:21:43.000+05:45,2026-07-06T07:10:43.000+05:45,169,Accident on route,high,Accident on route affecting line 762 (high severity)
DIS-468724,WDBC,7B,2026-04-21T20:39:37.000+05:45,2026-04-21T22:13:37.000+05:45,94,Driver shortage,medium,Driver shortage affecting line 7B (medium severity)
DIS-358558,SVCT,SL,2026-06-06T23:38:25.000+05:45,2026-06-07T03:23:25.000+05:45,225,Road closure,medium,Road closure affecting line SL (medium severity)
DIS-861926,TDTR,23,2026-06-26T10:30:14.000+05:45,2026-06-26T12:52:14.000+05:45,142,Vehicle breakdown,low,Vehicle breakdown affecting line 23 (low severity)
DIS-910774,DAMY,CR9,2026-05-31T16:00:07.000+05:45,2026-05-31T18:28:07.000+05:45,148,Roadworks,severe,Roadworks affecting line CR9 (severe severity)
DIS-437545,DAMY,20,2026-07-03T07:19:17.000+05:45,2026-07-03T11:17:17.000+05:45,238,Roadworks,severe,Roadworks affecting line 20 (severe severity)
DIS-863457,WDBC,ONE,2026-06-22T20:22:20.000+05:45,2026-06-22T20:34:20.000+05:45,12,Diversion,high,Diversion affecting line ONE (high severity)
DIS-277458,SWWD,88,2026-04-30T13:36:24.000+05:45,2026-04-30T15:27:24.000+05:45,111,Traffic congestion,medium,Traffic congestion affecting line 88 (medium severity)
DIS-422925,TDTR,155,2026-06-16T07:16:07.000+05:45,2026-06-16T08:44:07.000+05:45,88,Road closure,high,Road closure affecting line 155 (high severity)
DIS-317453,WDBC,4,2026-05-09T12:54:02.000+05:45,2026-05-09T16:33:02.000+05:45,219,Severe weather,medium,Severe weather affecting line 4 (medium severity)
DIS-784051,DAMY,CR9,2026-05-27T07:24:52.000+05:45,2026-05-27T09:26:52.000+05:45,122,Planned engineering works,medium,Planned engineering works affecting line CR9 (medium severity)
DIS-213300,BLUS,NFG,2026-06-11T22:09:12.000+05:45,2026-06-12T01:01:12.000+05:45,172,Roadworks,severe,Roadworks affecting line NFG (severe severity)
DIS-879546,SWWD,PR15,2026-06-29T17:48:24.000+05:45,2026-06-29T19:18:24.000+05:45,90,Vehicle breakdown,high,Vehicle breakdown affecting line PR15 (high severity)
DIS-688150,TDTR,X46,2026-06-30T23:47:13.000+05:45,2026-07-01T01:26:13.000+05:45,99,Diversion,low,Diversion affecting line X46 (low severity)
DIS-949638,SWWD,X7,2026-07-10T07:30:16.000+05:45,2026-07-10T07:45:16.000+05:45,15,Roadworks,medium,Roadworks affecting line X7 (medium severity)
DIS-612076,WDBC,3,2026-05-20T07:01:01.000+05:45,2026-05-20T07:56:01.000+05:45,55,Planned engineering works,high,Planned engineering works affecting line 3 (high severity)
DIS-240126,SWWD,901,2026-06-06T00:51:07.000+05:45,2026-06-06T02:52:07.000+05:45,121,Diversion,high,Diversion affecting line 901 (high severity)
DIS-798505,BLUS,8,2026-05-26T04:13:37.000+05:45,2026-05-26T04:50:37.000+05:45,37,Diversion,medium,Diversion affecting line 8 (medium severity)
DIS-186607,TDTR,154,2026-05-28T10:27:55.000+05:45,2026-05-28T13:04:55.000+05:45,157,Planned engineering works,medium,Planned engineering works affecting line 154 (medium severity)
DIS-653042,TDTR,R26,2026-05-31T07:42:08.000+05:45,2026-05-31T10:50:08.000+05:45,188,Traffic congestion,low,Traffic congestion affecting line R26 (low severity)
DIS-841927,SWWD,R2,2026-06-02T13:25:35.000+05:45,2026-06-02T13:58:35.000+05:45,33,Traffic congestion,low,Traffic congestion affecting line R2 (low severity)
DIS-684865,TDTR,13,2026-05-06T15:14:14.000+05:45,2026-05-06T16:15:14.000+05:45,61,Accident on route,low,Accident on route affecting line 13 (low severity)
DIS-538842,SVCT,63,2026-05-25T11:48:00.000+05:45,2026-05-25T14:05:00.000+05:45,137,Driver shortage,high,Driver shortage affecting line 63 (high severity)
DIS-518123,TDTR,1,2026-06-06T20:31:33.000+05:45,2026-06-06T22:54:33.000+05:45,143,Diversion,low,Diversion affecting line 1 (low severity)
DIS-280771,BLUS,10,2026-04-29T00:00:24.000+05:45,2026-04-29T02:58:24.000+05:45,178,Planned engineering works,medium,Planned engineering works affecting line 10 (medium severity)
DIS-217514,WDBC,119,2026-06-20T06:34:17.000+05:45,2026-06-20T09:31:17.000+05:45,177,Planned engineering works,low,Planned engineering works affecting line 119 (low severity)
DIS-491529,TDTR,21,2026-07-03T23:38:00.000+05:45,2026-07-04T01:45:00.000+05:45,127,Vehicle breakdown,severe,Vehicle breakdown affecting line 21 (severe severity)
DIS-411667,WDBC,26,2026-06-17T13:39:46.000+05:45,2026-06-17T14:18:46.000+05:45,39,Planned engineering works,low,Planned engineering works affecting line 26 (low severity)
DIS-726573,SWWD,937,2026-07-10T14:39:50.000+05:45,2026-07-10T17:11:50.000+05:45,152,Accident on route,low,Accident on route affecting line 937 (low severity)
DIS-580831,WDBC,33,2026-06-18T22:37:47.000+05:45,2026-06-19T00:53:47.000+05:45,136,Traffic congestion,medium,Traffic congestion affecting line 33 (medium severity)
DIS-476302,SWWD,927,2026-05-26T18:00:11.000+05:45,2026-05-26T18:41:11.000+05:45,41,Severe weather,low,Severe weather affecting line 927 (low severity)
DIS-660058,SWWD,901,2026-05-30T09:08:33.000+05:45,2026-05-30T11:50:33.000+05:45,162,Accident on route,low,Accident on route affecting line 901 (low severity)
DIS-567012,TDTR,16,2026-05-09T01:15:07.000+05:45,2026-05-09T03:00:07.000+05:45,105,Traffic congestion,medium,Traffic congestion affecting line 16 (medium severity)
DIS-446701,SWWD,66,2026-07-04T18:52:35.000+05:45,2026-07-04T20:48:35.000+05:45,116,Traffic congestion,severe,Traffic congestion affecting line 66 (severe severity)
DIS-284736,SQ,TB1,2026-05-15T14:03:17.000+05:45,2026-05-15T15:35:17.000+05:45,92,Roadworks,low,Roadworks affecting line TB1 (low severity)
DIS-220984,WDBC,744,2026-06-17T11:06:06.000+05:45,2026-06-17T12:39:06.000+05:45,93,Traffic congestion,severe,Traffic congestion affecting line 744 (severe severity)
DIS-965620,TDTR,X46,2026-06-03T08:37:04.000+05:45,2026-06-03T10:27:04.000+05:45,110,Severe weather,high,Severe weather affecting line X46 (high severity)
DIS-259623,WDBC,X3,2026-06-12T19:43:00.000+05:45,2026-06-12T21:26:00.000+05:45,103,Accident on route,severe,Accident on route affecting line X3 (severe severity)
DIS-921122,SVCT,1,2026-05-10T01:41:12.000+05:45,2026-05-10T04:13:12.000+05:45,152,Traffic congestion,high,Traffic congestion affecting line 1 (high severity)
DIS-766220,SWWD,X5,2026-05-03T13:05:51.000+05:45,2026-05-03T17:03:51.000+05:45,238,Traffic congestion,high,Traffic congestion affecting line X5 (high severity)
DIS-926232,WDBC,25,2026-06-24T22:58:31.000+05:45,2026-06-25T02:49:31.000+05:45,231,Roadworks,medium,Roadworks affecting line 25 (medium severity)
DIS-950372,TDTR,9,2026-05-07T22:01:30.000+05:45,2026-05-08T00:24:30.000+05:45,143,Vehicle breakdown,high,Vehicle breakdown affecting line 9 (high severity)
DIS-969867,SQ,TW4,2026-05-22T02:43:12.000+05:45,2026-05-22T06:41:12.000+05:45,238,Planned engineering works,severe,Planned engineering works affecting line TW4 (severe severity)
DIS-842579,SVCT,212,2026-06-16T09:28:16.000+05:45,2026-06-16T11:45:16.000+05:45,137,Road closure,low,Road closure affecting line 212 (low severity)
DIS-342960,TDTR,154,2026-07-07T21:45:25.000+05:45,2026-07-07T22:07:25.000+05:45,22,Road closure,low,Road closure affecting line 154 (low severity)
DIS-437001,SVCT,TSS,2026-04-22T00:24:38.000+05:45,2026-04-22T02:15:38.000+05:45,111,Severe weather,medium,Severe weather affecting line TSS (medium severity)
DIS-519178,WDBC,21,2026-05-13T21:00:29.000+05:45,2026-05-13T21:55:29.000+05:45,55,Diversion,severe,Diversion affecting line 21 (severe severity)
DIS-873164,BLUS,19,2026-04-25T15:00:56.000+05:45,2026-04-25T17:30:56.000+05:45,150,Diversion,severe,Diversion affecting line 19 (severe severity)
DIS-941456,SWWD,8,2026-04-23T21:36:01.000+05:45,2026-04-24T00:16:01.000+05:45,160,Accident on route,high,Accident on route affecting line 8 (high severity)
DIS-964661,SWWD,101,2026-07-12T19:48:39.000+05:45,2026-07-12T22:10:39.000+05:45,142,Accident on route,low,Accident on route affecting line 101 (low severity)
DIS-605716,SWWD,901,2026-07-13T23:03:53.000+05:45,2026-07-14T00:24:53.000+05:45,81,Driver shortage,low,Driver shortage affecting line 901 (low severity)
DIS-312839,SWWD,101,2026-04-30T17:36:01.000+05:45,2026-04-30T19:08:01.000+05:45,92,Accident on route,high,Accident on route affecting line 101 (high severity)
DIS-904958,WDBC,10,2026-04-25T07:36:01.000+05:45,2026-04-25T10:06:01.000+05:45,150,Traffic congestion,high,Traffic congestion affecting line 10 (high severity)
DIS-895343,WDBC,U3,2026-07-12T19:01:59.000+05:45,2026-07-12T20:16:59.000+05:45,75,Planned engineering works,high,Planned engineering works affecting line U3 (high severity)
DIS-986884,SWWD,966,2026-05-27T17:49:29.000+05:45,2026-05-27T21:28:29.000+05:45,219,Traffic congestion,medium,Traffic congestion affecting line 966 (medium severity)
DIS-725179,WDBC,744,2026-06-19T01:07:02.000+05:45,2026-06-19T04:13:02.000+05:45,186,Road closure,severe,Road closure affecting line 744 (severe severity)
DIS-292963,BLUS,503,2026-05-12T07:18:16.000+05:45,2026-05-12T11:12:16.000+05:45,234,Severe weather,medium,Severe weather affecting line 503 (medium severity)
DIS-561973,DAMY,CR9,2026-06-06T09:59:25.000+05:45,2026-06-06T10:31:25.000+05:45,32,Driver shortage,high,Driver shortage affecting line CR9 (high severity)
DIS-280628,TDTR,17,2026-06-26T10:44:09.000+05:45,2026-06-26T13:49:09.000+05:45,185,Diversion,severe,Diversion affecting line 17 (severe severity)
DIS-733716,BLUS,757,2026-05-27T13:48:10.000+05:45,2026-05-27T16:09:10.000+05:45,141,Planned engineering works,medium,Planned engineering works affecting line 757 (medium severity)
DIS-983436,WDBC,20,2026-07-04T23:14:32.000+05:45,2026-07-05T03:03:32.000+05:45,229,Planned engineering works,severe,Planned engineering works affecting line 20 (severe severity)
DIS-539909,WDBC,1B,2026-07-03T09:37:05.000+05:45,2026-07-03T10:27:05.000+05:45,50,Planned engineering works,high,Planned engineering works affecting line 1B (high severity)
DIS-790249,WDBC,21,2026-05-27T04:57:24.000+05:45,2026-05-27T06:27:24.000+05:45,90,Road closure,medium,Road closure affecting line 21 (medium severity)
DIS-616363,SWWD,PR9,2026-04-22T01:04:52.000+05:45,2026-04-22T01:59:52.000+05:45,55,Diversion,medium,Diversion affecting line PR9 (medium severity)
DIS-511580,WDBC,744,2026-05-23T04:16:35.000+05:45,2026-05-23T04:29:35.000+05:45,13,Accident on route,low,Accident on route affecting line 744 (low severity)
DIS-591040,WDBC,38,2026-06-20T20:34:43.000+05:45,2026-06-21T00:01:43.000+05:45,207,Severe weather,high,Severe weather affecting line 38 (high severity)
DIS-731384,SVCT,204,2026-04-25T17:02:08.000+05:45,2026-04-25T17:34:08.000+05:45,32,Traffic congestion,low,Traffic congestion affecting line 204 (low severity)
DIS-271880,WDBC,U1,2026-05-09T20:55:59.000+05:45,2026-05-09T21:38:59.000+05:45,43,Accident on route,high,Accident on route affecting line U1 (high severity)
DIS-270079,UNIL,U6H,2026-05-21T00:50:10.000+05:45,2026-05-21T01:30:10.000+05:45,40,Accident on route,low,Accident on route affecting line U6H (low severity)
DIS-654254,SWWD,R14,2026-07-16T13:34:47.000+05:45,2026-07-16T17:17:47.000+05:45,223,Planned engineering works,high,Planned engineering works affecting line R14 (high severity)
DIS-704185,BLUS,538,2026-06-21T22:40:08.000+05:45,2026-06-21T22:51:08.000+05:45,11,Accident on route,medium,Accident on route affecting line 538 (medium severity)
DIS-573494,TDTR,X46,2026-06-30T20:12:31.000+05:45,2026-06-30T21:13:31.000+05:45,61,Accident on route,medium,Accident on route affecting line X46 (medium severity)
DIS-445387,BLUS,PRH,2026-05-07T04:00:17.000+05:45,2026-05-07T06:33:17.000+05:45,153,Roadworks,high,Roadworks affecting line PRH (high severity)
DIS-245990,SWWD,X5,2026-07-15T10:04:06.000+05:45,2026-07-15T11:05:06.000+05:45,61,Planned engineering works,medium,Planned engineering works affecting line X5 (medium severity)
DIS-414757,SWWD,ST,2026-06-13T10:05:43.000+05:45,2026-06-13T11:11:43.000+05:45,66,Roadworks,severe,Roadworks affecting line ST (severe severity)
DIS-910292,TDTR,153,2026-06-11T02:29:43.000+05:45,2026-06-11T06:11:43.000+05:45,222,Accident on route,medium,Accident on route affecting line 153 (medium severity)
DIS-655303,SWWD,PR9,2026-07-01T19:37:51.000+05:45,2026-07-01T22:53:51.000+05:45,196,Planned engineering works,severe,Planned engineering works affecting line PR9 (severe severity)
DIS-293599,BLUS,4,2026-06-28T06:24:22.000+05:45,2026-06-28T07:32:22.000+05:45,68,Accident on route,medium,Accident on route affecting line 4 (medium severity)
DIS-725939,SVCT,2,2026-07-13T23:59:06.000+05:45,2026-07-14T02:43:06.000+05:45,164,Vehicle breakdown,low,Vehicle breakdown affecting line 2 (low severity)
DIS-932005,WDBC,7A,2026-06-14T12:07:04.000+05:45,2026-06-14T14:07:04.000+05:45,120,Roadworks,severe,Roadworks affecting line 7A (severe severity)
DIS-633016,WDBC,22,2026-07-09T09:14:37.000+05:45,2026-07-09T12:29:37.000+05:45,195,Traffic congestion,medium,Traffic congestion affecting line 22 (medium severity)
DIS-707340,DAMY,CR7,2026-06-14T00:52:26.000+05:45,2026-06-14T04:28:26.000+05:45,216,Accident on route,severe,Accident on route affecting line CR7 (severe severity)
DIS-477363,SQ,TW4,2026-05-15T09:17:39.000+05:45,2026-05-15T12:01:39.000+05:45,164,Diversion,severe,Diversion affecting line TW4 (severe severity)
DIS-391110,BLUS,757,2026-07-11T09:28:00.000+05:45,2026-07-11T13:28:00.000+05:45,240,Roadworks,severe,Roadworks affecting line 757 (severe severity)
DIS-494158,UNIL,U2C,2026-05-23T20:20:44.000+05:45,2026-05-23T22:03:44.000+05:45,103,Roadworks,medium,Roadworks affecting line U2C (medium severity)
DIS-856044,SVCT,212,2026-07-06T20:56:16.000+05:45,2026-07-07T00:33:16.000+05:45,217,Road closure,low,Road closure affecting line 212 (low severity)
DIS-916688,UNIL,U2C,2026-05-21T18:56:29.000+05:45,2026-05-21T19:12:29.000+05:45,16,Driver shortage,high,Driver shortage affecting line U2C (high severity)
DIS-926720,UNIL,U6C,2026-04-22T10:43:12.000+05:45,2026-04-22T11:48:12.000+05:45,65,Traffic congestion,high,Traffic congestion affecting line U6C (high severity)
DIS-573009,SVCT,205,2026-04-27T08:01:25.000+05:45,2026-04-27T11:47:25.000+05:45,226,Road closure,medium,Road closure affecting line 205 (medium severity)
DIS-693832,BLUS,539,2026-06-28T20:33:24.000+05:45,2026-06-28T23:40:24.000+05:45,187,Severe weather,low,Severe weather affecting line 539 (low severity)
DIS-418535,SVCT,5,2026-05-12T21:58:13.000+05:45,2026-05-13T01:15:13.000+05:45,197,Traffic congestion,severe,Traffic congestion affecting line 5 (severe severity)
DIS-195841,WDBC,125,2026-06-14T14:39:12.000+05:45,2026-06-14T16:16:12.000+05:45,97,Roadworks,high,Roadworks affecting line 125 (high severity)
DIS-616977,BLUS,21,2026-05-04T12:11:36.000+05:45,2026-05-04T14:59:36.000+05:45,168,Traffic congestion,severe,Traffic congestion affecting line 21 (severe severity)
DIS-684347,WDBC,L3,2026-05-08T18:38:55.000+05:45,2026-05-08T22:16:55.000+05:45,218,Diversion,severe,Diversion affecting line L3 (severe severity)
DIS-975513,DAMY,1,2026-05-15T22:15:37.000+05:45,2026-05-15T22:36:37.000+05:45,21,Road closure,high,Road closure affecting line 1 (high severity)
DIS-279378,TDTR,217,2026-06-03T07:31:47.000+05:45,2026-06-03T08:13:47.000+05:45,42,Traffic congestion,high,Traffic congestion affecting line 217 (high severity)
DIS-290164,WDBC,112,2026-05-07T09:02:51.000+05:45,2026-05-07T10:34:51.000+05:45,92,Planned engineering works,medium,Planned engineering works affecting line 112 (medium severity)
DIS-311087,SVCT,204,2026-06-14T16:23:05.000+05:45,2026-06-14T19:36:05.000+05:45,193,Accident on route,high,Accident on route affecting line 204 (high severity)
DIS-358554,SVCT,204,2026-07-11T02:31:44.000+05:45,2026-07-11T03:37:44.000+05:45,66,Road closure,severe,Road closure affecting line 204 (severe severity)
DIS-248556,SVCT,SL,2026-05-07T11:49:43.000+05:45,2026-05-07T15:08:43.000+05:45,199,Accident on route,low,Accident on route affecting line SL (low severity)
DIS-912864,SWWD,966,2026-05-18T22:59:28.000+05:45,2026-05-18T23:30:28.000+05:45,31,Diversion,low,Diversion affecting line 966 (low severity)
DIS-565454,SVCT,2,2026-05-04T03:12:10.000+05:45,2026-05-04T06:47:10.000+05:45,215,Road closure,medium,Road closure affecting line 2 (medium severity)
DIS-751304,DAMY,5,2026-05-12T11:53:00.000+05:45,2026-05-12T15:04:00.000+05:45,191,Driver shortage,low,Driver shortage affecting line 5 (low severity)
DIS-217563,SVCT,7,2026-05-19T02:22:52.000+05:45,2026-05-19T05:43:52.000+05:45,201,Roadworks,medium,Roadworks affecting line 7 (medium severity)
DIS-817979,SVCT,5,2026-07-11T06:05:33.000+05:45,2026-07-11T06:20:33.000+05:45,15,Driver shortage,severe,Driver shortage affecting line 5 (severe severity)
DIS-610505,TDTR,SSS,2026-04-21T15:28:28.000+05:45,2026-04-21T16:24:28.000+05:45,56,Roadworks,severe,Roadworks affecting line SSS (severe severity)
DIS-665408,SWWD,X2,2026-05-24T02:48:39.000+05:45,2026-05-24T05:48:39.000+05:45,180,Planned engineering works,medium,Planned engineering works affecting line X2 (medium severity)
DIS-189637,BLUS,10,2026-05-09T07:15:12.000+05:45,2026-05-09T11:07:12.000+05:45,232,Vehicle breakdown,low,Vehicle breakdown affecting line 10 (low severity)
DIS-366585,SWWD,663,2026-07-16T04:01:23.000+05:45,2026-07-16T07:51:23.000+05:45,230,Diversion,medium,Diversion affecting line 663 (medium severity)
DIS-450578,SWWD,2A,2026-07-21T00:04:43.000+05:45,2026-07-21T03:34:43.000+05:45,210,Diversion,high,Diversion affecting line 2A (high severity)
DIS-115477,WDBC,81,2026-06-19T03:19:10.000+05:45,2026-06-19T04:52:10.000+05:45,93,Vehicle breakdown,medium,Vehicle breakdown affecting line 81 (medium severity)
DIS-485983,BLUS,15,2026-07-18T09:16:14.000+05:45,2026-07-18T13:07:14.000+05:45,231,Diversion,medium,Diversion affecting line 15 (medium severity)
DIS-687475,BLUS,757,2026-05-06T00:01:41.000+05:45,2026-05-06T03:08:41.000+05:45,187,Roadworks,severe,Roadworks affecting line 757 (severe severity)
DIS-798318,TDTR,120,2026-07-15T18:47:48.000+05:45,2026-07-15T21:12:48.000+05:45,145,Roadworks,low,Roadworks affecting line 120 (low severity)
DIS-825095,TDTR,158,2026-06-05T09:34:51.000+05:45,2026-06-05T11:46:51.000+05:45,132,Road closure,high,Road closure affecting line 158 (high severity)
DIS-624574,SVCT,TDB,2026-06-15T16:07:50.000+05:45,2026-06-15T17:36:50.000+05:45,89,Accident on route,severe,Accident on route affecting line TDB (severe severity)
DIS-989857,WDBC,70,2026-07-19T01:34:02.000+05:45,2026-07-19T05:11:02.000+05:45,217,Traffic congestion,high,Traffic congestion affecting line 70 (high severity)
DIS-228864,WDBC,7B,2026-06-09T07:02:52.000+05:45,2026-06-09T08:29:52.000+05:45,87,Road closure,medium,Road closure affecting line 7B (medium severity)
DIS-397704,WDBC,20,2026-07-18T17:25:38.000+05:45,2026-07-18T18:02:38.000+05:45,37,Diversion,severe,Diversion affecting line 20 (severe severity)
DIS-909902,WDBC,1B,2026-05-13T21:29:18.000+05:45,2026-05-14T00:41:18.000+05:45,192,Roadworks,severe,Roadworks affecting line 1B (severe severity)
DIS-709372,TDTR,12,2026-06-25T07:29:59.000+05:45,2026-06-25T09:18:59.000+05:45,109,Accident on route,high,Accident on route affecting line 12 (high severity)
DIS-271290,WDBC,18,2026-06-07T20:16:46.000+05:45,2026-06-07T20:47:46.000+05:45,31,Severe weather,low,Severe weather affecting line 18 (low severity)
DIS-594995,DAMY,CR8,2026-05-10T18:56:11.000+05:45,2026-05-10T22:11:11.000+05:45,195,Driver shortage,high,Driver shortage affecting line CR8 (high severity)
DIS-778119,WDBC,26,2026-05-27T19:11:41.000+05:45,2026-05-27T20:19:41.000+05:45,68,Road closure,high,Road closure affecting line 26 (high severity)
DIS-132735,SVCT,68,2026-05-30T14:13:47.000+05:45,2026-05-30T16:35:47.000+05:45,142,Vehicle breakdown,severe,Vehicle breakdown affecting line 68 (severe severity)
DIS-467907,DAMY,CR9,2026-06-10T22:31:21.000+05:45,2026-06-11T02:22:21.000+05:45,231,Road closure,low,Road closure affecting line CR9 (low severity)
DIS-616012,SVCT,5,2026-06-16T19:01:03.000+05:45,2026-06-16T19:38:03.000+05:45,37,Vehicle breakdown,low,Vehicle breakdown affecting line 5 (low severity)
DIS-956667,SWWD,101,2026-05-12T08:11:48.000+05:45,2026-05-12T11:37:48.000+05:45,206,Driver shortage,low,Driver shortage affecting line 101 (low severity)
DIS-667447,WDBC,898,2026-07-09T01:18:28.000+05:45,2026-07-09T05:03:28.000+05:45,225,Accident on route,medium,Accident on route affecting line 898 (medium severity)
DIS-609495,WDBC,25,2026-07-19T14:43:35.000+05:45,2026-07-19T17:49:35.000+05:45,186,Vehicle breakdown,high,Vehicle breakdown affecting line 25 (high severity)
DIS-784019,UNIL,U1C,2026-04-27T01:05:39.000+05:45,2026-04-27T02:12:39.000+05:45,67,Accident on route,severe,Accident on route affecting line U1C (severe severity)
DIS-849159,WDBC,1A,2026-06-23T11:26:24.000+05:45,2026-06-23T14:16:24.000+05:45,170,Roadworks,low,Roadworks affecting line 1A (low severity)
DIS-812621,DAMY,CR7,2026-05-02T00:28:57.000+05:45,2026-05-02T01:44:57.000+05:45,76,Planned engineering works,high,Planned engineering works affecting line CR7 (high severity)
DIS-133816,BLUS,PRH,2026-06-13T06:45:27.000+05:45,2026-06-13T09:04:27.000+05:45,139,Accident on route,high,Accident on route affecting line PRH (high severity)
DIS-792670,TDTR,16,2026-05-05T07:47:36.000+05:45,2026-05-05T10:30:36.000+05:45,163,Traffic congestion,medium,Traffic congestion affecting line 16 (medium severity)
DIS-143298,SVCT,211,2026-05-09T11:54:16.000+05:45,2026-05-09T15:11:16.000+05:45,197,Planned engineering works,severe,Planned engineering works affecting line 211 (severe severity)
DIS-302284,WDBC,7B,2026-04-30T11:59:11.000+05:45,2026-04-30T13:27:11.000+05:45,88,Diversion,medium,Diversion affecting line 7B (medium severity)
DIS-281650,SWWD,8,2026-07-20T02:11:55.000+05:45,2026-07-20T05:24:55.000+05:45,193,Vehicle breakdown,medium,Vehicle breakdown affecting line 8 (medium severity)
DIS-827736,BLUS,13,2026-06-12T10:51:06.000+05:45,2026-06-12T12:02:06.000+05:45,71,Driver shortage,medium,Driver shortage affecting line 13 (medium severity)
DIS-304599,BLUS,7,2026-05-31T22:10:02.000+05:45,2026-06-01T00:48:02.000+05:45,158,Diversion,low,Diversion affecting line 7 (low severity)
DIS-196414,BLUS,503,2026-04-28T15:42:22.000+05:45,2026-04-28T16:37:22.000+05:45,55,Traffic congestion,low,Traffic congestion affecting line 503 (low severity)
DIS-206793,SWWD,101,2026-05-24T10:11:06.000+05:45,2026-05-24T10:58:06.000+05:45,47,Diversion,low,Diversion affecting line 101 (low severity)
DIS-713720,SVCT,TNB,2026-06-18T16:16:02.000+05:45,2026-06-18T19:19:02.000+05:45,183,Planned engineering works,medium,Planned engineering works affecting line TNB (medium severity)
DIS-739314,WDBC,20,2026-07-17T14:24:28.000+05:45,2026-07-17T17:34:28.000+05:45,190,Diversion,high,Diversion affecting line 20 (high severity)
DIS-199883,SWWD,25,2026-05-22T09:01:17.000+05:45,2026-05-22T10:00:17.000+05:45,59,Driver shortage,low,Driver shortage affecting line 25 (low severity)
DIS-784686,BLUS,PR1,2026-06-29T15:31:36.000+05:45,2026-06-29T18:49:36.000+05:45,198,Severe weather,severe,Severe weather affecting line PR1 (severe severity)
DIS-825617,SVCT,201,2026-07-08T09:34:30.000+05:45,2026-07-08T09:45:30.000+05:45,11,Planned engineering works,low,Planned engineering works affecting line 201 (low severity)
DIS-256223,SWWD,44,2026-04-22T05:18:02.000+05:45,2026-04-22T07:16:02.000+05:45,118,Planned engineering works,high,Planned engineering works affecting line 44 (high severity)
