disruption_id,operator_ref,line_ref,start_time,end_time,duration_minutes,reason,severity,description
DIS-110690,DAMY,CR9,2026-07-19T04:26:46,2026-07-19T07:23:46,177,Traffic congestion,high,Traffic congestion affecting line CR9 (high severity)
DIS-300499,WDBC,25,2026-06-04T02:50:54,2026-06-04T04:44:54,114,Vehicle breakdown,severe,Vehicle breakdown affecting line 25 (severe severity)
DIS-459750,WDBC,Q1,2026-04-25T10:24:33,2026-04-25T11:20:33,56,Driver shortage,low,Driver shortage affecting line Q1 (low severity)
DIS-414517,WDBC,18,2026-04-21T23:14:48,2026-04-22T02:35:48,201,Roadworks,medium,Roadworks affecting line 18 (medium severity)
DIS-530629,DAMY,5,2026-05-28T14:47:51,2026-05-28T18:20:51,213,Traffic congestion,high,Traffic congestion affecting line 5 (high severity)
DIS-743159,TDTR,16,2026-06-26T03:32:34,2026-06-26T06:49:34,197,Diversion,severe,Diversion affecting line 16 (severe severity)
DIS-582111,WDBC,15,2026-05-15T21:17:07,2026-05-15T22:19:07,62,Planned engineering works,medium,Planned engineering works affecting line 15 (medium severity)
DIS-604672,TDTR,154,2026-06-09T01:40:20,2026-06-09T03:06:20,86,Severe weather,high,Severe weather affecting line 154 (high severity)
DIS-712191,SVCT,201,2026-07-08T09:37:26,2026-07-08T09:58:26,21,Road closure,medium,Road closure affecting line 201 (medium severity)
DIS-677529,WDBC,22,2026-05-18T01:17:09,2026-05-18T02:43:09,86,Diversion,low,Diversion affecting line 22 (low severity)
DIS-870039,WDBC,777,2026-06-07T19:41:04,2026-06-07T20:47:04,66,Planned engineering works,severe,Planned engineering works affecting line 777 (severe severity)
DIS-947672,SWWD,D3,2026-07-19T03:41:48,2026-07-19T05:49:48,128,Severe weather,severe,Severe weather affecting line D3 (severe severity)
DIS-806578,WDBC,21,2026-07-20T02:47:49,2026-07-20T05:16:49,149,Planned engineering works,medium,Planned engineering works affecting line 21 (medium severity)
DIS-815593,WDBC,NFB,2026-06-13T10:07:17,2026-06-13T12:27:17,140,Planned engineering works,severe,Planned engineering works affecting line NFB (severe severity)
DIS-255971,WDBC,17,2026-07-02T09:28:24,2026-07-02T11:26:24,118,Traffic congestion,high,Traffic congestion affecting line 17 (high severity)
DIS-731384,SVCT,204,2026-04-25T17:02:08,2026-04-25T17:34:08,32,Traffic congestion,low,Traffic congestion affecting line 204 (low severity)
DIS-650799,BLUS,61,2026-06-06T00:26:45,2026-06-06T01:30:45,64,Road closure,medium,Road closure affecting line 61 (medium severity)
DIS-276811,SWWD,906,2026-06-17T06:29:48,2026-06-17T07:56:48,87,Traffic congestion,severe,Traffic congestion affecting line 906 (severe severity)
DIS-904314,SVCT,207,2026-04-29T10:15:05,2026-04-29T10:54:05,39,Vehicle breakdown,low,Vehicle breakdown affecting line 207 (low severity)
DIS-814418,WDBC,940,2026-05-28T11:36:59,2026-05-28T11:50:59,14,Roadworks,severe,Roadworks affecting line 940 (severe severity)
DIS-709913,WDBC,940,2026-04-22T06:32:25,2026-04-22T09:28:25,176,Driver shortage,high,Driver shortage affecting line 940 (high severity)
DIS-902930,BLUS,19a,2026-04-23T11:33:03,2026-04-23T14:06:03,153,Vehicle breakdown,high,Vehicle breakdown affecting line 19a (high severity)
DIS-525970,SWWD,2,2026-07-05T12:42:39,2026-07-05T15:32:39,170,Vehicle breakdown,low,Vehicle breakdown affecting line 2 (low severity)
DIS-546256,BLUS,8,2026-06-21T10:51:18,2026-06-21T12:57:18,126,Driver shortage,low,Driver shortage affecting line 8 (low severity)
DIS-314816,TDTR,1B,2026-04-29T17:37:37,2026-04-29T19:47:37,130,Vehicle breakdown,medium,Vehicle breakdown affecting line 1B (medium severity)
DIS-495740,BLUS,4,2026-04-20T21:52:00,2026-04-20T23:16:00,84,Planned engineering works,medium,Planned engineering works affecting line 4 (medium severity)
DIS-919085,SVCT,5,2026-04-29T05:52:28,2026-04-29T06:33:28,41,Severe weather,high,Severe weather affecting line 5 (high severity)
DIS-526524,WDBC,31,2026-07-16T11:06:33,2026-07-16T12:11:33,65,Diversion,low,Diversion affecting line 31 (low severity)
DIS-811363,TDTR,48,2026-05-05T22:27:34,2026-05-06T01:31:34,184,Severe weather,medium,Severe weather affecting line 48 (medium severity)
DIS-240794,SVCT,203,2026-05-23T08:34:18,2026-05-23T12:33:18,239,Accident on route,medium,Accident on route affecting line 203 (medium severity)
DIS-130455,SVCT,6,2026-05-09T10:58:47,2026-05-09T14:33:47,215,Accident on route,low,Accident on route affecting line 6 (low severity)
DIS-828444,WDBC,5,2026-05-03T06:01:45,2026-05-03T09:39:45,218,Planned engineering works,low,Planned engineering works affecting line 5 (low severity)
DIS-222654,WDBC,81,2026-04-22T06:26:27,2026-04-22T07:24:27,58,Driver shortage,severe,Driver shortage affecting line 81 (severe severity)
DIS-609495,WDBC,25,2026-07-19T14:43:35,2026-07-19T17:49:35,186,Vehicle breakdown,high,Vehicle breakdown affecting line 25 (high severity)
DIS-582382,BLUS,9,2026-05-30T08:54:04,2026-05-30T09:17:04,23,Driver shortage,low,Driver shortage affecting line 9 (low severity)
DIS-740822,DAMY,5,2026-06-23T10:46:21,2026-06-23T13:51:21,185,Traffic congestion,low,Traffic congestion affecting line 5 (low severity)
DIS-686773,BLUS,19,2026-07-10T13:31:07,2026-07-10T16:52:07,201,Roadworks,medium,Roadworks affecting line 19 (medium severity)
DIS-729026,TDTR,14,2026-05-23T06:36:41,2026-05-23T08:49:41,133,Driver shortage,high,Driver shortage affecting line 14 (high severity)
DIS-992321,SVCT,203,2026-07-13T11:56:08,2026-07-13T15:00:08,184,Diversion,high,Diversion affecting line 203 (high severity)
DIS-226603,WDBC,NFB,2026-07-03T08:12:43,2026-07-03T11:51:43,219,Road closure,severe,Road closure affecting line NFB (severe severity)
DIS-452870,SWWD,X5,2026-07-02T15:14:20,2026-07-02T18:29:20,195,Road closure,severe,Road closure affecting line X5 (severe severity)
DIS-115477,WDBC,81,2026-06-19T03:19:10,2026-06-19T04:52:10,93,Vehicle breakdown,medium,Vehicle breakdown affecting line 81 (medium severity)
DIS-731366,TDTR,12,2026-05-20T03:03:39,2026-05-20T05:47:39,164,Accident on route,high,Accident on route affecting line 12 (high severity)
DIS-581980,WDBC,1C,2026-06-24T07:46:57,2026-06-24T08:39:57,53,Traffic congestion,low,Traffic congestion affecting line 1C (low severity)
DIS-611376,WDBC,60,2026-05-06T19:52:53,2026-05-06T20:24:53,32,Severe weather,high,Severe weather affecting line 60 (high severity)
DIS-200349,SWWD,88,2026-06-13T13:14:41,2026-06-13T16:38:41,204,Diversion,severe,Diversion affecting line 88 (severe severity)
DIS-760458,SWWD,R12,2026-06-16T04:06:51,2026-06-16T04:54:51,48,Planned engineering works,medium,Planned engineering works affecting line R12 (medium severity)
DIS-782182,BLUS,19a,2026-04-28T03:30:51,2026-04-28T07:11:51,221,Accident on route,high,Accident on route affecting line 19a (high severity)
DIS-412228,SWWD,PR15,2026-06-12T03:49:29,2026-06-12T05:44:29,115,Roadworks,medium,Roadworks affecting line PR15 (medium severity)
DIS-529979,BLUS,PRH,2026-04-30T10:35:44,2026-04-30T13:15:44,160,Roadworks,severe,Roadworks affecting line PRH (severe severity)
DIS-403396,WDBC,13A,2026-05-28T22:02:32,2026-05-29T00:09:32,127,Roadworks,high,Roadworks affecting line 13A (high severity)
DIS-956867,SWWD,PR9,2026-06-11T03:30:08,2026-06-11T07:10:08,220,Road closure,high,Road closure affecting line PR9 (high severity)
DIS-949708,BLUS,8,2026-06-19T14:44:53,2026-06-19T17:13:53,149,Diversion,severe,Diversion affecting line 8 (severe severity)
DIS-608366,SWWD,937,2026-04-30T17:38:24,2026-04-30T19:15:24,97,Severe weather,high,Severe weather affecting line 937 (high severity)
DIS-104098,SWWD,PVDRT,2026-06-16T22:43:57,2026-06-17T01:41:57,178,Traffic congestion,medium,Traffic congestion affecting line PVDRT (medium severity)
DIS-939099,TDTR,NW2,2026-06-29T19:29:30,2026-06-29T20:21:30,52,Road closure,severe,Road closure affecting line NW2 (severe severity)
DIS-575521,SVCT,63,2026-05-09T06:38:01,2026-05-09T06:58:01,20,Driver shortage,severe,Driver shortage affecting line 63 (severe severity)
DIS-446123,SVCT,38,2026-06-13T09:38:46,2026-06-13T13:05:46,207,Road closure,high,Road closure affecting line 38 (high severity)
DIS-714518,TDTR,42,2026-07-19T05:41:24,2026-07-19T09:29:24,228,Diversion,low,Diversion affecting line 42 (low severity)
DIS-522917,WDBC,10,2026-07-18T11:40:16,2026-07-18T12:36:16,56,Planned engineering works,severe,Planned engineering works affecting line 10 (severe severity)
DIS-738235,TDTR,42,2026-06-02T14:27:30,2026-06-02T16:52:30,145,Accident on route,low,Accident on route affecting line 42 (low severity)
DIS-255139,TDTR,SSS,2026-05-25T20:14:06,2026-05-25T23:30:06,196,Roadworks,severe,Roadworks affecting line SSS (severe severity)
DIS-705405,SVCT,208,2026-05-10T23:52:42,2026-05-11T02:10:42,138,Roadworks,high,Roadworks affecting line 208 (high severity)
DIS-358558,SVCT,SL,2026-06-06T23:38:25,2026-06-07T03:23:25,225,Road closure,medium,Road closure affecting line SL (medium severity)
DIS-692218,WDBC,86,2026-05-25T15:29:21,2026-05-25T17:02:21,93,Diversion,severe,Diversion affecting line 86 (severe severity)
DIS-258520,SWWD,2,2026-06-23T06:05:44,2026-06-23T08:43:44,158,Roadworks,severe,Roadworks affecting line 2 (severe severity)
DIS-454965,TDTR,920,2026-05-15T14:03:23,2026-05-15T17:54:23,231,Accident on route,high,Accident on route affecting line 920 (high severity)
DIS-821558,SWWD,X5,2026-05-12T11:04:26,2026-05-12T14:28:26,204,Vehicle breakdown,low,Vehicle breakdown affecting line X5 (low severity)
DIS-451745,WDBC,5,2026-05-07T16:41:42,2026-05-07T17:00:42,19,Vehicle breakdown,low,Vehicle breakdown affecting line 5 (low severity)
DIS-546830,TDTR,42,2026-04-29T04:47:52,2026-04-29T07:52:52,185,Roadworks,severe,Roadworks affecting line 42 (severe severity)
DIS-535890,WDBC,Q7,2026-04-29T03:49:51,2026-04-29T05:52:51,123,Road closure,high,Road closure affecting line Q7 (high severity)
DIS-188242,WDBC,NFB,2026-05-21T19:30:18,2026-05-21T22:52:18,202,Diversion,low,Diversion affecting line NFB (low severity)
DIS-940716,SVCT,38,2026-05-28T13:01:25,2026-05-28T15:52:25,171,Road closure,high,Road closure affecting line 38 (high severity)
DIS-376008,TDTR,16,2026-06-02T10:33:19,2026-06-02T12:50:19,137,Diversion,low,Diversion affecting line 16 (low severity)
DIS-899636,SWWD,PR9,2026-05-07T08:06:31,2026-05-07T11:03:31,177,Road closure,low,Road closure affecting line PR9 (low severity)
DIS-228762,BLUS,18,2026-05-12T05:30:11,2026-05-12T06:27:11,57,Driver shortage,low,Driver shortage affecting line 18 (low severity)
DIS-306606,TDTR,22,2026-05-10T02:52:04,2026-05-10T04:05:04,73,Driver shortage,medium,Driver shortage affecting line 22 (medium severity)
DIS-552418,SWWD,901,2026-07-16T16:25:16,2026-07-16T18:18:16,113,Driver shortage,severe,Driver shortage affecting line 901 (severe severity)
DIS-308782,TDTR,14,2026-06-01T22:25:41,2026-06-02T00:55:41,150,Traffic congestion,low,Traffic congestion affecting line 14 (low severity)
DIS-857664,SWWD,101,2026-05-06T11:51:05,2026-05-06T15:28:05,217,Planned engineering works,severe,Planned engineering works affecting line 101 (severe severity)
DIS-454858,WDBC,X6,2026-06-25T20:39:57,2026-06-26T00:26:57,227,Road closure,high,Road closure affecting line X6 (high severity)
DIS-177181,SVCT,12,2026-07-09T02:22:27,2026-07-09T03:07:27,45,Diversion,high,Diversion affecting line 12 (high severity)
DIS-102971,TDTR,152,2026-06-07T23:15:02,2026-06-08T00:53:02,98,Driver shortage,medium,Driver shortage affecting line 152 (medium severity)
DIS-439042,TDTR,16,2026-06-15T19:52:06,2026-06-15T21:14:06,82,Diversion,medium,Diversion affecting line 16 (medium severity)
DIS-892357,BLUS,QC,2026-07-09T18:16:25,2026-07-09T20:56:25,160,Severe weather,severe,Severe weather affecting line QC (severe severity)
DIS-203789,WDBC,940,2026-07-10T16:05:03,2026-07-10T19:39:03,214,Vehicle breakdown,low,Vehicle breakdown affecting line 940 (low severity)
DIS-359812,TDTR,X76,2026-07-14T05:27:03,2026-07-14T08:33:03,186,Vehicle breakdown,low,Vehicle breakdown affecting line X76 (low severity)
DIS-723900,SVCT,209,2026-07-02T09:48:38,2026-07-02T10:38:38,50,Planned engineering works,severe,Planned engineering works affecting line 209 (severe severity)
DIS-791104,WDBC,898,2026-06-25T15:08:02,2026-06-25T17:48:02,160,Accident on route,low,Accident on route affecting line 898 (low severity)
DIS-901751,SVCT,201,2026-05-18T17:39:56,2026-05-18T20:19:56,160,Driver shortage,severe,Driver shortage affecting line 201 (severe severity)
DIS-353085,WDBC,B,2026-07-02T17:49:38,2026-07-02T19:15:38,86,Traffic congestion,severe,Traffic congestion affecting line B (severe severity)
DIS-869846,BLUS,503,2026-06-20T17:41:30,2026-06-20T18:02:30,21,Diversion,low,Diversion affecting line 503 (low severity)
DIS-468921,WDBC,35,2026-07-14T18:46:12,2026-07-14T19:05:12,19,Traffic congestion,low,Traffic congestion affecting line 35 (low severity)
DIS-144320,WDBC,30,2026-06-30T02:36:56,2026-06-30T06:04:56,208,Road closure,high,Road closure affecting line 30 (high severity)
DIS-347901,WDBC,898,2026-06-21T00:13:59,2026-06-21T00:31:59,18,Driver shortage,low,Driver shortage affecting line 898 (low severity)
DIS-364414,SVCT,5,2026-06-17T11:57:51,2026-06-17T15:23:51,206,Traffic congestion,severe,Traffic congestion affecting line 5 (severe severity)
DIS-686226,WDBC,737,2026-04-30T08:19:11,2026-04-30T09:07:11,48,Traffic congestion,medium,Traffic congestion affecting line 737 (medium severity)
DIS-166311,SQ,TB1,2026-07-17T04:12:32,2026-07-17T05:59:32,107,Vehicle breakdown,severe,Vehicle breakdown affecting line TB1 (severe severity)
DIS-117572,BLUS,4,2026-06-11T16:47:07,2026-06-11T20:21:07,214,Diversion,high,Diversion affecting line 4 (high severity)
DIS-725179,WDBC,744,2026-06-19T01:07:02,2026-06-19T04:13:02,186,Road closure,severe,Road closure affecting line 744 (severe severity)
DIS-780267,SVCT,9,2026-05-27T10:17:40,2026-05-27T11:03:40,46,Vehicle breakdown,low,Vehicle breakdown affecting line 9 (low severity)
DIS-658829,SVCT,SL,2026-06-16T07:29:44,2026-06-16T10:42:44,193,Traffic congestion,low,Traffic congestion affecting line SL (low severity)
DIS-347437,SVCT,200,2026-06-30T17:48:49,2026-06-30T19:49:49,121,Accident on route,high,Accident on route affecting line 200 (high severity)
DIS-627858,TDTR,80,2026-05-17T20:34:01,2026-05-17T21:52:01,78,Accident on route,severe,Accident on route affecting line 80 (severe severity)
DIS-584994,SWWD,D3,2026-06-22T01:35:49,2026-06-22T04:40:49,185,Road closure,low,Road closure affecting line D3 (low severity)
DIS-546287,BLUS,503,2026-04-23T06:48:38,2026-04-23T08:01:38,73,Roadworks,high,Roadworks affecting line 503 (high severity)
DIS-199570,TDTR,80,2026-07-03T17:34:53,2026-07-03T21:06:53,212,Road closure,high,Road closure affecting line 80 (high severity)
DIS-620636,SVCT,68,2026-07-19T13:21:31,2026-07-19T16:56:31,215,Planned engineering works,severe,Planned engineering works affecting line 68 (severe severity)
DIS-272115,SWWD,MHDRT,2026-06-26T15:50:17,2026-06-26T17:41:17,111,Roadworks,medium,Roadworks affecting line MHDRT (medium severity)
DIS-534709,SWWD,R10,2026-06-21T16:21:21,2026-06-21T19:27:21,186,Planned engineering works,high,Planned engineering works affecting line R10 (high severity)
DIS-358760,WDBC,17,2026-04-21T05:40:52,2026-04-21T09:07:52,207,Driver shortage,high,Driver shortage affecting line 17 (high severity)
DIS-817979,SVCT,5,2026-07-11T06:05:33,2026-07-11T06:20:33,15,Driver shortage,severe,Driver shortage affecting line 5 (severe severity)
DIS-747185,WDBC,32,2026-07-14T18:20:11,2026-07-14T21:05:11,165,Severe weather,medium,Severe weather affecting line 32 (medium severity)
DIS-294105,WDBC,762,2026-05-06T10:17:10,2026-05-06T13:37:10,200,Road closure,medium,Road closure affecting line 762 (medium severity)
DIS-488212,BLUS,17,2026-04-29T07:45:45,2026-04-29T09:37:45,112,Driver shortage,medium,Driver shortage affecting line 17 (medium severity)
DIS-523650,SWWD,907,2026-04-24T16:22:03,2026-04-24T17:09:03,47,Traffic congestion,severe,Traffic congestion affecting line 907 (severe severity)
DIS-420051,TDTR,42,2026-07-11T02:57:53,2026-07-11T05:26:53,149,Planned engineering works,high,Planned engineering works affecting line 42 (high severity)
DIS-805499,SWWD,44,2026-07-09T15:01:38,2026-07-09T15:25:38,24,Diversion,medium,Diversion affecting line 44 (medium severity)
DIS-121740,SWWD,929,2026-07-13T08:09:30,2026-07-13T11:52:30,223,Accident on route,severe,Accident on route affecting line 929 (severe severity)
DIS-325352,WDBC,B,2026-06-07T21:39:34,2026-06-07T23:44:34,125,Planned engineering works,high,Planned engineering works affecting line B (high severity)
DIS-281650,SWWD,8,2026-07-20T02:11:55,2026-07-20T05:24:55,193,Vehicle breakdown,medium,Vehicle breakdown affecting line 8 (medium severity)
DIS-357153,SVCT,201,2026-06-06T19:46:46,2026-06-06T20:14:46,28,Traffic congestion,medium,Traffic congestion affecting line 201 (medium severity)
DIS-551112,WDBC,17,2026-06-14T22:40:54,2026-06-15T01:50:54,190,Traffic congestion,low,Traffic congestion affecting line 17 (low severity)
DIS-243030,SVCT,214,2026-06-13T12:01:26,2026-06-13T12:56:26,55,Diversion,medium,Diversion affecting line 214 (medium severity)
DIS-994184,SVCT,39,2026-05-08T01:55:29,2026-05-08T03:09:29,74,Driver shortage,high,Driver shortage affecting line 39 (high severity)
DIS-389163,SWWD,R8,2026-07-13T14:00:46,2026-07-13T15:38:46,98,Severe weather,medium,Severe weather affecting line R8 (medium severity)
DIS-745263,SWWD,X2,2026-06-26T20:12:44,2026-06-26T22:49:44,157,Road closure,high,Road closure affecting line X2 (high severity)
DIS-849786,WDBC,U3,2026-06-05T02:44:13,2026-06-05T05:15:13,151,Severe weather,severe,Severe weather affecting line U3 (severe severity)
DIS-507248,SVCT,TDB,2026-05-16T15:57:58,2026-05-16T17:21:58,84,Road closure,low,Road closure affecting line TDB (low severity)
DIS-569054,TDTR,15,2026-06-20T20:11:41,2026-06-20T20:41:41,30,Diversion,low,Diversion affecting line 15 (low severity)
DIS-637534,WDBC,15,2026-05-07T08:10:07,2026-05-07T09:41:07,91,Accident on route,medium,Accident on route affecting line 15 (medium severity)
DIS-870540,WDBC,112,2026-06-15T16:01:26,2026-06-15T18:04:26,123,Traffic congestion,high,Traffic congestion affecting line 112 (high severity)
DIS-722282,BLUS,504,2026-05-02T16:02:16,2026-05-02T19:13:16,191,Driver shortage,severe,Driver shortage affecting line 504 (severe severity)
DIS-446701,SWWD,66,2026-07-04T18:52:35,2026-07-04T20:48:35,116,Traffic congestion,severe,Traffic congestion affecting line 66 (severe severity)
DIS-843646,UNIL,U1C,2026-06-26T06:16:13,2026-06-26T09:35:13,199,Roadworks,medium,Roadworks affecting line U1C (medium severity)
DIS-988938,SWWD,X7,2026-06-24T12:35:16,2026-06-24T16:34:16,239,Severe weather,severe,Severe weather affecting line X7 (severe severity)
DIS-912654,WDBC,U1,2026-07-05T01:20:04,2026-07-05T03:26:04,126,Severe weather,low,Severe weather affecting line U1 (low severity)
DIS-805114,TDTR,5,2026-04-29T22:51:24,2026-04-30T02:25:24,214,Planned engineering works,high,Planned engineering works affecting line 5 (high severity)
DIS-221112,TDTR,12,2026-06-15T03:38:32,2026-06-15T05:25:32,107,Roadworks,severe,Roadworks affecting line 12 (severe severity)
DIS-705004,SWWD,PR9,2026-05-22T04:44:55,2026-05-22T08:44:55,240,Diversion,low,Diversion affecting line PR9 (low severity)
DIS-177514,TDTR,12,2026-05-10T16:08:43,2026-05-10T19:32:43,204,Roadworks,medium,Roadworks affecting line 12 (medium severity)
DIS-442404,TDTR,156,2026-05-07T09:07:55,2026-05-07T11:31:55,144,Planned engineering works,medium,Planned engineering works affecting line 156 (medium severity)
DIS-409325,SWWD,PVDRT,2026-06-03T12:04:30,2026-06-03T12:28:30,24,Diversion,high,Diversion affecting line PVDRT (high severity)
DIS-366634,WDBC,125,2026-05-01T17:05:08,2026-05-01T17:55:08,50,Accident on route,high,Accident on route affecting line 125 (high severity)
DIS-933700,TDTR,23,2026-07-20T23:11:03,2026-07-21T03:11:03,240,Traffic congestion,severe,Traffic congestion affecting line 23 (severe severity)
DIS-681298,WDBC,C,2026-06-16T08:48:20,2026-06-16T12:47:20,239,Driver shortage,severe,Driver shortage affecting line C (severe severity)
DIS-513379,TDTR,R24,2026-06-24T09:35:56,2026-06-24T09:59:56,24,Vehicle breakdown,severe,Vehicle breakdown affecting line R24 (severe severity)
DIS-943412,SVCT,212,2026-06-18T17:38:48,2026-06-18T19:43:48,125,Planned engineering works,high,Planned engineering works affecting line 212 (high severity)
DIS-497997,SVCT,214,2026-06-22T03:22:47,2026-06-22T04:24:47,62,Diversion,severe,Diversion affecting line 214 (severe severity)
DIS-961363,SVCT,206,2026-06-26T17:21:00,2026-06-26T20:22:00,181,Traffic congestion,high,Traffic congestion affecting line 206 (high severity)
DIS-238466,DAMY,X8,2026-06-16T11:26:09,2026-06-16T15:04:09,218,Driver shortage,low,Driver shortage affecting line X8 (low severity)
DIS-304319,SVCT,214,2026-06-11T23:30:50,2026-06-11T23:57:50,27,Traffic congestion,high,Traffic congestion affecting line 214 (high severity)
DIS-890816,BLUS,8,2026-06-20T12:00:11,2026-06-20T15:22:11,202,Traffic congestion,low,Traffic congestion affecting line 8 (low severity)
DIS-101212,BLUS,N18,2026-06-19T02:38:51,2026-06-19T06:23:51,225,Driver shortage,low,Driver shortage affecting line N18 (low severity)
DIS-859896,TDTR,11,2026-06-29T01:11:20,2026-06-29T05:06:20,235,Road closure,severe,Road closure affecting line 11 (severe severity)
DIS-323913,BLUS,PRH,2026-05-11T10:07:24,2026-05-11T12:03:24,116,Vehicle breakdown,low,Vehicle breakdown affecting line PRH (low severity)
DIS-168972,BLUS,19,2026-06-17T19:18:39,2026-06-17T21:06:39,108,Vehicle breakdown,severe,Vehicle breakdown affecting line 19 (severe severity)
DIS-720920,SVCT,5,2026-05-12T02:05:46,2026-05-12T05:50:46,225,Diversion,high,Diversion affecting line 5 (high severity)
DIS-360993,SVCT,59,2026-07-17T09:43:04,2026-07-17T12:35:04,172,Driver shortage,high,Driver shortage affecting line 59 (high severity)
DIS-899532,WDBC,U3,2026-07-06T21:37:18,2026-07-07T00:16:18,159,Roadworks,medium,Roadworks affecting line U3 (medium severity)
DIS-893779,WDBC,762,2026-05-16T11:56:21,2026-05-16T13:54:21,118,Driver shortage,medium,Driver shortage affecting line 762 (medium severity)
DIS-741569,WDBC,1B,2026-04-30T23:27:21,2026-05-01T01:36:21,129,Roadworks,severe,Roadworks affecting line 1B (severe severity)
DIS-260061,TDTR,21,2026-07-03T12:24:16,2026-07-03T14:16:16,112,Road closure,high,Road closure affecting line 21 (high severity)
DIS-749707,SWWD,937,2026-05-21T10:12:49,2026-05-21T11:56:49,104,Vehicle breakdown,high,Vehicle breakdown affecting line 937 (high severity)
DIS-632900,SWWD,ST,2026-06-16T03:51:40,2026-06-16T05:28:40,97,Planned engineering works,low,Planned engineering works affecting line ST (low severity)
DIS-185930,SWWD,R12,2026-05-23T13:43:39,2026-05-23T17:07:39,204,Accident on route,severe,Accident on route affecting line R12 (severe severity)
DIS-166018,WDBC,120,2026-04-28T01:21:59,2026-04-28T02:38:59,77,Traffic congestion,low,Traffic congestion affecting line 120 (low severity)
DIS-715508,SVCT,206,2026-05-19T13:14:53,2026-05-19T14:15:53,61,Vehicle breakdown,medium,Vehicle breakdown affecting line 206 (medium severity)
DIS-900969,WDBC,14,2026-05-18T12:42:20,2026-05-18T16:03:20,201,Accident on route,medium,Accident on route affecting line 14 (medium severity)
DIS-955192,SWWD,D3,2026-04-22T06:15:00,2026-04-22T08:11:00,116,Roadworks,low,Roadworks affecting line D3 (low severity)
DIS-263313,WDBC,119,2026-07-20T22:00:02,2026-07-20T23:21:02,81,Planned engineering works,severe,Planned engineering works affecting line 119 (severe severity)
DIS-596939,WDBC,940,2026-05-04T13:21:44,2026-05-04T14:25:44,64,Road closure,medium,Road closure affecting line 940 (medium severity)
DIS-988066,WDBC,82,2026-07-14T12:14:36,2026-07-14T13:16:36,62,Severe weather,high,Severe weather affecting line 82 (high severity)
DIS-730268,WDBC,Q7,2026-06-28T06:57:03,2026-06-28T09:08:03,131,Planned engineering works,low,Planned engineering works affecting line Q7 (low severity)
DIS-509322,BLUS,21,2026-05-19T02:43:09,2026-05-19T06:30:09,227,Vehicle breakdown,medium,Vehicle breakdown affecting line 21 (medium severity)
DIS-871044,WDBC,13A,2026-07-01T04:20:17,2026-07-01T07:34:17,194,Traffic congestion,medium,Traffic congestion affecting line 13A (medium severity)
DIS-256564,SWWD,R14,2026-06-15T05:19:44,2026-06-15T09:13:44,234,Vehicle breakdown,severe,Vehicle breakdown affecting line R14 (severe severity)
DIS-462121,TDTR,R24,2026-06-11T04:25:28,2026-06-11T07:08:28,163,Traffic congestion,medium,Traffic congestion affecting line R24 (medium severity)
DIS-681822,BLUS,13,2026-04-28T16:29:19,2026-04-28T18:25:19,116,Vehicle breakdown,high,Vehicle breakdown affecting line 13 (high severity)
DIS-910003,SVCT,5,2026-07-12T04:16:24,2026-07-12T06:32:24,136,Planned engineering works,severe,Planned engineering works affecting line 5 (severe severity)
DIS-888499,SVCT,206,2026-06-04T02:12:58,2026-06-04T05:13:58,181,Roadworks,low,Roadworks affecting line 206 (low severity)
DIS-599405,SWWD,PR11,2026-05-29T02:59:21,2026-05-29T03:31:21,32,Driver shortage,low,Driver shortage affecting line PR11 (low severity)
DIS-761784,TDTR,5,2026-06-24T13:17:03,2026-06-24T15:45:03,148,Vehicle breakdown,severe,Vehicle breakdown affecting line 5 (severe severity)
DIS-607689,WDBC,14,2026-06-21T10:22:10,2026-06-21T11:57:10,95,Planned engineering works,severe,Planned engineering works affecting line 14 (severe severity)
DIS-455260,BLUS,4,2026-04-29T17:44:10,2026-04-29T20:03:10,139,Traffic congestion,low,Traffic congestion affecting line 4 (low severity)
DIS-392579,SQ,TM1,2026-05-06T15:14:46,2026-05-06T16:38:46,84,Driver shortage,low,Driver shortage affecting line TM1 (low severity)
DIS-189637,BLUS,10,2026-05-09T07:15:12,2026-05-09T11:07:12,232,Vehicle breakdown,low,Vehicle breakdown affecting line 10 (low severity)
DIS-655543,BLUS,28,2026-06-26T23:55:15,2026-06-27T00:44:15,49,Accident on route,severe,Accident on route affecting line 28 (severe severity)
DIS-351437,SVCT,38,2026-06-10T15:42:11,2026-06-10T16:12:11,30,Accident on route,low,Accident on route affecting line 38 (low severity)
DIS-465460,SWWD,R5,2026-05-15T10:01:37,2026-05-15T12:31:37,150,Planned engineering works,low,Planned engineering works affecting line R5 (low severity)
DIS-317453,WDBC,4,2026-05-09T12:54:02,2026-05-09T16:33:02,219,Severe weather,medium,Severe weather affecting line 4 (medium severity)
DIS-776552,SWWD,906,2026-07-09T19:58:35,2026-07-09T21:45:35,107,Vehicle breakdown,severe,Vehicle breakdown affecting line 906 (severe severity)
DIS-908469,SWWD,650,2026-06-04T16:03:59,2026-06-04T17:00:59,57,Roadworks,high,Roadworks affecting line 650 (high severity)
DIS-715197,SVCT,208,2026-05-09T04:34:43,2026-05-09T08:13:43,219,Roadworks,low,Roadworks affecting line 208 (low severity)
DIS-446275,BLUS,13,2026-05-29T02:04:13,2026-05-29T03:18:13,74,Planned engineering works,severe,Planned engineering works affecting line 13 (severe severity)
DIS-987828,BLUS,504,2026-05-18T05:31:50,2026-05-18T08:06:50,155,Traffic congestion,medium,Traffic congestion affecting line 504 (medium severity)
DIS-420715,WDBC,C,2026-06-15T19:56:34,2026-06-15T21:21:34,85,Driver shortage,severe,Driver shortage affecting line C (severe severity)
DIS-630875,WDBC,125,2026-07-03T16:36:57,2026-07-03T17:49:57,73,Road closure,low,Road closure affecting line 125 (low severity)
DIS-969143,UNIL,U1A,2026-05-10T07:03:49,2026-05-10T08:17:49,74,Vehicle breakdown,low,Vehicle breakdown affecting line U1A (low severity)
DIS-101958,SWWD,PD3,2026-06-13T01:55:42,2026-06-13T04:40:42,165,Accident on route,low,Accident on route affecting line PD3 (low severity)
DIS-780369,WDBC,22,2026-07-01T04:39:28,2026-07-01T05:38:28,59,Vehicle breakdown,medium,Vehicle breakdown affecting line 22 (medium severity)
DIS-448128,WDBC,NFB,2026-06-08T01:38:49,2026-06-08T03:09:49,91,Vehicle breakdown,medium,Vehicle breakdown affecting line NFB (medium severity)
DIS-955334,SVCT,6,2026-05-06T04:56:11,2026-05-06T07:18:11,142,Planned engineering works,low,Planned engineering works affecting line 6 (low severity)
DIS-310356,SWWD,937,2026-05-17T04:17:27,2026-05-17T07:08:27,171,Roadworks,medium,Roadworks affecting line 937 (medium severity)
DIS-320783,TDTR,42,2026-07-11T12:09:16,2026-07-11T14:54:16,165,Diversion,low,Diversion affecting line 42 (low severity)
DIS-479769,BLUS,17,2026-07-02T20:29:27,2026-07-02T23:22:27,173,Accident on route,low,Accident on route affecting line 17 (low severity)
DIS-802926,SWWD,TPDRT,2026-05-09T20:27:03,2026-05-09T23:03:03,156,Road closure,severe,Road closure affecting line TPDRT (severe severity)
DIS-236064,SWWD,650,2026-07-18T12:27:55,2026-07-18T13:08:55,41,Accident on route,medium,Accident on route affecting line 650 (medium severity)
DIS-411929,WDBC,C,2026-06-10T16:16:15,2026-06-10T17:06:15,50,Planned engineering works,severe,Planned engineering works affecting line C (severe severity)
DIS-562763,SWWD,906,2026-07-14T10:06:56,2026-07-14T14:01:56,235,Planned engineering works,medium,Planned engineering works affecting line 906 (medium severity)
DIS-294933,WDBC,81,2026-04-21T20:52:33,2026-04-21T22:09:33,77,Roadworks,severe,Roadworks affecting line 81 (severe severity)
DIS-806876,DAMY,6,2026-06-03T21:20:17,2026-06-03T22:37:17,77,Roadworks,medium,Roadworks affecting line 6 (medium severity)
DIS-118182,SWWD,101,2026-06-11T06:00:19,2026-06-11T07:45:19,105,Road closure,severe,Road closure affecting line 101 (severe severity)
DIS-605716,SWWD,901,2026-07-13T23:03:53,2026-07-14T00:24:53,81,Driver shortage,low,Driver shortage affecting line 901 (low severity)
DIS-398207,TDTR,152,2026-04-21T04:48:50,2026-04-21T08:16:50,208,Road closure,low,Road closure affecting line 152 (low severity)
DIS-539917,WDBC,X3,2026-07-13T02:13:12,2026-07-13T05:59:12,226,Driver shortage,high,Driver shortage affecting line X3 (high severity)
DIS-183409,WDBC,24,2026-06-20T02:28:02,2026-06-20T03:21:02,53,Roadworks,low,Roadworks affecting line 24 (low severity)
DIS-982102,WDBC,8,2026-06-21T19:19:44,2026-06-21T21:32:44,133,Roadworks,severe,Roadworks affecting line 8 (severe severity)
DIS-376651,TDTR,1B,2026-05-20T03:26:03,2026-05-20T05:06:03,100,Severe weather,severe,Severe weather affecting line 1B (severe severity)
DIS-541469,WDBC,13A,2026-07-10T16:54:37,2026-07-10T19:28:37,154,Vehicle breakdown,medium,Vehicle breakdown affecting line 13A (medium severity)
DIS-154201,TDTR,1,2026-07-16T13:41:42,2026-07-16T15:19:42,98,Severe weather,high,Severe weather affecting line 1 (high severity)
DIS-660722,SWWD,PR7,2026-06-11T06:33:39,2026-06-11T07:34:39,61,Severe weather,low,Severe weather affecting line PR7 (low severity)
DIS-867783,TDTR,48,2026-06-06T13:04:00,2026-06-06T13:44:00,40,Road closure,severe,Road closure affecting line 48 (severe severity)
DIS-223170,SWWD,R12,2026-07-08T13:04:06,2026-07-08T15:41:06,157,Severe weather,low,Severe weather affecting line R12 (low severity)
DIS-320963,SWWD,R1,2026-06-20T21:11:41,2026-06-21T00:00:41,169,Planned engineering works,medium,Planned engineering works affecting line R1 (medium severity)
DIS-836038,SVCT,39,2026-04-24T14:48:11,2026-04-24T16:59:11,131,Roadworks,medium,Roadworks affecting line 39 (medium severity)
DIS-560317,SWWD,978,2026-04-26T06:25:47,2026-04-26T07:33:47,68,Vehicle breakdown,low,Vehicle breakdown affecting line 978 (low severity)
DIS-113211,TDTR,920,2026-07-02T06:38:40,2026-07-02T07:43:40,65,Severe weather,low,Severe weather affecting line 920 (low severity)
DIS-445387,BLUS,PRH,2026-05-07T04:00:17,2026-05-07T06:33:17,153,Roadworks,high,Roadworks affecting line PRH (high severity)
DIS-481272,TDTR,13,2026-07-10T21:17:51,2026-07-10T23:11:51,114,Diversion,medium,Diversion affecting line 13 (medium severity)
DIS-629829,WDBC,22,2026-04-25T00:11:37,2026-04-25T01:37:37,86,Road closure,high,Road closure affecting line 22 (high severity)
DIS-256108,WDBC,11,2026-05-03T06:22:30,2026-05-03T07:51:30,89,Accident on route,low,Accident on route affecting line 11 (low severity)
DIS-149838,SVCT,12,2026-06-29T19:49:41,2026-06-29T20:45:41,56,Traffic congestion,medium,Traffic congestion affecting line 12 (medium severity)
DIS-193178,SWWD,906,2026-05-02T11:17:35,2026-05-02T14:18:35,181,Traffic congestion,medium,Traffic congestion affecting line 906 (medium severity)
DIS-170185,SVCT,22,2026-05-26T23:57:29,2026-05-27T02:27:29,150,Severe weather,medium,Severe weather affecting line 22 (medium severity)
DIS-777310,TDTR,158,2026-06-19T03:02:43,2026-06-19T05:04:43,122,Diversion,low,Diversion affecting line 158 (low severity)
DIS-970847,TDTR,9,2026-05-31T01:33:29,2026-05-31T02:28:29,55,Traffic congestion,severe,Traffic congestion affecting line 9 (severe severity)
DIS-325959,TDTR,42,2026-06-07T01:57:39,2026-06-07T03:55:39,118,Planned engineering works,high,Planned engineering works affecting line 42 (high severity)
DIS-170699,TDTR,1,2026-07-02T15:18:01,2026-07-02T18:42:01,204,Accident on route,medium,Accident on route affecting line 1 (medium severity)
DIS-431260,UNIL,U2C,2026-05-25T12:01:24,2026-05-25T14:07:24,126,Planned engineering works,low,Planned engineering works affecting line U2C (low severity)
DIS-694138,WDBC,Q1,2026-07-19T21:09:56,2026-07-19T21:26:56,17,Road closure,severe,Road closure affecting line Q1 (severe severity)
DIS-321041,SWWD,908,2026-07-14T01:20:19,2026-07-14T02:45:19,85,Driver shortage,low,Driver shortage affecting line 908 (low severity)
DIS-112058,BLUS,16,2026-04-29T18:07:18,2026-04-29T20:18:18,131,Roadworks,medium,Roadworks affecting line 16 (medium severity)
DIS-119060,WDBC,86,2026-04-24T01:31:18,2026-04-24T04:43:18,192,Diversion,medium,Diversion affecting line 86 (medium severity)
DIS-156359,WDBC,26,2026-05-05T02:05:07,2026-05-05T05:04:07,179,Driver shortage,high,Driver shortage affecting line 26 (high severity)
DIS-122125,WDBC,36,2026-05-09T16:09:12,2026-05-09T19:52:12,223,Roadworks,high,Roadworks affecting line 36 (high severity)
DIS-337424,WDBC,3,2026-04-21T14:45:32,2026-04-21T15:27:32,42,Severe weather,severe,Severe weather affecting line 3 (severe severity)
DIS-318838,WDBC,U1,2026-05-06T02:56:48,2026-05-06T05:58:48,182,Roadworks,severe,Roadworks affecting line U1 (severe severity)
DIS-422833,UNIL,U2C,2026-05-23T08:53:54,2026-05-23T12:22:54,209,Roadworks,low,Roadworks affecting line U2C (low severity)
DIS-638059,WDBC,RG2,2026-06-23T19:07:14,2026-06-23T22:50:14,223,Roadworks,low,Roadworks affecting line RG2 (low severity)
DIS-818124,SWWD,901,2026-05-25T01:24:52,2026-05-25T02:35:52,71,Roadworks,low,Roadworks affecting line 901 (low severity)
DIS-259872,BLUS,24,2026-07-14T13:55:46,2026-07-14T16:54:46,179,Accident on route,medium,Accident on route affecting line 24 (medium severity)
DIS-102403,WDBC,193,2026-06-17T15:10:49,2026-06-17T17:26:49,136,Accident on route,high,Accident on route affecting line 193 (high severity)
DIS-569706,TDTR,22,2026-06-03T06:18:27,2026-06-03T07:27:27,69,Accident on route,medium,Accident on route affecting line 22 (medium severity)
DIS-412965,SWWD,PVDRT,2026-05-15T19:55:11,2026-05-15T21:33:11,98,Planned engineering works,severe,Planned engineering works affecting line PVDRT (severe severity)
DIS-725160,TDTR,15,2026-07-12T23:02:13,2026-07-13T00:18:13,76,Planned engineering works,low,Planned engineering works affecting line 15 (low severity)
DIS-816702,TDTR,X76,2026-05-23T13:23:16,2026-05-23T16:29:16,186,Driver shortage,medium,Driver shortage affecting line X76 (medium severity)
DIS-899892,WDBC,36,2026-05-23T07:32:38,2026-05-23T10:45:38,193,Driver shortage,high,Driver shortage affecting line 36 (high severity)
DIS-467982,SWWD,8,2026-04-24T21:22:39,2026-04-24T22:53:39,91,Accident on route,medium,Accident on route affecting line 8 (medium severity)
DIS-974252,BLUS,19,2026-07-17T07:06:39,2026-07-17T09:07:39,121,Diversion,severe,Diversion affecting line 19 (severe severity)
DIS-674588,SVCT,12,2026-04-27T02:44:48,2026-04-27T03:12:48,28,Vehicle breakdown,low,Vehicle breakdown affecting line 12 (low severity)
DIS-444680,BLUS,3,2026-05-29T14:18:46,2026-05-29T16:27:46,129,Vehicle breakdown,medium,Vehicle breakdown affecting line 3 (medium severity)
DIS-859270,TDTR,155,2026-07-12T12:03:47,2026-07-12T13:27:47,84,Planned engineering works,medium,Planned engineering works affecting line 155 (medium severity)
DIS-522072,SWWD,R6,2026-05-14T20:20:15,2026-05-14T21:14:15,54,Severe weather,low,Severe weather affecting line R6 (low severity)
DIS-217959,SWWD,88,2026-06-02T13:04:13,2026-06-02T13:28:13,24,Severe weather,severe,Severe weather affecting line 88 (severe severity)
DIS-988967,UNIL,U1C,2026-05-04T14:29:35,2026-05-04T16:27:35,118,Driver shortage,severe,Driver shortage affecting line U1C (severe severity)
DIS-514228,TDTR,152,2026-06-01T16:11:37,2026-06-01T18:11:37,120,Diversion,high,Diversion affecting line 152 (high severity)
DIS-595815,WDBC,NFR,2026-07-12T07:36:49,2026-07-12T08:52:49,76,Vehicle breakdown,high,Vehicle breakdown affecting line NFR (high severity)
DIS-161916,UNIL,U2C,2026-04-22T13:24:06,2026-04-22T14:01:06,37,Planned engineering works,severe,Planned engineering works affecting line U2C (severe severity)
DIS-519995,WDBC,38,2026-07-05T00:49:40,2026-07-05T03:21:40,152,Traffic congestion,low,Traffic congestion affecting line 38 (low severity)
DIS-108958,WDBC,10,2026-07-10T06:30:09,2026-07-10T07:09:09,39,Accident on route,severe,Accident on route affecting line 10 (severe severity)
DIS-824119,SWWD,D2,2026-05-14T09:57:16,2026-05-14T13:51:16,234,Accident on route,high,Accident on route affecting line D2 (high severity)
DIS-280726,WDBC,33,2026-05-17T17:54:20,2026-05-17T20:05:20,131,Road closure,low,Road closure affecting line 33 (low severity)
DIS-646497,WDBC,11,2026-06-28T07:51:54,2026-06-28T11:15:54,204,Diversion,medium,Diversion affecting line 11 (medium severity)
DIS-244927,BLUS,2,2026-07-16T02:10:47,2026-07-16T03:34:47,84,Traffic congestion,low,Traffic congestion affecting line 2 (low severity)
DIS-965679,WDBC,9,2026-07-06T05:31:36,2026-07-06T08:34:36,183,Vehicle breakdown,low,Vehicle breakdown affecting line 9 (low severity)
DIS-858338,WDBC,8,2026-06-24T21:00:53,2026-06-25T00:36:53,216,Driver shortage,medium,Driver shortage affecting line 8 (medium severity)
DIS-964477,BLUS,10,2026-06-08T18:01:02,2026-06-08T20:16:02,135,Driver shortage,high,Driver shortage affecting line 10 (high severity)
DIS-699989,SWWD,PR15,2026-05-14T12:14:56,2026-05-14T14:03:56,109,Accident on route,medium,Accident on route affecting line PR15 (medium severity)
DIS-470181,WDBC,X3,2026-05-31T18:25:57,2026-05-31T19:45:57,80,Planned engineering works,high,Planned engineering works affecting line X3 (high severity)
DIS-796883,WDBC,5,2026-07-07T16:51:16,2026-07-07T19:23:16,152,Accident on route,severe,Accident on route affecting line 5 (severe severity)
DIS-244347,WDBC,1C,2026-06-18T11:33:43,2026-06-18T11:51:43,18,Roadworks,low,Roadworks affecting line 1C (low severity)
DIS-503211,SWWD,907,2026-06-05T17:47:58,2026-06-05T21:18:58,211,Severe weather,medium,Severe weather affecting line 907 (medium severity)
DIS-612156,SWWD,88,2026-07-18T22:46:55,2026-07-19T00:52:55,126,Roadworks,severe,Roadworks affecting line 88 (severe severity)
DIS-194039,SWWD,MHDRT,2026-06-22T01:10:04,2026-06-22T01:48:04,38,Vehicle breakdown,high,Vehicle breakdown affecting line MHDRT (high severity)
DIS-430406,UNIL,U2B,2026-06-07T11:23:28,2026-06-07T14:55:28,212,Driver shortage,high,Driver shortage affecting line U2B (high severity)
DIS-944707,BLUS,13,2026-04-30T18:30:06,2026-04-30T20:54:06,144,Accident on route,low,Accident on route affecting line 13 (low severity)
DIS-439163,BLUS,21,2026-05-26T01:54:35,2026-05-26T05:06:35,192,Vehicle breakdown,severe,Vehicle breakdown affecting line 21 (severe severity)
DIS-992680,BLUS,4,2026-06-27T02:09:24,2026-06-27T06:08:24,239,Road closure,medium,Road closure affecting line 4 (medium severity)
DIS-813668,TDTR,2,2026-07-17T06:37:00,2026-07-17T08:00:00,83,Diversion,low,Diversion affecting line 2 (low severity)
DIS-287675,SVCT,2,2026-04-25T12:21:37,2026-04-25T12:38:37,17,Accident on route,medium,Accident on route affecting line 2 (medium severity)
DIS-545151,TDTR,X46,2026-05-27T20:21:15,2026-05-27T23:46:15,205,Road closure,high,Road closure affecting line X46 (high severity)
DIS-538842,SVCT,63,2026-05-25T11:48:00,2026-05-25T14:05:00,137,Driver shortage,high,Driver shortage affecting line 63 (high severity)
DIS-647431,TDTR,42,2026-04-28T07:07:33,2026-04-28T09:05:33,118,Accident on route,severe,Accident on route affecting line 42 (severe severity)
DIS-875623,WDBC,941,2026-07-18T13:48:54,2026-07-18T16:26:54,158,Roadworks,severe,Roadworks affecting line 941 (severe severity)
DIS-433540,DAMY,949,2026-05-10T13:20:26,2026-05-10T15:27:26,127,Diversion,low,Diversion affecting line 949 (low severity)
DIS-926232,WDBC,25,2026-06-24T22:58:31,2026-06-25T02:49:31,231,Roadworks,medium,Roadworks affecting line 25 (medium severity)
DIS-772525,BLUS,20,2026-05-18T02:12:54,2026-05-18T02:57:54,45,Severe weather,low,Severe weather affecting line 20 (low severity)
DIS-949378,BLUS,NFG,2026-05-19T09:48:56,2026-05-19T10:15:56,27,Driver shortage,low,Driver shortage affecting line NFG (low severity)
DIS-549632,SVCT,200,2026-07-04T19:27:58,2026-07-04T22:29:58,182,Driver shortage,medium,Driver shortage affecting line 200 (medium severity)
DIS-816037,WDBC,50,2026-06-29T03:26:49,2026-06-29T04:50:49,84,Roadworks,medium,Roadworks affecting line 50 (medium severity)
DIS-778423,WDBC,B,2026-04-26T07:22:41,2026-04-26T08:00:41,38,Accident on route,severe,Accident on route affecting line B (severe severity)
DIS-933060,WDBC,X6,2026-07-08T07:58:59,2026-07-08T09:49:59,111,Diversion,severe,Diversion affecting line X6 (severe severity)
DIS-578360,SWWD,PR11,2026-07-07T04:10:28,2026-07-07T04:26:28,16,Traffic congestion,severe,Traffic congestion affecting line PR11 (severe severity)
DIS-593053,SWWD,X4,2026-05-21T04:03:24,2026-05-21T07:48:24,225,Road closure,medium,Road closure affecting line X4 (medium severity)
DIS-490441,WDBC,1B,2026-05-18T19:41:05,2026-05-18T23:09:05,208,Severe weather,low,Severe weather affecting line 1B (low severity)
DIS-925043,SWWD,901,2026-06-22T01:11:01,2026-06-22T01:22:01,11,Planned engineering works,high,Planned engineering works affecting line 901 (high severity)
DIS-877077,WDBC,B,2026-04-24T11:52:25,2026-04-24T12:13:25,21,Traffic congestion,high,Traffic congestion affecting line B (high severity)
DIS-594995,DAMY,CR8,2026-05-10T18:56:11,2026-05-10T22:11:11,195,Driver shortage,high,Driver shortage affecting line CR8 (high severity)
DIS-970558,WDBC,940,2026-06-09T11:02:56,2026-06-09T13:17:56,135,Planned engineering works,high,Planned engineering works affecting line 940 (high severity)
DIS-943463,TDTR,13,2026-06-10T08:51:52,2026-06-10T11:16:52,145,Traffic congestion,medium,Traffic congestion affecting line 13 (medium severity)
DIS-750819,SWWD,927,2026-04-24T12:08:16,2026-04-24T12:31:16,23,Planned engineering works,high,Planned engineering works affecting line 927 (high severity)
DIS-876219,WDBC,Q1,2026-07-11T14:15:49,2026-07-11T15:47:49,92,Driver shortage,low,Driver shortage affecting line Q1 (low severity)
DIS-406674,SVCT,207,2026-07-11T02:24:21,2026-07-11T03:47:21,83,Accident on route,low,Accident on route affecting line 207 (low severity)
DIS-269730,SVCT,37,2026-04-22T17:50:01,2026-04-22T18:12:01,22,Driver shortage,medium,Driver shortage affecting line 37 (medium severity)
DIS-456186,BLUS,15,2026-07-20T16:39:43,2026-07-20T17:14:43,35,Accident on route,severe,Accident on route affecting line 15 (severe severity)
DIS-200737,TDTR,217,2026-06-05T22:58:21,2026-06-06T02:07:21,189,Roadworks,high,Roadworks affecting line 217 (high severity)
DIS-973977,WDBC,24,2026-07-09T00:26:14,2026-07-09T03:11:14,165,Vehicle breakdown,high,Vehicle breakdown affecting line 24 (high severity)
DIS-205348,WDBC,17,2026-06-15T12:55:52,2026-06-15T16:41:52,226,Driver shortage,severe,Driver shortage affecting line 17 (severe severity)
DIS-563713,WDBC,40,2026-06-22T23:32:02,2026-06-23T00:33:02,61,Diversion,medium,Diversion affecting line 40 (medium severity)
DIS-615063,TDTR,2,2026-07-10T03:13:25,2026-07-10T03:48:25,35,Vehicle breakdown,medium,Vehicle breakdown affecting line 2 (medium severity)
DIS-390414,SWWD,908,2026-05-29T19:41:03,2026-05-29T21:37:03,116,Vehicle breakdown,low,Vehicle breakdown affecting line 908 (low severity)
DIS-413959,SWWD,X2,2026-07-15T14:45:12,2026-07-15T18:16:12,211,Severe weather,severe,Severe weather affecting line X2 (severe severity)
DIS-642678,SWWD,603,2026-07-13T22:46:31,2026-07-14T00:54:31,128,Traffic congestion,severe,Traffic congestion affecting line 603 (severe severity)
DIS-177321,BLUS,10,2026-07-01T19:49:51,2026-07-01T20:49:51,60,Planned engineering works,high,Planned engineering works affecting line 10 (high severity)
DIS-518031,SVCT,TNB,2026-05-18T16:02:48,2026-05-18T19:55:48,233,Roadworks,medium,Roadworks affecting line TNB (medium severity)
DIS-701512,SWWD,D3,2026-06-19T08:55:25,2026-06-19T11:59:25,184,Roadworks,high,Roadworks affecting line D3 (high severity)
DIS-423911,TDTR,155,2026-04-28T14:04:32,2026-04-28T17:31:32,207,Road closure,severe,Road closure affecting line 155 (severe severity)
DIS-306007,SVCT,SL,2026-05-24T06:00:43,2026-05-24T06:45:43,45,Traffic congestion,low,Traffic congestion affecting line SL (low severity)
DIS-683349,TDTR,X46,2026-05-18T17:44:25,2026-05-18T21:04:25,200,Traffic congestion,medium,Traffic congestion affecting line X46 (medium severity)
DIS-441942,TDTR,155,2026-06-16T06:56:04,2026-06-16T09:37:04,161,Planned engineering works,low,Planned engineering works affecting line 155 (low severity)
DIS-944237,WDBC,120,2026-04-23T17:56:27,2026-04-23T20:22:27,146,Vehicle breakdown,low,Vehicle breakdown affecting line 120 (low severity)
DIS-885126,BLUS,17,2026-05-28T03:15:54,2026-05-28T07:01:54,226,Severe weather,high,Severe weather affecting line 17 (high severity)
DIS-840860,WDBC,A,2026-07-17T04:04:09,2026-07-17T07:32:09,208,Accident on route,high,Accident on route affecting line A (high severity)
DIS-590465,TDTR,14,2026-05-17T10:17:44,2026-05-17T10:35:44,18,Road closure,high,Road closure affecting line 14 (high severity)
DIS-526492,SWWD,929,2026-05-13T11:55:21,2026-05-13T14:31:21,156,Roadworks,medium,Roadworks affecting line 929 (medium severity)
DIS-598190,SWWD,ST,2026-07-07T20:38:42,2026-07-08T00:33:42,235,Traffic congestion,high,Traffic congestion affecting line ST (high severity)
DIS-354754,TDTR,R23,2026-05-13T19:08:49,2026-05-13T21:51:49,163,Diversion,low,Diversion affecting line R23 (low severity)
DIS-315200,SWWD,ST,2026-04-26T10:51:11,2026-04-26T13:35:11,164,Planned engineering works,low,Planned engineering works affecting line ST (low severity)
DIS-659040,BLUS,504,2026-06-26T11:30:23,2026-06-26T14:30:23,180,Diversion,low,Diversion affecting line 504 (low severity)
DIS-434886,SWWD,R5,2026-04-24T12:44:38,2026-04-24T15:06:38,142,Vehicle breakdown,medium,Vehicle breakdown affecting line R5 (medium severity)
DIS-378269,TDTR,120,2026-07-14T22:22:21,2026-07-14T23:50:21,88,Diversion,low,Diversion affecting line 120 (low severity)
DIS-746022,SVCT,214,2026-06-17T19:25:40,2026-06-17T22:58:40,213,Road closure,medium,Road closure affecting line 214 (medium severity)
DIS-609587,UNIL,U6C,2026-05-14T11:04:41,2026-05-14T11:14:41,10,Roadworks,medium,Roadworks affecting line U6C (medium severity)
DIS-315502,SWWD,901,2026-06-05T22:51:49,2026-06-05T23:15:49,24,Planned engineering works,high,Planned engineering works affecting line 901 (high severity)
DIS-794233,TDTR,217,2026-06-15T07:16:42,2026-06-15T07:54:42,38,Planned engineering works,severe,Planned engineering works affecting line 217 (severe severity)
DIS-823613,TDTR,15,2026-05-18T23:16:59,2026-05-19T01:39:59,143,Severe weather,low,Severe weather affecting line 15 (low severity)
DIS-968520,BLUS,NFG,2026-05-24T01:14:45,2026-05-24T04:03:45,169,Accident on route,high,Accident on route affecting line NFG (high severity)
DIS-997800,SWWD,PR7,2026-07-04T03:39:43,2026-07-04T03:49:43,10,Planned engineering works,medium,Planned engineering works affecting line PR7 (medium severity)
DIS-163925,SQ,TW2,2026-07-19T19:24:07,2026-07-19T22:30:07,186,Vehicle breakdown,low,Vehicle breakdown affecting line TW2 (low severity)
DIS-576457,SWWD,R2,2026-04-22T19:49:52,2026-04-22T20:41:52,52,Traffic congestion,low,Traffic congestion affecting line R2 (low severity)
DIS-902271,WDBC,NFR,2026-05-02T15:54:53,2026-05-02T16:24:53,30,Diversion,high,Diversion affecting line NFR (high severity)
DIS-551784,WDBC,17,2026-06-05T23:41:18,2026-06-06T00:00:18,19,Driver shortage,high,Driver shortage affecting line 17 (high severity)
DIS-548484,SVCT,211,2026-05-16T03:42:08,2026-05-16T04:57:08,75,Severe weather,medium,Severe weather affecting line 211 (medium severity)
DIS-240709,WDBC,50,2026-05-07T18:47:06,2026-05-07T19:29:06,42,Road closure,medium,Road closure affecting line 50 (medium severity)
DIS-161610,WDBC,36,2026-05-25T08:51:30,2026-05-25T10:29:30,98,Roadworks,medium,Roadworks affecting line 36 (medium severity)
DIS-244299,BLUS,13,2026-06-08T07:07:50,2026-06-08T09:47:50,160,Diversion,medium,Diversion affecting line 13 (medium severity)
DIS-727773,SWWD,PR7,2026-05-22T17:57:53,2026-05-22T20:41:53,164,Severe weather,low,Severe weather affecting line PR7 (low severity)
DIS-709792,TDTR,X76,2026-07-13T15:06:26,2026-07-13T15:51:26,45,Driver shortage,severe,Driver shortage affecting line X76 (severe severity)
DIS-238881,WDBC,81,2026-06-22T08:52:46,2026-06-22T11:41:46,169,Accident on route,medium,Accident on route affecting line 81 (medium severity)
DIS-409849,SWWD,R5,2026-06-03T18:31:29,2026-06-03T22:04:29,213,Diversion,high,Diversion affecting line R5 (high severity)
DIS-294087,DAMY,1,2026-07-03T11:15:22,2026-07-03T14:19:22,184,Road closure,medium,Road closure affecting line 1 (medium severity)
DIS-497330,WDBC,6,2026-04-21T11:58:45,2026-04-21T13:06:45,68,Diversion,severe,Diversion affecting line 6 (severe severity)
DIS-347405,TDTR,842,2026-07-08T10:08:18,2026-07-08T13:01:18,173,Planned engineering works,high,Planned engineering works affecting line 842 (high severity)
DIS-334311,WDBC,20,2026-04-28T05:03:08,2026-04-28T08:39:08,216,Vehicle breakdown,low,Vehicle breakdown affecting line 20 (low severity)
DIS-676740,BLUS,503,2026-06-01T13:49:58,2026-06-01T15:53:58,124,Accident on route,medium,Accident on route affecting line 503 (medium severity)
DIS-312323,SVCT,212,2026-05-25T19:27:34,2026-05-25T21:51:34,144,Diversion,medium,Diversion affecting line 212 (medium severity)
DIS-494290,WDBC,3,2026-05-19T11:26:35,2026-05-19T13:35:35,129,Accident on route,severe,Accident on route affecting line 3 (severe severity)
DIS-895015,TDTR,11,2026-05-09T08:52:24,2026-05-09T09:48:24,56,Diversion,medium,Diversion affecting line 11 (medium severity)
DIS-726026,WDBC,ONE,2026-04-29T23:37:30,2026-04-30T03:20:30,223,Driver shortage,high,Driver shortage affecting line ONE (high severity)
DIS-210321,SVCT,63,2026-06-30T14:24:53,2026-06-30T17:56:53,212,Accident on route,medium,Accident on route affecting line 63 (medium severity)
DIS-371206,UNIL,U1A,2026-05-25T23:31:36,2026-05-26T02:11:36,160,Road closure,medium,Road closure affecting line U1A (medium severity)
DIS-898170,SWWD,PD3,2026-04-29T19:12:09,2026-04-29T19:40:09,28,Roadworks,severe,Roadworks affecting line PD3 (severe severity)
DIS-962001,WDBC,8,2026-07-06T08:12:03,2026-07-06T11:47:03,215,Accident on route,medium,Accident on route affecting line 8 (medium severity)
DIS-677428,BLUS,13,2026-07-17T00:10:39,2026-07-17T01:54:39,104,Traffic congestion,severe,Traffic congestion affecting line 13 (severe severity)
DIS-218965,SWWD,TPDRT,2026-05-14T12:27:28,2026-05-14T13:07:28,40,Driver shortage,high,Driver shortage affecting line TPDRT (high severity)
DIS-821303,BLUS,PR1,2026-06-05T22:38:14,2026-06-05T23:40:14,62,Roadworks,high,Roadworks affecting line PR1 (high severity)
DIS-467071,BLUS,13,2026-04-29T00:44:24,2026-04-29T01:34:24,50,Diversion,low,Diversion affecting line 13 (low severity)
DIS-891430,WDBC,31,2026-05-05T08:06:59,2026-05-05T11:28:59,202,Diversion,low,Diversion affecting line 31 (low severity)
DIS-481553,WDBC,86,2026-05-19T22:40:41,2026-05-19T23:58:41,78,Planned engineering works,high,Planned engineering works affecting line 86 (high severity)
DIS-826498,TDTR,920,2026-05-30T13:57:32,2026-05-30T16:04:32,127,Planned engineering works,low,Planned engineering works affecting line 920 (low severity)
DIS-417115,TDTR,1A,2026-05-13T16:05:34,2026-05-13T16:16:34,11,Planned engineering works,low,Planned engineering works affecting line 1A (low severity)
DIS-584236,SVCT,63,2026-07-14T10:19:40,2026-07-14T12:20:40,121,Planned engineering works,medium,Planned engineering works affecting line 63 (medium severity)
DIS-206420,WDBC,30,2026-04-27T06:13:12,2026-04-27T06:55:12,42,Vehicle breakdown,medium,Vehicle breakdown affecting line 30 (medium severity)
DIS-856962,SVCT,TDB,2026-07-02T02:00:05,2026-07-02T05:05:05,185,Vehicle breakdown,medium,Vehicle breakdown affecting line TDB (medium severity)
DIS-591040,WDBC,38,2026-06-20T20:34:43,2026-06-21T00:01:43,207,Severe weather,high,Severe weather affecting line 38 (high severity)
DIS-695014,SVCT,8,2026-05-31T21:13:28,2026-05-31T22:14:28,61,Roadworks,medium,Roadworks affecting line 8 (medium severity)
DIS-266935,SWWD,2,2026-06-16T19:56:07,2026-06-16T20:55:07,59,Road closure,high,Road closure affecting line 2 (high severity)
DIS-561973,DAMY,CR9,2026-06-06T09:59:25,2026-06-06T10:31:25,32,Driver shortage,high,Driver shortage affecting line CR9 (high severity)
DIS-265403,WDBC,17,2026-07-07T09:41:16,2026-07-07T13:34:16,233,Driver shortage,high,Driver shortage affecting line 17 (high severity)
DIS-862518,SWWD,R12,2026-06-19T16:25:45,2026-06-19T17:25:45,60,Vehicle breakdown,low,Vehicle breakdown affecting line R12 (low severity)
DIS-620006,WDBC,7B,2026-06-11T06:09:31,2026-06-11T06:56:31,47,Driver shortage,medium,Driver shortage affecting line 7B (medium severity)
DIS-491826,BLUS,12,2026-05-30T21:22:39,2026-05-30T21:49:39,27,Planned engineering works,medium,Planned engineering works affecting line 12 (medium severity)
DIS-562509,WDBC,3x,2026-06-24T21:11:34,2026-06-24T22:18:34,67,Severe weather,high,Severe weather affecting line 3x (high severity)
DIS-855402,SVCT,7,2026-05-10T12:02:53,2026-05-10T13:39:53,97,Severe weather,severe,Severe weather affecting line 7 (severe severity)
DIS-688150,TDTR,X46,2026-06-30T23:47:13,2026-07-01T01:26:13,99,Diversion,low,Diversion affecting line X46 (low severity)
DIS-551011,TDTR,5,2026-06-24T01:17:51,2026-06-24T04:41:51,204,Accident on route,medium,Accident on route affecting line 5 (medium severity)
DIS-790780,WDBC,1A,2026-05-15T09:20:55,2026-05-15T10:34:55,74,Roadworks,high,Roadworks affecting line 1A (high severity)
DIS-410716,BLUS,7,2026-05-24T03:47:57,2026-05-24T07:07:57,200,Traffic congestion,high,Traffic congestion affecting line 7 (high severity)
DIS-975584,DAMY,CR8,2026-06-02T11:50:08,2026-06-02T15:05:08,195,Road closure,high,Road closure affecting line CR8 (high severity)
DIS-586181,TDTR,11,2026-05-22T04:31:39,2026-05-22T08:07:39,216,Planned engineering works,low,Planned engineering works affecting line 11 (low severity)
DIS-711069,WDBC,13A,2026-06-11T20:12:40,2026-06-11T23:47:40,215,Roadworks,high,Roadworks affecting line 13A (high severity)
DIS-173815,WDBC,5,2026-04-21T20:50:13,2026-04-21T22:59:13,129,Severe weather,high,Severe weather affecting line 5 (high severity)
DIS-925094,SVCT,TDB,2026-05-19T10:48:40,2026-05-19T13:51:40,183,Accident on route,high,Accident on route affecting line TDB (high severity)
DIS-161486,TDTR,156,2026-06-12T19:02:11,2026-06-12T20:59:11,117,Diversion,high,Diversion affecting line 156 (high severity)
DIS-728982,SWWD,X7,2026-05-04T23:10:33,2026-05-05T00:14:33,64,Traffic congestion,severe,Traffic congestion affecting line X7 (severe severity)
DIS-337529,SWWD,88,2026-04-30T15:19:35,2026-04-30T16:10:35,51,Road closure,medium,Road closure affecting line 88 (medium severity)
DIS-573097,SVCT,SL,2026-05-23T13:37:56,2026-05-23T16:13:56,156,Diversion,low,Diversion affecting line SL (low severity)
DIS-888313,WDBC,82,2026-06-25T03:43:55,2026-06-25T04:17:55,34,Road closure,severe,Road closure affecting line 82 (severe severity)
DIS-992387,SQ,TW4,2026-06-18T19:57:47,2026-06-18T20:21:47,24,Planned engineering works,high,Planned engineering works affecting line TW4 (high severity)
DIS-919646,SWWD,R10,2026-07-06T18:08:46,2026-07-06T18:36:46,28,Traffic congestion,severe,Traffic congestion affecting line R10 (severe severity)
DIS-755057,TDTR,21,2026-07-01T01:48:23,2026-07-01T05:13:23,205,Planned engineering works,low,Planned engineering works affecting line 21 (low severity)
DIS-967112,DAMY,CR7,2026-05-21T01:40:04,2026-05-21T03:59:04,139,Driver shortage,high,Driver shortage affecting line CR7 (high severity)
DIS-826940,BLUS,539,2026-04-29T06:26:06,2026-04-29T08:11:06,105,Vehicle breakdown,severe,Vehicle breakdown affecting line 539 (severe severity)
DIS-611562,SVCT,6,2026-06-28T08:40:32,2026-06-28T09:44:32,64,Driver shortage,severe,Driver shortage affecting line 6 (severe severity)
DIS-230933,SWWD,603,2026-05-01T06:43:18,2026-05-01T07:40:18,57,Planned engineering works,medium,Planned engineering works affecting line 603 (medium severity)
DIS-188236,WDBC,24,2026-07-18T22:27:00,2026-07-18T22:57:00,30,Diversion,medium,Diversion affecting line 24 (medium severity)
DIS-437545,DAMY,20,2026-07-03T07:19:17,2026-07-03T11:17:17,238,Roadworks,severe,Roadworks affecting line 20 (severe severity)
DIS-495005,SVCT,12,2026-06-04T16:55:47,2026-06-04T19:00:47,125,Driver shortage,medium,Driver shortage affecting line 12 (medium severity)
DIS-834838,BLUS,538,2026-06-28T05:29:37,2026-06-28T08:39:37,190,Severe weather,severe,Severe weather affecting line 538 (severe severity)
DIS-736072,SVCT,68,2026-06-03T03:49:51,2026-06-03T05:07:51,78,Accident on route,medium,Accident on route affecting line 68 (medium severity)
DIS-421675,WDBC,737,2026-07-08T09:53:31,2026-07-08T11:59:31,126,Roadworks,low,Roadworks affecting line 737 (low severity)
DIS-850030,SWWD,PR15,2026-07-17T06:41:30,2026-07-17T08:51:30,130,Vehicle breakdown,high,Vehicle breakdown affecting line PR15 (high severity)
DIS-793663,BLUS,503,2026-06-24T11:54:45,2026-06-24T14:19:45,145,Road closure,severe,Road closure affecting line 503 (severe severity)
DIS-614693,SWWD,88,2026-05-15T21:31:49,2026-05-15T21:56:49,25,Vehicle breakdown,low,Vehicle breakdown affecting line 88 (low severity)
DIS-270598,WDBC,m2,2026-06-30T06:03:27,2026-06-30T08:06:27,123,Severe weather,low,Severe weather affecting line m2 (low severity)
DIS-607388,BLUS,1,2026-05-16T00:58:55,2026-05-16T03:11:55,133,Diversion,severe,Diversion affecting line 1 (severe severity)
DIS-703478,TDTR,1,2026-07-15T19:25:07,2026-07-15T19:49:07,24,Severe weather,severe,Severe weather affecting line 1 (severe severity)
DIS-601775,SWWD,X5,2026-07-13T06:19:22,2026-07-13T09:26:22,187,Roadworks,high,Roadworks affecting line X5 (high severity)
DIS-352955,SWWD,R6,2026-06-09T16:09:51,2026-06-09T18:59:51,170,Traffic congestion,low,Traffic congestion affecting line R6 (low severity)
DIS-292197,WDBC,762,2026-07-06T04:21:43,2026-07-06T07:10:43,169,Accident on route,high,Accident on route affecting line 762 (high severity)
DIS-305117,WDBC,16,2026-06-30T01:16:30,2026-06-30T03:53:30,157,Diversion,medium,Diversion affecting line 16 (medium severity)
DIS-740663,DAMY,1,2026-07-12T00:04:27,2026-07-12T01:31:27,87,Accident on route,low,Accident on route affecting line 1 (low severity)
DIS-922140,WDBC,26,2026-06-16T09:44:49,2026-06-16T12:17:49,153,Roadworks,high,Roadworks affecting line 26 (high severity)
DIS-128261,WDBC,RG2,2026-07-08T14:45:34,2026-07-08T15:26:34,41,Road closure,severe,Road closure affecting line RG2 (severe severity)
DIS-663162,TDTR,80,2026-06-17T15:45:07,2026-06-17T16:41:07,56,Driver shortage,medium,Driver shortage affecting line 80 (medium severity)
DIS-522063,WDBC,9,2026-05-20T10:05:53,2026-05-20T11:45:53,100,Diversion,low,Diversion affecting line 9 (low severity)
DIS-965694,WDBC,14,2026-07-19T01:11:17,2026-07-19T02:08:17,57,Vehicle breakdown,medium,Vehicle breakdown affecting line 14 (medium severity)
DIS-910774,DAMY,CR9,2026-05-31T16:00:07,2026-05-31T18:28:07,148,Roadworks,severe,Roadworks affecting line CR9 (severe severity)
DIS-521297,WDBC,16,2026-06-07T18:28:11,2026-06-07T21:57:11,209,Driver shortage,high,Driver shortage affecting line 16 (high severity)
DIS-520778,SWWD,PR7,2026-04-22T03:14:07,2026-04-22T03:34:07,20,Roadworks,medium,Roadworks affecting line PR7 (medium severity)
DIS-846368,WDBC,18,2026-05-12T11:45:53,2026-05-12T13:55:53,130,Vehicle breakdown,severe,Vehicle breakdown affecting line 18 (severe severity)
DIS-282978,UNIL,U6C,2026-06-26T03:27:23,2026-06-26T05:34:23,127,Planned engineering works,medium,Planned engineering works affecting line U6C (medium severity)
DIS-163950,TDTR,155,2026-05-14T11:29:09,2026-05-14T12:05:09,36,Vehicle breakdown,severe,Vehicle breakdown affecting line 155 (severe severity)
DIS-378127,SVCT,208,2026-05-15T11:47:12,2026-05-15T14:48:12,181,Driver shortage,high,Driver shortage affecting line 208 (high severity)
DIS-407987,SWWD,987,2026-04-24T17:49:13,2026-04-24T19:45:13,116,Diversion,severe,Diversion affecting line 987 (severe severity)
DIS-584955,SWWD,X4,2026-04-25T04:01:09,2026-04-25T06:59:09,178,Road closure,medium,Road closure affecting line X4 (medium severity)
DIS-992351,WDBC,31,2026-06-05T20:17:31,2026-06-05T20:58:31,41,Roadworks,severe,Roadworks affecting line 31 (severe severity)
DIS-631321,SWWD,R5,2026-06-09T21:55:58,2026-06-10T00:55:58,180,Severe weather,high,Severe weather affecting line R5 (high severity)
DIS-418798,SVCT,59,2026-06-20T18:40:54,2026-06-20T20:32:54,112,Accident on route,low,Accident on route affecting line 59 (low severity)
DIS-107664,WDBC,777,2026-05-12T12:15:21,2026-05-12T13:45:21,90,Traffic congestion,medium,Traffic congestion affecting line 777 (medium severity)
DIS-324899,WDBC,50,2026-05-11T15:01:17,2026-05-11T15:31:17,30,Accident on route,severe,Accident on route affecting line 50 (severe severity)
DIS-691955,TDTR,22,2026-07-01T20:43:21,2026-07-01T22:43:21,120,Roadworks,severe,Roadworks affecting line 22 (severe severity)
DIS-387072,SQ,TW2,2026-06-25T07:45:53,2026-06-25T10:04:53,139,Traffic congestion,low,Traffic congestion affecting line TW2 (low severity)
DIS-205069,BLUS,PRH,2026-06-10T22:35:40,2026-06-11T00:46:40,131,Diversion,medium,Diversion affecting line PRH (medium severity)
DIS-647896,SVCT,22,2026-05-14T07:45:06,2026-05-14T10:55:06,190,Diversion,low,Diversion affecting line 22 (low severity)
DIS-569599,WDBC,775,2026-07-04T12:34:52,2026-07-04T13:22:52,48,Roadworks,high,Roadworks affecting line 775 (high severity)
DIS-968610,UNIL,U6C,2026-06-23T20:24:42,2026-06-23T22:30:42,126,Accident on route,high,Accident on route affecting line U6C (high severity)
DIS-260335,SVCT,59,2026-05-17T18:35:06,2026-05-17T21:03:06,148,Diversion,low,Diversion affecting line 59 (low severity)
DIS-191171,WDBC,940,2026-07-12T05:27:53,2026-07-12T07:34:53,127,Accident on route,severe,Accident on route affecting line 940 (severe severity)
DIS-206793,SWWD,101,2026-05-24T10:11:06,2026-05-24T10:58:06,47,Diversion,low,Diversion affecting line 101 (low severity)
DIS-364729,SVCT,12,2026-07-19T22:20:48,2026-07-19T23:25:48,65,Roadworks,low,Roadworks affecting line 12 (low severity)
DIS-562419,SWWD,101,2026-07-19T12:06:06,2026-07-19T12:17:06,11,Planned engineering works,low,Planned engineering works affecting line 101 (low severity)
DIS-771703,WDBC,125,2026-06-06T03:27:12,2026-06-06T06:52:12,205,Severe weather,low,Severe weather affecting line 125 (low severity)
DIS-126809,TDTR,13,2026-05-23T21:15:58,2026-05-23T23:15:58,120,Accident on route,low,Accident on route affecting line 13 (low severity)
DIS-139691,WDBC,6,2026-04-29T20:47:18,2026-04-29T23:49:18,182,Driver shortage,high,Driver shortage affecting line 6 (high severity)
DIS-768654,TDTR,152,2026-05-24T03:12:32,2026-05-24T04:58:32,106,Road closure,medium,Road closure affecting line 152 (medium severity)
DIS-457922,SVCT,212,2026-06-28T08:35:35,2026-06-28T12:06:35,211,Accident on route,severe,Accident on route affecting line 212 (severe severity)
DIS-325897,WDBC,1A,2026-05-31T07:24:53,2026-05-31T09:45:53,141,Road closure,low,Road closure affecting line 1A (low severity)
DIS-982680,WDBC,C,2026-05-16T23:06:17,2026-05-17T02:19:17,193,Diversion,high,Diversion affecting line C (high severity)
DIS-895343,WDBC,U3,2026-07-12T19:01:59,2026-07-12T20:16:59,75,Planned engineering works,high,Planned engineering works affecting line U3 (high severity)
DIS-925997,SWWD,901,2026-07-06T20:09:10,2026-07-06T23:56:10,227,Roadworks,high,Roadworks affecting line 901 (high severity)
DIS-147796,SWWD,R1,2026-05-18T11:17:25,2026-05-18T11:56:25,39,Accident on route,severe,Accident on route affecting line R1 (severe severity)
DIS-276825,WDBC,9,2026-07-01T19:01:08,2026-07-01T20:25:08,84,Severe weather,severe,Severe weather affecting line 9 (severe severity)
DIS-106598,TDTR,156,2026-04-23T15:54:36,2026-04-23T19:40:36,226,Severe weather,medium,Severe weather affecting line 156 (medium severity)
DIS-485167,TDTR,SSS,2026-07-18T13:23:40,2026-07-18T14:55:40,92,Vehicle breakdown,medium,Vehicle breakdown affecting line SSS (medium severity)
DIS-772442,SVCT,68,2026-05-01T02:42:34,2026-05-01T03:54:34,72,Planned engineering works,severe,Planned engineering works affecting line 68 (severe severity)
DIS-573494,TDTR,X46,2026-06-30T20:12:31,2026-06-30T21:13:31,61,Accident on route,medium,Accident on route affecting line X46 (medium severity)
DIS-726573,SWWD,937,2026-07-10T14:39:50,2026-07-10T17:11:50,152,Accident on route,low,Accident on route affecting line 937 (low severity)
DIS-666644,WDBC,NFR,2026-04-25T15:16:02,2026-04-25T18:04:02,168,Traffic congestion,medium,Traffic congestion affecting line NFR (medium severity)
DIS-886005,TDTR,152,2026-06-11T10:02:59,2026-06-11T11:11:59,69,Accident on route,medium,Accident on route affecting line 152 (medium severity)
DIS-771712,WDBC,3,2026-06-24T17:49:42,2026-06-24T19:35:42,106,Driver shortage,medium,Driver shortage affecting line 3 (medium severity)
DIS-768730,TDTR,5,2026-05-16T15:25:29,2026-05-16T16:06:29,41,Severe weather,low,Severe weather affecting line 5 (low severity)
DIS-583515,BLUS,4,2026-05-15T23:27:42,2026-05-16T00:47:42,80,Diversion,low,Diversion affecting line 4 (low severity)
DIS-229700,WDBC,6,2026-06-16T15:16:30,2026-06-16T15:41:30,25,Driver shortage,low,Driver shortage affecting line 6 (low severity)
DIS-784686,BLUS,PR1,2026-06-29T15:31:36,2026-06-29T18:49:36,198,Severe weather,severe,Severe weather affecting line PR1 (severe severity)
DIS-402489,SVCT,TDB,2026-05-25T21:53:47,2026-05-26T01:16:47,203,Accident on route,severe,Accident on route affecting line TDB (severe severity)
DIS-235738,DAMY,CR7,2026-06-11T22:46:33,2026-06-12T02:15:33,209,Road closure,severe,Road closure affecting line CR7 (severe severity)
DIS-306895,BLUS,539,2026-05-22T10:19:00,2026-05-22T14:01:00,222,Traffic congestion,medium,Traffic congestion affecting line 539 (medium severity)
DIS-708393,TDTR,154,2026-07-13T05:01:46,2026-07-13T06:39:46,98,Roadworks,high,Roadworks affecting line 154 (high severity)
DIS-731037,WDBC,941,2026-05-24T01:43:39,2026-05-24T02:10:39,27,Traffic congestion,medium,Traffic congestion affecting line 941 (medium severity)
DIS-944048,DAMY,6,2026-07-03T13:45:33,2026-07-03T14:45:33,60,Road closure,medium,Road closure affecting line 6 (medium severity)
DIS-705742,BLUS,20,2026-05-03T14:37:53,2026-05-03T18:07:53,210,Roadworks,medium,Roadworks affecting line 20 (medium severity)
DIS-621235,SWWD,8,2026-07-15T07:57:00,2026-07-15T08:38:00,41,Diversion,medium,Diversion affecting line 8 (medium severity)
DIS-473444,SWWD,MHDRT,2026-05-31T19:19:55,2026-05-31T21:31:55,132,Severe weather,high,Severe weather affecting line MHDRT (high severity)
DIS-369823,SWWD,D3,2026-07-03T14:24:32,2026-07-03T18:19:32,235,Planned engineering works,medium,Planned engineering works affecting line D3 (medium severity)
DIS-869580,SVCT,TNB,2026-06-29T18:08:25,2026-06-29T19:50:25,102,Driver shortage,high,Driver shortage affecting line TNB (high severity)
DIS-686972,TDTR,152,2026-07-09T09:52:25,2026-07-09T10:56:25,64,Diversion,high,Diversion affecting line 152 (high severity)
DIS-748306,SQ,TW2,2026-05-07T00:06:30,2026-05-07T02:14:30,128,Driver shortage,severe,Driver shortage affecting line TW2 (severe severity)
DIS-119767,BLUS,635,2026-06-26T12:25:29,2026-06-26T15:14:29,169,Severe weather,severe,Severe weather affecting line 635 (severe severity)
DIS-941821,BLUS,504,2026-04-21T04:08:44,2026-04-21T08:03:44,235,Traffic congestion,medium,Traffic congestion affecting line 504 (medium severity)
DIS-352750,WDBC,X3,2026-06-18T02:32:55,2026-06-18T04:14:55,102,Planned engineering works,severe,Planned engineering works affecting line X3 (severe severity)
DIS-290661,TDTR,120,2026-06-14T17:22:39,2026-06-14T20:49:39,207,Traffic congestion,low,Traffic congestion affecting line 120 (low severity)
DIS-184170,WDBC,112,2026-04-25T23:35:29,2026-04-26T03:23:29,228,Severe weather,severe,Severe weather affecting line 112 (severe severity)
DIS-364626,TDTR,42,2026-06-02T22:05:39,2026-06-03T00:29:39,144,Driver shortage,medium,Driver shortage affecting line 42 (medium severity)
DIS-787099,SWWD,ST,2026-05-27T06:39:23,2026-05-27T07:44:23,65,Severe weather,high,Severe weather affecting line ST (high severity)
DIS-318409,BLUS,539,2026-05-14T11:01:41,2026-05-14T12:25:41,84,Traffic congestion,severe,Traffic congestion affecting line 539 (severe severity)
DIS-290059,SWWD,R12,2026-04-28T01:34:00,2026-04-28T02:14:00,40,Road closure,severe,Road closure affecting line R12 (severe severity)
DIS-381837,SVCT,203,2026-04-25T05:28:46,2026-04-25T08:36:46,188,Planned engineering works,severe,Planned engineering works affecting line 203 (severe severity)
DIS-169662,BLUS,11,2026-06-26T14:02:59,2026-06-26T16:49:59,167,Accident on route,severe,Accident on route affecting line 11 (severe severity)
DIS-217765,WDBC,762,2026-05-25T20:05:38,2026-05-25T23:54:38,229,Traffic congestion,low,Traffic congestion affecting line 762 (low severity)
DIS-433260,WDBC,14,2026-05-10T16:10:09,2026-05-10T18:09:09,119,Planned engineering works,severe,Planned engineering works affecting line 14 (severe severity)
DIS-109845,SVCT,204,2026-07-17T18:01:11,2026-07-17T18:42:11,41,Driver shortage,severe,Driver shortage affecting line 204 (severe severity)
DIS-996836,SVCT,5,2026-04-27T13:19:58,2026-04-27T16:22:58,183,Accident on route,high,Accident on route affecting line 5 (high severity)
DIS-971895,SWWD,X4,2026-05-22T21:52:45,2026-05-22T22:20:45,28,Planned engineering works,high,Planned engineering works affecting line X4 (high severity)
DIS-300686,WDBC,26,2026-05-16T18:43:38,2026-05-16T21:48:38,185,Vehicle breakdown,severe,Vehicle breakdown affecting line 26 (severe severity)
DIS-234934,WDBC,13,2026-06-25T04:32:55,2026-06-25T06:24:55,112,Road closure,medium,Road closure affecting line 13 (medium severity)
DIS-741825,WDBC,38,2026-04-21T02:00:29,2026-04-21T02:15:29,15,Roadworks,severe,Roadworks affecting line 38 (severe severity)
DIS-707013,WDBC,30,2026-05-25T19:56:10,2026-05-25T23:50:10,234,Vehicle breakdown,medium,Vehicle breakdown affecting line 30 (medium severity)
DIS-534752,TDTR,23,2026-05-10T20:39:44,2026-05-10T21:36:44,57,Planned engineering works,medium,Planned engineering works affecting line 23 (medium severity)
DIS-314490,WDBC,193,2026-04-30T03:55:04,2026-04-30T05:44:04,109,Accident on route,medium,Accident on route affecting line 193 (medium severity)
DIS-632943,SWWD,906,2026-05-24T21:45:57,2026-05-25T00:05:57,140,Diversion,high,Diversion affecting line 906 (high severity)
DIS-325115,TDTR,217,2026-05-09T01:50:07,2026-05-09T02:11:07,21,Vehicle breakdown,low,Vehicle breakdown affecting line 217 (low severity)
DIS-432139,WDBC,86,2026-07-03T18:55:06,2026-07-03T20:11:06,76,Driver shortage,severe,Driver shortage affecting line 86 (severe severity)
DIS-606883,SWWD,R14,2026-06-08T08:09:30,2026-06-08T11:28:30,199,Traffic congestion,medium,Traffic congestion affecting line R14 (medium severity)
DIS-445574,SWWD,603,2026-05-15T10:43:31,2026-05-15T13:19:31,156,Diversion,low,Diversion affecting line 603 (low severity)
DIS-430701,SWWD,44,2026-06-03T14:01:31,2026-06-03T17:31:31,210,Accident on route,low,Accident on route affecting line 44 (low severity)
DIS-437654,UNIL,U2C,2026-05-23T11:44:24,2026-05-23T13:03:24,79,Vehicle breakdown,high,Vehicle breakdown affecting line U2C (high severity)
DIS-243072,SVCT,4,2026-05-16T23:32:49,2026-05-17T00:17:49,45,Roadworks,high,Roadworks affecting line 4 (high severity)
DIS-110688,WDBC,70,2026-04-22T11:33:05,2026-04-22T13:34:05,121,Road closure,severe,Road closure affecting line 70 (severe severity)
DIS-221856,SWWD,R4,2026-06-12T14:47:52,2026-06-12T17:41:52,174,Driver shortage,high,Driver shortage affecting line R4 (high severity)
DIS-290193,SWWD,D2,2026-06-02T22:12:52,2026-06-02T22:30:52,18,Planned engineering works,medium,Planned engineering works affecting line D2 (medium severity)
DIS-430837,WDBC,11,2026-05-19T14:09:00,2026-05-19T16:20:00,131,Road closure,high,Road closure affecting line 11 (high severity)
DIS-205809,WDBC,13,2026-07-08T13:06:53,2026-07-08T17:00:53,234,Roadworks,low,Roadworks affecting line 13 (low severity)
DIS-816494,BLUS,8,2026-05-07T12:44:08,2026-05-07T13:53:08,69,Traffic congestion,low,Traffic congestion affecting line 8 (low severity)
DIS-876886,SVCT,208,2026-07-02T14:24:37,2026-07-02T14:59:37,35,Roadworks,high,Roadworks affecting line 208 (high severity)
DIS-680097,SVCT,38,2026-05-30T18:38:47,2026-05-30T19:25:47,47,Diversion,severe,Diversion affecting line 38 (severe severity)
DIS-620495,WDBC,3x,2026-06-17T19:40:48,2026-06-17T22:36:48,176,Accident on route,medium,Accident on route affecting line 3x (medium severity)
DIS-485868,WDBC,941,2026-06-07T21:37:43,2026-06-07T23:22:43,105,Vehicle breakdown,medium,Vehicle breakdown affecting line 941 (medium severity)
DIS-898687,WDBC,40,2026-05-10T11:56:26,2026-05-10T13:18:26,82,Traffic congestion,severe,Traffic congestion affecting line 40 (severe severity)
DIS-819883,BLUS,8,2026-07-06T12:23:53,2026-07-06T13:26:53,63,Vehicle breakdown,severe,Vehicle breakdown affecting line 8 (severe severity)
DIS-271694,WDBC,775,2026-06-25T22:23:41,2026-06-26T01:26:41,183,Vehicle breakdown,high,Vehicle breakdown affecting line 775 (high severity)
DIS-126689,BLUS,757,2026-05-12T05:56:10,2026-05-12T06:37:10,41,Accident on route,medium,Accident on route affecting line 757 (medium severity)
DIS-901880,WDBC,m2,2026-05-04T15:15:49,2026-05-04T15:31:49,16,Planned engineering works,high,Planned engineering works affecting line m2 (high severity)
DIS-824753,SWWD,X4,2026-04-23T04:34:23,2026-04-23T06:45:23,131,Diversion,high,Diversion affecting line X4 (high severity)
DIS-874191,TDTR,9,2026-07-08T13:11:00,2026-07-08T14:34:00,83,Planned engineering works,high,Planned engineering works affecting line 9 (high severity)
DIS-598418,SWWD,X4,2026-05-30T23:12:55,2026-05-31T00:14:55,62,Road closure,medium,Road closure affecting line X4 (medium severity)
DIS-652688,SWWD,R12,2026-05-25T02:36:23,2026-05-25T06:33:23,237,Severe weather,low,Severe weather affecting line R12 (low severity)
DIS-452534,TDTR,12,2026-04-29T16:30:03,2026-04-29T18:37:03,127,Vehicle breakdown,severe,Vehicle breakdown affecting line 12 (severe severity)
DIS-975513,DAMY,1,2026-05-15T22:15:37,2026-05-15T22:36:37,21,Road closure,high,Road closure affecting line 1 (high severity)
DIS-429287,SQ,TW1,2026-05-17T02:48:37,2026-05-17T05:30:37,162,Road closure,low,Road closure affecting line TW1 (low severity)
DIS-777785,SWWD,906,2026-04-23T02:28:06,2026-04-23T06:16:06,228,Traffic congestion,medium,Traffic congestion affecting line 906 (medium severity)
DIS-547908,TDTR,5,2026-06-30T05:28:46,2026-06-30T08:37:46,189,Severe weather,high,Severe weather affecting line 5 (high severity)
DIS-398835,TDTR,SSS,2026-07-01T13:19:05,2026-07-01T17:17:05,238,Planned engineering works,high,Planned engineering works affecting line SSS (high severity)
DIS-852513,TDTR,217,2026-05-05T01:40:08,2026-05-05T04:33:08,173,Roadworks,severe,Roadworks affecting line 217 (severe severity)
DIS-607235,TDTR,42,2026-06-22T21:07:44,2026-06-23T01:06:44,239,Roadworks,high,Roadworks affecting line 42 (high severity)
DIS-225195,BLUS,16,2026-07-11T03:55:46,2026-07-11T07:48:46,233,Severe weather,severe,Severe weather affecting line 16 (severe severity)
DIS-882243,SWWD,R14,2026-07-16T23:43:14,2026-07-17T03:29:14,226,Road closure,medium,Road closure affecting line R14 (medium severity)
DIS-297066,SVCT,213,2026-05-16T10:36:52,2026-05-16T14:02:52,206,Road closure,severe,Road closure affecting line 213 (severe severity)
DIS-303370,SVCT,214,2026-05-23T15:12:44,2026-05-23T17:26:44,134,Diversion,low,Diversion affecting line 214 (low severity)
DIS-931941,SWWD,D2,2026-06-01T06:18:55,2026-06-01T07:05:55,47,Diversion,high,Diversion affecting line D2 (high severity)
DIS-150721,WDBC,761,2026-07-12T17:37:42,2026-07-12T20:16:42,159,Accident on route,severe,Accident on route affecting line 761 (severe severity)
DIS-512582,WDBC,20,2026-06-25T16:24:13,2026-06-25T19:53:13,209,Traffic congestion,medium,Traffic congestion affecting line 20 (medium severity)
DIS-298688,BLUS,21,2026-04-21T18:49:34,2026-04-21T22:02:34,193,Driver shortage,low,Driver shortage affecting line 21 (low severity)
DIS-975385,WDBC,898,2026-06-06T11:31:57,2026-06-06T13:51:57,140,Vehicle breakdown,severe,Vehicle breakdown affecting line 898 (severe severity)
DIS-910367,TDTR,156,2026-07-10T09:21:52,2026-07-10T10:09:52,48,Traffic congestion,low,Traffic congestion affecting line 156 (low severity)
DIS-974763,SWWD,2,2026-05-17T05:38:47,2026-05-17T09:09:47,211,Accident on route,severe,Accident on route affecting line 2 (severe severity)
DIS-984255,SWWD,44,2026-05-19T06:19:57,2026-05-19T08:13:57,114,Planned engineering works,severe,Planned engineering works affecting line 44 (severe severity)
DIS-181940,WDBC,NFR,2026-05-01T21:17:50,2026-05-01T21:48:50,31,Driver shortage,low,Driver shortage affecting line NFR (low severity)
DIS-804280,TDTR,23,2026-05-16T13:04:44,2026-05-16T15:02:44,118,Driver shortage,high,Driver shortage affecting line 23 (high severity)
DIS-470139,BLUS,18,2026-05-05T21:01:17,2026-05-06T00:58:17,237,Vehicle breakdown,low,Vehicle breakdown affecting line 18 (low severity)
DIS-940315,BLUS,503,2026-06-26T01:25:59,2026-06-26T05:17:59,232,Roadworks,medium,Roadworks affecting line 503 (medium severity)
DIS-113911,BLUS,16,2026-05-06T07:44:17,2026-05-06T10:08:17,144,Vehicle breakdown,high,Vehicle breakdown affecting line 16 (high severity)
DIS-284039,WDBC,4,2026-07-02T16:45:29,2026-07-02T17:40:29,55,Severe weather,low,Severe weather affecting line 4 (low severity)
DIS-897193,BLUS,PR1,2026-05-08T13:21:37,2026-05-08T17:02:37,221,Traffic congestion,low,Traffic congestion affecting line PR1 (low severity)
DIS-822053,WDBC,3,2026-04-22T14:27:26,2026-04-22T15:24:26,57,Traffic congestion,high,Traffic congestion affecting line 3 (high severity)
DIS-926763,WDBC,25,2026-06-21T19:30:14,2026-06-21T22:42:14,192,Planned engineering works,high,Planned engineering works affecting line 25 (high severity)
DIS-719987,WDBC,NFR,2026-05-22T00:37:47,2026-05-22T03:19:47,162,Planned engineering works,high,Planned engineering works affecting line NFR (high severity)
DIS-691368,TDTR,159,2026-05-13T14:33:05,2026-05-13T15:29:05,56,Road closure,severe,Road closure affecting line 159 (severe severity)
DIS-964513,SWWD,X2,2026-07-06T17:22:00,2026-07-06T19:58:00,156,Traffic congestion,severe,Traffic congestion affecting line X2 (severe severity)
DIS-549816,TDTR,9,2026-05-18T23:55:35,2026-05-19T03:11:35,196,Driver shortage,high,Driver shortage affecting line 9 (high severity)
DIS-201339,WDBC,A,2026-06-28T23:32:09,2026-06-29T01:48:09,136,Planned engineering works,medium,Planned engineering works affecting line A (medium severity)
DIS-157583,WDBC,7B,2026-07-19T13:13:15,2026-07-19T15:57:15,164,Road closure,medium,Road closure affecting line 7B (medium severity)
DIS-161123,WDBC,7A,2026-07-06T02:33:14,2026-07-06T06:07:14,214,Traffic congestion,severe,Traffic congestion affecting line 7A (severe severity)
DIS-573009,SVCT,205,2026-04-27T08:01:25,2026-04-27T11:47:25,226,Road closure,medium,Road closure affecting line 205 (medium severity)
DIS-156948,SWWD,603,2026-04-22T15:57:14,2026-04-22T19:50:14,233,Accident on route,severe,Accident on route affecting line 603 (severe severity)
DIS-978355,WDBC,33,2026-05-13T08:09:37,2026-05-13T11:46:37,217,Severe weather,high,Severe weather affecting line 33 (high severity)
DIS-697103,SVCT,68,2026-07-11T02:50:43,2026-07-11T04:57:43,127,Roadworks,high,Roadworks affecting line 68 (high severity)
DIS-897946,WDBC,Q1,2026-06-20T21:56:13,2026-06-20T23:56:13,120,Diversion,high,Diversion affecting line Q1 (high severity)
DIS-722923,WDBC,112,2026-06-21T03:41:22,2026-06-21T03:54:22,13,Accident on route,severe,Accident on route affecting line 112 (severe severity)
DIS-971714,WDBC,RG2,2026-07-19T23:27:53,2026-07-20T01:57:53,150,Severe weather,low,Severe weather affecting line RG2 (low severity)
DIS-749719,BLUS,15,2026-06-23T15:10:22,2026-06-23T18:00:22,170,Driver shortage,severe,Driver shortage affecting line 15 (severe severity)
DIS-116617,WDBC,NFR,2026-06-05T20:03:08,2026-06-05T22:06:08,123,Vehicle breakdown,severe,Vehicle breakdown affecting line NFR (severe severity)
DIS-989780,SWWD,D2,2026-05-07T20:06:55,2026-05-07T22:24:55,138,Vehicle breakdown,high,Vehicle breakdown affecting line D2 (high severity)
DIS-878512,BLUS,N18,2026-05-26T05:01:44,2026-05-26T06:35:44,94,Planned engineering works,high,Planned engineering works affecting line N18 (high severity)
DIS-578464,WDBC,14,2026-06-16T10:27:16,2026-06-16T13:11:16,164,Diversion,low,Diversion affecting line 14 (low severity)
DIS-245254,UNIL,U2C,2026-06-14T08:57:21,2026-06-14T09:16:21,19,Accident on route,high,Accident on route affecting line U2C (high severity)
DIS-686166,BLUS,23,2026-07-19T03:42:22,2026-07-19T04:05:22,23,Severe weather,low,Severe weather affecting line 23 (low severity)
DIS-741172,TDTR,217,2026-06-04T20:46:04,2026-06-04T21:26:04,40,Road closure,severe,Road closure affecting line 217 (severe severity)
DIS-866240,BLUS,539,2026-05-12T05:17:33,2026-05-12T08:08:33,171,Severe weather,medium,Severe weather affecting line 539 (medium severity)
DIS-181183,TDTR,9,2026-07-14T11:54:20,2026-07-14T13:54:20,120,Traffic congestion,medium,Traffic congestion affecting line 9 (medium severity)
DIS-952704,DAMY,X8,2026-04-26T11:11:23,2026-04-26T13:35:23,144,Severe weather,medium,Severe weather affecting line X8 (medium severity)
DIS-355862,BLUS,21,2026-06-02T14:36:57,2026-06-02T16:22:57,106,Traffic congestion,medium,Traffic congestion affecting line 21 (medium severity)
DIS-233200,WDBC,7B,2026-07-06T16:32:30,2026-07-06T17:38:30,66,Traffic congestion,low,Traffic congestion affecting line 7B (low severity)
DIS-368443,TDTR,R24,2026-05-16T14:50:15,2026-05-16T18:10:15,200,Accident on route,medium,Accident on route affecting line R24 (medium severity)
DIS-624574,SVCT,TDB,2026-06-15T16:07:50,2026-06-15T17:36:50,89,Accident on route,severe,Accident on route affecting line TDB (severe severity)
DIS-347162,WDBC,940,2026-07-17T03:07:02,2026-07-17T05:21:02,134,Traffic congestion,low,Traffic congestion affecting line 940 (low severity)
DIS-102358,SWWD,PR15,2026-06-06T22:32:46,2026-06-07T00:23:46,111,Severe weather,high,Severe weather affecting line PR15 (high severity)
DIS-457950,SWWD,X4,2026-04-23T10:38:06,2026-04-23T11:02:06,24,Road closure,high,Road closure affecting line X4 (high severity)
DIS-693677,DAMY,CR7,2026-05-09T18:43:19,2026-05-09T19:12:19,29,Severe weather,low,Severe weather affecting line CR7 (low severity)
DIS-514931,WDBC,777,2026-05-13T16:06:15,2026-05-13T17:39:15,93,Severe weather,severe,Severe weather affecting line 777 (severe severity)
DIS-364581,TDTR,920,2026-06-06T04:40:05,2026-06-06T08:05:05,205,Accident on route,high,Accident on route affecting line 920 (high severity)
DIS-607105,TDTR,156,2026-07-03T10:50:31,2026-07-03T14:16:31,206,Accident on route,low,Accident on route affecting line 156 (low severity)
DIS-387763,WDBC,112,2026-05-28T21:25:40,2026-05-28T21:40:40,15,Driver shortage,low,Driver shortage affecting line 112 (low severity)
DIS-920077,DAMY,949,2026-06-05T05:42:09,2026-06-05T08:50:09,188,Accident on route,medium,Accident on route affecting line 949 (medium severity)
DIS-600624,WDBC,25,2026-07-05T08:33:18,2026-07-05T11:38:18,185,Diversion,medium,Diversion affecting line 25 (medium severity)
DIS-518692,TDTR,153,2026-06-01T11:16:10,2026-06-01T12:28:10,72,Roadworks,medium,Roadworks affecting line 153 (medium severity)
DIS-154750,BLUS,7,2026-04-23T05:23:54,2026-04-23T08:49:54,206,Road closure,high,Road closure affecting line 7 (high severity)
DIS-730769,BLUS,11,2026-06-12T04:08:19,2026-06-12T08:08:19,240,Severe weather,severe,Severe weather affecting line 11 (severe severity)
DIS-520353,BLUS,17,2026-06-12T05:26:05,2026-06-12T07:35:05,129,Traffic congestion,low,Traffic congestion affecting line 17 (low severity)
DIS-779697,BLUS,PR1,2026-07-08T02:57:46,2026-07-08T03:26:46,29,Vehicle breakdown,high,Vehicle breakdown affecting line PR1 (high severity)
DIS-723060,SWWD,R12,2026-05-12T18:52:45,2026-05-12T21:41:45,169,Accident on route,medium,Accident on route affecting line R12 (medium severity)
DIS-313936,TDTR,1,2026-05-25T19:31:38,2026-05-25T21:00:38,89,Severe weather,low,Severe weather affecting line 1 (low severity)
DIS-280583,SWWD,987,2026-06-13T14:51:44,2026-06-13T16:17:44,86,Traffic congestion,severe,Traffic congestion affecting line 987 (severe severity)
DIS-237609,DAMY,5,2026-05-21T16:09:08,2026-05-21T17:25:08,76,Driver shortage,medium,Driver shortage affecting line 5 (medium severity)
DIS-968565,UNIL,U1C,2026-06-06T17:22:27,2026-06-06T18:12:27,50,Severe weather,low,Severe weather affecting line U1C (low severity)
DIS-408431,TDTR,158,2026-07-03T18:59:42,2026-07-03T21:57:42,178,Traffic congestion,low,Traffic congestion affecting line 158 (low severity)
DIS-662412,TDTR,R24,2026-07-09T15:13:20,2026-07-09T17:34:20,141,Severe weather,low,Severe weather affecting line R24 (low severity)
DIS-437180,WDBC,L3,2026-06-13T13:14:42,2026-06-13T16:37:42,203,Planned engineering works,high,Planned engineering works affecting line L3 (high severity)
DIS-646570,SWWD,R1,2026-05-04T12:28:38,2026-05-04T13:33:38,65,Planned engineering works,severe,Planned engineering works affecting line R1 (severe severity)
DIS-213408,TDTR,2,2026-05-20T02:22:07,2026-05-20T04:04:07,102,Planned engineering works,low,Planned engineering works affecting line 2 (low severity)
DIS-852916,SWWD,650,2026-07-19T11:10:53,2026-07-19T11:20:53,10,Driver shortage,high,Driver shortage affecting line 650 (high severity)
DIS-468742,DAMY,CR9,2026-06-07T11:04:19,2026-06-07T11:52:19,48,Severe weather,high,Severe weather affecting line CR9 (high severity)
DIS-991690,BLUS,3,2026-05-07T12:40:21,2026-05-07T14:18:21,98,Road closure,low,Road closure affecting line 3 (low severity)
DIS-280816,SWWD,R10,2026-05-08T23:08:29,2026-05-09T00:32:29,84,Vehicle breakdown,medium,Vehicle breakdown affecting line R10 (medium severity)
DIS-499283,SVCT,1,2026-07-12T10:16:37,2026-07-12T13:22:37,186,Planned engineering works,high,Planned engineering works affecting line 1 (high severity)
DIS-776758,SWWD,906,2026-05-18T14:51:58,2026-05-18T16:38:58,107,Vehicle breakdown,low,Vehicle breakdown affecting line 906 (low severity)
DIS-977058,TDTR,842,2026-07-17T13:52:38,2026-07-17T17:07:38,195,Planned engineering works,high,Planned engineering works affecting line 842 (high severity)
DIS-882833,TDTR,48A,2026-06-15T09:29:13,2026-06-15T12:01:13,152,Vehicle breakdown,severe,Vehicle breakdown affecting line 48A (severe severity)
DIS-522039,TDTR,15,2026-07-06T22:50:29,2026-07-07T00:32:29,102,Roadworks,low,Roadworks affecting line 15 (low severity)
DIS-683207,SVCT,205,2026-07-16T05:48:28,2026-07-16T08:56:28,188,Accident on route,high,Accident on route affecting line 205 (high severity)
DIS-890576,WDBC,NFR,2026-05-05T16:54:43,2026-05-05T19:29:43,155,Vehicle breakdown,high,Vehicle breakdown affecting line NFR (high severity)
DIS-480426,UNIL,U6H,2026-04-29T16:28:17,2026-04-29T16:56:17,28,Traffic congestion,severe,Traffic congestion affecting line U6H (severe severity)
DIS-205706,TDTR,155,2026-06-08T21:43:53,2026-06-08T23:13:53,90,Planned engineering works,medium,Planned engineering works affecting line 155 (medium severity)
DIS-448180,SWWD,978,2026-05-20T13:29:16,2026-05-20T17:21:16,232,Driver shortage,high,Driver shortage affecting line 978 (high severity)
DIS-407607,WDBC,NFB,2026-05-05T10:55:11,2026-05-05T14:03:11,188,Vehicle breakdown,high,Vehicle breakdown affecting line NFB (high severity)
DIS-940993,WDBC,775,2026-06-12T01:56:17,2026-06-12T04:06:17,130,Diversion,high,Diversion affecting line 775 (high severity)
DIS-101593,WDBC,B,2026-05-15T15:49:12,2026-05-15T18:36:12,167,Vehicle breakdown,severe,Vehicle breakdown affecting line B (severe severity)
DIS-435362,SWWD,88,2026-04-28T02:38:33,2026-04-28T03:11:33,33,Traffic congestion,severe,Traffic congestion affecting line 88 (severe severity)
DIS-737695,TDTR,X46,2026-07-16T12:08:23,2026-07-16T13:55:23,107,Accident on route,medium,Accident on route affecting line X46 (medium severity)
DIS-722644,DAMY,6,2026-07-14T23:32:56,2026-07-14T23:54:56,22,Road closure,medium,Road closure affecting line 6 (medium severity)
DIS-674564,TDTR,9,2026-05-05T16:08:38,2026-05-05T19:11:38,183,Diversion,high,Diversion affecting line 9 (high severity)
DIS-949092,BLUS,N18,2026-04-28T13:41:32,2026-04-28T16:33:32,172,Severe weather,medium,Severe weather affecting line N18 (medium severity)
DIS-280628,TDTR,17,2026-06-26T10:44:09,2026-06-26T13:49:09,185,Diversion,severe,Diversion affecting line 17 (severe severity)
DIS-238431,WDBC,U3,2026-06-26T19:29:52,2026-06-26T23:24:52,235,Roadworks,high,Roadworks affecting line U3 (high severity)
DIS-782044,BLUS,503,2026-05-04T20:57:51,2026-05-05T00:03:51,186,Traffic congestion,low,Traffic congestion affecting line 503 (low severity)
DIS-690413,SVCT,7,2026-05-02T16:36:19,2026-05-02T17:45:19,69,Planned engineering works,low,Planned engineering works affecting line 7 (low severity)
DIS-328890,SVCT,213,2026-06-25T16:22:56,2026-06-25T19:00:56,158,Accident on route,low,Accident on route affecting line 213 (low severity)
DIS-620839,TDTR,1,2026-07-03T02:33:43,2026-07-03T06:04:43,211,Traffic congestion,medium,Traffic congestion affecting line 1 (medium severity)
DIS-212357,BLUS,16,2026-07-11T15:07:29,2026-07-11T15:44:29,37,Severe weather,low,Severe weather affecting line 16 (low severity)
DIS-838031,SWWD,ST,2026-06-13T13:28:48,2026-06-13T14:16:48,48,Vehicle breakdown,low,Vehicle breakdown affecting line ST (low severity)
DIS-318377,SWWD,R12,2026-07-14T16:26:10,2026-07-14T18:30:10,124,Severe weather,high,Severe weather affecting line R12 (high severity)
DIS-758101,SWWD,D2,2026-05-30T11:15:35,2026-05-30T12:57:35,102,Accident on route,high,Accident on route affecting line D2 (high severity)
DIS-471934,BLUS,538,2026-06-11T13:28:20,2026-06-11T14:20:20,52,Traffic congestion,high,Traffic congestion affecting line 538 (high severity)
DIS-895692,WDBC,m1,2026-07-15T12:13:29,2026-07-15T13:35:29,82,Road closure,medium,Road closure affecting line m1 (medium severity)
DIS-871478,BLUS,N18,2026-06-28T22:24:22,2026-06-29T01:39:22,195,Vehicle breakdown,medium,Vehicle breakdown affecting line N18 (medium severity)
DIS-654082,SWWD,650,2026-07-02T12:53:55,2026-07-02T13:29:55,36,Accident on route,severe,Accident on route affecting line 650 (severe severity)
DIS-818877,BLUS,4,2026-05-16T09:53:32,2026-05-16T11:12:32,79,Severe weather,high,Severe weather affecting line 4 (high severity)
DIS-907190,SQ,TM1,2026-07-06T04:53:23,2026-07-06T05:46:23,53,Severe weather,low,Severe weather affecting line TM1 (low severity)
DIS-974323,TDTR,80,2026-05-23T01:34:13,2026-05-23T04:35:13,181,Traffic congestion,severe,Traffic congestion affecting line 80 (severe severity)
DIS-767751,TDTR,22,2026-05-25T07:52:44,2026-05-25T09:33:44,101,Planned engineering works,medium,Planned engineering works affecting line 22 (medium severity)
DIS-618934,TDTR,217,2026-06-13T22:27:06,2026-06-14T01:41:06,194,Road closure,severe,Road closure affecting line 217 (severe severity)
DIS-235330,UNIL,U6H,2026-04-23T00:13:34,2026-04-23T01:06:34,53,Traffic congestion,medium,Traffic congestion affecting line U6H (medium severity)
DIS-288353,TDTR,153,2026-06-02T10:05:58,2026-06-02T12:36:58,151,Traffic congestion,low,Traffic congestion affecting line 153 (low severity)
DIS-767848,SVCT,206,2026-07-04T01:56:14,2026-07-04T03:01:14,65,Planned engineering works,low,Planned engineering works affecting line 206 (low severity)
DIS-984018,SVCT,63,2026-06-04T08:46:18,2026-06-04T09:37:18,51,Driver shortage,medium,Driver shortage affecting line 63 (medium severity)
DIS-267101,UNIL,U6C,2026-05-18T21:17:49,2026-05-19T01:13:49,236,Roadworks,low,Roadworks affecting line U6C (low severity)
DIS-722604,SWWD,R14,2026-05-19T12:15:49,2026-05-19T15:52:49,217,Driver shortage,severe,Driver shortage affecting line R14 (severe severity)
DIS-229871,DAMY,X8,2026-05-30T11:42:54,2026-05-30T13:56:54,134,Driver shortage,low,Driver shortage affecting line X8 (low severity)
DIS-825617,SVCT,201,2026-07-08T09:34:30,2026-07-08T09:45:30,11,Planned engineering works,low,Planned engineering works affecting line 201 (low severity)
DIS-284774,WDBC,13A,2026-05-25T23:02:02,2026-05-25T23:33:02,31,Vehicle breakdown,low,Vehicle breakdown affecting line 13A (low severity)
DIS-658752,SQ,TW1,2026-05-09T16:51:12,2026-05-09T17:20:12,29,Road closure,severe,Road closure affecting line TW1 (severe severity)
DIS-879804,TDTR,NW2,2026-07-01T01:29:58,2026-07-01T01:53:58,24,Roadworks,low,Roadworks affecting line NW2 (low severity)
DIS-778581,BLUS,61,2026-05-10T09:00:47,2026-05-10T11:08:47,128,Vehicle breakdown,high,Vehicle breakdown affecting line 61 (high severity)
DIS-189553,WDBC,32,2026-04-23T18:23:17,2026-04-23T20:20:17,117,Roadworks,medium,Roadworks affecting line 32 (medium severity)
DIS-634084,SVCT,2,2026-05-18T02:24:49,2026-05-18T05:34:49,190,Road closure,high,Road closure affecting line 2 (high severity)
DIS-482593,SWWD,907,2026-06-14T21:35:15,2026-06-15T00:05:15,150,Traffic congestion,high,Traffic congestion affecting line 907 (high severity)
DIS-616977,BLUS,21,2026-05-04T12:11:36,2026-05-04T14:59:36,168,Traffic congestion,severe,Traffic congestion affecting line 21 (severe severity)
DIS-702040,TDTR,158,2026-05-22T05:28:57,2026-05-22T08:12:57,164,Diversion,low,Diversion affecting line 158 (low severity)
DIS-487514,WDBC,Q1,2026-05-10T02:42:00,2026-05-10T03:25:00,43,Accident on route,medium,Accident on route affecting line Q1 (medium severity)
DIS-568549,SWWD,PVDRT,2026-07-20T07:51:43,2026-07-20T11:46:43,235,Driver shortage,high,Driver shortage affecting line PVDRT (high severity)
DIS-131689,WDBC,L3,2026-06-03T19:13:36,2026-06-03T19:52:36,39,Diversion,high,Diversion affecting line L3 (high severity)
DIS-538303,UNIL,U2B,2026-05-30T04:07:46,2026-05-30T05:28:46,81,Roadworks,high,Roadworks affecting line U2B (high severity)
DIS-375300,DAMY,6,2026-04-28T14:20:19,2026-04-28T17:05:19,165,Accident on route,severe,Accident on route affecting line 6 (severe severity)
DIS-107035,TDTR,21,2026-05-12T07:37:34,2026-05-12T10:38:34,181,Severe weather,high,Severe weather affecting line 21 (high severity)
DIS-969345,TDTR,217,2026-06-07T09:26:19,2026-06-07T10:26:19,60,Traffic congestion,medium,Traffic congestion affecting line 217 (medium severity)
DIS-948524,SWWD,987,2026-05-17T11:14:31,2026-05-17T12:16:31,62,Diversion,high,Diversion affecting line 987 (high severity)
DIS-120025,TDTR,48A,2026-07-11T06:27:06,2026-07-11T08:36:06,129,Diversion,low,Diversion affecting line 48A (low severity)
DIS-537350,SVCT,SL,2026-06-15T14:24:10,2026-06-15T16:45:10,141,Accident on route,low,Accident on route affecting line SL (low severity)
DIS-127678,WDBC,70,2026-07-08T22:39:08,2026-07-08T23:21:08,42,Accident on route,medium,Accident on route affecting line 70 (medium severity)
DIS-615511,DAMY,5,2026-05-30T05:33:20,2026-05-30T08:22:20,169,Driver shortage,severe,Driver shortage affecting line 5 (severe severity)
DIS-758735,SQ,DEAD,2026-05-10T07:03:00,2026-05-10T08:47:00,104,Road closure,severe,Road closure affecting line DEAD (severe severity)
DIS-569863,SVCT,63,2026-06-09T08:46:41,2026-06-09T09:59:41,73,Diversion,severe,Diversion affecting line 63 (severe severity)
DIS-686165,DAMY,20,2026-05-29T12:50:33,2026-05-29T16:06:33,196,Severe weather,low,Severe weather affecting line 20 (low severity)
DIS-371346,WDBC,40,2026-06-07T14:23:52,2026-06-07T16:30:52,127,Accident on route,medium,Accident on route affecting line 40 (medium severity)
DIS-995622,TDTR,15,2026-07-08T19:38:59,2026-07-08T22:25:59,167,Roadworks,high,Roadworks affecting line 15 (high severity)
DIS-637188,WDBC,L5,2026-04-21T10:14:35,2026-04-21T13:53:35,219,Roadworks,low,Roadworks affecting line L5 (low severity)
DIS-881979,WDBC,33,2026-04-21T00:50:25,2026-04-21T02:48:25,118,Vehicle breakdown,medium,Vehicle breakdown affecting line 33 (medium severity)
DIS-392116,SWWD,2,2026-07-19T23:20:42,2026-07-20T00:12:42,52,Severe weather,medium,Severe weather affecting line 2 (medium severity)
DIS-582220,UNIL,U2B,2026-06-28T23:19:59,2026-06-29T01:54:59,155,Driver shortage,low,Driver shortage affecting line U2B (low severity)
DIS-681392,WDBC,10,2026-07-01T21:49:38,2026-07-02T01:35:38,226,Traffic congestion,high,Traffic congestion affecting line 10 (high severity)
DIS-202881,SWWD,PR3,2026-05-19T04:24:51,2026-05-19T07:30:51,186,Severe weather,high,Severe weather affecting line PR3 (high severity)
DIS-568421,SWWD,650,2026-05-06T18:08:24,2026-05-06T20:29:24,141,Accident on route,medium,Accident on route affecting line 650 (medium severity)
DIS-810721,WDBC,7A,2026-06-22T02:30:53,2026-06-22T05:50:53,200,Diversion,high,Diversion affecting line 7A (high severity)
DIS-922635,SQ,TM1,2026-07-15T12:13:34,2026-07-15T14:40:34,147,Vehicle breakdown,low,Vehicle breakdown affecting line TM1 (low severity)
DIS-307745,SQ,TW1,2026-07-20T13:43:04,2026-07-20T14:46:04,63,Accident on route,low,Accident on route affecting line TW1 (low severity)
DIS-288691,WDBC,10,2026-05-05T00:38:07,2026-05-05T03:00:07,142,Roadworks,high,Roadworks affecting line 10 (high severity)
DIS-287431,SVCT,3,2026-07-13T19:06:34,2026-07-13T22:01:34,175,Traffic congestion,severe,Traffic congestion affecting line 3 (severe severity)
DIS-737559,BLUS,19,2026-05-28T16:38:48,2026-05-28T19:31:48,173,Roadworks,medium,Roadworks affecting line 19 (medium severity)
DIS-379667,WDBC,NFR,2026-06-10T23:06:20,2026-06-11T01:39:20,153,Traffic congestion,low,Traffic congestion affecting line NFR (low severity)
DIS-805001,SVCT,213,2026-07-14T01:10:13,2026-07-14T01:30:13,20,Road closure,severe,Road closure affecting line 213 (severe severity)
DIS-449121,WDBC,744,2026-06-16T06:38:09,2026-06-16T06:49:09,11,Roadworks,low,Roadworks affecting line 744 (low severity)
DIS-895810,WDBC,3,2026-06-21T06:42:39,2026-06-21T10:16:39,214,Vehicle breakdown,high,Vehicle breakdown affecting line 3 (high severity)
DIS-985434,WDBC,86,2026-06-26T02:40:21,2026-06-26T04:14:21,94,Traffic congestion,medium,Traffic congestion affecting line 86 (medium severity)
DIS-245861,BLUS,10,2026-06-13T07:43:17,2026-06-13T09:36:17,113,Accident on route,severe,Accident on route affecting line 10 (severe severity)
DIS-985873,WDBC,193,2026-07-01T22:39:31,2026-07-02T02:09:31,210,Severe weather,medium,Severe weather affecting line 193 (medium severity)
DIS-609979,SWWD,663,2026-06-13T16:05:03,2026-06-13T19:06:03,181,Driver shortage,medium,Driver shortage affecting line 663 (medium severity)
DIS-959682,WDBC,U1,2026-05-10T04:34:17,2026-05-10T07:15:17,161,Accident on route,severe,Accident on route affecting line U1 (severe severity)
DIS-927863,UNIL,U1C,2026-06-01T05:10:54,2026-06-01T05:58:54,48,Accident on route,severe,Accident on route affecting line U1C (severe severity)
DIS-460789,WDBC,m2,2026-04-23T18:02:35,2026-04-23T19:44:35,102,Vehicle breakdown,low,Vehicle breakdown affecting line m2 (low severity)
DIS-906553,WDBC,13A,2026-05-30T01:04:12,2026-05-30T05:01:12,237,Road closure,high,Road closure affecting line 13A (high severity)
DIS-912183,BLUS,4,2026-06-28T17:29:43,2026-06-28T19:25:43,116,Severe weather,high,Severe weather affecting line 4 (high severity)
DIS-797824,SWWD,R2,2026-05-14T22:39:14,2026-05-15T00:15:14,96,Traffic congestion,high,Traffic congestion affecting line R2 (high severity)
DIS-189663,WDBC,6,2026-05-02T09:19:38,2026-05-02T10:42:38,83,Roadworks,high,Roadworks affecting line 6 (high severity)
DIS-243735,SWWD,44,2026-07-20T15:29:48,2026-07-20T19:29:48,240,Vehicle breakdown,medium,Vehicle breakdown affecting line 44 (medium severity)
DIS-737375,TDTR,48A,2026-05-20T02:38:50,2026-05-20T03:26:50,48,Diversion,low,Diversion affecting line 48A (low severity)
DIS-943355,SWWD,R4,2026-07-08T10:44:18,2026-07-08T12:12:18,88,Accident on route,high,Accident on route affecting line R4 (high severity)
DIS-797343,SWWD,R12,2026-06-11T17:58:33,2026-06-11T21:21:33,203,Accident on route,severe,Accident on route affecting line R12 (severe severity)
DIS-859048,BLUS,503,2026-05-08T07:51:39,2026-05-08T09:07:39,76,Roadworks,low,Roadworks affecting line 503 (low severity)
DIS-835049,WDBC,125,2026-07-12T03:38:31,2026-07-12T05:59:31,141,Roadworks,severe,Roadworks affecting line 125 (severe severity)
DIS-179223,WDBC,26,2026-05-19T07:46:16,2026-05-19T09:42:16,116,Vehicle breakdown,medium,Vehicle breakdown affecting line 26 (medium severity)
DIS-754282,BLUS,504,2026-07-10T13:46:22,2026-07-10T15:37:22,111,Traffic congestion,severe,Traffic congestion affecting line 504 (severe severity)
DIS-463183,WDBC,125,2026-07-02T14:04:00,2026-07-02T14:56:00,52,Planned engineering works,low,Planned engineering works affecting line 125 (low severity)
DIS-130366,BLUS,11,2026-05-18T02:50:07,2026-05-18T04:48:07,118,Accident on route,severe,Accident on route affecting line 11 (severe severity)
DIS-333482,WDBC,U3,2026-06-14T11:17:41,2026-06-14T13:47:41,150,Accident on route,high,Accident on route affecting line U3 (high severity)
DIS-798655,SWWD,603,2026-07-12T20:30:59,2026-07-12T20:54:59,24,Severe weather,low,Severe weather affecting line 603 (low severity)
DIS-342505,SWWD,37,2026-06-21T00:46:43,2026-06-21T03:43:43,177,Accident on route,medium,Accident on route affecting line 37 (medium severity)
DIS-387401,BLUS,538,2026-04-26T01:35:40,2026-04-26T03:54:40,139,Road closure,medium,Road closure affecting line 538 (medium severity)
DIS-717554,WDBC,L3,2026-06-25T16:20:45,2026-06-25T18:59:45,159,Severe weather,low,Severe weather affecting line L3 (low severity)
DIS-951485,SWWD,8,2026-04-27T14:09:54,2026-04-27T17:50:54,221,Road closure,severe,Road closure affecting line 8 (severe severity)
DIS-169630,SWWD,663,2026-07-13T08:57:24,2026-07-13T11:38:24,161,Planned engineering works,low,Planned engineering works affecting line 663 (low severity)
DIS-521621,BLUS,5,2026-05-04T09:35:39,2026-05-04T12:48:39,193,Roadworks,severe,Roadworks affecting line 5 (severe severity)
DIS-802469,SVCT,63,2026-06-29T23:22:23,2026-06-29T23:33:23,11,Road closure,medium,Road closure affecting line 63 (medium severity)
DIS-174099,SVCT,39,2026-05-24T02:54:38,2026-05-24T03:06:38,12,Road closure,severe,Road closure affecting line 39 (severe severity)
DIS-440220,UNIL,U2B,2026-05-24T18:58:34,2026-05-24T21:20:34,142,Roadworks,high,Roadworks affecting line U2B (high severity)
DIS-107039,BLUS,19a,2026-05-04T21:30:51,2026-05-04T22:47:51,77,Severe weather,medium,Severe weather affecting line 19a (medium severity)
DIS-239174,WDBC,X6,2026-05-07T05:20:21,2026-05-07T08:32:21,192,Accident on route,severe,Accident on route affecting line X6 (severe severity)
DIS-982605,WDBC,941,2026-04-22T11:33:02,2026-04-22T12:13:02,40,Accident on route,severe,Accident on route affecting line 941 (severe severity)
DIS-676146,SVCT,204,2026-05-07T18:57:26,2026-05-07T22:46:26,229,Diversion,low,Diversion affecting line 204 (low severity)
DIS-271625,SWWD,927,2026-06-16T17:20:45,2026-06-16T19:54:45,154,Road closure,high,Road closure affecting line 927 (high severity)
DIS-424997,WDBC,86,2026-05-21T19:24:30,2026-05-21T21:36:30,132,Planned engineering works,severe,Planned engineering works affecting line 86 (severe severity)
DIS-628266,TDTR,42,2026-07-16T06:58:20,2026-07-16T09:04:20,126,Road closure,severe,Road closure affecting line 42 (severe severity)
DIS-188339,BLUS,18,2026-05-27T03:45:52,2026-05-27T05:20:52,95,Vehicle breakdown,high,Vehicle breakdown affecting line 18 (high severity)
DIS-333596,BLUS,538,2026-05-07T02:20:45,2026-05-07T02:41:45,21,Driver shortage,low,Driver shortage affecting line 538 (low severity)
DIS-410332,SVCT,213,2026-05-13T14:32:02,2026-05-13T16:43:02,131,Vehicle breakdown,severe,Vehicle breakdown affecting line 213 (severe severity)
DIS-626248,DAMY,1,2026-05-06T11:24:28,2026-05-06T11:35:28,11,Vehicle breakdown,severe,Vehicle breakdown affecting line 1 (severe severity)
DIS-620587,SWWD,R10,2026-06-09T12:09:28,2026-06-09T13:09:28,60,Driver shortage,low,Driver shortage affecting line R10 (low severity)
DIS-496532,WDBC,13,2026-05-12T03:41:46,2026-05-12T05:36:46,115,Roadworks,low,Roadworks affecting line 13 (low severity)
DIS-906193,SVCT,5,2026-06-20T03:01:01,2026-06-20T05:09:01,128,Road closure,medium,Road closure affecting line 5 (medium severity)
DIS-212143,SQ,TW4,2026-07-02T13:18:28,2026-07-02T16:56:28,218,Accident on route,low,Accident on route affecting line TW4 (low severity)
DIS-630379,SVCT,209,2026-07-13T10:32:52,2026-07-13T14:11:52,219,Vehicle breakdown,low,Vehicle breakdown affecting line 209 (low severity)
DIS-449187,SWWD,PR7,2026-06-28T16:20:55,2026-06-28T16:45:55,25,Diversion,medium,Diversion affecting line PR7 (medium severity)
DIS-109654,SVCT,200,2026-05-13T14:49:15,2026-05-13T16:28:15,99,Planned engineering works,high,Planned engineering works affecting line 200 (high severity)
DIS-625500,SWWD,PR3,2026-06-13T23:28:51,2026-06-14T00:59:51,91,Severe weather,medium,Severe weather affecting line PR3 (medium severity)
DIS-736284,WDBC,82,2026-04-23T03:08:37,2026-04-23T05:25:37,137,Driver shortage,low,Driver shortage affecting line 82 (low severity)
DIS-484544,SVCT,7,2026-05-28T15:13:00,2026-05-28T17:33:00,140,Severe weather,high,Severe weather affecting line 7 (high severity)
DIS-695800,TDTR,13,2026-07-10T08:35:21,2026-07-10T09:25:21,50,Diversion,high,Diversion affecting line 13 (high severity)
DIS-680670,TDTR,153,2026-04-26T16:02:32,2026-04-26T18:20:32,138,Diversion,severe,Diversion affecting line 153 (severe severity)
DIS-156378,TDTR,2,2026-06-07T02:23:22,2026-06-07T02:57:22,34,Road closure,high,Road closure affecting line 2 (high severity)
DIS-398367,BLUS,12,2026-07-18T13:26:42,2026-07-18T16:03:42,157,Traffic congestion,high,Traffic congestion affecting line 12 (high severity)
DIS-379947,SWWD,603,2026-07-03T05:08:56,2026-07-03T08:41:56,213,Roadworks,low,Roadworks affecting line 603 (low severity)
DIS-702740,SWWD,X4,2026-06-19T18:05:27,2026-06-19T19:20:27,75,Vehicle breakdown,medium,Vehicle breakdown affecting line X4 (medium severity)
DIS-189364,BLUS,538,2026-05-06T07:03:59,2026-05-06T08:40:59,97,Roadworks,low,Roadworks affecting line 538 (low severity)
DIS-705394,SVCT,TSS,2026-07-20T05:12:29,2026-07-20T08:20:29,188,Vehicle breakdown,severe,Vehicle breakdown affecting line TSS (severe severity)
DIS-193154,SWWD,PR15,2026-05-05T22:25:16,2026-05-06T00:50:16,145,Traffic congestion,medium,Traffic congestion affecting line PR15 (medium severity)
DIS-630269,SWWD,PR3,2026-06-27T03:45:13,2026-06-27T04:54:13,69,Road closure,high,Road closure affecting line PR3 (high severity)
DIS-831142,SWWD,R1,2026-05-11T05:56:12,2026-05-11T06:53:12,57,Roadworks,low,Roadworks affecting line R1 (low severity)
DIS-438085,TDTR,80,2026-07-03T02:03:40,2026-07-03T03:25:40,82,Road closure,low,Road closure affecting line 80 (low severity)
DIS-878612,SWWD,625,2026-07-18T15:09:04,2026-07-18T16:32:04,83,Traffic congestion,high,Traffic congestion affecting line 625 (high severity)
DIS-610505,TDTR,SSS,2026-04-21T15:28:28,2026-04-21T16:24:28,56,Roadworks,severe,Roadworks affecting line SSS (severe severity)
DIS-740812,SVCT,TDB,2026-05-02T04:32:27,2026-05-02T08:15:27,223,Road closure,low,Road closure affecting line TDB (low severity)
DIS-689679,BLUS,10,2026-06-06T15:12:32,2026-06-06T15:34:32,22,Vehicle breakdown,high,Vehicle breakdown affecting line 10 (high severity)
DIS-147463,BLUS,17,2026-06-30T11:53:16,2026-06-30T13:52:16,119,Road closure,severe,Road closure affecting line 17 (severe severity)
DIS-576643,SWWD,R12,2026-06-07T23:28:42,2026-06-08T01:19:42,111,Driver shortage,low,Driver shortage affecting line R12 (low severity)
DIS-829133,WDBC,193,2026-06-11T15:30:43,2026-06-11T16:00:43,30,Road closure,high,Road closure affecting line 193 (high severity)
DIS-430480,SWWD,66,2026-04-26T08:37:43,2026-04-26T08:55:43,18,Diversion,high,Diversion affecting line 66 (high severity)
DIS-323034,SWWD,907,2026-05-14T00:22:56,2026-05-14T00:41:56,19,Planned engineering works,severe,Planned engineering works affecting line 907 (severe severity)
DIS-389672,SWWD,PR15,2026-06-19T15:22:32,2026-06-19T18:47:32,205,Traffic congestion,low,Traffic congestion affecting line PR15 (low severity)
DIS-989057,WDBC,C,2026-07-19T13:47:46,2026-07-19T14:49:46,62,Road closure,high,Road closure affecting line C (high severity)
DIS-867662,SWWD,88,2026-07-11T14:59:40,2026-07-11T18:44:40,225,Severe weather,severe,Severe weather affecting line 88 (severe severity)
DIS-751904,WDBC,L3,2026-05-30T04:43:59,2026-05-30T05:50:59,67,Diversion,low,Diversion affecting line L3 (low severity)
DIS-914026,SWWD,901,2026-05-01T17:08:13,2026-05-01T18:32:13,84,Vehicle breakdown,low,Vehicle breakdown affecting line 901 (low severity)
DIS-950372,TDTR,9,2026-05-07T22:01:30,2026-05-08T00:24:30,143,Vehicle breakdown,high,Vehicle breakdown affecting line 9 (high severity)
DIS-188203,TDTR,920,2026-06-29T17:18:30,2026-06-29T21:01:30,223,Road closure,high,Road closure affecting line 920 (high severity)
DIS-388647,WDBC,17,2026-05-21T20:32:18,2026-05-21T23:28:18,176,Planned engineering works,medium,Planned engineering works affecting line 17 (medium severity)
DIS-450578,SWWD,2A,2026-07-21T00:04:43,2026-07-21T03:34:43,210,Diversion,high,Diversion affecting line 2A (high severity)
DIS-527656,SWWD,908,2026-04-27T05:04:29,2026-04-27T08:42:29,218,Vehicle breakdown,severe,Vehicle breakdown affecting line 908 (severe severity)
DIS-638287,BLUS,21,2026-07-19T05:05:12,2026-07-19T08:20:12,195,Planned engineering works,high,Planned engineering works affecting line 21 (high severity)
DIS-844595,UNIL,U6C,2026-05-13T04:41:26,2026-05-13T08:16:26,215,Driver shortage,high,Driver shortage affecting line U6C (high severity)
DIS-721838,TDTR,158,2026-04-29T14:43:57,2026-04-29T16:50:57,127,Traffic congestion,medium,Traffic congestion affecting line 158 (medium severity)
DIS-268389,BLUS,12,2026-06-02T04:57:11,2026-06-02T05:22:11,25,Diversion,high,Diversion affecting line 12 (high severity)
DIS-270227,SVCT,206,2026-06-10T20:32:38,2026-06-10T22:45:38,133,Severe weather,medium,Severe weather affecting line 206 (medium severity)
DIS-622738,SWWD,966,2026-05-22T07:53:27,2026-05-22T09:28:27,95,Planned engineering works,severe,Planned engineering works affecting line 966 (severe severity)
DIS-571119,BLUS,20,2026-07-10T19:22:42,2026-07-10T20:04:42,42,Vehicle breakdown,high,Vehicle breakdown affecting line 20 (high severity)
DIS-518610,UNIL,U6C,2026-07-17T14:56:54,2026-07-17T17:38:54,162,Driver shortage,medium,Driver shortage affecting line U6C (medium severity)
DIS-670697,SVCT,214,2026-05-16T16:18:52,2026-05-16T19:46:52,208,Vehicle breakdown,severe,Vehicle breakdown affecting line 214 (severe severity)
DIS-379053,WDBC,ONE,2026-05-09T14:15:42,2026-05-09T16:03:42,108,Accident on route,low,Accident on route affecting line ONE (low severity)
DIS-912864,SWWD,966,2026-05-18T22:59:28,2026-05-18T23:30:28,31,Diversion,low,Diversion affecting line 966 (low severity)
DIS-419992,BLUS,PRH,2026-06-25T06:52:40,2026-06-25T09:50:40,178,Planned engineering works,low,Planned engineering works affecting line PRH (low severity)
DIS-111238,SVCT,37,2026-07-18T10:37:56,2026-07-18T11:56:56,79,Diversion,high,Diversion affecting line 37 (high severity)
DIS-276833,SVCT,5,2026-07-11T15:11:28,2026-07-11T16:16:28,65,Planned engineering works,low,Planned engineering works affecting line 5 (low severity)
DIS-569874,TDTR,48A,2026-04-22T19:36:39,2026-04-22T22:26:39,170,Diversion,severe,Diversion affecting line 48A (severe severity)
DIS-633882,SVCT,22,2026-06-02T12:41:20,2026-06-02T13:50:20,69,Traffic congestion,low,Traffic congestion affecting line 22 (low severity)
DIS-968070,WDBC,C,2026-05-18T02:09:54,2026-05-18T04:20:54,131,Traffic congestion,high,Traffic congestion affecting line C (high severity)
DIS-999405,BLUS,11,2026-05-03T06:10:08,2026-05-03T07:54:08,104,Road closure,severe,Road closure affecting line 11 (severe severity)
DIS-163047,WDBC,1C,2026-05-27T17:01:57,2026-05-27T20:33:57,212,Road closure,high,Road closure affecting line 1C (high severity)
DIS-530785,TDTR,X76,2026-05-17T21:14:43,2026-05-18T01:08:43,234,Planned engineering works,severe,Planned engineering works affecting line X76 (severe severity)
DIS-435326,TDTR,159,2026-06-22T06:20:31,2026-06-22T07:19:31,59,Planned engineering works,low,Planned engineering works affecting line 159 (low severity)
DIS-494560,SWWD,X4,2026-05-15T17:31:01,2026-05-15T20:56:01,205,Roadworks,low,Roadworks affecting line X4 (low severity)
DIS-480469,TDTR,48A,2026-06-20T16:10:02,2026-06-20T17:48:02,98,Planned engineering works,high,Planned engineering works affecting line 48A (high severity)
DIS-858820,WDBC,737,2026-07-07T00:27:32,2026-07-07T02:48:32,141,Road closure,high,Road closure affecting line 737 (high severity)
DIS-505556,WDBC,7A,2026-07-17T06:21:48,2026-07-17T07:11:48,50,Diversion,low,Diversion affecting line 7A (low severity)
DIS-441401,BLUS,15,2026-06-08T14:58:29,2026-06-08T15:49:29,51,Severe weather,severe,Severe weather affecting line 15 (severe severity)
DIS-740639,TDTR,2,2026-05-18T02:39:54,2026-05-18T04:59:54,140,Traffic congestion,low,Traffic congestion affecting line 2 (low severity)
DIS-864783,SWWD,X7,2026-05-03T01:16:37,2026-05-03T02:52:37,96,Planned engineering works,high,Planned engineering works affecting line X7 (high severity)
DIS-534443,SQ,TM1,2026-06-03T16:51:16,2026-06-03T20:18:16,207,Vehicle breakdown,medium,Vehicle breakdown affecting line TM1 (medium severity)
DIS-888418,SWWD,37,2026-07-14T01:46:12,2026-07-14T05:40:12,234,Vehicle breakdown,low,Vehicle breakdown affecting line 37 (low severity)
DIS-980401,SVCT,212,2026-06-09T17:53:48,2026-06-09T18:38:48,45,Vehicle breakdown,severe,Vehicle breakdown affecting line 212 (severe severity)
DIS-320576,BLUS,23,2026-06-07T16:45:47,2026-06-07T19:16:47,151,Driver shortage,high,Driver shortage affecting line 23 (high severity)
DIS-460049,SVCT,200,2026-07-09T13:52:27,2026-07-09T15:37:27,105,Driver shortage,high,Driver shortage affecting line 200 (high severity)
DIS-880929,SWWD,29,2026-05-21T06:33:14,2026-05-21T08:33:14,120,Traffic congestion,high,Traffic congestion affecting line 29 (high severity)
DIS-648857,WDBC,38,2026-07-11T12:03:36,2026-07-11T13:04:36,61,Planned engineering works,medium,Planned engineering works affecting line 38 (medium severity)
DIS-789909,SWWD,D3,2026-05-31T01:34:15,2026-05-31T02:47:15,73,Traffic congestion,high,Traffic congestion affecting line D3 (high severity)
DIS-112810,BLUS,18,2026-07-16T20:31:03,2026-07-16T23:41:03,190,Driver shortage,high,Driver shortage affecting line 18 (high severity)
DIS-464380,WDBC,940,2026-06-28T02:07:06,2026-06-28T04:04:06,117,Road closure,low,Road closure affecting line 940 (low severity)
DIS-513791,BLUS,NFG,2026-06-26T03:16:49,2026-06-26T04:29:49,73,Severe weather,low,Severe weather affecting line NFG (low severity)
DIS-176250,WDBC,8,2026-06-06T13:40:19,2026-06-06T14:51:19,71,Roadworks,high,Roadworks affecting line 8 (high severity)
DIS-340527,SWWD,R14,2026-04-25T04:03:04,2026-04-25T04:26:04,23,Diversion,low,Diversion affecting line R14 (low severity)
DIS-477363,SQ,TW4,2026-05-15T09:17:39,2026-05-15T12:01:39,164,Diversion,severe,Diversion affecting line TW4 (severe severity)
DIS-143049,SWWD,8,2026-05-02T17:01:36,2026-05-02T17:44:36,43,Planned engineering works,medium,Planned engineering works affecting line 8 (medium severity)
DIS-293333,WDBC,RG2,2026-05-15T21:47:42,2026-05-15T22:21:42,34,Severe weather,medium,Severe weather affecting line RG2 (medium severity)
DIS-926720,UNIL,U6C,2026-04-22T10:43:12,2026-04-22T11:48:12,65,Traffic congestion,high,Traffic congestion affecting line U6C (high severity)
DIS-238097,WDBC,9,2026-05-26T20:52:26,2026-05-26T23:39:26,167,Driver shortage,medium,Driver shortage affecting line 9 (medium severity)
DIS-945375,SVCT,4,2026-06-20T11:41:12,2026-06-20T12:15:12,34,Severe weather,severe,Severe weather affecting line 4 (severe severity)
DIS-240126,SWWD,901,2026-06-06T00:51:07,2026-06-06T02:52:07,121,Diversion,high,Diversion affecting line 901 (high severity)
DIS-100504,SVCT,205,2026-07-19T08:49:37,2026-07-19T12:35:37,226,Severe weather,medium,Severe weather affecting line 205 (medium severity)
DIS-500247,BLUS,15,2026-06-17T08:23:31,2026-06-17T12:20:31,237,Driver shortage,severe,Driver shortage affecting line 15 (severe severity)
DIS-400825,SWWD,D3,2026-06-18T23:24:24,2026-06-18T23:56:24,32,Accident on route,low,Accident on route affecting line D3 (low severity)
DIS-929118,SQ,TB1,2026-07-05T19:56:35,2026-07-05T22:46:35,170,Vehicle breakdown,severe,Vehicle breakdown affecting line TB1 (severe severity)
DIS-544329,SWWD,PR11,2026-06-10T15:20:03,2026-06-10T18:38:03,198,Planned engineering works,medium,Planned engineering works affecting line PR11 (medium severity)
DIS-108249,SWWD,R2,2026-06-06T12:26:29,2026-06-06T14:39:29,133,Roadworks,medium,Roadworks affecting line R2 (medium severity)
DIS-491879,WDBC,761,2026-07-01T19:07:35,2026-07-01T21:40:35,153,Accident on route,medium,Accident on route affecting line 761 (medium severity)
DIS-684829,SWWD,978,2026-06-28T09:06:21,2026-06-28T12:30:21,204,Road closure,medium,Road closure affecting line 978 (medium severity)
DIS-502968,WDBC,7B,2026-06-04T06:54:06,2026-06-04T10:40:06,226,Road closure,severe,Road closure affecting line 7B (severe severity)
DIS-189036,WDBC,30,2026-05-27T12:23:37,2026-05-27T12:57:37,34,Traffic congestion,severe,Traffic congestion affecting line 30 (severe severity)
DIS-100612,SVCT,63,2026-07-07T02:55:47,2026-07-07T06:20:47,205,Severe weather,high,Severe weather affecting line 63 (high severity)
DIS-292925,WDBC,24,2026-07-19T07:51:55,2026-07-19T10:51:55,180,Severe weather,high,Severe weather affecting line 24 (high severity)
DIS-833479,WDBC,21,2026-06-05T22:30:46,2026-06-06T02:27:46,237,Severe weather,high,Severe weather affecting line 21 (high severity)
DIS-851141,TDTR,2,2026-06-23T17:46:03,2026-06-23T19:47:03,121,Planned engineering works,low,Planned engineering works affecting line 2 (low severity)
DIS-298763,WDBC,36,2026-05-07T17:24:48,2026-05-07T18:15:48,51,Traffic congestion,high,Traffic congestion affecting line 36 (high severity)
DIS-261123,BLUS,4,2026-05-12T16:37:24,2026-05-12T18:40:24,123,Road closure,high,Road closure affecting line 4 (high severity)
DIS-775791,UNIL,U1A,2026-05-07T02:23:27,2026-05-07T05:32:27,189,Severe weather,medium,Severe weather affecting line U1A (medium severity)
DIS-407506,SWWD,R8,2026-06-11T19:27:30,2026-06-11T22:46:30,199,Traffic congestion,low,Traffic congestion affecting line R8 (low severity)
DIS-217690,BLUS,19a,2026-06-17T16:41:21,2026-06-17T20:25:21,224,Roadworks,medium,Roadworks affecting line 19a (medium severity)
DIS-293363,BLUS,19a,2026-06-25T13:18:54,2026-06-25T15:30:54,132,Planned engineering works,low,Planned engineering works affecting line 19a (low severity)
DIS-402350,SWWD,44,2026-05-02T21:51:51,2026-05-02T22:39:51,48,Roadworks,severe,Roadworks affecting line 44 (severe severity)
DIS-882303,SVCT,202,2026-05-14T06:39:43,2026-05-14T09:55:43,196,Accident on route,severe,Accident on route affecting line 202 (severe severity)
DIS-719883,SWWD,ST,2026-07-13T02:47:07,2026-07-13T06:46:07,239,Driver shortage,high,Driver shortage affecting line ST (high severity)
DIS-928822,SWWD,R6,2026-04-22T17:26:45,2026-04-22T18:56:45,90,Severe weather,high,Severe weather affecting line R6 (high severity)
DIS-303250,TDTR,X46,2026-06-24T03:48:05,2026-06-24T05:10:05,82,Road closure,high,Road closure affecting line X46 (high severity)
DIS-858809,WDBC,737,2026-07-18T15:08:39,2026-07-18T18:50:39,222,Planned engineering works,severe,Planned engineering works affecting line 737 (severe severity)
DIS-217757,BLUS,5,2026-07-13T10:10:29,2026-07-13T11:34:29,84,Diversion,medium,Diversion affecting line 5 (medium severity)
DIS-626864,WDBC,17,2026-05-27T21:21:13,2026-05-27T23:02:13,101,Diversion,high,Diversion affecting line 17 (high severity)
DIS-902632,TDTR,11,2026-06-04T12:28:04,2026-06-04T15:29:04,181,Severe weather,high,Severe weather affecting line 11 (high severity)
DIS-159828,SVCT,TDB,2026-06-09T04:31:02,2026-06-09T06:45:02,134,Road closure,high,Road closure affecting line TDB (high severity)
DIS-120972,SVCT,8,2026-05-04T14:45:16,2026-05-04T16:35:16,110,Traffic congestion,medium,Traffic congestion affecting line 8 (medium severity)
DIS-135589,TDTR,9,2026-05-16T20:28:35,2026-05-17T00:09:35,221,Roadworks,low,Roadworks affecting line 9 (low severity)
DIS-709392,SWWD,906,2026-06-29T03:01:04,2026-06-29T06:24:04,203,Accident on route,high,Accident on route affecting line 906 (high severity)
DIS-811613,SWWD,908,2026-07-13T22:32:21,2026-07-14T00:49:21,137,Planned engineering works,severe,Planned engineering works affecting line 908 (severe severity)
DIS-324964,BLUS,QC,2026-07-09T16:13:07,2026-07-09T19:58:07,225,Driver shortage,severe,Driver shortage affecting line QC (severe severity)
DIS-472497,SWWD,901,2026-05-11T03:38:28,2026-05-11T04:03:28,25,Accident on route,severe,Accident on route affecting line 901 (severe severity)
DIS-579096,SVCT,TDB,2026-07-12T01:00:19,2026-07-12T03:50:19,170,Vehicle breakdown,high,Vehicle breakdown affecting line TDB (high severity)
DIS-166777,SVCT,7,2026-05-30T11:53:29,2026-05-30T14:49:29,176,Roadworks,medium,Roadworks affecting line 7 (medium severity)
DIS-970042,SQ,DEAD,2026-05-05T16:28:51,2026-05-05T19:24:51,176,Roadworks,high,Roadworks affecting line DEAD (high severity)
DIS-162840,BLUS,16,2026-06-10T22:15:04,2026-06-10T22:27:04,12,Road closure,high,Road closure affecting line 16 (high severity)
DIS-334789,SWWD,978,2026-06-14T20:33:42,2026-06-14T22:52:42,139,Traffic congestion,low,Traffic congestion affecting line 978 (low severity)
DIS-864854,TDTR,42,2026-06-11T23:16:09,2026-06-12T02:42:09,206,Severe weather,medium,Severe weather affecting line 42 (medium severity)
DIS-122622,BLUS,1,2026-07-16T14:14:50,2026-07-16T16:51:50,157,Traffic congestion,severe,Traffic congestion affecting line 1 (severe severity)
DIS-768843,TDTR,1B,2026-05-26T13:12:10,2026-05-26T13:45:10,33,Severe weather,high,Severe weather affecting line 1B (high severity)
DIS-842273,SVCT,12,2026-05-20T15:07:28,2026-05-20T18:16:28,189,Driver shortage,high,Driver shortage affecting line 12 (high severity)
DIS-347536,SVCT,204,2026-05-14T10:14:59,2026-05-14T13:25:59,191,Driver shortage,high,Driver shortage affecting line 204 (high severity)
DIS-572860,SWWD,TPDRT,2026-05-13T04:15:26,2026-05-13T06:04:26,109,Vehicle breakdown,medium,Vehicle breakdown affecting line TPDRT (medium severity)
DIS-141940,WDBC,898,2026-06-14T20:38:21,2026-06-14T22:26:21,108,Accident on route,high,Accident on route affecting line 898 (high severity)
DIS-332305,WDBC,940,2026-06-17T18:53:58,2026-06-17T19:39:58,46,Accident on route,low,Accident on route affecting line 940 (low severity)
DIS-440236,WDBC,1C,2026-07-15T09:28:43,2026-07-15T12:31:43,183,Vehicle breakdown,high,Vehicle breakdown affecting line 1C (high severity)
DIS-965623,DAMY,CR9,2026-07-02T03:51:03,2026-07-02T04:02:03,11,Accident on route,severe,Accident on route affecting line CR9 (severe severity)
DIS-195140,BLUS,N18,2026-06-01T20:41:42,2026-06-01T22:36:42,115,Driver shortage,severe,Driver shortage affecting line N18 (severe severity)
DIS-764226,SWWD,PVDRT,2026-07-08T00:48:34,2026-07-08T04:28:34,220,Vehicle breakdown,severe,Vehicle breakdown affecting line PVDRT (severe severity)
DIS-355942,TDTR,9,2026-06-26T15:11:02,2026-06-26T17:22:02,131,Road closure,low,Road closure affecting line 9 (low severity)
DIS-377972,SQ,TW1,2026-06-14T15:00:49,2026-06-14T16:04:49,64,Roadworks,medium,Roadworks affecting line TW1 (medium severity)
DIS-455495,TDTR,158,2026-07-06T21:13:36,2026-07-06T21:24:36,11,Traffic congestion,medium,Traffic congestion affecting line 158 (medium severity)
DIS-839017,WDBC,m2,2026-06-07T05:03:12,2026-06-07T05:55:12,52,Driver shortage,medium,Driver shortage affecting line m2 (medium severity)
DIS-497599,BLUS,19a,2026-06-29T20:52:53,2026-06-30T00:29:53,217,Traffic congestion,low,Traffic congestion affecting line 19a (low severity)
DIS-956910,BLUS,12,2026-06-28T09:16:00,2026-06-28T13:13:00,237,Accident on route,high,Accident on route affecting line 12 (high severity)
DIS-824647,SVCT,39,2026-07-19T10:08:37,2026-07-19T12:45:37,157,Severe weather,medium,Severe weather affecting line 39 (medium severity)
DIS-500109,TDTR,R26,2026-05-29T06:56:17,2026-05-29T07:11:17,15,Severe weather,medium,Severe weather affecting line R26 (medium severity)
DIS-753833,TDTR,217,2026-05-28T15:20:43,2026-05-28T15:57:43,37,Severe weather,high,Severe weather affecting line 217 (high severity)
DIS-220637,TDTR,152,2026-05-19T00:17:42,2026-05-19T03:33:42,196,Traffic congestion,medium,Traffic congestion affecting line 152 (medium severity)
DIS-836092,SWWD,906,2026-07-15T18:54:08,2026-07-15T19:15:08,21,Roadworks,high,Roadworks affecting line 906 (high severity)
DIS-660005,SWWD,R14,2026-05-16T22:40:45,2026-05-17T00:58:45,138,Severe weather,medium,Severe weather affecting line R14 (medium severity)
DIS-131802,BLUS,PR1,2026-06-07T19:36:39,2026-06-07T20:44:39,68,Vehicle breakdown,low,Vehicle breakdown affecting line PR1 (low severity)
DIS-878001,WDBC,17,2026-07-05T20:04:53,2026-07-05T22:59:53,175,Accident on route,severe,Accident on route affecting line 17 (severe severity)
DIS-287645,SVCT,205,2026-05-27T11:01:58,2026-05-27T14:50:58,229,Driver shortage,high,Driver shortage affecting line 205 (high severity)
DIS-853545,DAMY,20,2026-06-01T07:53:20,2026-06-01T08:12:20,19,Traffic congestion,low,Traffic congestion affecting line 20 (low severity)
DIS-914859,TDTR,15,2026-06-11T05:22:43,2026-06-11T07:31:43,129,Vehicle breakdown,severe,Vehicle breakdown affecting line 15 (severe severity)
DIS-651213,BLUS,28,2026-05-09T08:49:52,2026-05-09T09:53:52,64,Vehicle breakdown,low,Vehicle breakdown affecting line 28 (low severity)
DIS-432585,TDTR,48,2026-07-09T20:48:41,2026-07-09T21:08:41,20,Vehicle breakdown,high,Vehicle breakdown affecting line 48 (high severity)
DIS-441361,TDTR,X46,2026-06-21T14:25:52,2026-06-21T14:55:52,30,Vehicle breakdown,high,Vehicle breakdown affecting line X46 (high severity)
DIS-922848,SVCT,68,2026-07-15T19:58:04,2026-07-15T21:53:04,115,Vehicle breakdown,low,Vehicle breakdown affecting line 68 (low severity)
DIS-326322,SWWD,663,2026-06-27T13:14:30,2026-06-27T17:13:30,239,Vehicle breakdown,high,Vehicle breakdown affecting line 663 (high severity)
DIS-683245,BLUS,19,2026-07-13T01:26:16,2026-07-13T04:47:16,201,Severe weather,medium,Severe weather affecting line 19 (medium severity)
DIS-878464,SWWD,37,2026-05-04T16:21:39,2026-05-04T17:34:39,73,Roadworks,low,Roadworks affecting line 37 (low severity)
DIS-684865,TDTR,13,2026-05-06T15:14:14,2026-05-06T16:15:14,61,Accident on route,low,Accident on route affecting line 13 (low severity)
DIS-993238,SVCT,TDB,2026-05-02T13:32:45,2026-05-02T14:38:45,66,Severe weather,high,Severe weather affecting line TDB (high severity)
DIS-621644,BLUS,12,2026-04-23T15:20:54,2026-04-23T18:29:54,189,Diversion,medium,Diversion affecting line 12 (medium severity)
DIS-857861,WDBC,3x,2026-05-14T17:42:03,2026-05-14T20:50:03,188,Planned engineering works,low,Planned engineering works affecting line 3x (low severity)
DIS-389172,TDTR,23,2026-07-14T03:54:56,2026-07-14T07:38:56,224,Traffic congestion,high,Traffic congestion affecting line 23 (high severity)
DIS-799789,SWWD,X5,2026-05-19T08:58:08,2026-05-19T11:16:08,138,Diversion,severe,Diversion affecting line X5 (severe severity)
DIS-162598,WDBC,38,2026-07-03T20:48:56,2026-07-03T23:40:56,172,Diversion,severe,Diversion affecting line 38 (severe severity)
DIS-845182,BLUS,PRH,2026-06-20T21:11:28,2026-06-20T21:52:28,41,Severe weather,high,Severe weather affecting line PRH (high severity)
DIS-501798,TDTR,16,2026-04-24T21:32:21,2026-04-24T23:57:21,145,Vehicle breakdown,severe,Vehicle breakdown affecting line 16 (severe severity)
DIS-481144,BLUS,PR1,2026-06-19T12:55:02,2026-06-19T14:16:02,81,Traffic congestion,severe,Traffic congestion affecting line PR1 (severe severity)
DIS-712770,WDBC,6,2026-07-02T10:21:18,2026-07-02T13:21:18,180,Traffic congestion,medium,Traffic congestion affecting line 6 (medium severity)
DIS-826545,SWWD,PR11,2026-05-07T17:33:30,2026-05-07T19:38:30,125,Diversion,medium,Diversion affecting line PR11 (medium severity)
DIS-932005,WDBC,7A,2026-06-14T12:07:04,2026-06-14T14:07:04,120,Roadworks,severe,Roadworks affecting line 7A (severe severity)
DIS-654388,WDBC,40,2026-06-19T21:51:01,2026-06-19T23:26:01,95,Diversion,medium,Diversion affecting line 40 (medium severity)
DIS-878626,SWWD,101,2026-04-23T18:10:07,2026-04-23T21:00:07,170,Roadworks,severe,Roadworks affecting line 101 (severe severity)
DIS-367249,SWWD,PR9,2026-06-02T06:14:25,2026-06-02T09:17:25,183,Diversion,low,Diversion affecting line PR9 (low severity)
DIS-301013,WDBC,ONE,2026-07-14T18:47:07,2026-07-14T19:44:07,57,Diversion,low,Diversion affecting line ONE (low severity)
DIS-119114,WDBC,12,2026-05-04T01:22:00,2026-05-04T02:32:00,70,Planned engineering works,low,Planned engineering works affecting line 12 (low severity)
DIS-433830,SWWD,PR7,2026-04-30T19:17:19,2026-04-30T19:37:19,20,Planned engineering works,low,Planned engineering works affecting line PR7 (low severity)
DIS-281364,WDBC,40,2026-05-02T23:14:28,2026-05-03T01:29:28,135,Traffic congestion,severe,Traffic congestion affecting line 40 (severe severity)
DIS-186607,TDTR,154,2026-05-28T10:27:55,2026-05-28T13:04:55,157,Planned engineering works,medium,Planned engineering works affecting line 154 (medium severity)
DIS-849353,WDBC,31,2026-06-21T03:18:40,2026-06-21T06:39:40,201,Diversion,severe,Diversion affecting line 31 (severe severity)
DIS-141527,WDBC,20,2026-06-17T16:03:34,2026-06-17T18:56:34,173,Traffic congestion,severe,Traffic congestion affecting line 20 (severe severity)
DIS-351707,TDTR,158,2026-06-05T05:03:33,2026-06-05T09:00:33,237,Planned engineering works,low,Planned engineering works affecting line 158 (low severity)
DIS-266198,SWWD,PR15,2026-06-05T20:28:38,2026-06-06T00:13:38,225,Driver shortage,severe,Driver shortage affecting line PR15 (severe severity)
DIS-699734,BLUS,20,2026-05-25T09:46:32,2026-05-25T12:52:32,186,Vehicle breakdown,medium,Vehicle breakdown affecting line 20 (medium severity)
DIS-195841,WDBC,125,2026-06-14T14:39:12,2026-06-14T16:16:12,97,Roadworks,high,Roadworks affecting line 125 (high severity)
DIS-600292,SWWD,937,2026-04-28T05:05:20,2026-04-28T08:04:20,179,Accident on route,low,Accident on route affecting line 937 (low severity)
DIS-136138,BLUS,3,2026-05-03T04:40:51,2026-05-03T06:33:51,113,Vehicle breakdown,low,Vehicle breakdown affecting line 3 (low severity)
DIS-135963,SWWD,937,2026-04-29T06:18:16,2026-04-29T08:25:16,127,Traffic congestion,severe,Traffic congestion affecting line 937 (severe severity)
DIS-577165,WDBC,940,2026-04-25T00:02:27,2026-04-25T02:01:27,119,Road closure,low,Road closure affecting line 940 (low severity)
DIS-271290,WDBC,18,2026-06-07T20:16:46,2026-06-07T20:47:46,31,Severe weather,low,Severe weather affecting line 18 (low severity)
DIS-197764,SVCT,37,2026-06-25T12:57:44,2026-06-25T13:54:44,57,Traffic congestion,severe,Traffic congestion affecting line 37 (severe severity)
DIS-859303,BLUS,8,2026-07-03T00:30:13,2026-07-03T04:21:13,231,Traffic congestion,high,Traffic congestion affecting line 8 (high severity)
DIS-267807,SQ,DEAD,2026-07-19T02:05:16,2026-07-19T04:37:16,152,Planned engineering works,severe,Planned engineering works affecting line DEAD (severe severity)
DIS-679345,WDBC,ONE,2026-06-01T19:37:57,2026-06-01T21:13:57,96,Driver shortage,low,Driver shortage affecting line ONE (low severity)
DIS-887330,WDBC,13,2026-06-06T13:00:58,2026-06-06T16:24:58,204,Road closure,low,Road closure affecting line 13 (low severity)
DIS-842579,SVCT,212,2026-06-16T09:28:16,2026-06-16T11:45:16,137,Road closure,low,Road closure affecting line 212 (low severity)
DIS-607589,SWWD,R12,2026-04-23T03:21:48,2026-04-23T04:54:48,93,Road closure,high,Road closure affecting line R12 (high severity)
DIS-666661,WDBC,38,2026-07-11T20:18:03,2026-07-11T22:56:03,158,Driver shortage,high,Driver shortage affecting line 38 (high severity)
DIS-207525,TDTR,X76,2026-06-13T19:22:35,2026-06-13T21:56:35,154,Roadworks,high,Roadworks affecting line X76 (high severity)
DIS-667537,SVCT,213,2026-06-21T04:49:55,2026-06-21T06:53:55,124,Vehicle breakdown,high,Vehicle breakdown affecting line 213 (high severity)
DIS-622231,UNIL,U1A,2026-07-05T03:45:28,2026-07-05T04:15:28,30,Diversion,medium,Diversion affecting line U1A (medium severity)
DIS-162778,SWWD,PR11,2026-06-15T03:41:12,2026-06-15T07:30:12,229,Planned engineering works,low,Planned engineering works affecting line PR11 (low severity)
DIS-708915,SWWD,987,2026-04-21T12:01:39,2026-04-21T15:53:39,232,Diversion,severe,Diversion affecting line 987 (severe severity)
DIS-546764,BLUS,503,2026-06-02T23:21:00,2026-06-03T00:54:00,93,Diversion,severe,Diversion affecting line 503 (severe severity)
DIS-184887,WDBC,941,2026-04-28T14:02:48,2026-04-28T15:54:48,112,Diversion,high,Diversion affecting line 941 (high severity)
DIS-515409,WDBC,60,2026-05-05T04:47:01,2026-05-05T05:35:01,48,Driver shortage,medium,Driver shortage affecting line 60 (medium severity)
DIS-394920,SVCT,TSS,2026-06-17T03:18:34,2026-06-17T04:34:34,76,Planned engineering works,high,Planned engineering works affecting line TSS (high severity)
DIS-374724,SVCT,6,2026-04-29T12:43:00,2026-04-29T15:53:00,190,Roadworks,medium,Roadworks affecting line 6 (medium severity)
DIS-360295,WDBC,8,2026-06-26T21:58:35,2026-06-27T01:42:35,224,Vehicle breakdown,low,Vehicle breakdown affecting line 8 (low severity)
DIS-356958,WDBC,32,2026-04-27T01:53:22,2026-04-27T02:43:22,50,Road closure,low,Road closure affecting line 32 (low severity)
DIS-811394,SWWD,R6,2026-04-28T05:04:25,2026-04-28T06:01:25,57,Vehicle breakdown,severe,Vehicle breakdown affecting line R6 (severe severity)
DIS-809114,TDTR,217,2026-06-09T20:22:35,2026-06-09T22:15:35,113,Planned engineering works,medium,Planned engineering works affecting line 217 (medium severity)
DIS-401718,SQ,DEAD,2026-04-28T18:29:36,2026-04-28T21:26:36,177,Planned engineering works,low,Planned engineering works affecting line DEAD (low severity)
DIS-560658,SWWD,901,2026-05-14T20:27:44,2026-05-15T00:00:44,213,Diversion,severe,Diversion affecting line 901 (severe severity)
DIS-309849,SWWD,8,2026-05-09T10:10:36,2026-05-09T13:33:36,203,Diversion,medium,Diversion affecting line 8 (medium severity)
DIS-733671,BLUS,PRH,2026-06-05T18:10:25,2026-06-05T19:05:25,55,Severe weather,severe,Severe weather affecting line PRH (severe severity)
DIS-292864,SWWD,PR3,2026-07-08T05:52:19,2026-07-08T06:12:19,20,Accident on route,high,Accident on route affecting line PR3 (high severity)
DIS-941456,SWWD,8,2026-04-23T21:36:01,2026-04-24T00:16:01,160,Accident on route,high,Accident on route affecting line 8 (high severity)
DIS-146140,SWWD,88,2026-04-29T18:58:05,2026-04-29T20:02:05,64,Road closure,low,Road closure affecting line 88 (low severity)
DIS-671048,SWWD,901,2026-06-03T05:20:18,2026-06-03T07:38:18,138,Vehicle breakdown,severe,Vehicle breakdown affecting line 901 (severe severity)
DIS-258911,SVCT,7,2026-04-27T06:51:24,2026-04-27T09:21:24,150,Roadworks,low,Roadworks affecting line 7 (low severity)
DIS-465302,SVCT,207,2026-05-29T12:44:37,2026-05-29T14:42:37,118,Traffic congestion,medium,Traffic congestion affecting line 207 (medium severity)
DIS-539819,BLUS,QC,2026-04-26T12:59:05,2026-04-26T16:00:05,181,Traffic congestion,low,Traffic congestion affecting line QC (low severity)
DIS-266524,WDBC,35,2026-05-21T22:09:23,2026-05-22T02:08:23,239,Diversion,medium,Diversion affecting line 35 (medium severity)
DIS-422145,TDTR,920,2026-06-29T22:45:44,2026-06-29T23:24:44,39,Driver shortage,high,Driver shortage affecting line 920 (high severity)
DIS-844296,SWWD,PR11,2026-05-14T18:10:14,2026-05-14T20:09:14,119,Traffic congestion,high,Traffic congestion affecting line PR11 (high severity)
DIS-503814,TDTR,152,2026-05-03T18:34:29,2026-05-03T19:26:29,52,Planned engineering works,low,Planned engineering works affecting line 152 (low severity)
DIS-532664,SWWD,R10,2026-06-29T15:42:25,2026-06-29T15:59:25,17,Driver shortage,severe,Driver shortage affecting line R10 (severe severity)
DIS-560010,TDTR,155,2026-05-12T11:20:35,2026-05-12T13:21:35,121,Severe weather,high,Severe weather affecting line 155 (high severity)
DIS-851357,SVCT,12,2026-06-26T04:26:49,2026-06-26T06:13:49,107,Severe weather,high,Severe weather affecting line 12 (high severity)
DIS-290574,BLUS,61,2026-04-24T07:32:25,2026-04-24T08:19:25,47,Diversion,severe,Diversion affecting line 61 (severe severity)
DIS-707278,SWWD,D3,2026-05-22T22:34:36,2026-05-23T01:05:36,151,Severe weather,medium,Severe weather affecting line D3 (medium severity)
DIS-261132,TDTR,1A,2026-06-09T02:59:38,2026-06-09T06:22:38,203,Driver shortage,low,Driver shortage affecting line 1A (low severity)
DIS-765589,SVCT,209,2026-05-07T11:56:02,2026-05-07T14:10:02,134,Accident on route,medium,Accident on route affecting line 209 (medium severity)
DIS-306079,SVCT,1,2026-07-14T09:45:37,2026-07-14T11:33:37,108,Planned engineering works,severe,Planned engineering works affecting line 1 (severe severity)
DIS-961018,BLUS,28,2026-05-15T04:32:22,2026-05-15T06:19:22,107,Severe weather,high,Severe weather affecting line 28 (high severity)
DIS-347234,UNIL,U6C,2026-07-12T17:29:58,2026-07-12T19:41:58,132,Traffic congestion,severe,Traffic congestion affecting line U6C (severe severity)
DIS-326216,WDBC,24,2026-04-30T00:35:27,2026-04-30T04:06:27,211,Traffic congestion,high,Traffic congestion affecting line 24 (high severity)
DIS-865902,SVCT,8,2026-06-05T09:06:43,2026-06-05T09:38:43,32,Roadworks,low,Roadworks affecting line 8 (low severity)
DIS-372823,SWWD,978,2026-05-30T15:55:41,2026-05-30T16:19:41,24,Planned engineering works,severe,Planned engineering works affecting line 978 (severe severity)
DIS-432693,TDTR,12,2026-06-20T08:48:23,2026-06-20T11:59:23,191,Driver shortage,medium,Driver shortage affecting line 12 (medium severity)
DIS-429823,WDBC,X3,2026-05-23T10:13:19,2026-05-23T10:33:19,20,Driver shortage,medium,Driver shortage affecting line X3 (medium severity)
DIS-674187,WDBC,15,2026-07-13T19:56:45,2026-07-13T23:54:45,238,Road closure,high,Road closure affecting line 15 (high severity)
DIS-153389,WDBC,120,2026-06-12T16:28:04,2026-06-12T16:56:04,28,Driver shortage,low,Driver shortage affecting line 120 (low severity)
DIS-555213,BLUS,16,2026-05-30T22:20:47,2026-05-31T02:12:47,232,Road closure,high,Road closure affecting line 16 (high severity)
DIS-713720,SVCT,TNB,2026-06-18T16:16:02,2026-06-18T19:19:02,183,Planned engineering works,medium,Planned engineering works affecting line TNB (medium severity)
DIS-777072,BLUS,18,2026-07-06T19:49:31,2026-07-06T23:27:31,218,Planned engineering works,high,Planned engineering works affecting line 18 (high severity)
DIS-421844,SQ,TW4,2026-04-26T00:25:51,2026-04-26T00:41:51,16,Roadworks,high,Roadworks affecting line TW4 (high severity)
DIS-511183,SWWD,625,2026-06-28T13:24:50,2026-06-28T15:02:50,98,Road closure,low,Road closure affecting line 625 (low severity)
DIS-943971,DAMY,6,2026-06-10T19:13:00,2026-06-10T22:42:00,209,Roadworks,high,Roadworks affecting line 6 (high severity)
DIS-175315,SVCT,TNB,2026-07-08T03:30:50,2026-07-08T07:08:50,218,Road closure,severe,Road closure affecting line TNB (severe severity)
DIS-922963,WDBC,762,2026-05-02T12:27:57,2026-05-02T14:39:57,132,Planned engineering works,high,Planned engineering works affecting line 762 (high severity)
DIS-805989,BLUS,10,2026-06-09T20:21:43,2026-06-09T20:49:43,28,Vehicle breakdown,medium,Vehicle breakdown affecting line 10 (medium severity)
DIS-843568,SWWD,R2,2026-07-12T18:19:59,2026-07-12T18:31:59,12,Road closure,high,Road closure affecting line R2 (high severity)
DIS-994827,BLUS,503,2026-06-10T02:14:33,2026-06-10T03:29:33,75,Vehicle breakdown,low,Vehicle breakdown affecting line 503 (low severity)
DIS-290164,WDBC,112,2026-05-07T09:02:51,2026-05-07T10:34:51,92,Planned engineering works,medium,Planned engineering works affecting line 112 (medium severity)
DIS-752453,TDTR,SSS,2026-06-05T18:34:03,2026-06-05T21:02:03,148,Road closure,severe,Road closure affecting line SSS (severe severity)
DIS-562565,BLUS,24,2026-05-23T11:33:06,2026-05-23T15:11:06,218,Vehicle breakdown,medium,Vehicle breakdown affecting line 24 (medium severity)
DIS-507027,SVCT,209,2026-05-22T23:08:32,2026-05-23T01:39:32,151,Roadworks,high,Roadworks affecting line 209 (high severity)
DIS-140067,BLUS,12,2026-05-03T13:07:39,2026-05-03T16:02:39,175,Planned engineering works,low,Planned engineering works affecting line 12 (low severity)
DIS-916885,WDBC,10,2026-05-24T06:51:33,2026-05-24T09:19:33,148,Road closure,severe,Road closure affecting line 10 (severe severity)
DIS-236570,TDTR,217,2026-04-22T19:45:38,2026-04-22T20:20:38,35,Roadworks,low,Roadworks affecting line 217 (low severity)
DIS-453931,DAMY,CR9,2026-05-31T00:29:52,2026-05-31T03:15:52,166,Traffic congestion,severe,Traffic congestion affecting line CR9 (severe severity)
DIS-196414,BLUS,503,2026-04-28T15:42:22,2026-04-28T16:37:22,55,Traffic congestion,low,Traffic congestion affecting line 503 (low severity)
DIS-721053,SVCT,214,2026-04-26T09:03:02,2026-04-26T10:20:02,77,Traffic congestion,high,Traffic congestion affecting line 214 (high severity)
DIS-923015,WDBC,777,2026-05-28T08:02:34,2026-05-28T08:54:34,52,Driver shortage,high,Driver shortage affecting line 777 (high severity)
DIS-209036,WDBC,30,2026-06-13T03:12:17,2026-06-13T05:01:17,109,Severe weather,medium,Severe weather affecting line 30 (medium severity)
DIS-838180,TDTR,217,2026-06-09T02:27:13,2026-06-09T03:05:13,38,Accident on route,severe,Accident on route affecting line 217 (severe severity)
DIS-852080,TDTR,NW2,2026-05-15T10:07:02,2026-05-15T13:00:02,173,Vehicle breakdown,medium,Vehicle breakdown affecting line NW2 (medium severity)
DIS-820929,TDTR,22,2026-06-02T10:40:07,2026-06-02T14:16:07,216,Roadworks,high,Roadworks affecting line 22 (high severity)
DIS-726574,TDTR,SSS,2026-06-23T21:07:52,2026-06-23T22:05:52,58,Vehicle breakdown,low,Vehicle breakdown affecting line SSS (low severity)
DIS-772744,SQ,TM1,2026-05-14T04:50:57,2026-05-14T05:52:57,62,Traffic congestion,medium,Traffic congestion affecting line TM1 (medium severity)
DIS-157853,WDBC,25,2026-05-14T18:26:20,2026-05-14T21:17:20,171,Roadworks,medium,Roadworks affecting line 25 (medium severity)
DIS-735306,SWWD,937,2026-07-05T10:39:59,2026-07-05T13:50:59,191,Traffic congestion,low,Traffic congestion affecting line 937 (low severity)
DIS-767126,SVCT,5,2026-07-02T10:38:29,2026-07-02T11:25:29,47,Driver shortage,medium,Driver shortage affecting line 5 (medium severity)
DIS-942586,SWWD,625,2026-06-30T14:18:18,2026-06-30T17:11:18,173,Road closure,low,Road closure affecting line 625 (low severity)
DIS-366164,SWWD,937,2026-06-17T16:43:48,2026-06-17T20:17:48,214,Vehicle breakdown,high,Vehicle breakdown affecting line 937 (high severity)
DIS-850260,TDTR,SSS,2026-06-01T14:55:19,2026-06-01T16:46:19,111,Traffic congestion,medium,Traffic congestion affecting line SSS (medium severity)
DIS-949638,SWWD,X7,2026-07-10T07:30:16,2026-07-10T07:45:16,15,Roadworks,medium,Roadworks affecting line X7 (medium severity)
DIS-851649,WDBC,32,2026-05-11T02:33:08,2026-05-11T02:58:08,25,Diversion,low,Diversion affecting line 32 (low severity)
DIS-119291,SWWD,908,2026-05-21T00:56:41,2026-05-21T01:59:41,63,Diversion,high,Diversion affecting line 908 (high severity)
DIS-491414,DAMY,CR8,2026-05-28T16:00:53,2026-05-28T17:55:53,115,Diversion,medium,Diversion affecting line CR8 (medium severity)
DIS-508647,TDTR,NW2,2026-05-01T22:02:18,2026-05-01T22:37:18,35,Diversion,high,Diversion affecting line NW2 (high severity)
DIS-844489,WDBC,15,2026-05-03T04:52:16,2026-05-03T07:27:16,155,Severe weather,high,Severe weather affecting line 15 (high severity)
DIS-340884,WDBC,Q7,2026-07-04T04:46:22,2026-07-04T07:47:22,181,Traffic congestion,high,Traffic congestion affecting line Q7 (high severity)
DIS-569225,WDBC,3,2026-05-12T20:05:44,2026-05-12T20:31:44,26,Severe weather,severe,Severe weather affecting line 3 (severe severity)
DIS-468724,WDBC,7B,2026-04-21T20:39:37,2026-04-21T22:13:37,94,Driver shortage,medium,Driver shortage affecting line 7B (medium severity)
DIS-206389,WDBC,193,2026-07-12T07:46:46,2026-07-12T10:56:46,190,Accident on route,severe,Accident on route affecting line 193 (severe severity)
DIS-618464,WDBC,m1,2026-05-29T02:00:17,2026-05-29T04:42:17,162,Planned engineering works,medium,Planned engineering works affecting line m1 (medium severity)
DIS-988896,WDBC,NFR,2026-05-10T03:46:15,2026-05-10T05:53:15,127,Roadworks,severe,Roadworks affecting line NFR (severe severity)
DIS-963965,SVCT,207,2026-05-03T14:47:58,2026-05-03T15:50:58,63,Vehicle breakdown,severe,Vehicle breakdown affecting line 207 (severe severity)
DIS-292861,SVCT,22,2026-05-21T17:29:41,2026-05-21T20:49:41,200,Severe weather,low,Severe weather affecting line 22 (low severity)
DIS-172444,WDBC,125,2026-05-07T21:20:56,2026-05-07T21:48:56,28,Traffic congestion,medium,Traffic congestion affecting line 125 (medium severity)
DIS-462355,WDBC,A,2026-05-31T04:17:07,2026-05-31T04:42:07,25,Accident on route,low,Accident on route affecting line A (low severity)
DIS-351911,TDTR,16,2026-04-29T11:13:18,2026-04-29T13:55:18,162,Diversion,high,Diversion affecting line 16 (high severity)
DIS-349766,SQ,TW1,2026-07-18T11:42:42,2026-07-18T14:35:42,173,Diversion,low,Diversion affecting line TW1 (low severity)
DIS-191698,TDTR,920,2026-05-13T23:07:05,2026-05-14T02:02:05,175,Accident on route,medium,Accident on route affecting line 920 (medium severity)
DIS-117541,WDBC,50,2026-06-23T00:39:04,2026-06-23T02:18:04,99,Diversion,severe,Diversion affecting line 50 (severe severity)
DIS-626486,SWWD,X7,2026-05-24T14:33:45,2026-05-24T15:27:45,54,Accident on route,severe,Accident on route affecting line X7 (severe severity)
DIS-118392,BLUS,8,2026-06-23T01:48:25,2026-06-23T05:10:25,202,Planned engineering works,low,Planned engineering works affecting line 8 (low severity)
DIS-102677,SWWD,929,2026-06-08T08:13:24,2026-06-08T08:52:24,39,Accident on route,high,Accident on route affecting line 929 (high severity)
DIS-924448,WDBC,8,2026-06-16T13:40:36,2026-06-16T14:13:36,33,Diversion,medium,Diversion affecting line 8 (medium severity)
DIS-308480,DAMY,20,2026-07-03T22:32:06,2026-07-03T23:50:06,78,Road closure,severe,Road closure affecting line 20 (severe severity)
DIS-706951,WDBC,761,2026-06-02T22:37:08,2026-06-02T22:55:08,18,Severe weather,severe,Severe weather affecting line 761 (severe severity)
DIS-271880,WDBC,U1,2026-05-09T20:55:59,2026-05-09T21:38:59,43,Accident on route,high,Accident on route affecting line U1 (high severity)
DIS-918369,SVCT,206,2026-06-19T03:42:46,2026-06-19T05:50:46,128,Traffic congestion,medium,Traffic congestion affecting line 206 (medium severity)
DIS-368631,SWWD,26,2026-07-19T15:14:26,2026-07-19T15:27:26,13,Severe weather,low,Severe weather affecting line 26 (low severity)
DIS-908594,UNIL,U6C,2026-05-17T21:44:59,2026-05-18T01:02:59,198,Accident on route,medium,Accident on route affecting line U6C (medium severity)
DIS-939112,TDTR,SSS,2026-04-23T03:00:50,2026-04-23T05:40:50,160,Road closure,low,Road closure affecting line SSS (low severity)
DIS-993803,SWWD,R5,2026-06-04T18:19:07,2026-06-04T19:37:07,78,Accident on route,severe,Accident on route affecting line R5 (severe severity)
DIS-827736,BLUS,13,2026-06-12T10:51:06,2026-06-12T12:02:06,71,Driver shortage,medium,Driver shortage affecting line 13 (medium severity)
DIS-377491,WDBC,16,2026-05-18T22:33:50,2026-05-18T22:43:50,10,Traffic congestion,severe,Traffic congestion affecting line 16 (severe severity)
DIS-982841,TDTR,R23,2026-06-14T22:44:32,2026-06-15T00:40:32,116,Traffic congestion,high,Traffic congestion affecting line R23 (high severity)
DIS-660464,WDBC,193,2026-05-11T09:26:47,2026-05-11T12:19:47,173,Road closure,low,Road closure affecting line 193 (low severity)
DIS-504446,SWWD,901,2026-05-21T21:42:21,2026-05-22T01:31:21,229,Driver shortage,low,Driver shortage affecting line 901 (low severity)
DIS-569948,SQ,TW2,2026-06-23T04:26:35,2026-06-23T04:55:35,29,Vehicle breakdown,medium,Vehicle breakdown affecting line TW2 (medium severity)
DIS-418628,WDBC,22,2026-06-15T07:49:03,2026-06-15T11:03:03,194,Diversion,high,Diversion affecting line 22 (high severity)
DIS-767315,TDTR,152,2026-06-20T21:38:53,2026-06-20T22:29:53,51,Vehicle breakdown,medium,Vehicle breakdown affecting line 152 (medium severity)
DIS-520633,SVCT,39,2026-06-25T21:02:48,2026-06-26T00:14:48,192,Severe weather,medium,Severe weather affecting line 39 (medium severity)
DIS-229085,SWWD,2A,2026-06-13T20:39:54,2026-06-13T22:17:54,98,Road closure,medium,Road closure affecting line 2A (medium severity)
DIS-643142,SWWD,101,2026-07-11T02:54:54,2026-07-11T05:38:54,164,Traffic congestion,low,Traffic congestion affecting line 101 (low severity)
DIS-145602,SWWD,PVDRT,2026-05-01T19:53:02,2026-05-01T20:41:02,48,Traffic congestion,high,Traffic congestion affecting line PVDRT (high severity)
DIS-396824,SWWD,26,2026-07-20T12:56:38,2026-07-20T13:32:38,36,Road closure,severe,Road closure affecting line 26 (severe severity)
DIS-758892,TDTR,152,2026-05-12T11:55:09,2026-05-12T13:23:09,88,Diversion,high,Diversion affecting line 152 (high severity)
DIS-340555,TDTR,15,2026-05-21T00:02:51,2026-05-21T03:50:51,228,Accident on route,low,Accident on route affecting line 15 (low severity)
DIS-585896,WDBC,16,2026-06-12T17:35:33,2026-06-12T20:42:33,187,Road closure,low,Road closure affecting line 16 (low severity)
DIS-637753,WDBC,36,2026-04-24T20:53:48,2026-04-25T00:22:48,209,Planned engineering works,low,Planned engineering works affecting line 36 (low severity)
DIS-181717,TDTR,842,2026-06-30T01:41:41,2026-06-30T04:53:41,192,Traffic congestion,severe,Traffic congestion affecting line 842 (severe severity)
DIS-967587,SWWD,R10,2026-05-13T19:42:00,2026-05-13T23:26:00,224,Road closure,low,Road closure affecting line R10 (low severity)
DIS-220138,TDTR,48,2026-05-09T10:11:35,2026-05-09T12:36:35,145,Severe weather,severe,Severe weather affecting line 48 (severe severity)
DIS-418784,TDTR,842,2026-07-07T00:29:38,2026-07-07T04:21:38,232,Vehicle breakdown,severe,Vehicle breakdown affecting line 842 (severe severity)
DIS-384318,SWWD,X5,2026-06-08T01:58:17,2026-06-08T05:52:17,234,Roadworks,high,Roadworks affecting line X5 (high severity)
DIS-661789,BLUS,12,2026-07-11T03:47:57,2026-07-11T07:10:57,203,Severe weather,low,Severe weather affecting line 12 (low severity)
DIS-856103,TDTR,15,2026-05-12T15:32:19,2026-05-12T18:34:19,182,Accident on route,high,Accident on route affecting line 15 (high severity)
DIS-671560,SWWD,66,2026-06-14T12:04:34,2026-06-14T14:19:34,135,Roadworks,low,Roadworks affecting line 66 (low severity)
DIS-960460,TDTR,15,2026-05-24T01:37:25,2026-05-24T02:18:25,41,Vehicle breakdown,high,Vehicle breakdown affecting line 15 (high severity)
DIS-873164,BLUS,19,2026-04-25T15:00:56,2026-04-25T17:30:56,150,Diversion,severe,Diversion affecting line 19 (severe severity)
DIS-794656,BLUS,7,2026-04-26T16:06:23,2026-04-26T16:56:23,50,Roadworks,medium,Roadworks affecting line 7 (medium severity)
DIS-439255,SVCT,6,2026-06-08T09:49:02,2026-06-08T10:27:02,38,Road closure,low,Road closure affecting line 6 (low severity)
DIS-915107,SWWD,R10,2026-06-08T10:05:14,2026-06-08T11:33:14,88,Planned engineering works,low,Planned engineering works affecting line R10 (low severity)
DIS-212460,BLUS,17,2026-05-09T16:37:37,2026-05-09T19:00:37,143,Planned engineering works,severe,Planned engineering works affecting line 17 (severe severity)
DIS-137422,TDTR,14,2026-05-16T13:16:30,2026-05-16T16:52:30,216,Diversion,high,Diversion affecting line 14 (high severity)
DIS-405775,SWWD,R5,2026-06-23T12:40:30,2026-06-23T15:49:30,189,Planned engineering works,high,Planned engineering works affecting line R5 (high severity)
DIS-740208,TDTR,15,2026-06-26T07:18:12,2026-06-26T09:08:12,110,Road closure,low,Road closure affecting line 15 (low severity)
DIS-214261,BLUS,3,2026-06-29T20:48:05,2026-06-29T22:01:05,73,Planned engineering works,medium,Planned engineering works affecting line 3 (medium severity)
DIS-855566,BLUS,7,2026-05-25T05:17:37,2026-05-25T08:52:37,215,Vehicle breakdown,low,Vehicle breakdown affecting line 7 (low severity)
DIS-514238,WDBC,82,2026-06-21T06:11:51,2026-06-21T08:25:51,134,Traffic congestion,severe,Traffic congestion affecting line 82 (severe severity)
DIS-629701,SWWD,603,2026-07-20T23:13:17,2026-07-21T02:37:17,204,Accident on route,medium,Accident on route affecting line 603 (medium severity)
DIS-102113,TDTR,159,2026-06-20T23:14:05,2026-06-21T02:27:05,193,Vehicle breakdown,high,Vehicle breakdown affecting line 159 (high severity)
DIS-662442,BLUS,11,2026-07-04T12:13:18,2026-07-04T12:35:18,22,Planned engineering works,low,Planned engineering works affecting line 11 (low severity)
DIS-595844,SVCT,202,2026-07-12T19:31:05,2026-07-12T22:14:05,163,Planned engineering works,low,Planned engineering works affecting line 202 (low severity)
DIS-781173,WDBC,112,2026-05-01T21:00:21,2026-05-02T00:38:21,218,Road closure,high,Road closure affecting line 112 (high severity)
DIS-440200,SVCT,8,2026-06-26T01:40:15,2026-06-26T02:57:15,77,Road closure,severe,Road closure affecting line 8 (severe severity)
DIS-272188,TDTR,12,2026-07-18T23:04:33,2026-07-19T02:35:33,211,Traffic congestion,medium,Traffic congestion affecting line 12 (medium severity)
DIS-743428,SWWD,R12,2026-05-18T06:17:08,2026-05-18T08:46:08,149,Roadworks,medium,Roadworks affecting line R12 (medium severity)
DIS-388369,SVCT,1,2026-06-27T07:00:21,2026-06-27T08:15:21,75,Roadworks,medium,Roadworks affecting line 1 (medium severity)
DIS-997194,BLUS,1,2026-06-08T01:57:22,2026-06-08T05:07:22,190,Accident on route,medium,Accident on route affecting line 1 (medium severity)
DIS-245913,WDBC,125,2026-05-12T23:50:21,2026-05-13T01:17:21,87,Accident on route,high,Accident on route affecting line 125 (high severity)
DIS-958444,TDTR,156,2026-05-03T21:54:32,2026-05-04T01:51:32,237,Roadworks,medium,Roadworks affecting line 156 (medium severity)
DIS-497040,BLUS,13,2026-06-29T13:55:15,2026-06-29T14:38:15,43,Roadworks,medium,Roadworks affecting line 13 (medium severity)
DIS-512382,DAMY,X8,2026-06-06T20:34:47,2026-06-06T22:48:47,134,Vehicle breakdown,medium,Vehicle breakdown affecting line X8 (medium severity)
DIS-130551,WDBC,10,2026-04-28T07:47:07,2026-04-28T09:19:07,92,Driver shortage,high,Driver shortage affecting line 10 (high severity)
DIS-244801,SVCT,214,2026-07-12T18:15:46,2026-07-12T18:30:46,15,Traffic congestion,high,Traffic congestion affecting line 214 (high severity)
DIS-130695,SVCT,3,2026-06-11T05:51:50,2026-06-11T08:43:50,172,Vehicle breakdown,medium,Vehicle breakdown affecting line 3 (medium severity)
DIS-134171,DAMY,1,2026-05-20T14:24:03,2026-05-20T15:59:03,95,Driver shortage,medium,Driver shortage affecting line 1 (medium severity)
DIS-987837,SVCT,22,2026-07-16T17:30:19,2026-07-16T20:50:19,200,Planned engineering works,high,Planned engineering works affecting line 22 (high severity)
DIS-819451,WDBC,10,2026-05-05T08:18:03,2026-05-05T11:43:03,205,Driver shortage,medium,Driver shortage affecting line 10 (medium severity)
DIS-929022,WDBC,24,2026-07-09T19:49:10,2026-07-09T22:49:10,180,Driver shortage,high,Driver shortage affecting line 24 (high severity)
DIS-175102,SWWD,PR7,2026-06-12T07:07:03,2026-06-12T09:03:03,116,Roadworks,medium,Roadworks affecting line PR7 (medium severity)
DIS-270186,SQ,TB1,2026-07-03T18:56:56,2026-07-03T22:01:56,185,Road closure,severe,Road closure affecting line TB1 (severe severity)
DIS-389674,SWWD,R14,2026-04-29T14:21:26,2026-04-29T18:08:26,227,Vehicle breakdown,medium,Vehicle breakdown affecting line R14 (medium severity)
DIS-242738,BLUS,N18,2026-05-11T22:43:24,2026-05-11T23:50:24,67,Diversion,medium,Diversion affecting line N18 (medium severity)
DIS-749122,SVCT,1,2026-06-24T09:12:24,2026-06-24T12:29:24,197,Diversion,severe,Diversion affecting line 1 (severe severity)
DIS-190792,SWWD,R6,2026-07-17T04:05:32,2026-07-17T08:04:32,239,Planned engineering works,high,Planned engineering works affecting line R6 (high severity)
DIS-558766,WDBC,4,2026-07-20T06:39:00,2026-07-20T08:38:00,119,Traffic congestion,medium,Traffic congestion affecting line 4 (medium severity)
DIS-817903,WDBC,762,2026-05-15T02:58:41,2026-05-15T05:12:41,134,Traffic congestion,low,Traffic congestion affecting line 762 (low severity)
DIS-211591,SWWD,901,2026-07-01T19:38:18,2026-07-01T20:03:18,25,Diversion,severe,Diversion affecting line 901 (severe severity)
DIS-934332,BLUS,14,2026-07-17T11:11:17,2026-07-17T11:34:17,23,Planned engineering works,high,Planned engineering works affecting line 14 (high severity)
DIS-412617,WDBC,36,2026-05-01T12:58:43,2026-05-01T13:50:43,52,Driver shortage,severe,Driver shortage affecting line 36 (severe severity)
DIS-360599,WDBC,33,2026-07-02T21:32:56,2026-07-02T23:25:56,113,Planned engineering works,severe,Planned engineering works affecting line 33 (severe severity)
DIS-771400,SVCT,209,2026-05-04T17:08:47,2026-05-04T19:51:47,163,Road closure,medium,Road closure affecting line 209 (medium severity)
DIS-228385,BLUS,539,2026-07-12T22:22:39,2026-07-12T23:35:39,73,Severe weather,medium,Severe weather affecting line 539 (medium severity)
DIS-186538,DAMY,949,2026-05-27T20:54:36,2026-05-27T23:48:36,174,Diversion,medium,Diversion affecting line 949 (medium severity)
DIS-229268,SVCT,37,2026-04-22T12:53:41,2026-04-22T15:35:41,162,Traffic congestion,high,Traffic congestion affecting line 37 (high severity)
DIS-967481,BLUS,7,2026-05-16T01:22:00,2026-05-16T02:39:00,77,Accident on route,medium,Accident on route affecting line 7 (medium severity)
DIS-788674,WDBC,775,2026-05-07T06:36:40,2026-05-07T07:19:40,43,Severe weather,high,Severe weather affecting line 775 (high severity)
DIS-340511,SWWD,R8,2026-05-26T13:44:58,2026-05-26T17:38:58,234,Traffic congestion,severe,Traffic congestion affecting line R8 (severe severity)
DIS-804208,SWWD,R4,2026-06-06T22:28:43,2026-06-06T23:40:43,72,Planned engineering works,high,Planned engineering works affecting line R4 (high severity)
DIS-159126,WDBC,22,2026-06-19T01:40:24,2026-06-19T03:10:24,90,Accident on route,severe,Accident on route affecting line 22 (severe severity)
DIS-895238,SWWD,R5,2026-05-05T22:35:03,2026-05-06T02:08:03,213,Driver shortage,severe,Driver shortage affecting line R5 (severe severity)
DIS-625402,WDBC,X6,2026-04-26T06:40:11,2026-04-26T08:11:11,91,Planned engineering works,severe,Planned engineering works affecting line X6 (severe severity)
DIS-621978,SQ,TM1,2026-05-31T17:31:11,2026-05-31T19:10:11,99,Vehicle breakdown,severe,Vehicle breakdown affecting line TM1 (severe severity)
DIS-138498,SWWD,44,2026-05-27T23:07:13,2026-05-27T23:56:13,49,Planned engineering works,medium,Planned engineering works affecting line 44 (medium severity)
DIS-847925,WDBC,3x,2026-07-21T01:46:34,2026-07-21T03:29:34,103,Roadworks,high,Roadworks affecting line 3x (high severity)
DIS-500704,TDTR,15,2026-07-16T06:56:21,2026-07-16T07:25:21,29,Roadworks,high,Roadworks affecting line 15 (high severity)
DIS-606199,DAMY,20,2026-07-10T08:09:49,2026-07-10T10:19:49,130,Vehicle breakdown,low,Vehicle breakdown affecting line 20 (low severity)
DIS-242424,BLUS,18,2026-07-09T13:40:38,2026-07-09T15:55:38,135,Driver shortage,medium,Driver shortage affecting line 18 (medium severity)
DIS-526416,SVCT,202,2026-07-08T13:14:49,2026-07-08T13:49:49,35,Traffic congestion,high,Traffic congestion affecting line 202 (high severity)
DIS-554110,SQ,TB1,2026-04-30T09:09:02,2026-04-30T11:21:02,132,Severe weather,medium,Severe weather affecting line TB1 (medium severity)
DIS-275816,SWWD,X4,2026-06-04T20:22:40,2026-06-04T23:05:40,163,Driver shortage,severe,Driver shortage affecting line X4 (severe severity)
DIS-848938,TDTR,152,2026-06-14T11:39:42,2026-06-14T14:24:42,165,Road closure,medium,Road closure affecting line 152 (medium severity)
DIS-572224,SWWD,X7,2026-05-01T15:15:00,2026-05-01T17:39:00,144,Vehicle breakdown,high,Vehicle breakdown affecting line X7 (high severity)
DIS-103952,WDBC,1C,2026-07-05T02:30:07,2026-07-05T05:38:07,188,Driver shortage,medium,Driver shortage affecting line 1C (medium severity)
DIS-969969,WDBC,744,2026-06-14T13:29:16,2026-06-14T17:15:16,226,Planned engineering works,low,Planned engineering works affecting line 744 (low severity)
DIS-282788,BLUS,539,2026-06-24T14:01:15,2026-06-24T17:02:15,181,Traffic congestion,low,Traffic congestion affecting line 539 (low severity)
DIS-894339,BLUS,17,2026-06-29T14:44:09,2026-06-29T16:04:09,80,Severe weather,high,Severe weather affecting line 17 (high severity)
DIS-357866,BLUS,QC,2026-06-24T19:52:54,2026-06-24T21:10:54,78,Road closure,medium,Road closure affecting line QC (medium severity)
DIS-631155,WDBC,70,2026-07-04T15:53:12,2026-07-04T19:50:12,237,Planned engineering works,high,Planned engineering works affecting line 70 (high severity)
DIS-270079,UNIL,U6H,2026-05-21T00:50:10,2026-05-21T01:30:10,40,Accident on route,low,Accident on route affecting line U6H (low severity)
DIS-185997,WDBC,Q1,2026-06-01T21:46:09,2026-06-01T21:59:09,13,Roadworks,medium,Roadworks affecting line Q1 (medium severity)
DIS-784019,UNIL,U1C,2026-04-27T01:05:39,2026-04-27T02:12:39,67,Accident on route,severe,Accident on route affecting line U1C (severe severity)
DIS-148149,TDTR,156,2026-07-12T00:44:31,2026-07-12T00:54:31,10,Accident on route,high,Accident on route affecting line 156 (high severity)
DIS-393803,WDBC,32,2026-05-29T05:41:05,2026-05-29T07:17:05,96,Severe weather,severe,Severe weather affecting line 32 (severe severity)
DIS-224709,WDBC,762,2026-06-24T18:28:08,2026-06-24T20:30:08,122,Planned engineering works,medium,Planned engineering works affecting line 762 (medium severity)
DIS-598076,DAMY,6,2026-06-16T06:02:36,2026-06-16T07:09:36,67,Traffic congestion,low,Traffic congestion affecting line 6 (low severity)
DIS-432863,WDBC,13A,2026-05-31T01:50:34,2026-05-31T04:42:34,172,Traffic congestion,high,Traffic congestion affecting line 13A (high severity)
DIS-577340,UNIL,U6C,2026-06-09T10:46:23,2026-06-09T14:40:23,234,Vehicle breakdown,medium,Vehicle breakdown affecting line U6C (medium severity)
DIS-599898,BLUS,538,2026-05-07T09:23:50,2026-05-07T13:02:50,219,Road closure,low,Road closure affecting line 538 (low severity)
DIS-383745,SWWD,TPDRT,2026-06-22T19:49:47,2026-06-22T23:35:47,226,Severe weather,medium,Severe weather affecting line TPDRT (medium severity)
DIS-979066,TDTR,155,2026-07-12T02:16:44,2026-07-12T05:31:44,195,Roadworks,high,Roadworks affecting line 155 (high severity)
DIS-873683,SWWD,X4,2026-06-27T00:51:05,2026-06-27T04:50:05,239,Diversion,medium,Diversion affecting line X4 (medium severity)
DIS-874401,TDTR,154,2026-06-19T09:15:03,2026-06-19T10:43:03,88,Roadworks,high,Roadworks affecting line 154 (high severity)
DIS-526223,SWWD,929,2026-06-21T12:26:54,2026-06-21T14:44:54,138,Driver shortage,severe,Driver shortage affecting line 929 (severe severity)
DIS-221022,WDBC,32,2026-07-17T00:48:31,2026-07-17T01:13:31,25,Severe weather,medium,Severe weather affecting line 32 (medium severity)
DIS-978856,TDTR,48,2026-04-26T13:01:58,2026-04-26T15:50:58,169,Driver shortage,medium,Driver shortage affecting line 48 (medium severity)
DIS-918231,SVCT,206,2026-05-28T02:10:28,2026-05-28T05:02:28,172,Traffic congestion,high,Traffic congestion affecting line 206 (high severity)
DIS-699524,WDBC,36,2026-07-07T12:31:35,2026-07-07T16:24:35,233,Vehicle breakdown,high,Vehicle breakdown affecting line 36 (high severity)
DIS-740692,WDBC,Q1,2026-06-01T00:51:04,2026-06-01T01:16:04,25,Road closure,severe,Road closure affecting line Q1 (severe severity)
DIS-768966,TDTR,5,2026-05-14T20:23:33,2026-05-15T00:17:33,234,Road closure,medium,Road closure affecting line 5 (medium severity)
DIS-890968,UNIL,U6H,2026-05-27T19:42:05,2026-05-27T22:11:05,149,Driver shortage,low,Driver shortage affecting line U6H (low severity)
DIS-345314,WDBC,50,2026-06-09T01:41:35,2026-06-09T05:20:35,219,Planned engineering works,low,Planned engineering works affecting line 50 (low severity)
DIS-854873,WDBC,NFB,2026-06-26T18:34:32,2026-06-26T22:13:32,219,Driver shortage,medium,Driver shortage affecting line NFB (medium severity)
DIS-818173,UNIL,U2B,2026-07-20T07:38:18,2026-07-20T08:52:18,74,Roadworks,high,Roadworks affecting line U2B (high severity)
DIS-525888,SWWD,901,2026-05-10T03:44:06,2026-05-10T04:09:06,25,Roadworks,medium,Roadworks affecting line 901 (medium severity)
DIS-896180,WDBC,20,2026-05-10T11:41:55,2026-05-10T13:12:55,91,Driver shortage,severe,Driver shortage affecting line 20 (severe severity)
DIS-105562,WDBC,36,2026-06-24T05:13:47,2026-06-24T05:50:47,37,Planned engineering works,high,Planned engineering works affecting line 36 (high severity)
DIS-109046,UNIL,U1C,2026-06-12T20:01:25,2026-06-12T23:26:25,205,Planned engineering works,low,Planned engineering works affecting line U1C (low severity)
DIS-465631,WDBC,26,2026-06-09T14:49:58,2026-06-09T16:26:58,97,Roadworks,medium,Roadworks affecting line 26 (medium severity)
DIS-661392,WDBC,L5,2026-06-23T21:59:21,2026-06-23T22:43:21,44,Vehicle breakdown,high,Vehicle breakdown affecting line L5 (high severity)
DIS-132719,DAMY,X8,2026-05-26T07:13:25,2026-05-26T07:32:25,19,Driver shortage,high,Driver shortage affecting line X8 (high severity)
DIS-347768,SWWD,603,2026-04-29T21:01:36,2026-04-29T21:52:36,51,Roadworks,high,Roadworks affecting line 603 (high severity)
DIS-448992,SVCT,202,2026-05-19T17:16:30,2026-05-19T21:08:30,232,Severe weather,severe,Severe weather affecting line 202 (severe severity)
DIS-861673,SWWD,PR15,2026-07-10T02:36:38,2026-07-10T03:53:38,77,Traffic congestion,high,Traffic congestion affecting line PR15 (high severity)
DIS-768636,WDBC,941,2026-04-24T06:04:28,2026-04-24T09:11:28,187,Vehicle breakdown,high,Vehicle breakdown affecting line 941 (high severity)
DIS-572947,SVCT,211,2026-07-05T18:55:40,2026-07-05T19:26:40,31,Driver shortage,severe,Driver shortage affecting line 211 (severe severity)
DIS-381400,WDBC,Q7,2026-07-08T04:35:18,2026-07-08T05:38:18,63,Road closure,medium,Road closure affecting line Q7 (medium severity)
DIS-686987,WDBC,18,2026-07-01T03:55:38,2026-07-01T07:51:38,236,Driver shortage,low,Driver shortage affecting line 18 (low severity)
DIS-447085,BLUS,5,2026-07-04T10:34:23,2026-07-04T11:24:23,50,Accident on route,low,Accident on route affecting line 5 (low severity)
DIS-258478,SVCT,7,2026-07-09T04:22:54,2026-07-09T07:19:54,177,Severe weather,low,Severe weather affecting line 7 (low severity)
DIS-475771,SVCT,214,2026-06-07T16:45:55,2026-06-07T20:38:55,233,Planned engineering works,high,Planned engineering works affecting line 214 (high severity)
DIS-284736,SQ,TB1,2026-05-15T14:03:17,2026-05-15T15:35:17,92,Roadworks,low,Roadworks affecting line TB1 (low severity)
DIS-238385,SVCT,TSS,2026-06-07T09:37:59,2026-06-07T12:39:59,182,Road closure,medium,Road closure affecting line TSS (medium severity)
DIS-858579,BLUS,538,2026-06-08T17:52:09,2026-06-08T18:10:09,18,Severe weather,severe,Severe weather affecting line 538 (severe severity)
DIS-813915,SVCT,212,2026-05-14T03:38:17,2026-05-14T04:38:17,60,Severe weather,high,Severe weather affecting line 212 (high severity)
DIS-910292,TDTR,153,2026-06-11T02:29:43,2026-06-11T06:11:43,222,Accident on route,medium,Accident on route affecting line 153 (medium severity)
DIS-181369,SQ,DEAD,2026-06-12T16:37:31,2026-06-12T18:05:31,88,Road closure,low,Road closure affecting line DEAD (low severity)
DIS-602655,TDTR,16,2026-05-30T11:16:05,2026-05-30T11:52:05,36,Driver shortage,severe,Driver shortage affecting line 16 (severe severity)
DIS-385164,SWWD,R10,2026-06-17T01:41:47,2026-06-17T04:38:47,177,Traffic congestion,high,Traffic congestion affecting line R10 (high severity)
DIS-852734,TDTR,R24,2026-06-24T07:55:41,2026-06-24T10:55:41,180,Severe weather,low,Severe weather affecting line R24 (low severity)
DIS-450446,BLUS,2,2026-06-12T05:16:17,2026-06-12T05:58:17,42,Roadworks,medium,Roadworks affecting line 2 (medium severity)
DIS-723163,TDTR,X76,2026-06-18T23:23:15,2026-06-19T01:07:15,104,Accident on route,medium,Accident on route affecting line X76 (medium severity)
DIS-751920,BLUS,10,2026-05-19T05:44:56,2026-05-19T08:26:56,162,Diversion,low,Diversion affecting line 10 (low severity)
DIS-689663,TDTR,80,2026-05-18T11:05:43,2026-05-18T12:31:43,86,Planned engineering works,low,Planned engineering works affecting line 80 (low severity)
DIS-488586,SVCT,12,2026-04-22T08:52:48,2026-04-22T09:04:48,12,Vehicle breakdown,low,Vehicle breakdown affecting line 12 (low severity)
DIS-802722,WDBC,193,2026-05-22T07:38:38,2026-05-22T10:15:38,157,Driver shortage,severe,Driver shortage affecting line 193 (severe severity)
DIS-483063,TDTR,152,2026-05-05T22:47:20,2026-05-06T01:31:20,164,Driver shortage,medium,Driver shortage affecting line 152 (medium severity)
DIS-109474,TDTR,48A,2026-07-03T03:07:58,2026-07-03T06:35:58,208,Severe weather,low,Severe weather affecting line 48A (low severity)
DIS-846465,WDBC,70,2026-06-22T07:44:47,2026-06-22T11:11:47,207,Severe weather,high,Severe weather affecting line 70 (high severity)
DIS-467086,WDBC,7A,2026-05-13T22:06:15,2026-05-14T01:02:15,176,Vehicle breakdown,severe,Vehicle breakdown affecting line 7A (severe severity)
DIS-123027,TDTR,15,2026-06-11T18:20:55,2026-06-11T22:02:55,222,Diversion,low,Diversion affecting line 15 (low severity)
DIS-140950,DAMY,X8,2026-04-22T17:26:39,2026-04-22T19:28:39,122,Accident on route,low,Accident on route affecting line X8 (low severity)
DIS-349168,SWWD,PR7,2026-06-22T03:24:14,2026-06-22T03:49:14,25,Driver shortage,medium,Driver shortage affecting line PR7 (medium severity)
DIS-889050,WDBC,4,2026-07-08T07:53:47,2026-07-08T11:37:47,224,Severe weather,low,Severe weather affecting line 4 (low severity)
DIS-974272,WDBC,18,2026-07-16T04:27:37,2026-07-16T06:27:37,120,Traffic congestion,medium,Traffic congestion affecting line 18 (medium severity)
DIS-337520,SQ,TB1,2026-05-09T19:45:04,2026-05-09T20:03:04,18,Diversion,high,Diversion affecting line TB1 (high severity)
DIS-869434,WDBC,38,2026-06-20T21:38:50,2026-06-21T00:41:50,183,Driver shortage,low,Driver shortage affecting line 38 (low severity)
DIS-307305,DAMY,X8,2026-04-24T12:17:30,2026-04-24T13:21:30,64,Accident on route,severe,Accident on route affecting line X8 (severe severity)
DIS-384913,WDBC,762,2026-05-22T10:50:22,2026-05-22T11:05:22,15,Accident on route,severe,Accident on route affecting line 762 (severe severity)
DIS-811282,WDBC,NFB,2026-04-22T06:57:19,2026-04-22T10:32:19,215,Driver shortage,low,Driver shortage affecting line NFB (low severity)
DIS-505368,SWWD,937,2026-04-25T03:05:49,2026-04-25T05:27:49,142,Driver shortage,low,Driver shortage affecting line 937 (low severity)
DIS-821597,BLUS,538,2026-06-12T16:43:11,2026-06-12T18:44:11,121,Traffic congestion,high,Traffic congestion affecting line 538 (high severity)
DIS-120042,TDTR,2,2026-05-01T10:48:15,2026-05-01T11:23:15,35,Traffic congestion,medium,Traffic congestion affecting line 2 (medium severity)
DIS-942487,SWWD,X7R,2026-06-01T09:17:49,2026-06-01T11:12:49,115,Traffic congestion,low,Traffic congestion affecting line X7R (low severity)
DIS-160585,SWWD,X2,2026-06-04T00:31:35,2026-06-04T03:33:35,182,Traffic congestion,medium,Traffic congestion affecting line X2 (medium severity)
DIS-895927,WDBC,35,2026-05-03T15:59:18,2026-05-03T19:43:18,224,Roadworks,severe,Roadworks affecting line 35 (severe severity)
DIS-625144,SQ,TM1,2026-05-09T01:54:19,2026-05-09T04:01:19,127,Severe weather,medium,Severe weather affecting line TM1 (medium severity)
DIS-656382,WDBC,737,2026-06-23T20:41:03,2026-06-23T21:58:03,77,Roadworks,severe,Roadworks affecting line 737 (severe severity)
DIS-474175,SWWD,MHDRT,2026-05-01T21:03:25,2026-05-01T23:55:25,172,Roadworks,severe,Roadworks affecting line MHDRT (severe severity)
DIS-655357,SWWD,PR11,2026-04-23T06:21:54,2026-04-23T07:54:54,93,Accident on route,high,Accident on route affecting line PR11 (high severity)
DIS-650906,SVCT,202,2026-04-25T15:10:06,2026-04-25T16:40:06,90,Diversion,medium,Diversion affecting line 202 (medium severity)
DIS-830105,BLUS,QC,2026-06-21T01:38:43,2026-06-21T04:19:43,161,Accident on route,medium,Accident on route affecting line QC (medium severity)
DIS-937752,TDTR,1,2026-05-09T01:52:07,2026-05-09T05:42:07,230,Severe weather,medium,Severe weather affecting line 1 (medium severity)
DIS-523001,WDBC,21,2026-06-28T18:43:47,2026-06-28T21:17:47,154,Accident on route,severe,Accident on route affecting line 21 (severe severity)
DIS-457233,TDTR,152,2026-06-12T05:02:27,2026-06-12T06:32:27,90,Accident on route,high,Accident on route affecting line 152 (high severity)
DIS-349813,BLUS,13,2026-05-01T05:41:51,2026-05-01T06:51:51,70,Roadworks,low,Roadworks affecting line 13 (low severity)
DIS-754628,SVCT,209,2026-06-05T07:17:03,2026-06-05T07:36:03,19,Diversion,severe,Diversion affecting line 209 (severe severity)
DIS-643543,DAMY,CR8,2026-06-03T05:57:00,2026-06-03T09:09:00,192,Road closure,high,Road closure affecting line CR8 (high severity)
DIS-460448,BLUS,1,2026-05-05T16:42:22,2026-05-05T19:45:22,183,Diversion,severe,Diversion affecting line 1 (severe severity)
DIS-869059,WDBC,3x,2026-05-04T00:53:32,2026-05-04T01:41:32,48,Diversion,medium,Diversion affecting line 3x (medium severity)
DIS-407059,BLUS,23,2026-07-06T00:33:29,2026-07-06T01:02:29,29,Severe weather,low,Severe weather affecting line 23 (low severity)
DIS-167346,BLUS,QC,2026-04-26T16:06:04,2026-04-26T17:47:04,101,Planned engineering works,high,Planned engineering works affecting line QC (high severity)
DIS-779171,SVCT,5,2026-06-17T16:24:13,2026-06-17T19:08:13,164,Planned engineering works,severe,Planned engineering works affecting line 5 (severe severity)
DIS-115659,WDBC,1B,2026-06-10T15:43:22,2026-06-10T16:35:22,52,Vehicle breakdown,high,Vehicle breakdown affecting line 1B (high severity)
DIS-478702,SVCT,59,2026-05-24T18:36:03,2026-05-24T20:09:03,93,Diversion,low,Diversion affecting line 59 (low severity)
DIS-440184,SVCT,207,2026-07-13T15:11:09,2026-07-13T17:33:09,142,Traffic congestion,severe,Traffic congestion affecting line 207 (severe severity)
DIS-735474,DAMY,CR7,2026-05-12T05:23:54,2026-05-12T06:11:54,48,Traffic congestion,high,Traffic congestion affecting line CR7 (high severity)
DIS-943250,SWWD,X7R,2026-05-04T05:45:19,2026-05-04T06:20:19,35,Severe weather,low,Severe weather affecting line X7R (low severity)
DIS-508972,WDBC,8,2026-05-29T20:21:37,2026-05-29T22:39:37,138,Road closure,medium,Road closure affecting line 8 (medium severity)
DIS-733110,WDBC,775,2026-06-23T08:56:11,2026-06-23T09:50:11,54,Driver shortage,high,Driver shortage affecting line 775 (high severity)
DIS-777060,SVCT,209,2026-06-26T05:05:49,2026-06-26T07:54:49,169,Road closure,medium,Road closure affecting line 209 (medium severity)
DIS-650375,SVCT,200,2026-05-18T01:47:42,2026-05-18T03:00:42,73,Accident on route,low,Accident on route affecting line 200 (low severity)
DIS-849159,WDBC,1A,2026-06-23T11:26:24,2026-06-23T14:16:24,170,Roadworks,low,Roadworks affecting line 1A (low severity)
DIS-459680,SWWD,PR7,2026-06-14T16:48:34,2026-06-14T18:53:34,125,Driver shortage,medium,Driver shortage affecting line PR7 (medium severity)
DIS-158322,SWWD,2,2026-05-26T14:04:18,2026-05-26T14:33:18,29,Severe weather,low,Severe weather affecting line 2 (low severity)
DIS-469595,WDBC,82,2026-06-17T03:36:25,2026-06-17T05:07:25,91,Road closure,medium,Road closure affecting line 82 (medium severity)
DIS-761728,TDTR,23,2026-06-25T16:02:46,2026-06-25T18:11:46,129,Accident on route,severe,Accident on route affecting line 23 (severe severity)
DIS-656917,WDBC,RG2,2026-06-27T04:22:38,2026-06-27T06:53:38,151,Planned engineering works,severe,Planned engineering works affecting line RG2 (severe severity)
DIS-548054,BLUS,28,2026-06-29T00:23:50,2026-06-29T01:41:50,78,Roadworks,high,Roadworks affecting line 28 (high severity)
DIS-113191,SWWD,906,2026-06-25T15:00:26,2026-06-25T17:58:26,178,Driver shortage,severe,Driver shortage affecting line 906 (severe severity)
DIS-538437,WDBC,30,2026-06-14T00:19:21,2026-06-14T02:20:21,121,Traffic congestion,high,Traffic congestion affecting line 30 (high severity)
DIS-582055,SWWD,R5,2026-05-24T17:35:50,2026-05-24T20:28:50,173,Road closure,high,Road closure affecting line R5 (high severity)
DIS-899048,SVCT,214,2026-05-02T02:41:06,2026-05-02T04:02:06,81,Traffic congestion,medium,Traffic congestion affecting line 214 (medium severity)
DIS-731968,WDBC,L5,2026-05-27T21:46:55,2026-05-28T01:17:55,211,Roadworks,high,Roadworks affecting line L5 (high severity)
DIS-222743,SVCT,205,2026-05-23T16:06:40,2026-05-23T18:22:40,136,Accident on route,medium,Accident on route affecting line 205 (medium severity)
DIS-201815,TDTR,15,2026-06-30T05:12:22,2026-06-30T08:14:22,182,Driver shortage,low,Driver shortage affecting line 15 (low severity)
DIS-863332,SWWD,625,2026-05-20T15:22:23,2026-05-20T17:06:23,104,Vehicle breakdown,low,Vehicle breakdown affecting line 625 (low severity)
DIS-127791,SWWD,D3,2026-06-17T21:04:33,2026-06-17T22:33:33,89,Driver shortage,low,Driver shortage affecting line D3 (low severity)
DIS-916688,UNIL,U2C,2026-05-21T18:56:29,2026-05-21T19:12:29,16,Driver shortage,high,Driver shortage affecting line U2C (high severity)
DIS-722631,WDBC,1A,2026-05-22T15:47:47,2026-05-22T19:35:47,228,Planned engineering works,low,Planned engineering works affecting line 1A (low severity)
DIS-780320,SVCT,9,2026-06-28T13:04:07,2026-06-28T16:48:07,224,Diversion,high,Diversion affecting line 9 (high severity)
DIS-705988,WDBC,8,2026-07-18T10:12:52,2026-07-18T13:41:52,209,Severe weather,high,Severe weather affecting line 8 (high severity)
DIS-676123,BLUS,539,2026-05-21T18:54:22,2026-05-21T22:31:22,217,Diversion,low,Diversion affecting line 539 (low severity)
DIS-983139,WDBC,1C,2026-06-15T09:43:55,2026-06-15T11:08:55,85,Planned engineering works,low,Planned engineering works affecting line 1C (low severity)
DIS-856875,TDTR,13,2026-06-05T21:10:36,2026-06-05T22:15:36,65,Diversion,severe,Diversion affecting line 13 (severe severity)
DIS-413952,WDBC,X3,2026-06-16T16:42:57,2026-06-16T17:05:57,23,Vehicle breakdown,severe,Vehicle breakdown affecting line X3 (severe severity)
DIS-572622,TDTR,154,2026-06-15T14:39:17,2026-06-15T17:24:17,165,Accident on route,low,Accident on route affecting line 154 (low severity)
DIS-144252,SWWD,X2,2026-05-05T23:06:37,2026-05-06T00:05:37,59,Vehicle breakdown,severe,Vehicle breakdown affecting line X2 (severe severity)
DIS-454866,WDBC,32,2026-04-24T06:24:26,2026-04-24T07:54:26,90,Driver shortage,high,Driver shortage affecting line 32 (high severity)
DIS-241595,TDTR,23,2026-05-14T11:51:22,2026-05-14T13:31:22,100,Traffic congestion,severe,Traffic congestion affecting line 23 (severe severity)
DIS-274370,WDBC,m1,2026-06-15T07:08:50,2026-06-15T10:40:50,212,Accident on route,severe,Accident on route affecting line m1 (severe severity)
DIS-193226,WDBC,L3,2026-06-15T04:31:28,2026-06-15T07:04:28,153,Roadworks,medium,Roadworks affecting line L3 (medium severity)
DIS-764145,SWWD,88,2026-06-21T01:27:35,2026-06-21T02:43:35,76,Traffic congestion,medium,Traffic congestion affecting line 88 (medium severity)
DIS-403091,WDBC,81,2026-06-22T03:19:13,2026-06-22T03:59:13,40,Diversion,medium,Diversion affecting line 81 (medium severity)
DIS-885003,WDBC,10,2026-04-25T07:37:14,2026-04-25T07:56:14,19,Accident on route,severe,Accident on route affecting line 10 (severe severity)
DIS-119180,TDTR,23,2026-05-04T03:33:15,2026-05-04T05:51:15,138,Diversion,low,Diversion affecting line 23 (low severity)
DIS-382033,SVCT,203,2026-07-01T23:00:27,2026-07-02T01:51:27,171,Planned engineering works,low,Planned engineering works affecting line 203 (low severity)
DIS-298158,SQ,DEAD,2026-05-02T07:07:41,2026-05-02T08:43:41,96,Roadworks,severe,Roadworks affecting line DEAD (severe severity)
DIS-936577,WDBC,762,2026-05-01T21:09:23,2026-05-02T00:54:23,225,Diversion,medium,Diversion affecting line 762 (medium severity)
DIS-116159,WDBC,NFR,2026-05-05T00:53:04,2026-05-05T02:10:04,77,Roadworks,severe,Roadworks affecting line NFR (severe severity)
DIS-120132,SVCT,213,2026-07-11T23:26:32,2026-07-12T01:16:32,110,Accident on route,medium,Accident on route affecting line 213 (medium severity)
DIS-743968,WDBC,12,2026-06-25T04:05:34,2026-06-25T04:18:34,13,Severe weather,severe,Severe weather affecting line 12 (severe severity)
DIS-133925,DAMY,5,2026-07-07T11:48:50,2026-07-07T12:33:50,45,Accident on route,medium,Accident on route affecting line 5 (medium severity)
DIS-494684,BLUS,635,2026-07-04T02:44:36,2026-07-04T02:54:36,10,Roadworks,high,Roadworks affecting line 635 (high severity)
DIS-727631,SWWD,PD3,2026-05-13T20:25:16,2026-05-13T22:29:16,124,Traffic congestion,high,Traffic congestion affecting line PD3 (high severity)
DIS-210018,SVCT,206,2026-05-28T05:19:35,2026-05-28T08:56:35,217,Vehicle breakdown,low,Vehicle breakdown affecting line 206 (low severity)
DIS-117386,WDBC,120,2026-05-02T23:47:49,2026-05-03T00:32:49,45,Vehicle breakdown,low,Vehicle breakdown affecting line 120 (low severity)
DIS-489151,TDTR,15,2026-06-14T12:51:15,2026-06-14T15:44:15,173,Accident on route,low,Accident on route affecting line 15 (low severity)
DIS-498030,TDTR,48A,2026-06-18T22:22:31,2026-06-18T23:11:31,49,Severe weather,medium,Severe weather affecting line 48A (medium severity)
DIS-682040,TDTR,X76,2026-07-07T06:15:34,2026-07-07T10:12:34,237,Planned engineering works,high,Planned engineering works affecting line X76 (high severity)
DIS-266463,WDBC,7A,2026-06-11T17:47:46,2026-06-11T19:09:46,82,Vehicle breakdown,severe,Vehicle breakdown affecting line 7A (severe severity)
DIS-361730,SVCT,TSS,2026-04-25T03:53:44,2026-04-25T04:08:44,15,Road closure,severe,Road closure affecting line TSS (severe severity)
DIS-538459,TDTR,1A,2026-05-25T12:27:43,2026-05-25T13:03:43,36,Planned engineering works,medium,Planned engineering works affecting line 1A (medium severity)
DIS-377033,UNIL,U2B,2026-06-18T06:25:32,2026-06-18T09:26:32,181,Roadworks,severe,Roadworks affecting line U2B (severe severity)
DIS-131252,WDBC,U3,2026-06-02T21:06:38,2026-06-02T22:27:38,81,Severe weather,low,Severe weather affecting line U3 (low severity)
DIS-246795,TDTR,16,2026-06-05T06:05:58,2026-06-05T07:12:58,67,Roadworks,medium,Roadworks affecting line 16 (medium severity)
DIS-797468,WDBC,120,2026-07-04T12:42:27,2026-07-04T15:44:27,182,Vehicle breakdown,low,Vehicle breakdown affecting line 120 (low severity)
DIS-991588,SWWD,906,2026-05-23T01:58:57,2026-05-23T04:30:57,152,Driver shortage,severe,Driver shortage affecting line 906 (severe severity)
DIS-969867,SQ,TW4,2026-05-22T02:43:12,2026-05-22T06:41:12,238,Planned engineering works,severe,Planned engineering works affecting line TW4 (severe severity)
DIS-371222,BLUS,61,2026-04-30T03:16:42,2026-04-30T06:13:42,177,Planned engineering works,medium,Planned engineering works affecting line 61 (medium severity)
DIS-837315,SVCT,207,2026-07-11T13:11:59,2026-07-11T15:58:59,167,Accident on route,high,Accident on route affecting line 207 (high severity)
DIS-583990,SVCT,1,2026-05-07T10:18:37,2026-05-07T12:48:37,150,Severe weather,high,Severe weather affecting line 1 (high severity)
DIS-229752,WDBC,m1,2026-05-07T22:59:05,2026-05-08T00:08:05,69,Severe weather,low,Severe weather affecting line m1 (low severity)
DIS-601990,SVCT,201,2026-04-25T06:01:16,2026-04-25T07:17:16,76,Roadworks,severe,Roadworks affecting line 201 (severe severity)
DIS-552175,WDBC,22,2026-07-07T13:35:40,2026-07-07T16:22:40,167,Driver shortage,high,Driver shortage affecting line 22 (high severity)
DIS-525738,BLUS,5,2026-05-05T19:34:35,2026-05-05T23:00:35,206,Road closure,high,Road closure affecting line 5 (high severity)
DIS-232286,SVCT,3,2026-04-29T12:51:49,2026-04-29T16:50:49,239,Vehicle breakdown,high,Vehicle breakdown affecting line 3 (high severity)
DIS-360649,WDBC,50,2026-04-22T13:27:26,2026-04-22T15:14:26,107,Driver shortage,severe,Driver shortage affecting line 50 (severe severity)
DIS-284892,WDBC,744,2026-05-11T01:05:24,2026-05-11T04:55:24,230,Vehicle breakdown,low,Vehicle breakdown affecting line 744 (low severity)
DIS-982496,SVCT,68,2026-05-21T14:08:20,2026-05-21T15:10:20,62,Road closure,low,Road closure affecting line 68 (low severity)
DIS-856661,SVCT,6,2026-04-25T14:57:03,2026-04-25T16:57:03,120,Driver shortage,severe,Driver shortage affecting line 6 (severe severity)
DIS-545909,DAMY,1,2026-06-09T03:50:09,2026-06-09T04:10:09,20,Traffic congestion,medium,Traffic congestion affecting line 1 (medium severity)
DIS-565454,SVCT,2,2026-05-04T03:12:10,2026-05-04T06:47:10,215,Road closure,medium,Road closure affecting line 2 (medium severity)
DIS-121769,SQ,TW1,2026-04-27T13:56:23,2026-04-27T15:36:23,100,Accident on route,high,Accident on route affecting line TW1 (high severity)
DIS-768978,DAMY,20,2026-06-15T17:05:02,2026-06-15T18:28:02,83,Severe weather,high,Severe weather affecting line 20 (high severity)
DIS-986569,DAMY,CR7,2026-06-11T20:03:15,2026-06-11T21:13:15,70,Traffic congestion,high,Traffic congestion affecting line CR7 (high severity)
DIS-997307,UNIL,U1C,2026-07-01T20:49:31,2026-07-01T22:03:31,74,Accident on route,medium,Accident on route affecting line U1C (medium severity)
DIS-726583,SWWD,R2,2026-06-13T19:22:52,2026-06-13T21:07:52,105,Driver shortage,medium,Driver shortage affecting line R2 (medium severity)
DIS-262639,BLUS,16,2026-06-08T05:37:24,2026-06-08T08:41:24,184,Vehicle breakdown,low,Vehicle breakdown affecting line 16 (low severity)
DIS-513721,SWWD,987,2026-07-16T15:02:58,2026-07-16T17:49:58,167,Vehicle breakdown,high,Vehicle breakdown affecting line 987 (high severity)
DIS-256376,WDBC,1B,2026-06-27T20:39:26,2026-06-27T21:00:26,21,Vehicle breakdown,high,Vehicle breakdown affecting line 1B (high severity)
DIS-681036,TDTR,2,2026-07-18T22:44:35,2026-07-19T00:42:35,118,Planned engineering works,medium,Planned engineering works affecting line 2 (medium severity)
DIS-510822,UNIL,U2C,2026-06-09T01:30:30,2026-06-09T03:21:30,111,Severe weather,medium,Severe weather affecting line U2C (medium severity)
DIS-605427,SVCT,211,2026-07-05T00:33:19,2026-07-05T02:11:19,98,Diversion,severe,Diversion affecting line 211 (severe severity)
DIS-141317,SQ,DEAD,2026-07-12T11:44:50,2026-07-12T15:11:50,207,Severe weather,high,Severe weather affecting line DEAD (high severity)
DIS-231369,SWWD,D3,2026-06-24T13:40:42,2026-06-24T17:26:42,226,Driver shortage,severe,Driver shortage affecting line D3 (severe severity)
DIS-707340,DAMY,CR7,2026-06-14T00:52:26,2026-06-14T04:28:26,216,Accident on route,severe,Accident on route affecting line CR7 (severe severity)
DIS-662638,SVCT,206,2026-04-25T19:50:52,2026-04-25T23:14:52,204,Road closure,low,Road closure affecting line 206 (low severity)
DIS-305823,DAMY,1,2026-05-15T06:16:12,2026-05-15T08:45:12,149,Vehicle breakdown,high,Vehicle breakdown affecting line 1 (high severity)
DIS-921122,SVCT,1,2026-05-10T01:41:12,2026-05-10T04:13:12,152,Traffic congestion,high,Traffic congestion affecting line 1 (high severity)
DIS-765743,SQ,TW1,2026-05-11T17:29:35,2026-05-11T18:55:35,86,Road closure,high,Road closure affecting line TW1 (high severity)
DIS-568074,BLUS,13,2026-06-06T07:39:20,2026-06-06T11:24:20,225,Vehicle breakdown,high,Vehicle breakdown affecting line 13 (high severity)
DIS-491529,TDTR,21,2026-07-03T23:38:00,2026-07-04T01:45:00,127,Vehicle breakdown,severe,Vehicle breakdown affecting line 21 (severe severity)
DIS-978412,TDTR,120,2026-05-01T09:10:46,2026-05-01T10:29:46,79,Traffic congestion,low,Traffic congestion affecting line 120 (low severity)
DIS-826479,BLUS,1,2026-07-05T04:23:30,2026-07-05T08:11:30,228,Vehicle breakdown,medium,Vehicle breakdown affecting line 1 (medium severity)
DIS-228467,SVCT,8,2026-07-19T06:55:31,2026-07-19T08:20:31,85,Road closure,low,Road closure affecting line 8 (low severity)
DIS-670753,WDBC,C,2026-07-12T04:04:11,2026-07-12T04:33:11,29,Planned engineering works,high,Planned engineering works affecting line C (high severity)
DIS-878643,SWWD,908,2026-06-22T18:32:23,2026-06-22T20:55:23,143,Road closure,medium,Road closure affecting line 908 (medium severity)
DIS-800771,WDBC,60,2026-06-14T00:48:28,2026-06-14T04:43:28,235,Vehicle breakdown,high,Vehicle breakdown affecting line 60 (high severity)
DIS-335296,SWWD,R12,2026-06-22T03:58:50,2026-06-22T07:47:50,229,Accident on route,medium,Accident on route affecting line R12 (medium severity)
DIS-797935,SVCT,211,2026-06-26T06:59:20,2026-06-26T10:58:20,239,Driver shortage,medium,Driver shortage affecting line 211 (medium severity)
DIS-631310,SWWD,66,2026-05-02T07:32:04,2026-05-02T07:51:04,19,Roadworks,medium,Roadworks affecting line 66 (medium severity)
DIS-481446,BLUS,N18,2026-06-16T16:33:34,2026-06-16T19:36:34,183,Driver shortage,low,Driver shortage affecting line N18 (low severity)
DIS-959855,TDTR,154,2026-04-21T07:53:46,2026-04-21T11:43:46,230,Severe weather,high,Severe weather affecting line 154 (high severity)
DIS-771558,SWWD,906,2026-05-19T09:13:39,2026-05-19T11:20:39,127,Severe weather,high,Severe weather affecting line 906 (high severity)
DIS-613795,WDBC,30,2026-07-07T15:37:33,2026-07-07T19:03:33,206,Vehicle breakdown,low,Vehicle breakdown affecting line 30 (low severity)
DIS-548980,SVCT,TDB,2026-05-03T12:41:05,2026-05-03T14:10:05,89,Traffic congestion,medium,Traffic congestion affecting line TDB (medium severity)
DIS-825731,WDBC,941,2026-06-04T21:54:04,2026-06-04T22:17:04,23,Traffic congestion,low,Traffic congestion affecting line 941 (low severity)
DIS-132685,SVCT,TNB,2026-05-06T12:25:54,2026-05-06T13:47:54,82,Roadworks,low,Roadworks affecting line TNB (low severity)
DIS-195030,BLUS,15,2026-07-18T08:41:31,2026-07-18T11:06:31,145,Accident on route,severe,Accident on route affecting line 15 (severe severity)
DIS-666969,WDBC,20,2026-07-16T15:41:15,2026-07-16T16:57:15,76,Road closure,severe,Road closure affecting line 20 (severe severity)
DIS-370365,BLUS,538,2026-05-19T15:10:48,2026-05-19T17:26:48,136,Planned engineering works,high,Planned engineering works affecting line 538 (high severity)
DIS-682214,BLUS,23,2026-07-16T04:32:52,2026-07-16T06:27:52,115,Planned engineering works,severe,Planned engineering works affecting line 23 (severe severity)
DIS-254106,SQ,TB1,2026-04-28T12:21:27,2026-04-28T14:05:27,104,Road closure,high,Road closure affecting line TB1 (high severity)
DIS-361485,WDBC,Q1,2026-06-30T19:15:09,2026-06-30T22:51:09,216,Roadworks,medium,Roadworks affecting line Q1 (medium severity)
DIS-126388,WDBC,X3,2026-05-05T23:38:47,2026-05-06T02:15:47,157,Road closure,medium,Road closure affecting line X3 (medium severity)
DIS-751304,DAMY,5,2026-05-12T11:53:00,2026-05-12T15:04:00,191,Driver shortage,low,Driver shortage affecting line 5 (low severity)
DIS-564685,BLUS,20,2026-07-08T13:43:16,2026-07-08T15:45:16,122,Road closure,medium,Road closure affecting line 20 (medium severity)
DIS-824366,WDBC,C,2026-05-22T14:20:06,2026-05-22T14:33:06,13,Roadworks,medium,Roadworks affecting line C (medium severity)
DIS-118598,TDTR,R23,2026-05-17T22:49:16,2026-05-18T00:34:16,105,Diversion,low,Diversion affecting line R23 (low severity)
DIS-534209,SVCT,1,2026-06-07T14:21:49,2026-06-07T15:41:49,80,Driver shortage,medium,Driver shortage affecting line 1 (medium severity)
DIS-203174,SWWD,966,2026-07-04T03:21:45,2026-07-04T04:22:45,61,Road closure,low,Road closure affecting line 966 (low severity)
DIS-369953,BLUS,18,2026-04-26T21:26:01,2026-04-26T23:16:01,110,Vehicle breakdown,severe,Vehicle breakdown affecting line 18 (severe severity)
DIS-629806,SWWD,PVDRT,2026-04-21T21:34:49,2026-04-22T01:22:49,228,Diversion,severe,Diversion affecting line PVDRT (severe severity)
DIS-897361,TDTR,1A,2026-05-07T14:05:06,2026-05-07T18:03:06,238,Severe weather,low,Severe weather affecting line 1A (low severity)
DIS-697167,BLUS,5,2026-05-22T22:30:13,2026-05-23T00:54:13,144,Traffic congestion,high,Traffic congestion affecting line 5 (high severity)
DIS-310247,TDTR,17,2026-05-23T21:55:10,2026-05-23T23:40:10,105,Planned engineering works,severe,Planned engineering works affecting line 17 (severe severity)
DIS-837449,DAMY,CR7,2026-05-22T01:14:38,2026-05-22T04:32:38,198,Diversion,low,Diversion affecting line CR7 (low severity)
DIS-833816,SWWD,2A,2026-07-19T21:31:48,2026-07-19T23:22:48,111,Planned engineering works,high,Planned engineering works affecting line 2A (high severity)
DIS-996860,WDBC,16,2026-07-19T14:28:46,2026-07-19T14:38:46,10,Diversion,severe,Diversion affecting line 16 (severe severity)
DIS-705633,WDBC,NFB,2026-04-21T00:32:44,2026-04-21T04:05:44,213,Severe weather,low,Severe weather affecting line NFB (low severity)
DIS-436438,SVCT,201,2026-06-08T20:16:27,2026-06-08T20:47:27,31,Vehicle breakdown,medium,Vehicle breakdown affecting line 201 (medium severity)
DIS-825157,TDTR,156,2026-04-22T11:32:43,2026-04-22T14:20:43,168,Vehicle breakdown,medium,Vehicle breakdown affecting line 156 (medium severity)
DIS-101096,SWWD,927,2026-05-20T21:50:11,2026-05-20T23:43:11,113,Vehicle breakdown,severe,Vehicle breakdown affecting line 927 (severe severity)
DIS-182101,SWWD,978,2026-06-30T00:19:52,2026-06-30T02:19:52,120,Road closure,severe,Road closure affecting line 978 (severe severity)
DIS-373034,WDBC,13A,2026-06-14T00:40:42,2026-06-14T01:25:42,45,Driver shortage,severe,Driver shortage affecting line 13A (severe severity)
DIS-836793,BLUS,18,2026-07-04T02:24:58,2026-07-04T05:38:58,194,Planned engineering works,severe,Planned engineering works affecting line 18 (severe severity)
DIS-414406,WDBC,60,2026-06-07T22:36:28,2026-06-08T00:31:28,115,Driver shortage,medium,Driver shortage affecting line 60 (medium severity)
DIS-322439,BLUS,5,2026-04-25T11:14:04,2026-04-25T14:58:04,224,Driver shortage,high,Driver shortage affecting line 5 (high severity)
DIS-186136,SVCT,212,2026-05-22T10:00:30,2026-05-22T13:27:30,207,Planned engineering works,low,Planned engineering works affecting line 212 (low severity)
DIS-884095,SWWD,907,2026-06-05T13:45:50,2026-06-05T17:30:50,225,Diversion,severe,Diversion affecting line 907 (severe severity)
DIS-584221,WDBC,B,2026-07-18T04:46:21,2026-07-18T07:23:21,157,Vehicle breakdown,high,Vehicle breakdown affecting line B (high severity)
DIS-674853,WDBC,32,2026-05-15T09:01:02,2026-05-15T11:55:02,174,Road closure,medium,Road closure affecting line 32 (medium severity)
DIS-796771,WDBC,L5,2026-05-20T05:57:33,2026-05-20T06:42:33,45,Accident on route,severe,Accident on route affecting line L5 (severe severity)
DIS-130136,WDBC,1B,2026-06-21T19:15:43,2026-06-21T20:08:43,53,Roadworks,medium,Roadworks affecting line 1B (medium severity)
DIS-877794,SVCT,TSS,2026-06-05T11:03:12,2026-06-05T12:22:12,79,Diversion,severe,Diversion affecting line TSS (severe severity)
DIS-286359,WDBC,737,2026-07-10T11:37:46,2026-07-10T13:20:46,103,Diversion,low,Diversion affecting line 737 (low severity)
DIS-883365,WDBC,775,2026-07-05T10:18:36,2026-07-05T11:16:36,58,Traffic congestion,high,Traffic congestion affecting line 775 (high severity)
DIS-202896,WDBC,120,2026-06-22T14:18:43,2026-06-22T15:51:43,93,Planned engineering works,low,Planned engineering works affecting line 120 (low severity)
DIS-859093,DAMY,CR9,2026-07-05T18:16:44,2026-07-05T20:15:44,119,Vehicle breakdown,medium,Vehicle breakdown affecting line CR9 (medium severity)
DIS-458130,SWWD,X4,2026-06-22T23:20:57,2026-06-23T00:10:57,50,Vehicle breakdown,severe,Vehicle breakdown affecting line X4 (severe severity)
DIS-490494,SWWD,PR15,2026-04-30T19:01:16,2026-04-30T20:27:16,86,Vehicle breakdown,medium,Vehicle breakdown affecting line PR15 (medium severity)
DIS-379326,BLUS,10,2026-06-14T05:21:22,2026-06-14T06:00:22,39,Roadworks,high,Roadworks affecting line 10 (high severity)
DIS-546251,SWWD,101,2026-05-19T02:37:07,2026-05-19T03:07:07,30,Severe weather,high,Severe weather affecting line 101 (high severity)
DIS-564481,TDTR,15,2026-05-08T16:18:21,2026-05-08T16:56:21,38,Severe weather,low,Severe weather affecting line 15 (low severity)
DIS-536312,DAMY,20,2026-06-28T22:18:33,2026-06-28T22:38:33,20,Accident on route,high,Accident on route affecting line 20 (high severity)
DIS-416600,BLUS,24,2026-04-29T08:20:26,2026-04-29T08:38:26,18,Vehicle breakdown,high,Vehicle breakdown affecting line 24 (high severity)
DIS-253961,TDTR,80,2026-07-09T02:43:15,2026-07-09T06:12:15,209,Traffic congestion,low,Traffic congestion affecting line 80 (low severity)
DIS-289216,SQ,DEAD,2026-06-20T12:18:08,2026-06-20T13:29:08,71,Planned engineering works,medium,Planned engineering works affecting line DEAD (medium severity)
DIS-120751,TDTR,1A,2026-04-27T17:07:37,2026-04-27T17:44:37,37,Roadworks,low,Roadworks affecting line 1A (low severity)
DIS-276404,SWWD,R5,2026-06-30T19:19:23,2026-06-30T21:25:23,126,Planned engineering works,severe,Planned engineering works affecting line R5 (severe severity)
DIS-583928,WDBC,m1,2026-05-04T15:29:22,2026-05-04T19:16:22,227,Diversion,high,Diversion affecting line m1 (high severity)
DIS-275685,BLUS,PRH,2026-06-16T14:22:41,2026-06-16T14:59:41,37,Vehicle breakdown,low,Vehicle breakdown affecting line PRH (low severity)
DIS-784113,SWWD,PR15,2026-07-13T03:07:11,2026-07-13T04:17:11,70,Planned engineering works,medium,Planned engineering works affecting line PR15 (medium severity)
DIS-655105,SWWD,PVDRT,2026-06-09T14:17:21,2026-06-09T16:28:21,131,Vehicle breakdown,medium,Vehicle breakdown affecting line PVDRT (medium severity)
DIS-922731,DAMY,5,2026-05-10T18:26:26,2026-05-10T21:50:26,204,Severe weather,high,Severe weather affecting line 5 (high severity)
DIS-797520,SWWD,26,2026-07-01T17:18:45,2026-07-01T18:29:45,71,Roadworks,severe,Roadworks affecting line 26 (severe severity)
DIS-259636,WDBC,30,2026-05-02T03:57:46,2026-05-02T05:26:46,89,Roadworks,low,Roadworks affecting line 30 (low severity)
DIS-738954,TDTR,SSS,2026-07-13T15:18:47,2026-07-13T17:34:47,136,Road closure,high,Road closure affecting line SSS (high severity)
DIS-127491,SWWD,PR11,2026-05-26T11:55:14,2026-05-26T14:08:14,133,Planned engineering works,severe,Planned engineering works affecting line PR11 (severe severity)
DIS-104791,SQ,TW2,2026-06-17T12:59:18,2026-06-17T14:09:18,70,Accident on route,low,Accident on route affecting line TW2 (low severity)
DIS-925101,SWWD,926,2026-07-06T05:22:08,2026-07-06T07:00:08,98,Driver shortage,medium,Driver shortage affecting line 926 (medium severity)
DIS-681949,SWWD,937,2026-04-28T18:04:39,2026-04-28T19:10:39,66,Road closure,high,Road closure affecting line 937 (high severity)
DIS-677410,BLUS,PR1,2026-06-22T21:37:38,2026-06-23T00:16:38,159,Accident on route,severe,Accident on route affecting line PR1 (severe severity)
DIS-418329,SWWD,D3,2026-06-17T03:40:00,2026-06-17T04:35:00,55,Road closure,low,Road closure affecting line D3 (low severity)
DIS-856219,BLUS,19a,2026-06-09T00:46:33,2026-06-09T01:21:33,35,Vehicle breakdown,high,Vehicle breakdown affecting line 19a (high severity)
DIS-901731,WDBC,119,2026-05-29T20:43:23,2026-05-30T00:22:23,219,Accident on route,severe,Accident on route affecting line 119 (severe severity)
DIS-176271,SQ,DEAD,2026-05-11T02:09:34,2026-05-11T03:33:34,84,Severe weather,severe,Severe weather affecting line DEAD (severe severity)
DIS-544989,SVCT,22,2026-07-02T16:17:31,2026-07-02T19:58:31,221,Planned engineering works,severe,Planned engineering works affecting line 22 (severe severity)
DIS-580311,SVCT,214,2026-06-23T19:22:02,2026-06-23T20:54:02,92,Traffic congestion,low,Traffic congestion affecting line 214 (low severity)
DIS-885945,WDBC,112,2026-04-23T05:02:40,2026-04-23T06:19:40,77,Diversion,medium,Diversion affecting line 112 (medium severity)
DIS-367597,BLUS,10,2026-06-17T21:37:27,2026-06-18T01:11:27,214,Diversion,medium,Diversion affecting line 10 (medium severity)
DIS-565893,TDTR,158,2026-06-13T10:33:29,2026-06-13T13:08:29,155,Accident on route,high,Accident on route affecting line 158 (high severity)
DIS-418820,BLUS,8,2026-06-13T14:49:04,2026-06-13T17:26:04,157,Severe weather,medium,Severe weather affecting line 8 (medium severity)
DIS-837501,SWWD,37,2026-05-07T09:09:32,2026-05-07T11:05:32,116,Diversion,high,Diversion affecting line 37 (high severity)
DIS-921549,SWWD,X2,2026-05-20T18:14:25,2026-05-20T20:03:25,109,Traffic congestion,severe,Traffic congestion affecting line X2 (severe severity)
DIS-358845,WDBC,16,2026-07-01T16:44:41,2026-07-01T17:44:41,60,Road closure,high,Road closure affecting line 16 (high severity)
DIS-699034,UNIL,U2C,2026-06-12T10:44:54,2026-06-12T13:18:54,154,Roadworks,severe,Roadworks affecting line U2C (severe severity)
DIS-302025,WDBC,940,2026-05-12T17:19:30,2026-05-12T19:40:30,141,Roadworks,severe,Roadworks affecting line 940 (severe severity)
DIS-800846,SWWD,TPDRT,2026-07-03T00:42:39,2026-07-03T01:55:39,73,Roadworks,severe,Roadworks affecting line TPDRT (severe severity)
DIS-645912,SWWD,PVDRT,2026-07-20T05:11:19,2026-07-20T08:52:19,221,Traffic congestion,low,Traffic congestion affecting line PVDRT (low severity)
DIS-682182,SVCT,211,2026-04-24T03:14:41,2026-04-24T06:49:41,215,Severe weather,medium,Severe weather affecting line 211 (medium severity)
DIS-686515,UNIL,U6H,2026-05-29T23:08:59,2026-05-30T02:37:59,209,Diversion,high,Diversion affecting line U6H (high severity)
DIS-980140,WDBC,RG2,2026-07-02T06:02:50,2026-07-02T06:30:50,28,Road closure,high,Road closure affecting line RG2 (high severity)
DIS-753645,WDBC,7A,2026-05-18T10:22:40,2026-05-18T10:38:40,16,Planned engineering works,severe,Planned engineering works affecting line 7A (severe severity)
DIS-375964,SWWD,TPDRT,2026-06-16T10:09:58,2026-06-16T13:19:58,190,Driver shortage,low,Driver shortage affecting line TPDRT (low severity)
DIS-261286,WDBC,NFR,2026-06-20T23:07:57,2026-06-21T02:50:57,223,Vehicle breakdown,high,Vehicle breakdown affecting line NFR (high severity)
DIS-949578,TDTR,9,2026-05-28T15:51:54,2026-05-28T16:55:54,64,Diversion,medium,Diversion affecting line 9 (medium severity)
DIS-502877,WDBC,Q1,2026-07-05T04:37:51,2026-07-05T05:20:51,43,Driver shortage,severe,Driver shortage affecting line Q1 (severe severity)
DIS-524954,SWWD,R8,2026-05-26T13:04:14,2026-05-26T16:16:14,192,Driver shortage,severe,Driver shortage affecting line R8 (severe severity)
DIS-352757,BLUS,NFG,2026-04-21T12:32:54,2026-04-21T16:19:54,227,Accident on route,high,Accident on route affecting line NFG (high severity)
DIS-638571,SVCT,37,2026-05-18T10:16:35,2026-05-18T12:17:35,121,Severe weather,high,Severe weather affecting line 37 (high severity)
DIS-313998,SVCT,TNB,2026-07-20T04:19:01,2026-07-20T08:15:01,236,Planned engineering works,low,Planned engineering works affecting line TNB (low severity)
DIS-305296,WDBC,1B,2026-07-19T15:02:42,2026-07-19T18:44:42,222,Vehicle breakdown,severe,Vehicle breakdown affecting line 1B (severe severity)
DIS-171120,WDBC,13A,2026-07-02T06:11:16,2026-07-02T06:31:16,20,Severe weather,severe,Severe weather affecting line 13A (severe severity)
DIS-815967,SWWD,PR9,2026-07-10T20:54:01,2026-07-10T23:43:01,169,Traffic congestion,severe,Traffic congestion affecting line PR9 (severe severity)
DIS-301592,DAMY,6,2026-05-11T06:54:13,2026-05-11T07:18:13,24,Planned engineering works,high,Planned engineering works affecting line 6 (high severity)
DIS-422925,TDTR,155,2026-06-16T07:16:07,2026-06-16T08:44:07,88,Road closure,high,Road closure affecting line 155 (high severity)
DIS-294898,SVCT,12,2026-06-30T15:55:14,2026-06-30T19:32:14,217,Planned engineering works,severe,Planned engineering works affecting line 12 (severe severity)
DIS-961448,WDBC,L3,2026-05-23T09:11:29,2026-05-23T10:13:29,62,Diversion,low,Diversion affecting line L3 (low severity)
DIS-662017,WDBC,L3,2026-05-23T11:54:41,2026-05-23T13:15:41,81,Severe weather,high,Severe weather affecting line L3 (high severity)
DIS-219975,SVCT,TNB,2026-05-15T21:26:02,2026-05-15T23:10:02,104,Planned engineering works,high,Planned engineering works affecting line TNB (high severity)
DIS-180082,SWWD,R1,2026-06-01T19:31:35,2026-06-01T23:17:35,226,Driver shortage,low,Driver shortage affecting line R1 (low severity)
DIS-370513,WDBC,40,2026-06-30T22:57:22,2026-07-01T01:45:22,168,Roadworks,medium,Roadworks affecting line 40 (medium severity)
DIS-746654,WDBC,8,2026-06-14T05:27:52,2026-06-14T05:40:52,13,Severe weather,severe,Severe weather affecting line 8 (severe severity)
DIS-179024,SWWD,908,2026-07-12T10:21:58,2026-07-12T13:59:58,218,Traffic congestion,medium,Traffic congestion affecting line 908 (medium severity)
DIS-787714,SVCT,2,2026-06-10T16:56:21,2026-06-10T20:19:21,203,Roadworks,high,Roadworks affecting line 2 (high severity)
DIS-904958,WDBC,10,2026-04-25T07:36:01,2026-04-25T10:06:01,150,Traffic congestion,high,Traffic congestion affecting line 10 (high severity)
DIS-943535,WDBC,1C,2026-05-29T13:22:59,2026-05-29T15:52:59,150,Roadworks,severe,Roadworks affecting line 1C (severe severity)
DIS-542450,SVCT,204,2026-07-12T09:55:25,2026-07-12T12:51:25,176,Accident on route,severe,Accident on route affecting line 204 (severe severity)
DIS-106605,SWWD,937,2026-05-21T19:01:59,2026-05-21T19:13:59,12,Driver shortage,medium,Driver shortage affecting line 937 (medium severity)
DIS-620777,TDTR,48A,2026-05-30T19:02:30,2026-05-30T22:34:30,212,Planned engineering works,high,Planned engineering works affecting line 48A (high severity)
DIS-340070,DAMY,6,2026-05-26T04:28:01,2026-05-26T05:28:01,60,Vehicle breakdown,low,Vehicle breakdown affecting line 6 (low severity)
DIS-266221,WDBC,3x,2026-05-24T05:09:43,2026-05-24T08:43:43,214,Road closure,severe,Road closure affecting line 3x (severe severity)
DIS-115028,WDBC,U1,2026-06-27T05:37:39,2026-06-27T06:53:39,76,Planned engineering works,low,Planned engineering works affecting line U1 (low severity)
DIS-196957,SVCT,212,2026-06-13T19:27:36,2026-06-13T21:06:36,99,Traffic congestion,low,Traffic congestion affecting line 212 (low severity)
DIS-177307,WDBC,7B,2026-07-03T22:01:39,2026-07-04T01:02:39,181,Traffic congestion,severe,Traffic congestion affecting line 7B (severe severity)
DIS-225680,WDBC,1A,2026-06-10T07:31:06,2026-06-10T10:17:06,166,Road closure,high,Road closure affecting line 1A (high severity)
DIS-503347,SWWD,R1,2026-07-14T18:40:16,2026-07-14T22:23:16,223,Vehicle breakdown,high,Vehicle breakdown affecting line R1 (high severity)
DIS-503801,UNIL,U6C,2026-07-07T03:03:04,2026-07-07T03:57:04,54,Traffic congestion,severe,Traffic congestion affecting line U6C (severe severity)
DIS-453084,WDBC,24,2026-06-20T05:18:18,2026-06-20T07:39:18,141,Accident on route,low,Accident on route affecting line 24 (low severity)
DIS-579651,SWWD,PR9,2026-04-21T19:48:05,2026-04-21T22:14:05,146,Traffic congestion,low,Traffic congestion affecting line PR9 (low severity)
DIS-716185,WDBC,1A,2026-05-21T19:46:14,2026-05-21T21:22:14,96,Driver shortage,severe,Driver shortage affecting line 1A (severe severity)
DIS-658622,SVCT,7,2026-06-09T22:08:48,2026-06-10T01:59:48,231,Accident on route,medium,Accident on route affecting line 7 (medium severity)
DIS-142563,SWWD,R1,2026-04-29T00:53:15,2026-04-29T01:32:15,39,Road closure,high,Road closure affecting line R1 (high severity)
DIS-367094,SQ,DEAD,2026-07-18T09:15:16,2026-07-18T10:27:16,72,Planned engineering works,medium,Planned engineering works affecting line DEAD (medium severity)
DIS-674665,SVCT,12,2026-06-20T23:17:10,2026-06-21T00:20:10,63,Accident on route,high,Accident on route affecting line 12 (high severity)
DIS-211005,SWWD,X7R,2026-07-18T02:19:29,2026-07-18T04:18:29,119,Roadworks,low,Roadworks affecting line X7R (low severity)
DIS-917319,BLUS,539,2026-05-05T11:55:29,2026-05-05T12:11:29,16,Roadworks,high,Roadworks affecting line 539 (high severity)
DIS-258467,SWWD,927,2026-07-15T14:30:25,2026-07-15T17:28:25,178,Planned engineering works,low,Planned engineering works affecting line 927 (low severity)
DIS-791482,SWWD,PD3,2026-05-15T20:09:48,2026-05-15T23:44:48,215,Traffic congestion,low,Traffic congestion affecting line PD3 (low severity)
DIS-490555,WDBC,13,2026-05-25T21:08:44,2026-05-26T00:57:44,229,Vehicle breakdown,high,Vehicle breakdown affecting line 13 (high severity)
DIS-829601,TDTR,1,2026-06-04T06:21:26,2026-06-04T08:33:26,132,Planned engineering works,low,Planned engineering works affecting line 1 (low severity)
DIS-835899,SQ,TW1,2026-05-25T11:01:22,2026-05-25T11:28:22,27,Vehicle breakdown,severe,Vehicle breakdown affecting line TW1 (severe severity)
DIS-409261,TDTR,120,2026-05-24T19:52:13,2026-05-24T21:31:13,99,Planned engineering works,medium,Planned engineering works affecting line 120 (medium severity)
DIS-948894,WDBC,C,2026-06-08T09:38:50,2026-06-08T11:12:50,94,Roadworks,severe,Roadworks affecting line C (severe severity)
DIS-653939,WDBC,193,2026-07-05T10:49:19,2026-07-05T11:07:19,18,Road closure,high,Road closure affecting line 193 (high severity)
DIS-111411,SQ,TW2,2026-06-14T20:13:23,2026-06-14T21:16:23,63,Roadworks,low,Roadworks affecting line TW2 (low severity)
DIS-718267,BLUS,61,2026-05-03T06:09:13,2026-05-03T08:27:13,138,Accident on route,severe,Accident on route affecting line 61 (severe severity)
DIS-923361,WDBC,C,2026-05-29T06:29:36,2026-05-29T09:26:36,177,Planned engineering works,high,Planned engineering works affecting line C (high severity)
DIS-674622,SWWD,625,2026-06-13T01:42:30,2026-06-13T04:39:30,177,Roadworks,low,Roadworks affecting line 625 (low severity)
DIS-449877,SVCT,213,2026-05-19T12:52:06,2026-05-19T15:32:06,160,Diversion,high,Diversion affecting line 213 (high severity)
DIS-990813,WDBC,20,2026-05-13T22:37:26,2026-05-14T02:20:26,223,Road closure,low,Road closure affecting line 20 (low severity)
DIS-967870,BLUS,635,2026-06-13T01:12:07,2026-06-13T01:23:07,11,Roadworks,low,Roadworks affecting line 635 (low severity)
DIS-502269,WDBC,17,2026-06-17T00:48:13,2026-06-17T01:05:13,17,Road closure,high,Road closure affecting line 17 (high severity)
DIS-174501,WDBC,X3,2026-07-13T13:39:55,2026-07-13T17:10:55,211,Diversion,medium,Diversion affecting line X3 (medium severity)
DIS-617268,BLUS,10,2026-04-30T09:24:35,2026-04-30T11:01:35,97,Driver shortage,low,Driver shortage affecting line 10 (low severity)
DIS-150714,BLUS,19,2026-06-09T08:49:06,2026-06-09T11:42:06,173,Severe weather,high,Severe weather affecting line 19 (high severity)
DIS-132314,BLUS,PR1,2026-06-09T00:07:06,2026-06-09T03:35:06,208,Vehicle breakdown,severe,Vehicle breakdown affecting line PR1 (severe severity)
DIS-592961,TDTR,842,2026-07-08T12:02:24,2026-07-08T13:10:24,68,Accident on route,severe,Accident on route affecting line 842 (severe severity)
DIS-612262,TDTR,NW2,2026-05-10T20:10:12,2026-05-10T22:07:12,117,Traffic congestion,medium,Traffic congestion affecting line NW2 (medium severity)
DIS-259910,SQ,TM1,2026-05-06T12:50:56,2026-05-06T15:26:56,156,Accident on route,severe,Accident on route affecting line TM1 (severe severity)
DIS-835288,UNIL,U2B,2026-05-17T07:51:25,2026-05-17T11:43:25,232,Accident on route,low,Accident on route affecting line U2B (low severity)
DIS-958494,WDBC,7B,2026-06-25T20:42:53,2026-06-26T00:28:53,226,Driver shortage,low,Driver shortage affecting line 7B (low severity)
DIS-879206,WDBC,18,2026-06-27T23:47:02,2026-06-28T00:00:02,13,Road closure,high,Road closure affecting line 18 (high severity)
DIS-990514,WDBC,60,2026-07-08T23:35:36,2026-07-09T01:53:36,138,Accident on route,medium,Accident on route affecting line 60 (medium severity)
DIS-554585,BLUS,20,2026-06-08T19:25:38,2026-06-08T20:46:38,81,Severe weather,low,Severe weather affecting line 20 (low severity)
DIS-801900,WDBC,744,2026-06-02T06:36:36,2026-06-02T07:44:36,68,Planned engineering works,low,Planned engineering works affecting line 744 (low severity)
DIS-851431,SQ,TM1,2026-06-26T22:01:12,2026-06-26T23:26:12,85,Severe weather,severe,Severe weather affecting line TM1 (severe severity)
DIS-389752,UNIL,U6C,2026-07-12T20:07:06,2026-07-12T20:47:06,40,Driver shortage,high,Driver shortage affecting line U6C (high severity)
DIS-748988,TDTR,11,2026-06-07T11:48:41,2026-06-07T14:09:41,141,Vehicle breakdown,low,Vehicle breakdown affecting line 11 (low severity)
DIS-963393,WDBC,20,2026-05-02T19:02:33,2026-05-02T21:03:33,121,Diversion,low,Diversion affecting line 20 (low severity)
DIS-289800,WDBC,941,2026-06-15T13:14:33,2026-06-15T16:47:33,213,Traffic congestion,severe,Traffic congestion affecting line 941 (severe severity)
DIS-946291,WDBC,31,2026-06-08T19:35:47,2026-06-08T21:30:47,115,Severe weather,high,Severe weather affecting line 31 (high severity)
DIS-519178,WDBC,21,2026-05-13T21:00:29,2026-05-13T21:55:29,55,Diversion,severe,Diversion affecting line 21 (severe severity)
DIS-537854,WDBC,777,2026-06-26T23:43:19,2026-06-27T00:40:19,57,Driver shortage,low,Driver shortage affecting line 777 (low severity)
DIS-226406,TDTR,X76,2026-07-18T10:59:19,2026-07-18T14:25:19,206,Roadworks,low,Roadworks affecting line X76 (low severity)
DIS-826159,SWWD,29,2026-07-10T20:17:00,2026-07-10T23:55:00,218,Diversion,low,Diversion affecting line 29 (low severity)
DIS-517224,WDBC,18,2026-04-28T04:49:53,2026-04-28T07:57:53,188,Severe weather,high,Severe weather affecting line 18 (high severity)
DIS-606111,SWWD,R5,2026-07-06T14:48:34,2026-07-06T17:06:34,138,Road closure,medium,Road closure affecting line R5 (medium severity)
DIS-894458,SVCT,2,2026-05-22T13:10:58,2026-05-22T16:17:58,187,Driver shortage,high,Driver shortage affecting line 2 (high severity)
DIS-627319,BLUS,15,2026-07-08T16:51:02,2026-07-08T19:17:02,146,Vehicle breakdown,high,Vehicle breakdown affecting line 15 (high severity)
DIS-390557,SVCT,37,2026-05-20T15:23:45,2026-05-20T17:57:45,154,Traffic congestion,medium,Traffic congestion affecting line 37 (medium severity)
DIS-361040,WDBC,Q1,2026-04-25T07:26:17,2026-04-25T08:05:17,39,Traffic congestion,severe,Traffic congestion affecting line Q1 (severe severity)
DIS-313128,WDBC,m1,2026-06-06T04:38:11,2026-06-06T05:50:11,72,Driver shortage,low,Driver shortage affecting line m1 (low severity)
DIS-774037,WDBC,941,2026-05-10T22:34:03,2026-05-10T23:49:03,75,Traffic congestion,high,Traffic congestion affecting line 941 (high severity)
DIS-772521,WDBC,32,2026-04-30T02:04:40,2026-04-30T05:54:40,230,Vehicle breakdown,low,Vehicle breakdown affecting line 32 (low severity)
DIS-940610,SWWD,44,2026-05-31T10:13:59,2026-05-31T10:32:59,19,Driver shortage,high,Driver shortage affecting line 44 (high severity)
DIS-707826,BLUS,19,2026-05-29T03:33:54,2026-05-29T06:38:54,185,Diversion,medium,Diversion affecting line 19 (medium severity)
DIS-844818,SVCT,206,2026-07-05T09:45:22,2026-07-05T10:44:22,59,Planned engineering works,high,Planned engineering works affecting line 206 (high severity)
DIS-143667,WDBC,941,2026-05-10T11:31:09,2026-05-10T11:55:09,24,Accident on route,medium,Accident on route affecting line 941 (medium severity)
DIS-807826,BLUS,539,2026-05-17T18:03:40,2026-05-17T20:12:40,129,Severe weather,medium,Severe weather affecting line 539 (medium severity)
DIS-586010,BLUS,538,2026-05-25T09:17:13,2026-05-25T11:09:13,112,Road closure,high,Road closure affecting line 538 (high severity)
DIS-229244,DAMY,X8,2026-06-21T21:49:28,2026-06-21T22:36:28,47,Roadworks,medium,Roadworks affecting line X8 (medium severity)
DIS-691169,BLUS,PR1,2026-06-27T08:13:07,2026-06-27T09:25:07,72,Vehicle breakdown,severe,Vehicle breakdown affecting line PR1 (severe severity)
DIS-342960,TDTR,154,2026-07-07T21:45:25,2026-07-07T22:07:25,22,Road closure,low,Road closure affecting line 154 (low severity)
DIS-861926,TDTR,23,2026-06-26T10:30:14,2026-06-26T12:52:14,142,Vehicle breakdown,low,Vehicle breakdown affecting line 23 (low severity)
DIS-119084,SWWD,650,2026-06-30T20:14:54,2026-06-30T22:25:54,131,Road closure,high,Road closure affecting line 650 (high severity)
DIS-710906,SWWD,X7R,2026-07-16T03:40:26,2026-07-16T05:49:26,129,Roadworks,high,Roadworks affecting line X7R (high severity)
DIS-996581,WDBC,26,2026-04-27T04:06:52,2026-04-27T06:26:52,140,Road closure,high,Road closure affecting line 26 (high severity)
DIS-144927,SQ,TW2,2026-06-26T08:30:30,2026-06-26T10:42:30,132,Vehicle breakdown,severe,Vehicle breakdown affecting line TW2 (severe severity)
DIS-427827,WDBC,40,2026-06-23T01:18:45,2026-06-23T05:02:45,224,Planned engineering works,low,Planned engineering works affecting line 40 (low severity)
DIS-272469,TDTR,5,2026-07-12T07:14:01,2026-07-12T10:14:01,180,Planned engineering works,severe,Planned engineering works affecting line 5 (severe severity)
DIS-906117,BLUS,9,2026-05-08T13:45:03,2026-05-08T13:59:03,14,Planned engineering works,severe,Planned engineering works affecting line 9 (severe severity)
DIS-257212,BLUS,PRH,2026-05-10T07:40:17,2026-05-10T07:56:17,16,Driver shortage,severe,Driver shortage affecting line PRH (severe severity)
DIS-778119,WDBC,26,2026-05-27T19:11:41,2026-05-27T20:19:41,68,Road closure,high,Road closure affecting line 26 (high severity)
DIS-478767,SVCT,3,2026-05-16T01:04:34,2026-05-16T01:43:34,39,Accident on route,medium,Accident on route affecting line 3 (medium severity)
DIS-844839,WDBC,22,2026-07-12T23:49:05,2026-07-13T03:33:05,224,Planned engineering works,medium,Planned engineering works affecting line 22 (medium severity)
DIS-831922,WDBC,35,2026-06-10T16:47:01,2026-06-10T17:01:01,14,Driver shortage,medium,Driver shortage affecting line 35 (medium severity)
DIS-477369,WDBC,18,2026-06-29T04:20:16,2026-06-29T05:58:16,98,Vehicle breakdown,severe,Vehicle breakdown affecting line 18 (severe severity)
DIS-854830,WDBC,U1,2026-07-15T22:19:09,2026-07-15T22:41:09,22,Diversion,high,Diversion affecting line U1 (high severity)
DIS-667447,WDBC,898,2026-07-09T01:18:28,2026-07-09T05:03:28,225,Accident on route,medium,Accident on route affecting line 898 (medium severity)
DIS-201140,SVCT,201,2026-07-16T02:52:20,2026-07-16T05:20:20,148,Driver shortage,medium,Driver shortage affecting line 201 (medium severity)
DIS-272288,WDBC,119,2026-06-03T16:04:51,2026-06-03T18:44:51,160,Roadworks,severe,Roadworks affecting line 119 (severe severity)
DIS-675533,SQ,TW1,2026-07-04T10:13:34,2026-07-04T14:08:34,235,Road closure,low,Road closure affecting line TW1 (low severity)
DIS-304599,BLUS,7,2026-05-31T22:10:02,2026-06-01T00:48:02,158,Diversion,low,Diversion affecting line 7 (low severity)
DIS-227369,WDBC,10,2026-07-10T02:52:59,2026-07-10T05:41:59,169,Roadworks,low,Roadworks affecting line 10 (low severity)
DIS-979287,SVCT,209,2026-06-27T10:36:49,2026-06-27T13:54:49,198,Driver shortage,low,Driver shortage affecting line 209 (low severity)
DIS-110485,BLUS,7,2026-06-03T08:25:54,2026-06-03T11:15:54,170,Roadworks,low,Roadworks affecting line 7 (low severity)
DIS-255315,SWWD,29,2026-06-03T15:30:41,2026-06-03T16:44:41,74,Accident on route,high,Accident on route affecting line 29 (high severity)
DIS-631121,SWWD,R2,2026-07-08T13:51:15,2026-07-08T15:16:15,85,Severe weather,low,Severe weather affecting line R2 (low severity)
DIS-784745,SVCT,200,2026-07-17T17:38:35,2026-07-17T21:31:35,233,Vehicle breakdown,high,Vehicle breakdown affecting line 200 (high severity)
DIS-430143,WDBC,38,2026-05-23T09:39:31,2026-05-23T12:20:31,161,Vehicle breakdown,high,Vehicle breakdown affecting line 38 (high severity)
DIS-797014,SVCT,12,2026-07-04T20:02:57,2026-07-04T20:21:57,19,Traffic congestion,medium,Traffic congestion affecting line 12 (medium severity)
DIS-708804,BLUS,14,2026-05-08T09:59:14,2026-05-08T11:34:14,95,Vehicle breakdown,medium,Vehicle breakdown affecting line 14 (medium severity)
DIS-780460,TDTR,14,2026-06-24T11:03:20,2026-06-24T13:33:20,150,Diversion,severe,Diversion affecting line 14 (severe severity)
DIS-330195,WDBC,737,2026-06-24T16:11:33,2026-06-24T18:46:33,155,Severe weather,medium,Severe weather affecting line 737 (medium severity)
DIS-598917,WDBC,13,2026-07-21T00:04:24,2026-07-21T03:26:24,202,Accident on route,low,Accident on route affecting line 13 (low severity)
DIS-139096,SWWD,D2,2026-05-15T17:48:16,2026-05-15T21:20:16,212,Accident on route,medium,Accident on route affecting line D2 (medium severity)
DIS-188430,TDTR,X46,2026-05-27T14:29:48,2026-05-27T15:47:48,78,Accident on route,medium,Accident on route affecting line X46 (medium severity)
DIS-958878,TDTR,42,2026-07-08T19:24:33,2026-07-08T22:32:33,188,Vehicle breakdown,high,Vehicle breakdown affecting line 42 (high severity)
DIS-228864,WDBC,7B,2026-06-09T07:02:52,2026-06-09T08:29:52,87,Road closure,medium,Road closure affecting line 7B (medium severity)
DIS-212067,SVCT,205,2026-05-02T07:18:25,2026-05-02T09:42:25,144,Severe weather,high,Severe weather affecting line 205 (high severity)
DIS-544467,DAMY,CR7,2026-05-11T00:35:07,2026-05-11T01:29:07,54,Diversion,severe,Diversion affecting line CR7 (severe severity)
DIS-492871,WDBC,35,2026-07-02T13:04:27,2026-07-02T14:51:27,107,Accident on route,severe,Accident on route affecting line 35 (severe severity)
DIS-142953,TDTR,R23,2026-07-15T20:39:45,2026-07-15T23:17:45,158,Vehicle breakdown,severe,Vehicle breakdown affecting line R23 (severe severity)
DIS-380465,WDBC,13A,2026-05-07T22:20:20,2026-05-08T01:36:20,196,Accident on route,high,Accident on route affecting line 13A (high severity)
DIS-216109,SQ,TW1,2026-05-22T04:01:33,2026-05-22T04:30:33,29,Planned engineering works,low,Planned engineering works affecting line TW1 (low severity)
DIS-856371,SWWD,D3,2026-06-12T14:48:01,2026-06-12T15:42:01,54,Severe weather,severe,Severe weather affecting line D3 (severe severity)
DIS-668101,SWWD,X5,2026-07-14T15:18:16,2026-07-14T17:48:16,150,Planned engineering works,low,Planned engineering works affecting line X5 (low severity)
DIS-311954,WDBC,7A,2026-05-06T01:41:07,2026-05-06T03:17:07,96,Planned engineering works,low,Planned engineering works affecting line 7A (low severity)
DIS-148818,SWWD,PR11,2026-05-19T22:52:21,2026-05-20T00:15:21,83,Diversion,high,Diversion affecting line PR11 (high severity)
DIS-845380,BLUS,3,2026-06-28T20:22:11,2026-06-28T23:07:11,165,Severe weather,high,Severe weather affecting line 3 (high severity)
DIS-178340,SVCT,68,2026-05-22T00:40:05,2026-05-22T04:02:05,202,Planned engineering works,medium,Planned engineering works affecting line 68 (medium severity)
DIS-842976,SVCT,TSS,2026-05-30T15:31:45,2026-05-30T16:33:45,62,Accident on route,high,Accident on route affecting line TSS (high severity)
DIS-973308,WDBC,737,2026-06-07T20:45:46,2026-06-07T23:14:46,149,Accident on route,high,Accident on route affecting line 737 (high severity)
DIS-466525,WDBC,4,2026-05-21T23:01:58,2026-05-22T00:26:58,85,Planned engineering works,severe,Planned engineering works affecting line 4 (severe severity)
DIS-601881,BLUS,QC,2026-06-15T14:14:34,2026-06-15T18:06:34,232,Accident on route,severe,Accident on route affecting line QC (severe severity)
DIS-579506,WDBC,4,2026-07-19T14:58:25,2026-07-19T17:55:25,177,Vehicle breakdown,severe,Vehicle breakdown affecting line 4 (severe severity)
DIS-304745,BLUS,539,2026-04-29T04:54:18,2026-04-29T07:08:18,134,Planned engineering works,high,Planned engineering works affecting line 539 (high severity)
DIS-915615,BLUS,19,2026-05-09T13:56:49,2026-05-09T17:09:49,193,Traffic congestion,high,Traffic congestion affecting line 19 (high severity)
DIS-402846,SWWD,R14,2026-05-14T13:20:49,2026-05-14T15:26:49,126,Diversion,medium,Diversion affecting line R14 (medium severity)
DIS-872327,SVCT,38,2026-05-12T00:15:22,2026-05-12T03:42:22,207,Roadworks,low,Roadworks affecting line 38 (low severity)
DIS-413808,TDTR,9,2026-06-23T09:34:52,2026-06-23T12:30:52,176,Diversion,severe,Diversion affecting line 9 (severe severity)
DIS-551433,BLUS,5,2026-05-20T09:40:17,2026-05-20T12:08:17,148,Planned engineering works,high,Planned engineering works affecting line 5 (high severity)
DIS-814941,SWWD,603,2026-04-30T00:21:15,2026-04-30T01:35:15,74,Road closure,high,Road closure affecting line 603 (high severity)
DIS-387308,WDBC,5,2026-05-03T21:34:55,2026-05-04T00:21:55,167,Roadworks,medium,Roadworks affecting line 5 (medium severity)
DIS-776040,TDTR,X46,2026-04-23T19:45:40,2026-04-23T23:32:40,227,Traffic congestion,severe,Traffic congestion affecting line X46 (severe severity)
DIS-956605,SQ,DEAD,2026-06-06T10:31:27,2026-06-06T13:34:27,183,Severe weather,low,Severe weather affecting line DEAD (low severity)
DIS-896051,WDBC,RG2,2026-04-29T16:29:29,2026-04-29T19:39:29,190,Traffic congestion,high,Traffic congestion affecting line RG2 (high severity)
DIS-604824,TDTR,48A,2026-06-15T08:37:25,2026-06-15T12:17:25,220,Roadworks,severe,Roadworks affecting line 48A (severe severity)
DIS-330020,TDTR,5,2026-05-17T00:48:57,2026-05-17T01:22:57,34,Vehicle breakdown,severe,Vehicle breakdown affecting line 5 (severe severity)
DIS-916590,WDBC,18,2026-07-18T08:21:31,2026-07-18T11:13:31,172,Road closure,low,Road closure affecting line 18 (low severity)
DIS-460648,WDBC,U1,2026-05-07T09:44:01,2026-05-07T13:38:01,234,Road closure,medium,Road closure affecting line U1 (medium severity)
DIS-606930,SVCT,68,2026-06-19T23:41:03,2026-06-20T03:18:03,217,Severe weather,severe,Severe weather affecting line 68 (severe severity)
DIS-150451,SWWD,625,2026-06-28T12:56:47,2026-06-28T16:04:47,188,Planned engineering works,severe,Planned engineering works affecting line 625 (severe severity)
DIS-513764,TDTR,48A,2026-06-15T21:20:56,2026-06-15T23:06:56,106,Driver shortage,severe,Driver shortage affecting line 48A (severe severity)
DIS-756318,WDBC,26,2026-07-17T21:19:42,2026-07-18T00:24:42,185,Road closure,medium,Road closure affecting line 26 (medium severity)
DIS-599925,SVCT,TNB,2026-06-07T04:37:03,2026-06-07T08:04:03,207,Vehicle breakdown,severe,Vehicle breakdown affecting line TNB (severe severity)
DIS-943322,SWWD,603,2026-06-27T19:01:16,2026-06-27T20:46:16,105,Vehicle breakdown,medium,Vehicle breakdown affecting line 603 (medium severity)
DIS-810182,WDBC,11,2026-07-04T18:51:56,2026-07-04T22:19:56,208,Roadworks,medium,Roadworks affecting line 11 (medium severity)
DIS-693342,SWWD,926,2026-05-13T22:22:26,2026-05-13T23:51:26,89,Planned engineering works,low,Planned engineering works affecting line 926 (low severity)
DIS-724495,TDTR,842,2026-06-19T22:02:11,2026-06-19T22:26:11,24,Severe weather,medium,Severe weather affecting line 842 (medium severity)
DIS-322005,BLUS,20,2026-07-02T15:33:43,2026-07-02T18:22:43,169,Road closure,low,Road closure affecting line 20 (low severity)
DIS-633165,SVCT,206,2026-05-08T00:10:51,2026-05-08T00:36:51,26,Severe weather,high,Severe weather affecting line 206 (high severity)
DIS-131829,SVCT,37,2026-06-07T15:30:16,2026-06-07T16:58:16,88,Planned engineering works,medium,Planned engineering works affecting line 37 (medium severity)
DIS-893009,WDBC,12,2026-05-14T08:08:01,2026-05-14T10:29:01,141,Roadworks,severe,Roadworks affecting line 12 (severe severity)
DIS-411667,WDBC,26,2026-06-17T13:39:46,2026-06-17T14:18:46,39,Planned engineering works,low,Planned engineering works affecting line 26 (low severity)
DIS-367447,WDBC,20,2026-06-17T15:27:29,2026-06-17T16:45:29,78,Diversion,high,Diversion affecting line 20 (high severity)
DIS-523007,WDBC,775,2026-04-23T09:10:05,2026-04-23T12:15:05,185,Roadworks,high,Roadworks affecting line 775 (high severity)
DIS-179428,TDTR,23,2026-06-09T19:08:00,2026-06-09T19:59:00,51,Vehicle breakdown,medium,Vehicle breakdown affecting line 23 (medium severity)
DIS-885190,WDBC,m2,2026-05-30T04:57:18,2026-05-30T08:43:18,226,Severe weather,medium,Severe weather affecting line m2 (medium severity)
DIS-426630,SVCT,5,2026-06-23T07:32:46,2026-06-23T11:22:46,230,Severe weather,medium,Severe weather affecting line 5 (medium severity)
DIS-894175,SVCT,211,2026-04-22T22:10:50,2026-04-22T22:51:50,41,Diversion,low,Diversion affecting line 211 (low severity)
DIS-863457,WDBC,ONE,2026-06-22T20:22:20,2026-06-22T20:34:20,12,Diversion,high,Diversion affecting line ONE (high severity)
DIS-174186,WDBC,38,2026-05-07T00:26:25,2026-05-07T03:27:25,181,Diversion,high,Diversion affecting line 38 (high severity)
DIS-486415,SWWD,44,2026-07-20T19:59:08,2026-07-20T23:57:08,238,Vehicle breakdown,high,Vehicle breakdown affecting line 44 (high severity)
DIS-141053,WDBC,50,2026-06-15T03:28:52,2026-06-15T04:38:52,70,Accident on route,severe,Accident on route affecting line 50 (severe severity)
DIS-666710,BLUS,8,2026-06-21T09:48:31,2026-06-21T11:17:31,89,Planned engineering works,high,Planned engineering works affecting line 8 (high severity)
DIS-539909,WDBC,1B,2026-07-03T09:37:05,2026-07-03T10:27:05,50,Planned engineering works,high,Planned engineering works affecting line 1B (high severity)
DIS-422939,SWWD,ST,2026-07-16T17:44:09,2026-07-16T19:57:09,133,Vehicle breakdown,high,Vehicle breakdown affecting line ST (high severity)
DIS-254688,WDBC,38,2026-05-26T18:45:12,2026-05-26T21:50:12,185,Traffic congestion,low,Traffic congestion affecting line 38 (low severity)
DIS-339157,SVCT,63,2026-07-07T00:37:09,2026-07-07T01:35:09,58,Road closure,high,Road closure affecting line 63 (high severity)
DIS-803780,DAMY,X8,2026-04-23T17:05:12,2026-04-23T17:20:12,15,Roadworks,high,Roadworks affecting line X8 (high severity)
DIS-764103,SWWD,650,2026-07-03T19:25:32,2026-07-03T21:49:32,144,Road closure,low,Road closure affecting line 650 (low severity)
DIS-307363,BLUS,12,2026-06-18T11:32:59,2026-06-18T12:17:59,45,Roadworks,high,Roadworks affecting line 12 (high severity)
DIS-808775,WDBC,m2,2026-07-10T08:26:12,2026-07-10T11:26:12,180,Road closure,high,Road closure affecting line m2 (high severity)
DIS-727599,TDTR,920,2026-05-17T19:44:37,2026-05-17T23:24:37,220,Vehicle breakdown,low,Vehicle breakdown affecting line 920 (low severity)
DIS-784630,UNIL,U6H,2026-06-29T23:40:41,2026-06-30T03:26:41,226,Accident on route,severe,Accident on route affecting line U6H (severe severity)
DIS-509233,UNIL,U2C,2026-05-15T16:18:41,2026-05-15T19:35:41,197,Roadworks,low,Roadworks affecting line U2C (low severity)
DIS-597737,UNIL,U1C,2026-04-28T14:47:10,2026-04-28T15:57:10,70,Diversion,medium,Diversion affecting line U1C (medium severity)
DIS-887941,SWWD,37,2026-05-13T05:14:13,2026-05-13T07:16:13,122,Roadworks,high,Roadworks affecting line 37 (high severity)
DIS-242666,SVCT,7,2026-05-13T05:45:50,2026-05-13T09:37:50,232,Traffic congestion,high,Traffic congestion affecting line 7 (high severity)
DIS-538199,WDBC,7B,2026-07-13T20:11:48,2026-07-13T22:41:48,150,Accident on route,medium,Accident on route affecting line 7B (medium severity)
DIS-716131,SWWD,26,2026-06-09T07:00:05,2026-06-09T08:55:05,115,Diversion,high,Diversion affecting line 26 (high severity)
DIS-298675,WDBC,26,2026-05-13T22:18:15,2026-05-14T01:04:15,166,Road closure,high,Road closure affecting line 26 (high severity)
DIS-361489,DAMY,20,2026-05-11T07:35:19,2026-05-11T11:04:19,209,Roadworks,severe,Roadworks affecting line 20 (severe severity)
DIS-146226,SWWD,2A,2026-05-29T14:48:23,2026-05-29T16:49:23,121,Accident on route,low,Accident on route affecting line 2A (low severity)
DIS-848526,TDTR,R26,2026-06-28T04:35:33,2026-06-28T06:16:33,101,Diversion,medium,Diversion affecting line R26 (medium severity)
DIS-661878,DAMY,CR9,2026-06-03T17:36:51,2026-06-03T19:01:51,85,Vehicle breakdown,high,Vehicle breakdown affecting line CR9 (high severity)
DIS-738421,SWWD,PR7,2026-06-25T14:00:51,2026-06-25T17:05:51,185,Vehicle breakdown,medium,Vehicle breakdown affecting line PR7 (medium severity)
DIS-666225,BLUS,20,2026-04-23T22:27:13,2026-04-24T01:06:13,159,Accident on route,low,Accident on route affecting line 20 (low severity)
DIS-517409,BLUS,12,2026-07-04T00:40:11,2026-07-04T04:20:11,220,Planned engineering works,severe,Planned engineering works affecting line 12 (severe severity)
DIS-528742,WDBC,193,2026-07-17T20:48:00,2026-07-17T21:55:00,67,Road closure,high,Road closure affecting line 193 (high severity)
DIS-284634,SVCT,12,2026-06-03T09:36:12,2026-06-03T12:17:12,161,Driver shortage,medium,Driver shortage affecting line 12 (medium severity)
DIS-549009,WDBC,82,2026-06-15T13:53:27,2026-06-15T16:43:27,170,Planned engineering works,low,Planned engineering works affecting line 82 (low severity)
DIS-771270,TDTR,11,2026-04-28T20:05:43,2026-04-28T23:34:43,209,Accident on route,medium,Accident on route affecting line 11 (medium severity)
DIS-292959,TDTR,2,2026-06-20T01:38:44,2026-06-20T02:02:44,24,Planned engineering works,low,Planned engineering works affecting line 2 (low severity)
DIS-592746,WDBC,L5,2026-06-26T05:15:01,2026-06-26T07:48:01,153,Diversion,severe,Diversion affecting line L5 (severe severity)
DIS-240068,SVCT,5,2026-06-30T03:28:29,2026-06-30T03:45:29,17,Traffic congestion,high,Traffic congestion affecting line 5 (high severity)
DIS-260045,SWWD,R4,2026-07-04T07:33:41,2026-07-04T09:18:41,105,Road closure,high,Road closure affecting line R4 (high severity)
DIS-425153,TDTR,23,2026-05-10T11:39:01,2026-05-10T14:09:01,150,Diversion,severe,Diversion affecting line 23 (severe severity)
DIS-554420,WDBC,1A,2026-04-21T15:25:16,2026-04-21T17:05:16,100,Severe weather,medium,Severe weather affecting line 1A (medium severity)
DIS-917849,BLUS,10,2026-06-11T12:20:01,2026-06-11T14:51:01,151,Diversion,low,Diversion affecting line 10 (low severity)
DIS-837967,WDBC,NFB,2026-04-27T07:33:12,2026-04-27T10:32:12,179,Diversion,high,Diversion affecting line NFB (high severity)
DIS-456395,SVCT,TDB,2026-07-15T06:38:03,2026-07-15T10:06:03,208,Roadworks,medium,Roadworks affecting line TDB (medium severity)
DIS-986884,SWWD,966,2026-05-27T17:49:29,2026-05-27T21:28:29,219,Traffic congestion,medium,Traffic congestion affecting line 966 (medium severity)
DIS-528084,SWWD,R14,2026-07-16T13:38:17,2026-07-16T16:43:17,185,Traffic congestion,severe,Traffic congestion affecting line R14 (severe severity)
DIS-919588,WDBC,125,2026-05-22T08:29:45,2026-05-22T10:19:45,110,Vehicle breakdown,medium,Vehicle breakdown affecting line 125 (medium severity)
DIS-501590,SWWD,X2,2026-04-24T14:03:06,2026-04-24T16:36:06,153,Accident on route,severe,Accident on route affecting line X2 (severe severity)
DIS-730390,SVCT,206,2026-05-17T14:55:16,2026-05-17T18:26:16,211,Traffic congestion,high,Traffic congestion affecting line 206 (high severity)
DIS-821006,SWWD,966,2026-06-02T00:36:20,2026-06-02T01:18:20,42,Traffic congestion,medium,Traffic congestion affecting line 966 (medium severity)
DIS-170937,BLUS,635,2026-07-11T01:43:39,2026-07-11T02:56:39,73,Accident on route,high,Accident on route affecting line 635 (high severity)
DIS-107802,WDBC,m2,2026-07-13T12:18:35,2026-07-13T13:05:35,47,Accident on route,severe,Accident on route affecting line m2 (severe severity)
DIS-478520,SWWD,901,2026-05-19T18:02:21,2026-05-19T21:22:21,200,Planned engineering works,low,Planned engineering works affecting line 901 (low severity)
DIS-941953,WDBC,NFB,2026-05-20T13:53:21,2026-05-20T17:47:21,234,Vehicle breakdown,high,Vehicle breakdown affecting line NFB (high severity)
DIS-645794,TDTR,1A,2026-05-12T09:43:26,2026-05-12T11:25:26,102,Traffic congestion,high,Traffic congestion affecting line 1A (high severity)
DIS-176269,SVCT,3,2026-05-12T02:22:17,2026-05-12T04:57:17,155,Accident on route,low,Accident on route affecting line 3 (low severity)
DIS-229644,SWWD,907,2026-07-13T04:38:00,2026-07-13T05:59:00,81,Diversion,low,Diversion affecting line 907 (low severity)
DIS-759263,SWWD,25,2026-07-14T15:15:18,2026-07-14T15:44:18,29,Severe weather,low,Severe weather affecting line 25 (low severity)
DIS-866525,WDBC,761,2026-06-03T13:31:50,2026-06-03T14:27:50,56,Driver shortage,low,Driver shortage affecting line 761 (low severity)
DIS-647824,SVCT,200,2026-05-27T16:37:31,2026-05-27T20:22:31,225,Accident on route,severe,Accident on route affecting line 200 (severe severity)
DIS-990811,SWWD,X7R,2026-05-19T00:27:04,2026-05-19T01:53:04,86,Severe weather,high,Severe weather affecting line X7R (high severity)
DIS-726246,WDBC,1A,2026-07-04T08:41:23,2026-07-04T10:03:23,82,Severe weather,medium,Severe weather affecting line 1A (medium severity)
DIS-497713,TDTR,154,2026-07-07T19:17:12,2026-07-07T19:47:12,30,Road closure,low,Road closure affecting line 154 (low severity)
DIS-525870,SVCT,208,2026-05-14T17:47:46,2026-05-14T21:04:46,197,Road closure,severe,Road closure affecting line 208 (severe severity)
DIS-950777,WDBC,15,2026-05-01T08:08:40,2026-05-01T11:27:40,199,Severe weather,low,Severe weather affecting line 15 (low severity)
DIS-740587,BLUS,15,2026-06-12T08:08:39,2026-06-12T09:42:39,94,Diversion,severe,Diversion affecting line 15 (severe severity)
DIS-430532,BLUS,12,2026-05-19T01:19:13,2026-05-19T02:44:13,85,Driver shortage,high,Driver shortage affecting line 12 (high severity)
DIS-557664,UNIL,U2B,2026-07-13T17:26:24,2026-07-13T19:35:24,129,Road closure,high,Road closure affecting line U2B (high severity)
DIS-260245,TDTR,5,2026-06-03T09:16:30,2026-06-03T12:11:30,175,Accident on route,severe,Accident on route affecting line 5 (severe severity)
DIS-391110,BLUS,757,2026-07-11T09:28:00,2026-07-11T13:28:00,240,Roadworks,severe,Roadworks affecting line 757 (severe severity)
DIS-840586,SWWD,908,2026-04-26T12:28:29,2026-04-26T14:37:29,129,Severe weather,medium,Severe weather affecting line 908 (medium severity)
DIS-741824,TDTR,42,2026-04-24T09:46:29,2026-04-24T13:15:29,209,Driver shortage,low,Driver shortage affecting line 42 (low severity)
DIS-565436,WDBC,16,2026-06-02T22:19:15,2026-06-03T02:09:15,230,Roadworks,high,Roadworks affecting line 16 (high severity)
DIS-473726,BLUS,QC,2026-07-12T22:48:31,2026-07-13T02:33:31,225,Planned engineering works,low,Planned engineering works affecting line QC (low severity)
DIS-488466,WDBC,30,2026-05-15T06:40:32,2026-05-15T08:01:32,81,Severe weather,high,Severe weather affecting line 30 (high severity)
DIS-317485,SVCT,7,2026-06-06T10:14:06,2026-06-06T11:49:06,95,Severe weather,high,Severe weather affecting line 7 (high severity)
DIS-768741,TDTR,920,2026-05-08T05:43:49,2026-05-08T08:32:49,169,Vehicle breakdown,medium,Vehicle breakdown affecting line 920 (medium severity)
DIS-332422,TDTR,22,2026-07-15T09:08:36,2026-07-15T10:46:36,98,Traffic congestion,severe,Traffic congestion affecting line 22 (severe severity)
DIS-975144,BLUS,3,2026-06-28T02:49:19,2026-06-28T04:35:19,106,Road closure,medium,Road closure affecting line 3 (medium severity)
DIS-610327,WDBC,13A,2026-06-22T16:01:26,2026-06-22T16:25:26,24,Driver shortage,low,Driver shortage affecting line 13A (low severity)
DIS-444582,SVCT,39,2026-05-10T19:11:46,2026-05-10T22:00:46,169,Driver shortage,severe,Driver shortage affecting line 39 (severe severity)
DIS-227281,SQ,TM1,2026-04-21T16:00:18,2026-04-21T19:49:18,229,Severe weather,medium,Severe weather affecting line TM1 (medium severity)
DIS-873607,BLUS,8,2026-05-21T07:37:25,2026-05-21T10:13:25,156,Severe weather,medium,Severe weather affecting line 8 (medium severity)
DIS-288898,WDBC,6,2026-06-09T09:51:21,2026-06-09T13:36:21,225,Planned engineering works,low,Planned engineering works affecting line 6 (low severity)
DIS-778983,TDTR,SSS,2026-04-23T04:27:11,2026-04-23T06:21:11,114,Planned engineering works,medium,Planned engineering works affecting line SSS (medium severity)
DIS-785684,SVCT,6,2026-07-16T09:55:21,2026-07-16T12:58:21,183,Road closure,medium,Road closure affecting line 6 (medium severity)
DIS-170932,SWWD,929,2026-06-08T20:57:55,2026-06-09T00:41:55,224,Diversion,medium,Diversion affecting line 929 (medium severity)
DIS-292585,WDBC,17,2026-05-25T03:44:58,2026-05-25T05:15:58,91,Roadworks,medium,Roadworks affecting line 17 (medium severity)
DIS-800008,BLUS,8,2026-04-28T23:21:12,2026-04-29T01:36:12,135,Diversion,high,Diversion affecting line 8 (high severity)
DIS-320508,TDTR,842,2026-06-05T13:17:27,2026-06-05T13:55:27,38,Planned engineering works,low,Planned engineering works affecting line 842 (low severity)
DIS-551115,SVCT,63,2026-04-30T04:15:52,2026-04-30T07:09:52,174,Road closure,high,Road closure affecting line 63 (high severity)
DIS-399932,WDBC,120,2026-06-13T15:30:38,2026-06-13T17:05:38,95,Severe weather,low,Severe weather affecting line 120 (low severity)
DIS-914228,TDTR,1,2026-07-18T08:08:52,2026-07-18T08:18:52,10,Driver shortage,low,Driver shortage affecting line 1 (low severity)
DIS-115139,BLUS,13,2026-06-09T06:59:52,2026-06-09T10:18:52,199,Severe weather,medium,Severe weather affecting line 13 (medium severity)
DIS-942324,WDBC,112,2026-07-08T16:35:20,2026-07-08T18:17:20,102,Vehicle breakdown,medium,Vehicle breakdown affecting line 112 (medium severity)
DIS-600316,TDTR,11,2026-04-21T02:31:11,2026-04-21T03:18:11,47,Planned engineering works,medium,Planned engineering works affecting line 11 (medium severity)
DIS-200389,BLUS,538,2026-06-30T04:38:17,2026-06-30T07:12:17,154,Traffic congestion,medium,Traffic congestion affecting line 538 (medium severity)
DIS-166593,UNIL,U1C,2026-06-03T00:59:28,2026-06-03T01:30:28,31,Road closure,high,Road closure affecting line U1C (high severity)
DIS-511808,WDBC,18,2026-06-23T17:35:34,2026-06-23T21:30:34,235,Driver shortage,low,Driver shortage affecting line 18 (low severity)
DIS-762959,SWWD,929,2026-07-05T19:10:38,2026-07-05T19:24:38,14,Diversion,severe,Diversion affecting line 929 (severe severity)
DIS-293338,UNIL,U2B,2026-05-23T01:31:22,2026-05-23T03:31:22,120,Diversion,medium,Diversion affecting line U2B (medium severity)
DIS-397704,WDBC,20,2026-07-18T17:25:38,2026-07-18T18:02:38,37,Diversion,severe,Diversion affecting line 20 (severe severity)
DIS-414142,SWWD,D3,2026-05-06T19:46:01,2026-05-06T21:27:01,101,Road closure,severe,Road closure affecting line D3 (severe severity)
DIS-779763,SVCT,6,2026-06-04T09:09:23,2026-06-04T10:49:23,100,Driver shortage,medium,Driver shortage affecting line 6 (medium severity)
DIS-250103,BLUS,14,2026-06-23T11:54:25,2026-06-23T13:36:25,102,Severe weather,high,Severe weather affecting line 14 (high severity)
DIS-954089,WDBC,3,2026-05-29T08:45:17,2026-05-29T12:13:17,208,Severe weather,high,Severe weather affecting line 3 (high severity)
DIS-537042,BLUS,21,2026-07-13T00:42:48,2026-07-13T02:28:48,106,Roadworks,low,Roadworks affecting line 21 (low severity)
DIS-819715,SWWD,66,2026-06-03T20:48:33,2026-06-03T22:24:33,96,Planned engineering works,low,Planned engineering works affecting line 66 (low severity)
DIS-322206,BLUS,PR1,2026-05-31T06:58:23,2026-05-31T08:41:23,103,Severe weather,low,Severe weather affecting line PR1 (low severity)
DIS-829747,BLUS,9,2026-05-16T04:13:45,2026-05-16T07:33:45,200,Accident on route,medium,Accident on route affecting line 9 (medium severity)
DIS-296015,SWWD,937,2026-06-03T08:15:09,2026-06-03T10:39:09,144,Severe weather,low,Severe weather affecting line 937 (low severity)
DIS-926200,WDBC,U1,2026-04-21T21:28:32,2026-04-21T22:53:32,85,Road closure,medium,Road closure affecting line U1 (medium severity)
DIS-511752,WDBC,31,2026-05-02T13:22:15,2026-05-02T17:11:15,229,Diversion,high,Diversion affecting line 31 (high severity)
DIS-509626,BLUS,634,2026-05-16T07:47:58,2026-05-16T09:47:58,120,Driver shortage,high,Driver shortage affecting line 634 (high severity)
DIS-279378,TDTR,217,2026-06-03T07:31:47,2026-06-03T08:13:47,42,Traffic congestion,high,Traffic congestion affecting line 217 (high severity)
DIS-633016,WDBC,22,2026-07-09T09:14:37,2026-07-09T12:29:37,195,Traffic congestion,medium,Traffic congestion affecting line 22 (medium severity)
DIS-973182,WDBC,82,2026-06-24T04:45:32,2026-06-24T05:53:32,68,Traffic congestion,severe,Traffic congestion affecting line 82 (severe severity)
DIS-792670,TDTR,16,2026-05-05T07:47:36,2026-05-05T10:30:36,163,Traffic congestion,medium,Traffic congestion affecting line 16 (medium severity)
DIS-871725,SWWD,PR7,2026-04-21T20:43:42,2026-04-21T22:41:42,118,Diversion,low,Diversion affecting line PR7 (low severity)
DIS-605138,BLUS,538,2026-06-29T05:30:17,2026-06-29T09:13:17,223,Roadworks,severe,Roadworks affecting line 538 (severe severity)
DIS-685324,BLUS,24,2026-05-13T16:21:20,2026-05-13T18:25:20,124,Driver shortage,high,Driver shortage affecting line 24 (high severity)
DIS-975108,SWWD,PR3,2026-05-12T14:39:00,2026-05-12T16:13:00,94,Diversion,severe,Diversion affecting line PR3 (severe severity)
DIS-766081,SVCT,3,2026-04-21T06:18:45,2026-04-21T06:38:45,20,Driver shortage,low,Driver shortage affecting line 3 (low severity)
DIS-693412,SWWD,927,2026-07-02T09:52:19,2026-07-02T10:56:19,64,Vehicle breakdown,high,Vehicle breakdown affecting line 927 (high severity)
DIS-813275,SVCT,209,2026-06-18T21:46:32,2026-06-18T22:27:32,41,Road closure,medium,Road closure affecting line 209 (medium severity)
DIS-863628,SWWD,PR3,2026-07-17T06:34:56,2026-07-17T07:06:56,32,Road closure,high,Road closure affecting line PR3 (high severity)
DIS-927137,DAMY,CR9,2026-04-29T20:57:53,2026-04-30T00:30:53,213,Accident on route,low,Accident on route affecting line CR9 (low severity)
DIS-262407,SVCT,6,2026-06-15T03:28:03,2026-06-15T05:35:03,127,Severe weather,severe,Severe weather affecting line 6 (severe severity)
DIS-420213,BLUS,9,2026-07-05T20:16:52,2026-07-05T21:49:52,93,Severe weather,medium,Severe weather affecting line 9 (medium severity)
DIS-533847,TDTR,15,2026-06-25T22:52:36,2026-06-25T23:24:36,32,Roadworks,low,Roadworks affecting line 15 (low severity)
DIS-409601,WDBC,112,2026-06-03T16:23:38,2026-06-03T19:54:38,211,Vehicle breakdown,low,Vehicle breakdown affecting line 112 (low severity)
DIS-580831,WDBC,33,2026-06-18T22:37:47,2026-06-19T00:53:47,136,Traffic congestion,medium,Traffic congestion affecting line 33 (medium severity)
DIS-555079,WDBC,5,2026-07-04T04:53:18,2026-07-04T06:29:18,96,Roadworks,high,Roadworks affecting line 5 (high severity)
DIS-251391,WDBC,22,2026-06-07T12:35:27,2026-06-07T16:06:27,211,Driver shortage,medium,Driver shortage affecting line 22 (medium severity)
DIS-744817,DAMY,949,2026-06-17T12:03:49,2026-06-17T14:28:49,145,Driver shortage,low,Driver shortage affecting line 949 (low severity)
DIS-687391,UNIL,U1A,2026-07-05T08:53:57,2026-07-05T11:02:57,129,Vehicle breakdown,medium,Vehicle breakdown affecting line U1A (medium severity)
DIS-467907,DAMY,CR9,2026-06-10T22:31:21,2026-06-11T02:22:21,231,Road closure,low,Road closure affecting line CR9 (low severity)
DIS-676489,WDBC,18,2026-07-01T22:08:44,2026-07-01T23:29:44,81,Planned engineering works,medium,Planned engineering works affecting line 18 (medium severity)
DIS-958760,TDTR,SSS,2026-07-09T18:16:48,2026-07-09T21:10:48,174,Roadworks,medium,Roadworks affecting line SSS (medium severity)
DIS-834855,TDTR,R26,2026-05-31T04:52:32,2026-05-31T06:19:32,87,Accident on route,severe,Accident on route affecting line R26 (severe severity)
DIS-681455,TDTR,23,2026-05-26T00:48:23,2026-05-26T02:13:23,85,Roadworks,medium,Roadworks affecting line 23 (medium severity)
DIS-170694,TDTR,R26,2026-07-18T08:19:32,2026-07-18T11:53:32,214,Vehicle breakdown,low,Vehicle breakdown affecting line R26 (low severity)
DIS-377322,TDTR,12,2026-04-21T22:30:24,2026-04-21T23:01:24,31,Driver shortage,low,Driver shortage affecting line 12 (low severity)
DIS-909902,WDBC,1B,2026-05-13T21:29:18,2026-05-14T00:41:18,192,Roadworks,severe,Roadworks affecting line 1B (severe severity)
DIS-283652,BLUS,10,2026-04-24T12:30:13,2026-04-24T14:54:13,144,Diversion,low,Diversion affecting line 10 (low severity)
DIS-750401,TDTR,217,2026-04-27T20:14:24,2026-04-27T22:46:24,152,Traffic congestion,severe,Traffic congestion affecting line 217 (severe severity)
DIS-544835,DAMY,949,2026-07-03T22:54:01,2026-07-04T02:44:01,230,Road closure,severe,Road closure affecting line 949 (severe severity)
DIS-178396,SWWD,PR7,2026-04-26T18:34:18,2026-04-26T19:49:18,75,Severe weather,severe,Severe weather affecting line PR7 (severe severity)
DIS-485150,SWWD,2,2026-06-17T10:57:29,2026-06-17T11:36:29,39,Traffic congestion,severe,Traffic congestion affecting line 2 (severe severity)
DIS-594213,WDBC,3x,2026-07-03T06:10:22,2026-07-03T07:11:22,61,Planned engineering works,severe,Planned engineering works affecting line 3x (severe severity)
DIS-796916,WDBC,ONE,2026-06-19T05:12:53,2026-06-19T05:22:53,10,Road closure,medium,Road closure affecting line ONE (medium severity)
DIS-466960,WDBC,86,2026-04-27T17:17:40,2026-04-27T17:41:40,24,Roadworks,medium,Roadworks affecting line 86 (medium severity)
DIS-968313,SVCT,7,2026-05-10T10:21:24,2026-05-10T10:48:24,27,Planned engineering works,medium,Planned engineering works affecting line 7 (medium severity)
DIS-194229,TDTR,X46,2026-07-15T13:56:29,2026-07-15T17:20:29,204,Roadworks,severe,Roadworks affecting line X46 (severe severity)
DIS-248095,SQ,TM1,2026-06-16T07:00:46,2026-06-16T10:33:46,213,Road closure,high,Road closure affecting line TM1 (high severity)
DIS-565055,SWWD,907,2026-04-21T18:07:09,2026-04-21T20:56:09,169,Road closure,high,Road closure affecting line 907 (high severity)
DIS-674239,DAMY,5,2026-04-23T10:55:52,2026-04-23T13:35:52,160,Planned engineering works,low,Planned engineering works affecting line 5 (low severity)
DIS-115886,BLUS,504,2026-06-28T06:45:50,2026-06-28T09:15:50,150,Driver shortage,low,Driver shortage affecting line 504 (low severity)
DIS-466714,WDBC,NFR,2026-06-21T23:48:07,2026-06-22T01:03:07,75,Planned engineering works,medium,Planned engineering works affecting line NFR (medium severity)
DIS-295176,BLUS,634,2026-05-03T10:56:53,2026-05-03T14:36:53,220,Vehicle breakdown,high,Vehicle breakdown affecting line 634 (high severity)
DIS-475850,WDBC,50,2026-07-04T07:54:33,2026-07-04T08:40:33,46,Diversion,low,Diversion affecting line 50 (low severity)
DIS-847372,TDTR,156,2026-06-27T15:01:50,2026-06-27T17:50:50,169,Road closure,severe,Road closure affecting line 156 (severe severity)
DIS-734338,TDTR,12,2026-07-08T16:35:10,2026-07-08T18:14:10,99,Road closure,severe,Road closure affecting line 12 (severe severity)
DIS-939186,SWWD,625,2026-07-18T16:54:22,2026-07-18T20:29:22,215,Traffic congestion,severe,Traffic congestion affecting line 625 (severe severity)
DIS-433745,TDTR,23,2026-06-29T18:02:29,2026-06-29T20:00:29,118,Roadworks,high,Roadworks affecting line 23 (high severity)
DIS-820309,BLUS,9,2026-06-06T01:38:57,2026-06-06T04:53:57,195,Diversion,low,Diversion affecting line 9 (low severity)
DIS-213300,BLUS,NFG,2026-06-11T22:09:12,2026-06-12T01:01:12,172,Roadworks,severe,Roadworks affecting line NFG (severe severity)
DIS-937334,DAMY,949,2026-07-01T08:15:51,2026-07-01T11:10:51,175,Roadworks,severe,Roadworks affecting line 949 (severe severity)
DIS-912681,SVCT,214,2026-06-15T05:54:33,2026-06-15T08:45:33,171,Vehicle breakdown,low,Vehicle breakdown affecting line 214 (low severity)
DIS-261769,WDBC,81,2026-06-05T10:58:29,2026-06-05T14:40:29,222,Severe weather,high,Severe weather affecting line 81 (high severity)
DIS-307443,DAMY,CR8,2026-06-05T00:17:21,2026-06-05T03:55:21,218,Accident on route,severe,Accident on route affecting line CR8 (severe severity)
DIS-683593,SWWD,R14,2026-05-03T15:25:30,2026-05-03T15:57:30,32,Severe weather,medium,Severe weather affecting line R14 (medium severity)
DIS-741217,SWWD,PD3,2026-07-14T21:04:41,2026-07-14T22:56:41,112,Planned engineering works,severe,Planned engineering works affecting line PD3 (severe severity)
DIS-306446,TDTR,42,2026-07-01T19:08:36,2026-07-01T20:17:36,69,Road closure,medium,Road closure affecting line 42 (medium severity)
DIS-352992,SWWD,926,2026-07-10T13:50:05,2026-07-10T17:35:05,225,Diversion,low,Diversion affecting line 926 (low severity)
DIS-165442,SWWD,D2,2026-06-13T06:06:43,2026-06-13T07:30:43,84,Planned engineering works,low,Planned engineering works affecting line D2 (low severity)
DIS-848895,SWWD,R6,2026-06-22T00:46:49,2026-06-22T01:00:49,14,Severe weather,low,Severe weather affecting line R6 (low severity)
DIS-619911,SVCT,202,2026-05-07T18:27:18,2026-05-07T21:02:18,155,Diversion,severe,Diversion affecting line 202 (severe severity)
DIS-141758,SWWD,D3,2026-06-30T11:10:34,2026-06-30T12:53:34,103,Severe weather,medium,Severe weather affecting line D3 (medium severity)
DIS-866331,BLUS,QC,2026-06-01T06:09:41,2026-06-01T07:41:41,92,Road closure,low,Road closure affecting line QC (low severity)
DIS-303011,WDBC,18,2026-05-27T05:20:07,2026-05-27T07:10:07,110,Severe weather,severe,Severe weather affecting line 18 (severe severity)
DIS-633557,WDBC,40,2026-06-18T10:04:44,2026-06-18T14:02:44,238,Traffic congestion,severe,Traffic congestion affecting line 40 (severe severity)
DIS-636278,WDBC,7B,2026-06-14T19:13:49,2026-06-14T20:11:49,58,Severe weather,severe,Severe weather affecting line 7B (severe severity)
DIS-251785,SVCT,SL,2026-05-09T22:41:23,2026-05-10T01:35:23,174,Accident on route,low,Accident on route affecting line SL (low severity)
DIS-500811,WDBC,3,2026-07-06T09:17:23,2026-07-06T10:48:23,91,Severe weather,medium,Severe weather affecting line 3 (medium severity)
DIS-458910,WDBC,20,2026-07-02T00:52:53,2026-07-02T02:15:53,83,Road closure,medium,Road closure affecting line 20 (medium severity)
DIS-761624,WDBC,L5,2026-06-03T23:46:59,2026-06-04T00:56:59,70,Accident on route,low,Accident on route affecting line L5 (low severity)
DIS-499025,WDBC,7A,2026-05-02T19:15:11,2026-05-02T22:11:11,176,Vehicle breakdown,high,Vehicle breakdown affecting line 7A (high severity)
DIS-623156,WDBC,21,2026-05-17T15:05:31,2026-05-17T17:37:31,152,Road closure,high,Road closure affecting line 21 (high severity)
DIS-958055,WDBC,26,2026-06-08T05:29:17,2026-06-08T05:46:17,17,Vehicle breakdown,low,Vehicle breakdown affecting line 26 (low severity)
DIS-578166,BLUS,23,2026-05-18T17:09:29,2026-05-18T19:31:29,142,Diversion,medium,Diversion affecting line 23 (medium severity)
DIS-291539,WDBC,X6,2026-04-27T18:47:40,2026-04-27T21:43:40,176,Accident on route,low,Accident on route affecting line X6 (low severity)
DIS-250481,SWWD,29,2026-07-12T20:01:36,2026-07-12T23:32:36,211,Road closure,medium,Road closure affecting line 29 (medium severity)
DIS-366989,SWWD,PR11,2026-06-03T03:42:56,2026-06-03T05:20:56,98,Planned engineering works,low,Planned engineering works affecting line PR11 (low severity)
DIS-510813,SVCT,7,2026-04-28T03:17:21,2026-04-28T06:56:21,219,Severe weather,low,Severe weather affecting line 7 (low severity)
DIS-570661,SWWD,D2,2026-05-13T11:47:57,2026-05-13T12:02:57,15,Driver shortage,high,Driver shortage affecting line D2 (high severity)
DIS-470395,WDBC,25,2026-06-09T08:46:22,2026-06-09T09:42:22,56,Traffic congestion,low,Traffic congestion affecting line 25 (low severity)
DIS-948699,BLUS,757,2026-06-03T17:56:02,2026-06-03T19:14:02,78,Vehicle breakdown,medium,Vehicle breakdown affecting line 757 (medium severity)
DIS-216032,UNIL,U6H,2026-07-09T14:23:31,2026-07-09T15:37:31,74,Roadworks,low,Roadworks affecting line U6H (low severity)
DIS-459971,SVCT,TDB,2026-06-05T00:59:10,2026-06-05T01:54:10,55,Roadworks,severe,Roadworks affecting line TDB (severe severity)
DIS-773475,SVCT,59,2026-06-08T12:24:16,2026-06-08T16:03:16,219,Severe weather,medium,Severe weather affecting line 59 (medium severity)
DIS-675974,WDBC,X6,2026-05-25T09:33:25,2026-05-25T10:07:25,34,Diversion,high,Diversion affecting line X6 (high severity)
DIS-473259,SWWD,D2,2026-07-13T19:41:38,2026-07-13T21:24:38,103,Vehicle breakdown,medium,Vehicle breakdown affecting line D2 (medium severity)
DIS-746435,WDBC,32,2026-06-08T06:26:58,2026-06-08T07:02:58,36,Vehicle breakdown,medium,Vehicle breakdown affecting line 32 (medium severity)
DIS-869146,TDTR,9,2026-05-02T11:28:19,2026-05-02T14:33:19,185,Driver shortage,high,Driver shortage affecting line 9 (high severity)
DIS-867603,SWWD,908,2026-04-20T23:04:37,2026-04-20T23:46:37,42,Road closure,severe,Road closure affecting line 908 (severe severity)
DIS-331634,WDBC,762,2026-06-13T12:04:02,2026-06-13T15:30:02,206,Roadworks,medium,Roadworks affecting line 762 (medium severity)
DIS-683274,SWWD,R12,2026-07-09T03:10:56,2026-07-09T06:49:56,219,Severe weather,severe,Severe weather affecting line R12 (severe severity)
DIS-702761,TDTR,23,2026-06-19T22:53:00,2026-06-20T00:23:00,90,Diversion,low,Diversion affecting line 23 (low severity)
DIS-834501,TDTR,2,2026-05-26T03:47:15,2026-05-26T04:41:15,54,Planned engineering works,medium,Planned engineering works affecting line 2 (medium severity)
DIS-730967,WDBC,31,2026-04-29T19:09:06,2026-04-29T21:54:06,165,Driver shortage,severe,Driver shortage affecting line 31 (severe severity)
DIS-288379,WDBC,A,2026-05-28T03:45:57,2026-05-28T06:06:57,141,Driver shortage,high,Driver shortage affecting line A (high severity)
DIS-394293,TDTR,R24,2026-06-08T10:07:29,2026-06-08T12:05:29,118,Planned engineering works,low,Planned engineering works affecting line R24 (low severity)
DIS-501731,WDBC,15,2026-06-22T10:21:46,2026-06-22T10:35:46,14,Diversion,low,Diversion affecting line 15 (low severity)
DIS-135244,SVCT,1,2026-06-02T19:21:17,2026-06-02T21:04:17,103,Planned engineering works,severe,Planned engineering works affecting line 1 (severe severity)
DIS-650312,SVCT,37,2026-05-26T10:05:19,2026-05-26T12:22:19,137,Accident on route,high,Accident on route affecting line 37 (high severity)
DIS-273008,WDBC,761,2026-07-19T04:01:41,2026-07-19T07:32:41,211,Road closure,low,Road closure affecting line 761 (low severity)
DIS-162772,SWWD,R6,2026-07-02T13:49:04,2026-07-02T17:21:04,212,Accident on route,low,Accident on route affecting line R6 (low severity)
DIS-285928,SWWD,926,2026-05-13T21:04:07,2026-05-13T23:42:07,158,Traffic congestion,low,Traffic congestion affecting line 926 (low severity)
DIS-666719,WDBC,6,2026-05-10T18:45:54,2026-05-10T19:32:54,47,Traffic congestion,low,Traffic congestion affecting line 6 (low severity)
DIS-486342,SWWD,R12,2026-06-01T20:01:40,2026-06-01T22:34:40,153,Planned engineering works,high,Planned engineering works affecting line R12 (high severity)
DIS-856044,SVCT,212,2026-07-06T20:56:16,2026-07-07T00:33:16,217,Road closure,low,Road closure affecting line 212 (low severity)
DIS-141963,WDBC,31,2026-06-30T08:57:11,2026-06-30T09:48:11,51,Vehicle breakdown,high,Vehicle breakdown affecting line 31 (high severity)
DIS-687337,SVCT,213,2026-05-11T15:14:29,2026-05-11T16:11:29,57,Vehicle breakdown,severe,Vehicle breakdown affecting line 213 (severe severity)
DIS-312451,WDBC,13A,2026-05-11T23:39:45,2026-05-12T00:46:45,67,Vehicle breakdown,low,Vehicle breakdown affecting line 13A (low severity)
DIS-566916,SWWD,R4,2026-07-19T09:53:39,2026-07-19T11:31:39,98,Road closure,low,Road closure affecting line R4 (low severity)
DIS-553203,TDTR,14,2026-06-24T20:54:16,2026-06-24T23:34:16,160,Vehicle breakdown,severe,Vehicle breakdown affecting line 14 (severe severity)
DIS-397012,WDBC,125,2026-05-20T14:50:52,2026-05-20T16:45:52,115,Accident on route,high,Accident on route affecting line 125 (high severity)
DIS-865454,SWWD,R4,2026-06-24T01:04:45,2026-06-24T03:30:45,146,Driver shortage,medium,Driver shortage affecting line R4 (medium severity)
DIS-850155,SVCT,37,2026-05-20T14:56:47,2026-05-20T18:54:47,238,Road closure,high,Road closure affecting line 37 (high severity)
DIS-485983,BLUS,15,2026-07-18T09:16:14,2026-07-18T13:07:14,231,Diversion,medium,Diversion affecting line 15 (medium severity)
DIS-201695,SWWD,926,2026-05-29T09:24:23,2026-05-29T10:23:23,59,Traffic congestion,high,Traffic congestion affecting line 926 (high severity)
DIS-945597,TDTR,120,2026-07-20T05:27:45,2026-07-20T06:16:45,49,Vehicle breakdown,high,Vehicle breakdown affecting line 120 (high severity)
DIS-480570,WDBC,NFB,2026-04-27T17:44:19,2026-04-27T20:23:19,159,Road closure,low,Road closure affecting line NFB (low severity)
DIS-553355,UNIL,U6H,2026-06-11T08:24:05,2026-06-11T09:57:05,93,Severe weather,high,Severe weather affecting line U6H (high severity)
DIS-113546,SWWD,PR11,2026-05-26T17:33:25,2026-05-26T21:05:25,212,Driver shortage,low,Driver shortage affecting line PR11 (low severity)
DIS-459905,WDBC,32,2026-07-04T13:42:32,2026-07-04T14:32:32,50,Road closure,severe,Road closure affecting line 32 (severe severity)
DIS-668918,TDTR,X46,2026-06-05T02:00:57,2026-06-05T02:21:57,21,Traffic congestion,low,Traffic congestion affecting line X46 (low severity)
DIS-258204,WDBC,U3,2026-07-09T15:35:47,2026-07-09T17:53:47,138,Driver shortage,medium,Driver shortage affecting line U3 (medium severity)
DIS-567012,TDTR,16,2026-05-09T01:15:07,2026-05-09T03:00:07,105,Traffic congestion,medium,Traffic congestion affecting line 16 (medium severity)
DIS-290444,WDBC,119,2026-07-13T15:41:26,2026-07-13T16:45:26,64,Planned engineering works,high,Planned engineering works affecting line 119 (high severity)
DIS-299255,SVCT,204,2026-07-03T10:42:40,2026-07-03T11:23:40,41,Severe weather,low,Severe weather affecting line 204 (low severity)
DIS-975835,SWWD,MHDRT,2026-04-22T01:19:16,2026-04-22T02:44:16,85,Diversion,high,Diversion affecting line MHDRT (high severity)
DIS-643449,SWWD,37,2026-06-25T01:29:34,2026-06-25T05:22:34,233,Severe weather,medium,Severe weather affecting line 37 (medium severity)
DIS-816135,BLUS,12,2026-07-17T01:32:38,2026-07-17T03:40:38,128,Accident on route,low,Accident on route affecting line 12 (low severity)
DIS-336818,DAMY,1,2026-06-07T07:52:25,2026-06-07T10:20:25,148,Roadworks,low,Roadworks affecting line 1 (low severity)
DIS-255624,BLUS,635,2026-05-07T18:40:01,2026-05-07T21:01:01,141,Driver shortage,low,Driver shortage affecting line 635 (low severity)
DIS-111145,SVCT,207,2026-05-19T17:32:46,2026-05-19T19:55:46,143,Traffic congestion,high,Traffic congestion affecting line 207 (high severity)
DIS-889699,SWWD,MHDRT,2026-06-03T10:54:56,2026-06-03T11:11:56,17,Road closure,low,Road closure affecting line MHDRT (low severity)
DIS-692954,BLUS,12,2026-06-28T09:58:34,2026-06-28T11:09:34,71,Traffic congestion,medium,Traffic congestion affecting line 12 (medium severity)
DIS-363001,TDTR,X76,2026-05-21T18:55:18,2026-05-21T21:33:18,158,Vehicle breakdown,medium,Vehicle breakdown affecting line X76 (medium severity)
DIS-419387,SVCT,63,2026-06-17T17:54:28,2026-06-17T18:43:28,49,Road closure,severe,Road closure affecting line 63 (severe severity)
DIS-400570,BLUS,4,2026-07-09T06:21:11,2026-07-09T10:04:11,223,Diversion,high,Diversion affecting line 4 (high severity)
DIS-124453,BLUS,19,2026-05-29T18:27:09,2026-05-29T20:03:09,96,Traffic congestion,medium,Traffic congestion affecting line 19 (medium severity)
DIS-725939,SVCT,2,2026-07-13T23:59:06,2026-07-14T02:43:06,164,Vehicle breakdown,low,Vehicle breakdown affecting line 2 (low severity)
DIS-237050,WDBC,30,2026-06-14T23:00:03,2026-06-14T23:59:03,59,Vehicle breakdown,high,Vehicle breakdown affecting line 30 (high severity)
DIS-491310,SVCT,SL,2026-04-23T21:16:19,2026-04-23T21:57:19,41,Traffic congestion,medium,Traffic congestion affecting line SL (medium severity)
DIS-353852,SWWD,R5,2026-06-22T19:19:06,2026-06-22T20:12:06,53,Driver shortage,medium,Driver shortage affecting line R5 (medium severity)
DIS-699194,SQ,TW2,2026-05-28T11:05:28,2026-05-28T12:50:28,105,Accident on route,high,Accident on route affecting line TW2 (high severity)
DIS-287689,BLUS,757,2026-06-09T04:22:12,2026-06-09T06:30:12,128,Vehicle breakdown,low,Vehicle breakdown affecting line 757 (low severity)
DIS-662218,TDTR,156,2026-05-21T04:46:48,2026-05-21T07:02:48,136,Diversion,medium,Diversion affecting line 156 (medium severity)
DIS-324196,WDBC,NFB,2026-06-14T05:37:03,2026-06-14T06:15:03,38,Accident on route,medium,Accident on route affecting line NFB (medium severity)
DIS-300123,SWWD,R14,2026-05-09T13:18:27,2026-05-09T14:50:27,92,Road closure,medium,Road closure affecting line R14 (medium severity)
DIS-784963,WDBC,24,2026-06-20T08:52:06,2026-06-20T12:15:06,203,Vehicle breakdown,low,Vehicle breakdown affecting line 24 (low severity)
DIS-346159,SWWD,D2,2026-04-23T12:08:33,2026-04-23T15:06:33,178,Vehicle breakdown,high,Vehicle breakdown affecting line D2 (high severity)
DIS-868135,SVCT,209,2026-05-10T12:56:41,2026-05-10T14:38:41,102,Planned engineering works,medium,Planned engineering works affecting line 209 (medium severity)
DIS-170427,DAMY,949,2026-05-30T09:36:31,2026-05-30T13:04:31,208,Severe weather,medium,Severe weather affecting line 949 (medium severity)
DIS-840060,WDBC,B,2026-06-24T13:24:12,2026-06-24T16:36:12,192,Roadworks,high,Roadworks affecting line B (high severity)
DIS-108173,SWWD,908,2026-07-19T19:47:21,2026-07-19T21:20:21,93,Diversion,medium,Diversion affecting line 908 (medium severity)
DIS-867193,UNIL,U1C,2026-05-09T01:18:02,2026-05-09T03:59:02,161,Planned engineering works,high,Planned engineering works affecting line U1C (high severity)
DIS-692943,SVCT,7,2026-06-17T17:45:40,2026-06-17T21:36:40,231,Severe weather,severe,Severe weather affecting line 7 (severe severity)
DIS-385790,WDBC,775,2026-06-29T07:57:04,2026-06-29T11:30:04,213,Road closure,low,Road closure affecting line 775 (low severity)
DIS-381135,WDBC,U3,2026-04-24T01:42:06,2026-04-24T04:01:06,139,Accident on route,severe,Accident on route affecting line U3 (severe severity)
DIS-612076,WDBC,3,2026-05-20T07:01:01,2026-05-20T07:56:01,55,Planned engineering works,high,Planned engineering works affecting line 3 (high severity)
DIS-915814,SWWD,927,2026-06-26T06:30:36,2026-06-26T08:14:36,104,Roadworks,high,Roadworks affecting line 927 (high severity)
DIS-663354,TDTR,21,2026-06-03T06:44:24,2026-06-03T10:04:24,200,Vehicle breakdown,high,Vehicle breakdown affecting line 21 (high severity)
DIS-813173,TDTR,5,2026-07-06T13:31:20,2026-07-06T17:19:20,228,Traffic congestion,medium,Traffic congestion affecting line 5 (medium severity)
DIS-783855,BLUS,17,2026-06-26T12:51:15,2026-06-26T13:03:15,12,Driver shortage,low,Driver shortage affecting line 17 (low severity)
DIS-709537,SVCT,205,2026-06-29T09:02:31,2026-06-29T10:44:31,102,Road closure,low,Road closure affecting line 205 (low severity)
DIS-851811,BLUS,7,2026-05-03T23:20:45,2026-05-04T00:43:45,83,Roadworks,medium,Roadworks affecting line 7 (medium severity)
DIS-997748,BLUS,21,2026-07-06T06:42:36,2026-07-06T08:45:36,123,Severe weather,medium,Severe weather affecting line 21 (medium severity)
DIS-638918,BLUS,19a,2026-07-09T04:59:32,2026-07-09T08:03:32,184,Accident on route,low,Accident on route affecting line 19a (low severity)
DIS-724951,WDBC,16,2026-05-04T21:59:07,2026-05-05T00:39:07,160,Vehicle breakdown,high,Vehicle breakdown affecting line 16 (high severity)
DIS-705405,SWWD,901,2026-05-11T08:14:41,2026-05-11T10:06:41,112,Severe weather,low,Severe weather affecting line 901 (low severity)
DIS-321157,TDTR,16,2026-07-16T06:42:06,2026-07-16T08:09:06,87,Road closure,severe,Road closure affecting line 16 (severe severity)
DIS-656901,DAMY,CR9,2026-04-25T18:09:44,2026-04-25T19:08:44,59,Roadworks,severe,Roadworks affecting line CR9 (severe severity)
DIS-858332,TDTR,154,2026-06-25T07:39:23,2026-06-25T09:23:23,104,Traffic congestion,severe,Traffic congestion affecting line 154 (severe severity)
DIS-583091,WDBC,744,2026-06-07T04:49:26,2026-06-07T07:04:26,135,Severe weather,severe,Severe weather affecting line 744 (severe severity)
DIS-115867,DAMY,949,2026-07-02T04:41:56,2026-07-02T07:46:56,185,Severe weather,medium,Severe weather affecting line 949 (medium severity)
DIS-423619,TDTR,152,2026-04-21T13:18:39,2026-04-21T15:48:39,150,Diversion,high,Diversion affecting line 152 (high severity)
DIS-489039,UNIL,U2B,2026-07-10T21:32:47,2026-07-11T01:24:47,232,Driver shortage,high,Driver shortage affecting line U2B (high severity)
DIS-697834,SWWD,907,2026-07-03T21:12:22,2026-07-04T01:10:22,238,Vehicle breakdown,medium,Vehicle breakdown affecting line 907 (medium severity)
DIS-412766,UNIL,U2B,2026-05-21T13:31:41,2026-05-21T17:06:41,215,Severe weather,low,Severe weather affecting line U2B (low severity)
DIS-231427,WDBC,737,2026-07-10T20:44:55,2026-07-10T23:16:55,152,Driver shortage,medium,Driver shortage affecting line 737 (medium severity)
DIS-590965,BLUS,19,2026-06-20T10:29:57,2026-06-20T12:12:57,103,Driver shortage,medium,Driver shortage affecting line 19 (medium severity)
DIS-107351,SQ,TW4,2026-07-16T16:46:18,2026-07-16T18:04:18,78,Severe weather,high,Severe weather affecting line TW4 (high severity)
DIS-615438,TDTR,R24,2026-05-03T08:29:16,2026-05-03T08:52:16,23,Roadworks,medium,Roadworks affecting line R24 (medium severity)
DIS-327064,WDBC,1A,2026-07-06T07:49:21,2026-07-06T09:39:21,110,Road closure,medium,Road closure affecting line 1A (medium severity)
DIS-191212,TDTR,R24,2026-06-20T10:50:33,2026-06-20T11:10:33,20,Vehicle breakdown,low,Vehicle breakdown affecting line R24 (low severity)
DIS-241732,BLUS,2,2026-06-26T17:03:09,2026-06-26T20:20:09,197,Accident on route,high,Accident on route affecting line 2 (high severity)
DIS-933119,TDTR,NW2,2026-07-10T03:29:54,2026-07-10T05:53:54,144,Driver shortage,severe,Driver shortage affecting line NW2 (severe severity)
DIS-664344,WDBC,Q7,2026-06-03T06:12:59,2026-06-03T09:57:59,225,Traffic congestion,high,Traffic congestion affecting line Q7 (high severity)
DIS-893152,TDTR,158,2026-07-02T23:33:03,2026-07-03T00:51:03,78,Traffic congestion,medium,Traffic congestion affecting line 158 (medium severity)
DIS-414615,SWWD,937,2026-07-10T13:04:50,2026-07-10T15:44:50,160,Diversion,high,Diversion affecting line 937 (high severity)
DIS-357193,WDBC,RG2,2026-06-12T11:17:15,2026-06-12T12:52:15,95,Road closure,low,Road closure affecting line RG2 (low severity)
DIS-688993,SVCT,2,2026-05-11T18:56:40,2026-05-11T22:09:40,193,Severe weather,medium,Severe weather affecting line 2 (medium severity)
DIS-856742,SQ,TB1,2026-05-03T04:05:24,2026-05-03T06:25:24,140,Diversion,severe,Diversion affecting line TB1 (severe severity)
DIS-636244,SWWD,8,2026-04-30T15:09:04,2026-04-30T17:37:04,148,Planned engineering works,high,Planned engineering works affecting line 8 (high severity)
DIS-853492,DAMY,1,2026-06-24T01:09:55,2026-06-24T03:38:55,149,Vehicle breakdown,medium,Vehicle breakdown affecting line 1 (medium severity)
DIS-732870,TDTR,X46,2026-06-27T00:19:08,2026-06-27T04:13:08,234,Severe weather,high,Severe weather affecting line X46 (high severity)
DIS-147084,BLUS,21,2026-06-23T10:19:17,2026-06-23T11:44:17,85,Traffic congestion,severe,Traffic congestion affecting line 21 (severe severity)
DIS-358554,SVCT,204,2026-07-11T02:31:44,2026-07-11T03:37:44,66,Road closure,severe,Road closure affecting line 204 (severe severity)
DIS-792069,SWWD,907,2026-05-05T13:54:35,2026-05-05T14:24:35,30,Severe weather,medium,Severe weather affecting line 907 (medium severity)
DIS-992603,SWWD,2A,2026-06-01T20:21:11,2026-06-01T23:26:11,185,Severe weather,medium,Severe weather affecting line 2A (medium severity)
DIS-845200,WDBC,24,2026-06-19T09:07:03,2026-06-19T11:29:03,142,Road closure,high,Road closure affecting line 24 (high severity)
DIS-347737,SVCT,6,2026-07-15T08:16:38,2026-07-15T09:34:38,78,Planned engineering works,severe,Planned engineering works affecting line 6 (severe severity)
DIS-946800,SWWD,29,2026-06-06T20:57:17,2026-06-06T22:55:17,118,Accident on route,severe,Accident on route affecting line 29 (severe severity)
DIS-971639,WDBC,193,2026-06-15T07:55:29,2026-06-15T10:17:29,142,Traffic congestion,medium,Traffic congestion affecting line 193 (medium severity)
DIS-204110,SVCT,214,2026-05-13T14:21:07,2026-05-13T15:39:07,78,Planned engineering works,medium,Planned engineering works affecting line 214 (medium severity)
DIS-532112,SVCT,209,2026-05-05T08:36:49,2026-05-05T09:57:49,81,Driver shortage,high,Driver shortage affecting line 209 (high severity)
DIS-438915,WDBC,119,2026-07-09T17:37:28,2026-07-09T19:14:28,97,Traffic congestion,medium,Traffic congestion affecting line 119 (medium severity)
DIS-537882,TDTR,R24,2026-06-03T08:12:45,2026-06-03T11:10:45,178,Severe weather,severe,Severe weather affecting line R24 (severe severity)
DIS-910840,TDTR,5,2026-06-02T12:16:13,2026-06-02T13:26:13,70,Road closure,medium,Road closure affecting line 5 (medium severity)
DIS-395885,SWWD,PR11,2026-06-19T12:41:42,2026-06-19T15:30:42,169,Vehicle breakdown,high,Vehicle breakdown affecting line PR11 (high severity)
DIS-289081,WDBC,125,2026-06-01T11:09:03,2026-06-01T14:56:03,227,Traffic congestion,medium,Traffic congestion affecting line 125 (medium severity)
DIS-905627,SWWD,R14,2026-06-21T15:52:15,2026-06-21T17:16:15,84,Roadworks,low,Roadworks affecting line R14 (low severity)
DIS-805555,SVCT,205,2026-07-09T23:27:41,2026-07-10T01:41:41,134,Driver shortage,severe,Driver shortage affecting line 205 (severe severity)
DIS-516043,SQ,TW2,2026-06-04T13:23:51,2026-06-04T13:39:51,16,Severe weather,medium,Severe weather affecting line TW2 (medium severity)
DIS-800404,WDBC,125,2026-05-07T03:27:36,2026-05-07T03:59:36,32,Diversion,high,Diversion affecting line 125 (high severity)
DIS-746663,WDBC,U3,2026-06-21T00:31:47,2026-06-21T04:28:47,237,Driver shortage,severe,Driver shortage affecting line U3 (severe severity)
DIS-778067,TDTR,1B,2026-05-29T01:37:13,2026-05-29T04:40:13,183,Road closure,medium,Road closure affecting line 1B (medium severity)
DIS-554237,BLUS,19a,2026-06-09T13:49:24,2026-06-09T14:46:24,57,Planned engineering works,low,Planned engineering works affecting line 19a (low severity)
DIS-841927,SWWD,R2,2026-06-02T13:25:35,2026-06-02T13:58:35,33,Traffic congestion,low,Traffic congestion affecting line R2 (low severity)
DIS-494158,UNIL,U2C,2026-05-23T20:20:44,2026-05-23T22:03:44,103,Roadworks,medium,Roadworks affecting line U2C (medium severity)
DIS-241886,SVCT,211,2026-05-04T01:52:43,2026-05-04T02:54:43,62,Planned engineering works,medium,Planned engineering works affecting line 211 (medium severity)
DIS-920000,SVCT,203,2026-07-17T10:40:40,2026-07-17T12:20:40,100,Vehicle breakdown,medium,Vehicle breakdown affecting line 203 (medium severity)
DIS-463014,WDBC,ONE,2026-06-11T00:58:05,2026-06-11T02:34:05,96,Accident on route,high,Accident on route affecting line ONE (high severity)
DIS-138703,SVCT,68,2026-06-13T11:54:32,2026-06-13T14:47:32,173,Accident on route,low,Accident on route affecting line 68 (low severity)
DIS-757467,TDTR,17,2026-06-10T12:07:19,2026-06-10T14:07:19,120,Severe weather,severe,Severe weather affecting line 17 (severe severity)
DIS-359324,WDBC,86,2026-06-05T06:17:01,2026-06-05T07:07:01,50,Severe weather,high,Severe weather affecting line 86 (high severity)
DIS-204274,BLUS,7,2026-06-25T15:22:27,2026-06-25T16:38:27,76,Accident on route,severe,Accident on route affecting line 7 (severe severity)
DIS-291129,TDTR,2,2026-06-05T16:30:22,2026-06-05T16:59:22,29,Vehicle breakdown,severe,Vehicle breakdown affecting line 2 (severe severity)
DIS-617890,WDBC,13A,2026-07-20T14:13:03,2026-07-20T15:41:03,88,Diversion,severe,Diversion affecting line 13A (severe severity)
DIS-405988,BLUS,QC,2026-05-20T21:42:26,2026-05-20T22:21:26,39,Planned engineering works,low,Planned engineering works affecting line QC (low severity)
DIS-951325,BLUS,17,2026-07-09T03:12:20,2026-07-09T03:56:20,44,Traffic congestion,low,Traffic congestion affecting line 17 (low severity)
DIS-433078,SVCT,202,2026-07-19T01:05:27,2026-07-19T02:26:27,81,Severe weather,low,Severe weather affecting line 202 (low severity)
DIS-594075,WDBC,940,2026-06-06T06:17:28,2026-06-06T08:38:28,141,Diversion,high,Diversion affecting line 940 (high severity)
DIS-666120,TDTR,42,2026-07-09T08:40:03,2026-07-09T10:31:03,111,Diversion,medium,Diversion affecting line 42 (medium severity)
DIS-313344,WDBC,26,2026-06-18T11:46:15,2026-06-18T14:14:15,148,Driver shortage,high,Driver shortage affecting line 26 (high severity)
DIS-125013,SVCT,39,2026-06-23T22:05:44,2026-06-23T23:03:44,58,Accident on route,medium,Accident on route affecting line 39 (medium severity)
DIS-770432,SVCT,200,2026-05-13T17:18:40,2026-05-13T19:59:40,161,Diversion,low,Diversion affecting line 200 (low severity)
DIS-339926,WDBC,L3,2026-04-28T10:48:49,2026-04-28T14:20:49,212,Accident on route,low,Accident on route affecting line L3 (low severity)
DIS-869375,TDTR,80,2026-06-27T18:20:47,2026-06-27T20:17:47,117,Traffic congestion,high,Traffic congestion affecting line 80 (high severity)
DIS-143298,SVCT,211,2026-05-09T11:54:16,2026-05-09T15:11:16,197,Planned engineering works,severe,Planned engineering works affecting line 211 (severe severity)
DIS-858797,WDBC,NFR,2026-05-28T16:35:05,2026-05-28T17:24:05,49,Severe weather,severe,Severe weather affecting line NFR (severe severity)
DIS-402661,TDTR,1A,2026-06-25T06:09:10,2026-06-25T06:57:10,48,Vehicle breakdown,high,Vehicle breakdown affecting line 1A (high severity)
DIS-221358,DAMY,CR7,2026-05-14T01:00:10,2026-05-14T02:31:10,91,Driver shortage,low,Driver shortage affecting line CR7 (low severity)
DIS-393880,TDTR,21,2026-07-15T05:53:26,2026-07-15T09:27:26,214,Accident on route,high,Accident on route affecting line 21 (high severity)
DIS-105825,SVCT,37,2026-06-09T07:32:36,2026-06-09T09:48:36,136,Driver shortage,medium,Driver shortage affecting line 37 (medium severity)
DIS-878739,BLUS,12,2026-05-29T18:58:58,2026-05-29T20:16:58,78,Planned engineering works,low,Planned engineering works affecting line 12 (low severity)
DIS-515941,SVCT,200,2026-04-28T12:38:55,2026-04-28T13:35:55,57,Roadworks,low,Roadworks affecting line 200 (low severity)
DIS-133823,BLUS,757,2026-05-15T09:41:30,2026-05-15T10:29:30,48,Planned engineering works,low,Planned engineering works affecting line 757 (low severity)
DIS-889781,BLUS,N18,2026-06-18T02:01:17,2026-06-18T02:44:17,43,Diversion,medium,Diversion affecting line N18 (medium severity)
DIS-774034,WDBC,RG2,2026-07-12T01:43:34,2026-07-12T03:01:34,78,Accident on route,low,Accident on route affecting line RG2 (low severity)
DIS-958959,SVCT,TNB,2026-06-09T18:19:51,2026-06-09T21:19:51,180,Diversion,medium,Diversion affecting line TNB (medium severity)
DIS-312913,WDBC,17,2026-06-02T15:13:47,2026-06-02T17:02:47,109,Road closure,severe,Road closure affecting line 17 (severe severity)
DIS-330140,WDBC,5,2026-06-08T14:15:21,2026-06-08T16:59:21,164,Vehicle breakdown,low,Vehicle breakdown affecting line 5 (low severity)
DIS-213285,SWWD,X7R,2026-05-31T09:57:25,2026-05-31T11:53:25,116,Severe weather,low,Severe weather affecting line X7R (low severity)
DIS-589090,WDBC,4,2026-06-15T12:02:00,2026-06-15T13:54:00,112,Diversion,severe,Diversion affecting line 4 (severe severity)
DIS-389545,SVCT,213,2026-05-26T03:56:55,2026-05-26T04:35:55,39,Accident on route,high,Accident on route affecting line 213 (high severity)
DIS-414998,WDBC,761,2026-05-03T05:20:49,2026-05-03T06:11:49,51,Accident on route,medium,Accident on route affecting line 761 (medium severity)
DIS-846292,SVCT,SL,2026-06-13T17:07:08,2026-06-13T18:01:08,54,Planned engineering works,high,Planned engineering works affecting line SL (high severity)
DIS-896455,SVCT,38,2026-06-10T00:01:16,2026-06-10T01:30:16,89,Planned engineering works,medium,Planned engineering works affecting line 38 (medium severity)
DIS-375747,WDBC,30,2026-06-20T12:43:56,2026-06-20T16:05:56,202,Planned engineering works,high,Planned engineering works affecting line 30 (high severity)
DIS-953813,WDBC,13,2026-05-17T22:58:57,2026-05-17T23:54:57,56,Driver shortage,severe,Driver shortage affecting line 13 (severe severity)
DIS-222695,SWWD,37,2026-06-14T21:53:43,2026-06-15T00:28:43,155,Accident on route,high,Accident on route affecting line 37 (high severity)
DIS-343670,WDBC,B,2026-05-31T21:40:10,2026-05-31T22:31:10,51,Driver shortage,medium,Driver shortage affecting line B (medium severity)
DIS-242636,BLUS,757,2026-06-21T18:57:32,2026-06-21T21:03:32,126,Traffic congestion,high,Traffic congestion affecting line 757 (high severity)
DIS-934031,WDBC,775,2026-06-30T03:21:36,2026-06-30T05:44:36,143,Severe weather,medium,Severe weather affecting line 775 (medium severity)
DIS-758701,SQ,DEAD,2026-06-21T09:06:01,2026-06-21T12:44:01,218,Road closure,severe,Road closure affecting line DEAD (severe severity)
DIS-828361,BLUS,14,2026-05-21T16:49:48,2026-05-21T18:40:48,111,Vehicle breakdown,low,Vehicle breakdown affecting line 14 (low severity)
DIS-945686,TDTR,R26,2026-06-08T20:01:13,2026-06-08T22:10:13,129,Diversion,medium,Diversion affecting line R26 (medium severity)
DIS-999164,SWWD,X7R,2026-06-22T00:07:32,2026-06-22T01:51:32,104,Traffic congestion,low,Traffic congestion affecting line X7R (low severity)
DIS-549249,SWWD,X2,2026-05-03T09:14:45,2026-05-03T09:38:45,24,Accident on route,severe,Accident on route affecting line X2 (severe severity)
DIS-938161,WDBC,Q7,2026-06-30T20:10:22,2026-06-30T22:08:22,118,Planned engineering works,high,Planned engineering works affecting line Q7 (high severity)
DIS-662838,WDBC,775,2026-04-28T14:07:33,2026-04-28T14:55:33,48,Roadworks,severe,Roadworks affecting line 775 (severe severity)
DIS-561182,WDBC,40,2026-04-23T09:39:01,2026-04-23T10:35:01,56,Planned engineering works,low,Planned engineering works affecting line 40 (low severity)
DIS-739506,WDBC,31,2026-05-08T07:25:49,2026-05-08T09:46:49,141,Vehicle breakdown,low,Vehicle breakdown affecting line 31 (low severity)
DIS-441127,SQ,TW2,2026-05-31T06:45:02,2026-05-31T10:35:02,230,Roadworks,medium,Roadworks affecting line TW2 (medium severity)
DIS-593259,SWWD,R14,2026-06-18T14:58:40,2026-06-18T17:30:40,152,Diversion,high,Diversion affecting line R14 (high severity)
DIS-467544,WDBC,25,2026-05-03T19:31:17,2026-05-03T21:26:17,115,Planned engineering works,high,Planned engineering works affecting line 25 (high severity)
DIS-103051,SWWD,2,2026-05-16T06:26:57,2026-05-16T07:28:57,62,Severe weather,medium,Severe weather affecting line 2 (medium severity)
DIS-343685,SWWD,987,2026-07-02T15:49:54,2026-07-02T16:14:54,25,Accident on route,low,Accident on route affecting line 987 (low severity)
DIS-354653,SWWD,X7R,2026-04-21T02:17:25,2026-04-21T06:06:25,229,Driver shortage,severe,Driver shortage affecting line X7R (severe severity)
DIS-343509,SWWD,X7,2026-07-19T11:30:46,2026-07-19T12:43:46,73,Accident on route,severe,Accident on route affecting line X7 (severe severity)
DIS-468530,WDBC,4,2026-07-06T17:56:44,2026-07-06T21:50:44,234,Driver shortage,high,Driver shortage affecting line 4 (high severity)
DIS-464315,BLUS,61,2026-06-20T09:21:43,2026-06-20T10:48:43,87,Road closure,low,Road closure affecting line 61 (low severity)
DIS-297385,WDBC,761,2026-05-13T15:30:44,2026-05-13T17:11:44,101,Driver shortage,low,Driver shortage affecting line 761 (low severity)
DIS-765634,SVCT,206,2026-06-02T02:32:24,2026-06-02T06:27:24,235,Vehicle breakdown,severe,Vehicle breakdown affecting line 206 (severe severity)
DIS-666063,TDTR,920,2026-05-06T10:54:32,2026-05-06T14:01:32,187,Road closure,severe,Road closure affecting line 920 (severe severity)
DIS-849615,WDBC,C,2026-05-11T06:26:02,2026-05-11T09:04:02,158,Vehicle breakdown,medium,Vehicle breakdown affecting line C (medium severity)
DIS-237513,WDBC,11,2026-07-03T16:15:30,2026-07-03T17:51:30,96,Diversion,severe,Diversion affecting line 11 (severe severity)
DIS-723881,SQ,TW1,2026-05-09T03:32:09,2026-05-09T05:08:09,96,Driver shortage,high,Driver shortage affecting line TW1 (high severity)
DIS-390006,WDBC,775,2026-05-13T18:06:16,2026-05-13T19:52:16,106,Vehicle breakdown,medium,Vehicle breakdown affecting line 775 (medium severity)
DIS-267826,SWWD,663,2026-05-04T13:34:31,2026-05-04T16:03:31,149,Road closure,low,Road closure affecting line 663 (low severity)
DIS-156504,SWWD,8,2026-06-17T21:21:15,2026-06-17T22:03:15,42,Accident on route,high,Accident on route affecting line 8 (high severity)
DIS-850585,TDTR,9,2026-05-13T13:44:46,2026-05-13T15:59:46,135,Severe weather,high,Severe weather affecting line 9 (high severity)
DIS-268952,WDBC,12,2026-05-28T19:24:46,2026-05-28T19:50:46,26,Roadworks,medium,Roadworks affecting line 12 (medium severity)
DIS-774149,SWWD,X7R,2026-05-03T22:28:13,2026-05-04T01:47:13,199,Traffic congestion,high,Traffic congestion affecting line X7R (high severity)
DIS-118831,SWWD,X2,2026-06-17T01:16:50,2026-06-17T01:47:50,31,Road closure,high,Road closure affecting line X2 (high severity)
DIS-285638,WDBC,7B,2026-06-02T08:12:31,2026-06-02T11:11:31,179,Diversion,high,Diversion affecting line 7B (high severity)
DIS-320167,SWWD,X4,2026-05-15T13:53:28,2026-05-15T16:58:28,185,Road closure,severe,Road closure affecting line X4 (severe severity)
DIS-447615,SWWD,PR11,2026-07-02T09:07:37,2026-07-02T11:59:37,172,Accident on route,low,Accident on route affecting line PR11 (low severity)
DIS-641299,BLUS,635,2026-05-31T08:20:11,2026-05-31T10:21:11,121,Traffic congestion,severe,Traffic congestion affecting line 635 (severe severity)
DIS-803250,TDTR,5,2026-05-26T03:58:26,2026-05-26T06:13:26,135,Severe weather,low,Severe weather affecting line 5 (low severity)
DIS-562561,DAMY,5,2026-05-04T16:55:15,2026-05-04T18:06:15,71,Driver shortage,low,Driver shortage affecting line 5 (low severity)
DIS-745946,WDBC,16,2026-06-17T19:35:42,2026-06-17T23:21:42,226,Driver shortage,medium,Driver shortage affecting line 16 (medium severity)
DIS-339658,WDBC,RG2,2026-05-18T20:03:29,2026-05-18T22:32:29,149,Traffic congestion,severe,Traffic congestion affecting line RG2 (severe severity)
DIS-781244,UNIL,U6C,2026-06-27T18:02:21,2026-06-27T20:57:21,175,Vehicle breakdown,low,Vehicle breakdown affecting line U6C (low severity)
DIS-314815,DAMY,949,2026-06-24T02:41:09,2026-06-24T06:29:09,228,Driver shortage,severe,Driver shortage affecting line 949 (severe severity)
DIS-507035,BLUS,PR1,2026-07-18T00:19:52,2026-07-18T01:02:52,43,Road closure,low,Road closure affecting line PR1 (low severity)
DIS-228563,BLUS,21,2026-06-17T07:22:22,2026-06-17T10:15:22,173,Severe weather,high,Severe weather affecting line 21 (high severity)
DIS-254025,TDTR,48,2026-05-03T18:28:17,2026-05-03T20:44:17,136,Vehicle breakdown,medium,Vehicle breakdown affecting line 48 (medium severity)
DIS-419660,SWWD,908,2026-07-11T06:40:41,2026-07-11T07:52:41,72,Traffic congestion,low,Traffic congestion affecting line 908 (low severity)
DIS-312839,SWWD,101,2026-04-30T17:36:01,2026-04-30T19:08:01,92,Accident on route,high,Accident on route affecting line 101 (high severity)
DIS-776936,WDBC,38,2026-07-10T14:45:16,2026-07-10T17:00:16,135,Accident on route,severe,Accident on route affecting line 38 (severe severity)
DIS-779110,WDBC,Q1,2026-07-15T02:49:18,2026-07-15T03:08:18,19,Traffic congestion,medium,Traffic congestion affecting line Q1 (medium severity)
DIS-245990,SWWD,X5,2026-07-15T10:04:06,2026-07-15T11:05:06,61,Planned engineering works,medium,Planned engineering works affecting line X5 (medium severity)
DIS-599899,SQ,TW1,2026-05-25T23:00:27,2026-05-26T00:32:27,92,Roadworks,low,Roadworks affecting line TW1 (low severity)
DIS-510336,SWWD,X7R,2026-04-30T08:21:07,2026-04-30T09:04:07,43,Diversion,severe,Diversion affecting line X7R (severe severity)
DIS-911070,TDTR,217,2026-06-02T11:15:51,2026-06-02T12:25:51,70,Planned engineering works,high,Planned engineering works affecting line 217 (high severity)
DIS-847407,UNIL,U2B,2026-06-30T00:56:47,2026-06-30T03:03:47,127,Driver shortage,severe,Driver shortage affecting line U2B (severe severity)
DIS-355759,UNIL,U1C,2026-05-13T15:13:58,2026-05-13T18:58:58,225,Driver shortage,medium,Driver shortage affecting line U1C (medium severity)
DIS-730950,SWWD,PR7,2026-07-09T13:16:19,2026-07-09T15:53:19,157,Diversion,low,Diversion affecting line PR7 (low severity)
DIS-295819,BLUS,2,2026-05-30T20:48:05,2026-05-30T22:29:05,101,Planned engineering works,medium,Planned engineering works affecting line 2 (medium severity)
DIS-293599,BLUS,4,2026-06-28T06:24:22,2026-06-28T07:32:22,68,Accident on route,medium,Accident on route affecting line 4 (medium severity)
DIS-795464,WDBC,16,2026-05-22T11:29:12,2026-05-22T12:08:12,39,Accident on route,low,Accident on route affecting line 16 (low severity)
DIS-670348,WDBC,24,2026-06-17T04:56:57,2026-06-17T05:43:57,47,Severe weather,low,Severe weather affecting line 24 (low severity)
DIS-497627,SWWD,978,2026-07-15T15:18:20,2026-07-15T19:10:20,232,Accident on route,high,Accident on route affecting line 978 (high severity)
DIS-787680,TDTR,120,2026-06-29T20:01:45,2026-06-29T21:56:45,115,Driver shortage,low,Driver shortage affecting line 120 (low severity)
DIS-473470,UNIL,U1C,2026-05-06T08:38:35,2026-05-06T09:16:35,38,Vehicle breakdown,high,Vehicle breakdown affecting line U1C (high severity)
DIS-964661,SWWD,101,2026-07-12T19:48:39,2026-07-12T22:10:39,142,Accident on route,low,Accident on route affecting line 101 (low severity)
DIS-106287,BLUS,539,2026-06-07T19:23:14,2026-06-07T23:14:14,231,Severe weather,severe,Severe weather affecting line 539 (severe severity)
DIS-227440,SVCT,202,2026-05-28T00:32:06,2026-05-28T02:25:06,113,Traffic congestion,severe,Traffic congestion affecting line 202 (severe severity)
DIS-290692,TDTR,NW2,2026-07-13T15:45:20,2026-07-13T18:34:20,169,Road closure,low,Road closure affecting line NW2 (low severity)
DIS-508917,SVCT,TDB,2026-05-23T07:43:13,2026-05-23T09:36:13,113,Planned engineering works,medium,Planned engineering works affecting line TDB (medium severity)
DIS-474903,WDBC,1C,2026-04-30T10:58:05,2026-04-30T11:42:05,44,Road closure,high,Road closure affecting line 1C (high severity)
DIS-483975,SWWD,PR7,2026-05-26T19:54:31,2026-05-26T20:58:31,64,Severe weather,low,Severe weather affecting line PR7 (low severity)
DIS-209110,BLUS,PR1,2026-05-01T19:20:07,2026-05-01T22:17:07,177,Roadworks,low,Roadworks affecting line PR1 (low severity)
DIS-566094,SWWD,R6,2026-06-11T08:42:10,2026-06-11T11:37:10,175,Traffic congestion,severe,Traffic congestion affecting line R6 (severe severity)
DIS-541452,UNIL,U1C,2026-06-20T19:30:50,2026-06-20T20:04:50,34,Vehicle breakdown,severe,Vehicle breakdown affecting line U1C (severe severity)
DIS-984371,TDTR,158,2026-06-06T09:50:05,2026-06-06T11:23:05,93,Roadworks,medium,Roadworks affecting line 158 (medium severity)
DIS-237718,SWWD,PR11,2026-06-28T10:47:00,2026-06-28T12:33:00,106,Driver shortage,low,Driver shortage affecting line PR11 (low severity)
DIS-352690,SVCT,3,2026-05-25T12:19:03,2026-05-25T14:41:03,142,Traffic congestion,high,Traffic congestion affecting line 3 (high severity)
DIS-792370,WDBC,Q7,2026-05-19T18:28:13,2026-05-19T18:51:13,23,Road closure,low,Road closure affecting line Q7 (low severity)
DIS-424707,SWWD,987,2026-04-21T18:35:59,2026-04-21T19:00:59,25,Diversion,low,Diversion affecting line 987 (low severity)
DIS-493440,WDBC,NFB,2026-06-02T20:51:58,2026-06-03T00:23:58,212,Vehicle breakdown,low,Vehicle breakdown affecting line NFB (low severity)
DIS-206028,WDBC,32,2026-06-11T09:25:45,2026-06-11T13:21:45,236,Severe weather,low,Severe weather affecting line 32 (low severity)
DIS-194518,SWWD,2,2026-05-27T14:08:36,2026-05-27T16:36:36,148,Roadworks,medium,Roadworks affecting line 2 (medium severity)
DIS-981274,SVCT,8,2026-05-13T20:12:44,2026-05-13T20:40:44,28,Vehicle breakdown,medium,Vehicle breakdown affecting line 8 (medium severity)
DIS-986285,WDBC,11,2026-05-28T13:51:54,2026-05-28T16:19:54,148,Traffic congestion,severe,Traffic congestion affecting line 11 (severe severity)
DIS-949224,SWWD,907,2026-06-04T17:01:50,2026-06-04T20:16:50,195,Roadworks,high,Roadworks affecting line 907 (high severity)
DIS-341367,WDBC,m2,2026-06-10T19:26:02,2026-06-10T21:10:02,104,Planned engineering works,medium,Planned engineering works affecting line m2 (medium severity)
DIS-232332,SWWD,101,2026-06-06T08:27:18,2026-06-06T10:59:18,152,Severe weather,low,Severe weather affecting line 101 (low severity)
DIS-402636,SWWD,907,2026-05-07T13:31:46,2026-05-07T16:23:46,172,Traffic congestion,low,Traffic congestion affecting line 907 (low severity)
DIS-967539,WDBC,38,2026-05-30T19:26:17,2026-05-30T23:04:17,218,Accident on route,severe,Accident on route affecting line 38 (severe severity)
DIS-343966,TDTR,X76,2026-07-13T08:06:58,2026-07-13T08:16:58,10,Road closure,low,Road closure affecting line X76 (low severity)
DIS-213233,SWWD,908,2026-07-03T08:48:29,2026-07-03T10:11:29,83,Planned engineering works,severe,Planned engineering works affecting line 908 (severe severity)
DIS-265916,TDTR,48A,2026-06-29T09:52:12,2026-06-29T10:13:12,21,Diversion,high,Diversion affecting line 48A (high severity)
DIS-530457,DAMY,5,2026-06-04T18:32:14,2026-06-04T20:38:14,126,Driver shortage,low,Driver shortage affecting line 5 (low severity)
DIS-783403,SVCT,207,2026-05-14T08:32:52,2026-05-14T09:54:52,82,Vehicle breakdown,medium,Vehicle breakdown affecting line 207 (medium severity)
DIS-252194,SVCT,2,2026-06-15T19:12:50,2026-06-15T20:48:50,96,Traffic congestion,medium,Traffic congestion affecting line 2 (medium severity)
DIS-366585,SWWD,663,2026-07-16T04:01:23,2026-07-16T07:51:23,230,Diversion,medium,Diversion affecting line 663 (medium severity)
DIS-400604,WDBC,25,2026-05-27T17:40:29,2026-05-27T19:36:29,116,Accident on route,low,Accident on route affecting line 25 (low severity)
DIS-577417,WDBC,26,2026-05-05T03:01:37,2026-05-05T05:02:37,121,Accident on route,low,Accident on route affecting line 26 (low severity)
DIS-681657,SVCT,22,2026-06-16T14:34:10,2026-06-16T15:34:10,60,Severe weather,high,Severe weather affecting line 22 (high severity)
DIS-190298,SQ,DEAD,2026-06-07T06:49:24,2026-06-07T07:45:24,56,Accident on route,low,Accident on route affecting line DEAD (low severity)
DIS-985828,SWWD,D3,2026-07-18T18:17:16,2026-07-18T19:43:16,86,Diversion,severe,Diversion affecting line D3 (severe severity)
DIS-108283,BLUS,5,2026-05-22T23:45:38,2026-05-23T01:27:38,102,Traffic congestion,severe,Traffic congestion affecting line 5 (severe severity)
DIS-812621,DAMY,CR7,2026-05-02T00:28:57,2026-05-02T01:44:57,76,Planned engineering works,high,Planned engineering works affecting line CR7 (high severity)
DIS-494906,WDBC,5,2026-05-04T07:55:36,2026-05-04T11:49:36,234,Diversion,severe,Diversion affecting line 5 (severe severity)
DIS-975093,SVCT,202,2026-06-02T19:53:07,2026-06-02T21:03:07,70,Planned engineering works,medium,Planned engineering works affecting line 202 (medium severity)
DIS-276911,SWWD,R1,2026-07-09T13:44:18,2026-07-09T15:53:18,129,Planned engineering works,severe,Planned engineering works affecting line R1 (severe severity)
DIS-110336,UNIL,U2B,2026-04-27T04:58:31,2026-04-27T05:22:31,24,Accident on route,medium,Accident on route affecting line U2B (medium severity)
DIS-320030,TDTR,X76,2026-05-03T20:30:30,2026-05-03T21:26:30,56,Planned engineering works,high,Planned engineering works affecting line X76 (high severity)
DIS-596751,BLUS,N18,2026-07-17T22:49:07,2026-07-18T00:27:07,98,Severe weather,medium,Severe weather affecting line N18 (medium severity)
DIS-550463,SWWD,908,2026-05-26T08:03:55,2026-05-26T09:36:55,93,Driver shortage,severe,Driver shortage affecting line 908 (severe severity)
DIS-930936,BLUS,NFG,2026-05-29T21:48:08,2026-05-29T22:25:08,37,Severe weather,medium,Severe weather affecting line NFG (medium severity)
DIS-190742,TDTR,152,2026-06-08T23:56:32,2026-06-09T02:09:32,133,Vehicle breakdown,low,Vehicle breakdown affecting line 152 (low severity)
DIS-741816,BLUS,1,2026-04-27T13:21:32,2026-04-27T16:05:32,164,Accident on route,severe,Accident on route affecting line 1 (severe severity)
DIS-351027,WDBC,15,2026-05-26T14:50:38,2026-05-26T18:23:38,213,Planned engineering works,high,Planned engineering works affecting line 15 (high severity)
DIS-302284,WDBC,7B,2026-04-30T11:59:11,2026-04-30T13:27:11,88,Diversion,medium,Diversion affecting line 7B (medium severity)
DIS-299236,UNIL,U6C,2026-07-16T00:29:12,2026-07-16T01:22:12,53,Driver shortage,severe,Driver shortage affecting line U6C (severe severity)
DIS-597889,SVCT,202,2026-07-18T06:13:10,2026-07-18T09:01:10,168,Diversion,medium,Diversion affecting line 202 (medium severity)
DIS-214698,SWWD,908,2026-05-28T05:32:33,2026-05-28T07:30:33,118,Diversion,high,Diversion affecting line 908 (high severity)
DIS-280081,SWWD,906,2026-04-29T16:21:58,2026-04-29T18:45:58,144,Driver shortage,medium,Driver shortage affecting line 906 (medium severity)
DIS-229333,BLUS,504,2026-07-12T01:42:26,2026-07-12T05:41:26,239,Diversion,medium,Diversion affecting line 504 (medium severity)
DIS-258940,WDBC,32,2026-07-02T08:52:49,2026-07-02T09:12:49,20,Planned engineering works,medium,Planned engineering works affecting line 32 (medium severity)
DIS-425686,SWWD,929,2026-05-09T22:52:56,2026-05-09T23:32:56,40,Accident on route,medium,Accident on route affecting line 929 (medium severity)
DIS-310173,WDBC,A,2026-07-20T22:53:35,2026-07-20T23:18:35,25,Diversion,high,Diversion affecting line A (high severity)
DIS-259623,WDBC,X3,2026-06-12T19:43:00,2026-06-12T21:26:00,103,Accident on route,severe,Accident on route affecting line X3 (severe severity)
DIS-103618,WDBC,C,2026-07-10T16:08:01,2026-07-10T17:56:01,108,Traffic congestion,medium,Traffic congestion affecting line C (medium severity)
DIS-444510,WDBC,Q7,2026-06-04T23:10:01,2026-06-05T01:07:01,117,Road closure,severe,Road closure affecting line Q7 (severe severity)
DIS-549721,SQ,TB1,2026-05-06T20:55:55,2026-05-07T00:48:55,233,Driver shortage,severe,Driver shortage affecting line TB1 (severe severity)
DIS-864183,TDTR,12,2026-05-21T19:13:14,2026-05-21T21:19:14,126,Roadworks,medium,Roadworks affecting line 12 (medium severity)
DIS-280399,WDBC,14,2026-05-23T22:05:02,2026-05-24T00:54:02,169,Planned engineering works,low,Planned engineering works affecting line 14 (low severity)
DIS-758486,WDBC,1B,2026-04-21T06:54:27,2026-04-21T07:36:27,42,Traffic congestion,low,Traffic congestion affecting line 1B (low severity)
DIS-203559,SVCT,209,2026-07-07T01:21:14,2026-07-07T02:17:14,56,Roadworks,severe,Roadworks affecting line 209 (severe severity)
DIS-865477,WDBC,NFR,2026-04-29T21:32:40,2026-04-29T22:17:40,45,Roadworks,medium,Roadworks affecting line NFR (medium severity)
DIS-838550,WDBC,17,2026-07-14T14:04:44,2026-07-14T17:47:44,223,Driver shortage,severe,Driver shortage affecting line 17 (severe severity)
DIS-284545,TDTR,R26,2026-05-25T09:45:53,2026-05-25T13:04:53,199,Accident on route,medium,Accident on route affecting line R26 (medium severity)
DIS-589770,WDBC,7A,2026-05-10T07:17:54,2026-05-10T08:44:54,87,Accident on route,severe,Accident on route affecting line 7A (severe severity)
DIS-109767,SWWD,X5,2026-07-18T11:15:39,2026-07-18T11:39:39,24,Traffic congestion,medium,Traffic congestion affecting line X5 (medium severity)
DIS-572101,UNIL,U2B,2026-05-16T16:27:22,2026-05-16T18:43:22,136,Accident on route,high,Accident on route affecting line U2B (high severity)
DIS-645846,SQ,TM1,2026-04-25T22:58:06,2026-04-25T23:34:06,36,Planned engineering works,severe,Planned engineering works affecting line TM1 (severe severity)
DIS-849084,WDBC,X3,2026-07-16T04:58:01,2026-07-16T07:14:01,136,Diversion,severe,Diversion affecting line X3 (severe severity)
DIS-893353,WDBC,5,2026-07-08T12:40:00,2026-07-08T14:48:00,128,Driver shortage,low,Driver shortage affecting line 5 (low severity)
DIS-138552,WDBC,B,2026-05-26T17:07:29,2026-05-26T18:11:29,64,Vehicle breakdown,high,Vehicle breakdown affecting line B (high severity)
DIS-844803,SWWD,929,2026-05-03T08:29:18,2026-05-03T12:15:18,226,Driver shortage,high,Driver shortage affecting line 929 (high severity)
DIS-246403,TDTR,X46,2026-06-01T16:13:42,2026-06-01T18:41:42,148,Road closure,high,Road closure affecting line X46 (high severity)
DIS-285824,TDTR,16,2026-06-09T16:57:56,2026-06-09T19:20:56,143,Severe weather,medium,Severe weather affecting line 16 (medium severity)
DIS-301054,SWWD,44,2026-05-05T16:43:03,2026-05-05T17:56:03,73,Vehicle breakdown,medium,Vehicle breakdown affecting line 44 (medium severity)
DIS-726287,WDBC,31,2026-06-03T00:50:50,2026-06-03T04:10:50,200,Diversion,low,Diversion affecting line 31 (low severity)
DIS-305603,TDTR,X76,2026-07-14T17:35:02,2026-07-14T17:55:02,20,Severe weather,severe,Severe weather affecting line X76 (severe severity)
DIS-502283,UNIL,U1A,2026-06-22T02:46:22,2026-06-22T05:02:22,136,Roadworks,high,Roadworks affecting line U1A (high severity)
DIS-330938,WDBC,941,2026-06-20T21:56:55,2026-06-20T22:25:55,29,Accident on route,high,Accident on route affecting line 941 (high severity)
DIS-709372,TDTR,12,2026-06-25T07:29:59,2026-06-25T09:18:59,109,Accident on route,high,Accident on route affecting line 12 (high severity)
DIS-554407,TDTR,22,2026-06-16T09:08:26,2026-06-16T11:35:26,147,Diversion,high,Diversion affecting line 22 (high severity)
DIS-544850,WDBC,m1,2026-05-31T02:37:40,2026-05-31T06:35:40,238,Accident on route,low,Accident on route affecting line m1 (low severity)
DIS-114758,SVCT,203,2026-06-15T15:18:59,2026-06-15T17:02:59,104,Planned engineering works,medium,Planned engineering works affecting line 203 (medium severity)
DIS-575160,WDBC,20,2026-06-18T06:16:45,2026-06-18T09:30:45,194,Road closure,low,Road closure affecting line 20 (low severity)
DIS-202460,WDBC,X3,2026-06-28T09:08:05,2026-06-28T10:52:05,104,Diversion,low,Diversion affecting line X3 (low severity)
DIS-675434,BLUS,N18,2026-05-11T12:04:35,2026-05-11T15:14:35,190,Vehicle breakdown,medium,Vehicle breakdown affecting line N18 (medium severity)
DIS-659872,SWWD,44,2026-06-24T17:29:33,2026-06-24T19:16:33,107,Traffic congestion,medium,Traffic congestion affecting line 44 (medium severity)
DIS-698661,SVCT,201,2026-06-18T04:28:29,2026-06-18T07:19:29,171,Severe weather,high,Severe weather affecting line 201 (high severity)
DIS-612213,BLUS,757,2026-04-22T04:31:34,2026-04-22T05:57:34,86,Diversion,high,Diversion affecting line 757 (high severity)
DIS-918761,SWWD,R8,2026-05-05T19:22:27,2026-05-05T22:34:27,192,Planned engineering works,severe,Planned engineering works affecting line R8 (severe severity)
DIS-852263,WDBC,L5,2026-07-06T20:03:56,2026-07-06T23:27:56,204,Diversion,severe,Diversion affecting line L5 (severe severity)
DIS-517553,SWWD,PR7,2026-04-30T02:48:15,2026-04-30T04:56:15,128,Accident on route,high,Accident on route affecting line PR7 (high severity)
DIS-321243,SWWD,X7R,2026-07-10T14:09:10,2026-07-10T17:47:10,218,Roadworks,medium,Roadworks affecting line X7R (medium severity)
DIS-200643,SVCT,202,2026-07-09T02:09:17,2026-07-09T05:05:17,176,Driver shortage,low,Driver shortage affecting line 202 (low severity)
DIS-996462,BLUS,538,2026-07-14T04:12:07,2026-07-14T08:05:07,233,Road closure,severe,Road closure affecting line 538 (severe severity)
DIS-104514,SWWD,X7R,2026-05-16T16:14:29,2026-05-16T18:39:29,145,Traffic congestion,low,Traffic congestion affecting line X7R (low severity)
DIS-122200,BLUS,757,2026-07-10T12:52:20,2026-07-10T14:59:20,127,Accident on route,low,Accident on route affecting line 757 (low severity)
DIS-253871,DAMY,20,2026-05-11T05:23:54,2026-05-11T07:39:54,136,Diversion,low,Diversion affecting line 20 (low severity)
DIS-530218,SWWD,MHDRT,2026-07-18T19:24:28,2026-07-18T23:22:28,238,Severe weather,severe,Severe weather affecting line MHDRT (severe severity)
DIS-956667,SWWD,101,2026-05-12T08:11:48,2026-05-12T11:37:48,206,Driver shortage,low,Driver shortage affecting line 101 (low severity)
DIS-784508,WDBC,60,2026-07-18T08:38:25,2026-07-18T10:11:25,93,Driver shortage,severe,Driver shortage affecting line 60 (severe severity)
DIS-885092,BLUS,19,2026-06-03T14:44:24,2026-06-03T17:24:24,160,Diversion,low,Diversion affecting line 19 (low severity)
DIS-932117,SQ,DEAD,2026-04-23T01:59:57,2026-04-23T04:21:57,142,Diversion,high,Diversion affecting line DEAD (high severity)
DIS-350178,SVCT,3,2026-06-05T03:07:22,2026-06-05T04:36:22,89,Planned engineering works,high,Planned engineering works affecting line 3 (high severity)
DIS-959047,TDTR,16,2026-06-10T15:34:30,2026-06-10T16:08:30,34,Diversion,low,Diversion affecting line 16 (low severity)
DIS-574944,WDBC,8,2026-07-09T01:01:33,2026-07-09T01:25:33,24,Roadworks,high,Roadworks affecting line 8 (high severity)
DIS-253274,WDBC,RG2,2026-05-24T05:30:46,2026-05-24T07:26:46,116,Planned engineering works,high,Planned engineering works affecting line RG2 (high severity)
DIS-338545,WDBC,81,2026-07-11T00:18:39,2026-07-11T00:50:39,32,Accident on route,high,Accident on route affecting line 81 (high severity)
DIS-365051,WDBC,25,2026-06-23T09:29:10,2026-06-23T09:49:10,20,Vehicle breakdown,low,Vehicle breakdown affecting line 25 (low severity)
DIS-329497,BLUS,12,2026-04-24T10:37:28,2026-04-24T11:33:28,56,Severe weather,severe,Severe weather affecting line 12 (severe severity)
DIS-539292,SWWD,987,2026-06-01T09:30:18,2026-06-01T09:46:18,16,Accident on route,low,Accident on route affecting line 987 (low severity)
DIS-112968,WDBC,L3,2026-06-26T08:05:30,2026-06-26T08:18:30,13,Driver shortage,low,Driver shortage affecting line L3 (low severity)
DIS-836920,WDBC,777,2026-07-15T07:42:54,2026-07-15T10:16:54,154,Roadworks,high,Roadworks affecting line 777 (high severity)
DIS-773695,BLUS,19a,2026-07-02T21:09:18,2026-07-03T00:09:18,180,Traffic congestion,high,Traffic congestion affecting line 19a (high severity)
DIS-334529,SVCT,2,2026-07-03T11:37:30,2026-07-03T13:30:30,113,Traffic congestion,high,Traffic congestion affecting line 2 (high severity)
DIS-205659,SVCT,38,2026-06-15T01:59:33,2026-06-15T02:56:33,57,Severe weather,severe,Severe weather affecting line 38 (severe severity)
DIS-997408,SVCT,59,2026-06-25T15:50:04,2026-06-25T18:42:04,172,Planned engineering works,low,Planned engineering works affecting line 59 (low severity)
DIS-745527,WDBC,12,2026-06-05T21:31:44,2026-06-05T23:40:44,129,Roadworks,high,Roadworks affecting line 12 (high severity)
DIS-659552,SWWD,987,2026-05-30T05:22:10,2026-05-30T08:52:10,210,Traffic congestion,low,Traffic congestion affecting line 987 (low severity)
DIS-526563,TDTR,12,2026-06-17T16:01:14,2026-06-17T16:36:14,35,Traffic congestion,high,Traffic congestion affecting line 12 (high severity)
DIS-511580,WDBC,744,2026-05-23T04:16:35,2026-05-23T04:29:35,13,Accident on route,low,Accident on route affecting line 744 (low severity)
DIS-104958,SVCT,9,2026-04-27T17:33:47,2026-04-27T18:32:47,59,Road closure,high,Road closure affecting line 9 (high severity)
DIS-530998,SVCT,38,2026-07-20T17:58:04,2026-07-20T20:01:04,123,Accident on route,severe,Accident on route affecting line 38 (severe severity)
DIS-828873,TDTR,11,2026-07-15T04:26:42,2026-07-15T07:23:42,177,Road closure,severe,Road closure affecting line 11 (severe severity)
DIS-706575,WDBC,X3,2026-06-22T16:45:13,2026-06-22T19:15:13,150,Accident on route,high,Accident on route affecting line X3 (high severity)
DIS-186083,WDBC,m2,2026-05-22T14:52:31,2026-05-22T16:23:31,91,Vehicle breakdown,high,Vehicle breakdown affecting line m2 (high severity)
DIS-852373,TDTR,1B,2026-05-22T19:18:25,2026-05-22T20:00:25,42,Driver shortage,severe,Driver shortage affecting line 1B (severe severity)
DIS-518395,BLUS,19a,2026-05-18T22:48:56,2026-05-18T23:13:56,25,Roadworks,high,Roadworks affecting line 19a (high severity)
DIS-865081,SVCT,201,2026-04-26T06:45:51,2026-04-26T07:04:51,19,Planned engineering works,high,Planned engineering works affecting line 201 (high severity)
DIS-727039,WDBC,20,2026-05-30T18:26:15,2026-05-30T20:51:15,145,Planned engineering works,severe,Planned engineering works affecting line 20 (severe severity)
DIS-512609,SWWD,PR3,2026-07-11T22:15:27,2026-07-11T23:31:27,76,Traffic congestion,severe,Traffic congestion affecting line PR3 (severe severity)
DIS-644719,SWWD,906,2026-07-02T19:58:46,2026-07-02T21:23:46,85,Accident on route,medium,Accident on route affecting line 906 (medium severity)
DIS-589292,BLUS,19,2026-04-25T06:38:01,2026-04-25T06:52:01,14,Vehicle breakdown,high,Vehicle breakdown affecting line 19 (high severity)
DIS-153669,WDBC,X3,2026-07-13T00:18:43,2026-07-13T00:41:43,23,Traffic congestion,medium,Traffic congestion affecting line X3 (medium severity)
DIS-184749,SWWD,2,2026-06-21T02:08:34,2026-06-21T04:02:34,114,Roadworks,high,Roadworks affecting line 2 (high severity)
DIS-865202,WDBC,4,2026-07-18T16:12:04,2026-07-18T16:35:04,23,Diversion,low,Diversion affecting line 4 (low severity)
DIS-316263,SVCT,206,2026-06-01T15:07:57,2026-06-01T18:50:57,223,Road closure,high,Road closure affecting line 206 (high severity)
DIS-687475,BLUS,757,2026-05-06T00:01:41,2026-05-06T03:08:41,187,Roadworks,severe,Roadworks affecting line 757 (severe severity)
DIS-435724,BLUS,N18,2026-05-20T11:52:04,2026-05-20T12:29:04,37,Planned engineering works,severe,Planned engineering works affecting line N18 (severe severity)
DIS-944286,SWWD,X2,2026-06-02T15:49:39,2026-06-02T17:38:39,109,Vehicle breakdown,low,Vehicle breakdown affecting line X2 (low severity)
DIS-653042,TDTR,R26,2026-05-31T07:42:08,2026-05-31T10:50:08,188,Traffic congestion,low,Traffic congestion affecting line R26 (low severity)
DIS-824669,WDBC,940,2026-06-09T17:56:31,2026-06-09T21:21:31,205,Vehicle breakdown,medium,Vehicle breakdown affecting line 940 (medium severity)
DIS-990941,SWWD,901,2026-06-08T21:50:54,2026-06-08T23:51:54,121,Driver shortage,severe,Driver shortage affecting line 901 (severe severity)
DIS-948151,SWWD,603,2026-05-13T00:04:31,2026-05-13T01:23:31,79,Accident on route,high,Accident on route affecting line 603 (high severity)
DIS-937175,SVCT,22,2026-06-19T22:16:30,2026-06-20T02:10:30,234,Severe weather,high,Severe weather affecting line 22 (high severity)
DIS-217563,SVCT,7,2026-05-19T02:22:52,2026-05-19T05:43:52,201,Roadworks,medium,Roadworks affecting line 7 (medium severity)
DIS-397776,SWWD,603,2026-07-10T06:09:27,2026-07-10T09:32:27,203,Diversion,severe,Diversion affecting line 603 (severe severity)
DIS-702674,WDBC,C,2026-05-12T15:51:56,2026-05-12T18:23:56,152,Vehicle breakdown,low,Vehicle breakdown affecting line C (low severity)
DIS-476302,SWWD,927,2026-05-26T18:00:11,2026-05-26T18:41:11,41,Severe weather,low,Severe weather affecting line 927 (low severity)
DIS-228572,TDTR,2,2026-05-15T15:57:49,2026-05-15T16:14:49,17,Roadworks,severe,Roadworks affecting line 2 (severe severity)
DIS-113223,SWWD,26,2026-06-28T02:10:30,2026-06-28T05:14:30,184,Diversion,medium,Diversion affecting line 26 (medium severity)
DIS-581800,WDBC,24,2026-07-19T02:38:10,2026-07-19T03:43:10,65,Roadworks,severe,Roadworks affecting line 24 (severe severity)
DIS-791360,WDBC,3,2026-05-25T18:38:34,2026-05-25T22:21:34,223,Roadworks,severe,Roadworks affecting line 3 (severe severity)
DIS-742699,SWWD,926,2026-05-19T21:32:25,2026-05-20T01:10:25,218,Planned engineering works,low,Planned engineering works affecting line 926 (low severity)
DIS-894236,BLUS,757,2026-07-13T18:01:30,2026-07-13T21:30:30,209,Accident on route,severe,Accident on route affecting line 757 (severe severity)
DIS-258077,WDBC,m1,2026-07-19T15:52:00,2026-07-19T17:16:00,84,Traffic congestion,high,Traffic congestion affecting line m1 (high severity)
DIS-548345,SVCT,6,2026-05-03T22:25:58,2026-05-03T22:44:58,19,Planned engineering works,high,Planned engineering works affecting line 6 (high severity)
DIS-403580,SWWD,926,2026-07-02T18:34:00,2026-07-02T19:26:00,52,Driver shortage,low,Driver shortage affecting line 926 (low severity)
DIS-358879,SWWD,929,2026-05-16T16:13:39,2026-05-16T19:38:39,205,Diversion,medium,Diversion affecting line 929 (medium severity)
DIS-350001,BLUS,19,2026-06-20T04:34:33,2026-06-20T05:31:33,57,Accident on route,severe,Accident on route affecting line 19 (severe severity)
DIS-350388,SWWD,663,2026-07-03T16:00:46,2026-07-03T16:32:46,32,Diversion,medium,Diversion affecting line 663 (medium severity)
DIS-734029,SWWD,650,2026-05-22T22:18:30,2026-05-22T23:50:30,92,Vehicle breakdown,low,Vehicle breakdown affecting line 650 (low severity)
DIS-331385,SWWD,R14,2026-05-30T16:12:29,2026-05-30T19:20:29,188,Accident on route,high,Accident on route affecting line R14 (high severity)
DIS-368782,BLUS,28,2026-06-16T04:12:49,2026-06-16T05:11:49,59,Accident on route,high,Accident on route affecting line 28 (high severity)
DIS-991573,BLUS,9,2026-05-17T06:16:57,2026-05-17T09:22:57,186,Road closure,high,Road closure affecting line 9 (high severity)
DIS-542285,SVCT,39,2026-06-06T06:59:23,2026-06-06T09:55:23,176,Vehicle breakdown,low,Vehicle breakdown affecting line 39 (low severity)
DIS-533793,TDTR,1,2026-05-02T10:15:28,2026-05-02T12:20:28,125,Road closure,medium,Road closure affecting line 1 (medium severity)
DIS-604040,TDTR,X76,2026-04-28T06:28:01,2026-04-28T09:48:01,200,Diversion,medium,Diversion affecting line X76 (medium severity)
DIS-268200,SVCT,207,2026-04-30T09:43:23,2026-04-30T11:14:23,91,Vehicle breakdown,low,Vehicle breakdown affecting line 207 (low severity)
DIS-886764,SWWD,25,2026-05-04T22:13:57,2026-05-05T02:02:57,229,Driver shortage,severe,Driver shortage affecting line 25 (severe severity)
DIS-130697,WDBC,1C,2026-06-24T19:53:18,2026-06-24T22:52:18,179,Diversion,medium,Diversion affecting line 1C (medium severity)
DIS-119594,SWWD,R8,2026-05-01T13:27:12,2026-05-01T13:39:12,12,Road closure,medium,Road closure affecting line R8 (medium severity)
DIS-297017,WDBC,86,2026-05-27T14:01:31,2026-05-27T16:08:31,127,Severe weather,low,Severe weather affecting line 86 (low severity)
DIS-995955,TDTR,5,2026-07-01T17:43:08,2026-07-01T20:10:08,147,Roadworks,medium,Roadworks affecting line 5 (medium severity)
DIS-975958,WDBC,125,2026-07-15T17:06:07,2026-07-15T21:05:07,239,Vehicle breakdown,medium,Vehicle breakdown affecting line 125 (medium severity)
DIS-319007,SVCT,6,2026-05-07T19:50:35,2026-05-07T21:39:35,109,Accident on route,low,Accident on route affecting line 6 (low severity)
DIS-247914,WDBC,4,2026-07-14T18:37:30,2026-07-14T22:36:30,239,Roadworks,medium,Roadworks affecting line 4 (medium severity)
DIS-633108,SVCT,TNB,2026-06-24T06:43:48,2026-06-24T07:06:48,23,Driver shortage,high,Driver shortage affecting line TNB (high severity)
DIS-789198,TDTR,159,2026-05-12T18:05:57,2026-05-12T19:55:57,110,Vehicle breakdown,severe,Vehicle breakdown affecting line 159 (severe severity)
DIS-469232,SVCT,205,2026-06-14T17:38:41,2026-06-14T20:47:41,189,Vehicle breakdown,medium,Vehicle breakdown affecting line 205 (medium severity)
DIS-909696,SVCT,22,2026-05-20T23:05:19,2026-05-20T23:34:19,29,Roadworks,high,Roadworks affecting line 22 (high severity)
DIS-534614,UNIL,U2C,2026-04-26T03:22:24,2026-04-26T06:52:24,210,Driver shortage,high,Driver shortage affecting line U2C (high severity)
DIS-691795,TDTR,158,2026-05-02T02:10:04,2026-05-02T03:39:04,89,Planned engineering works,severe,Planned engineering works affecting line 158 (severe severity)
DIS-909389,WDBC,30,2026-06-25T10:52:42,2026-06-25T13:37:42,165,Traffic congestion,low,Traffic congestion affecting line 30 (low severity)
DIS-591384,BLUS,3,2026-06-07T10:10:35,2026-06-07T12:40:35,150,Accident on route,high,Accident on route affecting line 3 (high severity)
DIS-197124,SWWD,PR11,2026-07-03T20:57:06,2026-07-03T21:33:06,36,Roadworks,high,Roadworks affecting line PR11 (high severity)
DIS-951913,WDBC,RG2,2026-04-29T10:24:17,2026-04-29T12:23:17,119,Diversion,medium,Diversion affecting line RG2 (medium severity)
DIS-945947,SVCT,5,2026-07-10T23:32:39,2026-07-11T01:29:39,117,Planned engineering works,medium,Planned engineering works affecting line 5 (medium severity)
DIS-909066,WDBC,RG2,2026-04-27T17:21:24,2026-04-27T17:37:24,16,Traffic congestion,severe,Traffic congestion affecting line RG2 (severe severity)
DIS-438160,UNIL,U1C,2026-05-25T10:55:58,2026-05-25T13:27:58,152,Vehicle breakdown,low,Vehicle breakdown affecting line U1C (low severity)
DIS-125570,BLUS,19,2026-05-28T19:09:06,2026-05-28T23:06:06,237,Accident on route,high,Accident on route affecting line 19 (high severity)
DIS-665408,SWWD,X2,2026-05-24T02:48:39,2026-05-24T05:48:39,180,Planned engineering works,medium,Planned engineering works affecting line X2 (medium severity)
DIS-543448,BLUS,5,2026-04-24T10:38:39,2026-04-24T12:05:39,87,Driver shortage,medium,Driver shortage affecting line 5 (medium severity)
DIS-356528,TDTR,1B,2026-06-14T03:06:09,2026-06-14T05:16:09,130,Vehicle breakdown,high,Vehicle breakdown affecting line 1B (high severity)
DIS-464247,SVCT,SL,2026-07-07T05:07:02,2026-07-07T08:16:02,189,Severe weather,medium,Severe weather affecting line SL (medium severity)
DIS-639158,BLUS,7,2026-06-19T17:18:19,2026-06-19T18:31:19,73,Driver shortage,medium,Driver shortage affecting line 7 (medium severity)
DIS-825095,TDTR,158,2026-06-05T09:34:51,2026-06-05T11:46:51,132,Road closure,high,Road closure affecting line 158 (high severity)
DIS-237963,WDBC,C,2026-04-22T06:34:53,2026-04-22T09:03:53,149,Roadworks,high,Roadworks affecting line C (high severity)
DIS-245228,SWWD,2A,2026-06-09T18:29:28,2026-06-09T19:33:28,64,Accident on route,severe,Accident on route affecting line 2A (severe severity)
DIS-156452,UNIL,U6H,2026-06-11T03:02:41,2026-06-11T03:55:41,53,Driver shortage,low,Driver shortage affecting line U6H (low severity)
DIS-144735,DAMY,6,2026-07-15T20:28:38,2026-07-16T00:15:38,227,Diversion,medium,Diversion affecting line 6 (medium severity)
DIS-686064,TDTR,23,2026-05-26T22:07:58,2026-05-26T22:59:58,52,Diversion,severe,Diversion affecting line 23 (severe severity)
DIS-526410,WDBC,1B,2026-06-16T15:06:02,2026-06-16T18:09:02,183,Accident on route,severe,Accident on route affecting line 1B (severe severity)
DIS-124850,SQ,TB1,2026-06-11T01:35:43,2026-06-11T02:35:43,60,Severe weather,medium,Severe weather affecting line TB1 (medium severity)
DIS-515312,SVCT,1,2026-07-04T04:15:22,2026-07-04T05:09:22,54,Accident on route,severe,Accident on route affecting line 1 (severe severity)
DIS-495952,WDBC,31,2026-05-29T22:07:26,2026-05-29T23:36:26,89,Roadworks,low,Roadworks affecting line 31 (low severity)
DIS-826026,SVCT,22,2026-04-30T05:43:35,2026-04-30T08:07:35,144,Accident on route,medium,Accident on route affecting line 22 (medium severity)
DIS-662157,BLUS,19,2026-05-31T22:46:33,2026-06-01T02:10:33,204,Planned engineering works,medium,Planned engineering works affecting line 19 (medium severity)
DIS-218961,WDBC,30,2026-06-07T22:06:52,2026-06-07T22:51:52,45,Traffic congestion,severe,Traffic congestion affecting line 30 (severe severity)
DIS-357322,SWWD,101,2026-04-23T10:36:33,2026-04-23T12:45:33,129,Vehicle breakdown,high,Vehicle breakdown affecting line 101 (high severity)
DIS-467908,TDTR,80,2026-05-19T10:59:53,2026-05-19T14:24:53,205,Roadworks,medium,Roadworks affecting line 80 (medium severity)
DIS-825646,UNIL,U1A,2026-05-14T01:55:23,2026-05-14T05:55:23,240,Roadworks,high,Roadworks affecting line U1A (high severity)
DIS-590486,SWWD,603,2026-05-11T22:42:44,2026-05-12T01:44:44,182,Planned engineering works,medium,Planned engineering works affecting line 603 (medium severity)
DIS-674287,SVCT,38,2026-07-03T05:16:06,2026-07-03T07:59:06,163,Severe weather,low,Severe weather affecting line 38 (low severity)
DIS-208634,SWWD,PVDRT,2026-05-06T18:30:32,2026-05-06T18:49:32,19,Planned engineering works,medium,Planned engineering works affecting line PVDRT (medium severity)
DIS-920514,WDBC,737,2026-06-14T03:26:06,2026-06-14T05:53:06,147,Diversion,severe,Diversion affecting line 737 (severe severity)
DIS-434757,TDTR,14,2026-07-07T03:42:56,2026-07-07T05:10:56,88,Planned engineering works,high,Planned engineering works affecting line 14 (high severity)
DIS-979807,DAMY,CR9,2026-05-02T12:12:12,2026-05-02T13:34:12,82,Planned engineering works,high,Planned engineering works affecting line CR9 (high severity)
DIS-902666,UNIL,U1A,2026-07-20T15:34:07,2026-07-20T18:19:07,165,Severe weather,medium,Severe weather affecting line U1A (medium severity)
DIS-485767,WDBC,16,2026-07-18T04:09:23,2026-07-18T06:47:23,158,Severe weather,low,Severe weather affecting line 16 (low severity)
DIS-806108,TDTR,16,2026-05-31T02:52:14,2026-05-31T04:55:14,123,Roadworks,low,Roadworks affecting line 16 (low severity)
DIS-399442,BLUS,NFG,2026-04-27T22:23:33,2026-04-28T00:16:33,113,Vehicle breakdown,high,Vehicle breakdown affecting line NFG (high severity)
DIS-921508,WDBC,6,2026-07-04T18:41:23,2026-07-04T22:29:23,228,Diversion,medium,Diversion affecting line 6 (medium severity)
DIS-837024,WDBC,40,2026-06-01T04:31:25,2026-06-01T07:46:25,195,Severe weather,medium,Severe weather affecting line 40 (medium severity)
DIS-130723,BLUS,15,2026-05-15T21:14:02,2026-05-15T22:05:02,51,Roadworks,medium,Roadworks affecting line 15 (medium severity)
DIS-104506,SVCT,204,2026-07-12T17:23:53,2026-07-12T21:04:53,221,Planned engineering works,high,Planned engineering works affecting line 204 (high severity)
DIS-709692,DAMY,CR9,2026-04-28T18:05:23,2026-04-28T21:05:23,180,Diversion,low,Diversion affecting line CR9 (low severity)
DIS-311627,BLUS,2,2026-07-17T18:45:08,2026-07-17T20:02:08,77,Roadworks,low,Roadworks affecting line 2 (low severity)
DIS-781386,BLUS,15,2026-06-13T21:30:44,2026-06-13T22:37:44,67,Driver shortage,low,Driver shortage affecting line 15 (low severity)
DIS-474341,SVCT,209,2026-04-23T07:11:01,2026-04-23T08:21:01,70,Severe weather,severe,Severe weather affecting line 209 (severe severity)
DIS-822180,SWWD,29,2026-05-31T13:11:51,2026-05-31T13:39:51,28,Planned engineering works,low,Planned engineering works affecting line 29 (low severity)
DIS-802517,WDBC,16,2026-06-15T18:03:06,2026-06-15T19:20:06,77,Accident on route,severe,Accident on route affecting line 16 (severe severity)
DIS-216884,TDTR,13,2026-05-22T04:22:09,2026-05-22T07:31:09,189,Vehicle breakdown,medium,Vehicle breakdown affecting line 13 (medium severity)
DIS-791339,SVCT,214,2026-04-30T11:20:24,2026-04-30T11:45:24,25,Vehicle breakdown,medium,Vehicle breakdown affecting line 214 (medium severity)
DIS-674355,WDBC,33,2026-04-27T14:47:58,2026-04-27T15:02:58,15,Driver shortage,high,Driver shortage affecting line 33 (high severity)
DIS-925552,TDTR,156,2026-06-01T01:10:40,2026-06-01T05:07:40,237,Severe weather,high,Severe weather affecting line 156 (high severity)
DIS-632745,BLUS,QC,2026-07-07T05:27:04,2026-07-07T06:42:04,75,Vehicle breakdown,high,Vehicle breakdown affecting line QC (high severity)
DIS-290170,WDBC,36,2026-06-22T08:12:16,2026-06-22T11:59:16,227,Vehicle breakdown,medium,Vehicle breakdown affecting line 36 (medium severity)
DIS-550185,WDBC,82,2026-05-01T15:04:18,2026-05-01T19:03:18,239,Traffic congestion,low,Traffic congestion affecting line 82 (low severity)
DIS-974999,WDBC,33,2026-06-19T13:24:12,2026-06-19T15:59:12,155,Roadworks,low,Roadworks affecting line 33 (low severity)
DIS-958509,TDTR,158,2026-05-13T00:29:40,2026-05-13T01:53:40,84,Roadworks,low,Roadworks affecting line 158 (low severity)
DIS-141881,BLUS,24,2026-06-26T02:30:28,2026-06-26T03:08:28,38,Road closure,high,Road closure affecting line 24 (high severity)
DIS-431500,TDTR,17,2026-07-04T13:35:38,2026-07-04T14:05:38,30,Diversion,medium,Diversion affecting line 17 (medium severity)
DIS-495354,WDBC,7B,2026-06-24T09:01:03,2026-06-24T10:29:03,88,Severe weather,high,Severe weather affecting line 7B (high severity)
DIS-929836,UNIL,U1C,2026-07-14T13:29:46,2026-07-14T16:44:46,195,Diversion,severe,Diversion affecting line U1C (severe severity)
DIS-727321,SVCT,59,2026-04-26T05:59:32,2026-04-26T09:21:32,202,Severe weather,severe,Severe weather affecting line 59 (severe severity)
DIS-968444,SWWD,PR9,2026-05-13T22:34:04,2026-05-13T23:04:04,30,Road closure,high,Road closure affecting line PR9 (high severity)
DIS-297279,TDTR,42,2026-06-17T02:41:51,2026-06-17T03:09:51,28,Road closure,severe,Road closure affecting line 42 (severe severity)
DIS-476300,TDTR,156,2026-07-10T15:35:02,2026-07-10T19:19:02,224,Traffic congestion,medium,Traffic congestion affecting line 156 (medium severity)
DIS-643350,WDBC,898,2026-05-11T12:18:08,2026-05-11T16:16:08,238,Road closure,medium,Road closure affecting line 898 (medium severity)
DIS-231360,SWWD,937,2026-05-19T01:12:09,2026-05-19T02:55:09,103,Severe weather,medium,Severe weather affecting line 937 (medium severity)
DIS-298675,SVCT,12,2026-05-01T19:59:30,2026-05-01T23:51:30,232,Roadworks,low,Roadworks affecting line 12 (low severity)
DIS-780058,WDBC,m1,2026-05-11T02:31:08,2026-05-11T03:58:08,87,Diversion,severe,Diversion affecting line m1 (severe severity)
DIS-995411,WDBC,B,2026-07-05T12:59:03,2026-07-05T13:44:03,45,Severe weather,severe,Severe weather affecting line B (severe severity)
DIS-871205,WDBC,6,2026-05-29T17:36:32,2026-05-29T18:55:32,79,Planned engineering works,severe,Planned engineering works affecting line 6 (severe severity)
DIS-358708,WDBC,m1,2026-05-31T18:20:39,2026-05-31T18:53:39,33,Traffic congestion,medium,Traffic congestion affecting line m1 (medium severity)
DIS-364295,SWWD,PR7,2026-05-17T14:07:25,2026-05-17T14:49:25,42,Traffic congestion,medium,Traffic congestion affecting line PR7 (medium severity)
DIS-560664,BLUS,19a,2026-05-31T10:52:39,2026-05-31T11:56:39,64,Roadworks,low,Roadworks affecting line 19a (low severity)
DIS-196537,SWWD,PR11,2026-07-16T13:24:43,2026-07-16T16:13:43,169,Traffic congestion,high,Traffic congestion affecting line PR11 (high severity)
DIS-999076,WDBC,m1,2026-05-08T02:06:57,2026-05-08T05:21:57,195,Vehicle breakdown,medium,Vehicle breakdown affecting line m1 (medium severity)
DIS-167766,SWWD,PR7,2026-06-04T05:20:14,2026-06-04T06:19:14,59,Severe weather,medium,Severe weather affecting line PR7 (medium severity)
DIS-474927,WDBC,m2,2026-07-04T11:55:57,2026-07-04T14:00:57,125,Planned engineering works,medium,Planned engineering works affecting line m2 (medium severity)
DIS-699274,DAMY,CR7,2026-05-14T11:34:09,2026-05-14T11:51:09,17,Vehicle breakdown,medium,Vehicle breakdown affecting line CR7 (medium severity)
DIS-581244,SWWD,650,2026-04-28T09:40:24,2026-04-28T10:03:24,23,Planned engineering works,high,Planned engineering works affecting line 650 (high severity)
DIS-524589,SWWD,926,2026-07-05T06:28:20,2026-07-05T08:35:20,127,Accident on route,low,Accident on route affecting line 926 (low severity)
DIS-856576,SWWD,929,2026-05-23T18:32:58,2026-05-23T18:51:58,19,Roadworks,high,Roadworks affecting line 929 (high severity)
DIS-320115,SVCT,38,2026-05-08T02:34:42,2026-05-08T03:28:42,54,Vehicle breakdown,medium,Vehicle breakdown affecting line 38 (medium severity)
DIS-632470,WDBC,35,2026-05-01T08:47:10,2026-05-01T10:34:10,107,Driver shortage,high,Driver shortage affecting line 35 (high severity)
DIS-936610,TDTR,48A,2026-07-07T20:04:49,2026-07-07T20:32:49,28,Road closure,severe,Road closure affecting line 48A (severe severity)
DIS-104529,BLUS,QC,2026-07-10T03:20:30,2026-07-10T06:29:30,189,Traffic congestion,severe,Traffic congestion affecting line QC (severe severity)
DIS-623952,BLUS,QC,2026-05-24T06:24:58,2026-05-24T08:45:58,141,Severe weather,high,Severe weather affecting line QC (high severity)
DIS-167188,WDBC,13,2026-06-30T23:13:56,2026-07-01T01:53:56,160,Vehicle breakdown,medium,Vehicle breakdown affecting line 13 (medium severity)
DIS-403056,BLUS,3,2026-06-24T16:46:12,2026-06-24T18:34:12,108,Planned engineering works,severe,Planned engineering works affecting line 3 (severe severity)
DIS-340132,WDBC,112,2026-05-24T12:38:55,2026-05-24T16:16:55,218,Traffic congestion,medium,Traffic congestion affecting line 112 (medium severity)
DIS-491867,WDBC,24,2026-06-01T18:58:39,2026-06-01T22:30:39,212,Roadworks,high,Roadworks affecting line 24 (high severity)
DIS-209327,SWWD,906,2026-06-25T22:02:08,2026-06-26T00:37:08,155,Road closure,medium,Road closure affecting line 906 (medium severity)
DIS-285814,SVCT,TSS,2026-05-11T12:26:04,2026-05-11T16:07:04,221,Traffic congestion,low,Traffic congestion affecting line TSS (low severity)
DIS-386326,WDBC,35,2026-06-02T16:30:40,2026-06-02T17:13:40,43,Traffic congestion,severe,Traffic congestion affecting line 35 (severe severity)
DIS-376701,SWWD,66,2026-05-15T00:03:55,2026-05-15T01:19:55,76,Traffic congestion,severe,Traffic congestion affecting line 66 (severe severity)
DIS-100278,WDBC,X3,2026-05-26T08:19:51,2026-05-26T11:26:51,187,Traffic congestion,high,Traffic congestion affecting line X3 (high severity)
DIS-632813,SVCT,SL,2026-06-07T20:22:24,2026-06-07T21:40:24,78,Roadworks,low,Roadworks affecting line SL (low severity)
DIS-718040,WDBC,119,2026-07-10T17:18:27,2026-07-10T18:02:27,44,Planned engineering works,medium,Planned engineering works affecting line 119 (medium severity)
DIS-391361,SVCT,211,2026-06-10T12:11:13,2026-06-10T14:14:13,123,Traffic congestion,low,Traffic congestion affecting line 211 (low severity)
DIS-840243,SWWD,625,2026-07-06T17:54:07,2026-07-06T19:32:07,98,Roadworks,severe,Roadworks affecting line 625 (severe severity)
DIS-644711,SVCT,39,2026-05-22T07:37:36,2026-05-22T10:33:36,176,Vehicle breakdown,high,Vehicle breakdown affecting line 39 (high severity)
DIS-246683,SWWD,926,2026-05-10T14:55:17,2026-05-10T15:53:17,58,Vehicle breakdown,low,Vehicle breakdown affecting line 926 (low severity)
DIS-241894,SWWD,603,2026-06-21T04:46:07,2026-06-21T05:18:07,32,Traffic congestion,severe,Traffic congestion affecting line 603 (severe severity)
DIS-403367,WDBC,30,2026-04-23T14:08:58,2026-04-23T16:10:58,122,Road closure,high,Road closure affecting line 30 (high severity)
DIS-819392,BLUS,5,2026-06-04T19:40:51,2026-06-04T21:54:51,134,Driver shortage,medium,Driver shortage affecting line 5 (medium severity)
DIS-234873,WDBC,21,2026-05-17T21:51:48,2026-05-17T22:24:48,33,Planned engineering works,low,Planned engineering works affecting line 21 (low severity)
DIS-391423,SWWD,D2,2026-06-22T13:39:55,2026-06-22T17:08:55,209,Driver shortage,severe,Driver shortage affecting line D2 (severe severity)
DIS-116656,SWWD,650,2026-06-13T09:46:25,2026-06-13T12:08:25,142,Vehicle breakdown,low,Vehicle breakdown affecting line 650 (low severity)
DIS-898655,SQ,TM1,2026-05-18T09:13:42,2026-05-18T09:27:42,14,Accident on route,high,Accident on route affecting line TM1 (high severity)
DIS-967012,WDBC,m1,2026-06-08T05:24:44,2026-06-08T08:48:44,204,Traffic congestion,severe,Traffic congestion affecting line m1 (severe severity)
DIS-372293,BLUS,QC,2026-05-28T23:04:51,2026-05-29T02:53:51,229,Driver shortage,low,Driver shortage affecting line QC (low severity)
DIS-667986,WDBC,38,2026-06-29T09:15:45,2026-06-29T12:13:45,178,Driver shortage,high,Driver shortage affecting line 38 (high severity)
DIS-924442,WDBC,Q7,2026-07-12T14:48:08,2026-07-12T17:36:08,168,Accident on route,medium,Accident on route affecting line Q7 (medium severity)
DIS-114212,WDBC,Q7,2026-05-07T01:27:04,2026-05-07T03:57:04,150,Vehicle breakdown,low,Vehicle breakdown affecting line Q7 (low severity)
DIS-231962,WDBC,10,2026-06-19T18:26:56,2026-06-19T20:41:56,135,Driver shortage,medium,Driver shortage affecting line 10 (medium severity)
DIS-616012,SVCT,5,2026-06-16T19:01:03,2026-06-16T19:38:03,37,Vehicle breakdown,low,Vehicle breakdown affecting line 5 (low severity)
DIS-130864,WDBC,C,2026-06-08T00:38:24,2026-06-08T02:13:24,95,Diversion,medium,Diversion affecting line C (medium severity)
DIS-734495,SWWD,PR3,2026-05-28T15:30:27,2026-05-28T19:22:27,232,Accident on route,medium,Accident on route affecting line PR3 (medium severity)
DIS-274086,SWWD,R12,2026-07-05T00:42:50,2026-07-05T03:54:50,192,Planned engineering works,low,Planned engineering works affecting line R12 (low severity)
DIS-863749,TDTR,156,2026-05-02T01:50:54,2026-05-02T02:08:54,18,Diversion,medium,Diversion affecting line 156 (medium severity)
DIS-537964,SWWD,X7,2026-05-16T00:01:47,2026-05-16T03:26:47,205,Roadworks,low,Roadworks affecting line X7 (low severity)
DIS-196988,SWWD,PVDRT,2026-06-15T19:44:23,2026-06-15T20:16:23,32,Severe weather,low,Severe weather affecting line PVDRT (low severity)
DIS-378724,WDBC,13A,2026-04-22T15:35:10,2026-04-22T16:28:10,53,Planned engineering works,high,Planned engineering works affecting line 13A (high severity)
DIS-135627,BLUS,20,2026-05-16T13:01:00,2026-05-16T16:39:00,218,Road closure,high,Road closure affecting line 20 (high severity)
DIS-709524,TDTR,153,2026-06-02T14:43:23,2026-06-02T17:36:23,173,Diversion,severe,Diversion affecting line 153 (severe severity)
DIS-926883,SWWD,907,2026-04-27T19:45:20,2026-04-27T20:49:20,64,Traffic congestion,medium,Traffic congestion affecting line 907 (medium severity)
DIS-765845,SWWD,PR9,2026-06-16T18:34:52,2026-06-16T20:51:52,137,Severe weather,high,Severe weather affecting line PR9 (high severity)
DIS-362734,SWWD,R1,2026-04-21T18:15:58,2026-04-21T18:58:58,43,Roadworks,severe,Roadworks affecting line R1 (severe severity)
DIS-530151,WDBC,50,2026-05-20T02:36:21,2026-05-20T06:09:21,213,Accident on route,medium,Accident on route affecting line 50 (medium severity)
DIS-704008,SWWD,R1,2026-04-24T19:05:00,2026-04-24T22:39:00,214,Road closure,severe,Road closure affecting line R1 (severe severity)
DIS-397969,SWWD,PR7,2026-07-05T04:08:56,2026-07-05T07:35:56,207,Roadworks,high,Roadworks affecting line PR7 (high severity)
DIS-809520,SWWD,PR7,2026-06-18T17:28:20,2026-06-18T18:33:20,65,Severe weather,high,Severe weather affecting line PR7 (high severity)
DIS-132735,SVCT,68,2026-05-30T14:13:47,2026-05-30T16:35:47,142,Vehicle breakdown,severe,Vehicle breakdown affecting line 68 (severe severity)
DIS-849887,DAMY,1,2026-05-06T02:53:59,2026-05-06T05:21:59,148,Traffic congestion,medium,Traffic congestion affecting line 1 (medium severity)
DIS-204741,WDBC,L3,2026-05-16T20:02:10,2026-05-16T21:42:10,100,Accident on route,severe,Accident on route affecting line L3 (severe severity)
DIS-375290,SWWD,PR7,2026-05-06T21:34:33,2026-05-07T00:59:33,205,Driver shortage,severe,Driver shortage affecting line PR7 (severe severity)
DIS-379662,UNIL,U1C,2026-05-25T20:34:33,2026-05-25T23:27:33,173,Road closure,low,Road closure affecting line U1C (low severity)
DIS-172850,WDBC,15,2026-07-07T21:22:26,2026-07-08T00:28:26,186,Traffic congestion,low,Traffic congestion affecting line 15 (low severity)
DIS-331832,SWWD,29,2026-06-17T17:39:17,2026-06-17T18:15:17,36,Driver shortage,high,Driver shortage affecting line 29 (high severity)
DIS-633107,WDBC,761,2026-07-13T09:59:29,2026-07-13T12:30:29,151,Diversion,medium,Diversion affecting line 761 (medium severity)
DIS-979030,TDTR,R26,2026-05-10T13:25:37,2026-05-10T16:22:37,177,Traffic congestion,high,Traffic congestion affecting line R26 (high severity)
DIS-733716,BLUS,757,2026-05-27T13:48:10,2026-05-27T16:09:10,141,Planned engineering works,medium,Planned engineering works affecting line 757 (medium severity)
DIS-417680,TDTR,1A,2026-07-03T14:59:07,2026-07-03T17:31:07,152,Driver shortage,low,Driver shortage affecting line 1A (low severity)
DIS-866793,TDTR,1,2026-04-26T05:02:14,2026-04-26T06:54:14,112,Accident on route,severe,Accident on route affecting line 1 (severe severity)
DIS-379691,BLUS,19a,2026-05-06T00:39:15,2026-05-06T01:54:15,75,Planned engineering works,medium,Planned engineering works affecting line 19a (medium severity)
DIS-956037,DAMY,CR9,2026-06-28T16:52:21,2026-06-28T18:48:21,116,Traffic congestion,medium,Traffic congestion affecting line CR9 (medium severity)
DIS-215027,UNIL,U1C,2026-05-24T12:58:03,2026-05-24T14:39:03,101,Traffic congestion,low,Traffic congestion affecting line U1C (low severity)
DIS-439927,TDTR,842,2026-07-12T12:52:12,2026-07-12T15:28:12,156,Vehicle breakdown,medium,Vehicle breakdown affecting line 842 (medium severity)
DIS-651712,WDBC,775,2026-06-09T06:14:22,2026-06-09T08:44:22,150,Severe weather,severe,Severe weather affecting line 775 (severe severity)
DIS-173469,DAMY,949,2026-05-18T06:47:45,2026-05-18T09:58:45,191,Traffic congestion,severe,Traffic congestion affecting line 949 (severe severity)
DIS-683149,WDBC,762,2026-07-02T01:42:28,2026-07-02T04:16:28,154,Road closure,severe,Road closure affecting line 762 (severe severity)
DIS-625780,WDBC,L3,2026-06-06T10:06:45,2026-06-06T11:56:45,110,Road closure,low,Road closure affecting line L3 (low severity)
DIS-190254,WDBC,1B,2026-06-07T16:29:15,2026-06-07T17:12:15,43,Severe weather,medium,Severe weather affecting line 1B (medium severity)
DIS-979880,SWWD,66,2026-06-21T02:13:02,2026-06-21T04:16:02,123,Planned engineering works,high,Planned engineering works affecting line 66 (high severity)
DIS-244229,WDBC,112,2026-07-18T18:30:12,2026-07-18T20:31:12,121,Road closure,severe,Road closure affecting line 112 (severe severity)
DIS-799783,SWWD,R8,2026-05-02T20:26:04,2026-05-02T21:32:04,66,Planned engineering works,severe,Planned engineering works affecting line R8 (severe severity)
DIS-755344,WDBC,21,2026-06-21T12:06:16,2026-06-21T13:58:16,112,Traffic congestion,high,Traffic congestion affecting line 21 (high severity)
DIS-593168,TDTR,15,2026-05-11T00:09:20,2026-05-11T01:50:20,101,Accident on route,severe,Accident on route affecting line 15 (severe severity)
DIS-292963,BLUS,503,2026-05-12T07:18:16,2026-05-12T11:12:16,234,Severe weather,medium,Severe weather affecting line 503 (medium severity)
DIS-684041,WDBC,Q7,2026-04-21T16:10:03,2026-04-21T18:11:03,121,Diversion,medium,Diversion affecting line Q7 (medium severity)
DIS-260029,WDBC,18,2026-06-06T13:32:54,2026-06-06T17:31:54,239,Vehicle breakdown,severe,Vehicle breakdown affecting line 18 (severe severity)
DIS-891010,TDTR,158,2026-05-08T22:36:59,2026-05-09T01:30:59,174,Roadworks,medium,Roadworks affecting line 158 (medium severity)
DIS-133816,BLUS,PRH,2026-06-13T06:45:27,2026-06-13T09:04:27,139,Accident on route,high,Accident on route affecting line PRH (high severity)
DIS-901789,SWWD,29,2026-05-19T19:25:18,2026-05-19T20:11:18,46,Roadworks,high,Roadworks affecting line 29 (high severity)
DIS-103073,SVCT,2,2026-05-08T13:18:14,2026-05-08T16:08:14,170,Driver shortage,high,Driver shortage affecting line 2 (high severity)
DIS-665205,BLUS,5,2026-06-25T01:40:46,2026-06-25T05:32:46,232,Traffic congestion,low,Traffic congestion affecting line 5 (low severity)
DIS-306494,WDBC,1C,2026-06-22T20:46:47,2026-06-22T23:34:47,168,Diversion,low,Diversion affecting line 1C (low severity)
DIS-967424,TDTR,842,2026-07-13T22:03:20,2026-07-13T22:55:20,52,Driver shortage,severe,Driver shortage affecting line 842 (severe severity)
DIS-421924,WDBC,9,2026-06-06T22:34:31,2026-06-06T22:59:31,25,Traffic congestion,medium,Traffic congestion affecting line 9 (medium severity)
DIS-121753,SQ,TB1,2026-04-24T02:51:41,2026-04-24T04:09:41,78,Accident on route,severe,Accident on route affecting line TB1 (severe severity)
DIS-599657,SWWD,X2,2026-06-03T14:10:50,2026-06-03T18:10:50,240,Roadworks,high,Roadworks affecting line X2 (high severity)
DIS-912629,SVCT,5,2026-07-18T20:56:15,2026-07-18T22:41:15,105,Traffic congestion,severe,Traffic congestion affecting line 5 (severe severity)
DIS-739370,WDBC,RG2,2026-07-11T18:00:50,2026-07-11T18:51:50,51,Vehicle breakdown,medium,Vehicle breakdown affecting line RG2 (medium severity)
DIS-402668,DAMY,CR7,2026-05-15T18:25:09,2026-05-15T21:49:09,204,Roadworks,severe,Roadworks affecting line CR7 (severe severity)
DIS-855373,SVCT,68,2026-05-29T04:14:40,2026-05-29T06:32:40,138,Roadworks,severe,Roadworks affecting line 68 (severe severity)
DIS-497114,TDTR,42,2026-07-14T16:17:44,2026-07-14T19:07:44,170,Vehicle breakdown,medium,Vehicle breakdown affecting line 42 (medium severity)
DIS-154688,TDTR,X76,2026-06-14T20:28:37,2026-06-14T20:51:37,23,Traffic congestion,severe,Traffic congestion affecting line X76 (severe severity)
DIS-186542,TDTR,1A,2026-05-22T08:35:55,2026-05-22T10:47:55,132,Roadworks,severe,Roadworks affecting line 1A (severe severity)
DIS-634840,WDBC,A,2026-05-29T01:38:38,2026-05-29T02:40:38,62,Vehicle breakdown,high,Vehicle breakdown affecting line A (high severity)
DIS-799218,WDBC,X3,2026-05-02T04:33:28,2026-05-02T06:02:28,89,Driver shortage,medium,Driver shortage affecting line X3 (medium severity)
DIS-418163,SWWD,X4,2026-05-27T21:55:59,2026-05-28T01:20:59,205,Planned engineering works,medium,Planned engineering works affecting line X4 (medium severity)
DIS-586019,WDBC,7A,2026-04-21T18:02:48,2026-04-21T19:37:48,95,Vehicle breakdown,medium,Vehicle breakdown affecting line 7A (medium severity)
DIS-359342,BLUS,8,2026-06-23T01:46:47,2026-06-23T02:19:47,33,Diversion,severe,Diversion affecting line 8 (severe severity)
DIS-593872,BLUS,503,2026-06-05T23:47:43,2026-06-06T02:57:43,190,Accident on route,severe,Accident on route affecting line 503 (severe severity)
DIS-168434,BLUS,17,2026-05-09T03:45:09,2026-05-09T07:08:09,203,Diversion,medium,Diversion affecting line 17 (medium severity)
DIS-110088,TDTR,SSS,2026-06-22T14:48:50,2026-06-22T18:30:50,222,Driver shortage,severe,Driver shortage affecting line SSS (severe severity)
DIS-575000,TDTR,152,2026-06-04T03:27:05,2026-06-04T06:39:05,192,Driver shortage,medium,Driver shortage affecting line 152 (medium severity)
DIS-922268,BLUS,1,2026-06-16T09:16:28,2026-06-16T11:35:28,139,Road closure,low,Road closure affecting line 1 (low severity)
DIS-329044,TDTR,13,2026-06-01T20:49:43,2026-06-01T23:34:43,165,Roadworks,high,Roadworks affecting line 13 (high severity)
DIS-422232,SVCT,TDB,2026-05-01T10:24:15,2026-05-01T11:26:15,62,Accident on route,medium,Accident on route affecting line TDB (medium severity)
DIS-602877,SVCT,4,2026-07-20T08:36:02,2026-07-20T12:33:02,237,Driver shortage,low,Driver shortage affecting line 4 (low severity)
DIS-658860,WDBC,1B,2026-06-18T09:51:52,2026-06-18T11:55:52,124,Diversion,severe,Diversion affecting line 1B (severe severity)
DIS-112108,BLUS,NFG,2026-07-12T14:05:50,2026-07-12T14:31:50,26,Traffic congestion,low,Traffic congestion affecting line NFG (low severity)
DIS-259554,WDBC,m1,2026-07-11T18:29:04,2026-07-11T20:46:04,137,Diversion,severe,Diversion affecting line m1 (severe severity)
DIS-126066,SWWD,937,2026-05-27T04:50:53,2026-05-27T08:26:53,216,Severe weather,high,Severe weather affecting line 937 (high severity)
DIS-893027,SVCT,201,2026-06-20T08:06:03,2026-06-20T08:27:03,21,Traffic congestion,high,Traffic congestion affecting line 201 (high severity)
DIS-893779,TDTR,21,2026-06-10T15:51:50,2026-06-10T17:40:50,109,Roadworks,severe,Roadworks affecting line 21 (severe severity)
DIS-965761,BLUS,PRH,2026-07-18T20:12:29,2026-07-18T22:34:29,142,Road closure,severe,Road closure affecting line PRH (severe severity)
DIS-162288,WDBC,13A,2026-05-29T18:02:37,2026-05-29T18:23:37,21,Planned engineering works,severe,Planned engineering works affecting line 13A (severe severity)
DIS-554350,WDBC,7A,2026-04-23T13:06:30,2026-04-23T16:22:30,196,Severe weather,high,Severe weather affecting line 7A (high severity)
DIS-581878,TDTR,X76,2026-07-19T23:03:40,2026-07-20T00:25:40,82,Diversion,medium,Diversion affecting line X76 (medium severity)
DIS-913366,WDBC,761,2026-07-03T14:07:37,2026-07-03T16:08:37,121,Diversion,low,Diversion affecting line 761 (low severity)
DIS-646883,WDBC,38,2026-06-20T02:57:18,2026-06-20T06:43:18,226,Accident on route,severe,Accident on route affecting line 38 (severe severity)
DIS-532262,SWWD,PR3,2026-05-10T16:30:10,2026-05-10T18:37:10,127,Roadworks,medium,Roadworks affecting line PR3 (medium severity)
DIS-850694,SWWD,R4,2026-06-06T05:00:28,2026-06-06T06:52:28,112,Planned engineering works,high,Planned engineering works affecting line R4 (high severity)
DIS-220507,WDBC,RG2,2026-06-14T16:17:44,2026-06-14T16:46:44,29,Road closure,low,Road closure affecting line RG2 (low severity)
DIS-598744,SWWD,X4,2026-05-19T06:18:07,2026-05-19T07:47:07,89,Vehicle breakdown,medium,Vehicle breakdown affecting line X4 (medium severity)
DIS-556903,WDBC,7B,2026-05-06T21:05:23,2026-05-06T22:11:23,66,Driver shortage,low,Driver shortage affecting line 7B (low severity)
DIS-466963,TDTR,217,2026-06-03T08:07:03,2026-06-03T09:03:03,56,Diversion,medium,Diversion affecting line 217 (medium severity)
DIS-517986,SVCT,TNB,2026-04-23T00:35:06,2026-04-23T01:10:06,35,Diversion,medium,Diversion affecting line TNB (medium severity)
DIS-967260,TDTR,21,2026-07-11T01:40:10,2026-07-11T03:27:10,107,Traffic congestion,medium,Traffic congestion affecting line 21 (medium severity)
DIS-739314,WDBC,20,2026-07-17T14:24:28,2026-07-17T17:34:28,190,Diversion,high,Diversion affecting line 20 (high severity)
DIS-443289,WDBC,RG2,2026-07-10T18:44:31,2026-07-10T22:11:31,207,Traffic congestion,high,Traffic congestion affecting line RG2 (high severity)
DIS-371888,SVCT,200,2026-06-01T08:57:28,2026-06-01T09:21:28,24,Planned engineering works,medium,Planned engineering works affecting line 200 (medium severity)
DIS-404414,DAMY,1,2026-06-13T18:06:52,2026-06-13T21:11:52,185,Driver shortage,high,Driver shortage affecting line 1 (high severity)
DIS-989089,WDBC,NFR,2026-07-16T05:38:18,2026-07-16T08:23:18,165,Accident on route,severe,Accident on route affecting line NFR (severe severity)
DIS-125937,BLUS,635,2026-05-15T01:34:59,2026-05-15T05:07:59,213,Traffic congestion,high,Traffic congestion affecting line 635 (high severity)
DIS-865414,TDTR,158,2026-06-23T23:51:20,2026-06-24T02:16:20,145,Diversion,high,Diversion affecting line 158 (high severity)
DIS-561156,WDBC,13A,2026-05-15T10:21:47,2026-05-15T11:48:47,87,Planned engineering works,severe,Planned engineering works affecting line 13A (severe severity)
DIS-304248,BLUS,634,2026-06-23T07:32:58,2026-06-23T09:45:58,133,Road closure,severe,Road closure affecting line 634 (severe severity)
DIS-808551,TDTR,1,2026-05-04T10:25:23,2026-05-04T13:47:23,202,Road closure,low,Road closure affecting line 1 (low severity)
DIS-169016,TDTR,152,2026-05-12T11:40:10,2026-05-12T13:40:10,120,Vehicle breakdown,high,Vehicle breakdown affecting line 152 (high severity)
DIS-778240,SWWD,X7,2026-04-26T21:09:51,2026-04-26T21:30:51,21,Accident on route,severe,Accident on route affecting line X7 (severe severity)
DIS-247658,WDBC,m2,2026-04-23T19:06:32,2026-04-23T22:29:32,203,Vehicle breakdown,medium,Vehicle breakdown affecting line m2 (medium severity)
DIS-180207,TDTR,48,2026-05-24T18:13:59,2026-05-24T19:43:59,90,Traffic congestion,high,Traffic congestion affecting line 48 (high severity)
DIS-757205,SWWD,PR7,2026-06-14T17:15:32,2026-06-14T20:37:32,202,Road closure,medium,Road closure affecting line PR7 (medium severity)
DIS-704549,BLUS,504,2026-05-26T10:08:50,2026-05-26T13:34:50,206,Driver shortage,medium,Driver shortage affecting line 504 (medium severity)
DIS-580633,TDTR,152,2026-07-03T17:57:56,2026-07-03T20:18:56,141,Traffic congestion,low,Traffic congestion affecting line 152 (low severity)
DIS-670021,SVCT,12,2026-05-14T23:32:45,2026-05-15T02:37:45,185,Roadworks,high,Roadworks affecting line 12 (high severity)
DIS-978256,SVCT,68,2026-07-12T20:21:14,2026-07-12T20:54:14,33,Vehicle breakdown,high,Vehicle breakdown affecting line 68 (high severity)
DIS-766220,SWWD,X5,2026-05-03T13:05:51,2026-05-03T17:03:51,238,Traffic congestion,high,Traffic congestion affecting line X5 (high severity)
DIS-431068,SQ,TW2,2026-06-02T22:44:22,2026-06-03T00:02:22,78,Road closure,severe,Road closure affecting line TW2 (severe severity)
DIS-649920,SWWD,R14,2026-05-23T21:36:33,2026-05-23T23:16:33,100,Driver shortage,high,Driver shortage affecting line R14 (high severity)
DIS-388828,BLUS,19a,2026-06-20T08:51:08,2026-06-20T10:56:08,125,Traffic congestion,high,Traffic congestion affecting line 19a (high severity)
DIS-448344,SWWD,TPDRT,2026-06-09T01:48:27,2026-06-09T02:20:27,32,Planned engineering works,medium,Planned engineering works affecting line TPDRT (medium severity)
DIS-934228,WDBC,9,2026-06-19T05:58:27,2026-06-19T06:40:27,42,Traffic congestion,high,Traffic congestion affecting line 9 (high severity)
DIS-871988,BLUS,12,2026-05-19T22:51:21,2026-05-20T02:42:21,231,Driver shortage,medium,Driver shortage affecting line 12 (medium severity)
DIS-651606,SWWD,26,2026-06-08T05:50:46,2026-06-08T06:39:46,49,Accident on route,high,Accident on route affecting line 26 (high severity)
DIS-396633,TDTR,48,2026-06-20T17:33:22,2026-06-20T21:26:22,233,Vehicle breakdown,medium,Vehicle breakdown affecting line 48 (medium severity)
DIS-384073,SWWD,PR15,2026-06-22T09:48:43,2026-06-22T12:43:43,175,Traffic congestion,high,Traffic congestion affecting line PR15 (high severity)
DIS-194101,DAMY,1,2026-06-10T07:27:36,2026-06-10T08:41:36,74,Diversion,high,Diversion affecting line 1 (high severity)
DIS-326761,SWWD,8,2026-04-22T14:35:45,2026-04-22T16:35:45,120,Traffic congestion,low,Traffic congestion affecting line 8 (low severity)
DIS-440763,SWWD,25,2026-05-30T15:24:51,2026-05-30T15:48:51,24,Road closure,medium,Road closure affecting line 25 (medium severity)
DIS-220400,SVCT,208,2026-05-03T06:27:58,2026-05-03T09:55:58,208,Driver shortage,severe,Driver shortage affecting line 208 (severe severity)
DIS-709720,SQ,DEAD,2026-05-14T08:28:39,2026-05-14T09:53:39,85,Severe weather,medium,Severe weather affecting line DEAD (medium severity)
DIS-262938,BLUS,PR1,2026-05-06T18:19:31,2026-05-06T19:34:31,75,Accident on route,high,Accident on route affecting line PR1 (high severity)
DIS-306125,SVCT,TDB,2026-05-12T17:15:22,2026-05-12T19:51:22,156,Accident on route,severe,Accident on route affecting line TDB (severe severity)
DIS-803199,DAMY,CR9,2026-06-12T17:35:40,2026-06-12T19:42:40,127,Accident on route,severe,Accident on route affecting line CR9 (severe severity)
DIS-453908,UNIL,U6C,2026-07-14T16:24:55,2026-07-14T18:00:55,96,Severe weather,severe,Severe weather affecting line U6C (severe severity)
DIS-283409,SWWD,PR3,2026-05-18T00:56:56,2026-05-18T01:52:56,56,Accident on route,medium,Accident on route affecting line PR3 (medium severity)
DIS-968717,BLUS,PRH,2026-05-28T06:14:57,2026-05-28T06:53:57,39,Driver shortage,low,Driver shortage affecting line PRH (low severity)
DIS-641616,WDBC,11,2026-06-08T01:40:11,2026-06-08T05:24:11,224,Diversion,medium,Diversion affecting line 11 (medium severity)
DIS-570614,DAMY,X8,2026-05-09T06:36:14,2026-05-09T08:59:14,143,Diversion,low,Diversion affecting line X8 (low severity)
DIS-297908,WDBC,A,2026-07-01T13:49:18,2026-07-01T14:44:18,55,Road closure,high,Road closure affecting line A (high severity)
DIS-796827,SWWD,2A,2026-06-17T06:38:19,2026-06-17T09:40:19,182,Driver shortage,high,Driver shortage affecting line 2A (high severity)
DIS-704185,BLUS,538,2026-06-21T22:40:08,2026-06-21T22:51:08,11,Accident on route,medium,Accident on route affecting line 538 (medium severity)
DIS-751016,SVCT,7,2026-07-07T02:32:57,2026-07-07T05:09:57,157,Roadworks,severe,Roadworks affecting line 7 (severe severity)
DIS-882677,SVCT,39,2026-06-06T03:15:07,2026-06-06T04:52:07,97,Road closure,low,Road closure affecting line 39 (low severity)
DIS-582685,BLUS,61,2026-07-08T16:00:23,2026-07-08T18:50:23,170,Accident on route,low,Accident on route affecting line 61 (low severity)
DIS-278953,BLUS,10,2026-05-05T05:15:29,2026-05-05T07:45:29,150,Traffic congestion,severe,Traffic congestion affecting line 10 (severe severity)
DIS-561513,SWWD,R6,2026-06-19T18:14:50,2026-06-19T20:48:50,154,Severe weather,low,Severe weather affecting line R6 (low severity)
DIS-720657,TDTR,X46,2026-05-09T01:15:38,2026-05-09T03:27:38,132,Road closure,medium,Road closure affecting line X46 (medium severity)
DIS-278249,SWWD,37,2026-05-09T07:04:44,2026-05-09T10:37:44,213,Severe weather,high,Severe weather affecting line 37 (high severity)
DIS-287061,WDBC,761,2026-05-18T15:37:09,2026-05-18T19:12:09,215,Diversion,severe,Diversion affecting line 761 (severe severity)
DIS-682291,SVCT,63,2026-07-20T14:15:44,2026-07-20T16:48:44,153,Vehicle breakdown,low,Vehicle breakdown affecting line 63 (low severity)
DIS-189946,WDBC,A,2026-06-17T03:35:59,2026-06-17T07:27:59,232,Accident on route,severe,Accident on route affecting line A (severe severity)
DIS-645456,SWWD,663,2026-05-27T21:42:38,2026-05-27T22:16:38,34,Driver shortage,severe,Driver shortage affecting line 663 (severe severity)
DIS-150828,WDBC,14,2026-06-29T07:03:42,2026-06-29T09:04:42,121,Roadworks,high,Roadworks affecting line 14 (high severity)
DIS-989857,WDBC,70,2026-07-19T01:34:02,2026-07-19T05:11:02,217,Traffic congestion,high,Traffic congestion affecting line 70 (high severity)
DIS-766552,TDTR,R26,2026-07-07T03:13:25,2026-07-07T06:46:25,213,Diversion,severe,Diversion affecting line R26 (severe severity)
DIS-385065,BLUS,N18,2026-04-22T14:46:24,2026-04-22T18:01:24,195,Traffic congestion,high,Traffic congestion affecting line N18 (high severity)
DIS-845763,BLUS,19,2026-07-06T13:52:45,2026-07-06T16:47:45,175,Severe weather,low,Severe weather affecting line 19 (low severity)
DIS-695748,TDTR,NW2,2026-06-09T01:34:54,2026-06-09T02:33:54,59,Planned engineering works,low,Planned engineering works affecting line NW2 (low severity)
DIS-822147,TDTR,153,2026-06-16T06:34:55,2026-06-16T07:54:55,80,Traffic congestion,high,Traffic congestion affecting line 153 (high severity)
DIS-575171,WDBC,35,2026-07-07T05:28:25,2026-07-07T05:53:25,25,Traffic congestion,high,Traffic congestion affecting line 35 (high severity)
DIS-852636,UNIL,U2B,2026-05-09T05:56:03,2026-05-09T08:40:03,164,Road closure,medium,Road closure affecting line U2B (medium severity)
DIS-211232,WDBC,50,2026-05-05T02:35:26,2026-05-05T05:23:26,168,Driver shortage,severe,Driver shortage affecting line 50 (severe severity)
DIS-658173,SWWD,8,2026-05-06T09:08:02,2026-05-06T10:40:02,92,Accident on route,severe,Accident on route affecting line 8 (severe severity)
DIS-327611,TDTR,9,2026-07-16T18:31:38,2026-07-16T22:25:38,234,Driver shortage,severe,Driver shortage affecting line 9 (severe severity)
DIS-348425,WDBC,15,2026-07-16T09:16:52,2026-07-16T11:47:52,151,Accident on route,high,Accident on route affecting line 15 (high severity)
DIS-710438,BLUS,504,2026-05-20T11:28:36,2026-05-20T13:20:36,112,Accident on route,severe,Accident on route affecting line 504 (severe severity)
DIS-486864,BLUS,N18,2026-07-02T10:56:10,2026-07-02T11:41:10,45,Roadworks,severe,Roadworks affecting line N18 (severe severity)
DIS-205660,SVCT,TNB,2026-06-29T19:53:05,2026-06-29T20:30:05,37,Accident on route,high,Accident on route affecting line TNB (high severity)
DIS-125841,BLUS,N18,2026-06-29T20:23:04,2026-06-29T23:52:04,209,Traffic congestion,low,Traffic congestion affecting line N18 (low severity)
DIS-387638,TDTR,2,2026-05-03T00:05:24,2026-05-03T03:09:24,184,Driver shortage,severe,Driver shortage affecting line 2 (severe severity)
DIS-640880,BLUS,16,2026-06-26T13:23:35,2026-06-26T14:06:35,43,Road closure,low,Road closure affecting line 16 (low severity)
DIS-797256,WDBC,7B,2026-05-02T20:39:26,2026-05-02T23:48:26,189,Road closure,low,Road closure affecting line 7B (low severity)
DIS-277458,SWWD,88,2026-04-30T13:36:24,2026-04-30T15:27:24,111,Traffic congestion,medium,Traffic congestion affecting line 88 (medium severity)
DIS-107456,SWWD,26,2026-06-05T20:26:47,2026-06-05T23:41:47,195,Severe weather,severe,Severe weather affecting line 26 (severe severity)
DIS-501852,SWWD,R8,2026-06-25T22:57:51,2026-06-26T01:36:51,159,Diversion,severe,Diversion affecting line R8 (severe severity)
DIS-737034,TDTR,154,2026-07-01T18:41:29,2026-07-01T20:07:29,86,Driver shortage,severe,Driver shortage affecting line 154 (severe severity)
DIS-781752,SWWD,R12,2026-06-25T02:52:29,2026-06-25T04:36:29,104,Traffic congestion,low,Traffic congestion affecting line R12 (low severity)
DIS-296191,DAMY,20,2026-05-06T23:01:53,2026-05-07T02:56:53,235,Planned engineering works,high,Planned engineering works affecting line 20 (high severity)
DIS-380942,WDBC,U3,2026-06-29T13:21:44,2026-06-29T16:26:44,185,Accident on route,low,Accident on route affecting line U3 (low severity)
DIS-985626,WDBC,20,2026-04-25T05:13:00,2026-04-25T07:14:00,121,Severe weather,low,Severe weather affecting line 20 (low severity)
DIS-290238,DAMY,20,2026-06-22T16:40:44,2026-06-22T17:46:44,66,Diversion,severe,Diversion affecting line 20 (severe severity)
DIS-311087,SVCT,204,2026-06-14T16:23:05,2026-06-14T19:36:05,193,Accident on route,high,Accident on route affecting line 204 (high severity)
DIS-319368,WDBC,NFB,2026-05-12T01:29:47,2026-05-12T05:17:47,228,Accident on route,low,Accident on route affecting line NFB (low severity)
DIS-218340,SWWD,987,2026-07-09T01:16:08,2026-07-09T03:52:08,156,Roadworks,low,Roadworks affecting line 987 (low severity)
DIS-436875,TDTR,R26,2026-05-02T19:00:12,2026-05-02T20:27:12,87,Severe weather,medium,Severe weather affecting line R26 (medium severity)
DIS-859718,SWWD,603,2026-06-01T05:00:53,2026-06-01T07:35:53,155,Diversion,severe,Diversion affecting line 603 (severe severity)
DIS-708739,DAMY,20,2026-07-07T18:44:26,2026-07-07T19:19:26,35,Road closure,high,Road closure affecting line 20 (high severity)
DIS-248556,SVCT,SL,2026-05-07T11:49:43,2026-05-07T15:08:43,199,Accident on route,low,Accident on route affecting line SL (low severity)
DIS-372400,UNIL,U1A,2026-07-06T12:22:22,2026-07-06T16:04:22,222,Accident on route,high,Accident on route affecting line U1A (high severity)
DIS-497678,WDBC,120,2026-06-26T08:28:23,2026-06-26T08:43:23,15,Traffic congestion,medium,Traffic congestion affecting line 120 (medium severity)
DIS-875351,SWWD,PD3,2026-07-01T07:21:35,2026-07-01T08:25:35,64,Traffic congestion,low,Traffic congestion affecting line PD3 (low severity)
DIS-169723,WDBC,X3,2026-07-18T03:36:50,2026-07-18T07:26:50,230,Driver shortage,low,Driver shortage affecting line X3 (low severity)
DIS-518123,TDTR,1,2026-06-06T20:31:33,2026-06-06T22:54:33,143,Diversion,low,Diversion affecting line 1 (low severity)
DIS-911374,WDBC,U1,2026-07-06T03:16:12,2026-07-06T06:35:12,199,Diversion,low,Diversion affecting line U1 (low severity)
DIS-714179,SWWD,PR7,2026-07-16T14:11:51,2026-07-16T15:33:51,82,Driver shortage,severe,Driver shortage affecting line PR7 (severe severity)
DIS-944748,WDBC,60,2026-05-14T01:45:29,2026-05-14T03:06:29,81,Planned engineering works,medium,Planned engineering works affecting line 60 (medium severity)
DIS-289632,WDBC,C,2026-05-18T11:30:47,2026-05-18T14:18:47,168,Diversion,medium,Diversion affecting line C (medium severity)
DIS-975603,SVCT,TSS,2026-06-10T08:45:33,2026-06-10T09:35:33,50,Road closure,high,Road closure affecting line TSS (high severity)
DIS-994352,WDBC,L3,2026-04-29T06:00:53,2026-04-29T06:45:53,45,Road closure,high,Road closure affecting line L3 (high severity)
DIS-127320,SWWD,TPDRT,2026-05-03T04:25:18,2026-05-03T04:47:18,22,Road closure,medium,Road closure affecting line TPDRT (medium severity)
DIS-100134,SVCT,TDB,2026-05-19T22:45:57,2026-05-20T02:01:57,196,Diversion,medium,Diversion affecting line TDB (medium severity)
DIS-440790,SVCT,8,2026-04-24T16:51:15,2026-04-24T18:30:15,99,Traffic congestion,low,Traffic congestion affecting line 8 (low severity)
DIS-681580,SWWD,908,2026-07-09T17:18:37,2026-07-09T20:33:37,195,Accident on route,severe,Accident on route affecting line 908 (severe severity)
DIS-655303,SWWD,PR9,2026-07-01T19:37:51,2026-07-01T22:53:51,196,Planned engineering works,severe,Planned engineering works affecting line PR9 (severe severity)
DIS-336962,TDTR,21,2026-05-09T14:18:08,2026-05-09T18:14:08,236,Traffic congestion,low,Traffic congestion affecting line 21 (low severity)
DIS-942132,SWWD,X7R,2026-05-24T13:44:52,2026-05-24T16:09:52,145,Severe weather,severe,Severe weather affecting line X7R (severe severity)
DIS-604364,WDBC,4,2026-06-03T12:58:21,2026-06-03T16:46:21,228,Roadworks,medium,Roadworks affecting line 4 (medium severity)
DIS-468868,DAMY,949,2026-05-11T06:26:11,2026-05-11T08:12:11,106,Driver shortage,medium,Driver shortage affecting line 949 (medium severity)
DIS-176220,WDBC,26,2026-05-07T07:56:45,2026-05-07T08:49:45,53,Road closure,high,Road closure affecting line 26 (high severity)
DIS-357661,WDBC,10,2026-06-01T13:30:37,2026-06-01T17:11:37,221,Driver shortage,medium,Driver shortage affecting line 10 (medium severity)
DIS-904254,WDBC,7B,2026-05-26T16:02:11,2026-05-26T17:54:11,112,Driver shortage,low,Driver shortage affecting line 7B (low severity)
DIS-389633,TDTR,22,2026-05-19T03:36:55,2026-05-19T07:20:55,224,Severe weather,severe,Severe weather affecting line 22 (severe severity)
DIS-284677,WDBC,U1,2026-07-18T21:09:20,2026-07-18T23:55:20,166,Diversion,medium,Diversion affecting line U1 (medium severity)
DIS-459294,DAMY,X8,2026-07-05T02:50:57,2026-07-05T03:57:57,67,Accident on route,high,Accident on route affecting line X8 (high severity)
DIS-797488,WDBC,50,2026-05-22T18:00:29,2026-05-22T18:32:29,32,Diversion,medium,Diversion affecting line 50 (medium severity)
DIS-798318,TDTR,120,2026-07-15T18:47:48,2026-07-15T21:12:48,145,Roadworks,low,Roadworks affecting line 120 (low severity)
DIS-863033,WDBC,m2,2026-07-15T09:26:08,2026-07-15T09:49:08,23,Traffic congestion,severe,Traffic congestion affecting line m2 (severe severity)
DIS-561587,WDBC,NFR,2026-06-09T02:11:51,2026-06-09T04:39:51,148,Road closure,medium,Road closure affecting line NFR (medium severity)
DIS-633944,TDTR,158,2026-05-04T14:07:50,2026-05-04T16:29:50,142,Roadworks,medium,Roadworks affecting line 158 (medium severity)
DIS-499752,UNIL,U1C,2026-06-14T21:06:57,2026-06-14T23:43:57,157,Planned engineering works,severe,Planned engineering works affecting line U1C (severe severity)
DIS-427119,SWWD,PR9,2026-07-19T04:33:51,2026-07-19T07:42:51,189,Vehicle breakdown,medium,Vehicle breakdown affecting line PR9 (medium severity)
DIS-811967,BLUS,N18,2026-05-14T19:21:52,2026-05-14T19:34:52,13,Accident on route,severe,Accident on route affecting line N18 (severe severity)
DIS-596851,SWWD,R6,2026-07-15T05:11:47,2026-07-15T05:50:47,39,Traffic congestion,low,Traffic congestion affecting line R6 (low severity)
DIS-649831,TDTR,NW2,2026-06-07T10:48:53,2026-06-07T13:53:53,185,Traffic congestion,medium,Traffic congestion affecting line NW2 (medium severity)
DIS-987063,WDBC,82,2026-06-23T09:58:03,2026-06-23T11:14:03,76,Driver shortage,high,Driver shortage affecting line 82 (high severity)
DIS-739106,TDTR,842,2026-05-02T13:20:27,2026-05-02T15:03:27,103,Roadworks,low,Roadworks affecting line 842 (low severity)
DIS-876021,TDTR,2,2026-06-10T06:23:22,2026-06-10T07:19:22,56,Vehicle breakdown,high,Vehicle breakdown affecting line 2 (high severity)
DIS-661452,TDTR,11,2026-06-10T22:38:40,2026-06-11T02:03:40,205,Accident on route,low,Accident on route affecting line 11 (low severity)
DIS-999155,SWWD,37,2026-05-16T17:25:21,2026-05-16T20:27:21,182,Vehicle breakdown,high,Vehicle breakdown affecting line 37 (high severity)
DIS-764089,SWWD,X7R,2026-05-23T10:05:36,2026-05-23T10:17:36,12,Accident on route,severe,Accident on route affecting line X7R (severe severity)
DIS-842435,SVCT,63,2026-05-21T18:45:25,2026-05-21T21:28:25,163,Vehicle breakdown,low,Vehicle breakdown affecting line 63 (low severity)
DIS-749941,TDTR,217,2026-06-10T22:35:23,2026-06-11T00:58:23,143,Traffic congestion,severe,Traffic congestion affecting line 217 (severe severity)
DIS-958412,SWWD,PR15,2026-07-19T12:39:52,2026-07-19T15:43:52,184,Driver shortage,high,Driver shortage affecting line PR15 (high severity)
DIS-860964,SWWD,901,2026-07-08T20:59:07,2026-07-09T00:38:07,219,Planned engineering works,low,Planned engineering works affecting line 901 (low severity)
DIS-693832,BLUS,539,2026-06-28T20:33:24,2026-06-28T23:40:24,187,Severe weather,low,Severe weather affecting line 539 (low severity)
DIS-309345,WDBC,762,2026-05-07T06:07:39,2026-05-07T08:33:39,146,Planned engineering works,high,Planned engineering works affecting line 762 (high severity)
DIS-297669,WDBC,B,2026-04-30T06:50:42,2026-04-30T08:17:42,87,Driver shortage,severe,Driver shortage affecting line B (severe severity)
DIS-976090,SWWD,R5,2026-07-02T10:14:59,2026-07-02T10:30:59,16,Diversion,medium,Diversion affecting line R5 (medium severity)
DIS-822760,SWWD,650,2026-05-06T06:32:40,2026-05-06T09:53:40,201,Vehicle breakdown,low,Vehicle breakdown affecting line 650 (low severity)
DIS-924796,BLUS,503,2026-06-24T10:17:06,2026-06-24T13:12:06,175,Vehicle breakdown,medium,Vehicle breakdown affecting line 503 (medium severity)
DIS-477412,SVCT,204,2026-05-07T00:56:05,2026-05-07T04:36:05,220,Diversion,severe,Diversion affecting line 204 (severe severity)
DIS-671453,SWWD,663,2026-05-13T04:31:30,2026-05-13T06:27:30,116,Accident on route,low,Accident on route affecting line 663 (low severity)
DIS-306772,SVCT,37,2026-04-29T10:22:27,2026-04-29T11:15:27,53,Driver shortage,low,Driver shortage affecting line 37 (low severity)
DIS-213969,WDBC,14,2026-05-02T06:30:12,2026-05-02T07:11:12,41,Vehicle breakdown,severe,Vehicle breakdown affecting line 14 (severe severity)
DIS-697663,SWWD,978,2026-06-18T07:29:22,2026-06-18T10:55:22,206,Accident on route,severe,Accident on route affecting line 978 (severe severity)
DIS-150155,WDBC,17,2026-06-12T12:07:22,2026-06-12T12:42:22,35,Vehicle breakdown,medium,Vehicle breakdown affecting line 17 (medium severity)
DIS-495330,SWWD,8,2026-06-07T15:06:45,2026-06-07T18:08:45,182,Roadworks,low,Roadworks affecting line 8 (low severity)
DIS-414757,SWWD,ST,2026-06-13T10:05:43,2026-06-13T11:11:43,66,Roadworks,severe,Roadworks affecting line ST (severe severity)
DIS-497490,TDTR,159,2026-06-15T19:57:12,2026-06-15T20:39:12,42,Severe weather,low,Severe weather affecting line 159 (low severity)
DIS-517479,SVCT,1,2026-07-11T01:49:25,2026-07-11T02:17:25,28,Diversion,severe,Diversion affecting line 1 (severe severity)
DIS-432155,WDBC,38,2026-07-04T07:22:34,2026-07-04T08:26:34,64,Road closure,low,Road closure affecting line 38 (low severity)
DIS-675841,TDTR,920,2026-06-02T17:16:10,2026-06-02T19:40:10,144,Planned engineering works,medium,Planned engineering works affecting line 920 (medium severity)
DIS-461470,SVCT,8,2026-07-14T16:20:22,2026-07-14T18:31:22,131,Traffic congestion,high,Traffic congestion affecting line 8 (high severity)
DIS-290988,SVCT,5,2026-06-25T23:39:56,2026-06-26T01:36:56,117,Vehicle breakdown,low,Vehicle breakdown affecting line 5 (low severity)
DIS-188544,SVCT,TNB,2026-06-30T01:25:49,2026-06-30T04:43:49,198,Planned engineering works,severe,Planned engineering works affecting line TNB (severe severity)
DIS-718457,WDBC,20,2026-05-03T15:14:38,2026-05-03T16:22:38,68,Road closure,severe,Road closure affecting line 20 (severe severity)
DIS-782507,DAMY,949,2026-06-28T17:50:23,2026-06-28T21:11:23,201,Planned engineering works,low,Planned engineering works affecting line 949 (low severity)
DIS-126419,BLUS,538,2026-07-06T14:32:51,2026-07-06T17:55:51,203,Diversion,high,Diversion affecting line 538 (high severity)
DIS-127735,BLUS,13,2026-06-27T01:55:20,2026-06-27T05:35:20,220,Accident on route,low,Accident on route affecting line 13 (low severity)
DIS-810550,WDBC,U3,2026-05-25T04:27:34,2026-05-25T05:11:34,44,Severe weather,high,Severe weather affecting line U3 (high severity)
DIS-662673,BLUS,757,2026-05-18T14:33:28,2026-05-18T17:25:28,172,Severe weather,medium,Severe weather affecting line 757 (medium severity)
DIS-316961,SWWD,TPDRT,2026-05-08T14:00:25,2026-05-08T17:44:25,224,Road closure,high,Road closure affecting line TPDRT (high severity)
DIS-482312,BLUS,16,2026-07-14T13:34:26,2026-07-14T14:20:26,46,Traffic congestion,high,Traffic congestion affecting line 16 (high severity)
DIS-654254,SWWD,R14,2026-07-16T13:34:47,2026-07-16T17:17:47,223,Planned engineering works,high,Planned engineering works affecting line R14 (high severity)
DIS-575822,WDBC,L5,2026-06-05T18:40:36,2026-06-05T21:13:36,153,Roadworks,medium,Roadworks affecting line L5 (medium severity)
DIS-191504,WDBC,761,2026-06-19T23:07:26,2026-06-20T01:55:26,168,Planned engineering works,high,Planned engineering works affecting line 761 (high severity)
DIS-955789,SWWD,R1,2026-05-22T18:36:25,2026-05-22T19:32:25,56,Vehicle breakdown,medium,Vehicle breakdown affecting line R1 (medium severity)
DIS-786890,TDTR,153,2026-06-01T10:29:16,2026-06-01T13:41:16,192,Vehicle breakdown,low,Vehicle breakdown affecting line 153 (low severity)
DIS-967075,UNIL,U1A,2026-05-13T19:39:38,2026-05-13T23:27:38,228,Diversion,high,Diversion affecting line U1A (high severity)
DIS-688877,SQ,DEAD,2026-06-06T11:33:39,2026-06-06T13:01:39,88,Diversion,medium,Diversion affecting line DEAD (medium severity)
DIS-756074,SVCT,4,2026-06-15T12:49:43,2026-06-15T14:24:43,95,Diversion,medium,Diversion affecting line 4 (medium severity)
DIS-277831,SWWD,R8,2026-05-05T20:25:16,2026-05-05T23:44:16,199,Planned engineering works,low,Planned engineering works affecting line R8 (low severity)
DIS-143078,SWWD,663,2026-06-23T10:34:43,2026-06-23T14:32:43,238,Road closure,severe,Road closure affecting line 663 (severe severity)
DIS-948837,SWWD,D2,2026-05-18T23:49:44,2026-05-19T03:02:44,193,Accident on route,medium,Accident on route affecting line D2 (medium severity)
DIS-159560,SWWD,26,2026-04-22T13:16:16,2026-04-22T13:30:16,14,Vehicle breakdown,low,Vehicle breakdown affecting line 26 (low severity)
DIS-999893,BLUS,21,2026-05-31T07:17:05,2026-05-31T11:10:05,233,Accident on route,high,Accident on route affecting line 21 (high severity)
DIS-113899,SWWD,R10,2026-06-04T06:51:43,2026-06-04T10:44:43,233,Traffic congestion,medium,Traffic congestion affecting line R10 (medium severity)
DIS-345492,BLUS,539,2026-05-03T13:45:14,2026-05-03T16:17:14,152,Road closure,medium,Road closure affecting line 539 (medium severity)
DIS-832565,WDBC,1A,2026-06-03T10:58:05,2026-06-03T13:39:05,161,Planned engineering works,severe,Planned engineering works affecting line 1A (severe severity)
DIS-244968,TDTR,21,2026-06-01T14:49:14,2026-06-01T18:46:14,237,Road closure,medium,Road closure affecting line 21 (medium severity)
DIS-461716,BLUS,8,2026-06-24T14:37:22,2026-06-24T18:15:22,218,Traffic congestion,medium,Traffic congestion affecting line 8 (medium severity)
DIS-466303,BLUS,4,2026-06-11T20:06:19,2026-06-11T23:06:19,180,Severe weather,medium,Severe weather affecting line 4 (medium severity)
DIS-929862,WDBC,31,2026-07-14T01:04:44,2026-07-14T02:44:44,100,Traffic congestion,medium,Traffic congestion affecting line 31 (medium severity)
DIS-622216,SWWD,625,2026-06-15T13:20:47,2026-06-15T14:02:47,42,Driver shortage,high,Driver shortage affecting line 625 (high severity)
DIS-862781,WDBC,10,2026-05-08T11:46:24,2026-05-08T14:36:24,170,Planned engineering works,medium,Planned engineering works affecting line 10 (medium severity)
DIS-336626,WDBC,1B,2026-06-04T21:42:43,2026-06-05T01:18:43,216,Vehicle breakdown,high,Vehicle breakdown affecting line 1B (high severity)
DIS-316412,BLUS,QC,2026-06-25T01:32:57,2026-06-25T04:35:57,183,Traffic congestion,high,Traffic congestion affecting line QC (high severity)
DIS-333957,SVCT,201,2026-07-15T11:18:47,2026-07-15T13:28:47,130,Driver shortage,high,Driver shortage affecting line 201 (high severity)
DIS-678108,BLUS,2,2026-07-02T16:29:05,2026-07-02T17:23:05,54,Road closure,medium,Road closure affecting line 2 (medium severity)
DIS-873415,BLUS,504,2026-06-01T03:51:09,2026-06-01T05:18:09,87,Road closure,medium,Road closure affecting line 504 (medium severity)
DIS-455323,WDBC,35,2026-05-24T00:12:01,2026-05-24T00:55:01,43,Accident on route,low,Accident on route affecting line 35 (low severity)
DIS-509297,TDTR,R24,2026-06-19T18:14:38,2026-06-19T20:45:38,151,Diversion,severe,Diversion affecting line R24 (severe severity)
DIS-211390,SWWD,987,2026-05-11T18:37:56,2026-05-11T19:40:56,63,Roadworks,medium,Roadworks affecting line 987 (medium severity)
DIS-176297,BLUS,18,2026-07-19T18:24:47,2026-07-19T19:31:47,67,Driver shortage,medium,Driver shortage affecting line 18 (medium severity)
DIS-935710,SWWD,44,2026-06-07T06:27:28,2026-06-07T07:28:28,61,Roadworks,severe,Roadworks affecting line 44 (severe severity)
DIS-900466,TDTR,12,2026-05-10T18:46:46,2026-05-10T18:58:46,12,Traffic congestion,severe,Traffic congestion affecting line 12 (severe severity)
DIS-643595,BLUS,3,2026-07-16T00:37:01,2026-07-16T03:42:01,185,Vehicle breakdown,severe,Vehicle breakdown affecting line 3 (severe severity)
DIS-822137,TDTR,156,2026-06-20T02:19:44,2026-06-20T06:04:44,225,Severe weather,low,Severe weather affecting line 156 (low severity)
DIS-565870,UNIL,U2C,2026-06-25T04:29:55,2026-06-25T06:39:55,130,Road closure,low,Road closure affecting line U2C (low severity)
DIS-406926,SWWD,937,2026-05-23T09:10:16,2026-05-23T10:31:16,81,Driver shortage,medium,Driver shortage affecting line 937 (medium severity)
DIS-230796,SWWD,D3,2026-04-28T12:18:11,2026-04-28T14:24:11,126,Roadworks,high,Roadworks affecting line D3 (high severity)
DIS-883013,SWWD,X4,2026-05-11T00:36:18,2026-05-11T04:04:18,208,Vehicle breakdown,high,Vehicle breakdown affecting line X4 (high severity)
DIS-938853,SVCT,63,2026-06-26T05:51:55,2026-06-26T09:03:55,192,Planned engineering works,high,Planned engineering works affecting line 63 (high severity)
DIS-179195,SVCT,68,2026-06-27T08:13:02,2026-06-27T12:05:02,232,Traffic congestion,medium,Traffic congestion affecting line 68 (medium severity)
DIS-305769,WDBC,940,2026-05-01T04:12:33,2026-05-01T05:09:33,57,Road closure,low,Road closure affecting line 940 (low severity)
DIS-695351,TDTR,1B,2026-06-17T18:14:45,2026-06-17T19:38:45,84,Diversion,high,Diversion affecting line 1B (high severity)
DIS-451471,SWWD,PR3,2026-07-09T08:09:28,2026-07-09T09:10:28,61,Accident on route,medium,Accident on route affecting line PR3 (medium severity)
DIS-641397,BLUS,539,2026-05-06T13:37:04,2026-05-06T17:28:04,231,Road closure,medium,Road closure affecting line 539 (medium severity)
DIS-562794,BLUS,N18,2026-05-24T15:52:15,2026-05-24T17:02:15,70,Accident on route,medium,Accident on route affecting line N18 (medium severity)
DIS-816874,TDTR,17,2026-05-27T03:03:50,2026-05-27T06:13:50,190,Accident on route,low,Accident on route affecting line 17 (low severity)
DIS-693289,SVCT,38,2026-04-28T22:09:58,2026-04-29T00:22:58,133,Traffic congestion,medium,Traffic congestion affecting line 38 (medium severity)
DIS-447874,WDBC,50,2026-05-02T01:00:50,2026-05-02T01:22:50,22,Diversion,low,Diversion affecting line 50 (low severity)
DIS-206304,TDTR,48,2026-05-05T03:03:51,2026-05-05T04:07:51,64,Driver shortage,low,Driver shortage affecting line 48 (low severity)
DIS-627602,TDTR,842,2026-06-24T13:25:51,2026-06-24T14:17:51,52,Traffic congestion,low,Traffic congestion affecting line 842 (low severity)
DIS-636367,SWWD,PR7,2026-05-18T06:42:01,2026-05-18T08:12:01,90,Planned engineering works,severe,Planned engineering works affecting line PR7 (severe severity)
DIS-359425,BLUS,PRH,2026-07-02T06:53:45,2026-07-02T10:32:45,219,Vehicle breakdown,low,Vehicle breakdown affecting line PRH (low severity)
DIS-836229,WDBC,86,2026-07-10T22:03:56,2026-07-10T23:02:56,59,Severe weather,low,Severe weather affecting line 86 (low severity)
DIS-836290,TDTR,X76,2026-06-09T22:48:15,2026-06-10T00:52:15,124,Planned engineering works,medium,Planned engineering works affecting line X76 (medium severity)
DIS-125117,WDBC,761,2026-06-29T17:56:56,2026-06-29T19:01:56,65,Severe weather,medium,Severe weather affecting line 761 (medium severity)
DIS-946027,BLUS,503,2026-06-13T16:55:24,2026-06-13T20:50:24,235,Planned engineering works,severe,Planned engineering works affecting line 503 (severe severity)
DIS-563138,TDTR,2,2026-05-16T04:52:31,2026-05-16T08:46:31,234,Road closure,high,Road closure affecting line 2 (high severity)
DIS-416842,WDBC,8,2026-05-14T11:49:39,2026-05-14T15:42:39,233,Driver shortage,severe,Driver shortage affecting line 8 (severe severity)
DIS-140354,WDBC,C,2026-07-02T23:39:51,2026-07-03T02:48:51,189,Accident on route,medium,Accident on route affecting line C (medium severity)
DIS-199883,SWWD,25,2026-05-22T09:01:17,2026-05-22T10:00:17,59,Driver shortage,low,Driver shortage affecting line 25 (low severity)
DIS-485520,SVCT,200,2026-05-10T15:08:27,2026-05-10T17:12:27,124,Traffic congestion,medium,Traffic congestion affecting line 200 (medium severity)
DIS-887128,WDBC,125,2026-05-26T22:27:28,2026-05-27T00:59:28,152,Planned engineering works,medium,Planned engineering works affecting line 125 (medium severity)
DIS-992792,SWWD,37,2026-06-22T07:05:32,2026-06-22T10:20:32,195,Planned engineering works,low,Planned engineering works affecting line 37 (low severity)
DIS-282559,SVCT,38,2026-05-23T19:37:14,2026-05-23T23:13:14,216,Roadworks,high,Roadworks affecting line 38 (high severity)
DIS-201395,BLUS,61,2026-07-13T11:30:11,2026-07-13T14:52:11,202,Severe weather,low,Severe weather affecting line 61 (low severity)
DIS-500794,SVCT,213,2026-06-24T11:57:00,2026-06-24T12:13:00,16,Roadworks,medium,Roadworks affecting line 213 (medium severity)
DIS-573974,BLUS,1,2026-06-26T16:38:59,2026-06-26T18:30:59,112,Accident on route,severe,Accident on route affecting line 1 (severe severity)
DIS-601355,BLUS,28,2026-06-24T01:21:39,2026-06-24T02:33:39,72,Road closure,severe,Road closure affecting line 28 (severe severity)
DIS-224560,SWWD,44,2026-07-08T07:27:41,2026-07-08T10:17:41,170,Driver shortage,medium,Driver shortage affecting line 44 (medium severity)
DIS-987036,SVCT,208,2026-07-13T12:06:06,2026-07-13T14:46:06,160,Accident on route,high,Accident on route affecting line 208 (high severity)
DIS-801269,SVCT,1,2026-05-07T16:51:48,2026-05-07T17:29:48,38,Accident on route,low,Accident on route affecting line 1 (low severity)
DIS-143902,WDBC,X3,2026-05-21T09:41:42,2026-05-21T12:57:42,196,Roadworks,severe,Roadworks affecting line X3 (severe severity)
DIS-798722,BLUS,1,2026-07-17T13:59:41,2026-07-17T17:26:41,207,Driver shortage,high,Driver shortage affecting line 1 (high severity)
DIS-843942,BLUS,61,2026-07-03T02:08:04,2026-07-03T04:01:04,113,Traffic congestion,high,Traffic congestion affecting line 61 (high severity)
DIS-168623,UNIL,U1A,2026-04-29T16:43:29,2026-04-29T19:52:29,189,Road closure,low,Road closure affecting line U1A (low severity)
DIS-399123,SVCT,39,2026-06-15T01:24:30,2026-06-15T04:24:30,180,Planned engineering works,severe,Planned engineering works affecting line 39 (severe severity)
DIS-801612,TDTR,153,2026-05-27T16:43:23,2026-05-27T18:12:23,89,Traffic congestion,high,Traffic congestion affecting line 153 (high severity)
DIS-283960,SWWD,37,2026-07-21T00:34:06,2026-07-21T01:45:06,71,Planned engineering works,medium,Planned engineering works affecting line 37 (medium severity)
DIS-298238,WDBC,26,2026-06-09T12:54:04,2026-06-09T13:30:04,36,Traffic congestion,low,Traffic congestion affecting line 26 (low severity)
DIS-621283,BLUS,10,2026-06-09T02:44:59,2026-06-09T05:07:59,143,Accident on route,medium,Accident on route affecting line 10 (medium severity)
DIS-212887,BLUS,23,2026-04-20T21:47:16,2026-04-20T23:28:16,101,Severe weather,medium,Severe weather affecting line 23 (medium severity)
DIS-270293,SVCT,4,2026-05-26T08:06:09,2026-05-26T11:32:09,206,Traffic congestion,medium,Traffic congestion affecting line 4 (medium severity)
DIS-187738,BLUS,61,2026-05-17T18:38:51,2026-05-17T21:44:51,186,Traffic congestion,severe,Traffic congestion affecting line 61 (severe severity)
DIS-494658,UNIL,U2B,2026-05-14T06:59:44,2026-05-14T09:43:44,164,Road closure,severe,Road closure affecting line U2B (severe severity)
DIS-264953,TDTR,152,2026-05-07T04:45:01,2026-05-07T06:41:01,116,Road closure,severe,Road closure affecting line 152 (severe severity)
DIS-944593,SVCT,2,2026-07-12T11:57:50,2026-07-12T13:44:50,107,Traffic congestion,low,Traffic congestion affecting line 2 (low severity)
DIS-105971,WDBC,50,2026-06-06T23:38:56,2026-06-07T01:28:56,110,Traffic congestion,high,Traffic congestion affecting line 50 (high severity)
DIS-256223,SWWD,44,2026-04-22T05:18:02,2026-04-22T07:16:02,118,Planned engineering works,high,Planned engineering works affecting line 44 (high severity)
DIS-957740,BLUS,13,2026-05-08T20:15:05,2026-05-08T22:34:05,139,Vehicle breakdown,medium,Vehicle breakdown affecting line 13 (medium severity)
DIS-619288,WDBC,RG2,2026-07-13T19:50:03,2026-07-13T21:39:03,109,Road closure,medium,Road closure affecting line RG2 (medium severity)
DIS-437001,SVCT,TSS,2026-04-22T00:24:38,2026-04-22T02:15:38,111,Severe weather,medium,Severe weather affecting line TSS (medium severity)
DIS-660897,SVCT,TSS,2026-07-01T14:13:31,2026-07-01T14:46:31,33,Driver shortage,medium,Driver shortage affecting line TSS (medium severity)
DIS-835108,TDTR,14,2026-06-28T00:05:40,2026-06-28T00:38:40,33,Vehicle breakdown,low,Vehicle breakdown affecting line 14 (low severity)
DIS-288442,SWWD,R6,2026-06-29T22:48:51,2026-06-30T00:13:51,85,Vehicle breakdown,severe,Vehicle breakdown affecting line R6 (severe severity)
DIS-725595,WDBC,775,2026-05-24T05:54:23,2026-05-24T06:14:23,20,Road closure,high,Road closure affecting line 775 (high severity)
DIS-870728,SVCT,207,2026-05-20T05:37:09,2026-05-20T07:35:09,118,Roadworks,high,Roadworks affecting line 207 (high severity)
DIS-827965,SVCT,206,2026-06-20T12:54:03,2026-06-20T16:43:03,229,Planned engineering works,high,Planned engineering works affecting line 206 (high severity)
DIS-900666,WDBC,ONE,2026-05-07T10:12:21,2026-05-07T13:49:21,217,Traffic congestion,severe,Traffic congestion affecting line ONE (severe severity)
DIS-147266,SVCT,38,2026-05-01T19:56:28,2026-05-01T21:18:28,82,Planned engineering works,medium,Planned engineering works affecting line 38 (medium severity)
DIS-628660,WDBC,m2,2026-05-21T14:46:46,2026-05-21T16:43:46,117,Severe weather,severe,Severe weather affecting line m2 (severe severity)
DIS-986996,BLUS,28,2026-06-01T10:53:26,2026-06-01T11:10:26,17,Vehicle breakdown,low,Vehicle breakdown affecting line 28 (low severity)
DIS-156715,TDTR,2,2026-07-17T16:06:24,2026-07-17T18:30:24,144,Traffic congestion,severe,Traffic congestion affecting line 2 (severe severity)
DIS-224109,BLUS,21,2026-04-23T11:14:01,2026-04-23T12:15:01,61,Road closure,medium,Road closure affecting line 21 (medium severity)
DIS-913677,SWWD,907,2026-05-15T12:50:12,2026-05-15T16:07:12,197,Accident on route,low,Accident on route affecting line 907 (low severity)
DIS-872377,WDBC,NFB,2026-06-30T18:24:05,2026-06-30T21:06:05,162,Diversion,high,Diversion affecting line NFB (high severity)
DIS-838035,WDBC,941,2026-04-24T13:33:33,2026-04-24T13:50:33,17,Accident on route,high,Accident on route affecting line 941 (high severity)
DIS-161912,SVCT,SL,2026-05-01T07:30:57,2026-05-01T09:11:57,101,Severe weather,severe,Severe weather affecting line SL (severe severity)
DIS-446721,WDBC,22,2026-05-02T06:07:53,2026-05-02T08:45:53,158,Severe weather,high,Severe weather affecting line 22 (high severity)
DIS-255284,SVCT,8,2026-05-27T02:36:39,2026-05-27T05:08:39,152,Roadworks,medium,Roadworks affecting line 8 (medium severity)
DIS-141002,SVCT,SL,2026-06-17T04:30:29,2026-06-17T04:46:29,16,Traffic congestion,medium,Traffic congestion affecting line SL (medium severity)
DIS-590690,WDBC,50,2026-04-30T04:45:57,2026-04-30T05:48:57,63,Vehicle breakdown,high,Vehicle breakdown affecting line 50 (high severity)
DIS-513291,WDBC,775,2026-05-22T20:43:57,2026-05-22T22:31:57,108,Road closure,medium,Road closure affecting line 775 (medium severity)
DIS-909920,BLUS,11,2026-07-06T19:00:41,2026-07-06T20:52:41,112,Vehicle breakdown,medium,Vehicle breakdown affecting line 11 (medium severity)
DIS-350696,SWWD,88,2026-05-22T11:29:42,2026-05-22T14:16:42,167,Severe weather,low,Severe weather affecting line 88 (low severity)
DIS-613837,BLUS,15,2026-07-18T05:31:44,2026-07-18T09:03:44,212,Roadworks,low,Roadworks affecting line 15 (low severity)
DIS-444407,SWWD,926,2026-05-07T20:14:23,2026-05-07T22:56:23,162,Accident on route,medium,Accident on route affecting line 926 (medium severity)
DIS-587118,SWWD,X7,2026-05-26T08:56:11,2026-05-26T11:52:11,176,Road closure,severe,Road closure affecting line X7 (severe severity)
DIS-757843,BLUS,539,2026-04-25T16:52:39,2026-04-25T20:11:39,199,Accident on route,medium,Accident on route affecting line 539 (medium severity)
DIS-597924,WDBC,10,2026-04-22T20:24:53,2026-04-22T23:07:53,163,Diversion,medium,Diversion affecting line 10 (medium severity)
DIS-783120,BLUS,17,2026-05-23T07:57:18,2026-05-23T09:45:18,108,Accident on route,high,Accident on route affecting line 17 (high severity)
DIS-920486,TDTR,9,2026-06-01T05:23:43,2026-06-01T07:35:43,132,Road closure,low,Road closure affecting line 9 (low severity)
DIS-489705,UNIL,U1A,2026-07-20T07:50:38,2026-07-20T08:35:38,45,Roadworks,severe,Roadworks affecting line U1A (severe severity)
DIS-302914,SWWD,901,2026-05-06T11:31:30,2026-05-06T13:58:30,147,Diversion,low,Diversion affecting line 901 (low severity)
DIS-809065,SWWD,603,2026-07-12T05:55:28,2026-07-12T06:19:28,24,Severe weather,medium,Severe weather affecting line 603 (medium severity)
DIS-818426,BLUS,17,2026-05-02T04:04:43,2026-05-02T06:29:43,145,Diversion,severe,Diversion affecting line 17 (severe severity)
DIS-113799,SVCT,1,2026-07-04T01:14:02,2026-07-04T02:48:02,94,Road closure,medium,Road closure affecting line 1 (medium severity)
DIS-798076,SVCT,2,2026-06-21T03:42:52,2026-06-21T06:47:52,185,Vehicle breakdown,severe,Vehicle breakdown affecting line 2 (severe severity)
DIS-800800,BLUS,757,2026-07-13T03:45:38,2026-07-13T07:36:38,231,Diversion,low,Diversion affecting line 757 (low severity)
DIS-965750,WDBC,RG2,2026-06-17T14:10:29,2026-06-17T14:31:29,21,Vehicle breakdown,medium,Vehicle breakdown affecting line RG2 (medium severity)
DIS-943109,TDTR,2,2026-05-29T08:50:42,2026-05-29T09:35:42,45,Roadworks,severe,Roadworks affecting line 2 (severe severity)
DIS-684347,WDBC,L3,2026-05-08T18:38:55,2026-05-08T22:16:55,218,Diversion,severe,Diversion affecting line L3 (severe severity)
DIS-240846,WDBC,775,2026-06-05T10:47:31,2026-06-05T11:15:31,28,Roadworks,severe,Roadworks affecting line 775 (severe severity)
DIS-784051,DAMY,CR9,2026-05-27T07:24:52,2026-05-27T09:26:52,122,Planned engineering works,medium,Planned engineering works affecting line CR9 (medium severity)
DIS-205000,WDBC,11,2026-06-26T06:47:36,2026-06-26T08:00:36,73,Vehicle breakdown,severe,Vehicle breakdown affecting line 11 (severe severity)
DIS-479426,SWWD,8,2026-05-09T13:18:17,2026-05-09T16:52:17,214,Vehicle breakdown,low,Vehicle breakdown affecting line 8 (low severity)
DIS-677379,WDBC,22,2026-06-24T01:53:43,2026-06-24T02:29:43,36,Vehicle breakdown,high,Vehicle breakdown affecting line 22 (high severity)
DIS-368780,SVCT,TNB,2026-05-12T02:17:14,2026-05-12T05:11:14,174,Roadworks,medium,Roadworks affecting line TNB (medium severity)
DIS-483918,SVCT,TDB,2026-07-14T01:46:50,2026-07-14T03:00:50,74,Diversion,severe,Diversion affecting line TDB (severe severity)
DIS-965620,TDTR,X46,2026-06-03T08:37:04,2026-06-03T10:27:04,110,Severe weather,high,Severe weather affecting line X46 (high severity)
DIS-475102,WDBC,3x,2026-05-17T03:13:15,2026-05-17T04:48:15,95,Accident on route,high,Accident on route affecting line 3x (high severity)
DIS-702262,TDTR,159,2026-07-09T21:55:26,2026-07-10T00:47:26,172,Driver shortage,low,Driver shortage affecting line 159 (low severity)
DIS-517380,SVCT,1,2026-06-07T15:33:51,2026-06-07T17:11:51,98,Accident on route,low,Accident on route affecting line 1 (low severity)
DIS-588632,TDTR,22,2026-06-23T09:51:20,2026-06-23T11:27:20,96,Traffic congestion,severe,Traffic congestion affecting line 22 (severe severity)
DIS-373401,BLUS,61,2026-04-27T11:47:54,2026-04-27T15:14:54,207,Traffic congestion,severe,Traffic congestion affecting line 61 (severe severity)
DIS-247658,TDTR,920,2026-06-01T15:52:18,2026-06-01T18:17:18,145,Severe weather,high,Severe weather affecting line 920 (high severity)
DIS-181441,WDBC,15,2026-05-17T00:59:45,2026-05-17T01:55:45,56,Diversion,high,Diversion affecting line 15 (high severity)
DIS-418535,SVCT,5,2026-05-12T21:58:13,2026-05-13T01:15:13,197,Traffic congestion,severe,Traffic congestion affecting line 5 (severe severity)
DIS-581904,UNIL,U6H,2026-07-08T23:48:30,2026-07-09T03:13:30,205,Roadworks,severe,Roadworks affecting line U6H (severe severity)
DIS-782014,TDTR,42,2026-06-28T18:48:04,2026-06-28T19:03:04,15,Diversion,low,Diversion affecting line 42 (low severity)
DIS-643319,SWWD,ST,2026-05-10T09:05:57,2026-05-10T10:43:57,98,Accident on route,medium,Accident on route affecting line ST (medium severity)
DIS-992125,TDTR,13,2026-06-22T21:07:49,2026-06-23T00:29:49,202,Diversion,low,Diversion affecting line 13 (low severity)
DIS-150327,WDBC,9,2026-06-12T18:27:13,2026-06-12T18:37:13,10,Driver shortage,severe,Driver shortage affecting line 9 (severe severity)
DIS-524593,SWWD,X5,2026-05-22T19:01:43,2026-05-22T21:51:43,170,Diversion,medium,Diversion affecting line X5 (medium severity)
DIS-107896,DAMY,1,2026-05-24T08:49:16,2026-05-24T12:08:16,199,Driver shortage,severe,Driver shortage affecting line 1 (severe severity)
DIS-262992,BLUS,2,2026-06-02T02:34:02,2026-06-02T04:10:02,96,Roadworks,severe,Roadworks affecting line 2 (severe severity)
DIS-879546,SWWD,PR15,2026-06-29T17:48:24,2026-06-29T19:18:24,90,Vehicle breakdown,high,Vehicle breakdown affecting line PR15 (high severity)
DIS-603501,SVCT,204,2026-07-09T11:41:38,2026-07-09T14:53:38,192,Traffic congestion,severe,Traffic congestion affecting line 204 (severe severity)
DIS-540982,DAMY,6,2026-07-02T02:14:33,2026-07-02T05:39:33,205,Planned engineering works,low,Planned engineering works affecting line 6 (low severity)
DIS-280771,BLUS,10,2026-04-29T00:00:24,2026-04-29T02:58:24,178,Planned engineering works,medium,Planned engineering works affecting line 10 (medium severity)
DIS-437061,SWWD,650,2026-07-01T07:03:04,2026-07-01T10:15:04,192,Roadworks,low,Roadworks affecting line 650 (low severity)
DIS-629989,WDBC,L5,2026-05-03T08:44:31,2026-05-03T09:04:31,20,Accident on route,low,Accident on route affecting line L5 (low severity)
DIS-858222,WDBC,737,2026-05-02T11:43:13,2026-05-02T14:19:13,156,Road closure,medium,Road closure affecting line 737 (medium severity)
DIS-502820,TDTR,120,2026-06-15T20:33:01,2026-06-15T23:14:01,161,Vehicle breakdown,medium,Vehicle breakdown affecting line 120 (medium severity)
DIS-265634,WDBC,941,2026-04-23T11:59:06,2026-04-23T12:20:06,21,Severe weather,medium,Severe weather affecting line 941 (medium severity)
DIS-498489,BLUS,539,2026-05-01T11:27:15,2026-05-01T13:19:15,112,Vehicle breakdown,high,Vehicle breakdown affecting line 539 (high severity)
DIS-778544,WDBC,13,2026-06-25T04:56:28,2026-06-25T05:19:28,23,Severe weather,high,Severe weather affecting line 13 (high severity)
DIS-964026,SWWD,901,2026-05-25T11:12:49,2026-05-25T13:03:49,111,Roadworks,medium,Roadworks affecting line 901 (medium severity)
DIS-371882,WDBC,X3,2026-06-04T16:13:28,2026-06-04T17:55:28,102,Road closure,high,Road closure affecting line X3 (high severity)
DIS-390220,WDBC,X6,2026-07-18T05:14:02,2026-07-18T06:54:02,100,Roadworks,low,Roadworks affecting line X6 (low severity)
DIS-665666,WDBC,m2,2026-07-14T21:57:55,2026-07-14T23:25:55,88,Road closure,high,Road closure affecting line m2 (high severity)
DIS-923195,WDBC,777,2026-05-28T00:18:59,2026-05-28T00:45:59,27,Vehicle breakdown,low,Vehicle breakdown affecting line 777 (low severity)
DIS-572146,DAMY,X8,2026-06-03T17:41:42,2026-06-03T19:55:42,134,Severe weather,low,Severe weather affecting line X8 (low severity)
DIS-606982,BLUS,7,2026-06-25T21:09:37,2026-06-26T01:05:37,236,Road closure,low,Road closure affecting line 7 (low severity)
DIS-822727,SVCT,211,2026-04-23T00:07:46,2026-04-23T04:06:46,239,Roadworks,medium,Roadworks affecting line 211 (medium severity)
DIS-931319,WDBC,70,2026-06-13T16:04:35,2026-06-13T19:40:35,216,Driver shortage,medium,Driver shortage affecting line 70 (medium severity)
DIS-684484,DAMY,CR7,2026-05-25T18:51:48,2026-05-25T20:21:48,90,Roadworks,medium,Roadworks affecting line CR7 (medium severity)
DIS-539673,WDBC,1A,2026-05-17T00:26:09,2026-05-17T01:01:09,35,Severe weather,low,Severe weather affecting line 1A (low severity)
DIS-580113,WDBC,3x,2026-05-31T14:24:31,2026-05-31T14:58:31,34,Diversion,low,Diversion affecting line 3x (low severity)
DIS-125413,WDBC,16,2026-04-26T09:14:35,2026-04-26T12:07:35,173,Diversion,severe,Diversion affecting line 16 (severe severity)
DIS-145326,BLUS,17,2026-07-03T20:37:46,2026-07-03T21:30:46,53,Accident on route,medium,Accident on route affecting line 17 (medium severity)
DIS-382310,SWWD,650,2026-05-09T13:39:27,2026-05-09T14:03:27,24,Road closure,high,Road closure affecting line 650 (high severity)
DIS-856801,SWWD,44,2026-07-08T07:19:52,2026-07-08T10:34:52,195,Planned engineering works,low,Planned engineering works affecting line 44 (low severity)
DIS-336133,SVCT,TDB,2026-05-12T13:44:00,2026-05-12T15:43:00,119,Driver shortage,severe,Driver shortage affecting line TDB (severe severity)
DIS-652212,TDTR,154,2026-04-20T20:51:22,2026-04-20T22:17:22,86,Vehicle breakdown,high,Vehicle breakdown affecting line 154 (high severity)
DIS-378823,WDBC,L5,2026-05-23T06:00:08,2026-05-23T07:17:08,77,Traffic congestion,low,Traffic congestion affecting line L5 (low severity)
DIS-533433,TDTR,R24,2026-07-07T22:46:19,2026-07-08T02:15:19,209,Driver shortage,high,Driver shortage affecting line R24 (high severity)
DIS-892453,SWWD,PD3,2026-06-04T18:14:40,2026-06-04T20:44:40,150,Driver shortage,medium,Driver shortage affecting line PD3 (medium severity)
DIS-272048,TDTR,R23,2026-05-05T23:40:18,2026-05-06T02:13:18,153,Traffic congestion,medium,Traffic congestion affecting line R23 (medium severity)
DIS-551169,BLUS,1,2026-06-29T14:44:31,2026-06-29T17:19:31,155,Traffic congestion,medium,Traffic congestion affecting line 1 (medium severity)
DIS-540413,BLUS,504,2026-05-11T12:48:26,2026-05-11T14:01:26,73,Vehicle breakdown,medium,Vehicle breakdown affecting line 504 (medium severity)
DIS-498192,SWWD,88,2026-07-01T08:10:19,2026-07-01T11:28:19,198,Planned engineering works,medium,Planned engineering works affecting line 88 (medium severity)
DIS-916377,DAMY,5,2026-05-21T09:54:53,2026-05-21T11:26:53,92,Planned engineering works,severe,Planned engineering works affecting line 5 (severe severity)
DIS-281289,UNIL,U1C,2026-05-21T23:01:04,2026-05-22T00:51:04,110,Roadworks,low,Roadworks affecting line U1C (low severity)
DIS-983436,WDBC,20,2026-07-04T23:14:32,2026-07-05T03:03:32,229,Planned engineering works,severe,Planned engineering works affecting line 20 (severe severity)
DIS-503883,TDTR,155,2026-05-15T10:35:08,2026-05-15T10:59:08,24,Driver shortage,medium,Driver shortage affecting line 155 (medium severity)
DIS-449678,SVCT,2,2026-05-25T18:27:13,2026-05-25T20:58:13,151,Traffic congestion,severe,Traffic congestion affecting line 2 (severe severity)
DIS-292513,WDBC,119,2026-06-17T17:36:22,2026-06-17T18:57:22,81,Diversion,medium,Diversion affecting line 119 (medium severity)
DIS-790249,WDBC,21,2026-05-27T04:57:24,2026-05-27T06:27:24,90,Road closure,medium,Road closure affecting line 21 (medium severity)
DIS-280322,TDTR,X76,2026-06-07T03:39:19,2026-06-07T03:59:19,20,Vehicle breakdown,high,Vehicle breakdown affecting line X76 (high severity)
DIS-376063,WDBC,898,2026-07-11T16:11:00,2026-07-11T19:37:00,206,Driver shortage,medium,Driver shortage affecting line 898 (medium severity)
DIS-761957,WDBC,24,2026-05-01T10:38:03,2026-05-01T13:40:03,182,Roadworks,low,Roadworks affecting line 24 (low severity)
DIS-905456,SWWD,907,2026-06-24T18:07:58,2026-06-24T21:00:58,173,Driver shortage,low,Driver shortage affecting line 907 (low severity)
DIS-389412,WDBC,81,2026-07-14T14:27:10,2026-07-14T16:46:10,139,Severe weather,severe,Severe weather affecting line 81 (severe severity)
DIS-752349,BLUS,7,2026-07-17T08:30:11,2026-07-17T10:33:11,123,Vehicle breakdown,high,Vehicle breakdown affecting line 7 (high severity)
DIS-583104,WDBC,X3,2026-07-15T12:10:08,2026-07-15T12:33:08,23,Severe weather,low,Severe weather affecting line X3 (low severity)
DIS-737604,UNIL,U6C,2026-05-14T06:17:51,2026-05-14T08:50:51,153,Road closure,high,Road closure affecting line U6C (high severity)
DIS-756674,SVCT,4,2026-06-23T20:14:46,2026-06-23T22:51:46,157,Traffic congestion,severe,Traffic congestion affecting line 4 (severe severity)
DIS-519688,SWWD,625,2026-05-24T23:39:42,2026-05-25T00:06:42,27,Driver shortage,low,Driver shortage affecting line 625 (low severity)
DIS-900492,BLUS,504,2026-07-16T02:02:39,2026-07-16T05:45:39,223,Traffic congestion,severe,Traffic congestion affecting line 504 (severe severity)
DIS-714963,WDBC,120,2026-05-25T04:02:11,2026-05-25T07:06:11,184,Accident on route,medium,Accident on route affecting line 120 (medium severity)
DIS-537716,SWWD,37,2026-06-15T09:20:08,2026-06-15T11:01:08,101,Roadworks,low,Roadworks affecting line 37 (low severity)
DIS-250428,SWWD,D3,2026-05-15T14:49:08,2026-05-15T17:52:08,183,Planned engineering works,severe,Planned engineering works affecting line D3 (severe severity)
DIS-658811,BLUS,503,2026-07-07T17:51:10,2026-07-07T18:47:10,56,Diversion,high,Diversion affecting line 503 (high severity)
DIS-876899,WDBC,50,2026-07-17T03:07:14,2026-07-17T05:25:14,138,Driver shortage,medium,Driver shortage affecting line 50 (medium severity)
DIS-120784,SWWD,901,2026-06-28T17:15:33,2026-06-28T19:50:33,155,Severe weather,low,Severe weather affecting line 901 (low severity)
DIS-830647,UNIL,U1C,2026-05-12T17:25:42,2026-05-12T18:37:42,72,Diversion,high,Diversion affecting line U1C (high severity)
DIS-897062,BLUS,14,2026-04-22T00:45:15,2026-04-22T01:55:15,70,Vehicle breakdown,severe,Vehicle breakdown affecting line 14 (severe severity)
DIS-698448,WDBC,Q7,2026-06-25T10:04:39,2026-06-25T11:12:39,68,Roadworks,high,Roadworks affecting line Q7 (high severity)
DIS-457432,SWWD,26,2026-04-25T23:38:04,2026-04-26T02:36:04,178,Diversion,low,Diversion affecting line 26 (low severity)
DIS-372456,TDTR,153,2026-05-08T16:16:47,2026-05-08T17:09:47,53,Driver shortage,high,Driver shortage affecting line 153 (high severity)
DIS-425950,TDTR,X76,2026-06-20T21:20:16,2026-06-20T21:31:16,11,Driver shortage,high,Driver shortage affecting line X76 (high severity)
DIS-883032,SVCT,205,2026-05-01T10:48:17,2026-05-01T14:24:17,216,Planned engineering works,medium,Planned engineering works affecting line 205 (medium severity)
DIS-188906,SWWD,ST,2026-05-21T05:16:33,2026-05-21T07:14:33,118,Traffic congestion,low,Traffic congestion affecting line ST (low severity)
DIS-311294,SVCT,TNB,2026-06-21T21:54:18,2026-06-22T01:39:18,225,Diversion,low,Diversion affecting line TNB (low severity)
DIS-408000,WDBC,ONE,2026-06-28T07:26:18,2026-06-28T09:41:18,135,Driver shortage,low,Driver shortage affecting line ONE (low severity)
DIS-503771,WDBC,m2,2026-06-04T08:32:56,2026-06-04T10:45:56,133,Traffic congestion,severe,Traffic congestion affecting line m2 (severe severity)
DIS-976575,SWWD,906,2026-05-03T22:53:23,2026-05-04T01:10:23,137,Traffic congestion,low,Traffic congestion affecting line 906 (low severity)
DIS-515452,WDBC,744,2026-07-14T22:21:22,2026-07-15T01:23:22,182,Vehicle breakdown,high,Vehicle breakdown affecting line 744 (high severity)
DIS-392325,SWWD,625,2026-06-27T04:46:50,2026-06-27T05:41:50,55,Traffic congestion,high,Traffic congestion affecting line 625 (high severity)
DIS-869084,SVCT,2,2026-05-11T13:14:24,2026-05-11T16:41:24,207,Vehicle breakdown,severe,Vehicle breakdown affecting line 2 (severe severity)
DIS-407992,WDBC,82,2026-06-18T23:02:39,2026-06-19T01:27:39,145,Vehicle breakdown,severe,Vehicle breakdown affecting line 82 (severe severity)
DIS-152011,TDTR,158,2026-07-12T15:17:23,2026-07-12T18:36:23,199,Driver shortage,medium,Driver shortage affecting line 158 (medium severity)
DIS-643135,SWWD,2,2026-06-27T10:56:25,2026-06-27T12:54:25,118,Roadworks,high,Roadworks affecting line 2 (high severity)
DIS-587300,WDBC,4,2026-04-21T22:46:50,2026-04-22T02:00:50,194,Traffic congestion,severe,Traffic congestion affecting line 4 (severe severity)
DIS-883850,SWWD,PR15,2026-05-28T08:22:01,2026-05-28T09:56:01,94,Roadworks,severe,Roadworks affecting line PR15 (severe severity)
DIS-909438,WDBC,38,2026-06-14T12:27:01,2026-06-14T13:44:01,77,Diversion,low,Diversion affecting line 38 (low severity)
DIS-743552,WDBC,81,2026-07-06T14:34:34,2026-07-06T18:14:34,220,Diversion,low,Diversion affecting line 81 (low severity)
DIS-679158,SVCT,211,2026-06-19T11:07:42,2026-06-19T11:37:42,30,Severe weather,low,Severe weather affecting line 211 (low severity)
DIS-269424,SWWD,2,2026-05-12T17:35:58,2026-05-12T18:56:58,81,Road closure,medium,Road closure affecting line 2 (medium severity)
DIS-220984,WDBC,744,2026-06-17T11:06:06,2026-06-17T12:39:06,93,Traffic congestion,severe,Traffic congestion affecting line 744 (severe severity)
DIS-649107,SWWD,MHDRT,2026-06-29T07:21:03,2026-06-29T10:34:03,193,Severe weather,medium,Severe weather affecting line MHDRT (medium severity)
DIS-440974,WDBC,125,2026-05-02T04:30:33,2026-05-02T07:26:33,176,Severe weather,high,Severe weather affecting line 125 (high severity)
DIS-691899,SVCT,213,2026-04-23T14:16:05,2026-04-23T15:17:05,61,Vehicle breakdown,low,Vehicle breakdown affecting line 213 (low severity)
DIS-813836,BLUS,13,2026-05-12T22:24:40,2026-05-13T01:52:40,208,Driver shortage,medium,Driver shortage affecting line 13 (medium severity)
DIS-936665,TDTR,158,2026-07-18T08:41:57,2026-07-18T11:52:57,191,Roadworks,severe,Roadworks affecting line 158 (severe severity)
DIS-606758,SWWD,29,2026-07-19T21:21:54,2026-07-20T01:10:54,229,Driver shortage,severe,Driver shortage affecting line 29 (severe severity)
DIS-489623,DAMY,CR8,2026-05-02T13:31:26,2026-05-02T16:33:26,182,Accident on route,low,Accident on route affecting line CR8 (low severity)
DIS-191606,WDBC,1A,2026-05-20T06:03:59,2026-05-20T07:22:59,79,Traffic congestion,low,Traffic congestion affecting line 1A (low severity)
DIS-626016,TDTR,156,2026-05-07T09:40:28,2026-05-07T10:39:28,59,Driver shortage,high,Driver shortage affecting line 156 (high severity)
DIS-991257,BLUS,8,2026-06-22T21:36:16,2026-06-22T22:00:16,24,Vehicle breakdown,low,Vehicle breakdown affecting line 8 (low severity)
DIS-562867,WDBC,13A,2026-06-05T02:00:23,2026-06-05T05:09:23,189,Driver shortage,low,Driver shortage affecting line 13A (low severity)
DIS-276433,SWWD,906,2026-07-01T02:28:39,2026-07-01T04:44:39,136,Diversion,high,Diversion affecting line 906 (high severity)
DIS-197344,BLUS,11,2026-05-19T05:52:31,2026-05-19T08:52:31,180,Traffic congestion,high,Traffic congestion affecting line 11 (high severity)
DIS-336813,TDTR,48,2026-05-10T08:55:44,2026-05-10T09:59:44,64,Accident on route,high,Accident on route affecting line 48 (high severity)
DIS-582577,WDBC,Q1,2026-07-13T09:08:28,2026-07-13T10:18:28,70,Accident on route,high,Accident on route affecting line Q1 (high severity)
DIS-554793,BLUS,21,2026-06-18T17:17:49,2026-06-18T18:51:49,94,Roadworks,low,Roadworks affecting line 21 (low severity)
DIS-493676,TDTR,1B,2026-06-24T16:07:44,2026-06-24T19:53:44,226,Traffic congestion,low,Traffic congestion affecting line 1B (low severity)
DIS-292391,WDBC,14,2026-05-21T06:15:17,2026-05-21T08:02:17,107,Severe weather,low,Severe weather affecting line 14 (low severity)
DIS-365633,SWWD,X4,2026-07-12T01:04:31,2026-07-12T03:43:31,159,Accident on route,low,Accident on route affecting line X4 (low severity)
DIS-722067,SVCT,TSS,2026-07-18T03:30:20,2026-07-18T03:56:20,26,Road closure,severe,Road closure affecting line TSS (severe severity)
DIS-862036,BLUS,19,2026-05-28T15:47:29,2026-05-28T18:02:29,135,Vehicle breakdown,low,Vehicle breakdown affecting line 19 (low severity)
DIS-436304,SWWD,26,2026-06-20T00:50:43,2026-06-20T01:21:43,31,Accident on route,high,Accident on route affecting line 26 (high severity)
DIS-293351,BLUS,28,2026-05-22T07:02:00,2026-05-22T07:12:00,10,Traffic congestion,severe,Traffic congestion affecting line 28 (severe severity)
DIS-783950,WDBC,3x,2026-04-29T05:01:48,2026-04-29T05:11:48,10,Road closure,severe,Road closure affecting line 3x (severe severity)
DIS-525354,SQ,DEAD,2026-06-08T03:12:56,2026-06-08T03:50:56,38,Driver shortage,medium,Driver shortage affecting line DEAD (medium severity)
DIS-347959,WDBC,13A,2026-06-10T19:15:08,2026-06-10T21:53:08,158,Road closure,high,Road closure affecting line 13A (high severity)
DIS-731827,WDBC,35,2026-06-24T14:21:41,2026-06-24T14:40:41,19,Traffic congestion,high,Traffic congestion affecting line 35 (high severity)
DIS-616363,SWWD,PR9,2026-04-22T01:04:52,2026-04-22T01:59:52,55,Diversion,medium,Diversion affecting line PR9 (medium severity)
DIS-375223,SWWD,X7R,2026-07-02T15:35:28,2026-07-02T15:50:28,15,Roadworks,medium,Roadworks affecting line X7R (medium severity)
DIS-694186,WDBC,50,2026-04-25T13:07:11,2026-04-25T15:27:11,140,Accident on route,low,Accident on route affecting line 50 (low severity)
DIS-992810,TDTR,SSS,2026-07-06T04:59:26,2026-07-06T07:31:26,152,Roadworks,severe,Roadworks affecting line SSS (severe severity)
DIS-533717,WDBC,762,2026-05-25T11:00:02,2026-05-25T12:46:02,106,Planned engineering works,low,Planned engineering works affecting line 762 (low severity)
DIS-725138,WDBC,777,2026-04-29T05:52:10,2026-04-29T08:18:10,146,Roadworks,high,Roadworks affecting line 777 (high severity)
DIS-570553,SVCT,22,2026-06-14T01:39:26,2026-06-14T05:33:26,234,Severe weather,medium,Severe weather affecting line 22 (medium severity)
DIS-462673,TDTR,159,2026-05-09T19:09:08,2026-05-09T22:27:08,198,Road closure,medium,Road closure affecting line 159 (medium severity)
DIS-282803,WDBC,761,2026-05-19T08:04:05,2026-05-19T09:40:05,96,Traffic congestion,low,Traffic congestion affecting line 761 (low severity)
DIS-609681,SVCT,9,2026-04-26T12:11:03,2026-04-26T15:05:03,174,Vehicle breakdown,severe,Vehicle breakdown affecting line 9 (severe severity)
DIS-291249,BLUS,18,2026-05-29T00:32:21,2026-05-29T01:55:21,83,Traffic congestion,medium,Traffic congestion affecting line 18 (medium severity)
DIS-700249,DAMY,6,2026-04-25T23:11:05,2026-04-26T01:37:05,146,Accident on route,medium,Accident on route affecting line 6 (medium severity)
DIS-174963,WDBC,35,2026-05-14T10:22:55,2026-05-14T13:19:55,177,Diversion,medium,Diversion affecting line 35 (medium severity)
DIS-341486,TDTR,9,2026-06-17T05:58:51,2026-06-17T09:55:51,237,Driver shortage,high,Driver shortage affecting line 9 (high severity)
DIS-956338,BLUS,17,2026-07-02T13:05:04,2026-07-02T16:17:04,192,Planned engineering works,severe,Planned engineering works affecting line 17 (severe severity)
DIS-691630,BLUS,12,2026-05-11T17:48:39,2026-05-11T19:22:39,94,Roadworks,high,Roadworks affecting line 12 (high severity)
DIS-691918,WDBC,NFR,2026-07-14T19:35:42,2026-07-14T21:34:42,119,Diversion,low,Diversion affecting line NFR (low severity)
DIS-767012,WDBC,119,2026-05-06T16:42:56,2026-05-06T20:14:56,212,Accident on route,severe,Accident on route affecting line 119 (severe severity)
DIS-545529,WDBC,Q7,2026-07-17T18:16:27,2026-07-17T21:07:27,171,Planned engineering works,high,Planned engineering works affecting line Q7 (high severity)
DIS-131301,WDBC,125,2026-05-28T17:32:33,2026-05-28T21:20:33,228,Accident on route,medium,Accident on route affecting line 125 (medium severity)
DIS-276060,SVCT,212,2026-07-07T16:44:24,2026-07-07T19:52:24,188,Vehicle breakdown,high,Vehicle breakdown affecting line 212 (high severity)
DIS-217514,WDBC,119,2026-06-20T06:34:17,2026-06-20T09:31:17,177,Planned engineering works,low,Planned engineering works affecting line 119 (low severity)
DIS-620309,WDBC,120,2026-05-13T21:48:56,2026-05-14T01:36:56,228,Traffic congestion,high,Traffic congestion affecting line 120 (high severity)
DIS-858894,SVCT,39,2026-07-19T00:22:03,2026-07-19T01:02:03,40,Vehicle breakdown,high,Vehicle breakdown affecting line 39 (high severity)
DIS-997283,WDBC,24,2026-05-18T19:59:47,2026-05-18T22:52:47,173,Traffic congestion,severe,Traffic congestion affecting line 24 (severe severity)
DIS-749045,BLUS,1,2026-05-04T15:59:41,2026-05-04T17:30:41,91,Diversion,medium,Diversion affecting line 1 (medium severity)
DIS-450121,DAMY,6,2026-06-05T18:00:31,2026-06-05T19:58:31,118,Roadworks,low,Roadworks affecting line 6 (low severity)
DIS-466092,TDTR,920,2026-05-31T20:13:29,2026-05-31T22:11:29,118,Severe weather,severe,Severe weather affecting line 920 (severe severity)
DIS-574652,WDBC,36,2026-05-30T00:21:35,2026-05-30T00:42:35,21,Traffic congestion,medium,Traffic congestion affecting line 36 (medium severity)
DIS-843250,SWWD,D3,2026-06-14T01:18:56,2026-06-14T01:52:56,34,Vehicle breakdown,medium,Vehicle breakdown affecting line D3 (medium severity)
DIS-117665,SWWD,R10,2026-06-08T09:26:13,2026-06-08T11:46:13,140,Traffic congestion,high,Traffic congestion affecting line R10 (high severity)
DIS-201477,WDBC,Q1,2026-05-27T13:01:53,2026-05-27T15:26:53,145,Diversion,low,Diversion affecting line Q1 (low severity)
DIS-611267,UNIL,U6H,2026-04-30T07:40:47,2026-04-30T08:40:47,60,Severe weather,medium,Severe weather affecting line U6H (medium severity)
DIS-938712,SWWD,X5,2026-07-05T19:54:33,2026-07-05T21:26:33,92,Roadworks,severe,Roadworks affecting line X5 (severe severity)
DIS-462416,SWWD,26,2026-05-24T18:16:56,2026-05-24T19:15:56,59,Road closure,low,Road closure affecting line 26 (low severity)
DIS-176196,SVCT,205,2026-05-29T19:06:23,2026-05-29T22:38:23,212,Accident on route,low,Accident on route affecting line 205 (low severity)
DIS-154710,WDBC,1A,2026-06-14T17:03:02,2026-06-14T19:51:02,168,Accident on route,severe,Accident on route affecting line 1A (severe severity)
DIS-798505,BLUS,8,2026-05-26T04:13:37,2026-05-26T04:50:37,37,Diversion,medium,Diversion affecting line 8 (medium severity)
DIS-138306,TDTR,9,2026-05-03T18:43:35,2026-05-03T22:37:35,234,Diversion,high,Diversion affecting line 9 (high severity)
DIS-930521,WDBC,U3,2026-04-25T09:59:53,2026-04-25T12:23:53,144,Planned engineering works,low,Planned engineering works affecting line U3 (low severity)
DIS-287875,SWWD,R8,2026-06-23T13:15:59,2026-06-23T14:20:59,65,Diversion,high,Diversion affecting line R8 (high severity)
DIS-682162,SVCT,211,2026-05-24T14:02:28,2026-05-24T14:30:28,28,Driver shortage,high,Driver shortage affecting line 211 (high severity)
DIS-353299,SWWD,625,2026-05-06T21:31:23,2026-05-07T01:04:23,213,Severe weather,low,Severe weather affecting line 625 (low severity)
DIS-853105,TDTR,R26,2026-07-08T14:47:00,2026-07-08T17:28:00,161,Severe weather,severe,Severe weather affecting line R26 (severe severity)
DIS-771546,TDTR,23,2026-04-29T09:39:37,2026-04-29T11:35:37,116,Planned engineering works,medium,Planned engineering works affecting line 23 (medium severity)
DIS-324449,WDBC,32,2026-06-21T12:56:03,2026-06-21T16:46:03,230,Accident on route,high,Accident on route affecting line 32 (high severity)
DIS-103852,BLUS,3,2026-06-23T16:29:14,2026-06-23T18:54:14,145,Vehicle breakdown,high,Vehicle breakdown affecting line 3 (high severity)
DIS-742582,BLUS,61,2026-04-28T02:15:23,2026-04-28T02:28:23,13,Accident on route,severe,Accident on route affecting line 61 (severe severity)
DIS-822704,TDTR,23,2026-07-04T23:50:17,2026-07-05T02:22:17,152,Severe weather,medium,Severe weather affecting line 23 (medium severity)
DIS-660058,SWWD,901,2026-05-30T09:08:33,2026-05-30T11:50:33,162,Accident on route,low,Accident on route affecting line 901 (low severity)
DIS-368224,SWWD,R12,2026-05-01T05:36:38,2026-05-01T07:06:38,90,Vehicle breakdown,low,Vehicle breakdown affecting line R12 (low severity)
DIS-983338,WDBC,898,2026-07-04T11:10:00,2026-07-04T14:53:00,223,Vehicle breakdown,severe,Vehicle breakdown affecting line 898 (severe severity)
DIS-260347,DAMY,1,2026-04-24T15:35:06,2026-04-24T18:56:06,201,Road closure,low,Road closure affecting line 1 (low severity)
DIS-568516,SWWD,44,2026-05-20T07:49:20,2026-05-20T08:30:20,41,Traffic congestion,low,Traffic congestion affecting line 44 (low severity)
DIS-431220,SWWD,R2,2026-05-24T02:55:08,2026-05-24T05:46:08,171,Diversion,high,Diversion affecting line R2 (high severity)
DIS-277816,BLUS,11,2026-06-13T19:16:21,2026-06-13T20:25:21,69,Planned engineering works,medium,Planned engineering works affecting line 11 (medium severity)
DIS-619720,WDBC,12,2026-07-19T18:27:04,2026-07-19T20:32:04,125,Road closure,low,Road closure affecting line 12 (low severity)
DIS-807382,WDBC,40,2026-05-30T01:50:15,2026-05-30T03:09:15,79,Diversion,low,Diversion affecting line 40 (low severity)
