source_file,service_ref,line_ref,operator_ref,journey_code,departure_time,days_of_week,stop_count,route_number
BODS_PH1121126_195_20260830_124.xml,PH1121126:195,BLUS:PH1121126:195:18,BLUS,VJ384,2026-07-21T07:48:00.000+05:45,Monday|Tuesday|Wednesday|Thursday|Friday,35,18
BODS_PH1121126_204_20260601_117.xml,PH1121126:204,BLUS:PH1121126:204:1,BLUS,VJ85,2026-07-21T12:30:00.000+05:45,Monday|Tuesday|Wednesday|Thursday|Friday,42,1
BODS_PH1121126_195_20260718_122.xml,PH1121126:195,BLUS:PH1121126:195:18,BLUS,VJ526,2026-07-21T16:50:00.000+05:45,Sunday,35,18
BODS_PH1121126_506_20260830_118.xml,PH1121126:506,BLUS:PH1121126:506:19,BLUS,VJ259,2026-07-21T20:05:00.000+05:45,Sunday,52,19
BODS_PH1121126_237_20260412_115.xml,PH1121126:237,BLUS:PH1121126:237:QC,BLUS,VJ58,2026-07-21T15:50:00.000+05:45,Monday|Tuesday|Wednesday|Thursday|Friday,6,QC
BODS_PH1121126_195_20260601_117.xml,PH1121126:195,BLUS:PH1121126:195:18,BLUS,VJ297,2026-07-21T13:05:00.000+05:45,Saturday,34,18
BODS_PH1121126_298_20260718_117.xml,PH1121126:298,BLUS:PH1121126:298:7,BLUS,VJ128,2026-07-21T13:10:00.000+05:45,Monday|Tuesday|Wednesday|Thursday|Friday,61,7
BODS_UZ000BLUS_26_20260830_1.xml,UZ000BLUS:26,BLUS:UZ000BLUS:26:26,BLUS,VJ2,2026-07-21T10:25:00.000+05:45,Monday|Tuesday|Wednesday|Thursday|Friday,41,26
BODS_PH1121126_575_20260830_20.xml,PH1121126:575,BLUS:PH1121126:575:PR1,BLUS,VJ102,2026-07-21T15:30:00.000+05:45,Saturday,2,PR1
BODS_PH1121126_195_20260830_124.xml,PH1121126:195,BLUS:PH1121126:195:18,BLUS,VJ109,2026-07-21T23:40:00.000+05:45,Monday|Tuesday|Wednesday|Thursday|Friday,55,18
BODS_PH1121126_575_20260718_18.xml,PH1121126:575,BLUS:PH1121126:575:PR1,BLUS,VJ42,2026-07-21T07:40:00.000+05:45,Saturday,3,PR1
BODS_PH1121126_197_20260718_113.xml,PH1121126:197,BLUS:PH1121126:197:12,BLUS,VJ58,2026-07-21T15:00:00.000+05:45,Sunday,22,12
BODS_PH1121126_200_20260328_115.xml,PH1121126:200,BLUS:PH1121126:200:5,BLUS,VJ65,2026-07-21T13:05:00.000+05:45,Saturday,7,5
BODS_PH1121126_198_20260412_111.xml,PH1121126:198,BLUS:PH1121126:198:9,BLUS,VJ104,2026-07-21T21:10:00.000+05:45,Saturday,53,9
BODS_PH1121126_204_20260718_122.xml,PH1121126:204,BLUS:PH1121126:204:1,BLUS,VJ360,2026-07-21T20:50:00.000+05:45,Monday|Tuesday|Wednesday|Thursday|Friday,47,1
BODS_PH1121126_302_20260718_130.xml,PH1121126:302,BLUS:PH1121126:302:17,BLUS,VJ398,2026-07-21T20:30:00.000+05:45,Saturday,50,17
BODS_PH1121126_502_20260830_112.xml,PH1121126:502,BLUS:PH1121126:502:10,BLUS,VJ2,2026-07-21T11:30:00.000+05:45,Saturday,22,10
BODS_PH1121126_506_20260601_111.xml,PH1121126:506,BLUS:PH1121126:506:19,BLUS,VJ55,2026-07-21T14:02:00.000+05:45,Monday|Tuesday|Wednesday|Thursday|Friday,50,19
BODS_PH1121126_203_20260718_123.xml,PH1121126:203,BLUS:PH1121126:203:2,BLUS,VJ286,2026-07-21T11:32:00.000+05:45,Sunday,61,2
BODS_PH1121126_195_20260718_122.xml,PH1121126:195,BLUS:PH1121126:195:18,BLUS,VJ51,2026-07-21T11:52:00.000+05:45,Monday|Tuesday|Wednesday|Thursday|Friday,55,18
BODS_PH1121126_195_20260601_117.xml,PH1121126:195,BLUS:PH1121126:195:18,BLUS,VJ55,2026-07-21T12:32:00.000+05:45,Monday|Tuesday|Wednesday|Thursday|Friday,54,18
BODS_PH1121126_195_20260718_122.xml,PH1121126:195,BLUS:PH1121126:195:18,BLUS,VJ390,2026-07-21T23:00:00.000+05:45,Saturday,35,18
BODS_PH1121126_298_20260718_117.xml,PH1121126:298,BLUS:PH1121126:298:7,BLUS,VJ117,2026-07-21T06:50:00.000+05:45,Saturday,61,7
BODS_PH1121126_302_20260601_125.xml,PH1121126:302,BLUS:PH1121126:302:17,BLUS,VJ162,2026-07-21T19:52:00.000+05:45,Saturday,53,17
BODS_PH1121126_302_20260718_130.xml,PH1121126:302,BLUS:PH1121126:302:17,BLUS,VJ303,2026-07-21T15:40:00.000+05:45,Monday|Tuesday|Wednesday|Thursday|Friday,50,17
BODS_PH1121126_506_20260718_116.xml,PH1121126:506,BLUS:PH1121126:506:19a,BLUS,VJ285,2026-07-21T12:23:00.000+05:45,Saturday,51,19a
BODS_PH1121126_503_20260718_117.xml,PH1121126:503,BLUS:PH1121126:503:13,BLUS,VJ56,2026-07-21T14:40:00.000+05:45,Sunday,21,13
BODS_PH1121126_201_20260718_118.xml,PH1121126:201,BLUS:PH1121126:201:4,BLUS,VJ143,2026-07-21T09:05:00.000+05:45,Saturday,48,4
BODS_PH1121126_507_20260601_103.xml,PH1121126:507,BLUS:PH1121126:507:20,BLUS,VJ159,2026-07-21T09:40:00.000+05:45,Monday|Tuesday|Wednesday|Thursday|Friday,34,20
BODS_PH1121126_204_20260830_124.xml,PH1121126:204,BLUS:PH1121126:204:1,BLUS,VJ223,2026-07-21T09:15:00.000+05:45,Saturday,47,1
BODS_PH1121126_504_20260718_116.xml,PH1121126:504,BLUS:PH1121126:504:14,BLUS,VJ70,2026-07-21T07:10:00.000+05:45,Sunday,31,14
BODS_PH1121126_201_20260718_118.xml,PH1121126:201,BLUS:PH1121126:201:4,BLUS,VJ34,2026-07-21T14:20:00.000+05:45,Sunday,48,4
BODS_PH1121126_195_20260718_122.xml,PH1121126:195,BLUS:PH1121126:195:18,BLUS,VJ44,2026-07-21T10:42:00.000+05:45,Monday|Tuesday|Wednesday|Thursday|Friday,55,18
BODS_PH1121126_505_20260718_118.xml,PH1121126:505,BLUS:PH1121126:505:15,BLUS,VJ53,2026-07-21T14:30:00.000+05:45,Sunday,35,15
BODS_PH1121126_302_20260601_125.xml,PH1121126:302,BLUS:PH1121126:302:17,BLUS,VJ68,2026-07-21T13:12:00.000+05:45,Saturday,53,17
BODS_PH1121126_506_20260601_111.xml,PH1121126:506,BLUS:PH1121126:506:19,BLUS,VJ201,2026-07-21T09:07:00.000+05:45,Monday|Tuesday|Wednesday|Thursday|Friday,51,19
BODS_PH1121126_302_20260718_130.xml,PH1121126:302,BLUS:PH1121126:302:17,BLUS,VJ247,2026-07-21T09:55:00.000+05:45,Sunday,54,17
BODS_PH1121126_200_20260328_115.xml,PH1121126:200,BLUS:PH1121126:200:5,BLUS,VJ9,2026-07-21T07:20:00.000+05:45,Saturday,36,5
BODS_PH1121126_237_20260412_115.xml,PH1121126:237,BLUS:PH1121126:237:QC,BLUS,VJ17,2026-07-21T18:25:00.000+05:45,Monday|Tuesday|Wednesday|Thursday|Friday,6,QC
BODS_PH1121126_203_20260718_123.xml,PH1121126:203,BLUS:PH1121126:203:2,BLUS,VJ134,2026-07-21T22:50:00.000+05:45,Saturday,36,2
BODS_PH1121126_563_20260830_22.xml,PH1121126:563,BLUS:PH1121126:563:61,BLUS,VJ7,2026-07-21T13:05:00.000+05:45,Monday|Tuesday|Wednesday|Thursday|Friday,26,61
BODS_PH1121126_200_20260830_120.xml,PH1121126:200,BLUS:PH1121126:200:5,BLUS,VJ58,2026-07-21T08:55:00.000+05:45,Saturday,7,5
BODS_PH1121126_204_20260830_124.xml,PH1121126:204,BLUS:PH1121126:204:1,BLUS,VJ26,2026-07-21T11:30:00.000+05:45,Saturday,43,1
BODS_PH1121126_195_20260601_117.xml,PH1121126:195,BLUS:PH1121126:195:18,BLUS,VJ227,2026-07-21T17:50:00.000+05:45,Monday|Tuesday|Wednesday|Thursday|Friday,54,18
BODS_PH1121126_529_20260718_81.xml,PH1121126:529,BLUS:PH1121126:529:24,BLUS,VJ25,2026-07-21T09:34:00.000+05:45,Monday|Tuesday|Wednesday|Thursday|Friday,49,24
BODS_PH1121126_198_20260718_114.xml,PH1121126:198,BLUS:PH1121126:198:9,BLUS,VJ92,2026-07-21T18:40:00.000+05:45,Saturday,50,9
BODS_PH1121126_571_20260601_10.xml,PH1121126:571,BLUS:PH1121126:571:N2,BLUS,VJ3,2026-07-21T03:35:00.000+05:45,Monday|Tuesday|Wednesday|Thursday|Friday,36,N2
BODS_PH1121126_504_20260601_111.xml,PH1121126:504,BLUS:PH1121126:504:14,BLUS,VJ117,2026-07-21T20:00:00.000+05:45,Saturday,41,14
BODS_PH1121126_203_20260830_125.xml,PH1121126:203,BLUS:PH1121126:203:2,BLUS,VJ271,2026-07-21T05:40:00.000+05:45,Monday|Tuesday|Wednesday|Thursday|Friday,61,2
BODS_PH1121126_575_20260830_20.xml,PH1121126:575,BLUS:PH1121126:575:PR1,BLUS,VJ90,2026-07-21T11:30:00.000+05:45,Saturday,2,PR1
BODS_PH1121126_203_20260718_123.xml,PH1121126:203,BLUS:PH1121126:203:2,BLUS,VJ210,2026-07-21T12:30:00.000+05:45,Sunday,61,2
BODS_PH1121126_202_20260718_134.xml,PH1121126:202,BLUS:PH1121126:202:3,BLUS,VJ62,2026-07-21T14:40:00.000+05:45,Sunday,70,3
BODS_PH1121126_204_20260830_124.xml,PH1121126:204,BLUS:PH1121126:204:1,BLUS,VJ216,2026-07-21T07:50:00.000+05:45,Monday|Tuesday|Wednesday|Thursday|Friday,43,1
BODS_PH1121126_302_20260718_130.xml,PH1121126:302,BLUS:PH1121126:302:17,BLUS,VJ136,2026-07-21T09:25:00.000+05:45,Saturday,54,17
BODS_UZ000BLUS_26_20260830_1.xml,UZ000BLUS:26,BLUS:UZ000BLUS:26:26,BLUS,VJ16,2026-07-21T12:15:00.000+05:45,Sunday,41,26
BODS_PH1121126_302_20260601_125.xml,PH1121126:302,BLUS:PH1121126:302:17,BLUS,VJ270,2026-07-21T04:00:00.000+05:45,Tuesday|Wednesday|Thursday|Friday,47,17
BODS_PH1121126_201_20260718_118.xml,PH1121126:201,BLUS:PH1121126:201:4,BLUS,VJ150,2026-07-21T07:10:00.000+05:45,Monday|Tuesday|Wednesday|Thursday|Friday,48,4
BODS_PH1121126_302_20260718_130.xml,PH1121126:302,BLUS:PH1121126:302:17,BLUS,VJ382,2026-07-21T11:10:00.000+05:45,Saturday,50,17
BODS_PH1121126_507_20260718_108.xml,PH1121126:507,BLUS:PH1121126:507:20,BLUS,VJ261,2026-07-21T16:44:00.000+05:45,Monday|Tuesday|Wednesday|Thursday|Friday,35,20
BODS_PH1121126_563_20260718_20.xml,PH1121126:563,BLUS:PH1121126:563:61,BLUS,VJ4,2026-07-21T21:12:00.000+05:45,Saturday,26,61
BODS_PH1121126_199_20260718_116.xml,PH1121126:199,BLUS:PH1121126:199:8,BLUS,VJ11,2026-07-21T12:40:00.000+05:45,Saturday,50,8
BODS_PH1121126_200_20260328_115.xml,PH1121126:200,BLUS:PH1121126:200:5,BLUS,VJ81,2026-07-21T14:25:00.000+05:45,Monday|Tuesday|Wednesday|Thursday|Friday,7,5
BODS_PH1121126_506_20260718_116.xml,PH1121126:506,BLUS:PH1121126:506:19a,BLUS,VJ247,2026-07-21T15:29:00.000+05:45,Monday|Tuesday|Wednesday|Thursday|Friday,51,19a
BODS_PH1121126_504_20260830_118.xml,PH1121126:504,BLUS:PH1121126:504:14,BLUS,VJ115,2026-07-21T22:05:00.000+05:45,Saturday,43,14
BODS_PH1121126_298_20260718_117.xml,PH1121126:298,BLUS:PH1121126:298:7,BLUS,VJ130,2026-07-21T07:30:00.000+05:45,Monday|Tuesday|Wednesday|Thursday|Friday,61,7
BODS_PH1121126_203_20260601_118.xml,PH1121126:203,BLUS:PH1121126:203:2,BLUS,VJ156,2026-07-21T00:20:00.000+05:45,Sunday,55,2
BODS_PH1121126_575_20260718_18.xml,PH1121126:575,BLUS:PH1121126:575:PR1,BLUS,VJ123,2026-07-21T14:50:00.000+05:45,Sunday,2,PR1
BODS_PH1121126_195_20260718_122.xml,PH1121126:195,BLUS:PH1121126:195:18,BLUS,VJ379,2026-07-21T20:17:00.000+05:45,Saturday,35,18
BODS_PH1121126_503_20260328_110.xml,PH1121126:503,BLUS:PH1121126:503:13,BLUS,VJ99,2026-07-21T18:54:00.000+05:45,Monday|Tuesday|Wednesday|Thursday|Friday,13,13
BODS_PH1121126_502_20260328_107.xml,PH1121126:502,BLUS:PH1121126:502:10,BLUS,VJ27,2026-07-21T11:37:00.000+05:45,Monday|Tuesday|Wednesday|Thursday|Friday,36,10
BODS_PH1121126_198_20260412_111.xml,PH1121126:198,BLUS:PH1121126:198:9,BLUS,VJ11,2026-07-21T19:10:00.000+05:45,Saturday,41,9
BODS_PH1121126_196_20260601_118.xml,PH1121126:196,BLUS:PH1121126:196:16,BLUS,VJ141,2026-07-21T15:10:00.000+05:45,Saturday,26,16
BODS_PH1121126_196_20260718_123.xml,PH1121126:196,BLUS:PH1121126:196:16,BLUS,VJ173,2026-07-21T13:59:00.000+05:45,Monday|Tuesday|Wednesday|Thursday|Friday,28,16
BODS_PH1121126_507_20260830_110.xml,PH1121126:507,BLUS:PH1121126:507:20,BLUS,VJ291,2026-07-21T23:23:00.000+05:45,Saturday,35,20
BODS_PH1121126_199_20260412_113.xml,PH1121126:199,BLUS:PH1121126:199:8,BLUS,VJ5,2026-07-21T12:40:00.000+05:45,Monday|Tuesday|Wednesday|Thursday|Friday,51,8
BODS_PH1121126_196_20260718_123.xml,PH1121126:196,BLUS:PH1121126:196:16,BLUS,VJ107,2026-07-21T15:10:00.000+05:45,Monday|Tuesday|Wednesday|Thursday|Friday,18,16
BODS_PH1121126_502_20260328_107.xml,PH1121126:502,BLUS:PH1121126:502:10,BLUS,VJ19,2026-07-21T08:10:00.000+05:45,Monday|Tuesday|Wednesday|Thursday|Friday,23,10
BODS_PH1121126_507_20260830_110.xml,PH1121126:507,BLUS:PH1121126:507:20,BLUS,VJ181,2026-07-21T10:45:00.000+05:45,Sunday,35,20
BODS_PH1121126_506_20260830_118.xml,PH1121126:506,BLUS:PH1121126:506:19,BLUS,VJ45,2026-07-21T04:38:00.000+05:45,Monday|Tuesday|Wednesday|Thursday|Friday,51,19
BODS_PH1121126_507_20260830_110.xml,PH1121126:507,BLUS:PH1121126:507:20,BLUS,VJ111,2026-07-21T06:50:00.000+05:45,Saturday,17,20
BODS_PH1121126_302_20260830_132.xml,PH1121126:302,BLUS:PH1121126:302:17,BLUS,VJ187,2026-07-21T18:10:00.000+05:45,Monday|Tuesday|Wednesday|Thursday|Friday,54,17
BODS_PH1121126_204_20260601_117.xml,PH1121126:204,BLUS:PH1121126:204:1,BLUS,VJ102,2026-07-21T12:40:00.000+05:45,Sunday,42,1
BODS_PH1121126_298_20260718_117.xml,PH1121126:298,BLUS:PH1121126:298:7,BLUS,VJ140,2026-07-21T18:12:00.000+05:45,Saturday,24,7
BODS_PH1121126_418_20260328_111.xml,PH1121126:418,BLUS:PH1121126:418:615,BLUS,VJ1,2026-07-21T07:34:00.000+05:45,Tuesday|Wednesday|Thursday|Friday,19,615
BODS_PH1121126_198_20260412_111.xml,PH1121126:198,BLUS:PH1121126:198:9,BLUS,VJ142,2026-07-21T10:02:00.000+05:45,Monday|Tuesday|Wednesday|Thursday|Friday,43,9
BODS_PH1121126_302_20260830_132.xml,PH1121126:302,BLUS:PH1121126:302:17,BLUS,VJ269,2026-07-21T12:40:00.000+05:45,Sunday,50,17
BODS_PH1121126_506_20260718_116.xml,PH1121126:506,BLUS:PH1121126:506:19a,BLUS,VJ254,2026-07-21T17:43:00.000+05:45,Monday|Tuesday|Wednesday|Thursday|Friday,51,19a
BODS_PH1121126_204_20260601_117.xml,PH1121126:204,BLUS:PH1121126:204:1,BLUS,VJ105,2026-07-21T13:40:00.000+05:45,Sunday,42,1
BODS_PH1121126_298_20260718_117.xml,PH1121126:298,BLUS:PH1121126:298:7,BLUS,VJ22,2026-07-21T07:05:00.000+05:45,Monday|Tuesday|Wednesday|Thursday|Friday,52,7
BODS_PH1121126_503_20260328_110.xml,PH1121126:503,BLUS:PH1121126:503:13,BLUS,VJ43,2026-07-21T14:03:00.000+05:45,Saturday,21,13
BODS_PH1121126_203_20260718_123.xml,PH1121126:203,BLUS:PH1121126:203:2,BLUS,VJ8,2026-07-21T12:55:00.000+05:45,Saturday,51,2
BODS_PH1121126_197_20260412_110.xml,PH1121126:197,BLUS:PH1121126:197:11,BLUS,VJ301,2026-07-21T07:58:00.000+05:45,Saturday,32,11
BODS_PH1121126_504_20260718_116.xml,PH1121126:504,BLUS:PH1121126:504:14,BLUS,VJ90,2026-07-21T11:32:00.000+05:45,Saturday,43,14
BODS_PH1121126_302_20260718_130.xml,PH1121126:302,BLUS:PH1121126:302:17,BLUS,VJ345,2026-07-21T05:35:00.000+05:45,Monday|Tuesday|Wednesday|Thursday|Friday,50,17
BODS_PH1121126_195_20260601_117.xml,PH1121126:195,BLUS:PH1121126:195:18,BLUS,VJ208,2026-07-21T08:13:00.000+05:45,Sunday,54,18
BODS_PH1121126_204_20260718_122.xml,PH1121126:204,BLUS:PH1121126:204:1,BLUS,VJ197,2026-07-21T00:10:00.000+05:45,Saturday,43,1
BODS_PH1121126_575_20260830_20.xml,PH1121126:575,BLUS:PH1121126:575:PR1,BLUS,VJ148,2026-07-21T17:35:00.000+05:45,Sunday,2,PR1
BODS_PH1121126_302_20260718_130.xml,PH1121126:302,BLUS:PH1121126:302:17,BLUS,VJ310,2026-07-21T08:17:00.000+05:45,Monday|Tuesday|Wednesday|Thursday|Friday,50,17
BODS_PH1121126_195_20260830_124.xml,PH1121126:195,BLUS:PH1121126:195:18,BLUS,VJ138,2026-07-21T16:40:00.000+05:45,Monday|Tuesday|Wednesday|Thursday|Friday,55,18
BODS_PH1121126_204_20260601_117.xml,PH1121126:204,BLUS:PH1121126:204:1,BLUS,VJ251,2026-07-21T14:20:00.000+05:45,Saturday,46,1
BODS_PH1121126_575_20260531_15.xml,PH1121126:575,BLUS:PH1121126:575:PR1,BLUS,VJ102,2026-07-21T13:50:00.000+05:45,Sunday,2,PR1
BODS_PH1121126_298_20260830_119.xml,PH1121126:298,BLUS:PH1121126:298:7,BLUS,VJ77,2026-07-21T07:10:00.000+05:45,Monday|Tuesday|Wednesday|Thursday|Friday,56,7
BODS_PH1121126_506_20260601_111.xml,PH1121126:506,BLUS:PH1121126:506:19a,BLUS,VJ319,2026-07-21T11:43:00.000+05:45,Sunday,50,19a
BODS_PH1121126_196_20260601_118.xml,PH1121126:196,BLUS:PH1121126:196:16,BLUS,VJ152,2026-07-21T08:44:00.000+05:45,Monday|Tuesday|Wednesday|Thursday|Friday,26,16
BODS_PH1121126_302_20260718_130.xml,PH1121126:302,BLUS:PH1121126:302:17,BLUS,VJ380,2026-07-21T10:50:00.000+05:45,Saturday,50,17
BODS_PH1121126_506_20260601_111.xml,PH1121126:506,BLUS:PH1121126:506:19a,BLUS,VJ317,2026-07-21T12:53:00.000+05:45,Saturday,50,19a
BODS_PH1121126_302_20260601_125.xml,PH1121126:302,BLUS:PH1121126:302:17,BLUS,VJ423,2026-07-21T23:25:00.000+05:45,Saturday,49,17
BODS_PH1121126_302_20260830_132.xml,PH1121126:302,BLUS:PH1121126:302:17,BLUS,VJ354,2026-07-21T20:10:00.000+05:45,Monday|Tuesday|Wednesday|Thursday|Friday,50,17
BODS_PH1121126_204_20260830_124.xml,PH1121126:204,BLUS:PH1121126:204:1,BLUS,VJ156,2026-07-21T16:43:00.000+05:45,Monday|Tuesday|Wednesday|Thursday|Friday,43,1
BODS_PH1121126_195_20260601_117.xml,PH1121126:195,BLUS:PH1121126:195:18,BLUS,VJ350,2026-07-21T15:10:00.000+05:45,Saturday,34,18
BODS_PH1121126_204_20260830_124.xml,PH1121126:204,BLUS:PH1121126:204:1,BLUS,VJ41,2026-07-21T14:00:00.000+05:45,Saturday,43,1
BODS_PH1121126_503_20260718_117.xml,PH1121126:503,BLUS:PH1121126:503:13,BLUS,VJ120,2026-07-21T17:57:00.000+05:45,Saturday,31,13
BODS_PH1121126_507_20260718_108.xml,PH1121126:507,BLUS:PH1121126:507:20,BLUS,VJ102,2026-07-21T17:00:00.000+05:45,Monday|Tuesday|Wednesday|Thursday|Friday,17,20
BODS_PH1121126_203_20260830_125.xml,PH1121126:203,BLUS:PH1121126:203:2,BLUS,VJ99,2026-07-21T07:40:00.000+05:45,Monday|Tuesday|Wednesday|Thursday|Friday,51,2
BODS_PH1121126_298_20260718_117.xml,PH1121126:298,BLUS:PH1121126:298:7,BLUS,VJ42,2026-07-21T06:40:00.000+05:45,Saturday,13,7
BODS_PH1121126_199_20260718_116.xml,PH1121126:199,BLUS:PH1121126:199:8,BLUS,VJ53,2026-07-21T17:02:00.000+05:45,Monday|Tuesday|Wednesday|Thursday|Friday,52,8
BODS_PH1121126_302_20260718_130.xml,PH1121126:302,BLUS:PH1121126:302:17,BLUS,VJ233,2026-07-21T19:07:00.000+05:45,Sunday,54,17
BODS_PH1121126_203_20260601_118.xml,PH1121126:203,BLUS:PH1121126:203:2,BLUS,VJ56,2026-07-21T13:50:00.000+05:45,Sunday,50,2
BODS_PH1121126_302_20260830_132.xml,PH1121126:302,BLUS:PH1121126:302:17,BLUS,VJ109,2026-07-21T07:54:00.000+05:45,Monday|Tuesday|Wednesday|Thursday|Friday,54,17
BODS_PH1121126_196_20260830_125.xml,PH1121126:196,BLUS:PH1121126:196:16,BLUS,VJ29,2026-07-21T13:40:00.000+05:45,Monday|Tuesday|Wednesday|Thursday|Friday,36,16
BODS_PH1121126_201_20260718_118.xml,PH1121126:201,BLUS:PH1121126:201:4,BLUS,VJ9,2026-07-21T12:25:00.000+05:45,Monday|Tuesday|Wednesday|Thursday|Friday,48,4
BODS_PH1121126_204_20260830_124.xml,PH1121126:204,BLUS:PH1121126:204:1,BLUS,VJ145,2026-07-21T08:00:00.000+05:45,Monday|Tuesday|Wednesday|Thursday|Friday,43,1
BODS_PH1121126_204_20260601_117.xml,PH1121126:204,BLUS:PH1121126:204:1,BLUS,VJ39,2026-07-21T13:40:00.000+05:45,Saturday,42,1
BODS_PH1121126_237_20260412_115.xml,PH1121126:237,BLUS:PH1121126:237:QC,BLUS,VJ80,2026-07-21T17:35:00.000+05:45,Saturday,6,QC
BODS_PH1121126_506_20260601_111.xml,PH1121126:506,BLUS:PH1121126:506:19,BLUS,VJ64,2026-07-21T07:28:00.000+05:45,Monday|Tuesday|Wednesday|Thursday|Friday,50,19
BODS_PH1121126_302_20260718_130.xml,PH1121126:302,BLUS:PH1121126:302:N17,BLUS,VJ438,2026-07-21T03:10:00.000+05:45,Saturday,54,N17
BODS_PH1121126_201_20260601_113.xml,PH1121126:201,BLUS:PH1121126:201:4,BLUS,VJ57,2026-07-21T10:25:00.000+05:45,Sunday,47,4
BODS_PH1121126_203_20260601_118.xml,PH1121126:203,BLUS:PH1121126:203:2,BLUS,VJ225,2026-07-21T19:48:00.000+05:45,Monday|Tuesday|Wednesday|Thursday|Friday,60,2
BODS_PH1121126_298_20260718_117.xml,PH1121126:298,BLUS:PH1121126:298:7,BLUS,VJ57,2026-07-21T15:05:00.000+05:45,Saturday,52,7
BODS_PH1121126_505_20260718_118.xml,PH1121126:505,BLUS:PH1121126:505:15,BLUS,VJ31,2026-07-21T18:25:00.000+05:45,Monday|Tuesday|Wednesday|Thursday|Friday,35,15
BODS_PH1121126_506_20260601_111.xml,PH1121126:506,BLUS:PH1121126:506:19,BLUS,VJ95,2026-07-21T17:57:00.000+05:45,Monday|Tuesday|Wednesday|Thursday|Friday,50,19
BODS_PH1121126_503_20260830_119.xml,PH1121126:503,BLUS:PH1121126:503:13,BLUS,VJ78,2026-07-21T12:36:00.000+05:45,Saturday,31,13
BODS_PH1121126_506_20260718_116.xml,PH1121126:506,BLUS:PH1121126:506:19,BLUS,VJ4,2026-07-21T05:33:00.000+05:45,Tuesday|Wednesday|Thursday|Friday,50,19
BODS_PH1121126_201_20260601_113.xml,PH1121126:201,BLUS:PH1121126:201:4,BLUS,VJ35,2026-07-21T15:20:00.000+05:45,Sunday,47,4
BODS_PH1121126_506_20260718_116.xml,PH1121126:506,BLUS:PH1121126:506:19a,BLUS,VJ237,2026-07-21T09:25:00.000+05:45,Monday|Tuesday|Wednesday|Thursday|Friday,51,19a
BODS_PH1121126_563_20260601_15.xml,PH1121126:563,BLUS:PH1121126:563:61,BLUS,VJ3,2026-07-21T05:12:00.000+05:45,Saturday,25,61
BODS_PH1121126_506_20260601_111.xml,PH1121126:506,BLUS:PH1121126:506:19a,BLUS,VJ316,2026-07-21T12:23:00.000+05:45,Saturday,50,19a
BODS_PH1121126_204_20260718_122.xml,PH1121126:204,BLUS:PH1121126:204:1,BLUS,VJ8,2026-07-21T06:25:00.000+05:45,Monday|Tuesday|Wednesday|Thursday|Friday,45,1
BODS_PH1121126_196_20260601_118.xml,PH1121126:196,BLUS:PH1121126:196:16,BLUS,VJ148,2026-07-21T17:30:00.000+05:45,Saturday,26,16
BODS_PH1121126_575_20260718_18.xml,PH1121126:575,BLUS:PH1121126:575:PR1,BLUS,VJ146,2026-07-21T16:55:00.000+05:45,Sunday,2,PR1
BODS_PH1121126_197_20260830_115.xml,PH1121126:197,BLUS:PH1121126:197:12,BLUS,VJ1,2026-07-21T11:10:00.000+05:45,Saturday,22,12
BODS_PH1121126_504_20260718_116.xml,PH1121126:504,BLUS:PH1121126:504:14,BLUS,VJ109,2026-07-21T14:30:00.000+05:45,Sunday,43,14
BODS_UZ000BLUS_26_20260830_1.xml,UZ000BLUS:26,BLUS:UZ000BLUS:26:26,BLUS,VJ47,2026-07-21T08:18:00.000+05:45,Saturday,40,26
BODS_PH1121126_197_20260718_113.xml,PH1121126:197,BLUS:PH1121126:197:11,BLUS,VJ312,2026-07-21T06:55:00.000+05:45,Monday|Tuesday|Wednesday|Thursday|Friday,32,11
BODS_PH1121126_575_20260531_15.xml,PH1121126:575,BLUS:PH1121126:575:PR1,BLUS,VJ107,2026-07-21T15:30:00.000+05:45,Sunday,2,PR1
BODS_PH1121126_502_20260830_112.xml,PH1121126:502,BLUS:PH1121126:502:10,BLUS,VJ17,2026-07-21T15:20:00.000+05:45,Monday|Tuesday|Wednesday|Thursday|Friday,22,10
BODS_PH1121126_203_20260601_118.xml,PH1121126:203,BLUS:PH1121126:203:2,BLUS,VJ92,2026-07-21T22:20:00.000+05:45,Saturday,50,2
BODS_PH1121126_196_20260601_118.xml,PH1121126:196,BLUS:PH1121126:196:16,BLUS,VJ193,2026-07-21T15:18:00.000+05:45,Monday|Tuesday|Wednesday|Thursday|Friday,26,16
BODS_PH1121126_506_20260718_116.xml,PH1121126:506,BLUS:PH1121126:506:19,BLUS,VJ35,2026-07-21T16:27:00.000+05:45,Monday|Tuesday|Wednesday|Thursday|Friday,51,19
BODS_PH1121126_503_20260328_110.xml,PH1121126:503,BLUS:PH1121126:503:13,BLUS,VJ87,2026-07-21T07:56:00.000+05:45,Monday|Tuesday|Wednesday|Thursday|Friday,31,13
BODS_PH1121126_539_20260718_80.xml,PH1121126:539,BLUS:PH1121126:539:624,BLUS,VJ1,2026-07-21T07:05:00.000+05:45,Tuesday|Wednesday|Thursday|Friday,37,624
BODS_PH1121126_195_20260830_124.xml,PH1121126:195,BLUS:PH1121126:195:18,BLUS,VJ526,2026-07-21T16:50:00.000+05:45,Sunday,35,18
BODS_PH1121126_204_20260601_117.xml,PH1121126:204,BLUS:PH1121126:204:1,BLUS,VJ60,2026-07-21T17:10:00.000+05:45,Saturday,42,1
BODS_PH1121126_196_20260718_123.xml,PH1121126:196,BLUS:PH1121126:196:16,BLUS,VJ144,2026-07-21T16:10:00.000+05:45,Saturday,28,16
BODS_PH1121126_302_20260718_130.xml,PH1121126:302,BLUS:PH1121126:302:17,BLUS,VJ32,2026-07-21T12:17:00.000+05:45,Monday|Tuesday|Wednesday|Thursday|Friday,54,17
BODS_PH1121126_203_20260718_123.xml,PH1121126:203,BLUS:PH1121126:203:2,BLUS,VJ247,2026-07-21T07:10:00.000+05:45,Sunday,61,2
BODS_PH1121126_196_20260718_123.xml,PH1121126:196,BLUS:PH1121126:196:16,BLUS,VJ223,2026-07-21T07:47:00.000+05:45,Monday|Tuesday|Wednesday|Thursday|Friday,28,16
BODS_PH1121126_302_20260601_125.xml,PH1121126:302,BLUS:PH1121126:302:17,BLUS,VJ447,2026-07-21T20:55:00.000+05:45,Sunday,49,17
BODS_PH1121126_202_20260718_134.xml,PH1121126:202,BLUS:PH1121126:202:3,BLUS,VJ48,2026-07-21T14:30:00.000+05:45,Saturday,70,3
BODS_PH1121126_195_20260601_117.xml,PH1121126:195,BLUS:PH1121126:195:18,BLUS,VJ294,2026-07-21T12:35:00.000+05:45,Saturday,34,18
BODS_PH1121126_203_20260830_125.xml,PH1121126:203,BLUS:PH1121126:203:2,BLUS,VJ220,2026-07-21T15:50:00.000+05:45,Sunday,61,2
BODS_PH1121126_198_20260718_114.xml,PH1121126:198,BLUS:PH1121126:198:9,BLUS,VJ162,2026-07-21T13:42:00.000+05:45,Monday|Tuesday|Wednesday|Thursday|Friday,42,9
BODS_PH1121126_204_20260718_122.xml,PH1121126:204,BLUS:PH1121126:204:1,BLUS,VJ298,2026-07-21T12:50:00.000+05:45,Monday|Tuesday|Wednesday|Thursday|Friday,47,1
BODS_PH1121126_202_20260718_134.xml,PH1121126:202,BLUS:PH1121126:202:3,BLUS,VJ61,2026-07-21T17:55:00.000+05:45,Monday|Tuesday|Wednesday|Thursday|Friday,70,3
BODS_PH1121126_195_20260718_122.xml,PH1121126:195,BLUS:PH1121126:195:18,BLUS,VJ320,2026-07-21T11:45:00.000+05:45,Monday|Tuesday|Wednesday|Thursday|Friday,35,18
BODS_PH1121126_200_20260830_120.xml,PH1121126:200,BLUS:PH1121126:200:5,BLUS,VJ22,2026-07-21T10:13:00.000+05:45,Saturday,9,5
BODS_PH1121126_195_20260830_124.xml,PH1121126:195,BLUS:PH1121126:195:18,BLUS,VJ405,2026-07-21T14:05:00.000+05:45,Monday|Tuesday|Wednesday|Thursday|Friday,35,18
BODS_PH1121126_195_20260601_117.xml,PH1121126:195,BLUS:PH1121126:195:18,BLUS,VJ474,2026-07-21T10:02:00.000+05:45,Sunday,34,18
BODS_PH1121126_198_20260830_116.xml,PH1121126:198,BLUS:PH1121126:198:9,BLUS,VJ126,2026-07-21T14:49:00.000+05:45,Saturday,48,9
BODS_PH1121126_504_20260718_116.xml,PH1121126:504,BLUS:PH1121126:504:14,BLUS,VJ61,2026-07-21T08:55:00.000+05:45,Sunday,31,14
BODS_PH1121126_197_20260830_115.xml,PH1121126:197,BLUS:PH1121126:197:11,BLUS,VJ115,2026-07-21T10:30:00.000+05:45,Sunday,20,11
BODS_PH1121126_237_20260830_120.xml,PH1121126:237,BLUS:PH1121126:237:QC,BLUS,VJ33,2026-07-21T16:40:00.000+05:45,Saturday,6,QC
BODS_PH1121126_203_20260601_118.xml,PH1121126:203,BLUS:PH1121126:203:2,BLUS,VJ207,2026-07-21T16:30:00.000+05:45,Saturday,60,2
BODS_PH1121126_503_20260830_119.xml,PH1121126:503,BLUS:PH1121126:503:13,BLUS,VJ131,2026-07-21T14:36:00.000+05:45,Monday|Tuesday|Wednesday|Thursday|Friday,31,13
BODS_PH1121126_302_20260718_130.xml,PH1121126:302,BLUS:PH1121126:302:17,BLUS,VJ26,2026-07-21T11:17:00.000+05:45,Monday|Tuesday|Wednesday|Thursday|Friday,54,17
BODS_PH1121126_504_20260830_118.xml,PH1121126:504,BLUS:PH1121126:504:14,BLUS,VJ138,2026-07-21T08:18:00.000+05:45,Monday|Tuesday|Wednesday|Thursday|Friday,43,14
BODS_PH1121126_418_20260328_111.xml,PH1121126:418,BLUS:PH1121126:418:617,BLUS,VJ4,2026-07-21T09:15:00.000+05:45,Monday,24,617
BODS_PH1121126_196_20260718_123.xml,PH1121126:196,BLUS:PH1121126:196:16,BLUS,VJ40,2026-07-21T16:05:00.000+05:45,Sunday,18,16
BODS_PH1121126_504_20260718_116.xml,PH1121126:504,BLUS:PH1121126:504:14,BLUS,VJ103,2026-07-21T08:30:00.000+05:45,Sunday,43,14
BODS_PH1121126_504_20260830_118.xml,PH1121126:504,BLUS:PH1121126:504:14,BLUS,VJ46,2026-07-21T05:10:00.000+05:45,Monday|Tuesday|Wednesday|Thursday|Friday,31,14
BODS_PH1121126_243_20260718_111.xml,PH1121126:243,BLUS:PH1121126:243:539,BLUS,VJ3,2026-07-21T07:45:00.000+05:45,Monday|Tuesday|Wednesday|Thursday|Friday,12,539
BODS_PH1121126_475_20260328_107.xml,PH1121126:475,BLUS:PH1121126:475:626,BLUS,VJ5,2026-07-21T07:20:00.000+05:45,Tuesday|Wednesday|Thursday|Friday,28,626
BODS_PH1121126_302_20260830_132.xml,PH1121126:302,BLUS:PH1121126:302:17,BLUS,VJ160,2026-07-21T20:12:00.000+05:45,Saturday,54,17
BODS_PH1121126_237_20260412_115.xml,PH1121126:237,BLUS:PH1121126:237:QC,BLUS,VJ51,2026-07-21T09:15:00.000+05:45,Monday|Tuesday|Wednesday|Thursday|Friday,6,QC
BODS_PH1121126_196_20260718_123.xml,PH1121126:196,BLUS:PH1121126:196:16,BLUS,VJ149,2026-07-21T17:50:00.000+05:45,Saturday,28,16
BODS_PH1121126_472_20260328_118.xml,PH1121126:472,BLUS:PH1121126:472:604,BLUS,VJ10,2026-07-21T16:10:00.000+05:45,Monday|Tuesday|Wednesday|Thursday|Friday,16,604
BODS_PH1121126_506_20260718_116.xml,PH1121126:506,BLUS:PH1121126:506:19,BLUS,VJ8,2026-07-21T11:00:00.000+05:45,Saturday,51,19
BODS_PH1121126_203_20260830_125.xml,PH1121126:203,BLUS:PH1121126:203:2,BLUS,VJ208,2026-07-21T11:50:00.000+05:45,Sunday,61,2
BODS_PH1121126_197_20260718_113.xml,PH1121126:197,BLUS:PH1121126:197:12,BLUS,VJ209,2026-07-21T06:15:00.000+05:45,Monday|Tuesday|Wednesday|Thursday|Friday,33,12
BODS_PH1121126_302_20260718_130.xml,PH1121126:302,BLUS:PH1121126:302:17,BLUS,VJ237,2026-07-21T20:50:00.000+05:45,Sunday,54,17
BODS_PH1121126_302_20260830_132.xml,PH1121126:302,BLUS:PH1121126:302:17,BLUS,VJ45,2026-07-21T11:52:00.000+05:45,Saturday,54,17
BODS_PH1121126_507_20260601_103.xml,PH1121126:507,BLUS:PH1121126:507:20,BLUS,VJ286,2026-07-21T08:20:00.000+05:45,Monday|Tuesday|Wednesday|Thursday|Friday,34,20
BODS_PH1121126_204_20260830_124.xml,PH1121126:204,BLUS:PH1121126:204:1,BLUS,VJ309,2026-07-21T11:05:00.000+05:45,Sunday,47,1
BODS_PH1121126_204_20260830_124.xml,PH1121126:204,BLUS:PH1121126:204:1,BLUS,VJ228,2026-07-21T10:30:00.000+05:45,Saturday,47,1
BODS_PH1121126_302_20260830_132.xml,PH1121126:302,BLUS:PH1121126:302:17,BLUS,VJ484,2026-07-21T00:15:00.000+05:45,Sunday,50,17
BODS_PH1121126_502_20260830_112.xml,PH1121126:502,BLUS:PH1121126:502:10,BLUS,VJ4,2026-07-21T14:10:00.000+05:45,Saturday,22,10
BODS_PH1121126_201_20260601_113.xml,PH1121126:201,BLUS:PH1121126:201:4,BLUS,VJ128,2026-07-21T23:20:00.000+05:45,Saturday,48,4
BODS_PH1121126_196_20260601_118.xml,PH1121126:196,BLUS:PH1121126:196:16,BLUS,VJ17,2026-07-21T10:55:00.000+05:45,Monday|Tuesday|Wednesday|Thursday|Friday,18,16
BODS_PH1121126_503_20260830_119.xml,PH1121126:503,BLUS:PH1121126:503:13,BLUS,VJ103,2026-07-21T15:04:00.000+05:45,Sunday,31,13
BODS_PH1121126_196_20260601_118.xml,PH1121126:196,BLUS:PH1121126:196:16,BLUS,VJ185,2026-07-21T13:24:00.000+05:45,Sunday,26,16
BODS_PH1121126_201_20260601_113.xml,PH1121126:201,BLUS:PH1121126:201:4,BLUS,VJ56,2026-07-21T09:25:00.000+05:45,Sunday,47,4
BODS_PH1121126_506_20260830_118.xml,PH1121126:506,BLUS:PH1121126:506:19a,BLUS,VJ354,2026-07-21T19:33:00.000+05:45,Monday|Tuesday|Wednesday|Thursday|Friday,51,19a
BODS_PH1121126_298_20260830_119.xml,PH1121126:298,BLUS:PH1121126:298:7,BLUS,VJ120,2026-07-21T15:21:00.000+05:45,Monday|Tuesday|Wednesday|Thursday|Friday,56,7
BODS_PH1121126_204_20260718_122.xml,PH1121126:204,BLUS:PH1121126:204:N1,BLUS,VJ441,2026-07-21T01:57:00.000+05:45,Friday,47,N1
BODS_PH1121126_198_20260830_116.xml,PH1121126:198,BLUS:PH1121126:198:9,BLUS,VJ41,2026-07-21T15:30:00.000+05:45,Monday|Tuesday|Wednesday|Thursday|Friday,42,9
BODS_PH1121126_302_20260830_132.xml,PH1121126:302,BLUS:PH1121126:302:17,BLUS,VJ30,2026-07-21T12:30:00.000+05:45,Sunday,54,17
BODS_UZ000BLUS_6_20260830_1.xml,UZ000BLUS:6,BLUS:UZ000BLUS:6:6,BLUS,VJ2,2026-07-21T08:25:00.000+05:45,Monday|Tuesday|Wednesday|Thursday|Friday,20,6
BODS_PH1121126_202_20260601_129.xml,PH1121126:202,BLUS:PH1121126:202:3,BLUS,VJ62,2026-07-21T14:40:00.000+05:45,Sunday,68,3
BODS_PH1121126_507_20260718_108.xml,PH1121126:507,BLUS:PH1121126:507:20,BLUS,VJ168,2026-07-21T11:55:00.000+05:45,Monday|Tuesday|Wednesday|Thursday|Friday,35,20
BODS_PH1121126_506_20260601_111.xml,PH1121126:506,BLUS:PH1121126:506:19,BLUS,VJ37,2026-07-21T12:02:00.000+05:45,Monday|Tuesday|Wednesday|Thursday|Friday,50,19
BODS_PH1121126_420_20260328_118.xml,PH1121126:420,BLUS:PH1121126:420:612,BLUS,VJ2,2026-07-21T09:42:00.000+05:45,Monday,24,612
BODS_PH1121126_200_20260830_120.xml,PH1121126:200,BLUS:PH1121126:200:5,BLUS,VJ38,2026-07-21T09:33:00.000+05:45,Monday|Tuesday|Wednesday|Thursday|Friday,45,5
BODS_PH1121126_198_20260830_116.xml,PH1121126:198,BLUS:PH1121126:198:9,BLUS,VJ117,2026-07-21T07:25:00.000+05:45,Monday|Tuesday|Wednesday|Thursday|Friday,52,9
BODS_PH1121126_195_20260718_122.xml,PH1121126:195,BLUS:PH1121126:195:18,BLUS,VJ181,2026-07-21T18:45:00.000+05:45,Saturday,55,18
BODS_PH1121126_197_20260718_113.xml,PH1121126:197,BLUS:PH1121126:197:12,BLUS,VJ36,2026-07-21T20:25:00.000+05:45,Saturday,22,12
BODS_PH1121126_302_20260718_130.xml,PH1121126:302,BLUS:PH1121126:302:17,BLUS,VJ327,2026-07-21T16:55:00.000+05:45,Monday|Tuesday|Wednesday|Thursday|Friday,50,17
BODS_PH1121126_302_20260718_130.xml,PH1121126:302,BLUS:PH1121126:302:17,BLUS,VJ457,2026-07-21T13:55:00.000+05:45,Sunday,50,17
BODS_PH1121126_503_20260328_110.xml,PH1121126:503,BLUS:PH1121126:503:13,BLUS,VJ123,2026-07-21T13:02:00.000+05:45,Sunday,31,13
BODS_PH1121126_302_20260718_130.xml,PH1121126:302,BLUS:PH1121126:302:17,BLUS,VJ56,2026-07-21T08:02:00.000+05:45,Monday|Tuesday|Wednesday|Thursday|Friday,54,17
BODS_PH1121126_302_20260830_132.xml,PH1121126:302,BLUS:PH1121126:302:17,BLUS,VJ276,2026-07-21T14:25:00.000+05:45,Sunday,50,17
BODS_PH1121126_302_20260718_130.xml,PH1121126:302,BLUS:PH1121126:302:17,BLUS,VJ55,2026-07-21T07:54:00.000+05:45,Monday|Tuesday|Wednesday|Thursday|Friday,54,17
BODS_PH1121126_302_20260718_130.xml,PH1121126:302,BLUS:PH1121126:302:17,BLUS,VJ230,2026-07-21T18:07:00.000+05:45,Sunday,54,17
BODS_PH1121126_195_20260601_117.xml,PH1121126:195,BLUS:PH1121126:195:18,BLUS,VJ244,2026-07-21T00:10:00.000+05:45,Saturday,28,18
BODS_UZ000BLUS_26_20260830_1.xml,UZ000BLUS:26,BLUS:UZ000BLUS:26:26,BLUS,VJ19,2026-07-21T06:00:00.000+05:45,Monday|Tuesday|Wednesday|Thursday|Friday,41,26
BODS_PH1121126_197_20260412_110.xml,PH1121126:197,BLUS:PH1121126:197:11,BLUS,VJ313,2026-07-21T06:32:00.000+05:45,Monday|Tuesday|Wednesday|Thursday|Friday,32,11
BODS_PH1121126_302_20260830_132.xml,PH1121126:302,BLUS:PH1121126:302:N17,BLUS,VJ248,2026-07-21T01:02:00.000+05:45,Sunday,59,N17
BODS_PH1121126_204_20260601_117.xml,PH1121126:204,BLUS:PH1121126:204:1,BLUS,VJ293,2026-07-21T12:00:00.000+05:45,Monday|Tuesday|Wednesday|Thursday|Friday,46,1
BODS_PH1121126_237_20260830_120.xml,PH1121126:237,BLUS:PH1121126:237:QC,BLUS,VJ32,2026-07-21T16:05:00.000+05:45,Saturday,6,QC
BODS_PH1121126_203_20260601_118.xml,PH1121126:203,BLUS:PH1121126:203:2,BLUS,VJ74,2026-07-21T22:20:00.000+05:45,Sunday,50,2
BODS_PH1121126_474_20260328_110.xml,PH1121126:474,BLUS:PH1121126:474:611,BLUS,VJ8,2026-07-21T11:25:00.000+05:45,Monday,27,611
BODS_PH1121126_507_20260601_103.xml,PH1121126:507,BLUS:PH1121126:507:20,BLUS,VJ18,2026-07-21T11:45:00.000+05:45,Monday|Tuesday|Wednesday|Thursday|Friday,16,20
BODS_PH1121126_198_20260718_114.xml,PH1121126:198,BLUS:PH1121126:198:9,BLUS,VJ3,2026-07-21T06:25:00.000+05:45,Saturday,41,9
BODS_PH1121126_507_20260718_108.xml,PH1121126:507,BLUS:PH1121126:507:20,BLUS,VJ95,2026-07-21T10:33:00.000+05:45,Saturday,17,20
BODS_PH1121126_302_20260718_130.xml,PH1121126:302,BLUS:PH1121126:302:17,BLUS,VJ149,2026-07-21T07:50:00.000+05:45,Saturday,54,17
BODS_PH1121126_302_20260601_125.xml,PH1121126:302,BLUS:PH1121126:302:17,BLUS,VJ14,2026-07-21T04:55:00.000+05:45,Saturday,53,17
BODS_PH1121126_195_20260718_122.xml,PH1121126:195,BLUS:PH1121126:195:18,BLUS,VJ378,2026-07-21T19:57:00.000+05:45,Saturday,35,18
BODS_PH1121126_203_20260830_125.xml,PH1121126:203,BLUS:PH1121126:203:2,BLUS,VJ123,2026-07-21T08:07:00.000+05:45,Monday|Tuesday|Wednesday|Thursday|Friday,51,2
BODS_PH1121126_204_20260830_124.xml,PH1121126:204,BLUS:PH1121126:204:1,BLUS,VJ393,2026-07-21T14:50:00.000+05:45,Monday|Tuesday|Wednesday|Thursday|Friday,47,1
BODS_PH1121126_196_20260830_125.xml,PH1121126:196,BLUS:PH1121126:196:16,BLUS,VJ87,2026-07-21T14:32:00.000+05:45,Saturday,43,16
BODS_PH1121126_204_20260830_124.xml,PH1121126:204,BLUS:PH1121126:204:1,BLUS,VJ128,2026-07-21T14:48:00.000+05:45,Monday|Tuesday|Wednesday|Thursday|Friday,43,1
BODS_PH1121126_506_20260601_111.xml,PH1121126:506,BLUS:PH1121126:506:19a,BLUS,VJ146,2026-07-21T17:50:00.000+05:45,Sunday,48,19a
BODS_PH1121126_202_20260601_129.xml,PH1121126:202,BLUS:PH1121126:202:3,BLUS,VJ63,2026-07-21T19:15:00.000+05:45,Monday|Tuesday|Wednesday|Thursday|Friday,40,3
BODS_PH1121126_198_20260718_114.xml,PH1121126:198,BLUS:PH1121126:198:9,BLUS,VJ96,2026-07-21T23:10:00.000+05:45,Monday|Tuesday|Wednesday|Thursday|Friday,62,9
BODS_PH1121126_198_20260830_116.xml,PH1121126:198,BLUS:PH1121126:198:9,BLUS,VJ131,2026-07-21T12:48:00.000+05:45,Sunday,48,9
BODS_PH1121126_298_20260601_111.xml,PH1121126:298,BLUS:PH1121126:298:7,BLUS,VJ5,2026-07-21T09:35:00.000+05:45,Monday|Tuesday|Wednesday|Thursday|Friday,51,7
BODS_PH1121126_529_20260328_78.xml,PH1121126:529,BLUS:PH1121126:529:24,BLUS,VJ27,2026-07-21T11:49:00.000+05:45,Monday|Tuesday|Wednesday|Thursday|Friday,49,24
BODS_PH1121126_561_20260718_23.xml,PH1121126:561,BLUS:PH1121126:561:22,BLUS,VJ9,2026-07-21T13:36:00.000+05:45,Tuesday|Thursday,29,22
BODS_PH1121126_503_20260328_110.xml,PH1121126:503,BLUS:PH1121126:503:13,BLUS,VJ59,2026-07-21T07:45:00.000+05:45,Sunday,21,13
BODS_PH1121126_575_20260531_15.xml,PH1121126:575,BLUS:PH1121126:575:PR1,BLUS,VJ67,2026-07-21T09:45:00.000+05:45,Saturday,2,PR1
BODS_PH1121126_196_20260830_125.xml,PH1121126:196,BLUS:PH1121126:196:16,BLUS,VJ52,2026-07-21T15:17:00.000+05:45,Monday|Tuesday|Wednesday|Thursday|Friday,36,16
BODS_PH1121126_507_20260718_108.xml,PH1121126:507,BLUS:PH1121126:507:20,BLUS,VJ294,2026-07-21T21:25:00.000+05:45,Sunday,35,20
BODS_PH1121126_506_20260718_116.xml,PH1121126:506,BLUS:PH1121126:506:19a,BLUS,VJ130,2026-07-21T09:43:00.000+05:45,Saturday,49,19a
BODS_PH1121126_302_20260718_130.xml,PH1121126:302,BLUS:PH1121126:302:17,BLUS,VJ320,2026-07-21T07:42:00.000+05:45,Monday|Tuesday|Wednesday|Thursday|Friday,50,17
BODS_PH1121126_504_20260718_116.xml,PH1121126:504,BLUS:PH1121126:504:14,BLUS,VJ49,2026-07-21T14:25:00.000+05:45,Monday|Tuesday|Wednesday|Thursday|Friday,31,14
BODS_UZ000BLUS_26_20260830_1.xml,UZ000BLUS:26,BLUS:UZ000BLUS:26:26,BLUS,VJ15,2026-07-21T10:15:00.000+05:45,Sunday,41,26
BODS_PH1121126_507_20260718_108.xml,PH1121126:507,BLUS:PH1121126:507:20,BLUS,VJ176,2026-07-21T13:55:00.000+05:45,Monday|Tuesday|Wednesday|Thursday|Friday,35,20
BODS_PH1121126_504_20260718_116.xml,PH1121126:504,BLUS:PH1121126:504:14,BLUS,VJ19,2026-07-21T12:25:00.000+05:45,Saturday,31,14
BODS_PH1121126_200_20260830_120.xml,PH1121126:200,BLUS:PH1121126:200:5,BLUS,VJ46,2026-07-21T15:43:00.000+05:45,Monday|Tuesday|Wednesday|Thursday|Friday,45,5
BODS_PH1121126_506_20260830_118.xml,PH1121126:506,BLUS:PH1121126:506:19a,BLUS,VJ118,2026-07-21T14:14:00.000+05:45,Saturday,49,19a
BODS_PH1121126_504_20260601_111.xml,PH1121126:504,BLUS:PH1121126:504:14,BLUS,VJ5,2026-07-21T10:55:00.000+05:45,Monday|Tuesday|Wednesday|Thursday|Friday,31,14
BODS_PH1121126_506_20260718_116.xml,PH1121126:506,BLUS:PH1121126:506:19a,BLUS,VJ296,2026-07-21T20:33:00.000+05:45,Saturday,51,19a
BODS_PH1121126_200_20260830_120.xml,PH1121126:200,BLUS:PH1121126:200:5,BLUS,VJ33,2026-07-21T16:13:00.000+05:45,Saturday,9,5
BODS_PH1121126_195_20260830_124.xml,PH1121126:195,BLUS:PH1121126:195:18,BLUS,VJ294,2026-07-21T12:35:00.000+05:45,Saturday,35,18
BODS_PH1121126_237_20260830_120.xml,PH1121126:237,BLUS:PH1121126:237:QC,BLUS,VJ49,2026-07-21T08:05:00.000+05:45,Monday|Tuesday|Wednesday|Thursday|Friday,6,QC
BODS_PH1121126_197_20260412_110.xml,PH1121126:197,BLUS:PH1121126:197:12,BLUS,VJ220,2026-07-21T18:43:00.000+05:45,Sunday,33,12
BODS_PH1121126_195_20260601_117.xml,PH1121126:195,BLUS:PH1121126:195:18,BLUS,VJ469,2026-07-21T08:45:00.000+05:45,Sunday,34,18
BODS_PH1121126_201_20260601_113.xml,PH1121126:201,BLUS:PH1121126:201:4,BLUS,VJ84,2026-07-21T12:02:00.000+05:45,Monday|Tuesday|Wednesday|Thursday|Friday,48,4
BODS_PH1121126_203_20260718_123.xml,PH1121126:203,BLUS:PH1121126:203:2,BLUS,VJ92,2026-07-21T22:20:00.000+05:45,Saturday,51,2
BODS_PH1121126_506_20260601_111.xml,PH1121126:506,BLUS:PH1121126:506:19,BLUS,VJ97,2026-07-21T19:55:00.000+05:45,Sunday,50,19
BODS_PH1121126_237_20260718_118.xml,PH1121126:237,BLUS:PH1121126:237:QC,BLUS,VJ64,2026-07-21T08:05:00.000+05:45,Saturday,6,QC
BODS_PH1121126_197_20260412_110.xml,PH1121126:197,BLUS:PH1121126:197:12,BLUS,VJ45,2026-07-21T06:20:00.000+05:45,Monday|Tuesday|Wednesday|Thursday|Friday,22,12
BODS_PH1121126_199_20260718_116.xml,PH1121126:199,BLUS:PH1121126:199:8,BLUS,VJ58,2026-07-21T14:57:00.000+05:45,Monday|Tuesday|Wednesday|Thursday|Friday,52,8
BODS_PH1121126_575_20260718_18.xml,PH1121126:575,BLUS:PH1121126:575:PR1,BLUS,VJ30,2026-07-21T12:20:00.000+05:45,Sunday,3,PR1
BODS_PH1121126_197_20260830_115.xml,PH1121126:197,BLUS:PH1121126:197:12,BLUS,VJ180,2026-07-21T10:49:00.000+05:45,Monday|Tuesday|Wednesday|Thursday|Friday,33,12
BODS_PH1121126_298_20260718_117.xml,PH1121126:298,BLUS:PH1121126:298:7,BLUS,VJ96,2026-07-21T17:12:00.000+05:45,Saturday,61,7
BODS_PH1121126_204_20260830_124.xml,PH1121126:204,BLUS:PH1121126:204:1,BLUS,VJ51,2026-07-21T15:40:00.000+05:45,Saturday,43,1
BODS_PH1121126_204_20260830_124.xml,PH1121126:204,BLUS:PH1121126:204:1,BLUS,VJ133,2026-07-21T14:29:00.000+05:45,Monday|Tuesday|Wednesday|Thursday|Friday,43,1
BODS_PH1121126_202_20260601_129.xml,PH1121126:202,BLUS:PH1121126:202:3,BLUS,VJ8,2026-07-21T16:00:00.000+05:45,Saturday,70,3
BODS_PH1121126_197_20260412_110.xml,PH1121126:197,BLUS:PH1121126:197:12,BLUS,VJ193,2026-07-21T22:50:00.000+05:45,Monday|Tuesday|Wednesday|Thursday|Friday,33,12
BODS_PH1121126_506_20260601_111.xml,PH1121126:506,BLUS:PH1121126:506:19,BLUS,VJ214,2026-07-21T19:10:00.000+05:45,Saturday,51,19
BODS_PH1121126_506_20260718_116.xml,PH1121126:506,BLUS:PH1121126:506:19,BLUS,VJ1,2026-07-21T04:33:00.000+05:45,Saturday,50,19
BODS_PH1121126_196_20260601_118.xml,PH1121126:196,BLUS:PH1121126:196:16,BLUS,VJ109,2026-07-21T18:30:00.000+05:45,Sunday,18,16
BODS_PH1121126_302_20260830_132.xml,PH1121126:302,BLUS:PH1121126:302:17,BLUS,VJ11,2026-07-21T10:57:00.000+05:45,Monday|Tuesday|Wednesday|Thursday|Friday,54,17
BODS_PH1121126_504_20260718_116.xml,PH1121126:504,BLUS:PH1121126:504:14,BLUS,VJ54,2026-07-21T17:40:00.000+05:45,Monday|Tuesday|Wednesday|Thursday|Friday,31,14
BODS_PH1121126_204_20260601_117.xml,PH1121126:204,BLUS:PH1121126:204:1,BLUS,VJ24,2026-07-21T11:10:00.000+05:45,Saturday,42,1
BODS_PH1121126_204_20260718_122.xml,PH1121126:204,BLUS:PH1121126:204:1,BLUS,VJ80,2026-07-21T11:40:00.000+05:45,Monday|Tuesday|Wednesday|Thursday|Friday,43,1
BODS_PH1121126_506_20260718_116.xml,PH1121126:506,BLUS:PH1121126:506:19a,BLUS,VJ182,2026-07-21T07:05:00.000+05:45,Sunday,48,19a
BODS_PH1121126_203_20260601_118.xml,PH1121126:203,BLUS:PH1121126:203:2,BLUS,VJ180,2026-07-21T12:27:00.000+05:45,Monday|Tuesday|Wednesday|Thursday|Friday,60,2
BODS_PH1121126_506_20260718_116.xml,PH1121126:506,BLUS:PH1121126:506:19,BLUS,VJ233,2026-07-21T06:05:00.000+05:45,Monday|Tuesday|Wednesday|Thursday|Friday,52,19
BODS_PH1121126_507_20260718_108.xml,PH1121126:507,BLUS:PH1121126:507:20,BLUS,VJ69,2026-07-21T16:15:00.000+05:45,Saturday,17,20
BODS_PH1121126_201_20260601_113.xml,PH1121126:201,BLUS:PH1121126:201:4,BLUS,VJ31,2026-07-21T11:20:00.000+05:45,Sunday,47,4
BODS_PH1121126_298_20260601_111.xml,PH1121126:298,BLUS:PH1121126:298:7,BLUS,VJ147,2026-07-21T19:25:00.000+05:45,Sunday,31,7
BODS_PH1121126_202_20260718_134.xml,PH1121126:202,BLUS:PH1121126:202:3,BLUS,VJ46,2026-07-21T16:30:00.000+05:45,Saturday,70,3
BODS_PH1121126_204_20260830_124.xml,PH1121126:204,BLUS:PH1121126:204:1,BLUS,VJ191,2026-07-21T21:55:00.000+05:45,Saturday,43,1
BODS_PH1121126_198_20260412_111.xml,PH1121126:198,BLUS:PH1121126:198:9,BLUS,VJ63,2026-07-21T17:40:00.000+05:45,Sunday,47,9
BODS_PH1121126_197_20260830_115.xml,PH1121126:197,BLUS:PH1121126:197:12,BLUS,VJ18,2026-07-21T09:40:00.000+05:45,Monday|Tuesday|Wednesday|Thursday|Friday,22,12
BODS_PH1121126_302_20260718_130.xml,PH1121126:302,BLUS:PH1121126:302:17,BLUS,VJ290,2026-07-21T12:00:00.000+05:45,Monday|Tuesday|Wednesday|Thursday|Friday,50,17
BODS_PH1121126_195_20260830_124.xml,PH1121126:195,BLUS:PH1121126:195:18,BLUS,VJ404,2026-07-21T13:55:00.000+05:45,Monday|Tuesday|Wednesday|Thursday|Friday,35,18
BODS_PH1121126_504_20260601_111.xml,PH1121126:504,BLUS:PH1121126:504:14,BLUS,VJ113,2026-07-21T20:00:00.000+05:45,Monday|Tuesday|Wednesday|Thursday|Friday,41,14
BODS_PH1121126_504_20260601_111.xml,PH1121126:504,BLUS:PH1121126:504:14,BLUS,VJ114,2026-07-21T21:00:00.000+05:45,Monday|Tuesday|Wednesday|Thursday|Friday,41,14
BODS_PH1121126_507_20260601_103.xml,PH1121126:507,BLUS:PH1121126:507:20,BLUS,VJ280,2026-07-21T08:10:00.000+05:45,Sunday,34,20
BODS_PH1121126_302_20260601_125.xml,PH1121126:302,BLUS:PH1121126:302:17,BLUS,VJ174,2026-07-21T23:45:00.000+05:45,Sunday,53,17
BODS_PH1121126_506_20260601_111.xml,PH1121126:506,BLUS:PH1121126:506:19a,BLUS,VJ129,2026-07-21T12:40:00.000+05:45,Sunday,48,19a
BODS_PH1121126_197_20260412_110.xml,PH1121126:197,BLUS:PH1121126:197:11,BLUS,VJ149,2026-07-21T14:40:00.000+05:45,Monday|Tuesday|Wednesday|Thursday|Friday,20,11
BODS_PH1121126_200_20260830_120.xml,PH1121126:200,BLUS:PH1121126:200:5,BLUS,VJ73,2026-07-21T08:55:00.000+05:45,Monday|Tuesday|Wednesday|Thursday|Friday,7,5
BODS_PH1121126_504_20260718_116.xml,PH1121126:504,BLUS:PH1121126:504:14,BLUS,VJ56,2026-07-21T06:15:00.000+05:45,Saturday,31,14
BODS_PH1121126_195_20260718_122.xml,PH1121126:195,BLUS:PH1121126:195:18,BLUS,VJ478,2026-07-21T11:02:00.000+05:45,Sunday,35,18
BODS_PH1121126_237_20260412_115.xml,PH1121126:237,BLUS:PH1121126:237:QC,BLUS,VJ30,2026-07-21T14:55:00.000+05:45,Saturday,6,QC
BODS_PH1121126_203_20260601_118.xml,PH1121126:203,BLUS:PH1121126:203:2,BLUS,VJ5,2026-07-21T12:10:00.000+05:45,Saturday,50,2
BODS_PH1121126_195_20260601_117.xml,PH1121126:195,BLUS:PH1121126:195:18,BLUS,VJ187,2026-07-21T19:25:00.000+05:45,Saturday,54,18
BODS_PH1121126_529_20260328_78.xml,PH1121126:529,BLUS:PH1121126:529:24,BLUS,VJ38,2026-07-21T15:01:00.000+05:45,Monday|Tuesday|Wednesday|Thursday|Friday,40,24
BODS_PH1121126_575_20260718_18.xml,PH1121126:575,BLUS:PH1121126:575:PR1,BLUS,VJ38,2026-07-21T15:00:00.000+05:45,Sunday,3,PR1
BODS_PH1121126_196_20260718_123.xml,PH1121126:196,BLUS:PH1121126:196:16,BLUS,VJ155,2026-07-21T09:29:00.000+05:45,Monday|Tuesday|Wednesday|Thursday|Friday,28,16
BODS_PH1121126_528_20260830_84.xml,PH1121126:528,BLUS:PH1121126:528:23,BLUS,VJ7,2026-07-21T09:20:00.000+05:45,Saturday,15,23
BODS_PH1121126_195_20260718_122.xml,PH1121126:195,BLUS:PH1121126:195:18,BLUS,VJ267,2026-07-21T04:32:00.000+05:45,Saturday,13,18
BODS_PH1121126_203_20260601_118.xml,PH1121126:203,BLUS:PH1121126:203:2,BLUS,VJ60,2026-07-21T15:10:00.000+05:45,Sunday,50,2
BODS_PH1121126_197_20260830_115.xml,PH1121126:197,BLUS:PH1121126:197:12,BLUS,VJ34,2026-07-21T18:45:00.000+05:45,Saturday,22,12
BODS_PH1121126_202_20260830_136.xml,PH1121126:202,BLUS:PH1121126:202:3,BLUS,VJ62,2026-07-21T17:46:00.000+05:45,Sunday,67,3
BODS_PH1121126_505_20260830_120.xml,PH1121126:505,BLUS:PH1121126:505:15,BLUS,VJ61,2026-07-21T07:20:00.000+05:45,Saturday,35,15
BODS_PH1121126_196_20260718_123.xml,PH1121126:196,BLUS:PH1121126:196:16,BLUS,VJ49,2026-07-21T10:50:00.000+05:45,Saturday,18,16
BODS_PH1121126_529_20260328_78.xml,PH1121126:529,BLUS:PH1121126:529:24,BLUS,VJ31,2026-07-21T10:24:00.000+05:45,Saturday,49,24
BODS_PH1121126_298_20260601_111.xml,PH1121126:298,BLUS:PH1121126:298:7,BLUS,VJ24,2026-07-21T06:55:00.000+05:45,Monday|Tuesday|Wednesday|Thursday|Friday,51,7
BODS_PH1121126_197_20260718_113.xml,PH1121126:197,BLUS:PH1121126:197:12,BLUS,VJ38,2026-07-21T22:25:00.000+05:45,Saturday,22,12
BODS_PH1121126_204_20260718_122.xml,PH1121126:204,BLUS:PH1121126:204:1,BLUS,VJ261,2026-07-21T16:00:00.000+05:45,Saturday,47,1
BODS_PH1121126_195_20260718_122.xml,PH1121126:195,BLUS:PH1121126:195:18,BLUS,VJ4,2026-07-21T09:43:00.000+05:45,Sunday,55,18
BODS_PH1121126_204_20260830_124.xml,PH1121126:204,BLUS:PH1121126:204:1,BLUS,VJ400,2026-07-21T16:45:00.000+05:45,Monday|Tuesday|Wednesday|Thursday|Friday,47,1
BODS_PH1121126_195_20260601_117.xml,PH1121126:195,BLUS:PH1121126:195:18,BLUS,VJ512,2026-07-21T17:30:00.000+05:45,Sunday,34,18
BODS_PH1121126_507_20260601_103.xml,PH1121126:507,BLUS:PH1121126:507:20,BLUS,VJ299,2026-07-21T05:40:00.000+05:45,Monday|Tuesday|Wednesday|Thursday|Friday,34,20
BODS_PH1121126_204_20260830_124.xml,PH1121126:204,BLUS:PH1121126:204:1,BLUS,VJ181,2026-07-21T22:10:00.000+05:45,Sunday,43,1
BODS_PH1121126_575_20260830_20.xml,PH1121126:575,BLUS:PH1121126:575:PR1,BLUS,VJ119,2026-07-21T13:30:00.000+05:45,Sunday,2,PR1
BODS_PH1121126_197_20260718_113.xml,PH1121126:197,BLUS:PH1121126:197:12,BLUS,VJ210,2026-07-21T05:45:00.000+05:45,Saturday,33,12
BODS_PH1121126_200_20260328_115.xml,PH1121126:200,BLUS:PH1121126:200:5,BLUS,VJ86,2026-07-21T13:25:00.000+05:45,Monday|Tuesday|Wednesday|Thursday|Friday,42,5
BODS_PH1121126_204_20260718_122.xml,PH1121126:204,BLUS:PH1121126:204:1,BLUS,VJ153,2026-07-21T07:20:00.000+05:45,Saturday,43,1
BODS_PH1121126_204_20260601_117.xml,PH1121126:204,BLUS:PH1121126:204:1,BLUS,VJ65,2026-07-21T09:10:00.000+05:45,Monday|Tuesday|Wednesday|Thursday|Friday,42,1
BODS_PH1121126_298_20260601_111.xml,PH1121126:298,BLUS:PH1121126:298:7,BLUS,VJ44,2026-07-21T08:35:00.000+05:45,Saturday,51,7
BODS_PH1121126_503_20260328_110.xml,PH1121126:503,BLUS:PH1121126:503:13,BLUS,VJ14,2026-07-21T15:40:00.000+05:45,Monday|Tuesday|Wednesday|Thursday|Friday,21,13
BODS_PH1121126_195_20260601_117.xml,PH1121126:195,BLUS:PH1121126:195:18,BLUS,VJ243,2026-07-21T00:10:00.000+05:45,Monday|Tuesday|Wednesday|Thursday|Friday,28,18
BODS_PH1121126_197_20260830_115.xml,PH1121126:197,BLUS:PH1121126:197:11,BLUS,VJ286,2026-07-21T15:57:00.000+05:45,Sunday,32,11
BODS_PH1121126_204_20260601_117.xml,PH1121126:204,BLUS:PH1121126:204:1,BLUS,VJ406,2026-07-21T05:05:00.000+05:45,Friday,46,1
BODS_PH1121126_195_20260718_122.xml,PH1121126:195,BLUS:PH1121126:195:18,BLUS,VJ62,2026-07-21T10:23:00.000+05:45,Saturday,55,18
BODS_PH1121126_204_20260830_124.xml,PH1121126:204,BLUS:PH1121126:204:1,BLUS,VJ101,2026-07-21T12:20:00.000+05:45,Sunday,43,1
BODS_PH1121126_237_20260830_120.xml,PH1121126:237,BLUS:PH1121126:237:QC,BLUS,VJ30,2026-07-21T14:55:00.000+05:45,Saturday,6,QC
BODS_PH1121126_504_20260830_118.xml,PH1121126:504,BLUS:PH1121126:504:14,BLUS,VJ48,2026-07-21T06:10:00.000+05:45,Monday|Tuesday|Wednesday|Thursday|Friday,31,14
BODS_PH1121126_196_20260718_123.xml,PH1121126:196,BLUS:PH1121126:196:16,BLUS,VJ192,2026-07-21T16:54:00.000+05:45,Sunday,28,16
BODS_PH1121126_505_20260601_113.xml,PH1121126:505,BLUS:PH1121126:505:15,BLUS,VJ39,2026-07-21T13:25:00.000+05:45,Saturday,34,15
BODS_PH1121126_197_20260718_113.xml,PH1121126:197,BLUS:PH1121126:197:11,BLUS,VJ287,2026-07-21T16:57:00.000+05:45,Sunday,32,11
BODS_PH1121126_204_20260601_117.xml,PH1121126:204,BLUS:PH1121126:204:1,BLUS,VJ19,2026-07-21T10:20:00.000+05:45,Saturday,42,1
BODS_PH1121126_204_20260601_117.xml,PH1121126:204,BLUS:PH1121126:204:1,BLUS,VJ69,2026-07-21T09:50:00.000+05:45,Monday|Tuesday|Wednesday|Thursday|Friday,42,1
BODS_PH1121126_506_20260601_111.xml,PH1121126:506,BLUS:PH1121126:506:19a,BLUS,VJ181,2026-07-21T08:46:00.000+05:45,Monday|Tuesday|Wednesday|Thursday|Friday,48,19a
BODS_PH1121126_198_20260412_111.xml,PH1121126:198,BLUS:PH1121126:198:9,BLUS,VJ152,2026-07-21T14:07:00.000+05:45,Monday|Tuesday|Wednesday|Thursday|Friday,43,9
BODS_PH1121126_203_20260601_118.xml,PH1121126:203,BLUS:PH1121126:203:2,BLUS,VJ134,2026-07-21T22:50:00.000+05:45,Saturday,35,2
BODS_PH1121126_201_20260718_118.xml,PH1121126:201,BLUS:PH1121126:201:4,BLUS,VJ97,2026-07-21T13:02:00.000+05:45,Saturday,48,4
BODS_PH1121126_302_20260601_125.xml,PH1121126:302,BLUS:PH1121126:302:17,BLUS,VJ390,2026-07-21T06:20:00.000+05:45,Saturday,49,17
BODS_PH1121126_198_20260830_116.xml,PH1121126:198,BLUS:PH1121126:198:9,BLUS,VJ43,2026-07-21T17:05:00.000+05:45,Monday|Tuesday|Wednesday|Thursday|Friday,42,9
BODS_PH1121126_195_20260830_124.xml,PH1121126:195,BLUS:PH1121126:195:18,BLUS,VJ332,2026-07-21T13:43:00.000+05:45,Monday|Tuesday|Wednesday|Thursday|Friday,35,18
BODS_PH1121126_200_20260830_120.xml,PH1121126:200,BLUS:PH1121126:200:5,BLUS,VJ43,2026-07-21T08:33:00.000+05:45,Saturday,45,5
BODS_PH1121126_195_20260830_124.xml,PH1121126:195,BLUS:PH1121126:195:18,BLUS,VJ350,2026-07-21T15:20:00.000+05:45,Saturday,35,18
BODS_PH1121126_298_20260718_117.xml,PH1121126:298,BLUS:PH1121126:298:7,BLUS,VJ15,2026-07-21T15:30:00.000+05:45,Monday|Tuesday|Wednesday|Thursday|Friday,52,7
BODS_PH1121126_506_20260718_116.xml,PH1121126:506,BLUS:PH1121126:506:19a,BLUS,VJ369,2026-07-21T22:57:00.000+05:45,Sunday,50,19a
BODS_PH1121126_203_20260830_125.xml,PH1121126:203,BLUS:PH1121126:203:2,BLUS,VJ52,2026-07-21T12:30:00.000+05:45,Sunday,51,2
BODS_PH1121126_198_20260718_114.xml,PH1121126:198,BLUS:PH1121126:198:9,BLUS,VJ178,2026-07-21T06:55:00.000+05:45,Saturday,52,9
BODS_PH1121126_195_20260830_124.xml,PH1121126:195,BLUS:PH1121126:195:18,BLUS,VJ226,2026-07-21T17:40:00.000+05:45,Monday|Tuesday|Wednesday|Thursday|Friday,55,18
BODS_PH1121126_507_20260718_108.xml,PH1121126:507,BLUS:PH1121126:507:20,BLUS,VJ173,2026-07-21T13:10:00.000+05:45,Monday|Tuesday|Wednesday|Thursday|Friday,35,20
BODS_PH1121126_195_20260830_124.xml,PH1121126:195,BLUS:PH1121126:195:N18,BLUS,VJ460,2026-07-21T03:35:00.000+05:45,Monday|Tuesday|Wednesday|Thursday|Friday,35,N18
BODS_PH1121126_197_20260830_115.xml,PH1121126:197,BLUS:PH1121126:197:12,BLUS,VJ222,2026-07-21T20:50:00.000+05:45,Sunday,33,12
BODS_PH1121126_507_20260718_108.xml,PH1121126:507,BLUS:PH1121126:507:20,BLUS,VJ199,2026-07-21T14:27:00.000+05:45,Saturday,35,20
BODS_PH1121126_203_20260601_118.xml,PH1121126:203,BLUS:PH1121126:203:2,BLUS,VJ241,2026-07-21T10:33:00.000+05:45,Sunday,60,2
BODS_PH1121126_195_20260718_122.xml,PH1121126:195,BLUS:PH1121126:195:18,BLUS,VJ272,2026-07-21T08:55:00.000+05:45,Saturday,35,18
BODS_PH1121126_204_20260601_117.xml,PH1121126:204,BLUS:PH1121126:204:1,BLUS,VJ41,2026-07-21T14:00:00.000+05:45,Saturday,42,1
BODS_PH1121126_204_20260601_117.xml,PH1121126:204,BLUS:PH1121126:204:1,BLUS,VJ205,2026-07-21T18:55:00.000+05:45,Monday|Tuesday|Wednesday|Thursday|Friday,42,1
BODS_PH1121126_575_20260830_20.xml,PH1121126:575,BLUS:PH1121126:575:PR1,BLUS,VJ104,2026-07-21T16:10:00.000+05:45,Saturday,2,PR1
BODS_PH1121126_203_20260830_125.xml,PH1121126:203,BLUS:PH1121126:203:2,BLUS,VJ209,2026-07-21T12:10:00.000+05:45,Sunday,61,2
BODS_PH1121126_200_20260328_115.xml,PH1121126:200,BLUS:PH1121126:200:5,BLUS,VJ51,2026-07-21T07:42:00.000+05:45,Monday|Tuesday|Wednesday|Thursday|Friday,35,5
BODS_PH1121126_302_20260718_130.xml,PH1121126:302,BLUS:PH1121126:302:17,BLUS,VJ354,2026-07-21T04:55:00.000+05:45,Saturday,48,17
BODS_PH1121126_198_20260412_111.xml,PH1121126:198,BLUS:PH1121126:198:9,BLUS,VJ110,2026-07-21T05:40:00.000+05:45,Monday|Tuesday|Wednesday|Thursday|Friday,52,9
BODS_PH1121126_507_20260718_108.xml,PH1121126:507,BLUS:PH1121126:507:20,BLUS,VJ98,2026-07-21T16:00:00.000+05:45,Monday|Tuesday|Wednesday|Thursday|Friday,17,20
BODS_PH1121126_204_20260830_124.xml,PH1121126:204,BLUS:PH1121126:204:1,BLUS,VJ178,2026-07-21T09:38:00.000+05:45,Saturday,43,1
BODS_PH1121126_202_20260718_134.xml,PH1121126:202,BLUS:PH1121126:202:3,BLUS,VJ30,2026-07-21T19:10:00.000+05:45,Saturday,70,3
BODS_PH1121126_506_20260718_116.xml,PH1121126:506,BLUS:PH1121126:506:19,BLUS,VJ213,2026-07-21T16:21:00.000+05:45,Monday|Tuesday|Wednesday|Thursday|Friday,52,19
BODS_PH1121126_195_20260718_122.xml,PH1121126:195,BLUS:PH1121126:195:18,BLUS,VJ414,2026-07-21T04:40:00.000+05:45,Monday|Tuesday|Wednesday|Thursday|Friday,35,18
BODS_PH1121126_298_20260601_111.xml,PH1121126:298,BLUS:PH1121126:298:7,BLUS,VJ104,2026-07-21T10:40:00.000+05:45,Monday|Tuesday|Wednesday|Thursday|Friday,60,7
BODS_PH1121126_506_20260601_111.xml,PH1121126:506,BLUS:PH1121126:506:19,BLUS,VJ53,2026-07-21T15:57:00.000+05:45,Monday|Tuesday|Wednesday|Thursday|Friday,50,19
BODS_PH1121126_197_20260412_110.xml,PH1121126:197,BLUS:PH1121126:197:11,BLUS,VJ267,2026-07-21T09:57:00.000+05:45,Monday|Tuesday|Wednesday|Thursday|Friday,32,11
BODS_PH1121126_507_20260718_108.xml,PH1121126:507,BLUS:PH1121126:507:20,BLUS,VJ161,2026-07-21T10:10:00.000+05:45,Monday|Tuesday|Wednesday|Thursday|Friday,35,20
BODS_PH1121126_195_20260718_122.xml,PH1121126:195,BLUS:PH1121126:195:18,BLUS,VJ444,2026-07-21T06:10:00.000+05:45,Monday|Tuesday|Wednesday|Thursday|Friday,35,18
BODS_PH1121126_506_20260718_116.xml,PH1121126:506,BLUS:PH1121126:506:19a,BLUS,VJ136,2026-07-21T15:10:00.000+05:45,Monday|Tuesday|Wednesday|Thursday|Friday,49,19a
BODS_PH1121126_504_20260830_118.xml,PH1121126:504,BLUS:PH1121126:504:14,BLUS,VJ27,2026-07-21T16:25:00.000+05:45,Saturday,31,14
BODS_PH1121126_504_20260718_116.xml,PH1121126:504,BLUS:PH1121126:504:14,BLUS,VJ1,2026-07-21T08:55:00.000+05:45,Monday|Tuesday|Wednesday|Thursday|Friday,31,14
BODS_PH1121126_507_20260830_110.xml,PH1121126:507,BLUS:PH1121126:507:20,BLUS,VJ257,2026-07-21T15:44:00.000+05:45,Monday|Tuesday|Wednesday|Thursday|Friday,35,20
BODS_PH1121126_195_20260718_122.xml,PH1121126:195,BLUS:PH1121126:195:18,BLUS,VJ297,2026-07-21T13:05:00.000+05:45,Saturday,35,18
BODS_PH1121126_302_20260830_132.xml,PH1121126:302,BLUS:PH1121126:302:17,BLUS,VJ300,2026-07-21T16:40:00.000+05:45,Saturday,50,17
BODS_PH1121126_506_20260601_111.xml,PH1121126:506,BLUS:PH1121126:506:19,BLUS,VJ212,2026-07-21T18:10:00.000+05:45,Saturday,51,19
BODS_PH1121126_200_20260718_118.xml,PH1121126:200,BLUS:PH1121126:200:5,BLUS,VJ23,2026-07-21T11:13:00.000+05:45,Saturday,9,5
BODS_PH1121126_198_20260830_116.xml,PH1121126:198,BLUS:PH1121126:198:9,BLUS,VJ25,2026-07-21T09:15:00.000+05:45,Monday|Tuesday|Wednesday|Thursday|Friday,42,9
BODS_PH1121126_503_20260718_117.xml,PH1121126:503,BLUS:PH1121126:503:13,BLUS,VJ137,2026-07-21T10:05:00.000+05:45,Sunday,31,13
BODS_PH1121126_203_20260601_118.xml,PH1121126:203,BLUS:PH1121126:203:2,BLUS,VJ52,2026-07-21T12:30:00.000+05:45,Sunday,50,2
BODS_PH1121126_507_20260830_110.xml,PH1121126:507,BLUS:PH1121126:507:20,BLUS,VJ44,2026-07-21T10:52:00.000+05:45,Sunday,17,20
BODS_PH1121126_195_20260830_124.xml,PH1121126:195,BLUS:PH1121126:195:18,BLUS,VJ382,2026-07-21T21:17:00.000+05:45,Saturday,35,18
BODS_PH1121126_197_20260412_110.xml,PH1121126:197,BLUS:PH1121126:197:12,BLUS,VJ4,2026-07-21T12:40:00.000+05:45,Saturday,22,12
BODS_PH1121126_203_20260718_123.xml,PH1121126:203,BLUS:PH1121126:203:2,BLUS,VJ10,2026-07-21T13:25:00.000+05:45,Saturday,51,2
BODS_PH1121126_504_20260718_116.xml,PH1121126:504,BLUS:PH1121126:504:14,BLUS,VJ91,2026-07-21T12:02:00.000+05:45,Saturday,43,14
BODS_PH1121126_302_20260830_132.xml,PH1121126:302,BLUS:PH1121126:302:17,BLUS,VJ278,2026-07-21T14:55:00.000+05:45,Sunday,50,17
BODS_PH1121126_204_20260830_124.xml,PH1121126:204,BLUS:PH1121126:204:1,BLUS,VJ114,2026-07-21T16:45:00.000+05:45,Sunday,43,1
BODS_PH1121126_506_20260601_111.xml,PH1121126:506,BLUS:PH1121126:506:19a,BLUS,VJ123,2026-07-21T10:47:00.000+05:45,Monday|Tuesday|Wednesday|Thursday|Friday,48,19a
BODS_PH1121126_197_20260412_110.xml,PH1121126:197,BLUS:PH1121126:197:11,BLUS,VJ102,2026-07-21T11:55:00.000+05:45,Saturday,20,11
BODS_PH1121126_204_20260718_122.xml,PH1121126:204,BLUS:PH1121126:204:1,BLUS,VJ194,2026-07-21T06:20:00.000+05:45,Sunday,43,1
BODS_PH1121126_203_20260601_118.xml,PH1121126:203,BLUS:PH1121126:203:2,BLUS,VJ35,2026-07-21T11:10:00.000+05:45,Monday|Tuesday|Wednesday|Thursday|Friday,50,2
BODS_PH1121126_204_20260718_122.xml,PH1121126:204,BLUS:PH1121126:204:1,BLUS,VJ152,2026-07-21T06:55:00.000+05:45,Saturday,43,1
BODS_PH1121126_197_20260412_110.xml,PH1121126:197,BLUS:PH1121126:197:12,BLUS,VJ69,2026-07-21T08:43:00.000+05:45,Saturday,22,12
BODS_PH1121126_575_20260718_18.xml,PH1121126:575,BLUS:PH1121126:575:PR1,BLUS,VJ116,2026-07-21T12:30:00.000+05:45,Sunday,2,PR1
BODS_PH1121126_302_20260601_125.xml,PH1121126:302,BLUS:PH1121126:302:17,BLUS,VJ84,2026-07-21T16:47:00.000+05:45,Saturday,53,17
BODS_PH1121126_504_20260830_118.xml,PH1121126:504,BLUS:PH1121126:504:14,BLUS,VJ124,2026-07-21T07:37:00.000+05:45,Saturday,43,14
BODS_PH1121126_204_20260601_117.xml,PH1121126:204,BLUS:PH1121126:204:1,BLUS,VJ33,2026-07-21T12:40:00.000+05:45,Saturday,42,1
BODS_PH1121126_506_20260601_111.xml,PH1121126:506,BLUS:PH1121126:506:19a,BLUS,VJ359,2026-07-21T14:25:00.000+05:45,Monday|Tuesday|Wednesday|Thursday|Friday,50,19a
BODS_PH1121126_302_20260718_130.xml,PH1121126:302,BLUS:PH1121126:302:17,BLUS,VJ444,2026-07-21T10:40:00.000+05:45,Sunday,50,17
BODS_PH1121126_503_20260328_110.xml,PH1121126:503,BLUS:PH1121126:503:13,BLUS,VJ54,2026-07-21T12:40:00.000+05:45,Sunday,21,13
BODS_PH1121126_203_20260718_123.xml,PH1121126:203,BLUS:PH1121126:203:2,BLUS,VJ171,2026-07-21T10:12:00.000+05:45,Monday|Tuesday|Wednesday|Thursday|Friday,61,2
BODS_PH1121126_302_20260830_132.xml,PH1121126:302,BLUS:PH1121126:302:17,BLUS,VJ307,2026-07-21T17:50:00.000+05:45,Saturday,50,17
BODS_PH1121126_529_20260830_83.xml,PH1121126:529,BLUS:PH1121126:529:24,BLUS,VJ22,2026-07-21T17:45:00.000+05:45,Saturday,36,24
BODS_PH1121126_203_20260601_118.xml,PH1121126:203,BLUS:PH1121126:203:2,BLUS,VJ32,2026-07-21T10:25:00.000+05:45,Monday|Tuesday|Wednesday|Thursday|Friday,50,2
BODS_PH1121126_575_20260830_20.xml,PH1121126:575,BLUS:PH1121126:575:PR1,BLUS,VJ93,2026-07-21T12:30:00.000+05:45,Saturday,2,PR1
BODS_PH1121126_197_20260830_115.xml,PH1121126:197,BLUS:PH1121126:197:12,BLUS,VJ19,2026-07-21T10:00:00.000+05:45,Monday|Tuesday|Wednesday|Thursday|Friday,22,12
BODS_PH1121126_201_20260601_113.xml,PH1121126:201,BLUS:PH1121126:201:4,BLUS,VJ92,2026-07-21T10:32:00.000+05:45,Saturday,48,4
BODS_PH1121126_195_20260601_117.xml,PH1121126:195,BLUS:PH1121126:195:18,BLUS,VJ163,2026-07-21T05:52:00.000+05:45,Sunday,54,18
BODS_PH1121126_198_20260718_114.xml,PH1121126:198,BLUS:PH1121126:198:9,BLUS,VJ215,2026-07-21T18:27:00.000+05:45,Saturday,43,9
BODS_PH1121126_195_20260601_117.xml,PH1121126:195,BLUS:PH1121126:195:18,BLUS,VJ40,2026-07-21T10:02:00.000+05:45,Monday|Tuesday|Wednesday|Thursday|Friday,54,18
BODS_PH1121126_198_20260718_114.xml,PH1121126:198,BLUS:PH1121126:198:9,BLUS,VJ106,2026-07-21T22:10:00.000+05:45,Saturday,53,9
BODS_PH1121126_199_20260830_118.xml,PH1121126:199,BLUS:PH1121126:199:8,BLUS,VJ38,2026-07-21T13:45:00.000+05:45,Saturday,52,8
BODS_PH1121126_201_20260718_118.xml,PH1121126:201,BLUS:PH1121126:201:4,BLUS,VJ5,2026-07-21T10:25:00.000+05:45,Monday|Tuesday|Wednesday|Thursday|Friday,48,4
BODS_PH1121126_198_20260830_116.xml,PH1121126:198,BLUS:PH1121126:198:9,BLUS,VJ133,2026-07-21T14:48:00.000+05:45,Sunday,48,9
BODS_PH1121126_204_20260830_124.xml,PH1121126:204,BLUS:PH1121126:204:1,BLUS,VJ102,2026-07-21T12:40:00.000+05:45,Sunday,43,1
BODS_PH1121126_197_20260718_113.xml,PH1121126:197,BLUS:PH1121126:197:11,BLUS,VJ95,2026-07-21T11:50:00.000+05:45,Monday|Tuesday|Wednesday|Thursday|Friday,20,11
BODS_PH1121126_202_20260830_136.xml,PH1121126:202,BLUS:PH1121126:202:3,BLUS,VJ43,2026-07-21T12:25:00.000+05:45,Monday|Tuesday|Wednesday|Thursday|Friday,67,3
BODS_PH1121126_528_20260718_82.xml,PH1121126:528,BLUS:PH1121126:528:23,BLUS,VJ13,2026-07-21T15:30:00.000+05:45,Monday|Tuesday|Wednesday|Thursday|Friday,8,23
BODS_PH1121126_204_20260601_117.xml,PH1121126:204,BLUS:PH1121126:204:1,BLUS,VJ396,2026-07-21T19:45:00.000+05:45,Saturday,46,1
BODS_PH1121126_197_20260718_113.xml,PH1121126:197,BLUS:PH1121126:197:11,BLUS,VJ92,2026-07-21T10:50:00.000+05:45,Monday|Tuesday|Wednesday|Thursday|Friday,20,11
BODS_PH1121126_503_20260718_117.xml,PH1121126:503,BLUS:PH1121126:503:13,BLUS,VJ87,2026-07-21T07:56:00.000+05:45,Monday|Tuesday|Wednesday|Thursday|Friday,31,13
BODS_PH1121126_507_20260718_108.xml,PH1121126:507,BLUS:PH1121126:507:20,BLUS,VJ15,2026-07-21T11:00:00.000+05:45,Monday|Tuesday|Wednesday|Thursday|Friday,17,20
BODS_PH1121126_298_20260718_117.xml,PH1121126:298,BLUS:PH1121126:298:7,BLUS,VJ154,2026-07-21T14:28:00.000+05:45,Sunday,56,7
BODS_PH1121126_575_20260531_15.xml,PH1121126:575,BLUS:PH1121126:575:PR1,BLUS,VJ121,2026-07-21T19:35:00.000+05:45,Saturday,2,PR1
BODS_PH1121126_195_20260830_124.xml,PH1121126:195,BLUS:PH1121126:195:18,BLUS,VJ328,2026-07-21T13:05:00.000+05:45,Monday|Tuesday|Wednesday|Thursday|Friday,35,18
BODS_PH1121126_298_20260601_111.xml,PH1121126:298,BLUS:PH1121126:298:7,BLUS,VJ118,2026-07-21T07:50:00.000+05:45,Saturday,60,7
BODS_PH1121126_420_20260328_118.xml,PH1121126:420,BLUS:PH1121126:420:612,BLUS,VJ9,2026-07-21T14:25:00.000+05:45,Monday|Tuesday|Wednesday|Thursday|Friday,24,612
BODS_PH1121126_505_20260830_120.xml,PH1121126:505,BLUS:PH1121126:505:15,BLUS,VJ128,2026-07-21T14:12:00.000+05:45,Monday|Tuesday|Wednesday|Thursday|Friday,32,15
BODS_PH1121126_197_20260830_115.xml,PH1121126:197,BLUS:PH1121126:197:12,BLUS,VJ173,2026-07-21T16:40:00.000+05:45,Saturday,33,12
BODS_PH1121126_204_20260718_122.xml,PH1121126:204,BLUS:PH1121126:204:1,BLUS,VJ435,2026-07-21T07:20:00.000+05:45,Monday|Tuesday|Wednesday|Thursday|Friday,28,1
BODS_PH1121126_505_20260830_120.xml,PH1121126:505,BLUS:PH1121126:505:15,BLUS,VJ139,2026-07-21T06:50:00.000+05:45,Sunday,32,15
BODS_PH1121126_504_20260718_116.xml,PH1121126:504,BLUS:PH1121126:504:14,BLUS,VJ15,2026-07-21T10:25:00.000+05:45,Saturday,31,14
BODS_PH1121126_204_20260830_124.xml,PH1121126:204,BLUS:PH1121126:204:1,BLUS,VJ59,2026-07-21T17:00:00.000+05:45,Saturday,43,1
BODS_PH1121126_504_20260830_118.xml,PH1121126:504,BLUS:PH1121126:504:14,BLUS,VJ117,2026-07-21T16:12:00.000+05:45,Monday|Tuesday|Wednesday|Thursday|Friday,43,14
BODS_PH1121126_506_20260601_111.xml,PH1121126:506,BLUS:PH1121126:506:19a,BLUS,VJ102,2026-07-21T21:50:00.000+05:45,Monday|Tuesday|Wednesday|Thursday|Friday,47,19a
BODS_PH1121126_195_20260601_117.xml,PH1121126:195,BLUS:PH1121126:195:18,BLUS,VJ123,2026-07-21T09:23:00.000+05:45,Saturday,54,18
BODS_PH1121126_203_20260601_118.xml,PH1121126:203,BLUS:PH1121126:203:2,BLUS,VJ310,2026-07-21T07:22:00.000+05:45,Monday|Tuesday|Wednesday|Thursday|Friday,57,2
BODS_PH1121126_302_20260601_125.xml,PH1121126:302,BLUS:PH1121126:302:17,BLUS,VJ361,2026-07-21T08:00:00.000+05:45,Saturday,49,17
BODS_PH1121126_575_20260830_20.xml,PH1121126:575,BLUS:PH1121126:575:PR1,BLUS,VJ7,2026-07-21T12:00:00.000+05:45,Saturday,3,PR1
BODS_PH1121126_507_20260718_108.xml,PH1121126:507,BLUS:PH1121126:507:20,BLUS,VJ105,2026-07-21T17:50:00.000+05:45,Monday|Tuesday|Wednesday|Thursday|Friday,17,20
BODS_PH1121126_506_20260601_111.xml,PH1121126:506,BLUS:PH1121126:506:19a,BLUS,VJ177,2026-07-21T07:01:00.000+05:45,Monday|Tuesday|Wednesday|Thursday|Friday,48,19a
BODS_PH1121126_203_20260718_123.xml,PH1121126:203,BLUS:PH1121126:203:2,BLUS,VJ281,2026-07-21T07:05:00.000+05:45,Monday|Tuesday|Wednesday|Thursday|Friday,61,2
BODS_PH1121126_302_20260830_132.xml,PH1121126:302,BLUS:PH1121126:302:17,BLUS,VJ71,2026-07-21T13:59:00.000+05:45,Monday|Tuesday|Wednesday|Thursday|Friday,54,17
BODS_PH1121126_506_20260830_118.xml,PH1121126:506,BLUS:PH1121126:506:19a,BLUS,VJ284,2026-07-21T10:25:00.000+05:45,Monday|Tuesday|Wednesday|Thursday|Friday,51,19a
BODS_PH1121126_302_20260830_132.xml,PH1121126:302,BLUS:PH1121126:302:17,BLUS,VJ32,2026-07-21T13:00:00.000+05:45,Sunday,54,17
BODS_PH1121126_199_20260412_113.xml,PH1121126:199,BLUS:PH1121126:199:8,BLUS,VJ2,2026-07-21T09:40:00.000+05:45,Monday|Tuesday|Wednesday|Thursday|Friday,51,8
BODS_PH1121126_507_20260601_103.xml,PH1121126:507,BLUS:PH1121126:507:20,BLUS,VJ43,2026-07-21T18:10:00.000+05:45,Saturday,16,20
BODS_PH1121126_204_20260601_117.xml,PH1121126:204,BLUS:PH1121126:204:1,BLUS,VJ301,2026-07-21T13:20:00.000+05:45,Monday|Tuesday|Wednesday|Thursday|Friday,46,1
BODS_PH1121126_506_20260830_118.xml,PH1121126:506,BLUS:PH1121126:506:19,BLUS,VJ236,2026-07-21T21:53:00.000+05:45,Saturday,52,19
BODS_PH1121126_203_20260601_118.xml,PH1121126:203,BLUS:PH1121126:203:2,BLUS,VJ189,2026-07-21T12:00:00.000+05:45,Saturday,60,2
BODS_PH1121126_197_20260718_113.xml,PH1121126:197,BLUS:PH1121126:197:11,BLUS,VJ96,2026-07-21T12:10:00.000+05:45,Monday|Tuesday|Wednesday|Thursday|Friday,20,11
BODS_PH1121126_196_20260830_125.xml,PH1121126:196,BLUS:PH1121126:196:16,BLUS,VJ141,2026-07-21T08:22:00.000+05:45,Monday|Tuesday|Wednesday|Thursday|Friday,43,16
BODS_PH1121126_204_20260601_117.xml,PH1121126:204,BLUS:PH1121126:204:1,BLUS,VJ127,2026-07-21T14:36:00.000+05:45,Monday|Tuesday|Wednesday|Thursday|Friday,42,1
BODS_PH1121126_195_20260601_117.xml,PH1121126:195,BLUS:PH1121126:195:18,BLUS,VJ179,2026-07-21T15:06:00.000+05:45,Monday|Tuesday|Wednesday|Thursday|Friday,54,18
BODS_PH1121126_203_20260601_118.xml,PH1121126:203,BLUS:PH1121126:203:2,BLUS,VJ294,2026-07-21T16:02:00.000+05:45,Monday|Tuesday|Wednesday|Thursday|Friday,60,2
BODS_PH1121126_203_20260601_118.xml,PH1121126:203,BLUS:PH1121126:203:2,BLUS,VJ99,2026-07-21T07:40:00.000+05:45,Monday|Tuesday|Wednesday|Thursday|Friday,50,2
BODS_PH1121126_507_20260830_110.xml,PH1121126:507,BLUS:PH1121126:507:20,BLUS,VJ308,2026-07-21T04:20:00.000+05:45,Saturday,35,20
BODS_PH1121126_201_20260830_120.xml,PH1121126:201,BLUS:PH1121126:201:4,BLUS,VJ104,2026-07-21T16:32:00.000+05:45,Saturday,48,4
BODS_PH1121126_575_20260830_20.xml,PH1121126:575,BLUS:PH1121126:575:PR1,BLUS,VJ56,2026-07-21T09:20:00.000+05:45,Sunday,3,PR1
BODS_PH1121126_504_20260718_116.xml,PH1121126:504,BLUS:PH1121126:504:14,BLUS,VJ89,2026-07-21T11:02:00.000+05:45,Saturday,43,14
BODS_PH1121126_195_20260718_122.xml,PH1121126:195,BLUS:PH1121126:195:18,BLUS,VJ218,2026-07-21T13:22:00.000+05:45,Monday|Tuesday|Wednesday|Thursday|Friday,55,18
BODS_PH1121126_505_20260601_113.xml,PH1121126:505,BLUS:PH1121126:505:15,BLUS,VJ49,2026-07-21T10:30:00.000+05:45,Sunday,34,15
BODS_PH1121126_507_20260718_108.xml,PH1121126:507,BLUS:PH1121126:507:20,BLUS,VJ139,2026-07-21T20:05:00.000+05:45,Sunday,17,20
BODS_PH1121126_201_20260718_118.xml,PH1121126:201,BLUS:PH1121126:201:4,BLUS,VJ54,2026-07-21T20:20:00.000+05:45,Saturday,48,4
BODS_PH1121126_203_20260830_125.xml,PH1121126:203,BLUS:PH1121126:203:2,BLUS,VJ147,2026-07-21T00:20:00.000+05:45,Monday|Tuesday|Wednesday|Thursday|Friday,56,2
BODS_PH1121126_196_20260601_118.xml,PH1121126:196,BLUS:PH1121126:196:16,BLUS,VJ155,2026-07-21T09:29:00.000+05:45,Monday|Tuesday|Wednesday|Thursday|Friday,26,16
BODS_PH1121126_529_20260718_81.xml,PH1121126:529,BLUS:PH1121126:529:24,BLUS,VJ33,2026-07-21T14:24:00.000+05:45,Saturday,49,24
BODS_PH1121126_507_20260601_103.xml,PH1121126:507,BLUS:PH1121126:507:20,BLUS,VJ21,2026-07-21T12:30:00.000+05:45,Monday|Tuesday|Wednesday|Thursday|Friday,16,20
BODS_PH1121126_298_20260830_119.xml,PH1121126:298,BLUS:PH1121126:298:7,BLUS,VJ103,2026-07-21T15:15:00.000+05:45,Saturday,56,7
BODS_PH1121126_199_20260412_113.xml,PH1121126:199,BLUS:PH1121126:199:8,BLUS,VJ35,2026-07-21T10:45:00.000+05:45,Saturday,52,8
BODS_PH1121126_204_20260718_122.xml,PH1121126:204,BLUS:PH1121126:204:1,BLUS,VJ92,2026-07-21T13:40:00.000+05:45,Monday|Tuesday|Wednesday|Thursday|Friday,43,1
BODS_UZ000BLUS_6_20260830_1.xml,UZ000BLUS:6,BLUS:UZ000BLUS:6:6,BLUS,VJ38,2026-07-21T16:57:00.000+05:45,Saturday,20,6
BODS_PH1121126_203_20260830_125.xml,PH1121126:203,BLUS:PH1121126:203:2,BLUS,VJ153,2026-07-21T19:00:00.000+05:45,Saturday,56,2
BODS_PH1121126_195_20260830_124.xml,PH1121126:195,BLUS:PH1121126:195:18,BLUS,VJ428,2026-07-21T21:37:00.000+05:45,Saturday,35,18
BODS_PH1121126_202_20260601_129.xml,PH1121126:202,BLUS:PH1121126:202:3,BLUS,VJ25,2026-07-21T17:20:00.000+05:45,Monday|Tuesday|Wednesday|Thursday|Friday,70,3
BODS_PH1121126_302_20260718_130.xml,PH1121126:302,BLUS:PH1121126:302:17,BLUS,VJ131,2026-07-21T16:27:00.000+05:45,Saturday,54,17
BODS_PH1121126_195_20260830_124.xml,PH1121126:195,BLUS:PH1121126:195:18,BLUS,VJ351,2026-07-21T15:30:00.000+05:45,Saturday,35,18
BODS_PH1121126_504_20260718_116.xml,PH1121126:504,BLUS:PH1121126:504:14,BLUS,VJ105,2026-07-21T10:30:00.000+05:45,Sunday,43,14
BODS_PH1121126_198_20260412_111.xml,PH1121126:198,BLUS:PH1121126:198:9,BLUS,VJ150,2026-07-21T09:00:00.000+05:45,Monday|Tuesday|Wednesday|Thursday|Friday,43,9
BODS_PH1121126_503_20260328_110.xml,PH1121126:503,BLUS:PH1121126:503:13,BLUS,VJ40,2026-07-21T12:33:00.000+05:45,Saturday,21,13
BODS_PH1121126_507_20260830_110.xml,PH1121126:507,BLUS:PH1121126:507:20,BLUS,VJ47,2026-07-21T12:22:00.000+05:45,Sunday,17,20
BODS_PH1121126_203_20260718_123.xml,PH1121126:203,BLUS:PH1121126:203:2,BLUS,VJ117,2026-07-21T15:25:00.000+05:45,Monday|Tuesday|Wednesday|Thursday|Friday,51,2
BODS_PH1121126_507_20260601_103.xml,PH1121126:507,BLUS:PH1121126:507:20,BLUS,VJ188,2026-07-21T14:17:00.000+05:45,Sunday,34,20
BODS_PH1121126_196_20260601_118.xml,PH1121126:196,BLUS:PH1121126:196:16,BLUS,VJ106,2026-07-21T14:55:00.000+05:45,Monday|Tuesday|Wednesday|Thursday|Friday,18,16
BODS_PH1121126_302_20260718_130.xml,PH1121126:302,BLUS:PH1121126:302:N17,BLUS,VJ100,2026-07-21T02:10:00.000+05:45,Monday|Tuesday|Wednesday|Thursday|Friday,56,N17
BODS_PH1121126_507_20260718_108.xml,PH1121126:507,BLUS:PH1121126:507:20,BLUS,VJ101,2026-07-21T16:45:00.000+05:45,Monday|Tuesday|Wednesday|Thursday|Friday,17,20
BODS_PH1121126_302_20260601_125.xml,PH1121126:302,BLUS:PH1121126:302:17,BLUS,VJ358,2026-07-21T12:20:00.000+05:45,Saturday,49,17
BODS_PH1121126_302_20260830_132.xml,PH1121126:302,BLUS:PH1121126:302:17,BLUS,VJ53,2026-07-21T13:12:00.000+05:45,Saturday,54,17
BODS_PH1121126_195_20260830_124.xml,PH1121126:195,BLUS:PH1121126:195:18,BLUS,VJ277,2026-07-21T09:45:00.000+05:45,Saturday,35,18
BODS_PH1121126_196_20260718_123.xml,PH1121126:196,BLUS:PH1121126:196:16,BLUS,VJ212,2026-07-21T20:42:00.000+05:45,Monday|Tuesday|Wednesday|Thursday|Friday,28,16
BODS_PH1121126_298_20260718_117.xml,PH1121126:298,BLUS:PH1121126:298:7,BLUS,VJ135,2026-07-21T18:42:00.000+05:45,Saturday,61,7
BODS_PH1121126_195_20260830_124.xml,PH1121126:195,BLUS:PH1121126:195:N18,BLUS,VJ249,2026-07-21T03:08:00.000+05:45,Monday|Tuesday|Wednesday|Thursday|Friday,29,N18
BODS_PH1121126_471_20260830_123.xml,PH1121126:471,BLUS:PH1121126:471:602,BLUS,VJ1,2026-07-21T07:25:00.000+05:45,Tuesday|Wednesday|Thursday|Friday,13,602
BODS_PH1121126_196_20260718_123.xml,PH1121126:196,BLUS:PH1121126:196:16,BLUS,VJ239,2026-07-21T06:44:00.000+05:45,Monday|Tuesday|Wednesday|Thursday|Friday,28,16
BODS_PH1121126_197_20260412_110.xml,PH1121126:197,BLUS:PH1121126:197:12,BLUS,VJ83,2026-07-21T07:15:00.000+05:45,Monday|Tuesday|Wednesday|Thursday|Friday,22,12
BODS_PH1121126_505_20260601_113.xml,PH1121126:505,BLUS:PH1121126:505:15,BLUS,VJ102,2026-07-21T12:12:00.000+05:45,Monday|Tuesday|Wednesday|Thursday|Friday,32,15
BODS_PH1121126_237_20260830_120.xml,PH1121126:237,BLUS:PH1121126:237:QC,BLUS,VJ15,2026-07-21T17:15:00.000+05:45,Monday|Tuesday|Wednesday|Thursday|Friday,6,QC
BODS_PH1121126_506_20260830_118.xml,PH1121126:506,BLUS:PH1121126:506:19a,BLUS,VJ174,2026-07-21T08:43:00.000+05:45,Monday|Tuesday|Wednesday|Thursday|Friday,49,19a
BODS_PH1121126_298_20260830_119.xml,PH1121126:298,BLUS:PH1121126:298:7,BLUS,VJ122,2026-07-21T16:27:00.000+05:45,Monday|Tuesday|Wednesday|Thursday|Friday,56,7
BODS_PH1121126_203_20260718_123.xml,PH1121126:203,BLUS:PH1121126:203:2,BLUS,VJ110,2026-07-21T18:20:00.000+05:45,Monday|Tuesday|Wednesday|Thursday|Friday,51,2
BODS_PH1121126_302_20260830_132.xml,PH1121126:302,BLUS:PH1121126:302:17,BLUS,VJ240,2026-07-21T18:01:00.000+05:45,Monday|Tuesday|Wednesday|Thursday|Friday,21,17
BODS_PH1121126_204_20260830_124.xml,PH1121126:204,BLUS:PH1121126:204:1,BLUS,VJ183,2026-07-21T18:15:00.000+05:45,Monday|Tuesday|Wednesday|Thursday|Friday,43,1
BODS_PH1121126_507_20260718_108.xml,PH1121126:507,BLUS:PH1121126:507:20,BLUS,VJ122,2026-07-21T23:05:00.000+05:45,Monday|Tuesday|Wednesday|Thursday|Friday,17,20
BODS_PH1121126_420_20260718_121.xml,PH1121126:420,BLUS:PH1121126:420:613,BLUS,VJ11,2026-07-21T14:30:00.000+05:45,Monday|Tuesday|Wednesday|Thursday|Friday,40,613
BODS_PH1121126_204_20260601_117.xml,PH1121126:204,BLUS:PH1121126:204:1,BLUS,VJ82,2026-07-21T12:00:00.000+05:45,Monday|Tuesday|Wednesday|Thursday|Friday,42,1
BODS_PH1121126_195_20260830_124.xml,PH1121126:195,BLUS:PH1121126:195:N18,BLUS,VJ466,2026-07-21T03:35:00.000+05:45,Sunday,35,N18
BODS_PH1121126_503_20260718_117.xml,PH1121126:503,BLUS:PH1121126:503:13,BLUS,VJ101,2026-07-21T08:27:00.000+05:45,Saturday,31,13
BODS_PH1121126_505_20260718_118.xml,PH1121126:505,BLUS:PH1121126:505:15,BLUS,VJ87,2026-07-21T15:50:00.000+05:45,Monday|Tuesday|Wednesday|Thursday|Friday,32,15
BODS_PH1121126_204_20260718_122.xml,PH1121126:204,BLUS:PH1121126:204:1,BLUS,VJ341,2026-07-21T23:20:00.000+05:45,Monday|Tuesday|Wednesday|Thursday|Friday,47,1
BODS_PH1121126_506_20260830_118.xml,PH1121126:506,BLUS:PH1121126:506:19,BLUS,VJ204,2026-07-21T14:00:00.000+05:45,Sunday,52,19
BODS_PH1121126_575_20260531_15.xml,PH1121126:575,BLUS:PH1121126:575:PR1,BLUS,VJ3,2026-07-21T10:40:00.000+05:45,Saturday,3,PR1
BODS_PH1121126_197_20260718_113.xml,PH1121126:197,BLUS:PH1121126:197:12,BLUS,VJ13,2026-07-21T17:10:00.000+05:45,Saturday,22,12
BODS_PH1121126_196_20260601_118.xml,PH1121126:196,BLUS:PH1121126:196:16,BLUS,VJ210,2026-07-21T21:40:00.000+05:45,Saturday,26,16
BODS_PH1121126_507_20260601_103.xml,PH1121126:507,BLUS:PH1121126:507:20,BLUS,VJ102,2026-07-21T17:00:00.000+05:45,Monday|Tuesday|Wednesday|Thursday|Friday,16,20
BODS_PH1121126_571_20260718_15.xml,PH1121126:571,BLUS:PH1121126:571:N2,BLUS,VJ6,2026-07-21T03:35:00.000+05:45,Saturday,36,N2
BODS_PH1121126_203_20260718_123.xml,PH1121126:203,BLUS:PH1121126:203:2,BLUS,VJ82,2026-07-21T10:25:00.000+05:45,Saturday,51,2
BODS_PH1121126_200_20260328_115.xml,PH1121126:200,BLUS:PH1121126:200:5,BLUS,VJ11,2026-07-21T10:13:00.000+05:45,Monday|Tuesday|Wednesday|Thursday|Friday,9,5
BODS_PH1121126_197_20260830_115.xml,PH1121126:197,BLUS:PH1121126:197:12,BLUS,VJ79,2026-07-21T08:36:00.000+05:45,Monday|Tuesday|Wednesday|Thursday|Friday,22,12
BODS_PH1121126_196_20260718_123.xml,PH1121126:196,BLUS:PH1121126:196:16,BLUS,VJ150,2026-07-21T18:10:00.000+05:45,Saturday,28,16
BODS_PH1121126_504_20260830_118.xml,PH1121126:504,BLUS:PH1121126:504:14,BLUS,VJ55,2026-07-21T07:05:00.000+05:45,Monday|Tuesday|Wednesday|Thursday|Friday,31,14
BODS_PH1121126_195_20260830_124.xml,PH1121126:195,BLUS:PH1121126:195:18,BLUS,VJ178,2026-07-21T14:56:00.000+05:45,Monday|Tuesday|Wednesday|Thursday|Friday,55,18
BODS_PH1121126_195_20260718_122.xml,PH1121126:195,BLUS:PH1121126:195:18,BLUS,VJ498,2026-07-21T16:02:00.000+05:45,Sunday,35,18
BODS_PH1121126_506_20260830_118.xml,PH1121126:506,BLUS:PH1121126:506:19,BLUS,VJ12,2026-07-21T10:29:00.000+05:45,Saturday,51,19
BODS_PH1121126_507_20260830_110.xml,PH1121126:507,BLUS:PH1121126:507:20,BLUS,VJ86,2026-07-21T17:30:00.000+05:45,Monday|Tuesday|Wednesday|Thursday|Friday,17,20
BODS_PH1121126_203_20260601_118.xml,PH1121126:203,BLUS:PH1121126:203:2,BLUS,VJ22,2026-07-21T16:25:00.000+05:45,Saturday,50,2
BODS_PH1121126_302_20260718_130.xml,PH1121126:302,BLUS:PH1121126:302:17,BLUS,VJ479,2026-07-21T08:17:00.000+05:45,Sunday,50,17
BODS_PH1121126_198_20260412_111.xml,PH1121126:198,BLUS:PH1121126:198:9,BLUS,VJ128,2026-07-21T13:48:00.000+05:45,Sunday,48,9
BODS_PH1121126_298_20260830_119.xml,PH1121126:298,BLUS:PH1121126:298:7,BLUS,VJ46,2026-07-21T06:13:00.000+05:45,Monday|Tuesday|Wednesday|Thursday|Friday,46,7
BODS_PH1121126_203_20260830_125.xml,PH1121126:203,BLUS:PH1121126:203:2,BLUS,VJ165,2026-07-21T08:32:00.000+05:45,Saturday,38,2
BODS_PH1121126_507_20260718_108.xml,PH1121126:507,BLUS:PH1121126:507:20,BLUS,VJ87,2026-07-21T07:58:00.000+05:45,Saturday,17,20
BODS_PH1121126_195_20260601_117.xml,PH1121126:195,BLUS:PH1121126:195:N18,BLUS,VJ459,2026-07-21T02:35:00.000+05:45,Saturday,34,N18
BODS_PH1121126_197_20260830_115.xml,PH1121126:197,BLUS:PH1121126:197:11,BLUS,VJ263,2026-07-21T16:24:00.000+05:45,Saturday,32,11
BODS_PH1121126_195_20260718_122.xml,PH1121126:195,BLUS:PH1121126:195:18,BLUS,VJ497,2026-07-21T15:47:00.000+05:45,Sunday,35,18
BODS_PH1121126_302_20260601_125.xml,PH1121126:302,BLUS:PH1121126:302:17,BLUS,VJ210,2026-07-21T16:58:00.000+05:45,Monday|Tuesday|Wednesday|Thursday|Friday,53,17
BODS_PH1121126_505_20260830_120.xml,PH1121126:505,BLUS:PH1121126:505:15,BLUS,VJ18,2026-07-21T12:25:00.000+05:45,Saturday,35,15
BODS_PH1121126_196_20260718_123.xml,PH1121126:196,BLUS:PH1121126:196:16,BLUS,VJ102,2026-07-21T08:20:00.000+05:45,Saturday,18,16
BODS_PH1121126_195_20260601_117.xml,PH1121126:195,BLUS:PH1121126:195:18,BLUS,VJ71,2026-07-21T11:53:00.000+05:45,Saturday,54,18
BODS_PH1121126_195_20260830_124.xml,PH1121126:195,BLUS:PH1121126:195:18,BLUS,VJ334,2026-07-21T07:24:00.000+05:45,Monday|Tuesday|Wednesday|Thursday|Friday,35,18
BODS_PH1121126_237_20260830_120.xml,PH1121126:237,BLUS:PH1121126:237:QC,BLUS,VJ18,2026-07-21T07:45:00.000+05:45,Saturday,6,QC
BODS_PH1121126_574_20260830_14.xml,PH1121126:574,BLUS:PH1121126:574:28A,BLUS,VJ8,2026-07-21T17:10:00.000+05:45,Monday|Tuesday|Wednesday|Thursday|Friday,27,28A
BODS_PH1121126_197_20260830_115.xml,PH1121126:197,BLUS:PH1121126:197:11,BLUS,VJ254,2026-07-21T11:54:00.000+05:45,Saturday,32,11
BODS_UZ000BLUS_6_20260830_1.xml,UZ000BLUS:6,BLUS:UZ000BLUS:6:6,BLUS,VJ112,2026-07-21T21:05:00.000+05:45,Saturday,27,6
BODS_PH1121126_195_20260601_117.xml,PH1121126:195,BLUS:PH1121126:195:18,BLUS,VJ443,2026-07-21T20:37:00.000+05:45,Monday|Tuesday|Wednesday|Thursday|Friday,34,18
BODS_PH1121126_539_20260830_82.xml,PH1121126:539,BLUS:PH1121126:539:624,BLUS,VJ6,2026-07-21T16:10:00.000+05:45,Monday|Tuesday|Wednesday|Thursday|Friday,37,624
BODS_PH1121126_575_20260531_15.xml,PH1121126:575,BLUS:PH1121126:575:PR1,BLUS,VJ75,2026-07-21T12:30:00.000+05:45,Saturday,2,PR1
BODS_PH1121126_302_20260601_125.xml,PH1121126:302,BLUS:PH1121126:302:17,BLUS,VJ472,2026-07-21T08:48:00.000+05:45,Monday|Tuesday|Wednesday|Thursday|Friday,49,17
BODS_PH1121126_201_20260601_113.xml,PH1121126:201,BLUS:PH1121126:201:4,BLUS,VJ17,2026-07-21T11:25:00.000+05:45,Saturday,47,4
BODS_PH1121126_507_20260601_103.xml,PH1121126:507,BLUS:PH1121126:507:20,BLUS,VJ122,2026-07-21T23:05:00.000+05:45,Monday|Tuesday|Wednesday|Thursday|Friday,16,20
BODS_PH1121126_204_20260601_117.xml,PH1121126:204,BLUS:PH1121126:204:1,BLUS,VJ98,2026-07-21T11:20:00.000+05:45,Sunday,42,1
BODS_PH1121126_298_20260830_119.xml,PH1121126:298,BLUS:PH1121126:298:7,BLUS,VJ123,2026-07-21T16:57:00.000+05:45,Monday|Tuesday|Wednesday|Thursday|Friday,56,7
BODS_PH1121126_203_20260718_123.xml,PH1121126:203,BLUS:PH1121126:203:2,BLUS,VJ311,2026-07-21T15:10:00.000+05:45,Monday|Tuesday|Wednesday|Thursday|Friday,21,2
BODS_PH1121126_507_20260718_108.xml,PH1121126:507,BLUS:PH1121126:507:20,BLUS,VJ155,2026-07-21T07:17:00.000+05:45,Monday|Tuesday|Wednesday|Thursday|Friday,17,20
BODS_PH1121126_196_20260830_125.xml,PH1121126:196,BLUS:PH1121126:196:16,BLUS,VJ64,2026-07-21T16:10:00.000+05:45,Monday|Tuesday|Wednesday|Thursday|Friday,18,16
BODS_PH1121126_201_20260601_113.xml,PH1121126:201,BLUS:PH1121126:201:4,BLUS,VJ114,2026-07-21T17:20:00.000+05:45,Sunday,48,4
BODS_PH1121126_528_20260328_79.xml,PH1121126:528,BLUS:PH1121126:528:23,BLUS,VJ5,2026-07-21T12:45:00.000+05:45,Monday|Tuesday|Wednesday|Thursday|Friday,15,23
BODS_PH1121126_562_20260601_20.xml,PH1121126:562,BLUS:PH1121126:562:21,BLUS,VJ7,2026-07-21T10:05:00.000+05:45,Monday|Tuesday|Wednesday|Thursday|Friday,50,21
BODS_PH1121126_336_20260412_110.xml,PH1121126:336,BLUS:PH1121126:336:H2,BLUS,VJ7,2026-07-21T13:45:00.000+05:45,Tuesday|Wednesday|Friday,49,H2
BODS_PH1121126_507_20260718_108.xml,PH1121126:507,BLUS:PH1121126:507:20,BLUS,VJ251,2026-07-21T17:12:00.000+05:45,Monday|Tuesday|Wednesday|Thursday|Friday,35,20
BODS_PH1121126_198_20260412_111.xml,PH1121126:198,BLUS:PH1121126:198:9,BLUS,VJ54,2026-07-21T10:10:00.000+05:45,Saturday,42,9
BODS_PH1121126_197_20260412_110.xml,PH1121126:197,BLUS:PH1121126:197:11,BLUS,VJ140,2026-07-21T07:54:00.000+05:45,Monday|Tuesday|Wednesday|Thursday|Friday,20,11
BODS_PH1121126_506_20260830_118.xml,PH1121126:506,BLUS:PH1121126:506:19a,BLUS,VJ312,2026-07-21T14:58:00.000+05:45,Monday|Tuesday|Wednesday|Thursday|Friday,51,19a
BODS_PH1121126_195_20260601_117.xml,PH1121126:195,BLUS:PH1121126:195:18,BLUS,VJ437,2026-07-21T08:10:00.000+05:45,Saturday,34,18
BODS_PH1121126_201_20260718_118.xml,PH1121126:201,BLUS:PH1121126:201:4,BLUS,VJ84,2026-07-21T12:02:00.000+05:45,Monday|Tuesday|Wednesday|Thursday|Friday,48,4
BODS_PH1121126_203_20260718_123.xml,PH1121126:203,BLUS:PH1121126:203:2,BLUS,VJ115,2026-07-21T05:30:00.000+05:45,Monday|Tuesday|Wednesday|Thursday|Friday,51,2
BODS_PH1121126_506_20260718_116.xml,PH1121126:506,BLUS:PH1121126:506:19,BLUS,VJ214,2026-07-21T14:40:00.000+05:45,Monday|Tuesday|Wednesday|Thursday|Friday,52,19
BODS_PH1121126_195_20260601_117.xml,PH1121126:195,BLUS:PH1121126:195:18,BLUS,VJ329,2026-07-21T13:05:00.000+05:45,Monday|Tuesday|Wednesday|Thursday|Friday,34,18
BODS_PH1121126_199_20260412_113.xml,PH1121126:199,BLUS:PH1121126:199:8,BLUS,VJ48,2026-07-21T09:27:00.000+05:45,Sunday,52,8
BODS_PH1121126_502_20260718_110.xml,PH1121126:502,BLUS:PH1121126:502:10,BLUS,VJ33,2026-07-21T09:37:00.000+05:45,Saturday,36,10
BODS_PH1121126_507_20260718_108.xml,PH1121126:507,BLUS:PH1121126:507:20,BLUS,VJ297,2026-07-21T10:25:00.000+05:45,Saturday,35,20
BODS_PH1121126_575_20260718_18.xml,PH1121126:575,BLUS:PH1121126:575:PR2,BLUS,VJ79,2026-07-21T12:40:00.000+05:45,Monday|Tuesday|Wednesday|Thursday|Friday|Saturday|Sunday,1,PR2
BODS_PH1121126_201_20260830_120.xml,PH1121126:201,BLUS:PH1121126:201:4,BLUS,VJ65,2026-07-21T18:45:00.000+05:45,Monday|Tuesday|Wednesday|Thursday|Friday,48,4
BODS_PH1121126_204_20260830_124.xml,PH1121126:204,BLUS:PH1121126:204:1,BLUS,VJ116,2026-07-21T17:40:00.000+05:45,Sunday,43,1
BODS_PH1121126_302_20260601_125.xml,PH1121126:302,BLUS:PH1121126:302:17,BLUS,VJ388,2026-07-21T05:35:00.000+05:45,Saturday,49,17
BODS_PH1121126_505_20260830_120.xml,PH1121126:505,BLUS:PH1121126:505:15,BLUS,VJ17,2026-07-21T11:55:00.000+05:45,Saturday,35,15
BODS_PH1121126_195_20260830_124.xml,PH1121126:195,BLUS:PH1121126:195:18,BLUS,VJ103,2026-07-21T17:37:00.000+05:45,Saturday,55,18
BODS_PH1121126_197_20260718_113.xml,PH1121126:197,BLUS:PH1121126:197:11,BLUS,VJ139,2026-07-21T21:55:00.000+05:45,Saturday,20,11
BODS_PH1121126_504_20260830_118.xml,PH1121126:504,BLUS:PH1121126:504:14,BLUS,VJ25,2026-07-21T15:25:00.000+05:45,Saturday,31,14
BODS_PH1121126_198_20260718_114.xml,PH1121126:198,BLUS:PH1121126:198:9,BLUS,VJ50,2026-07-21T14:40:00.000+05:45,Monday|Tuesday|Wednesday|Thursday|Friday,42,9
BODS_PH1121126_195_20260601_117.xml,PH1121126:195,BLUS:PH1121126:195:18,BLUS,VJ92,2026-07-21T15:47:00.000+05:45,Saturday,54,18
BODS_PH1121126_195_20260718_122.xml,PH1121126:195,BLUS:PH1121126:195:18,BLUS,VJ451,2026-07-21T17:00:00.000+05:45,Monday|Tuesday|Wednesday|Thursday|Friday,49,18
BODS_PH1121126_195_20260830_124.xml,PH1121126:195,BLUS:PH1121126:195:18,BLUS,VJ180,2026-07-21T15:16:00.000+05:45,Monday|Tuesday|Wednesday|Thursday|Friday,55,18
BODS_PH1121126_503_20260328_110.xml,PH1121126:503,BLUS:PH1121126:503:13,BLUS,VJ72,2026-07-21T10:27:00.000+05:45,Monday|Tuesday|Wednesday|Thursday|Friday,31,13
BODS_UZ000BLUS_26_20260830_1.xml,UZ000BLUS:26,BLUS:UZ000BLUS:26:26,BLUS,VJ21,2026-07-21T21:10:00.000+05:45,Saturday,41,26
BODS_PH1121126_302_20260830_132.xml,PH1121126:302,BLUS:PH1121126:302:N17,BLUS,VJ491,2026-07-21T01:10:00.000+05:45,Sunday,54,N17
BODS_PH1121126_198_20260830_116.xml,PH1121126:198,BLUS:PH1121126:198:9,BLUS,VJ125,2026-07-21T13:49:00.000+05:45,Saturday,48,9
BODS_PH1121126_506_20260718_116.xml,PH1121126:506,BLUS:PH1121126:506:19a,BLUS,VJ286,2026-07-21T12:53:00.000+05:45,Saturday,51,19a
BODS_PH1121126_195_20260830_124.xml,PH1121126:195,BLUS:PH1121126:195:18,BLUS,VJ126,2026-07-21T19:27:00.000+05:45,Monday|Tuesday|Wednesday|Thursday|Friday,55,18
BODS_PH1121126_237_20260718_118.xml,PH1121126:237,BLUS:PH1121126:237:QC,BLUS,VJ21,2026-07-21T09:30:00.000+05:45,Saturday,6,QC
BODS_PH1121126_298_20260830_119.xml,PH1121126:298,BLUS:PH1121126:298:7,BLUS,VJ13,2026-07-21T09:08:00.000+05:45,Saturday,46,7
BODS_PH1121126_202_20260601_129.xml,PH1121126:202,BLUS:PH1121126:202:3,BLUS,VJ42,2026-07-21T11:00:00.000+05:45,Sunday,68,3
BODS_PH1121126_503_20260830_119.xml,PH1121126:503,BLUS:PH1121126:503:13,BLUS,VJ86,2026-07-21T16:36:00.000+05:45,Saturday,31,13
BODS_PH1121126_203_20260601_118.xml,PH1121126:203,BLUS:PH1121126:203:2,BLUS,VJ267,2026-07-21T16:54:00.000+05:45,Monday|Tuesday|Wednesday|Thursday|Friday,60,2
BODS_PH1121126_197_20260412_110.xml,PH1121126:197,BLUS:PH1121126:197:11,BLUS,VJ275,2026-07-21T12:37:00.000+05:45,Monday|Tuesday|Wednesday|Thursday|Friday,32,11
BODS_PH1121126_204_20260601_117.xml,PH1121126:204,BLUS:PH1121126:204:1,BLUS,VJ88,2026-07-21T13:00:00.000+05:45,Monday|Tuesday|Wednesday|Thursday|Friday,42,1
BODS_PH1121126_195_20260718_122.xml,PH1121126:195,BLUS:PH1121126:195:18,BLUS,VJ18,2026-07-21T13:13:00.000+05:45,Sunday,55,18
BODS_PH1121126_302_20260830_132.xml,PH1121126:302,BLUS:PH1121126:302:17,BLUS,VJ48,2026-07-21T12:22:00.000+05:45,Saturday,54,17
BODS_PH1121126_204_20260601_117.xml,PH1121126:204,BLUS:PH1121126:204:1,BLUS,VJ367,2026-07-21T20:10:00.000+05:45,Sunday,46,1
BODS_PH1121126_506_20260830_118.xml,PH1121126:506,BLUS:PH1121126:506:19,BLUS,VJ279,2026-07-21T18:25:00.000+05:45,Monday|Tuesday|Wednesday|Thursday|Friday,52,19
BODS_PH1121126_195_20260830_124.xml,PH1121126:195,BLUS:PH1121126:195:18,BLUS,VJ141,2026-07-21T07:52:00.000+05:45,Monday|Tuesday|Wednesday|Thursday|Friday,55,18
BODS_PH1121126_204_20260830_124.xml,PH1121126:204,BLUS:PH1121126:204:1,BLUS,VJ383,2026-07-21T18:35:00.000+05:45,Saturday,47,1
BODS_PH1121126_507_20260830_110.xml,PH1121126:507,BLUS:PH1121126:507:20,BLUS,VJ108,2026-07-21T06:50:00.000+05:45,Monday|Tuesday|Wednesday|Thursday|Friday,17,20
BODS_PH1121126_201_20260718_118.xml,PH1121126:201,BLUS:PH1121126:201:4,BLUS,VJ44,2026-07-21T06:05:00.000+05:45,Saturday,48,4
BODS_PH1121126_198_20260718_114.xml,PH1121126:198,BLUS:PH1121126:198:9,BLUS,VJ209,2026-07-21T13:23:00.000+05:45,Sunday,43,9
BODS_PH1121126_203_20260830_125.xml,PH1121126:203,BLUS:PH1121126:203:2,BLUS,VJ128,2026-07-21T17:40:00.000+05:45,Monday|Tuesday|Wednesday|Thursday|Friday,51,2
BODS_PH1121126_201_20260830_120.xml,PH1121126:201,BLUS:PH1121126:201:4,BLUS,VJ21,2026-07-21T13:25:00.000+05:45,Saturday,48,4
BODS_PH1121126_195_20260830_124.xml,PH1121126:195,BLUS:PH1121126:195:18,BLUS,VJ376,2026-07-21T07:25:00.000+05:45,Saturday,35,18
BODS_PH1121126_506_20260601_111.xml,PH1121126:506,BLUS:PH1121126:506:19a,BLUS,VJ101,2026-07-21T20:47:00.000+05:45,Monday|Tuesday|Wednesday|Thursday|Friday,47,19a
BODS_PH1121126_195_20260830_124.xml,PH1121126:195,BLUS:PH1121126:195:18,BLUS,VJ17,2026-07-21T12:58:00.000+05:45,Sunday,55,18
BODS_PH1121126_503_20260830_119.xml,PH1121126:503,BLUS:PH1121126:503:13,BLUS,VJ118,2026-07-21T20:37:00.000+05:45,Saturday,31,13
BODS_PH1121126_507_20260601_103.xml,PH1121126:507,BLUS:PH1121126:507:20,BLUS,VJ259,2026-07-21T16:14:00.000+05:45,Monday|Tuesday|Wednesday|Thursday|Friday,34,20
BODS_PH1121126_561_20260830_25.xml,PH1121126:561,BLUS:PH1121126:561:22,BLUS,VJ4,2026-07-21T13:10:00.000+05:45,Tuesday|Thursday,27,22
BODS_PH1121126_203_20260830_125.xml,PH1121126:203,BLUS:PH1121126:203:2,BLUS,VJ299,2026-07-21T15:14:00.000+05:45,Monday|Tuesday|Wednesday|Thursday|Friday,61,2
BODS_PH1121126_197_20260412_110.xml,PH1121126:197,BLUS:PH1121126:197:12,BLUS,VJ169,2026-07-21T14:40:00.000+05:45,Saturday,33,12
BODS_PH1121126_204_20260830_124.xml,PH1121126:204,BLUS:PH1121126:204:1,BLUS,VJ23,2026-07-21T11:00:00.000+05:45,Saturday,43,1
BODS_PH1121126_507_20260830_110.xml,PH1121126:507,BLUS:PH1121126:507:20,BLUS,VJ192,2026-07-21T16:17:00.000+05:45,Sunday,35,20
BODS_PH1121126_571_20260830_17.xml,PH1121126:571,BLUS:PH1121126:571:N2,BLUS,VJ6,2026-07-21T03:35:00.000+05:45,Saturday,36,N2
BODS_PH1121126_202_20260830_136.xml,PH1121126:202,BLUS:PH1121126:202:3,BLUS,VJ25,2026-07-21T20:10:00.000+05:45,Monday|Tuesday|Wednesday|Thursday|Friday,67,3
BODS_PH1121126_506_20260830_118.xml,PH1121126:506,BLUS:PH1121126:506:19a,BLUS,VJ340,2026-07-21T06:25:00.000+05:45,Monday|Tuesday|Wednesday|Thursday|Friday,51,19a
BODS_PH1121126_196_20260718_123.xml,PH1121126:196,BLUS:PH1121126:196:16,BLUS,VJ15,2026-07-21T10:25:00.000+05:45,Monday|Tuesday|Wednesday|Thursday|Friday,18,16
BODS_PH1121126_505_20260830_120.xml,PH1121126:505,BLUS:PH1121126:505:15,BLUS,VJ123,2026-07-21T16:22:00.000+05:45,Monday|Tuesday|Wednesday|Thursday|Friday,32,15
BODS_PH1121126_563_20260830_22.xml,PH1121126:563,BLUS:PH1121126:563:61,BLUS,VJ8,2026-07-21T13:05:00.000+05:45,Saturday,26,61
BODS_PH1121126_198_20260718_114.xml,PH1121126:198,BLUS:PH1121126:198:9,BLUS,VJ112,2026-07-21T06:25:00.000+05:45,Monday|Tuesday|Wednesday|Thursday|Friday,52,9
BODS_PH1121126_468_20260328_107.xml,PH1121126:468,BLUS:PH1121126:468:504,BLUS,VJ2,2026-07-21T15:20:00.000+05:45,Monday|Tuesday|Wednesday|Thursday|Friday,11,504
BODS_PH1121126_196_20260718_123.xml,PH1121126:196,BLUS:PH1121126:196:16,BLUS,VJ25,2026-07-21T12:55:00.000+05:45,Monday|Tuesday|Wednesday|Thursday|Friday,18,16
BODS_PH1121126_302_20260601_125.xml,PH1121126:302,BLUS:PH1121126:302:17,BLUS,VJ106,2026-07-21T10:35:00.000+05:45,Saturday,53,17
BODS_PH1121126_546_20260718_81.xml,PH1121126:546,BLUS:PH1121126:546:618,BLUS,VJ1,2026-07-21T07:15:00.000+05:45,Tuesday|Wednesday|Thursday|Friday,20,618
BODS_PH1121126_504_20260718_116.xml,PH1121126:504,BLUS:PH1121126:504:14,BLUS,VJ31,2026-07-21T20:30:00.000+05:45,Monday|Tuesday|Wednesday|Thursday|Friday,31,14
BODS_PH1121126_195_20260601_117.xml,PH1121126:195,BLUS:PH1121126:195:18,BLUS,VJ26,2026-07-21T15:13:00.000+05:45,Sunday,54,18
BODS_PH1121126_202_20260601_129.xml,PH1121126:202,BLUS:PH1121126:202:3,BLUS,VJ23,2026-07-21T14:55:00.000+05:45,Monday|Tuesday|Wednesday|Thursday|Friday,70,3
BODS_PH1121126_201_20260718_118.xml,PH1121126:201,BLUS:PH1121126:201:4,BLUS,VJ4,2026-07-21T09:55:00.000+05:45,Monday|Tuesday|Wednesday|Thursday|Friday,48,4
BODS_PH1121126_198_20260412_111.xml,PH1121126:198,BLUS:PH1121126:198:9,BLUS,VJ59,2026-07-21T13:40:00.000+05:45,Sunday,47,9
BODS_PH1121126_204_20260830_124.xml,PH1121126:204,BLUS:PH1121126:204:1,BLUS,VJ293,2026-07-21T12:00:00.000+05:45,Monday|Tuesday|Wednesday|Thursday|Friday,47,1
BODS_PH1121126_204_20260718_122.xml,PH1121126:204,BLUS:PH1121126:204:1,BLUS,VJ28,2026-07-21T11:50:00.000+05:45,Saturday,43,1
BODS_PH1121126_204_20260830_124.xml,PH1121126:204,BLUS:PH1121126:204:1,BLUS,VJ259,2026-07-21T15:40:00.000+05:45,Saturday,47,1
BODS_PH1121126_197_20260412_110.xml,PH1121126:197,BLUS:PH1121126:197:12,BLUS,VJ1,2026-07-21T11:10:00.000+05:45,Saturday,22,12
BODS_PH1121126_203_20260601_118.xml,PH1121126:203,BLUS:PH1121126:203:2,BLUS,VJ68,2026-07-21T20:50:00.000+05:45,Monday|Tuesday|Wednesday|Thursday|Friday,50,2
BODS_PH1121126_503_20260830_119.xml,PH1121126:503,BLUS:PH1121126:503:13,BLUS,VJ3,2026-07-21T09:40:00.000+05:45,Saturday,21,13
BODS_PH1121126_204_20260718_122.xml,PH1121126:204,BLUS:PH1121126:204:1,BLUS,VJ238,2026-07-21T12:10:00.000+05:45,Saturday,47,1
BODS_PH1121126_528_20260718_82.xml,PH1121126:528,BLUS:PH1121126:528:23,BLUS,VJ4,2026-07-21T11:45:00.000+05:45,Monday|Tuesday|Wednesday|Thursday|Friday,15,23
BODS_PH1121126_195_20260601_117.xml,PH1121126:195,BLUS:PH1121126:195:18,BLUS,VJ27,2026-07-21T15:28:00.000+05:45,Sunday,54,18
BODS_PH1121126_541_20260830_83.xml,PH1121126:541,BLUS:PH1121126:541:631,BLUS,VJ10,2026-07-21T16:15:00.000+05:45,Monday|Tuesday|Wednesday|Thursday|Friday,31,631
BODS_PH1121126_195_20260718_122.xml,PH1121126:195,BLUS:PH1121126:195:18,BLUS,VJ523,2026-07-21T23:35:00.000+05:45,Sunday,35,18
BODS_PH1121126_204_20260718_122.xml,PH1121126:204,BLUS:PH1121126:204:1,BLUS,VJ142,2026-07-21T17:00:00.000+05:45,Monday|Tuesday|Wednesday|Thursday|Friday,43,1
BODS_PH1121126_507_20260601_103.xml,PH1121126:507,BLUS:PH1121126:507:20,BLUS,VJ167,2026-07-21T11:40:00.000+05:45,Monday|Tuesday|Wednesday|Thursday|Friday,34,20
BODS_UZ000BLUS_26_20260830_1.xml,UZ000BLUS:26,BLUS:UZ000BLUS:26:26,BLUS,VJ62,2026-07-21T17:20:00.000+05:45,Saturday,40,26
BODS_PH1121126_575_20260718_18.xml,PH1121126:575,BLUS:PH1121126:575:PR2,BLUS,VJ162,2026-07-21T18:10:00.000+05:45,Monday|Tuesday|Wednesday|Thursday|Friday|Saturday|Sunday,1,PR2
BODS_PH1121126_197_20260830_115.xml,PH1121126:197,BLUS:PH1121126:197:12,BLUS,VJ22,2026-07-21T11:00:00.000+05:45,Monday|Tuesday|Wednesday|Thursday|Friday,22,12
BODS_PH1121126_201_20260601_113.xml,PH1121126:201,BLUS:PH1121126:201:4,BLUS,VJ136,2026-07-21T07:40:00.000+05:45,Monday|Tuesday|Wednesday|Thursday|Friday,48,4
BODS_PH1121126_195_20260718_122.xml,PH1121126:195,BLUS:PH1121126:195:18,BLUS,VJ71,2026-07-21T11:53:00.000+05:45,Saturday,55,18
BODS_PH1121126_504_20260830_118.xml,PH1121126:504,BLUS:PH1121126:504:14,BLUS,VJ102,2026-07-21T17:33:00.000+05:45,Saturday,43,14
BODS_PH1121126_507_20260601_103.xml,PH1121126:507,BLUS:PH1121126:507:20,BLUS,VJ145,2026-07-21T09:22:00.000+05:45,Sunday,16,20
BODS_PH1121126_203_20260601_118.xml,PH1121126:203,BLUS:PH1121126:203:2,BLUS,VJ249,2026-07-21T08:40:00.000+05:45,Sunday,60,2
BODS_PH1121126_506_20260601_111.xml,PH1121126:506,BLUS:PH1121126:506:19a,BLUS,VJ348,2026-07-21T22:25:00.000+05:45,Saturday,50,19a
BODS_PH1121126_336_20260830_115.xml,PH1121126:336,BLUS:PH1121126:336:H1,BLUS,VJ3,2026-07-21T13:00:00.000+05:45,Tuesday|Wednesday|Friday,53,H1
BODS_PH1121126_503_20260718_117.xml,PH1121126:503,BLUS:PH1121126:503:13,BLUS,VJ90,2026-07-21T15:30:00.000+05:45,Monday|Tuesday|Wednesday|Thursday|Friday,31,13
BODS_PH1121126_302_20260718_130.xml,PH1121126:302,BLUS:PH1121126:302:17,BLUS,VJ357,2026-07-21T14:20:00.000+05:45,Saturday,50,17
BODS_PH1121126_195_20260601_117.xml,PH1121126:195,BLUS:PH1121126:195:18,BLUS,VJ429,2026-07-21T21:37:00.000+05:45,Saturday,34,18
BODS_PH1121126_195_20260601_117.xml,PH1121126:195,BLUS:PH1121126:195:18,BLUS,VJ177,2026-07-21T20:17:00.000+05:45,Sunday,54,18
BODS_PH1121126_204_20260601_117.xml,PH1121126:204,BLUS:PH1121126:204:1,BLUS,VJ150,2026-07-21T05:55:00.000+05:45,Saturday,42,1
BODS_PH1121126_195_20260830_124.xml,PH1121126:195,BLUS:PH1121126:195:18,BLUS,VJ508,2026-07-21T19:30:00.000+05:45,Sunday,35,18
BODS_PH1121126_562_20260830_27.xml,PH1121126:562,BLUS:PH1121126:562:21,BLUS,VJ9,2026-07-21T12:16:00.000+05:45,Monday|Tuesday|Wednesday|Thursday|Friday,49,21
BODS_PH1121126_504_20260718_116.xml,PH1121126:504,BLUS:PH1121126:504:14,BLUS,VJ2,2026-07-21T09:25:00.000+05:45,Monday|Tuesday|Wednesday|Thursday|Friday,31,14
BODS_PH1121126_203_20260601_118.xml,PH1121126:203,BLUS:PH1121126:203:2,BLUS,VJ202,2026-07-21T15:15:00.000+05:45,Saturday,60,2
BODS_PH1121126_204_20260718_122.xml,PH1121126:204,BLUS:PH1121126:204:1,BLUS,VJ395,2026-07-21T19:25:00.000+05:45,Saturday,47,1
BODS_PH1121126_302_20260830_132.xml,PH1121126:302,BLUS:PH1121126:302:17,BLUS,VJ87,2026-07-21T09:55:00.000+05:45,Saturday,54,17
BODS_PH1121126_197_20260830_115.xml,PH1121126:197,BLUS:PH1121126:197:11,BLUS,VJ145,2026-07-21T08:05:00.000+05:45,Saturday,20,11
BODS_PH1121126_506_20260718_116.xml,PH1121126:506,BLUS:PH1121126:506:19a,BLUS,VJ362,2026-07-21T18:38:00.000+05:45,Sunday,50,19a
BODS_PH1121126_195_20260830_124.xml,PH1121126:195,BLUS:PH1121126:195:18,BLUS,VJ86,2026-07-21T14:52:00.000+05:45,Saturday,55,18
BODS_PH1121126_195_20260830_124.xml,PH1121126:195,BLUS:PH1121126:195:18,BLUS,VJ275,2026-07-21T09:25:00.000+05:45,Saturday,35,18
BODS_PH1121126_204_20260718_122.xml,PH1121126:204,BLUS:PH1121126:204:1,BLUS,VJ316,2026-07-21T13:25:00.000+05:45,Sunday,47,1
BODS_PH1121126_505_20260718_118.xml,PH1121126:505,BLUS:PH1121126:505:15,BLUS,VJ80,2026-07-21T11:42:00.000+05:45,Monday|Tuesday|Wednesday|Thursday|Friday,32,15
BODS_PH1121126_237_20260718_118.xml,PH1121126:237,BLUS:PH1121126:237:QC,BLUS,VJ30,2026-07-21T14:55:00.000+05:45,Saturday,6,QC
BODS_PH1121126_506_20260601_111.xml,PH1121126:506,BLUS:PH1121126:506:19,BLUS,VJ235,2026-07-21T17:37:00.000+05:45,Saturday,51,19
BODS_PH1121126_199_20260718_116.xml,PH1121126:199,BLUS:PH1121126:199:8,BLUS,VJ34,2026-07-21T09:45:00.000+05:45,Saturday,52,8
BODS_PH1121126_195_20260718_122.xml,PH1121126:195,BLUS:PH1121126:195:18,BLUS,VJ334,2026-07-21T07:24:00.000+05:45,Monday|Tuesday|Wednesday|Thursday|Friday,35,18
BODS_PH1121126_195_20260601_117.xml,PH1121126:195,BLUS:PH1121126:195:18,BLUS,VJ527,2026-07-21T00:35:00.000+05:45,Sunday,34,18
BODS_PH1121126_185_20260328_109.xml,PH1121126:185,BLUS:PH1121126:185:35,BLUS,VJ1,2026-07-21T14:05:00.000+05:45,Monday|Tuesday|Wednesday|Thursday|Friday,27,35
BODS_PH1121126_237_20260830_120.xml,PH1121126:237,BLUS:PH1121126:237:QC,BLUS,VJ66,2026-07-21T09:15:00.000+05:45,Saturday,6,QC
BODS_PH1121126_197_20260830_115.xml,PH1121126:197,BLUS:PH1121126:197:11,BLUS,VJ123,2026-07-21T16:00:00.000+05:45,Monday|Tuesday|Wednesday|Thursday|Friday,20,11
BODS_PH1121126_298_20260830_119.xml,PH1121126:298,BLUS:PH1121126:298:7,BLUS,VJ125,2026-07-21T17:45:00.000+05:45,Saturday,56,7
BODS_PH1121126_196_20260830_125.xml,PH1121126:196,BLUS:PH1121126:196:16,BLUS,VJ49,2026-07-21T08:02:00.000+05:45,Saturday,36,16
BODS_PH1121126_302_20260601_125.xml,PH1121126:302,BLUS:PH1121126:302:17,BLUS,VJ126,2026-07-21T08:10:00.000+05:45,Monday|Tuesday|Wednesday|Thursday|Friday,53,17
BODS_PH1121126_302_20260830_132.xml,PH1121126:302,BLUS:PH1121126:302:17,BLUS,VJ63,2026-07-21T15:47:00.000+05:45,Saturday,54,17
BODS_PH1121126_196_20260718_123.xml,PH1121126:196,BLUS:PH1121126:196:16,BLUS,VJ158,2026-07-21T10:14:00.000+05:45,Monday|Tuesday|Wednesday|Thursday|Friday,28,16
BODS_PH1121126_417_20260830_122.xml,PH1121126:417,BLUS:PH1121126:417:621,BLUS,VJ3,2026-07-21T16:10:00.000+05:45,Monday|Tuesday|Wednesday|Thursday|Friday,32,621
BODS_PH1121126_202_20260830_136.xml,PH1121126:202,BLUS:PH1121126:202:3,BLUS,VJ3,2026-07-21T10:55:00.000+05:45,Saturday,67,3
BODS_PH1121126_298_20260601_111.xml,PH1121126:298,BLUS:PH1121126:298:7,BLUS,VJ80,2026-07-21T09:12:00.000+05:45,Saturday,60,7
BODS_PH1121126_198_20260830_116.xml,PH1121126:198,BLUS:PH1121126:198:9,BLUS,VJ148,2026-07-21T11:02:00.000+05:45,Monday|Tuesday|Wednesday|Thursday|Friday,43,9
BODS_PH1121126_201_20260830_120.xml,PH1121126:201,BLUS:PH1121126:201:4,BLUS,VJ102,2026-07-21T15:32:00.000+05:45,Saturday,48,4
BODS_PH1121126_504_20260718_116.xml,PH1121126:504,BLUS:PH1121126:504:14,BLUS,VJ133,2026-07-21T08:10:00.000+05:45,Saturday,43,14
BODS_PH1121126_298_20260830_119.xml,PH1121126:298,BLUS:PH1121126:298:7,BLUS,VJ117,2026-07-21T13:45:00.000+05:45,Monday|Tuesday|Wednesday|Thursday|Friday,56,7
BODS_PH1121126_575_20260531_15.xml,PH1121126:575,BLUS:PH1121126:575:PR1,BLUS,VJ69,2026-07-21T10:30:00.000+05:45,Saturday,2,PR1
BODS_PH1121126_503_20260328_110.xml,PH1121126:503,BLUS:PH1121126:503:13,BLUS,VJ22,2026-07-21T18:30:00.000+05:45,Monday|Tuesday|Wednesday|Thursday|Friday,21,13
BODS_PH1121126_506_20260830_118.xml,PH1121126:506,BLUS:PH1121126:506:19a,BLUS,VJ343,2026-07-21T09:37:00.000+05:45,Sunday,51,19a
BODS_PH1121126_197_20260412_110.xml,PH1121126:197,BLUS:PH1121126:197:12,BLUS,VJ31,2026-07-21T20:25:00.000+05:45,Monday|Tuesday|Wednesday|Thursday|Friday,22,12
BODS_PH1121126_302_20260718_130.xml,PH1121126:302,BLUS:PH1121126:302:17,BLUS,VJ228,2026-07-21T08:15:00.000+05:45,Sunday,54,17
BODS_PH1121126_302_20260718_130.xml,PH1121126:302,BLUS:PH1121126:302:17,BLUS,VJ353,2026-07-21T04:25:00.000+05:45,Saturday,48,17
BODS_PH1121126_204_20260601_117.xml,PH1121126:204,BLUS:PH1121126:204:1,BLUS,VJ266,2026-07-21T16:50:00.000+05:45,Saturday,46,1
BODS_PH1121126_419_20260328_119.xml,PH1121126:419,BLUS:PH1121126:419:623,BLUS,VJ1,2026-07-21T07:20:00.000+05:45,Tuesday|Wednesday|Thursday|Friday,47,623
BODS_PH1121126_302_20260718_130.xml,PH1121126:302,BLUS:PH1121126:302:17,BLUS,VJ115,2026-07-21T12:52:00.000+05:45,Saturday,54,17
BODS_PH1121126_195_20260830_124.xml,PH1121126:195,BLUS:PH1121126:195:18,BLUS,VJ387,2026-07-21T08:18:00.000+05:45,Monday|Tuesday|Wednesday|Thursday|Friday,35,18
BODS_PH1121126_202_20260718_134.xml,PH1121126:202,BLUS:PH1121126:202:3,BLUS,VJ38,2026-07-21T10:25:00.000+05:45,Saturday,70,3
BODS_PH1121126_507_20260601_103.xml,PH1121126:507,BLUS:PH1121126:507:20,BLUS,VJ240,2026-07-21T13:25:00.000+05:45,Saturday,34,20
BODS_PH1121126_204_20260830_124.xml,PH1121126:204,BLUS:PH1121126:204:1,BLUS,VJ298,2026-07-21T12:50:00.000+05:45,Monday|Tuesday|Wednesday|Thursday|Friday,47,1
BODS_PH1121126_504_20260718_116.xml,PH1121126:504,BLUS:PH1121126:504:14,BLUS,VJ92,2026-07-21T12:32:00.000+05:45,Saturday,43,14
BODS_PH1121126_198_20260412_111.xml,PH1121126:198,BLUS:PH1121126:198:9,BLUS,VJ132,2026-07-21T19:28:00.000+05:45,Monday|Tuesday|Wednesday|Thursday|Friday,48,9
BODS_PH1121126_298_20260830_119.xml,PH1121126:298,BLUS:PH1121126:298:7,BLUS,VJ57,2026-07-21T14:08:00.000+05:45,Monday|Tuesday|Wednesday|Thursday|Friday,46,7
BODS_PH1121126_506_20260718_116.xml,PH1121126:506,BLUS:PH1121126:506:19a,BLUS,VJ278,2026-07-21T16:55:00.000+05:45,Saturday,51,19a
BODS_PH1121126_237_20260718_118.xml,PH1121126:237,BLUS:PH1121126:237:QC,BLUS,VJ37,2026-07-21T07:45:00.000+05:45,Sunday,6,QC
BODS_PH1121126_201_20260601_113.xml,PH1121126:201,BLUS:PH1121126:201:4,BLUS,VJ134,2026-07-21T18:35:00.000+05:45,Saturday,48,4
BODS_PH1121126_202_20260830_136.xml,PH1121126:202,BLUS:PH1121126:202:3,BLUS,VJ11,2026-07-21T12:55:00.000+05:45,Monday|Tuesday|Wednesday|Thursday|Friday,67,3
BODS_PH1121126_506_20260601_111.xml,PH1121126:506,BLUS:PH1121126:506:19,BLUS,VJ19,2026-07-21T16:30:00.000+05:45,Saturday,50,19
BODS_PH1121126_563_20260718_20.xml,PH1121126:563,BLUS:PH1121126:563:61,BLUS,VJ5,2026-07-21T05:12:00.000+05:45,Sunday,26,61
BODS_PH1121126_302_20260718_130.xml,PH1121126:302,BLUS:PH1121126:302:17,BLUS,VJ248,2026-07-21T15:30:00.000+05:45,Sunday,54,17
BODS_PH1121126_203_20260830_125.xml,PH1121126:203,BLUS:PH1121126:203:2,BLUS,VJ308,2026-07-21T18:14:00.000+05:45,Monday|Tuesday|Wednesday|Thursday|Friday,61,2
BODS_PH1121126_506_20260718_116.xml,PH1121126:506,BLUS:PH1121126:506:19,BLUS,VJ75,2026-07-21T05:38:00.000+05:45,Monday,51,19
BODS_PH1121126_204_20260830_124.xml,PH1121126:204,BLUS:PH1121126:204:1,BLUS,VJ14,2026-07-21T07:45:00.000+05:45,Monday|Tuesday|Wednesday|Thursday|Friday,45,1
BODS_PH1121126_203_20260718_123.xml,PH1121126:203,BLUS:PH1121126:203:2,BLUS,VJ274,2026-07-21T14:42:00.000+05:45,Monday|Tuesday|Wednesday|Thursday|Friday,61,2
BODS_PH1121126_195_20260718_122.xml,PH1121126:195,BLUS:PH1121126:195:N18,BLUS,VJ461,2026-07-21T01:35:00.000+05:45,Saturday,35,N18
BODS_PH1121126_204_20260601_117.xml,PH1121126:204,BLUS:PH1121126:204:1,BLUS,VJ64,2026-07-21T09:00:00.000+05:45,Monday|Tuesday|Wednesday|Thursday|Friday,42,1
BODS_PH1121126_195_20260601_117.xml,PH1121126:195,BLUS:PH1121126:195:18,BLUS,VJ170,2026-07-21T07:22:00.000+05:45,Sunday,54,18
BODS_PH1121126_302_20260830_132.xml,PH1121126:302,BLUS:PH1121126:302:17,BLUS,VJ453,2026-07-21T09:40:00.000+05:45,Saturday,50,17
BODS_PH1121126_302_20260830_132.xml,PH1121126:302,BLUS:PH1121126:302:17,BLUS,VJ382,2026-07-21T09:20:00.000+05:45,Saturday,50,17
BODS_PH1121126_198_20260718_114.xml,PH1121126:198,BLUS:PH1121126:198:9,BLUS,VJ104,2026-07-21T21:10:00.000+05:45,Saturday,53,9
BODS_PH1121126_204_20260601_117.xml,PH1121126:204,BLUS:PH1121126:204:1,BLUS,VJ291,2026-07-21T11:40:00.000+05:45,Monday|Tuesday|Wednesday|Thursday|Friday,46,1
BODS_PH1121126_302_20260718_130.xml,PH1121126:302,BLUS:PH1121126:302:17,BLUS,VJ85,2026-07-21T06:12:00.000+05:45,Monday|Tuesday|Wednesday|Thursday|Friday,54,17
BODS_PH1121126_197_20260412_110.xml,PH1121126:197,BLUS:PH1121126:197:12,BLUS,VJ172,2026-07-21T16:10:00.000+05:45,Saturday,33,12
BODS_PH1121126_198_20260830_116.xml,PH1121126:198,BLUS:PH1121126:198:9,BLUS,VJ146,2026-07-21T10:02:00.000+05:45,Monday|Tuesday|Wednesday|Thursday|Friday,43,9
BODS_PH1121126_302_20260830_132.xml,PH1121126:302,BLUS:PH1121126:302:17,BLUS,VJ125,2026-07-21T08:15:00.000+05:45,Sunday,54,17
BODS_PH1121126_298_20260601_111.xml,PH1121126:298,BLUS:PH1121126:298:7,BLUS,VJ156,2026-07-21T16:28:00.000+05:45,Sunday,55,7
BODS_PH1121126_302_20260830_132.xml,PH1121126:302,BLUS:PH1121126:302:17,BLUS,VJ68,2026-07-21T16:37:00.000+05:45,Saturday,54,17
BODS_PH1121126_204_20260601_117.xml,PH1121126:204,BLUS:PH1121126:204:1,BLUS,VJ45,2026-07-21T14:40:00.000+05:45,Saturday,42,1
BODS_PH1121126_197_20260718_113.xml,PH1121126:197,BLUS:PH1121126:197:12,BLUS,VJ49,2026-07-21T06:50:00.000+05:45,Saturday,22,12
BODS_PH1121126_195_20260601_117.xml,PH1121126:195,BLUS:PH1121126:195:18,BLUS,VJ3,2026-07-21T04:15:00.000+05:45,Monday|Tuesday|Wednesday|Thursday|Friday,26,18
BODS_PH1121126_302_20260830_132.xml,PH1121126:302,BLUS:PH1121126:302:17,BLUS,VJ38,2026-07-21T14:30:00.000+05:45,Sunday,54,17
BODS_PH1121126_201_20260718_118.xml,PH1121126:201,BLUS:PH1121126:201:4,BLUS,VJ123,2026-07-21T16:25:00.000+05:45,Monday|Tuesday|Wednesday|Thursday|Friday,48,4
BODS_PH1121126_204_20260601_117.xml,PH1121126:204,BLUS:PH1121126:204:1,BLUS,VJ170,2026-07-21T22:25:00.000+05:45,Monday|Tuesday|Wednesday|Thursday|Friday,42,1
BODS_PH1121126_302_20260601_125.xml,PH1121126:302,BLUS:PH1121126:302:17,BLUS,VJ304,2026-07-21T16:25:00.000+05:45,Sunday,49,17
BODS_PH1121126_204_20260830_124.xml,PH1121126:204,BLUS:PH1121126:204:1,BLUS,VJ15,2026-07-21T08:04:00.000+05:45,Monday|Tuesday|Wednesday|Thursday|Friday,25,1
BODS_PH1121126_204_20260601_117.xml,PH1121126:204,BLUS:PH1121126:204:1,BLUS,VJ11,2026-07-21T07:00:00.000+05:45,Monday|Tuesday|Wednesday|Thursday|Friday,44,1
BODS_PH1121126_529_20260718_81.xml,PH1121126:529,BLUS:PH1121126:529:24,BLUS,VJ16,2026-07-21T16:10:00.000+05:45,Monday|Tuesday|Wednesday|Thursday|Friday,36,24
BODS_PH1121126_302_20260718_130.xml,PH1121126:302,BLUS:PH1121126:302:17,BLUS,VJ79,2026-07-21T08:54:00.000+05:45,Monday|Tuesday|Wednesday|Thursday|Friday,54,17
BODS_PH1121126_198_20260718_114.xml,PH1121126:198,BLUS:PH1121126:198:9,BLUS,VJ53,2026-07-21T09:10:00.000+05:45,Saturday,42,9
BODS_PH1121126_204_20260830_124.xml,PH1121126:204,BLUS:PH1121126:204:1,BLUS,VJ301,2026-07-21T13:20:00.000+05:45,Monday|Tuesday|Wednesday|Thursday|Friday,47,1
BODS_PH1121126_506_20260718_116.xml,PH1121126:506,BLUS:PH1121126:506:19a,BLUS,VJ96,2026-07-21T16:15:00.000+05:45,Saturday,49,19a
BODS_PH1121126_201_20260830_120.xml,PH1121126:201,BLUS:PH1121126:201:4,BLUS,VJ73,2026-07-21T07:10:00.000+05:45,Monday|Tuesday|Wednesday|Thursday|Friday,48,4
BODS_UZ000BLUS_26_20260830_1.xml,UZ000BLUS:26,BLUS:UZ000BLUS:26:26,BLUS,VJ45,2026-07-21T11:18:00.000+05:45,Saturday,40,26
BODS_PH1121126_204_20260830_124.xml,PH1121126:204,BLUS:PH1121126:204:1,BLUS,VJ427,2026-07-21T07:10:00.000+05:45,Monday|Tuesday|Wednesday|Thursday|Friday,47,1
BODS_PH1121126_197_20260412_110.xml,PH1121126:197,BLUS:PH1121126:197:12,BLUS,VJ197,2026-07-21T21:50:00.000+05:45,Saturday,33,12
BODS_PH1121126_504_20260830_118.xml,PH1121126:504,BLUS:PH1121126:504:14,BLUS,VJ35,2026-07-21T22:35:00.000+05:45,Monday|Tuesday|Wednesday|Thursday|Friday,31,14
BODS_PH1121126_203_20260601_118.xml,PH1121126:203,BLUS:PH1121126:203:2,BLUS,VJ278,2026-07-21T18:30:00.000+05:45,Saturday,60,2
BODS_PH1121126_506_20260718_116.xml,PH1121126:506,BLUS:PH1121126:506:19,BLUS,VJ57,2026-07-21T18:35:00.000+05:45,Saturday,51,19
BODS_PH1121126_503_20260718_117.xml,PH1121126:503,BLUS:PH1121126:503:13,BLUS,VJ115,2026-07-21T15:27:00.000+05:45,Saturday,31,13
BODS_PH1121126_507_20260601_103.xml,PH1121126:507,BLUS:PH1121126:507:20,BLUS,VJ119,2026-07-21T21:05:00.000+05:45,Saturday,16,20
BODS_PH1121126_204_20260601_117.xml,PH1121126:204,BLUS:PH1121126:204:1,BLUS,VJ103,2026-07-21T13:00:00.000+05:45,Sunday,42,1
BODS_PH1121126_195_20260601_117.xml,PH1121126:195,BLUS:PH1121126:195:18,BLUS,VJ165,2026-07-21T04:47:00.000+05:45,Saturday,54,18
BODS_PH1121126_200_20260830_120.xml,PH1121126:200,BLUS:PH1121126:200:5,BLUS,VJ34,2026-07-21T16:33:00.000+05:45,Saturday,9,5
BODS_PH1121126_302_20260830_132.xml,PH1121126:302,BLUS:PH1121126:302:17,BLUS,VJ372,2026-07-21T14:00:00.000+05:45,Monday|Tuesday|Wednesday|Thursday|Friday,50,17
BODS_PH1121126_298_20260830_119.xml,PH1121126:298,BLUS:PH1121126:298:7,BLUS,VJ54,2026-07-21T07:12:00.000+05:45,Monday|Tuesday|Wednesday|Thursday|Friday,46,7
BODS_PH1121126_302_20260718_130.xml,PH1121126:302,BLUS:PH1121126:302:17,BLUS,VJ291,2026-07-21T12:10:00.000+05:45,Monday|Tuesday|Wednesday|Thursday|Friday,50,17
BODS_PH1121126_471_20260328_118.xml,PH1121126:471,BLUS:PH1121126:471:610,BLUS,VJ4,2026-07-21T11:25:00.000+05:45,Monday,30,610
BODS_PH1121126_503_20260328_110.xml,PH1121126:503,BLUS:PH1121126:503:13,BLUS,VJ67,2026-07-21T23:15:00.000+05:45,Saturday,21,13
BODS_PH1121126_195_20260718_122.xml,PH1121126:195,BLUS:PH1121126:195:18,BLUS,VJ319,2026-07-21T11:35:00.000+05:45,Monday|Tuesday|Wednesday|Thursday|Friday,35,18
BODS_PH1121126_204_20260718_122.xml,PH1121126:204,BLUS:PH1121126:204:1,BLUS,VJ428,2026-07-21T06:05:00.000+05:45,Monday|Tuesday|Wednesday|Thursday|Friday,47,1
BODS_PH1121126_575_20260718_18.xml,PH1121126:575,BLUS:PH1121126:575:PR2,BLUS,VJ73,2026-07-21T11:30:00.000+05:45,Monday|Tuesday|Wednesday|Thursday|Friday|Saturday|Sunday,1,PR2
BODS_PH1121126_198_20260830_116.xml,PH1121126:198,BLUS:PH1121126:198:9,BLUS,VJ34,2026-07-21T11:10:00.000+05:45,Sunday,42,9
BODS_PH1121126_506_20260718_116.xml,PH1121126:506,BLUS:PH1121126:506:19,BLUS,VJ228,2026-07-21T14:07:00.000+05:45,Monday|Tuesday|Wednesday|Thursday|Friday,52,19
BODS_PH1121126_302_20260718_130.xml,PH1121126:302,BLUS:PH1121126:302:17,BLUS,VJ197,2026-07-21T10:30:00.000+05:45,Sunday,54,17
BODS_PH1121126_504_20260830_118.xml,PH1121126:504,BLUS:PH1121126:504:14,BLUS,VJ9,2026-07-21T12:55:00.000+05:45,Monday|Tuesday|Wednesday|Thursday|Friday,31,14
BODS_PH1121126_201_20260830_120.xml,PH1121126:201,BLUS:PH1121126:201:4,BLUS,VJ51,2026-07-21T19:20:00.000+05:45,Monday|Tuesday|Wednesday|Thursday|Friday,48,4
BODS_PH1121126_507_20260601_103.xml,PH1121126:507,BLUS:PH1121126:507:20,BLUS,VJ320,2026-07-21T04:20:00.000+05:45,Monday|Tuesday|Wednesday|Thursday|Friday,34,20
BODS_PH1121126_195_20260718_122.xml,PH1121126:195,BLUS:PH1121126:195:18,BLUS,VJ182,2026-07-21T19:05:00.000+05:45,Saturday,55,18
BODS_PH1121126_539_20260328_77.xml,PH1121126:539,BLUS:PH1121126:539:624,BLUS,VJ5,2026-07-21T14:25:00.000+05:45,Monday|Tuesday|Wednesday|Thursday|Friday,21,624
BODS_PH1121126_204_20260601_117.xml,PH1121126:204,BLUS:PH1121126:204:1,BLUS,VJ201,2026-07-21T18:10:00.000+05:45,Saturday,42,1
BODS_PH1121126_503_20260718_117.xml,PH1121126:503,BLUS:PH1121126:503:13,BLUS,VJ26,2026-07-21T15:03:00.000+05:45,Monday|Tuesday|Wednesday|Thursday|Friday,19,13
BODS_PH1121126_196_20260601_118.xml,PH1121126:196,BLUS:PH1121126:196:16,BLUS,VJ220,2026-07-21T05:49:00.000+05:45,Monday|Tuesday|Wednesday|Thursday|Friday,26,16
BODS_PH1121126_505_20260830_120.xml,PH1121126:505,BLUS:PH1121126:505:15,BLUS,VJ29,2026-07-21T18:25:00.000+05:45,Saturday,35,15
BODS_PH1121126_200_20260830_120.xml,PH1121126:200,BLUS:PH1121126:200:5,BLUS,VJ30,2026-07-21T14:33:00.000+05:45,Saturday,9,5
BODS_PH1121126_302_20260601_125.xml,PH1121126:302,BLUS:PH1121126:302:17,BLUS,VJ24,2026-07-21T12:15:00.000+05:45,Sunday,53,17
BODS_PH1121126_507_20260601_103.xml,PH1121126:507,BLUS:PH1121126:507:20,BLUS,VJ269,2026-07-21T09:25:00.000+05:45,Saturday,34,20
BODS_PH1121126_302_20260718_130.xml,PH1121126:302,BLUS:PH1121126:302:17,BLUS,VJ329,2026-07-21T16:45:00.000+05:45,Monday|Tuesday|Wednesday|Thursday|Friday,50,17
BODS_PH1121126_198_20260412_111.xml,PH1121126:198,BLUS:PH1121126:198:9,BLUS,VJ135,2026-07-21T07:00:00.000+05:45,Monday|Tuesday|Wednesday|Thursday|Friday,48,9
BODS_PH1121126_475_20260328_107.xml,PH1121126:475,BLUS:PH1121126:475:625,BLUS,VJ7,2026-07-21T09:15:00.000+05:45,Tuesday|Wednesday|Thursday|Friday,42,625
BODS_PH1121126_302_20260830_132.xml,PH1121126:302,BLUS:PH1121126:302:N17,BLUS,VJ486,2026-07-21T02:10:00.000+05:45,Monday|Tuesday|Wednesday|Thursday|Friday,54,N17
BODS_PH1121126_243_20260830_113.xml,PH1121126:243,BLUS:PH1121126:243:538,BLUS,VJ5,2026-07-21T15:10:00.000+05:45,Monday|Tuesday|Wednesday|Thursday|Friday,17,538
BODS_PH1121126_198_20260718_114.xml,PH1121126:198,BLUS:PH1121126:198:9,BLUS,VJ19,2026-07-21T14:15:00.000+05:45,Saturday,42,9
BODS_PH1121126_543_20260328_77.xml,PH1121126:543,BLUS:PH1121126:543:607,BLUS,VJ3,2026-07-21T07:05:00.000+05:45,Tuesday|Wednesday|Thursday|Friday,34,607
BODS_PH1121126_503_20260718_117.xml,PH1121126:503,BLUS:PH1121126:503:13,BLUS,VJ67,2026-07-21T23:15:00.000+05:45,Saturday,21,13
BODS_PH1121126_204_20260830_124.xml,PH1121126:204,BLUS:PH1121126:204:1,BLUS,VJ317,2026-07-21T13:45:00.000+05:45,Sunday,47,1
BODS_PH1121126_196_20260718_123.xml,PH1121126:196,BLUS:PH1121126:196:16,BLUS,VJ127,2026-07-21T10:30:00.000+05:45,Saturday,28,16
BODS_PH1121126_204_20260830_124.xml,PH1121126:204,BLUS:PH1121126:204:1,BLUS,VJ177,2026-07-21T09:25:00.000+05:45,Saturday,43,1
BODS_PH1121126_198_20260718_114.xml,PH1121126:198,BLUS:PH1121126:198:9,BLUS,VJ32,2026-07-21T11:55:00.000+05:45,Monday|Tuesday|Wednesday|Thursday|Friday,42,9
BODS_PH1121126_302_20260718_130.xml,PH1121126:302,BLUS:PH1121126:302:17,BLUS,VJ214,2026-07-21T14:45:00.000+05:45,Sunday,54,17
BODS_PH1121126_195_20260830_124.xml,PH1121126:195,BLUS:PH1121126:195:18,BLUS,VJ314,2026-07-21T10:45:00.000+05:45,Monday|Tuesday|Wednesday|Thursday|Friday,35,18
BODS_PH1121126_197_20260718_113.xml,PH1121126:197,BLUS:PH1121126:197:12,BLUS,VJ158,2026-07-21T09:10:00.000+05:45,Saturday,33,12
BODS_PH1121126_504_20260601_111.xml,PH1121126:504,BLUS:PH1121126:504:14,BLUS,VJ118,2026-07-21T21:00:00.000+05:45,Saturday,41,14
BODS_PH1121126_506_20260601_111.xml,PH1121126:506,BLUS:PH1121126:506:19a,BLUS,VJ305,2026-07-21T14:55:00.000+05:45,Saturday,50,19a
BODS_PH1121126_195_20260830_124.xml,PH1121126:195,BLUS:PH1121126:195:18,BLUS,VJ490,2026-07-21T14:02:00.000+05:45,Sunday,35,18
BODS_PH1121126_204_20260601_117.xml,PH1121126:204,BLUS:PH1121126:204:1,BLUS,VJ393,2026-07-21T14:50:00.000+05:45,Monday|Tuesday|Wednesday|Thursday|Friday,46,1
BODS_PH1121126_529_20260830_83.xml,PH1121126:529,BLUS:PH1121126:529:24,BLUS,VJ5,2026-07-21T08:23:00.000+05:45,Monday,27,24
BODS_PH1121126_195_20260601_117.xml,PH1121126:195,BLUS:PH1121126:195:18,BLUS,VJ517,2026-07-21T22:00:00.000+05:45,Sunday,34,18
BODS_PH1121126_200_20260718_118.xml,PH1121126:200,BLUS:PH1121126:200:5,BLUS,VJ69,2026-07-21T16:25:00.000+05:45,Saturday,7,5
BODS_PH1121126_195_20260601_117.xml,PH1121126:195,BLUS:PH1121126:195:18,BLUS,VJ406,2026-07-21T19:15:00.000+05:45,Saturday,34,18
BODS_PH1121126_507_20260718_108.xml,PH1121126:507,BLUS:PH1121126:507:20,BLUS,VJ164,2026-07-21T10:55:00.000+05:45,Monday|Tuesday|Wednesday|Thursday|Friday,35,20
BODS_PH1121126_203_20260601_118.xml,PH1121126:203,BLUS:PH1121126:203:2,BLUS,VJ206,2026-07-21T16:15:00.000+05:45,Saturday,60,2
BODS_PH1121126_302_20260830_132.xml,PH1121126:302,BLUS:PH1121126:302:17,BLUS,VJ47,2026-07-21T12:12:00.000+05:45,Saturday,54,17
BODS_PH1121126_197_20260412_110.xml,PH1121126:197,BLUS:PH1121126:197:12,BLUS,VJ213,2026-07-21T07:15:00.000+05:45,Saturday,33,12
BODS_PH1121126_201_20260830_120.xml,PH1121126:201,BLUS:PH1121126:201:4,BLUS,VJ2,2026-07-21T08:55:00.000+05:45,Monday|Tuesday|Wednesday|Thursday|Friday,48,4
BODS_PH1121126_503_20260328_110.xml,PH1121126:503,BLUS:PH1121126:503:13,BLUS,VJ95,2026-07-21T15:00:00.000+05:45,Monday|Tuesday|Wednesday|Thursday|Friday,29,13
BODS_PH1121126_237_20260718_118.xml,PH1121126:237,BLUS:PH1121126:237:QC,BLUS,VJ52,2026-07-21T09:50:00.000+05:45,Monday|Tuesday|Wednesday|Thursday|Friday,6,QC
BODS_PH1121126_198_20260830_116.xml,PH1121126:198,BLUS:PH1121126:198:9,BLUS,VJ68,2026-07-21T16:35:00.000+05:45,Saturday,47,9
BODS_PH1121126_575_20260531_15.xml,PH1121126:575,BLUS:PH1121126:575:PR1,BLUS,VJ56,2026-07-21T09:20:00.000+05:45,Sunday,3,PR1
BODS_PH1121126_195_20260601_117.xml,PH1121126:195,BLUS:PH1121126:195:18,BLUS,VJ33,2026-07-21T16:58:00.000+05:45,Sunday,54,18
BODS_PH1121126_505_20260718_118.xml,PH1121126:505,BLUS:PH1121126:505:15,BLUS,VJ60,2026-07-21T22:25:00.000+05:45,Saturday,35,15
BODS_PH1121126_195_20260830_124.xml,PH1121126:195,BLUS:PH1121126:195:18,BLUS,VJ221,2026-07-21T16:50:00.000+05:45,Monday|Tuesday|Wednesday|Thursday|Friday,55,18
BODS_PH1121126_196_20260601_118.xml,PH1121126:196,BLUS:PH1121126:196:16,BLUS,VJ37,2026-07-21T14:35:00.000+05:45,Sunday,18,16
BODS_PH1121126_195_20260830_124.xml,PH1121126:195,BLUS:PH1121126:195:18,BLUS,VJ313,2026-07-21T10:35:00.000+05:45,Monday|Tuesday|Wednesday|Thursday|Friday,35,18
BODS_PH1121126_302_20260601_125.xml,PH1121126:302,BLUS:PH1121126:302:17,BLUS,VJ97,2026-07-21T15:55:00.000+05:45,Monday|Tuesday|Wednesday|Thursday|Friday,53,17
BODS_PH1121126_195_20260830_124.xml,PH1121126:195,BLUS:PH1121126:195:18,BLUS,VJ327,2026-07-21T12:55:00.000+05:45,Monday|Tuesday|Wednesday|Thursday|Friday,35,18
BODS_PH1121126_203_20260601_118.xml,PH1121126:203,BLUS:PH1121126:203:2,BLUS,VJ36,2026-07-21T11:25:00.000+05:45,Monday|Tuesday|Wednesday|Thursday|Friday,50,2
BODS_PH1121126_474_20260328_110.xml,PH1121126:474,BLUS:PH1121126:474:619,BLUS,VJ4,2026-07-21T09:40:00.000+05:45,Monday,10,619
BODS_PH1121126_561_20260830_25.xml,PH1121126:561,BLUS:PH1121126:561:22,BLUS,VJ8,2026-07-21T11:36:00.000+05:45,Tuesday|Thursday,29,22
BODS_PH1121126_204_20260830_124.xml,PH1121126:204,BLUS:PH1121126:204:1,BLUS,VJ185,2026-07-21T08:15:00.000+05:45,Saturday,43,1
BODS_PH1121126_529_20260830_83.xml,PH1121126:529,BLUS:PH1121126:529:24,BLUS,VJ42,2026-07-21T18:25:00.000+05:45,Monday|Tuesday|Wednesday|Thursday|Friday,41,24
BODS_PH1121126_201_20260830_120.xml,PH1121126:201,BLUS:PH1121126:201:4,BLUS,VJ5,2026-07-21T10:25:00.000+05:45,Monday|Tuesday|Wednesday|Thursday|Friday,48,4
BODS_UZ000BLUS_6_20260830_1.xml,UZ000BLUS:6,BLUS:UZ000BLUS:6:6,BLUS,VJ16,2026-07-21T11:15:00.000+05:45,Sunday,20,6
BODS_PH1121126_507_20260601_103.xml,PH1121126:507,BLUS:PH1121126:507:20,BLUS,VJ132,2026-07-21T14:30:00.000+05:45,Monday|Tuesday|Wednesday|Thursday|Friday,16,20
BODS_PH1121126_201_20260601_113.xml,PH1121126:201,BLUS:PH1121126:201:4,BLUS,VJ72,2026-07-21T07:20:00.000+05:45,Monday|Tuesday|Wednesday|Thursday|Friday,47,4
BODS_PH1121126_195_20260601_117.xml,PH1121126:195,BLUS:PH1121126:195:18,BLUS,VJ83,2026-07-21T14:23:00.000+05:45,Saturday,54,18
BODS_PH1121126_563_20260718_20.xml,PH1121126:563,BLUS:PH1121126:563:61,BLUS,VJ11,2026-07-21T22:10:00.000+05:45,Monday|Tuesday|Wednesday|Thursday|Friday,27,61
BODS_PH1121126_201_20260718_118.xml,PH1121126:201,BLUS:PH1121126:201:4,BLUS,VJ64,2026-07-21T18:15:00.000+05:45,Monday|Tuesday|Wednesday|Thursday|Friday,48,4
BODS_PH1121126_197_20260412_110.xml,PH1121126:197,BLUS:PH1121126:197:11,BLUS,VJ304,2026-07-21T18:01:00.000+05:45,Monday|Tuesday|Wednesday|Thursday|Friday,32,11
BODS_PH1121126_505_20260718_118.xml,PH1121126:505,BLUS:PH1121126:505:15,BLUS,VJ132,2026-07-21T12:15:00.000+05:45,Sunday,32,15
BODS_PH1121126_302_20260718_130.xml,PH1121126:302,BLUS:PH1121126:302:17,BLUS,VJ312,2026-07-21T08:37:00.000+05:45,Monday|Tuesday|Wednesday|Thursday|Friday,50,17
BODS_PH1121126_204_20260718_122.xml,PH1121126:204,BLUS:PH1121126:204:1,BLUS,VJ279,2026-07-21T09:40:00.000+05:45,Monday|Tuesday|Wednesday|Thursday|Friday,47,1
BODS_PH1121126_197_20260718_113.xml,PH1121126:197,BLUS:PH1121126:197:11,BLUS,VJ255,2026-07-21T12:24:00.000+05:45,Saturday,32,11
BODS_PH1121126_575_20260718_18.xml,PH1121126:575,BLUS:PH1121126:575:PR2,BLUS,VJ81,2026-07-21T13:20:00.000+05:45,Monday|Tuesday|Wednesday|Thursday|Friday|Saturday|Sunday,1,PR2
BODS_PH1121126_195_20260718_122.xml,PH1121126:195,BLUS:PH1121126:195:18,BLUS,VJ211,2026-07-21T06:22:00.000+05:45,Monday|Tuesday|Wednesday|Thursday|Friday,55,18
BODS_PH1121126_196_20260830_125.xml,PH1121126:196,BLUS:PH1121126:196:16,BLUS,VJ123,2026-07-21T14:48:00.000+05:45,Monday|Tuesday|Wednesday|Thursday|Friday,43,16
BODS_PH1121126_195_20260601_117.xml,PH1121126:195,BLUS:PH1121126:195:18,BLUS,VJ275,2026-07-21T09:25:00.000+05:45,Saturday,34,18
BODS_PH1121126_298_20260601_111.xml,PH1121126:298,BLUS:PH1121126:298:7,BLUS,VJ111,2026-07-21T14:32:00.000+05:45,Monday|Tuesday|Wednesday|Thursday|Friday,60,7
BODS_PH1121126_204_20260830_124.xml,PH1121126:204,BLUS:PH1121126:204:1,BLUS,VJ271,2026-07-21T17:40:00.000+05:45,Saturday,47,1
BODS_PH1121126_505_20260830_120.xml,PH1121126:505,BLUS:PH1121126:505:15,BLUS,VJ41,2026-07-21T22:25:00.000+05:45,Monday|Tuesday|Wednesday|Thursday|Friday,35,15
BODS_PH1121126_201_20260830_120.xml,PH1121126:201,BLUS:PH1121126:201:4,BLUS,VJ116,2026-07-21T19:15:00.000+05:45,Monday|Tuesday|Wednesday|Thursday|Friday,48,4
BODS_PH1121126_504_20260601_111.xml,PH1121126:504,BLUS:PH1121126:504:14,BLUS,VJ56,2026-07-21T06:15:00.000+05:45,Saturday,31,14
BODS_PH1121126_528_20260328_79.xml,PH1121126:528,BLUS:PH1121126:528:23,BLUS,VJ8,2026-07-21T11:20:00.000+05:45,Saturday,15,23
BODS_PH1121126_195_20260601_117.xml,PH1121126:195,BLUS:PH1121126:195:18,BLUS,VJ377,2026-07-21T05:10:00.000+05:45,Saturday,34,18
BODS_PH1121126_562_20260601_20.xml,PH1121126:562,BLUS:PH1121126:562:21,BLUS,VJ5,2026-07-21T13:25:00.000+05:45,Monday|Tuesday|Wednesday|Thursday|Friday,44,21
BODS_PH1121126_506_20260830_118.xml,PH1121126:506,BLUS:PH1121126:506:19a,BLUS,VJ313,2026-07-21T15:30:00.000+05:45,Monday|Tuesday|Wednesday|Thursday|Friday,51,19a
BODS_PH1121126_503_20260830_119.xml,PH1121126:503,BLUS:PH1121126:503:13,BLUS,VJ66,2026-07-21T06:28:00.000+05:45,Monday|Tuesday|Wednesday|Thursday|Friday,21,13
BODS_PH1121126_507_20260830_110.xml,PH1121126:507,BLUS:PH1121126:507:20,BLUS,VJ198,2026-07-21T14:12:00.000+05:45,Saturday,35,20
BODS_PH1121126_507_20260601_103.xml,PH1121126:507,BLUS:PH1121126:507:20,BLUS,VJ154,2026-07-21T23:05:00.000+05:45,Sunday,16,20
BODS_PH1121126_195_20260601_117.xml,PH1121126:195,BLUS:PH1121126:195:18,BLUS,VJ305,2026-07-21T14:21:00.000+05:45,Saturday,34,18
BODS_PH1121126_237_20260718_118.xml,PH1121126:237,BLUS:PH1121126:237:QC,BLUS,VJ85,2026-07-21T11:10:00.000+05:45,Sunday,6,QC
BODS_PH1121126_302_20260601_125.xml,PH1121126:302,BLUS:PH1121126:302:17,BLUS,VJ476,2026-07-21T13:20:00.000+05:45,Monday|Tuesday|Wednesday|Thursday|Friday,49,17
BODS_PH1121126_200_20260328_115.xml,PH1121126:200,BLUS:PH1121126:200:5,BLUS,VJ87,2026-07-21T14:25:00.000+05:45,Monday|Tuesday|Wednesday|Thursday|Friday,42,5
BODS_PH1121126_203_20260830_125.xml,PH1121126:203,BLUS:PH1121126:203:2,BLUS,VJ90,2026-07-21T20:50:00.000+05:45,Saturday,51,2
BODS_PH1121126_575_20260830_20.xml,PH1121126:575,BLUS:PH1121126:575:PR1,BLUS,VJ96,2026-07-21T13:30:00.000+05:45,Saturday,2,PR1
BODS_PH1121126_195_20260601_117.xml,PH1121126:195,BLUS:PH1121126:195:18,BLUS,VJ65,2026-07-21T10:53:00.000+05:45,Saturday,54,18
BODS_PH1121126_198_20260412_111.xml,PH1121126:198,BLUS:PH1121126:198:9,BLUS,VJ67,2026-07-21T13:35:00.000+05:45,Saturday,47,9
BODS_PH1121126_195_20260830_124.xml,PH1121126:195,BLUS:PH1121126:195:18,BLUS,VJ106,2026-07-21T22:10:00.000+05:45,Monday|Tuesday|Wednesday|Thursday|Friday,55,18
BODS_PH1121126_197_20260830_115.xml,PH1121126:197,BLUS:PH1121126:197:12,BLUS,VJ187,2026-07-21T13:09:00.000+05:45,Monday|Tuesday|Wednesday|Thursday|Friday,33,12
BODS_PH1121126_200_20260830_120.xml,PH1121126:200,BLUS:PH1121126:200:5,BLUS,VJ87,2026-07-21T17:20:00.000+05:45,Monday|Tuesday|Wednesday|Thursday|Friday,42,5
BODS_PH1121126_302_20260601_125.xml,PH1121126:302,BLUS:PH1121126:302:17,BLUS,VJ236,2026-07-21T18:37:00.000+05:45,Saturday,21,17
BODS_PH1121126_471_20260718_121.xml,PH1121126:471,BLUS:PH1121126:471:610,BLUS,VJ3,2026-07-21T09:25:00.000+05:45,Tuesday|Wednesday|Thursday|Friday,30,610
BODS_PH1121126_302_20260601_125.xml,PH1121126:302,BLUS:PH1121126:302:17,BLUS,VJ150,2026-07-21T19:30:00.000+05:45,Sunday,53,17
BODS_PH1121126_302_20260601_125.xml,PH1121126:302,BLUS:PH1121126:302:17,BLUS,VJ293,2026-07-21T13:40:00.000+05:45,Sunday,49,17
BODS_PH1121126_505_20260601_113.xml,PH1121126:505,BLUS:PH1121126:505:15,BLUS,VJ10,2026-07-21T09:55:00.000+05:45,Monday|Tuesday|Wednesday|Thursday|Friday,34,15
BODS_PH1121126_197_20260718_113.xml,PH1121126:197,BLUS:PH1121126:197:11,BLUS,VJ116,2026-07-21T11:30:00.000+05:45,Sunday,20,11
BODS_PH1121126_204_20260718_122.xml,PH1121126:204,BLUS:PH1121126:204:1,BLUS,VJ251,2026-07-21T14:20:00.000+05:45,Saturday,47,1
BODS_PH1121126_302_20260718_130.xml,PH1121126:302,BLUS:PH1121126:302:17,BLUS,VJ330,2026-07-21T17:38:00.000+05:45,Monday|Tuesday|Wednesday|Thursday|Friday,50,17
BODS_PH1121126_504_20260830_118.xml,PH1121126:504,BLUS:PH1121126:504:14,BLUS,VJ16,2026-07-21T10:55:00.000+05:45,Saturday,31,14
BODS_PH1121126_195_20260601_117.xml,PH1121126:195,BLUS:PH1121126:195:18,BLUS,VJ287,2026-07-21T11:25:00.000+05:45,Saturday,34,18
BODS_PH1121126_507_20260601_103.xml,PH1121126:507,BLUS:PH1121126:507:20,BLUS,VJ236,2026-07-21T12:25:00.000+05:45,Saturday,34,20
BODS_PH1121126_505_20260601_113.xml,PH1121126:505,BLUS:PH1121126:505:15,BLUS,VJ78,2026-07-21T10:42:00.000+05:45,Saturday,32,15
BODS_PH1121126_506_20260601_111.xml,PH1121126:506,BLUS:PH1121126:506:19,BLUS,VJ96,2026-07-21T18:35:00.000+05:45,Monday|Tuesday|Wednesday|Thursday|Friday,50,19
BODS_PH1121126_503_20260718_117.xml,PH1121126:503,BLUS:PH1121126:503:13,BLUS,VJ110,2026-07-21T12:57:00.000+05:45,Saturday,31,13
BODS_PH1121126_201_20260718_118.xml,PH1121126:201,BLUS:PH1121126:201:4,BLUS,VJ62,2026-07-21T19:30:00.000+05:45,Sunday,48,4
BODS_PH1121126_302_20260718_130.xml,PH1121126:302,BLUS:PH1121126:302:17,BLUS,VJ464,2026-07-21T15:40:00.000+05:45,Sunday,50,17
BODS_PH1121126_302_20260718_130.xml,PH1121126:302,BLUS:PH1121126:302:17,BLUS,VJ356,2026-07-21T14:10:00.000+05:45,Saturday,50,17
BODS_PH1121126_195_20260718_122.xml,PH1121126:195,BLUS:PH1121126:195:18,BLUS,VJ125,2026-07-21T19:07:00.000+05:45,Monday|Tuesday|Wednesday|Thursday|Friday,55,18
BODS_PH1121126_507_20260601_103.xml,PH1121126:507,BLUS:PH1121126:507:20,BLUS,VJ182,2026-07-21T11:17:00.000+05:45,Sunday,34,20
BODS_PH1121126_575_20260531_15.xml,PH1121126:575,BLUS:PH1121126:575:PR1,BLUS,VJ51,2026-07-21T18:40:00.000+05:45,Saturday,3,PR1
BODS_PH1121126_203_20260601_118.xml,PH1121126:203,BLUS:PH1121126:203:2,BLUS,VJ187,2026-07-21T14:12:00.000+05:45,Monday|Tuesday|Wednesday|Thursday|Friday,60,2
BODS_PH1121126_298_20260718_117.xml,PH1121126:298,BLUS:PH1121126:298:7,BLUS,VJ105,2026-07-21T11:10:00.000+05:45,Monday|Tuesday|Wednesday|Thursday|Friday,61,7
BODS_PH1121126_200_20260328_115.xml,PH1121126:200,BLUS:PH1121126:200:5,BLUS,VJ64,2026-07-21T12:25:00.000+05:45,Saturday,7,5
BODS_PH1121126_506_20260601_111.xml,PH1121126:506,BLUS:PH1121126:506:19a,BLUS,VJ309,2026-07-21T16:55:00.000+05:45,Saturday,50,19a
BODS_PH1121126_506_20260718_116.xml,PH1121126:506,BLUS:PH1121126:506:19a,BLUS,VJ355,2026-07-21T11:43:00.000+05:45,Sunday,50,19a
BODS_PH1121126_204_20260718_122.xml,PH1121126:204,BLUS:PH1121126:204:1,BLUS,VJ79,2026-07-21T11:30:00.000+05:45,Monday|Tuesday|Wednesday|Thursday|Friday,43,1
BODS_PH1121126_200_20260718_118.xml,PH1121126:200,BLUS:PH1121126:200:5,BLUS,VJ30,2026-07-21T15:13:00.000+05:45,Saturday,9,5
BODS_PH1121126_197_20260830_115.xml,PH1121126:197,BLUS:PH1121126:197:12,BLUS,VJ207,2026-07-21T17:28:00.000+05:45,Sunday,33,12
BODS_PH1121126_203_20260601_118.xml,PH1121126:203,BLUS:PH1121126:203:2,BLUS,VJ186,2026-07-21T13:57:00.000+05:45,Monday|Tuesday|Wednesday|Thursday|Friday,60,2
BODS_PH1121126_201_20260601_113.xml,PH1121126:201,BLUS:PH1121126:201:4,BLUS,VJ108,2026-07-21T11:20:00.000+05:45,Sunday,48,4
BODS_PH1121126_203_20260601_118.xml,PH1121126:203,BLUS:PH1121126:203:2,BLUS,VJ2,2026-07-21T11:25:00.000+05:45,Saturday,50,2
BODS_PH1121126_201_20260718_118.xml,PH1121126:201,BLUS:PH1121126:201:4,BLUS,VJ1,2026-07-21T08:25:00.000+05:45,Monday|Tuesday|Wednesday|Thursday|Friday,48,4
BODS_PH1121126_302_20260830_132.xml,PH1121126:302,BLUS:PH1121126:302:17,BLUS,VJ421,2026-07-21T05:05:00.000+05:45,Sunday,50,17
BODS_PH1121126_507_20260830_110.xml,PH1121126:507,BLUS:PH1121126:507:20,BLUS,VJ73,2026-07-21T17:15:00.000+05:45,Saturday,17,20
BODS_PH1121126_196_20260830_125.xml,PH1121126:196,BLUS:PH1121126:196:16,BLUS,VJ53,2026-07-21T14:43:00.000+05:45,Monday|Tuesday|Wednesday|Thursday|Friday,36,16
BODS_PH1121126_203_20260601_118.xml,PH1121126:203,BLUS:PH1121126:203:2,BLUS,VJ185,2026-07-21T13:42:00.000+05:45,Monday|Tuesday|Wednesday|Thursday|Friday,60,2
BODS_PH1121126_503_20260830_119.xml,PH1121126:503,BLUS:PH1121126:503:13,BLUS,VJ30,2026-07-21T13:40:00.000+05:45,Monday|Tuesday|Wednesday|Thursday|Friday,21,13
BODS_PH1121126_452_20260718_118.xml,PH1121126:452,BLUS:PH1121126:452:C7,BLUS,VJ3,2026-07-21T16:30:00.000+05:45,Monday|Tuesday|Wednesday|Thursday|Friday,58,C7
BODS_PH1121126_507_20260830_110.xml,PH1121126:507,BLUS:PH1121126:507:20,BLUS,VJ210,2026-07-21T17:12:00.000+05:45,Saturday,35,20
BODS_PH1121126_202_20260601_129.xml,PH1121126:202,BLUS:PH1121126:202:3,BLUS,VJ5,2026-07-21T13:00:00.000+05:45,Saturday,70,3
BODS_PH1121126_198_20260830_116.xml,PH1121126:198,BLUS:PH1121126:198:9,BLUS,VJ185,2026-07-21T07:45:00.000+05:45,Sunday,52,9
BODS_PH1121126_506_20260718_116.xml,PH1121126:506,BLUS:PH1121126:506:19a,BLUS,VJ134,2026-07-21T07:04:00.000+05:45,Saturday,49,19a
BODS_PH1121126_507_20260601_103.xml,PH1121126:507,BLUS:PH1121126:507:20,BLUS,VJ314,2026-07-21T08:15:00.000+05:45,Monday|Tuesday|Wednesday|Thursday|Friday,34,20
BODS_PH1121126_203_20260830_125.xml,PH1121126:203,BLUS:PH1121126:203:2,BLUS,VJ197,2026-07-21T14:00:00.000+05:45,Saturday,61,2
BODS_PH1121126_204_20260830_124.xml,PH1121126:204,BLUS:PH1121126:204:1,BLUS,VJ254,2026-07-21T14:50:00.000+05:45,Saturday,47,1
BODS_PH1121126_196_20260601_118.xml,PH1121126:196,BLUS:PH1121126:196:16,BLUS,VJ217,2026-07-21T08:14:00.000+05:45,Monday|Tuesday|Wednesday|Thursday|Friday,26,16
BODS_PH1121126_204_20260830_124.xml,PH1121126:204,BLUS:PH1121126:204:1,BLUS,VJ119,2026-07-21T20:25:00.000+05:45,Monday|Tuesday|Wednesday|Thursday|Friday,43,1
BODS_PH1121126_302_20260830_132.xml,PH1121126:302,BLUS:PH1121126:302:17,BLUS,VJ168,2026-07-21T21:50:00.000+05:45,Sunday,54,17
BODS_PH1121126_204_20260718_122.xml,PH1121126:204,BLUS:PH1121126:204:1,BLUS,VJ264,2026-07-21T16:30:00.000+05:45,Saturday,47,1
BODS_PH1121126_302_20260718_130.xml,PH1121126:302,BLUS:PH1121126:302:17,BLUS,VJ374,2026-07-21T17:10:00.000+05:45,Saturday,50,17
BODS_PH1121126_298_20260601_111.xml,PH1121126:298,BLUS:PH1121126:298:7,BLUS,VJ76,2026-07-21T16:34:00.000+05:45,Sunday,45,7
BODS_PH1121126_203_20260718_123.xml,PH1121126:203,BLUS:PH1121126:203:2,BLUS,VJ291,2026-07-21T10:23:00.000+05:45,Saturday,61,2
BODS_PH1121126_204_20260718_122.xml,PH1121126:204,BLUS:PH1121126:204:1,BLUS,VJ345,2026-07-21T22:05:00.000+05:45,Sunday,47,1
BODS_PH1121126_507_20260718_108.xml,PH1121126:507,BLUS:PH1121126:507:20,BLUS,VJ61,2026-07-21T14:15:00.000+05:45,Saturday,17,20
BODS_PH1121126_541_20260328_78.xml,PH1121126:541,BLUS:PH1121126:541:632,BLUS,VJ9,2026-07-21T16:15:00.000+05:45,Monday|Tuesday|Wednesday|Thursday|Friday,38,632
BODS_PH1121126_298_20260830_119.xml,PH1121126:298,BLUS:PH1121126:298:7,BLUS,VJ33,2026-07-21T16:13:00.000+05:45,Monday|Tuesday|Wednesday|Thursday|Friday,46,7
BODS_PH1121126_195_20260601_117.xml,PH1121126:195,BLUS:PH1121126:195:18,BLUS,VJ85,2026-07-21T14:43:00.000+05:45,Saturday,54,18
BODS_PH1121126_506_20260718_116.xml,PH1121126:506,BLUS:PH1121126:506:19,BLUS,VJ330,2026-07-21T11:00:00.000+05:45,Sunday,52,19
BODS_PH1121126_302_20260601_125.xml,PH1121126:302,BLUS:PH1121126:302:17,BLUS,VJ35,2026-07-21T15:00:00.000+05:45,Sunday,53,17
BODS_PH1121126_203_20260601_118.xml,PH1121126:203,BLUS:PH1121126:203:2,BLUS,VJ264,2026-07-21T09:25:00.000+05:45,Saturday,60,2
BODS_PH1121126_302_20260718_130.xml,PH1121126:302,BLUS:PH1121126:302:N17,BLUS,VJ192,2026-07-21T01:02:00.000+05:45,Saturday,59,N17
BODS_PH1121126_420_20260718_121.xml,PH1121126:420,BLUS:PH1121126:420:613,BLUS,VJ7,2026-07-21T09:46:00.000+05:45,Tuesday|Wednesday|Thursday|Friday,21,613
BODS_PH1121126_199_20260412_113.xml,PH1121126:199,BLUS:PH1121126:199:8,BLUS,VJ56,2026-07-21T07:20:00.000+05:45,Monday|Tuesday|Wednesday|Thursday|Friday,52,8
BODS_PH1121126_204_20260601_117.xml,PH1121126:204,BLUS:PH1121126:204:1,BLUS,VJ419,2026-07-21T17:05:00.000+05:45,Monday|Tuesday|Wednesday|Thursday|Friday,46,1
BODS_PH1121126_506_20260601_111.xml,PH1121126:506,BLUS:PH1121126:506:19a,BLUS,VJ364,2026-07-21T07:05:00.000+05:45,Saturday,50,19a
BODS_PH1121126_195_20260830_124.xml,PH1121126:195,BLUS:PH1121126:195:18,BLUS,VJ359,2026-07-21T15:50:00.000+05:45,Monday|Tuesday|Wednesday|Thursday|Friday,35,18
BODS_PH1121126_204_20260601_117.xml,PH1121126:204,BLUS:PH1121126:204:1,BLUS,VJ31,2026-07-21T12:20:00.000+05:45,Saturday,42,1
BODS_PH1121126_198_20260830_116.xml,PH1121126:198,BLUS:PH1121126:198:9,BLUS,VJ207,2026-07-21T15:35:00.000+05:45,Saturday,43,9
BODS_PH1121126_197_20260718_113.xml,PH1121126:197,BLUS:PH1121126:197:12,BLUS,VJ175,2026-07-21T17:40:00.000+05:45,Saturday,33,12
BODS_PH1121126_203_20260718_123.xml,PH1121126:203,BLUS:PH1121126:203:2,BLUS,VJ167,2026-07-21T09:07:00.000+05:45,Monday|Tuesday|Wednesday|Thursday|Friday,61,2
BODS_PH1121126_506_20260718_116.xml,PH1121126:506,BLUS:PH1121126:506:19a,BLUS,VJ97,2026-07-21T16:45:00.000+05:45,Saturday,49,19a
BODS_PH1121126_504_20260718_116.xml,PH1121126:504,BLUS:PH1121126:504:14,BLUS,VJ127,2026-07-21T07:45:00.000+05:45,Monday|Tuesday|Wednesday|Thursday|Friday,43,14
BODS_PH1121126_474_20260830_115.xml,PH1121126:474,BLUS:PH1121126:474:620,BLUS,VJ5,2026-07-21T07:25:00.000+05:45,Tuesday|Wednesday|Thursday|Friday,16,620
BODS_PH1121126_195_20260830_124.xml,PH1121126:195,BLUS:PH1121126:195:18,BLUS,VJ48,2026-07-21T11:22:00.000+05:45,Monday|Tuesday|Wednesday|Thursday|Friday,55,18
BODS_PH1121126_506_20260830_118.xml,PH1121126:506,BLUS:PH1121126:506:19,BLUS,VJ221,2026-07-21T05:05:00.000+05:45,Monday|Tuesday|Wednesday|Thursday|Friday,52,19
BODS_PH1121126_506_20260830_118.xml,PH1121126:506,BLUS:PH1121126:506:19,BLUS,VJ255,2026-07-21T22:57:00.000+05:45,Monday|Tuesday|Wednesday|Thursday|Friday,52,19
BODS_PH1121126_302_20260718_130.xml,PH1121126:302,BLUS:PH1121126:302:17,BLUS,VJ4,2026-07-21T21:02:00.000+05:45,Monday|Tuesday|Wednesday|Thursday|Friday,54,17
BODS_PH1121126_197_20260412_110.xml,PH1121126:197,BLUS:PH1121126:197:12,BLUS,VJ156,2026-07-21T23:25:00.000+05:45,Saturday,31,12
BODS_PH1121126_200_20260328_115.xml,PH1121126:200,BLUS:PH1121126:200:5,BLUS,VJ52,2026-07-21T15:15:00.000+05:45,Monday|Tuesday|Wednesday|Thursday|Friday,35,5
BODS_PH1121126_302_20260601_125.xml,PH1121126:302,BLUS:PH1121126:302:17,BLUS,VJ86,2026-07-21T13:59:00.000+05:45,Monday|Tuesday|Wednesday|Thursday|Friday,53,17
BODS_PH1121126_196_20260601_118.xml,PH1121126:196,BLUS:PH1121126:196:16,BLUS,VJ183,2026-07-21T12:24:00.000+05:45,Sunday,26,16
BODS_PH1121126_505_20260830_120.xml,PH1121126:505,BLUS:PH1121126:505:15,BLUS,VJ37,2026-07-21T17:30:00.000+05:45,Sunday,35,15
BODS_PH1121126_507_20260718_108.xml,PH1121126:507,BLUS:PH1121126:507:20,BLUS,VJ267,2026-07-21T08:55:00.000+05:45,Saturday,35,20
BODS_PH1121126_507_20260718_108.xml,PH1121126:507,BLUS:PH1121126:507:20,BLUS,VJ29,2026-07-21T18:10:00.000+05:45,Monday|Tuesday|Wednesday|Thursday|Friday,17,20
BODS_PH1121126_198_20260718_114.xml,PH1121126:198,BLUS:PH1121126:198:9,BLUS,VJ187,2026-07-21T17:50:00.000+05:45,Sunday,58,9
BODS_PH1121126_507_20260830_110.xml,PH1121126:507,BLUS:PH1121126:507:20,BLUS,VJ20,2026-07-21T12:15:00.000+05:45,Monday|Tuesday|Wednesday|Thursday|Friday,17,20
BODS_PH1121126_302_20260601_125.xml,PH1121126:302,BLUS:PH1121126:302:N17,BLUS,VJ247,2026-07-21T02:10:00.000+05:45,Monday|Tuesday|Wednesday|Thursday|Friday,55,N17
BODS_PH1121126_506_20260830_118.xml,PH1121126:506,BLUS:PH1121126:506:19,BLUS,VJ261,2026-07-21T17:05:00.000+05:45,Sunday,52,19
BODS_PH1121126_195_20260601_117.xml,PH1121126:195,BLUS:PH1121126:195:18,BLUS,VJ508,2026-07-21T19:30:00.000+05:45,Sunday,34,18
BODS_PH1121126_506_20260601_111.xml,PH1121126:506,BLUS:PH1121126:506:19a,BLUS,VJ163,2026-07-21T08:25:00.000+05:45,Saturday,48,19a
BODS_PH1121126_201_20260601_113.xml,PH1121126:201,BLUS:PH1121126:201:4,BLUS,VJ51,2026-07-21T19:20:00.000+05:45,Monday|Tuesday|Wednesday|Thursday|Friday,47,4
BODS_PH1121126_503_20260718_117.xml,PH1121126:503,BLUS:PH1121126:503:13,BLUS,VJ70,2026-07-21T09:27:00.000+05:45,Monday|Tuesday|Wednesday|Thursday|Friday,31,13
BODS_PH1121126_197_20260718_113.xml,PH1121126:197,BLUS:PH1121126:197:12,BLUS,VJ37,2026-07-21T21:25:00.000+05:45,Saturday,22,12
BODS_PH1121126_506_20260601_111.xml,PH1121126:506,BLUS:PH1121126:506:19a,BLUS,VJ176,2026-07-21T06:58:00.000+05:45,Monday|Tuesday|Wednesday|Thursday|Friday,48,19a
BODS_PH1121126_575_20260830_20.xml,PH1121126:575,BLUS:PH1121126:575:PR1,BLUS,VJ146,2026-07-21T16:55:00.000+05:45,Sunday,2,PR1
BODS_PH1121126_505_20260718_118.xml,PH1121126:505,BLUS:PH1121126:505:15,BLUS,VJ4,2026-07-21T05:27:00.000+05:45,Tuesday|Wednesday|Thursday|Friday,33,15
BODS_PH1121126_195_20260830_124.xml,PH1121126:195,BLUS:PH1121126:195:18,BLUS,VJ6,2026-07-21T10:13:00.000+05:45,Sunday,55,18
BODS_PH1121126_200_20260830_120.xml,PH1121126:200,BLUS:PH1121126:200:5,BLUS,VJ83,2026-07-21T11:25:00.000+05:45,Monday|Tuesday|Wednesday|Thursday|Friday,42,5
BODS_PH1121126_298_20260601_111.xml,PH1121126:298,BLUS:PH1121126:298:7,BLUS,VJ74,2026-07-21T14:34:00.000+05:45,Sunday,45,7
BODS_PH1121126_204_20260601_117.xml,PH1121126:204,BLUS:PH1121126:204:1,BLUS,VJ381,2026-07-21T18:05:00.000+05:45,Saturday,46,1
BODS_UZ000BLUS_26_20260830_1.xml,UZ000BLUS:26,BLUS:UZ000BLUS:26:26,BLUS,VJ22,2026-07-21T19:10:00.000+05:45,Saturday,41,26
BODS_PH1121126_504_20260601_111.xml,PH1121126:504,BLUS:PH1121126:504:14,BLUS,VJ90,2026-07-21T11:32:00.000+05:45,Saturday,41,14
BODS_PH1121126_204_20260601_117.xml,PH1121126:204,BLUS:PH1121126:204:1,BLUS,VJ188,2026-07-21T15:36:00.000+05:45,Monday|Tuesday|Wednesday|Thursday|Friday,42,1
BODS_PH1121126_237_20260412_115.xml,PH1121126:237,BLUS:PH1121126:237:QC,BLUS,VJ72,2026-07-21T12:55:00.000+05:45,Saturday,6,QC
BODS_PH1121126_197_20260718_113.xml,PH1121126:197,BLUS:PH1121126:197:11,BLUS,VJ134,2026-07-21T19:05:00.000+05:45,Monday|Tuesday|Wednesday|Thursday|Friday,20,11
BODS_PH1121126_204_20260718_122.xml,PH1121126:204,BLUS:PH1121126:204:1,BLUS,VJ44,2026-07-21T14:30:00.000+05:45,Saturday,43,1
BODS_PH1121126_204_20260601_117.xml,PH1121126:204,BLUS:PH1121126:204:1,BLUS,VJ245,2026-07-21T13:20:00.000+05:45,Saturday,46,1
BODS_PH1121126_195_20260718_122.xml,PH1121126:195,BLUS:PH1121126:195:18,BLUS,VJ129,2026-07-21T20:27:00.000+05:45,Monday|Tuesday|Wednesday|Thursday|Friday,55,18
BODS_PH1121126_204_20260601_117.xml,PH1121126:204,BLUS:PH1121126:204:1,BLUS,VJ3,2026-07-21T07:15:00.000+05:45,Monday|Tuesday|Wednesday|Thursday|Friday,44,1
BODS_PH1121126_302_20260830_132.xml,PH1121126:302,BLUS:PH1121126:302:17,BLUS,VJ7,2026-07-21T10:17:00.000+05:45,Monday|Tuesday|Wednesday|Thursday|Friday,54,17
BODS_PH1121126_539_20260718_80.xml,PH1121126:539,BLUS:PH1121126:539:624,BLUS,VJ6,2026-07-21T16:10:00.000+05:45,Monday|Tuesday|Wednesday|Thursday|Friday,37,624
BODS_PH1121126_506_20260601_111.xml,PH1121126:506,BLUS:PH1121126:506:19,BLUS,VJ61,2026-07-21T14:02:00.000+05:45,Monday|Tuesday|Wednesday|Thursday|Friday,50,19
BODS_PH1121126_506_20260718_116.xml,PH1121126:506,BLUS:PH1121126:506:19a,BLUS,VJ117,2026-07-21T18:20:00.000+05:45,Saturday,49,19a
BODS_PH1121126_203_20260718_123.xml,PH1121126:203,BLUS:PH1121126:203:2,BLUS,VJ63,2026-07-21T16:30:00.000+05:45,Sunday,51,2
BODS_PH1121126_298_20260830_119.xml,PH1121126:298,BLUS:PH1121126:298:7,BLUS,VJ20,2026-07-21T12:38:00.000+05:45,Saturday,46,7
BODS_PH1121126_302_20260601_125.xml,PH1121126:302,BLUS:PH1121126:302:17,BLUS,VJ124,2026-07-21T07:54:00.000+05:45,Monday|Tuesday|Wednesday|Thursday|Friday,53,17
BODS_PH1121126_506_20260718_116.xml,PH1121126:506,BLUS:PH1121126:506:19a,BLUS,VJ103,2026-07-21T12:17:00.000+05:45,Monday|Tuesday|Wednesday|Thursday|Friday,49,19a
BODS_PH1121126_298_20260601_111.xml,PH1121126:298,BLUS:PH1121126:298:7,BLUS,VJ79,2026-07-21T20:10:00.000+05:45,Sunday,45,7
BODS_PH1121126_199_20260718_116.xml,PH1121126:199,BLUS:PH1121126:199:8,BLUS,VJ43,2026-07-21T09:45:00.000+05:45,Monday|Tuesday|Wednesday|Thursday|Friday,52,8
BODS_PH1121126_204_20260718_122.xml,PH1121126:204,BLUS:PH1121126:204:1,BLUS,VJ50,2026-07-21T15:30:00.000+05:45,Saturday,43,1
BODS_PH1121126_196_20260718_123.xml,PH1121126:196,BLUS:PH1121126:196:16,BLUS,VJ104,2026-07-21T08:53:00.000+05:45,Sunday,18,16
BODS_PH1121126_237_20260412_115.xml,PH1121126:237,BLUS:PH1121126:237:QC,BLUS,VJ57,2026-07-21T15:15:00.000+05:45,Monday|Tuesday|Wednesday|Thursday|Friday,6,QC
BODS_PH1121126_417_20260718_120.xml,PH1121126:417,BLUS:PH1121126:417:621,BLUS,VJ3,2026-07-21T16:10:00.000+05:45,Monday|Tuesday|Wednesday|Thursday|Friday,32,621
BODS_PH1121126_204_20260601_117.xml,PH1121126:204,BLUS:PH1121126:204:1,BLUS,VJ376,2026-07-21T00:55:00.000+05:45,Saturday,46,1
BODS_PH1121126_302_20260830_132.xml,PH1121126:302,BLUS:PH1121126:302:17,BLUS,VJ494,2026-07-21T08:02:00.000+05:45,Sunday,15,17
BODS_PH1121126_196_20260601_118.xml,PH1121126:196,BLUS:PH1121126:196:16,BLUS,VJ108,2026-07-21T17:35:00.000+05:45,Sunday,18,16
BODS_PH1121126_195_20260830_124.xml,PH1121126:195,BLUS:PH1121126:195:18,BLUS,VJ193,2026-07-21T13:42:00.000+05:45,Monday|Tuesday|Wednesday|Thursday|Friday,55,18
BODS_PH1121126_575_20260830_20.xml,PH1121126:575,BLUS:PH1121126:575:PR1,BLUS,VJ127,2026-07-21T16:10:00.000+05:45,Sunday,2,PR1
BODS_PH1121126_202_20260718_134.xml,PH1121126:202,BLUS:PH1121126:202:3,BLUS,VJ5,2026-07-21T13:00:00.000+05:45,Saturday,70,3
BODS_PH1121126_198_20260718_114.xml,PH1121126:198,BLUS:PH1121126:198:9,BLUS,VJ54,2026-07-21T10:10:00.000+05:45,Saturday,42,9
BODS_PH1121126_237_20260412_115.xml,PH1121126:237,BLUS:PH1121126:237:QC,BLUS,VJ10,2026-07-21T13:45:00.000+05:45,Monday|Tuesday|Wednesday|Thursday|Friday,6,QC
BODS_PH1121126_195_20260601_117.xml,PH1121126:195,BLUS:PH1121126:195:18,BLUS,VJ375,2026-07-21T05:20:00.000+05:45,Monday|Tuesday|Wednesday|Thursday|Friday,34,18
BODS_PH1121126_197_20260718_113.xml,PH1121126:197,BLUS:PH1121126:197:12,BLUS,VJ76,2026-07-21T09:03:00.000+05:45,Sunday,22,12
BODS_PH1121126_195_20260601_117.xml,PH1121126:195,BLUS:PH1121126:195:N18,BLUS,VJ248,2026-07-21T02:08:00.000+05:45,Monday|Tuesday|Wednesday|Thursday|Friday,29,N18
BODS_PH1121126_197_20260830_115.xml,PH1121126:197,BLUS:PH1121126:197:11,BLUS,VJ147,2026-07-21T08:48:00.000+05:45,Monday|Tuesday|Wednesday|Thursday|Friday,20,11
BODS_PH1121126_196_20260601_118.xml,PH1121126:196,BLUS:PH1121126:196:16,BLUS,VJ200,2026-07-21T17:18:00.000+05:45,Monday|Tuesday|Wednesday|Thursday|Friday,26,16
BODS_PH1121126_198_20260412_111.xml,PH1121126:198,BLUS:PH1121126:198:9,BLUS,VJ134,2026-07-21T06:50:00.000+05:45,Monday|Tuesday|Wednesday|Thursday|Friday,48,9
BODS_PH1121126_504_20260718_116.xml,PH1121126:504,BLUS:PH1121126:504:14,BLUS,VJ72,2026-07-21T17:55:00.000+05:45,Sunday,31,14
BODS_PH1121126_195_20260718_122.xml,PH1121126:195,BLUS:PH1121126:195:18,BLUS,VJ287,2026-07-21T11:25:00.000+05:45,Saturday,35,18
BODS_PH1121126_507_20260601_103.xml,PH1121126:507,BLUS:PH1121126:507:20,BLUS,VJ101,2026-07-21T16:45:00.000+05:45,Monday|Tuesday|Wednesday|Thursday|Friday,16,20
BODS_PH1121126_502_20260718_110.xml,PH1121126:502,BLUS:PH1121126:502:10,BLUS,VJ34,2026-07-21T10:37:00.000+05:45,Saturday,36,10
BODS_PH1121126_506_20260718_116.xml,PH1121126:506,BLUS:PH1121126:506:19,BLUS,VJ343,2026-07-21T06:05:00.000+05:45,Sunday,52,19
BODS_PH1121126_575_20260830_20.xml,PH1121126:575,BLUS:PH1121126:575:PR1,BLUS,VJ25,2026-07-21T10:40:00.000+05:45,Sunday,3,PR1
BODS_PH1121126_204_20260830_124.xml,PH1121126:204,BLUS:PH1121126:204:1,BLUS,VJ160,2026-07-21T18:25:00.000+05:45,Saturday,43,1
BODS_PH1121126_528_20260718_82.xml,PH1121126:528,BLUS:PH1121126:528:23,BLUS,VJ7,2026-07-21T09:20:00.000+05:45,Saturday,15,23
BODS_PH1121126_201_20260830_120.xml,PH1121126:201,BLUS:PH1121126:201:4,BLUS,VJ138,2026-07-21T08:10:00.000+05:45,Saturday,48,4
BODS_PH1121126_507_20260830_110.xml,PH1121126:507,BLUS:PH1121126:507:20,BLUS,VJ201,2026-07-21T14:57:00.000+05:45,Saturday,35,20
BODS_PH1121126_201_20260601_113.xml,PH1121126:201,BLUS:PH1121126:201:4,BLUS,VJ98,2026-07-21T13:32:00.000+05:45,Saturday,48,4
BODS_PH1121126_195_20260830_124.xml,PH1121126:195,BLUS:PH1121126:195:18,BLUS,VJ441,2026-07-21T07:20:00.000+05:45,Monday|Tuesday|Wednesday|Thursday|Friday,35,18
BODS_PH1121126_195_20260601_117.xml,PH1121126:195,BLUS:PH1121126:195:18,BLUS,VJ66,2026-07-21T11:03:00.000+05:45,Saturday,54,18
BODS_PH1121126_507_20260718_108.xml,PH1121126:507,BLUS:PH1121126:507:20,BLUS,VJ307,2026-07-21T18:52:00.000+05:45,Sunday,35,20
BODS_PH1121126_506_20260718_116.xml,PH1121126:506,BLUS:PH1121126:506:19,BLUS,VJ351,2026-07-21T20:05:00.000+05:45,Sunday,52,19
BODS_PH1121126_563_20260830_22.xml,PH1121126:563,BLUS:PH1121126:563:61,BLUS,VJ1,2026-07-21T05:12:00.000+05:45,Monday|Tuesday|Wednesday|Thursday|Friday,26,61
BODS_PH1121126_203_20260718_123.xml,PH1121126:203,BLUS:PH1121126:203:2,BLUS,VJ300,2026-07-21T19:28:00.000+05:45,Sunday,61,2
BODS_PH1121126_302_20260830_132.xml,PH1121126:302,BLUS:PH1121126:302:17,BLUS,VJ193,2026-07-21T15:15:00.000+05:45,Sunday,54,17
BODS_PH1121126_507_20260830_110.xml,PH1121126:507,BLUS:PH1121126:507:20,BLUS,VJ103,2026-07-21T17:17:00.000+05:45,Monday|Tuesday|Wednesday|Thursday|Friday,17,20
BODS_PH1121126_196_20260830_125.xml,PH1121126:196,BLUS:PH1121126:196:16,BLUS,VJ6,2026-07-21T11:10:00.000+05:45,Saturday,36,16
BODS_PH1121126_195_20260830_124.xml,PH1121126:195,BLUS:PH1121126:195:18,BLUS,VJ406,2026-07-21T14:15:00.000+05:45,Monday|Tuesday|Wednesday|Thursday|Friday,35,18
BODS_PH1121126_506_20260830_118.xml,PH1121126:506,BLUS:PH1121126:506:19a,BLUS,VJ155,2026-07-21T17:16:00.000+05:45,Saturday,49,19a
BODS_PH1121126_302_20260830_132.xml,PH1121126:302,BLUS:PH1121126:302:17,BLUS,VJ54,2026-07-21T13:22:00.000+05:45,Saturday,54,17
BODS_PH1121126_506_20260601_111.xml,PH1121126:506,BLUS:PH1121126:506:19,BLUS,VJ65,2026-07-21T07:50:00.000+05:45,Monday|Tuesday|Wednesday|Thursday|Friday,50,19
BODS_PH1121126_507_20260830_110.xml,PH1121126:507,BLUS:PH1121126:507:20,BLUS,VJ324,2026-07-21T00:20:00.000+05:45,Saturday,20,20
BODS_PH1121126_302_20260830_132.xml,PH1121126:302,BLUS:PH1121126:302:17,BLUS,VJ265,2026-07-21T11:40:00.000+05:45,Sunday,50,17
BODS_PH1121126_502_20260830_112.xml,PH1121126:502,BLUS:PH1121126:502:10,BLUS,VJ25,2026-07-21T13:36:00.000+05:45,Monday|Tuesday|Wednesday|Thursday|Friday,33,10
BODS_PH1121126_204_20260718_122.xml,PH1121126:204,BLUS:PH1121126:204:1,BLUS,VJ314,2026-07-21T12:45:00.000+05:45,Sunday,47,1
BODS_PH1121126_196_20260830_125.xml,PH1121126:196,BLUS:PH1121126:196:16,BLUS,VJ28,2026-07-21T13:10:00.000+05:45,Monday|Tuesday|Wednesday|Thursday|Friday,36,16
BODS_PH1121126_198_20260412_111.xml,PH1121126:198,BLUS:PH1121126:198:9,BLUS,VJ174,2026-07-21T23:15:00.000+05:45,Monday|Tuesday|Wednesday|Thursday|Friday,55,9
BODS_PH1121126_195_20260830_124.xml,PH1121126:195,BLUS:PH1121126:195:18,BLUS,VJ297,2026-07-21T13:05:00.000+05:45,Saturday,35,18
BODS_PH1121126_204_20260830_124.xml,PH1121126:204,BLUS:PH1121126:204:1,BLUS,VJ324,2026-07-21T16:05:00.000+05:45,Sunday,47,1
BODS_PH1121126_204_20260718_122.xml,PH1121126:204,BLUS:PH1121126:204:1,BLUS,VJ22,2026-07-21T10:50:00.000+05:45,Saturday,43,1
BODS_PH1121126_204_20260830_124.xml,PH1121126:204,BLUS:PH1121126:204:1,BLUS,VJ402,2026-07-21T06:50:00.000+05:45,Saturday,47,1
BODS_PH1121126_204_20260718_122.xml,PH1121126:204,BLUS:PH1121126:204:1,BLUS,VJ342,2026-07-21T22:50:00.000+05:45,Saturday,47,1
BODS_PH1121126_298_20260601_111.xml,PH1121126:298,BLUS:PH1121126:298:7,BLUS,VJ40,2026-07-21T21:50:00.000+05:45,Saturday,13,7
BODS_PH1121126_195_20260601_117.xml,PH1121126:195,BLUS:PH1121126:195:18,BLUS,VJ223,2026-07-21T17:10:00.000+05:45,Monday|Tuesday|Wednesday|Thursday|Friday,54,18
BODS_PH1121126_195_20260830_124.xml,PH1121126:195,BLUS:PH1121126:195:18,BLUS,VJ95,2026-07-21T16:17:00.000+05:45,Saturday,55,18
BODS_PH1121126_575_20260718_18.xml,PH1121126:575,BLUS:PH1121126:575:PR1,BLUS,VJ7,2026-07-21T12:00:00.000+05:45,Saturday,3,PR1
BODS_PH1121126_195_20260718_122.xml,PH1121126:195,BLUS:PH1121126:195:18,BLUS,VJ229,2026-07-21T18:26:00.000+05:45,Monday|Tuesday|Wednesday|Thursday|Friday,55,18
BODS_UZ000BLUS_26_20260830_1.xml,UZ000BLUS:26,BLUS:UZ000BLUS:26:26,BLUS,VJ52,2026-07-21T15:23:00.000+05:45,Monday|Tuesday|Wednesday|Thursday|Friday,40,26
BODS_PH1121126_302_20260830_132.xml,PH1121126:302,BLUS:PH1121126:302:17,BLUS,VJ186,2026-07-21T08:55:00.000+05:45,Sunday,54,17
BODS_PH1121126_198_20260718_114.xml,PH1121126:198,BLUS:PH1121126:198:9,BLUS,VJ138,2026-07-21T14:31:00.000+05:45,Monday|Tuesday|Wednesday|Thursday|Friday,48,9
BODS_PH1121126_302_20260718_130.xml,PH1121126:302,BLUS:PH1121126:302:17,BLUS,VJ317,2026-07-21T07:10:00.000+05:45,Monday|Tuesday|Wednesday|Thursday|Friday,50,17
BODS_PH1121126_507_20260601_103.xml,PH1121126:507,BLUS:PH1121126:507:20,BLUS,VJ191,2026-07-21T15:47:00.000+05:45,Sunday,34,20
BODS_PH1121126_506_20260718_116.xml,PH1121126:506,BLUS:PH1121126:506:19,BLUS,VJ200,2026-07-21T09:07:00.000+05:45,Monday|Tuesday|Wednesday|Thursday|Friday,52,19
BODS_PH1121126_203_20260718_123.xml,PH1121126:203,BLUS:PH1121126:203:2,BLUS,VJ20,2026-07-21T15:55:00.000+05:45,Saturday,51,2
BODS_PH1121126_204_20260718_122.xml,PH1121126:204,BLUS:PH1121126:204:1,BLUS,VJ110,2026-07-21T15:20:00.000+05:45,Sunday,43,1
BODS_PH1121126_237_20260830_120.xml,PH1121126:237,BLUS:PH1121126:237:QC,BLUS,VJ55,2026-07-21T13:30:00.000+05:45,Monday|Tuesday|Wednesday|Thursday|Friday,6,QC
BODS_PH1121126_204_20260601_117.xml,PH1121126:204,BLUS:PH1121126:204:1,BLUS,VJ325,2026-07-21T16:25:00.000+05:45,Sunday,46,1
BODS_PH1121126_204_20260830_124.xml,PH1121126:204,BLUS:PH1121126:204:1,BLUS,VJ105,2026-07-21T13:40:00.000+05:45,Sunday,43,1
BODS_PH1121126_503_20260718_117.xml,PH1121126:503,BLUS:PH1121126:503:13,BLUS,VJ111,2026-07-21T13:27:00.000+05:45,Saturday,31,13
BODS_PH1121126_505_20260718_118.xml,PH1121126:505,BLUS:PH1121126:505:15,BLUS,VJ20,2026-07-21T14:57:00.000+05:45,Monday|Tuesday|Wednesday|Thursday|Friday,35,15
BODS_PH1121126_196_20260718_123.xml,PH1121126:196,BLUS:PH1121126:196:16,BLUS,VJ204,2026-07-21T19:18:00.000+05:45,Monday|Tuesday|Wednesday|Thursday|Friday,28,16
BODS_PH1121126_195_20260718_122.xml,PH1121126:195,BLUS:PH1121126:195:18,BLUS,VJ193,2026-07-21T13:42:00.000+05:45,Monday|Tuesday|Wednesday|Thursday|Friday,55,18
BODS_PH1121126_503_20260718_117.xml,PH1121126:503,BLUS:PH1121126:503:13,BLUS,VJ32,2026-07-21T08:33:00.000+05:45,Saturday,21,13
BODS_PH1121126_298_20260601_111.xml,PH1121126:298,BLUS:PH1121126:298:7,BLUS,VJ65,2026-07-21T07:00:00.000+05:45,Saturday,51,7
BODS_PH1121126_506_20260601_111.xml,PH1121126:506,BLUS:PH1121126:506:19,BLUS,VJ221,2026-07-21T14:00:00.000+05:45,Sunday,51,19
BODS_PH1121126_199_20260412_113.xml,PH1121126:199,BLUS:PH1121126:199:8,BLUS,VJ27,2026-07-21T07:30:00.000+05:45,Monday|Tuesday|Wednesday|Thursday|Friday,51,8
BODS_PH1121126_196_20260830_125.xml,PH1121126:196,BLUS:PH1121126:196:16,BLUS,VJ77,2026-07-21T09:32:00.000+05:45,Saturday,43,16
BODS_PH1121126_302_20260718_130.xml,PH1121126:302,BLUS:PH1121126:302:17,BLUS,VJ143,2026-07-21T10:35:00.000+05:45,Saturday,54,17
BODS_PH1121126_529_20260718_81.xml,PH1121126:529,BLUS:PH1121126:529:24,BLUS,VJ19,2026-07-21T11:45:00.000+05:45,Saturday,36,24
BODS_PH1121126_196_20260718_123.xml,PH1121126:196,BLUS:PH1121126:196:16,BLUS,VJ181,2026-07-21T11:24:00.000+05:45,Sunday,28,16
BODS_PH1121126_298_20260601_111.xml,PH1121126:298,BLUS:PH1121126:298:7,BLUS,VJ13,2026-07-21T14:25:00.000+05:45,Monday|Tuesday|Wednesday|Thursday|Friday,51,7
BODS_PH1121126_506_20260601_111.xml,PH1121126:506,BLUS:PH1121126:506:19,BLUS,VJ271,2026-07-21T10:20:00.000+05:45,Sunday,51,19
BODS_PH1121126_302_20260718_130.xml,PH1121126:302,BLUS:PH1121126:302:17,BLUS,VJ172,2026-07-21T08:55:00.000+05:45,Saturday,54,17
BODS_PH1121126_201_20260601_113.xml,PH1121126:201,BLUS:PH1121126:201:4,BLUS,VJ102,2026-07-21T15:32:00.000+05:45,Saturday,48,4
BODS_PH1121126_302_20260718_130.xml,PH1121126:302,BLUS:PH1121126:302:17,BLUS,VJ49,2026-07-21T13:17:00.000+05:45,Monday|Tuesday|Wednesday|Thursday|Friday,54,17
BODS_PH1121126_504_20260601_111.xml,PH1121126:504,BLUS:PH1121126:504:14,BLUS,VJ21,2026-07-21T13:25:00.000+05:45,Saturday,31,14
BODS_PH1121126_204_20260601_117.xml,PH1121126:204,BLUS:PH1121126:204:1,BLUS,VJ14,2026-07-21T07:45:00.000+05:45,Monday|Tuesday|Wednesday|Thursday|Friday,44,1
BODS_PH1121126_195_20260718_122.xml,PH1121126:195,BLUS:PH1121126:195:N18,BLUS,VJ262,2026-07-21T03:15:00.000+05:45,Sunday,26,N18
BODS_PH1121126_506_20260830_118.xml,PH1121126:506,BLUS:PH1121126:506:19a,BLUS,VJ299,2026-07-21T14:25:00.000+05:45,Saturday,51,19a
BODS_PH1121126_287_20260906_26.xml,PH1121126:287,BLUS:PH1121126:287:SDR,BLUS,VJ1,2026-07-21T09:15:00.000+05:45,Sunday,30,SDR
BODS_PH1121126_504_20260718_116.xml,PH1121126:504,BLUS:PH1121126:504:14,BLUS,VJ33,2026-07-21T22:30:00.000+05:45,Monday|Tuesday|Wednesday|Thursday|Friday,31,14
BODS_PH1121126_475_20260830_109.xml,PH1121126:475,BLUS:PH1121126:475:625,BLUS,VJ7,2026-07-21T09:15:00.000+05:45,Tuesday|Wednesday|Thursday|Friday,42,625
BODS_PH1121126_506_20260830_118.xml,PH1121126:506,BLUS:PH1121126:506:19a,BLUS,VJ144,2026-07-21T16:43:00.000+05:45,Monday|Tuesday|Wednesday|Thursday|Friday,49,19a
BODS_PH1121126_575_20260531_15.xml,PH1121126:575,BLUS:PH1121126:575:PR1,BLUS,VJ95,2026-07-21T11:30:00.000+05:45,Sunday,2,PR1
BODS_PH1121126_195_20260718_122.xml,PH1121126:195,BLUS:PH1121126:195:18,BLUS,VJ369,2026-07-21T15:06:00.000+05:45,Monday|Tuesday|Wednesday|Thursday|Friday,35,18
BODS_PH1121126_204_20260601_117.xml,PH1121126:204,BLUS:PH1121126:204:1,BLUS,VJ271,2026-07-21T17:40:00.000+05:45,Saturday,46,1
BODS_PH1121126_302_20260601_125.xml,PH1121126:302,BLUS:PH1121126:302:17,BLUS,VJ198,2026-07-21T00:15:00.000+05:45,Saturday,53,17
BODS_PH1121126_507_20260830_110.xml,PH1121126:507,BLUS:PH1121126:507:20,BLUS,VJ128,2026-07-21T19:10:00.000+05:45,Saturday,17,20
BODS_PH1121126_195_20260830_124.xml,PH1121126:195,BLUS:PH1121126:195:18,BLUS,VJ448,2026-07-21T00:35:00.000+05:45,Saturday,35,18
BODS_PH1121126_504_20260830_118.xml,PH1121126:504,BLUS:PH1121126:504:14,BLUS,VJ18,2026-07-21T11:55:00.000+05:45,Saturday,31,14
BODS_PH1121126_504_20260718_116.xml,PH1121126:504,BLUS:PH1121126:504:14,BLUS,VJ35,2026-07-21T20:30:00.000+05:45,Saturday,31,14
BODS_PH1121126_302_20260601_125.xml,PH1121126:302,BLUS:PH1121126:302:17,BLUS,VJ485,2026-07-21T17:38:00.000+05:45,Monday|Tuesday|Wednesday|Thursday|Friday,49,17
BODS_PH1121126_502_20260718_110.xml,PH1121126:502,BLUS:PH1121126:502:10,BLUS,VJ3,2026-07-21T11:13:00.000+05:45,Monday|Tuesday|Wednesday|Thursday|Friday,23,10
BODS_PH1121126_195_20260718_122.xml,PH1121126:195,BLUS:PH1121126:195:18,BLUS,VJ289,2026-07-21T11:45:00.000+05:45,Saturday,35,18
BODS_PH1121126_504_20260601_111.xml,PH1121126:504,BLUS:PH1121126:504:14,BLUS,VJ49,2026-07-21T14:25:00.000+05:45,Monday|Tuesday|Wednesday|Thursday|Friday,31,14
BODS_PH1121126_204_20260830_124.xml,PH1121126:204,BLUS:PH1121126:204:1,BLUS,VJ244,2026-07-21T13:10:00.000+05:45,Saturday,47,1
BODS_PH1121126_198_20260718_114.xml,PH1121126:198,BLUS:PH1121126:198:9,BLUS,VJ47,2026-07-21T07:50:00.000+05:45,Monday|Tuesday|Wednesday|Thursday|Friday,42,9
BODS_PH1121126_204_20260601_117.xml,PH1121126:204,BLUS:PH1121126:204:1,BLUS,VJ374,2026-07-21T00:55:00.000+05:45,Monday|Tuesday|Wednesday|Thursday|Friday,46,1
BODS_PH1121126_506_20260830_118.xml,PH1121126:506,BLUS:PH1121126:506:19,BLUS,VJ35,2026-07-21T15:20:00.000+05:45,Sunday,51,19
BODS_PH1121126_196_20260718_123.xml,PH1121126:196,BLUS:PH1121126:196:16,BLUS,VJ45,2026-07-21T09:30:00.000+05:45,Saturday,18,16
BODS_PH1121126_505_20260601_113.xml,PH1121126:505,BLUS:PH1121126:505:15,BLUS,VJ141,2026-07-21T06:35:00.000+05:45,Monday|Tuesday|Wednesday|Thursday|Friday,32,15
BODS_PH1121126_302_20260830_132.xml,PH1121126:302,BLUS:PH1121126:302:17,BLUS,VJ161,2026-07-21T23:15:00.000+05:45,Monday|Tuesday|Wednesday|Thursday|Friday,54,17
BODS_PH1121126_204_20260601_117.xml,PH1121126:204,BLUS:PH1121126:204:1,BLUS,VJ285,2026-07-21T10:40:00.000+05:45,Monday|Tuesday|Wednesday|Thursday|Friday,46,1
BODS_PH1121126_198_20260830_116.xml,PH1121126:198,BLUS:PH1121126:198:9,BLUS,VJ147,2026-07-21T10:22:00.000+05:45,Monday|Tuesday|Wednesday|Thursday|Friday,43,9
BODS_PH1121126_204_20260830_124.xml,PH1121126:204,BLUS:PH1121126:204:1,BLUS,VJ206,2026-07-21T19:25:00.000+05:45,Monday|Tuesday|Wednesday|Thursday|Friday,43,1
BODS_PH1121126_203_20260718_123.xml,PH1121126:203,BLUS:PH1121126:203:2,BLUS,VJ243,2026-07-21T20:13:00.000+05:45,Sunday,61,2
BODS_PH1121126_203_20260830_125.xml,PH1121126:203,BLUS:PH1121126:203:2,BLUS,VJ230,2026-07-21T22:13:00.000+05:45,Monday|Tuesday|Wednesday|Thursday|Friday,61,2
BODS_PH1121126_195_20260830_124.xml,PH1121126:195,BLUS:PH1121126:195:18,BLUS,VJ14,2026-07-21T12:13:00.000+05:45,Sunday,55,18
BODS_PH1121126_507_20260830_110.xml,PH1121126:507,BLUS:PH1121126:507:20,BLUS,VJ243,2026-07-21T15:12:00.000+05:45,Monday|Tuesday|Wednesday|Thursday|Friday,35,20
BODS_PH1121126_204_20260601_117.xml,PH1121126:204,BLUS:PH1121126:204:1,BLUS,VJ307,2026-07-21T10:25:00.000+05:45,Sunday,46,1
BODS_PH1121126_204_20260830_124.xml,PH1121126:204,BLUS:PH1121126:204:1,BLUS,VJ19,2026-07-21T10:20:00.000+05:45,Saturday,43,1
BODS_PH1121126_204_20260718_122.xml,PH1121126:204,BLUS:PH1121126:204:1,BLUS,VJ200,2026-07-21T17:55:00.000+05:45,Saturday,43,1
BODS_PH1121126_302_20260830_132.xml,PH1121126:302,BLUS:PH1121126:302:17,BLUS,VJ227,2026-07-21T04:55:00.000+05:45,Monday|Tuesday|Wednesday|Thursday|Friday,54,17
BODS_PH1121126_504_20260830_118.xml,PH1121126:504,BLUS:PH1121126:504:14,BLUS,VJ32,2026-07-21T16:35:00.000+05:45,Monday|Tuesday|Wednesday|Thursday|Friday,31,14
BODS_PH1121126_575_20260718_18.xml,PH1121126:575,BLUS:PH1121126:575:PR1,BLUS,VJ46,2026-07-21T09:00:00.000+05:45,Saturday,3,PR1
BODS_PH1121126_575_20260830_20.xml,PH1121126:575,BLUS:PH1121126:575:PR2,BLUS,VJ155,2026-07-21T15:40:00.000+05:45,Monday|Tuesday|Wednesday|Thursday|Friday|Saturday|Sunday,1,PR2
BODS_PH1121126_195_20260718_122.xml,PH1121126:195,BLUS:PH1121126:195:18,BLUS,VJ192,2026-07-21T06:12:00.000+05:45,Monday|Tuesday|Wednesday|Thursday|Friday,55,18
BODS_PH1121126_197_20260830_115.xml,PH1121126:197,BLUS:PH1121126:197:12,BLUS,VJ175,2026-07-21T17:40:00.000+05:45,Saturday,33,12
BODS_PH1121126_503_20260328_110.xml,PH1121126:503,BLUS:PH1121126:503:13,BLUS,VJ98,2026-07-21T23:42:00.000+05:45,Monday|Tuesday|Wednesday|Thursday|Friday,13,13
BODS_PH1121126_195_20260601_117.xml,PH1121126:195,BLUS:PH1121126:195:18,BLUS,VJ477,2026-07-21T10:47:00.000+05:45,Sunday,34,18
BODS_PH1121126_529_20260718_81.xml,PH1121126:529,BLUS:PH1121126:529:24,BLUS,VJ27,2026-07-21T11:49:00.000+05:45,Monday|Tuesday|Wednesday|Thursday|Friday,49,24
BODS_PH1121126_204_20260601_117.xml,PH1121126:204,BLUS:PH1121126:204:1,BLUS,VJ72,2026-07-21T10:20:00.000+05:45,Monday|Tuesday|Wednesday|Thursday|Friday,42,1
BODS_PH1121126_506_20260830_118.xml,PH1121126:506,BLUS:PH1121126:506:19a,BLUS,VJ334,2026-07-21T21:27:00.000+05:45,Saturday,51,19a
BODS_PH1121126_204_20260830_124.xml,PH1121126:204,BLUS:PH1121126:204:1,BLUS,VJ372,2026-07-21T15:50:00.000+05:45,Monday|Tuesday|Wednesday|Thursday|Friday,47,1
BODS_PH1121126_195_20260830_124.xml,PH1121126:195,BLUS:PH1121126:195:18,BLUS,VJ63,2026-07-21T10:33:00.000+05:45,Saturday,55,18
BODS_PH1121126_196_20260601_118.xml,PH1121126:196,BLUS:PH1121126:196:16,BLUS,VJ4,2026-07-21T08:00:00.000+05:45,Monday|Tuesday|Wednesday|Thursday|Friday,18,16
BODS_PH1121126_506_20260718_116.xml,PH1121126:506,BLUS:PH1121126:506:19,BLUS,VJ304,2026-07-21T16:37:00.000+05:45,Saturday,52,19
BODS_PH1121126_195_20260830_124.xml,PH1121126:195,BLUS:PH1121126:195:18,BLUS,VJ500,2026-07-21T04:45:00.000+05:45,Sunday,35,18
BODS_PH1121126_204_20260718_122.xml,PH1121126:204,BLUS:PH1121126:204:1,BLUS,VJ1,2026-07-21T05:50:00.000+05:45,Monday|Tuesday|Wednesday|Thursday|Friday,45,1
BODS_PH1121126_195_20260718_122.xml,PH1121126:195,BLUS:PH1121126:195:18,BLUS,VJ489,2026-07-21T13:47:00.000+05:45,Sunday,35,18
BODS_PH1121126_475_20260328_107.xml,PH1121126:475,BLUS:PH1121126:475:627,BLUS,VJ4,2026-07-21T09:15:00.000+05:45,Monday,19,627
BODS_PH1121126_200_20260718_118.xml,PH1121126:200,BLUS:PH1121126:200:5,BLUS,VJ56,2026-07-21T07:00:00.000+05:45,Tuesday|Wednesday|Thursday|Friday,69,5
BODS_PH1121126_506_20260830_118.xml,PH1121126:506,BLUS:PH1121126:506:19,BLUS,VJ72,2026-07-21T08:05:00.000+05:45,Saturday,51,19
BODS_PH1121126_298_20260830_119.xml,PH1121126:298,BLUS:PH1121126:298:7,BLUS,VJ154,2026-07-21T20:04:00.000+05:45,Sunday,24,7
BODS_PH1121126_302_20260718_130.xml,PH1121126:302,BLUS:PH1121126:302:17,BLUS,VJ48,2026-07-21T13:07:00.000+05:45,Monday|Tuesday|Wednesday|Thursday|Friday,54,17
BODS_PH1121126_507_20260830_110.xml,PH1121126:507,BLUS:PH1121126:507:20,BLUS,VJ240,2026-07-21T13:25:00.000+05:45,Saturday,35,20
BODS_UZ000BLUS_6_20260830_1.xml,UZ000BLUS:6,BLUS:UZ000BLUS:6:6,BLUS,VJ3,2026-07-21T08:55:00.000+05:45,Monday|Tuesday|Wednesday|Thursday|Friday,20,6
BODS_PH1121126_506_20260601_111.xml,PH1121126:506,BLUS:PH1121126:506:19a,BLUS,VJ299,2026-07-21T11:55:00.000+05:45,Monday|Tuesday|Wednesday|Thursday|Friday,50,19a
BODS_PH1121126_204_20260718_122.xml,PH1121126:204,BLUS:PH1121126:204:1,BLUS,VJ265,2026-07-21T16:40:00.000+05:45,Saturday,47,1
BODS_PH1121126_302_20260601_125.xml,PH1121126:302,BLUS:PH1121126:302:17,BLUS,VJ318,2026-07-21T16:20:00.000+05:45,Saturday,49,17
BODS_PH1121126_562_20260718_25.xml,PH1121126:562,BLUS:PH1121126:562:21,BLUS,VJ3,2026-07-21T11:15:00.000+05:45,Monday|Tuesday|Wednesday|Thursday|Friday,45,21
BODS_PH1121126_195_20260601_117.xml,PH1121126:195,BLUS:PH1121126:195:18,BLUS,VJ167,2026-07-21T05:47:00.000+05:45,Saturday,54,18
BODS_PH1121126_196_20260601_118.xml,PH1121126:196,BLUS:PH1121126:196:16,BLUS,VJ131,2026-07-21T11:50:00.000+05:45,Saturday,26,16
BODS_PH1121126_505_20260830_120.xml,PH1121126:505,BLUS:PH1121126:505:15,BLUS,VJ26,2026-07-21T16:35:00.000+05:45,Saturday,35,15
BODS_PH1121126_506_20260718_116.xml,PH1121126:506,BLUS:PH1121126:506:19,BLUS,VJ166,2026-07-21T18:20:00.000+05:45,Sunday,51,19
BODS_PH1121126_204_20260830_124.xml,PH1121126:204,BLUS:PH1121126:204:1,BLUS,VJ199,2026-07-21T19:10:00.000+05:45,Sunday,43,1
BODS_PH1121126_196_20260830_125.xml,PH1121126:196,BLUS:PH1121126:196:16,BLUS,VJ68,2026-07-21T23:05:00.000+05:45,Saturday,49,16
BODS_PH1121126_204_20260601_117.xml,PH1121126:204,BLUS:PH1121126:204:1,BLUS,VJ223,2026-07-21T09:15:00.000+05:45,Saturday,46,1
BODS_PH1121126_198_20260412_111.xml,PH1121126:198,BLUS:PH1121126:198:9,BLUS,VJ22,2026-07-21T15:55:00.000+05:45,Saturday,42,9
BODS_PH1121126_203_20260830_125.xml,PH1121126:203,BLUS:PH1121126:203:2,BLUS,VJ26,2026-07-21T08:55:00.000+05:45,Monday|Tuesday|Wednesday|Thursday|Friday,51,2
BODS_PH1121126_204_20260830_124.xml,PH1121126:204,BLUS:PH1121126:204:1,BLUS,VJ10,2026-07-21T06:55:00.000+05:45,Monday|Tuesday|Wednesday|Thursday|Friday,45,1
BODS_PH1121126_204_20260830_124.xml,PH1121126:204,BLUS:PH1121126:204:1,BLUS,VJ425,2026-07-21T07:50:00.000+05:45,Monday|Tuesday|Wednesday|Thursday|Friday,47,1
BODS_PH1121126_200_20260830_120.xml,PH1121126:200,BLUS:PH1121126:200:5,BLUS,VJ91,2026-07-21T15:25:00.000+05:45,Saturday,42,5
BODS_PH1121126_506_20260601_111.xml,PH1121126:506,BLUS:PH1121126:506:19,BLUS,VJ76,2026-07-21T09:35:00.000+05:45,Sunday,50,19
BODS_PH1121126_298_20260830_119.xml,PH1121126:298,BLUS:PH1121126:298:7,BLUS,VJ55,2026-07-21T07:05:00.000+05:45,Saturday,46,7
BODS_PH1121126_201_20260830_120.xml,PH1121126:201,BLUS:PH1121126:201:4,BLUS,VJ17,2026-07-21T11:25:00.000+05:45,Saturday,48,4
BODS_PH1121126_204_20260830_124.xml,PH1121126:204,BLUS:PH1121126:204:1,BLUS,VJ421,2026-07-21T08:35:00.000+05:45,Monday|Tuesday|Wednesday|Thursday|Friday,47,1
BODS_PH1121126_298_20260718_117.xml,PH1121126:298,BLUS:PH1121126:298:7,BLUS,VJ12,2026-07-21T13:55:00.000+05:45,Monday|Tuesday|Wednesday|Thursday|Friday,52,7
BODS_PH1121126_575_20260830_20.xml,PH1121126:575,BLUS:PH1121126:575:PR1,BLUS,VJ136,2026-07-21T18:30:00.000+05:45,Saturday,2,PR1
BODS_PH1121126_507_20260830_110.xml,PH1121126:507,BLUS:PH1121126:507:20,BLUS,VJ32,2026-07-21T19:10:00.000+05:45,Monday|Tuesday|Wednesday|Thursday|Friday,17,20
BODS_PH1121126_197_20260412_110.xml,PH1121126:197,BLUS:PH1121126:197:11,BLUS,VJ278,2026-07-21T13:37:00.000+05:45,Monday|Tuesday|Wednesday|Thursday|Friday,32,11
BODS_PH1121126_507_20260601_103.xml,PH1121126:507,BLUS:PH1121126:507:20,BLUS,VJ306,2026-07-21T18:35:00.000+05:45,Saturday,34,20
BODS_PH1121126_541_20260830_83.xml,PH1121126:541,BLUS:PH1121126:541:631,BLUS,VJ3,2026-07-21T07:13:00.000+05:45,Tuesday|Wednesday|Thursday|Friday,28,631
BODS_PH1121126_204_20260830_124.xml,PH1121126:204,BLUS:PH1121126:204:1,BLUS,VJ426,2026-07-21T07:30:00.000+05:45,Monday|Tuesday|Wednesday|Thursday|Friday,47,1
BODS_PH1121126_195_20260601_117.xml,PH1121126:195,BLUS:PH1121126:195:18,BLUS,VJ507,2026-07-21T19:00:00.000+05:45,Sunday,34,18
BODS_PH1121126_507_20260601_103.xml,PH1121126:507,BLUS:PH1121126:507:20,BLUS,VJ1,2026-07-21T07:50:00.000+05:45,Monday|Tuesday|Wednesday|Thursday|Friday,16,20
BODS_PH1121126_302_20260718_130.xml,PH1121126:302,BLUS:PH1121126:302:17,BLUS,VJ334,2026-07-21T17:05:00.000+05:45,Monday|Tuesday|Wednesday|Thursday|Friday,50,17
BODS_PH1121126_504_20260601_111.xml,PH1121126:504,BLUS:PH1121126:504:14,BLUS,VJ46,2026-07-21T05:50:00.000+05:45,Monday|Tuesday|Wednesday|Thursday|Friday,31,14
BODS_PH1121126_195_20260601_117.xml,PH1121126:195,BLUS:PH1121126:195:18,BLUS,VJ427,2026-07-21T17:30:00.000+05:45,Monday|Tuesday|Wednesday|Thursday|Friday,34,18
BODS_PH1121126_196_20260718_123.xml,PH1121126:196,BLUS:PH1121126:196:16,BLUS,VJ58,2026-07-21T13:50:00.000+05:45,Saturday,18,16
BODS_PH1121126_507_20260830_110.xml,PH1121126:507,BLUS:PH1121126:507:20,BLUS,VJ88,2026-07-21T08:18:00.000+05:45,Saturday,17,20
BODS_PH1121126_203_20260718_123.xml,PH1121126:203,BLUS:PH1121126:203:2,BLUS,VJ267,2026-07-21T16:54:00.000+05:45,Monday|Tuesday|Wednesday|Thursday|Friday,61,2
BODS_PH1121126_204_20260601_117.xml,PH1121126:204,BLUS:PH1121126:204:1,BLUS,VJ360,2026-07-21T20:50:00.000+05:45,Monday|Tuesday|Wednesday|Thursday|Friday,46,1
BODS_PH1121126_204_20260830_124.xml,PH1121126:204,BLUS:PH1121126:204:1,BLUS,VJ281,2026-07-21T10:00:00.000+05:45,Monday|Tuesday|Wednesday|Thursday|Friday,47,1
BODS_PH1121126_201_20260601_113.xml,PH1121126:201,BLUS:PH1121126:201:4,BLUS,VJ148,2026-07-21T08:45:00.000+05:45,Monday|Tuesday|Wednesday|Thursday|Friday,48,4
BODS_PH1121126_507_20260830_110.xml,PH1121126:507,BLUS:PH1121126:507:20,BLUS,VJ184,2026-07-21T12:17:00.000+05:45,Sunday,35,20
BODS_PH1121126_201_20260601_113.xml,PH1121126:201,BLUS:PH1121126:201:4,BLUS,VJ32,2026-07-21T12:20:00.000+05:45,Sunday,47,4
BODS_PH1121126_302_20260601_125.xml,PH1121126:302,BLUS:PH1121126:302:17,BLUS,VJ200,2026-07-21T07:14:00.000+05:45,Monday|Tuesday|Wednesday|Thursday|Friday,53,17
BODS_PH1121126_529_20260830_83.xml,PH1121126:529,BLUS:PH1121126:529:24,BLUS,VJ43,2026-07-21T18:23:00.000+05:45,Saturday,41,24
BODS_PH1121126_203_20260718_123.xml,PH1121126:203,BLUS:PH1121126:203:2,BLUS,VJ230,2026-07-21T22:13:00.000+05:45,Monday|Tuesday|Wednesday|Thursday|Friday,61,2
BODS_PH1121126_506_20260718_116.xml,PH1121126:506,BLUS:PH1121126:506:19,BLUS,VJ333,2026-07-21T12:20:00.000+05:45,Sunday,52,19
BODS_PH1121126_200_20260328_115.xml,PH1121126:200,BLUS:PH1121126:200:5,BLUS,VJ4,2026-07-21T14:45:00.000+05:45,Saturday,36,5
BODS_PH1121126_202_20260718_134.xml,PH1121126:202,BLUS:PH1121126:202:3,BLUS,VJ57,2026-07-21T14:25:00.000+05:45,Monday|Tuesday|Wednesday|Thursday|Friday,70,3
BODS_PH1121126_562_20260830_27.xml,PH1121126:562,BLUS:PH1121126:562:21,BLUS,VJ2,2026-07-21T10:10:00.000+05:45,Monday|Tuesday|Wednesday|Thursday|Friday,45,21
BODS_PH1121126_203_20260718_123.xml,PH1121126:203,BLUS:PH1121126:203:2,BLUS,VJ60,2026-07-21T15:10:00.000+05:45,Sunday,51,2
BODS_PH1121126_203_20260830_125.xml,PH1121126:203,BLUS:PH1121126:203:2,BLUS,VJ15,2026-07-21T14:40:00.000+05:45,Saturday,51,2
BODS_PH1121126_575_20260718_18.xml,PH1121126:575,BLUS:PH1121126:575:PR1,BLUS,VJ10,2026-07-21T13:00:00.000+05:45,Saturday,3,PR1
BODS_PH1121126_198_20260830_116.xml,PH1121126:198,BLUS:PH1121126:198:9,BLUS,VJ163,2026-07-21T10:42:00.000+05:45,Monday|Tuesday|Wednesday|Thursday|Friday,42,9
BODS_PH1121126_575_20260830_20.xml,PH1121126:575,BLUS:PH1121126:575:PR1,BLUS,VJ103,2026-07-21T15:50:00.000+05:45,Saturday,2,PR1
BODS_PH1121126_204_20260718_122.xml,PH1121126:204,BLUS:PH1121126:204:1,BLUS,VJ327,2026-07-21T15:02:00.000+05:45,Monday|Tuesday|Wednesday|Thursday|Friday,47,1
BODS_PH1121126_195_20260718_122.xml,PH1121126:195,BLUS:PH1121126:195:N18,BLUS,VJ255,2026-07-21T01:08:00.000+05:45,Sunday,29,N18
BODS_PH1121126_204_20260830_124.xml,PH1121126:204,BLUS:PH1121126:204:1,BLUS,VJ435,2026-07-21T07:20:00.000+05:45,Monday|Tuesday|Wednesday|Thursday|Friday,28,1
BODS_PH1121126_195_20260830_124.xml,PH1121126:195,BLUS:PH1121126:195:18,BLUS,VJ238,2026-07-21T09:53:00.000+05:45,Saturday,55,18
BODS_PH1121126_575_20260718_18.xml,PH1121126:575,BLUS:PH1121126:575:PR1,BLUS,VJ120,2026-07-21T13:50:00.000+05:45,Sunday,2,PR1
BODS_PH1121126_203_20260601_118.xml,PH1121126:203,BLUS:PH1121126:203:2,BLUS,VJ24,2026-07-21T17:25:00.000+05:45,Saturday,50,2
BODS_PH1121126_298_20260830_119.xml,PH1121126:298,BLUS:PH1121126:298:7,BLUS,VJ8,2026-07-21T11:38:00.000+05:45,Monday|Tuesday|Wednesday|Thursday|Friday,46,7
BODS_PH1121126_506_20260830_118.xml,PH1121126:506,BLUS:PH1121126:506:19a,BLUS,VJ345,2026-07-21T07:37:00.000+05:45,Sunday,51,19a
BODS_PH1121126_506_20260718_116.xml,PH1121126:506,BLUS:PH1121126:506:19a,BLUS,VJ127,2026-07-21T07:45:00.000+05:45,Saturday,49,19a
BODS_PH1121126_204_20260601_117.xml,PH1121126:204,BLUS:PH1121126:204:1,BLUS,VJ206,2026-07-21T19:25:00.000+05:45,Monday|Tuesday|Wednesday|Thursday|Friday,42,1
BODS_PH1121126_507_20260830_110.xml,PH1121126:507,BLUS:PH1121126:507:20,BLUS,VJ203,2026-07-21T15:27:00.000+05:45,Saturday,35,20
BODS_PH1121126_506_20260718_116.xml,PH1121126:506,BLUS:PH1121126:506:19,BLUS,VJ34,2026-07-21T15:57:00.000+05:45,Monday|Tuesday|Wednesday|Thursday|Friday,51,19
BODS_PH1121126_302_20260601_125.xml,PH1121126:302,BLUS:PH1121126:302:17,BLUS,VJ354,2026-07-21T11:40:00.000+05:45,Saturday,49,17
BODS_PH1121126_196_20260718_123.xml,PH1121126:196,BLUS:PH1121126:196:16,BLUS,VJ39,2026-07-21T15:35:00.000+05:45,Sunday,18,16
BODS_PH1121126_507_20260830_110.xml,PH1121126:507,BLUS:PH1121126:507:20,BLUS,VJ96,2026-07-21T10:48:00.000+05:45,Saturday,17,20
BODS_PH1121126_506_20260601_111.xml,PH1121126:506,BLUS:PH1121126:506:19a,BLUS,VJ340,2026-07-21T20:40:00.000+05:45,Sunday,50,19a
BODS_PH1121126_195_20260718_122.xml,PH1121126:195,BLUS:PH1121126:195:18,BLUS,VJ385,2026-07-21T07:58:00.000+05:45,Monday|Tuesday|Wednesday|Thursday|Friday,35,18
BODS_PH1121126_203_20260830_125.xml,PH1121126:203,BLUS:PH1121126:203:2,BLUS,VJ279,2026-07-21T19:05:00.000+05:45,Saturday,61,2
BODS_PH1121126_197_20260718_113.xml,PH1121126:197,BLUS:PH1121126:197:12,BLUS,VJ84,2026-07-21T06:47:00.000+05:45,Monday|Tuesday|Wednesday|Thursday|Friday,22,12
BODS_PH1121126_201_20260830_120.xml,PH1121126:201,BLUS:PH1121126:201:4,BLUS,VJ103,2026-07-21T16:02:00.000+05:45,Saturday,48,4
BODS_PH1121126_507_20260718_108.xml,PH1121126:507,BLUS:PH1121126:507:20,BLUS,VJ216,2026-07-21T19:15:00.000+05:45,Monday|Tuesday|Wednesday|Thursday|Friday,35,20
BODS_PH1121126_506_20260830_118.xml,PH1121126:506,BLUS:PH1121126:506:19a,BLUS,VJ156,2026-07-21T09:05:00.000+05:45,Saturday,49,19a
BODS_PH1121126_201_20260718_118.xml,PH1121126:201,BLUS:PH1121126:201:4,BLUS,VJ151,2026-07-21T06:50:00.000+05:45,Monday|Tuesday|Wednesday|Thursday|Friday,48,4
BODS_PH1121126_302_20260718_130.xml,PH1121126:302,BLUS:PH1121126:302:17,BLUS,VJ169,2026-07-21T18:27:00.000+05:45,Saturday,54,17
BODS_PH1121126_197_20260718_113.xml,PH1121126:197,BLUS:PH1121126:197:11,BLUS,VJ123,2026-07-21T16:00:00.000+05:45,Monday|Tuesday|Wednesday|Thursday|Friday,20,11
BODS_PH1121126_507_20260718_108.xml,PH1121126:507,BLUS:PH1121126:507:20,BLUS,VJ120,2026-07-21T21:35:00.000+05:45,Monday|Tuesday|Wednesday|Thursday|Friday,17,20
BODS_PH1121126_195_20260601_117.xml,PH1121126:195,BLUS:PH1121126:195:18,BLUS,VJ74,2026-07-21T12:23:00.000+05:45,Saturday,54,18
BODS_PH1121126_302_20260718_130.xml,PH1121126:302,BLUS:PH1121126:302:17,BLUS,VJ473,2026-07-21T18:30:00.000+05:45,Sunday,50,17
BODS_PH1121126_197_20260718_113.xml,PH1121126:197,BLUS:PH1121126:197:12,BLUS,VJ213,2026-07-21T07:15:00.000+05:45,Saturday,33,12
BODS_PH1121126_298_20260718_117.xml,PH1121126:298,BLUS:PH1121126:298:7,BLUS,VJ121,2026-07-21T14:42:00.000+05:45,Monday|Tuesday|Wednesday|Thursday|Friday,61,7
BODS_PH1121126_474_20260718_113.xml,PH1121126:474,BLUS:PH1121126:474:620,BLUS,VJ10,2026-07-21T16:10:00.000+05:45,Monday|Tuesday|Wednesday|Thursday|Friday,18,620
BODS_PH1121126_203_20260718_123.xml,PH1121126:203,BLUS:PH1121126:203:2,BLUS,VJ290,2026-07-21T11:28:00.000+05:45,Saturday,61,2
BODS_PH1121126_199_20260830_118.xml,PH1121126:199,BLUS:PH1121126:199:8,BLUS,VJ7,2026-07-21T08:40:00.000+05:45,Saturday,50,8
BODS_PH1121126_563_20260601_15.xml,PH1121126:563,BLUS:PH1121126:563:61,BLUS,VJ1,2026-07-21T05:12:00.000+05:45,Monday|Tuesday|Wednesday|Thursday|Friday,25,61
BODS_PH1121126_504_20260718_116.xml,PH1121126:504,BLUS:PH1121126:504:14,BLUS,VJ24,2026-07-21T14:55:00.000+05:45,Saturday,31,14
BODS_PH1121126_504_20260601_111.xml,PH1121126:504,BLUS:PH1121126:504:14,BLUS,VJ89,2026-07-21T11:02:00.000+05:45,Saturday,41,14
BODS_PH1121126_203_20260601_118.xml,PH1121126:203,BLUS:PH1121126:203:2,BLUS,VJ98,2026-07-21T07:20:00.000+05:45,Monday|Tuesday|Wednesday|Thursday|Friday,50,2
BODS_PH1121126_302_20260830_132.xml,PH1121126:302,BLUS:PH1121126:302:17,BLUS,VJ129,2026-07-21T14:20:00.000+05:45,Saturday,54,17
BODS_PH1121126_204_20260830_124.xml,PH1121126:204,BLUS:PH1121126:204:1,BLUS,VJ204,2026-07-21T05:25:00.000+05:45,Sunday,43,1
BODS_PH1121126_298_20260601_111.xml,PH1121126:298,BLUS:PH1121126:298:7,BLUS,VJ31,2026-07-21T16:45:00.000+05:45,Monday|Tuesday|Wednesday|Thursday|Friday,51,7
BODS_PH1121126_196_20260601_118.xml,PH1121126:196,BLUS:PH1121126:196:16,BLUS,VJ133,2026-07-21T12:30:00.000+05:45,Saturday,26,16
BODS_PH1121126_204_20260601_117.xml,PH1121126:204,BLUS:PH1121126:204:1,BLUS,VJ294,2026-07-21T12:10:00.000+05:45,Monday|Tuesday|Wednesday|Thursday|Friday,46,1
BODS_PH1121126_203_20260718_123.xml,PH1121126:203,BLUS:PH1121126:203:2,BLUS,VJ113,2026-07-21T08:30:00.000+05:45,Saturday,51,2
BODS_PH1121126_336_20260718_113.xml,PH1121126:336,BLUS:PH1121126:336:H2,BLUS,VJ6,2026-07-21T11:25:00.000+05:45,Tuesday|Wednesday|Friday,49,H2
BODS_PH1121126_204_20260718_122.xml,PH1121126:204,BLUS:PH1121126:204:1,BLUS,VJ143,2026-07-21T17:12:00.000+05:45,Monday|Tuesday|Wednesday|Thursday|Friday,43,1
BODS_PH1121126_575_20260830_20.xml,PH1121126:575,BLUS:PH1121126:575:PR1,BLUS,VJ140,2026-07-21T20:00:00.000+05:45,Saturday,2,PR1
BODS_PH1121126_302_20260601_125.xml,PH1121126:302,BLUS:PH1121126:302:17,BLUS,VJ10,2026-07-21T00:25:00.000+05:45,Monday|Tuesday|Wednesday|Thursday|Friday,53,17
BODS_PH1121126_203_20260601_118.xml,PH1121126:203,BLUS:PH1121126:203:2,BLUS,VJ259,2026-07-21T20:45:00.000+05:45,Saturday,60,2
BODS_PH1121126_199_20260718_116.xml,PH1121126:199,BLUS:PH1121126:199:8,BLUS,VJ54,2026-07-21T06:15:00.000+05:45,Monday|Tuesday|Wednesday|Thursday|Friday,52,8
BODS_PH1121126_195_20260601_117.xml,PH1121126:195,BLUS:PH1121126:195:18,BLUS,VJ28,2026-07-21T15:43:00.000+05:45,Sunday,54,18
BODS_PH1121126_204_20260601_117.xml,PH1121126:204,BLUS:PH1121126:204:1,BLUS,VJ382,2026-07-21T18:20:00.000+05:45,Saturday,46,1
BODS_PH1121126_546_20260328_78.xml,PH1121126:546,BLUS:PH1121126:546:618,BLUS,VJ1,2026-07-21T07:15:00.000+05:45,Tuesday|Wednesday|Thursday|Friday,20,618
BODS_PH1121126_302_20260601_125.xml,PH1121126:302,BLUS:PH1121126:302:17,BLUS,VJ278,2026-07-21T09:55:00.000+05:45,Sunday,49,17
BODS_PH1121126_197_20260718_113.xml,PH1121126:197,BLUS:PH1121126:197:11,BLUS,VJ310,2026-07-21T07:53:00.000+05:45,Monday|Tuesday|Wednesday|Thursday|Friday,32,11
BODS_PH1121126_204_20260830_124.xml,PH1121126:204,BLUS:PH1121126:204:1,BLUS,VJ80,2026-07-21T11:40:00.000+05:45,Monday|Tuesday|Wednesday|Thursday|Friday,43,1
BODS_PH1121126_204_20260718_122.xml,PH1121126:204,BLUS:PH1121126:204:1,BLUS,VJ134,2026-07-21T14:41:00.000+05:45,Monday|Tuesday|Wednesday|Thursday|Friday,43,1
BODS_PH1121126_302_20260830_132.xml,PH1121126:302,BLUS:PH1121126:302:17,BLUS,VJ128,2026-07-21T14:10:00.000+05:45,Saturday,54,17
BODS_PH1121126_195_20260718_122.xml,PH1121126:195,BLUS:PH1121126:195:18,BLUS,VJ329,2026-07-21T13:15:00.000+05:45,Monday|Tuesday|Wednesday|Thursday|Friday,35,18
BODS_PH1121126_503_20260830_119.xml,PH1121126:503,BLUS:PH1121126:503:13,BLUS,VJ56,2026-07-21T19:15:00.000+05:45,Saturday,21,13
BODS_PH1121126_506_20260830_118.xml,PH1121126:506,BLUS:PH1121126:506:19,BLUS,VJ5,2026-07-21T10:29:00.000+05:45,Monday|Tuesday|Wednesday|Thursday|Friday,51,19
BODS_PH1121126_302_20260718_130.xml,PH1121126:302,BLUS:PH1121126:302:17,BLUS,VJ361,2026-07-21T15:00:00.000+05:45,Saturday,50,17
BODS_UZ000BLUS_6_20260830_1.xml,UZ000BLUS:6,BLUS:UZ000BLUS:6:6,BLUS,VJ40,2026-07-21T06:57:00.000+05:45,Monday|Tuesday|Wednesday|Thursday|Friday,20,6
BODS_PH1121126_507_20260718_108.xml,PH1121126:507,BLUS:PH1121126:507:20,BLUS,VJ228,2026-07-21T21:25:00.000+05:45,Saturday,35,20
BODS_UZ000BLUS_6_20260830_1.xml,UZ000BLUS:6,BLUS:UZ000BLUS:6:6,BLUS,VJ4,2026-07-21T09:27:00.000+05:45,Monday|Tuesday|Wednesday|Thursday|Friday,20,6
BODS_PH1121126_195_20260601_117.xml,PH1121126:195,BLUS:PH1121126:195:18,BLUS,VJ125,2026-07-21T19:07:00.000+05:45,Monday|Tuesday|Wednesday|Thursday|Friday,54,18
BODS_PH1121126_298_20260830_119.xml,PH1121126:298,BLUS:PH1121126:298:7,BLUS,VJ102,2026-07-21T14:45:00.000+05:45,Saturday,56,7
BODS_PH1121126_197_20260830_115.xml,PH1121126:197,BLUS:PH1121126:197:11,BLUS,VJ281,2026-07-21T10:57:00.000+05:45,Sunday,32,11
BODS_PH1121126_506_20260830_118.xml,PH1121126:506,BLUS:PH1121126:506:19a,BLUS,VJ182,2026-07-21T13:14:00.000+05:45,Monday|Tuesday|Wednesday|Thursday|Friday,49,19a
BODS_PH1121126_195_20260718_122.xml,PH1121126:195,BLUS:PH1121126:195:18,BLUS,VJ168,2026-07-21T06:17:00.000+05:45,Saturday,55,18
BODS_PH1121126_504_20260718_116.xml,PH1121126:504,BLUS:PH1121126:504:14,BLUS,VJ25,2026-07-21T15:25:00.000+05:45,Saturday,31,14
BODS_PH1121126_575_20260830_20.xml,PH1121126:575,BLUS:PH1121126:575:PR1,BLUS,VJ132,2026-07-21T08:20:00.000+05:45,Saturday,2,PR1
BODS_PH1121126_575_20260531_15.xml,PH1121126:575,BLUS:PH1121126:575:PR1,BLUS,VJ101,2026-07-21T13:30:00.000+05:45,Sunday,2,PR1
BODS_PH1121126_506_20260718_116.xml,PH1121126:506,BLUS:PH1121126:506:19a,BLUS,VJ139,2026-07-21T09:15:00.000+05:45,Monday|Tuesday|Wednesday|Thursday|Friday,49,19a
BODS_PH1121126_298_20260718_117.xml,PH1121126:298,BLUS:PH1121126:298:7,BLUS,VJ4,2026-07-21T09:05:00.000+05:45,Monday|Tuesday|Wednesday|Thursday|Friday,52,7
BODS_UZ000BLUS_26_20260830_1.xml,UZ000BLUS:26,BLUS:UZ000BLUS:26:26,BLUS,VJ49,2026-07-21T20:03:00.000+05:45,Monday|Tuesday|Wednesday|Thursday|Friday,40,26
BODS_PH1121126_507_20260601_103.xml,PH1121126:507,BLUS:PH1121126:507:20,BLUS,VJ37,2026-07-21T12:00:00.000+05:45,Saturday,16,20
BODS_PH1121126_507_20260718_108.xml,PH1121126:507,BLUS:PH1121126:507:20,BLUS,VJ21,2026-07-21T12:30:00.000+05:45,Monday|Tuesday|Wednesday|Thursday|Friday,17,20
BODS_PH1121126_506_20260718_116.xml,PH1121126:506,BLUS:PH1121126:506:19a,BLUS,VJ183,2026-07-21T08:05:00.000+05:45,Sunday,48,19a
BODS_PH1121126_198_20260412_111.xml,PH1121126:198,BLUS:PH1121126:198:9,BLUS,VJ138,2026-07-21T14:31:00.000+05:45,Monday|Tuesday|Wednesday|Thursday|Friday,48,9
BODS_PH1121126_199_20260830_118.xml,PH1121126:199,BLUS:PH1121126:199:8,BLUS,VJ14,2026-07-21T15:40:00.000+05:45,Saturday,50,8
BODS_PH1121126_302_20260718_130.xml,PH1121126:302,BLUS:PH1121126:302:17,BLUS,VJ103,2026-07-21T04:55:00.000+05:45,Saturday,54,17
BODS_PH1121126_196_20260830_125.xml,PH1121126:196,BLUS:PH1121126:196:16,BLUS,VJ137,2026-07-21T18:03:00.000+05:45,Sunday,43,16
BODS_PH1121126_561_20260718_23.xml,PH1121126:561,BLUS:PH1121126:561:22,BLUS,VJ6,2026-07-21T09:26:00.000+05:45,Tuesday|Thursday,29,22
BODS_PH1121126_575_20260531_15.xml,PH1121126:575,BLUS:PH1121126:575:PR1,BLUS,VJ33,2026-07-21T13:20:00.000+05:45,Sunday,3,PR1
BODS_PH1121126_562_20260601_20.xml,PH1121126:562,BLUS:PH1121126:562:21,BLUS,VJ8,2026-07-21T11:10:00.000+05:45,Monday|Tuesday|Wednesday|Thursday|Friday,50,21
BODS_PH1121126_197_20260412_110.xml,PH1121126:197,BLUS:PH1121126:197:12,BLUS,VJ168,2026-07-21T14:10:00.000+05:45,Saturday,33,12
BODS_PH1121126_529_20260830_83.xml,PH1121126:529,BLUS:PH1121126:529:24,BLUS,VJ14,2026-07-21T16:05:00.000+05:45,Monday|Tuesday|Wednesday|Thursday|Friday,36,24
BODS_PH1121126_302_20260830_132.xml,PH1121126:302,BLUS:PH1121126:302:17,BLUS,VJ208,2026-07-21T08:42:00.000+05:45,Monday|Tuesday|Wednesday|Thursday|Friday,54,17
BODS_PH1121126_471_20260830_123.xml,PH1121126:471,BLUS:PH1121126:471:610,BLUS,VJ4,2026-07-21T11:25:00.000+05:45,Monday,29,610
BODS_PH1121126_197_20260830_115.xml,PH1121126:197,BLUS:PH1121126:197:11,BLUS,VJ114,2026-07-21T17:55:00.000+05:45,Saturday,20,11
BODS_PH1121126_237_20260412_115.xml,PH1121126:237,BLUS:PH1121126:237:QC,BLUS,VJ39,2026-07-21T10:05:00.000+05:45,Sunday,6,QC
BODS_PH1121126_506_20260830_118.xml,PH1121126:506,BLUS:PH1121126:506:19,BLUS,VJ196,2026-07-21T16:05:00.000+05:45,Saturday,52,19
BODS_PH1121126_575_20260531_15.xml,PH1121126:575,BLUS:PH1121126:575:PR1,BLUS,VJ122,2026-07-21T20:00:00.000+05:45,Saturday,2,PR1
BODS_UZ000BLUS_26_20260830_1.xml,UZ000BLUS:26,BLUS:UZ000BLUS:26:26,BLUS,VJ48,2026-07-21T09:18:00.000+05:45,Saturday,40,26
BODS_PH1121126_506_20260718_116.xml,PH1121126:506,BLUS:PH1121126:506:19,BLUS,VJ9,2026-07-21T11:30:00.000+05:45,Saturday,51,19
BODS_PH1121126_529_20260328_78.xml,PH1121126:529,BLUS:PH1121126:529:24,BLUS,VJ26,2026-07-21T10:49:00.000+05:45,Monday|Tuesday|Wednesday|Thursday|Friday,49,24
BODS_PH1121126_204_20260718_122.xml,PH1121126:204,BLUS:PH1121126:204:1,BLUS,VJ408,2026-07-21T06:45:00.000+05:45,Monday|Tuesday|Wednesday|Thursday|Friday,47,1
BODS_PH1121126_204_20260718_122.xml,PH1121126:204,BLUS:PH1121126:204:1,BLUS,VJ5,2026-07-21T07:25:00.000+05:45,Monday|Tuesday|Wednesday|Thursday|Friday,45,1
BODS_PH1121126_200_20260328_115.xml,PH1121126:200,BLUS:PH1121126:200:5,BLUS,VJ15,2026-07-21T14:13:00.000+05:45,Monday|Tuesday|Wednesday|Thursday|Friday,9,5
BODS_PH1121126_506_20260718_116.xml,PH1121126:506,BLUS:PH1121126:506:19a,BLUS,VJ181,2026-07-21T15:40:00.000+05:45,Sunday,48,19a
BODS_PH1121126_204_20260718_122.xml,PH1121126:204,BLUS:PH1121126:204:1,BLUS,VJ51,2026-07-21T15:40:00.000+05:45,Saturday,43,1
BODS_PH1121126_298_20260830_119.xml,PH1121126:298,BLUS:PH1121126:298:7,BLUS,VJ119,2026-07-21T14:45:00.000+05:45,Monday|Tuesday|Wednesday|Thursday|Friday,56,7
BODS_PH1121126_195_20260830_124.xml,PH1121126:195,BLUS:PH1121126:195:18,BLUS,VJ355,2026-07-21T16:10:00.000+05:45,Saturday,35,18
BODS_PH1121126_196_20260830_125.xml,PH1121126:196,BLUS:PH1121126:196:16,BLUS,VJ33,2026-07-21T11:15:00.000+05:45,Sunday,36,16
BODS_PH1121126_298_20260718_117.xml,PH1121126:298,BLUS:PH1121126:298:7,BLUS,VJ13,2026-07-21T14:25:00.000+05:45,Monday|Tuesday|Wednesday|Thursday|Friday,52,7
BODS_PH1121126_202_20260718_134.xml,PH1121126:202,BLUS:PH1121126:202:3,BLUS,VJ28,2026-07-21T20:10:00.000+05:45,Monday|Tuesday|Wednesday|Thursday|Friday,70,3
BODS_PH1121126_506_20260718_116.xml,PH1121126:506,BLUS:PH1121126:506:19,BLUS,VJ338,2026-07-21T15:00:00.000+05:45,Sunday,52,19
BODS_PH1121126_507_20260718_108.xml,PH1121126:507,BLUS:PH1121126:507:20,BLUS,VJ151,2026-07-21T04:53:00.000+05:45,Monday|Tuesday|Wednesday|Thursday|Friday,17,20
BODS_PH1121126_506_20260601_111.xml,PH1121126:506,BLUS:PH1121126:506:19,BLUS,VJ15,2026-07-21T14:30:00.000+05:45,Saturday,50,19
BODS_PH1121126_198_20260830_116.xml,PH1121126:198,BLUS:PH1121126:198:N9,BLUS,VJ109,2026-07-21T01:10:00.000+05:45,Friday,76,N9
BODS_PH1121126_503_20260328_110.xml,PH1121126:503,BLUS:PH1121126:503:13,BLUS,VJ94,2026-07-21T14:27:00.000+05:45,Monday|Tuesday|Wednesday|Thursday|Friday,29,13
BODS_PH1121126_198_20260830_116.xml,PH1121126:198,BLUS:PH1121126:198:9,BLUS,VJ139,2026-07-21T07:00:00.000+05:45,Monday|Tuesday|Wednesday|Thursday|Friday,48,9
BODS_PH1121126_302_20260830_132.xml,PH1121126:302,BLUS:PH1121126:302:17,BLUS,VJ119,2026-07-21T21:12:00.000+05:45,Monday|Tuesday|Wednesday|Thursday|Friday,54,17
BODS_PH1121126_504_20260718_116.xml,PH1121126:504,BLUS:PH1121126:504:14,BLUS,VJ34,2026-07-21T19:30:00.000+05:45,Saturday,31,14
BODS_PH1121126_197_20260718_113.xml,PH1121126:197,BLUS:PH1121126:197:12,BLUS,VJ236,2026-07-21T18:10:00.000+05:45,Saturday,33,12
BODS_PH1121126_203_20260718_123.xml,PH1121126:203,BLUS:PH1121126:203:2,BLUS,VJ44,2026-07-21T13:25:00.000+05:45,Monday|Tuesday|Wednesday|Thursday|Friday,51,2
BODS_PH1121126_302_20260718_130.xml,PH1121126:302,BLUS:PH1121126:302:17,BLUS,VJ167,2026-07-21T20:12:00.000+05:45,Saturday,54,17
BODS_PH1121126_506_20260830_118.xml,PH1121126:506,BLUS:PH1121126:506:19a,BLUS,VJ292,2026-07-21T10:55:00.000+05:45,Saturday,51,19a
BODS_PH1121126_200_20260718_118.xml,PH1121126:200,BLUS:PH1121126:200:5,BLUS,VJ75,2026-07-21T10:25:00.000+05:45,Monday|Tuesday|Wednesday|Thursday|Friday,7,5
BODS_PH1121126_204_20260718_122.xml,PH1121126:204,BLUS:PH1121126:204:1,BLUS,VJ365,2026-07-21T19:10:00.000+05:45,Sunday,47,1
BODS_PH1121126_575_20260718_18.xml,PH1121126:575,BLUS:PH1121126:575:PR1,BLUS,VJ128,2026-07-21T16:30:00.000+05:45,Sunday,2,PR1
BODS_PH1121126_506_20260601_111.xml,PH1121126:506,BLUS:PH1121126:506:19,BLUS,VJ57,2026-07-21T09:25:00.000+05:45,Saturday,50,19
BODS_PH1121126_507_20260830_110.xml,PH1121126:507,BLUS:PH1121126:507:20,BLUS,VJ322,2026-07-21T21:53:00.000+05:45,Saturday,20,20
BODS_PH1121126_506_20260601_111.xml,PH1121126:506,BLUS:PH1121126:506:19a,BLUS,VJ139,2026-07-21T14:32:00.000+05:45,Monday|Tuesday|Wednesday|Thursday|Friday,48,19a
BODS_PH1121126_503_20260328_110.xml,PH1121126:503,BLUS:PH1121126:503:13,BLUS,VJ3,2026-07-21T09:33:00.000+05:45,Monday|Tuesday|Wednesday|Thursday|Friday,21,13
BODS_PH1121126_197_20260412_110.xml,PH1121126:197,BLUS:PH1121126:197:12,BLUS,VJ15,2026-07-21T18:10:00.000+05:45,Saturday,22,12
BODS_PH1121126_575_20260830_20.xml,PH1121126:575,BLUS:PH1121126:575:PR1,BLUS,VJ45,2026-07-21T08:40:00.000+05:45,Saturday,3,PR1
BODS_PH1121126_505_20260830_120.xml,PH1121126:505,BLUS:PH1121126:505:15,BLUS,VJ62,2026-07-21T08:15:00.000+05:45,Saturday,35,15
BODS_PH1121126_203_20260830_125.xml,PH1121126:203,BLUS:PH1121126:203:2,BLUS,VJ82,2026-07-21T10:25:00.000+05:45,Saturday,51,2
BODS_PH1121126_302_20260718_130.xml,PH1121126:302,BLUS:PH1121126:302:17,BLUS,VJ328,2026-07-21T17:26:00.000+05:45,Monday|Tuesday|Wednesday|Thursday|Friday,50,17
BODS_PH1121126_575_20260830_20.xml,PH1121126:575,BLUS:PH1121126:575:PR2,BLUS,VJ69,2026-07-21T10:10:00.000+05:45,Monday|Tuesday|Wednesday|Thursday|Friday|Saturday|Sunday,1,PR2
BODS_PH1121126_198_20260718_114.xml,PH1121126:198,BLUS:PH1121126:198:9,BLUS,VJ41,2026-07-21T16:10:00.000+05:45,Sunday,42,9
BODS_PH1121126_302_20260718_130.xml,PH1121126:302,BLUS:PH1121126:302:17,BLUS,VJ296,2026-07-21T14:10:00.000+05:45,Monday|Tuesday|Wednesday|Thursday|Friday,50,17
BODS_PH1121126_302_20260718_130.xml,PH1121126:302,BLUS:PH1121126:302:17,BLUS,VJ110,2026-07-21T12:02:00.000+05:45,Saturday,54,17
BODS_PH1121126_197_20260830_115.xml,PH1121126:197,BLUS:PH1121126:197:11,BLUS,VJ290,2026-07-21T15:41:00.000+05:45,Monday|Tuesday|Wednesday|Thursday|Friday,32,11
BODS_PH1121126_200_20260830_120.xml,PH1121126:200,BLUS:PH1121126:200:5,BLUS,VJ85,2026-07-21T13:25:00.000+05:45,Monday|Tuesday|Wednesday|Thursday|Friday,42,5
BODS_PH1121126_302_20260718_130.xml,PH1121126:302,BLUS:PH1121126:302:17,BLUS,VJ44,2026-07-21T15:45:00.000+05:45,Monday|Tuesday|Wednesday|Thursday|Friday,54,17
BODS_PH1121126_529_20260830_83.xml,PH1121126:529,BLUS:PH1121126:529:24,BLUS,VJ30,2026-07-21T10:24:00.000+05:45,Saturday,49,24
BODS_PH1121126_197_20260718_113.xml,PH1121126:197,BLUS:PH1121126:197:11,BLUS,VJ304,2026-07-21T18:01:00.000+05:45,Monday|Tuesday|Wednesday|Thursday|Friday,32,11
BODS_PH1121126_302_20260830_132.xml,PH1121126:302,BLUS:PH1121126:302:17,BLUS,VJ470,2026-07-21T04:10:00.000+05:45,Saturday,50,17
BODS_PH1121126_204_20260601_117.xml,PH1121126:204,BLUS:PH1121126:204:1,BLUS,VJ144,2026-07-21T17:25:00.000+05:45,Monday|Tuesday|Wednesday|Thursday|Friday,42,1
BODS_PH1121126_452_20260830_120.xml,PH1121126:452,BLUS:PH1121126:452:C7,BLUS,VJ1,2026-07-21T07:20:00.000+05:45,Monday|Tuesday|Wednesday|Thursday|Friday,62,C7
BODS_PH1121126_198_20260718_114.xml,PH1121126:198,BLUS:PH1121126:198:9,BLUS,VJ91,2026-07-21T21:40:00.000+05:45,Monday|Tuesday|Wednesday|Thursday|Friday,50,9
BODS_PH1121126_506_20260718_116.xml,PH1121126:506,BLUS:PH1121126:506:19,BLUS,VJ38,2026-07-21T15:57:00.000+05:45,Monday|Tuesday|Wednesday|Thursday|Friday,51,19
BODS_PH1121126_503_20260328_110.xml,PH1121126:503,BLUS:PH1121126:503:13,BLUS,VJ111,2026-07-21T13:27:00.000+05:45,Saturday,31,13
BODS_PH1121126_203_20260601_118.xml,PH1121126:203,BLUS:PH1121126:203:2,BLUS,VJ100,2026-07-21T10:40:00.000+05:45,Saturday,50,2
BODS_PH1121126_505_20260601_113.xml,PH1121126:505,BLUS:PH1121126:505:15,BLUS,VJ98,2026-07-21T10:12:00.000+05:45,Monday|Tuesday|Wednesday|Thursday|Friday,32,15
BODS_PH1121126_204_20260830_124.xml,PH1121126:204,BLUS:PH1121126:204:1,BLUS,VJ129,2026-07-21T15:00:00.000+05:45,Monday|Tuesday|Wednesday|Thursday|Friday,43,1
BODS_PH1121126_506_20260601_111.xml,PH1121126:506,BLUS:PH1121126:506:19a,BLUS,VJ152,2026-07-21T20:55:00.000+05:45,Saturday,48,19a
BODS_PH1121126_197_20260412_110.xml,PH1121126:197,BLUS:PH1121126:197:12,BLUS,VJ48,2026-07-21T06:20:00.000+05:45,Saturday,22,12
BODS_PH1121126_203_20260601_118.xml,PH1121126:203,BLUS:PH1121126:203:2,BLUS,VJ16,2026-07-21T14:55:00.000+05:45,Saturday,50,2
BODS_PH1121126_563_20260830_22.xml,PH1121126:563,BLUS:PH1121126:563:61,BLUS,VJ5,2026-07-21T05:12:00.000+05:45,Sunday,26,61
BODS_PH1121126_201_20260718_118.xml,PH1121126:201,BLUS:PH1121126:201:4,BLUS,VJ21,2026-07-21T13:25:00.000+05:45,Saturday,48,4
BODS_PH1121126_198_20260718_114.xml,PH1121126:198,BLUS:PH1121126:198:9,BLUS,VJ182,2026-07-21T08:45:00.000+05:45,Sunday,52,9
BODS_PH1121126_298_20260718_117.xml,PH1121126:298,BLUS:PH1121126:298:7,BLUS,VJ144,2026-07-21T22:00:00.000+05:45,Saturday,24,7
BODS_PH1121126_506_20260830_118.xml,PH1121126:506,BLUS:PH1121126:506:19,BLUS,VJ38,2026-07-21T14:15:00.000+05:45,Monday|Tuesday|Wednesday|Thursday|Friday,51,19
BODS_PH1121126_196_20260718_123.xml,PH1121126:196,BLUS:PH1121126:196:16,BLUS,VJ62,2026-07-21T15:10:00.000+05:45,Saturday,18,16
BODS_PH1121126_196_20260601_118.xml,PH1121126:196,BLUS:PH1121126:196:16,BLUS,VJ47,2026-07-21T10:10:00.000+05:45,Saturday,18,16
BODS_PH1121126_507_20260601_103.xml,PH1121126:507,BLUS:PH1121126:507:20,BLUS,VJ56,2026-07-21T16:52:00.000+05:45,Sunday,16,20
BODS_PH1121126_237_20260412_115.xml,PH1121126:237,BLUS:PH1121126:237:QC,BLUS,VJ45,2026-07-21T17:15:00.000+05:45,Sunday,6,QC
BODS_PH1121126_196_20260601_118.xml,PH1121126:196,BLUS:PH1121126:196:16,BLUS,VJ28,2026-07-21T13:40:00.000+05:45,Monday|Tuesday|Wednesday|Thursday|Friday,18,16
BODS_PH1121126_529_20260830_83.xml,PH1121126:529,BLUS:PH1121126:529:24,BLUS,VJ1,2026-07-21T06:05:00.000+05:45,Monday|Tuesday|Wednesday|Thursday|Friday,28,24
BODS_PH1121126_204_20260830_124.xml,PH1121126:204,BLUS:PH1121126:204:1,BLUS,VJ375,2026-07-21T00:05:00.000+05:45,Saturday,47,1
BODS_PH1121126_203_20260830_125.xml,PH1121126:203,BLUS:PH1121126:203:2,BLUS,VJ261,2026-07-21T17:30:00.000+05:45,Sunday,61,2
BODS_PH1121126_507_20260830_110.xml,PH1121126:507,BLUS:PH1121126:507:20,BLUS,VJ304,2026-07-21T22:23:00.000+05:45,Sunday,35,20
BODS_PH1121126_302_20260830_132.xml,PH1121126:302,BLUS:PH1121126:302:17,BLUS,VJ201,2026-07-21T05:25:00.000+05:45,Monday|Tuesday|Wednesday|Thursday|Friday,54,17
BODS_PH1121126_204_20260601_117.xml,PH1121126:204,BLUS:PH1121126:204:1,BLUS,VJ140,2026-07-21T16:36:00.000+05:45,Monday|Tuesday|Wednesday|Thursday|Friday,42,1
BODS_PH1121126_195_20260830_124.xml,PH1121126:195,BLUS:PH1121126:195:18,BLUS,VJ288,2026-07-21T11:35:00.000+05:45,Saturday,35,18
BODS_PH1121126_298_20260601_111.xml,PH1121126:298,BLUS:PH1121126:298:7,BLUS,VJ7,2026-07-21T10:35:00.000+05:45,Monday|Tuesday|Wednesday|Thursday|Friday,51,7
BODS_PH1121126_204_20260830_124.xml,PH1121126:204,BLUS:PH1121126:204:1,BLUS,VJ140,2026-07-21T16:36:00.000+05:45,Monday|Tuesday|Wednesday|Thursday|Friday,43,1
BODS_PH1121126_203_20260830_125.xml,PH1121126:203,BLUS:PH1121126:203:2,BLUS,VJ224,2026-07-21T19:18:00.000+05:45,Monday|Tuesday|Wednesday|Thursday|Friday,61,2
BODS_PH1121126_196_20260601_118.xml,PH1121126:196,BLUS:PH1121126:196:16,BLUS,VJ171,2026-07-21T13:29:00.000+05:45,Monday|Tuesday|Wednesday|Thursday|Friday,26,16
BODS_PH1121126_200_20260328_115.xml,PH1121126:200,BLUS:PH1121126:200:5,BLUS,VJ41,2026-07-21T13:33:00.000+05:45,Monday|Tuesday|Wednesday|Thursday|Friday,45,5
BODS_PH1121126_198_20260718_114.xml,PH1121126:198,BLUS:PH1121126:198:9,BLUS,VJ175,2026-07-21T23:15:00.000+05:45,Saturday,55,9
BODS_PH1121126_298_20260718_117.xml,PH1121126:298,BLUS:PH1121126:298:7,BLUS,VJ153,2026-07-21T13:28:00.000+05:45,Sunday,56,7
BODS_PH1121126_507_20260830_110.xml,PH1121126:507,BLUS:PH1121126:507:20,BLUS,VJ195,2026-07-21T17:47:00.000+05:45,Sunday,35,20
BODS_PH1121126_200_20260830_120.xml,PH1121126:200,BLUS:PH1121126:200:5,BLUS,VJ70,2026-07-21T16:55:00.000+05:45,Saturday,7,5
BODS_PH1121126_302_20260830_132.xml,PH1121126:302,BLUS:PH1121126:302:17,BLUS,VJ330,2026-07-21T11:00:00.000+05:45,Saturday,50,17
BODS_UZ000BLUS_6_20260830_1.xml,UZ000BLUS:6,BLUS:UZ000BLUS:6:6,BLUS,VJ63,2026-07-21T22:50:00.000+05:45,Saturday,33,6
BODS_PH1121126_199_20260718_116.xml,PH1121126:199,BLUS:PH1121126:199:8,BLUS,VJ17,2026-07-21T10:30:00.000+05:45,Sunday,50,8
BODS_PH1121126_506_20260718_116.xml,PH1121126:506,BLUS:PH1121126:506:19,BLUS,VJ5,2026-07-21T20:12:00.000+05:45,Monday|Tuesday|Wednesday|Thursday|Friday,50,19
BODS_PH1121126_197_20260830_115.xml,PH1121126:197,BLUS:PH1121126:197:12,BLUS,VJ5,2026-07-21T13:10:00.000+05:45,Saturday,22,12
BODS_PH1121126_243_20260328_108.xml,PH1121126:243,BLUS:PH1121126:243:538,BLUS,VJ5,2026-07-21T15:10:00.000+05:45,Monday|Tuesday|Wednesday|Thursday|Friday,17,538
BODS_PH1121126_507_20260601_103.xml,PH1121126:507,BLUS:PH1121126:507:20,BLUS,VJ79,2026-07-21T15:45:00.000+05:45,Monday|Tuesday|Wednesday|Thursday|Friday,16,20
BODS_PH1121126_204_20260830_124.xml,PH1121126:204,BLUS:PH1121126:204:1,BLUS,VJ28,2026-07-21T11:50:00.000+05:45,Saturday,43,1
BODS_PH1121126_507_20260718_108.xml,PH1121126:507,BLUS:PH1121126:507:20,BLUS,VJ68,2026-07-21T16:00:00.000+05:45,Saturday,17,20
BODS_PH1121126_302_20260601_125.xml,PH1121126:302,BLUS:PH1121126:302:17,BLUS,VJ130,2026-07-21T06:25:00.000+05:45,Sunday,53,17
BODS_PH1121126_197_20260830_115.xml,PH1121126:197,BLUS:PH1121126:197:12,BLUS,VJ214,2026-07-21T07:45:00.000+05:45,Saturday,33,12
BODS_PH1121126_196_20260601_118.xml,PH1121126:196,BLUS:PH1121126:196:16,BLUS,VJ156,2026-07-21T09:44:00.000+05:45,Monday|Tuesday|Wednesday|Thursday|Friday,26,16
BODS_PH1121126_204_20260830_124.xml,PH1121126:204,BLUS:PH1121126:204:1,BLUS,VJ90,2026-07-21T13:20:00.000+05:45,Monday|Tuesday|Wednesday|Thursday|Friday,43,1
BODS_PH1121126_505_20260830_120.xml,PH1121126:505,BLUS:PH1121126:505:15,BLUS,VJ134,2026-07-21T00:10:00.000+05:45,Monday|Tuesday|Wednesday|Thursday|Friday,32,15
BODS_PH1121126_302_20260830_132.xml,PH1121126:302,BLUS:PH1121126:302:17,BLUS,VJ446,2026-07-21T21:25:00.000+05:45,Saturday,50,17
BODS_PH1121126_185_20260830_114.xml,PH1121126:185,BLUS:PH1121126:185:635,BLUS,VJ2,2026-07-21T15:05:00.000+05:45,Monday|Tuesday|Wednesday|Thursday|Friday,25,635
BODS_PH1121126_506_20260830_118.xml,PH1121126:506,BLUS:PH1121126:506:19,BLUS,VJ244,2026-07-21T19:05:00.000+05:45,Sunday,52,19
BODS_PH1121126_529_20260830_83.xml,PH1121126:529,BLUS:PH1121126:529:24,BLUS,VJ7,2026-07-21T10:10:00.000+05:45,Monday|Tuesday|Wednesday|Thursday|Friday,36,24
BODS_PH1121126_198_20260718_114.xml,PH1121126:198,BLUS:PH1121126:198:9,BLUS,VJ120,2026-07-21T12:49:00.000+05:45,Saturday,48,9
BODS_PH1121126_503_20260328_110.xml,PH1121126:503,BLUS:PH1121126:503:13,BLUS,VJ131,2026-07-21T06:17:00.000+05:45,Saturday,31,13
BODS_PH1121126_203_20260601_118.xml,PH1121126:203,BLUS:PH1121126:203:2,BLUS,VJ286,2026-07-21T11:32:00.000+05:45,Sunday,60,2
BODS_PH1121126_196_20260718_123.xml,PH1121126:196,BLUS:PH1121126:196:16,BLUS,VJ41,2026-07-21T16:35:00.000+05:45,Sunday,18,16
BODS_PH1121126_503_20260718_117.xml,PH1121126:503,BLUS:PH1121126:503:13,BLUS,VJ2,2026-07-21T09:03:00.000+05:45,Monday|Tuesday|Wednesday|Thursday|Friday,21,13
BODS_PH1121126_507_20260601_103.xml,PH1121126:507,BLUS:PH1121126:507:20,BLUS,VJ139,2026-07-21T20:05:00.000+05:45,Sunday,16,20
BODS_PH1121126_503_20260830_119.xml,PH1121126:503,BLUS:PH1121126:503:13,BLUS,VJ53,2026-07-21T16:47:00.000+05:45,Monday|Tuesday|Wednesday|Thursday|Friday,21,13
BODS_PH1121126_202_20260601_129.xml,PH1121126:202,BLUS:PH1121126:202:3,BLUS,VJ21,2026-07-21T17:20:00.000+05:45,Sunday,70,3
BODS_PH1121126_237_20260718_118.xml,PH1121126:237,BLUS:PH1121126:237:QC,BLUS,VJ51,2026-07-21T09:15:00.000+05:45,Monday|Tuesday|Wednesday|Thursday|Friday,6,QC
BODS_PH1121126_529_20260328_78.xml,PH1121126:529,BLUS:PH1121126:529:24,BLUS,VJ5,2026-07-21T08:23:00.000+05:45,Monday,27,24
BODS_PH1121126_196_20260830_125.xml,PH1121126:196,BLUS:PH1121126:196:16,BLUS,VJ138,2026-07-21T14:02:00.000+05:45,Monday|Tuesday|Wednesday|Thursday|Friday,43,16
BODS_PH1121126_204_20260601_117.xml,PH1121126:204,BLUS:PH1121126:204:1,BLUS,VJ71,2026-07-21T10:10:00.000+05:45,Monday|Tuesday|Wednesday|Thursday|Friday,42,1
BODS_PH1121126_302_20260830_132.xml,PH1121126:302,BLUS:PH1121126:302:17,BLUS,VJ302,2026-07-21T17:00:00.000+05:45,Saturday,50,17
BODS_PH1121126_201_20260718_118.xml,PH1121126:201,BLUS:PH1121126:201:4,BLUS,VJ118,2026-07-21T21:15:00.000+05:45,Monday|Tuesday|Wednesday|Thursday|Friday,48,4
BODS_PH1121126_507_20260830_110.xml,PH1121126:507,BLUS:PH1121126:507:20,BLUS,VJ307,2026-07-21T18:52:00.000+05:45,Sunday,35,20
BODS_PH1121126_502_20260718_110.xml,PH1121126:502,BLUS:PH1121126:502:10,BLUS,VJ41,2026-07-21T15:45:00.000+05:45,Monday|Tuesday|Wednesday|Thursday|Friday,36,10
BODS_PH1121126_199_20260718_116.xml,PH1121126:199,BLUS:PH1121126:199:8,BLUS,VJ16,2026-07-21T17:40:00.000+05:45,Saturday,50,8
BODS_PH1121126_203_20260830_125.xml,PH1121126:203,BLUS:PH1121126:203:2,BLUS,VJ218,2026-07-21T15:10:00.000+05:45,Sunday,61,2
BODS_PH1121126_198_20260718_114.xml,PH1121126:198,BLUS:PH1121126:198:9,BLUS,VJ119,2026-07-21T11:49:00.000+05:45,Saturday,48,9
BODS_PH1121126_204_20260601_117.xml,PH1121126:204,BLUS:PH1121126:204:1,BLUS,VJ6,2026-07-21T07:35:00.000+05:45,Monday|Tuesday|Wednesday|Thursday|Friday,44,1
BODS_PH1121126_201_20260601_113.xml,PH1121126:201,BLUS:PH1121126:201:4,BLUS,VJ112,2026-07-21T15:20:00.000+05:45,Sunday,48,4
BODS_PH1121126_575_20260718_18.xml,PH1121126:575,BLUS:PH1121126:575:PR1,BLUS,VJ26,2026-07-21T11:00:00.000+05:45,Sunday,3,PR1
BODS_PH1121126_195_20260601_117.xml,PH1121126:195,BLUS:PH1121126:195:18,BLUS,VJ467,2026-07-21T04:32:00.000+05:45,Sunday,12,18
BODS_PH1121126_196_20260601_118.xml,PH1121126:196,BLUS:PH1121126:196:16,BLUS,VJ42,2026-07-21T18:00:00.000+05:45,Monday|Tuesday|Wednesday|Thursday|Friday,18,16
BODS_PH1121126_195_20260830_124.xml,PH1121126:195,BLUS:PH1121126:195:18,BLUS,VJ437,2026-07-21T09:25:00.000+05:45,Monday|Tuesday|Wednesday|Thursday|Friday,35,18
BODS_PH1121126_195_20260718_122.xml,PH1121126:195,BLUS:PH1121126:195:18,BLUS,VJ94,2026-07-21T16:07:00.000+05:45,Saturday,55,18
BODS_PH1121126_505_20260830_120.xml,PH1121126:505,BLUS:PH1121126:505:15,BLUS,VJ89,2026-07-21T11:12:00.000+05:45,Saturday,32,15
BODS_PH1121126_203_20260830_125.xml,PH1121126:203,BLUS:PH1121126:203:2,BLUS,VJ307,2026-07-21T18:44:00.000+05:45,Monday|Tuesday|Wednesday|Thursday|Friday,61,2
BODS_PH1121126_504_20260601_111.xml,PH1121126:504,BLUS:PH1121126:504:14,BLUS,VJ61,2026-07-21T08:55:00.000+05:45,Sunday,31,14
BODS_PH1121126_204_20260718_122.xml,PH1121126:204,BLUS:PH1121126:204:1,BLUS,VJ374,2026-07-21T00:55:00.000+05:45,Monday|Tuesday|Wednesday|Thursday|Friday,47,1
BODS_PH1121126_302_20260830_132.xml,PH1121126:302,BLUS:PH1121126:302:17,BLUS,VJ342,2026-07-21T22:25:00.000+05:45,Monday|Tuesday|Wednesday|Thursday|Friday,50,17
BODS_PH1121126_198_20260718_114.xml,PH1121126:198,BLUS:PH1121126:198:9,BLUS,VJ121,2026-07-21T13:49:00.000+05:45,Saturday,48,9
BODS_PH1121126_203_20260601_118.xml,PH1121126:203,BLUS:PH1121126:203:2,BLUS,VJ81,2026-07-21T10:10:00.000+05:45,Saturday,50,2
BODS_PH1121126_298_20260718_117.xml,PH1121126:298,BLUS:PH1121126:298:7,BLUS,VJ2,2026-07-21T08:05:00.000+05:45,Monday|Tuesday|Wednesday|Thursday|Friday,52,7
BODS_PH1121126_302_20260718_130.xml,PH1121126:302,BLUS:PH1121126:302:17,BLUS,VJ124,2026-07-21T15:17:00.000+05:45,Saturday,54,17
BODS_PH1121126_302_20260830_132.xml,PH1121126:302,BLUS:PH1121126:302:17,BLUS,VJ127,2026-07-21T14:01:00.000+05:45,Saturday,54,17
BODS_PH1121126_505_20260601_113.xml,PH1121126:505,BLUS:PH1121126:505:15,BLUS,VJ19,2026-07-21T14:25:00.000+05:45,Monday|Tuesday|Wednesday|Thursday|Friday,34,15
BODS_PH1121126_199_20260830_118.xml,PH1121126:199,BLUS:PH1121126:199:8,BLUS,VJ20,2026-07-21T17:15:00.000+05:45,Sunday,50,8
BODS_PH1121126_195_20260718_122.xml,PH1121126:195,BLUS:PH1121126:195:18,BLUS,VJ371,2026-07-21T15:28:00.000+05:45,Monday|Tuesday|Wednesday|Thursday|Friday,35,18
BODS_PH1121126_197_20260412_110.xml,PH1121126:197,BLUS:PH1121126:197:12,BLUS,VJ171,2026-07-21T15:40:00.000+05:45,Saturday,33,12
BODS_PH1121126_203_20260718_123.xml,PH1121126:203,BLUS:PH1121126:203:2,BLUS,VJ88,2026-07-21T19:50:00.000+05:45,Saturday,51,2
BODS_PH1121126_546_20260830_83.xml,PH1121126:546,BLUS:PH1121126:546:618,BLUS,VJ6,2026-07-21T16:15:00.000+05:45,Monday|Tuesday|Wednesday|Thursday|Friday,25,618
BODS_PH1121126_575_20260830_20.xml,PH1121126:575,BLUS:PH1121126:575:PR1,BLUS,VJ131,2026-07-21T08:00:00.000+05:45,Saturday,2,PR1
BODS_PH1121126_237_20260412_115.xml,PH1121126:237,BLUS:PH1121126:237:QC,BLUS,VJ64,2026-07-21T08:05:00.000+05:45,Saturday,6,QC
BODS_PH1121126_302_20260830_132.xml,PH1121126:302,BLUS:PH1121126:302:17,BLUS,VJ21,2026-07-21T10:15:00.000+05:45,Sunday,54,17
BODS_PH1121126_198_20260718_114.xml,PH1121126:198,BLUS:PH1121126:198:9,BLUS,VJ71,2026-07-21T18:15:00.000+05:45,Saturday,47,9
BODS_PH1121126_237_20260830_120.xml,PH1121126:237,BLUS:PH1121126:237:QC,BLUS,VJ84,2026-07-21T09:50:00.000+05:45,Sunday,6,QC
BODS_PH1121126_298_20260830_119.xml,PH1121126:298,BLUS:PH1121126:298:7,BLUS,VJ41,2026-07-21T21:25:00.000+05:45,Saturday,46,7
BODS_PH1121126_197_20260830_115.xml,PH1121126:197,BLUS:PH1121126:197:12,BLUS,VJ185,2026-07-21T12:29:00.000+05:45,Monday|Tuesday|Wednesday|Thursday|Friday,33,12
BODS_PH1121126_507_20260718_108.xml,PH1121126:507,BLUS:PH1121126:507:20,BLUS,VJ252,2026-07-21T17:27:00.000+05:45,Monday|Tuesday|Wednesday|Thursday|Friday,35,20
BODS_PH1121126_237_20260412_115.xml,PH1121126:237,BLUS:PH1121126:237:QC,BLUS,VJ12,2026-07-21T15:30:00.000+05:45,Monday|Tuesday|Wednesday|Thursday|Friday,6,QC
BODS_PH1121126_302_20260601_125.xml,PH1121126:302,BLUS:PH1121126:302:17,BLUS,VJ370,2026-07-21T14:00:00.000+05:45,Monday|Tuesday|Wednesday|Thursday|Friday,49,17
BODS_PH1121126_203_20260601_118.xml,PH1121126:203,BLUS:PH1121126:203:2,BLUS,VJ90,2026-07-21T20:50:00.000+05:45,Saturday,50,2
BODS_PH1121126_505_20260718_118.xml,PH1121126:505,BLUS:PH1121126:505:15,BLUS,VJ110,2026-07-21T09:42:00.000+05:45,Saturday,32,15
BODS_PH1121126_502_20260830_112.xml,PH1121126:502,BLUS:PH1121126:502:10,BLUS,VJ37,2026-07-21T18:42:00.000+05:45,Monday|Tuesday|Wednesday|Thursday|Friday,33,10
BODS_PH1121126_507_20260718_108.xml,PH1121126:507,BLUS:PH1121126:507:20,BLUS,VJ8,2026-07-21T09:15:00.000+05:45,Monday|Tuesday|Wednesday|Thursday|Friday,17,20
BODS_PH1121126_502_20260328_107.xml,PH1121126:502,BLUS:PH1121126:502:10,BLUS,VJ13,2026-07-21T14:58:00.000+05:45,Saturday,23,10
BODS_PH1121126_202_20260830_136.xml,PH1121126:202,BLUS:PH1121126:202:3,BLUS,VJ13,2026-07-21T11:15:00.000+05:45,Sunday,67,3
BODS_PH1121126_195_20260718_122.xml,PH1121126:195,BLUS:PH1121126:195:18,BLUS,VJ172,2026-07-21T06:52:00.000+05:45,Saturday,55,18
BODS_PH1121126_203_20260601_118.xml,PH1121126:203,BLUS:PH1121126:203:2,BLUS,VJ46,2026-07-21T13:55:00.000+05:45,Monday|Tuesday|Wednesday|Thursday|Friday,50,2
BODS_PH1121126_197_20260830_115.xml,PH1121126:197,BLUS:PH1121126:197:11,BLUS,VJ149,2026-07-21T14:40:00.000+05:45,Monday|Tuesday|Wednesday|Thursday|Friday,20,11
BODS_PH1121126_204_20260830_124.xml,PH1121126:204,BLUS:PH1121126:204:1,BLUS,VJ179,2026-07-21T20:10:00.000+05:45,Sunday,43,1
BODS_PH1121126_298_20260718_117.xml,PH1121126:298,BLUS:PH1121126:298:7,BLUS,VJ55,2026-07-21T14:05:00.000+05:45,Saturday,52,7
BODS_PH1121126_507_20260830_110.xml,PH1121126:507,BLUS:PH1121126:507:20,BLUS,VJ70,2026-07-21T16:30:00.000+05:45,Saturday,17,20
BODS_PH1121126_204_20260601_117.xml,PH1121126:204,BLUS:PH1121126:204:1,BLUS,VJ340,2026-07-21T22:50:00.000+05:45,Monday|Tuesday|Wednesday|Thursday|Friday,46,1
BODS_PH1121126_201_20260830_120.xml,PH1121126:201,BLUS:PH1121126:201:4,BLUS,VJ49,2026-07-21T21:30:00.000+05:45,Saturday,48,4
BODS_PH1121126_571_20260830_17.xml,PH1121126:571,BLUS:PH1121126:571:N2,BLUS,VJ9,2026-07-21T03:35:00.000+05:45,Sunday,36,N2
BODS_PH1121126_503_20260830_119.xml,PH1121126:503,BLUS:PH1121126:503:13,BLUS,VJ8,2026-07-21T12:10:00.000+05:45,Saturday,21,13
BODS_PH1121126_204_20260830_124.xml,PH1121126:204,BLUS:PH1121126:204:1,BLUS,VJ387,2026-07-21T08:45:00.000+05:45,Saturday,47,1
BODS_PH1121126_507_20260830_110.xml,PH1121126:507,BLUS:PH1121126:507:20,BLUS,VJ81,2026-07-21T16:15:00.000+05:45,Monday|Tuesday|Wednesday|Thursday|Friday,17,20
BODS_PH1121126_204_20260601_117.xml,PH1121126:204,BLUS:PH1121126:204:1,BLUS,VJ27,2026-07-21T11:40:00.000+05:45,Saturday,42,1
BODS_PH1121126_575_20260830_20.xml,PH1121126:575,BLUS:PH1121126:575:PR1,BLUS,VJ61,2026-07-21T16:10:00.000+05:45,Sunday,3,PR1
BODS_PH1121126_204_20260830_124.xml,PH1121126:204,BLUS:PH1121126:204:1,BLUS,VJ327,2026-07-21T15:02:00.000+05:45,Monday|Tuesday|Wednesday|Thursday|Friday,47,1
BODS_PH1121126_195_20260718_122.xml,PH1121126:195,BLUS:PH1121126:195:N18,BLUS,VJ249,2026-07-21T03:08:00.000+05:45,Monday|Tuesday|Wednesday|Thursday|Friday,29,N18
BODS_PH1121126_204_20260601_117.xml,PH1121126:204,BLUS:PH1121126:204:1,BLUS,VJ408,2026-07-21T06:45:00.000+05:45,Monday|Tuesday|Wednesday|Thursday|Friday,46,1
BODS_PH1121126_196_20260718_123.xml,PH1121126:196,BLUS:PH1121126:196:16,BLUS,VJ42,2026-07-21T18:00:00.000+05:45,Monday|Tuesday|Wednesday|Thursday|Friday,18,16
BODS_PH1121126_302_20260830_132.xml,PH1121126:302,BLUS:PH1121126:302:17,BLUS,VJ234,2026-07-21T18:37:00.000+05:45,Saturday,21,17
BODS_PH1121126_204_20260718_122.xml,PH1121126:204,BLUS:PH1121126:204:1,BLUS,VJ39,2026-07-21T13:40:00.000+05:45,Saturday,43,1
BODS_PH1121126_237_20260830_120.xml,PH1121126:237,BLUS:PH1121126:237:QC,BLUS,VJ74,2026-07-21T14:05:00.000+05:45,Saturday,6,QC
BODS_PH1121126_298_20260830_119.xml,PH1121126:298,BLUS:PH1121126:298:7,BLUS,VJ82,2026-07-21T10:15:00.000+05:45,Monday|Tuesday|Wednesday|Thursday|Friday,56,7
BODS_PH1121126_197_20260830_115.xml,PH1121126:197,BLUS:PH1121126:197:12,BLUS,VJ164,2026-07-21T12:10:00.000+05:45,Saturday,33,12
BODS_PH1121126_199_20260830_118.xml,PH1121126:199,BLUS:PH1121126:199:8,BLUS,VJ36,2026-07-21T11:45:00.000+05:45,Saturday,52,8
BODS_PH1121126_195_20260830_124.xml,PH1121126:195,BLUS:PH1121126:195:18,BLUS,VJ311,2026-07-21T10:15:00.000+05:45,Monday|Tuesday|Wednesday|Thursday|Friday,35,18
BODS_PH1121126_528_20260830_84.xml,PH1121126:528,BLUS:PH1121126:528:23,BLUS,VJ9,2026-07-21T13:20:00.000+05:45,Saturday,15,23
BODS_PH1121126_204_20260601_117.xml,PH1121126:204,BLUS:PH1121126:204:1,BLUS,VJ5,2026-07-21T07:25:00.000+05:45,Monday|Tuesday|Wednesday|Thursday|Friday,44,1
BODS_PH1121126_507_20260601_103.xml,PH1121126:507,BLUS:PH1121126:507:20,BLUS,VJ63,2026-07-21T14:45:00.000+05:45,Saturday,16,20
BODS_PH1121126_198_20260718_114.xml,PH1121126:198,BLUS:PH1121126:198:9,BLUS,VJ198,2026-07-21T13:15:00.000+05:45,Saturday,43,9
BODS_PH1121126_507_20260830_110.xml,PH1121126:507,BLUS:PH1121126:507:20,BLUS,VJ204,2026-07-21T15:42:00.000+05:45,Saturday,35,20
BODS_PH1121126_302_20260718_130.xml,PH1121126:302,BLUS:PH1121126:302:17,BLUS,VJ187,2026-07-21T18:17:00.000+05:45,Saturday,21,17
BODS_PH1121126_302_20260830_132.xml,PH1121126:302,BLUS:PH1121126:302:17,BLUS,VJ233,2026-07-21T18:17:00.000+05:45,Saturday,21,17
BODS_PH1121126_202_20260718_134.xml,PH1121126:202,BLUS:PH1121126:202:3,BLUS,VJ3,2026-07-21T10:55:00.000+05:45,Saturday,70,3
BODS_PH1121126_302_20260718_130.xml,PH1121126:302,BLUS:PH1121126:302:17,BLUS,VJ490,2026-07-21T21:25:00.000+05:45,Sunday,50,17
BODS_PH1121126_506_20260830_118.xml,PH1121126:506,BLUS:PH1121126:506:19a,BLUS,VJ163,2026-07-21T18:15:00.000+05:45,Monday|Tuesday|Wednesday|Thursday|Friday,49,19a
BODS_PH1121126_506_20260830_118.xml,PH1121126:506,BLUS:PH1121126:506:19a,BLUS,VJ301,2026-07-21T15:25:00.000+05:45,Saturday,51,19a
BODS_PH1121126_195_20260718_122.xml,PH1121126:195,BLUS:PH1121126:195:18,BLUS,VJ175,2026-07-21T19:22:00.000+05:45,Sunday,55,18
BODS_PH1121126_204_20260601_117.xml,PH1121126:204,BLUS:PH1121126:204:1,BLUS,VJ153,2026-07-21T07:20:00.000+05:45,Saturday,42,1
BODS_PH1121126_195_20260718_122.xml,PH1121126:195,BLUS:PH1121126:195:18,BLUS,VJ419,2026-07-21T00:05:00.000+05:45,Monday|Tuesday|Wednesday|Thursday|Friday,35,18
BODS_PH1121126_195_20260601_117.xml,PH1121126:195,BLUS:PH1121126:195:18,BLUS,VJ382,2026-07-21T07:10:00.000+05:45,Saturday,34,18
BODS_PH1121126_204_20260718_122.xml,PH1121126:204,BLUS:PH1121126:204:1,BLUS,VJ111,2026-07-21T15:40:00.000+05:45,Sunday,43,1
BODS_PH1121126_202_20260830_136.xml,PH1121126:202,BLUS:PH1121126:202:3,BLUS,VJ12,2026-07-21T09:15:00.000+05:45,Sunday,67,3
BODS_PH1121126_203_20260601_118.xml,PH1121126:203,BLUS:PH1121126:203:2,BLUS,VJ28,2026-07-21T09:25:00.000+05:45,Monday|Tuesday|Wednesday|Thursday|Friday,50,2
BODS_PH1121126_198_20260830_116.xml,PH1121126:198,BLUS:PH1121126:198:9,BLUS,VJ145,2026-07-21T17:50:00.000+05:45,Saturday,48,9
BODS_PH1121126_507_20260830_110.xml,PH1121126:507,BLUS:PH1121126:507:20,BLUS,VJ77,2026-07-21T15:15:00.000+05:45,Monday|Tuesday|Wednesday|Thursday|Friday,17,20
BODS_PH1121126_203_20260601_118.xml,PH1121126:203,BLUS:PH1121126:203:2,BLUS,VJ282,2026-07-21T07:05:00.000+05:45,Monday|Tuesday|Wednesday|Thursday|Friday,60,2
BODS_PH1121126_298_20260718_117.xml,PH1121126:298,BLUS:PH1121126:298:7,BLUS,VJ59,2026-07-21T16:05:00.000+05:45,Saturday,52,7
BODS_PH1121126_204_20260718_122.xml,PH1121126:204,BLUS:PH1121126:204:1,BLUS,VJ364,2026-07-21T18:40:00.000+05:45,Sunday,47,1
BODS_PH1121126_196_20260601_118.xml,PH1121126:196,BLUS:PH1121126:196:16,BLUS,VJ182,2026-07-21T11:54:00.000+05:45,Sunday,26,16
BODS_PH1121126_505_20260830_120.xml,PH1121126:505,BLUS:PH1121126:505:15,BLUS,VJ63,2026-07-21T06:45:00.000+05:45,Monday|Tuesday|Wednesday|Thursday|Friday,35,15
BODS_PH1121126_197_20260412_110.xml,PH1121126:197,BLUS:PH1121126:197:12,BLUS,VJ226,2026-07-21T14:40:00.000+05:45,Monday|Tuesday|Wednesday|Thursday|Friday,33,12
BODS_PH1121126_195_20260718_122.xml,PH1121126:195,BLUS:PH1121126:195:18,BLUS,VJ421,2026-07-21T21:27:00.000+05:45,Monday|Tuesday|Wednesday|Thursday|Friday,35,18
BODS_PH1121126_198_20260830_116.xml,PH1121126:198,BLUS:PH1121126:198:9,BLUS,VJ215,2026-07-21T15:23:00.000+05:45,Sunday,43,9
BODS_PH1121126_575_20260718_18.xml,PH1121126:575,BLUS:PH1121126:575:PR1,BLUS,VJ1,2026-07-21T10:00:00.000+05:45,Saturday,3,PR1
BODS_PH1121126_203_20260830_125.xml,PH1121126:203,BLUS:PH1121126:203:2,BLUS,VJ202,2026-07-21T15:15:00.000+05:45,Saturday,61,2
BODS_PH1121126_204_20260830_124.xml,PH1121126:204,BLUS:PH1121126:204:1,BLUS,VJ424,2026-07-21T07:50:00.000+05:45,Monday|Tuesday|Wednesday|Thursday|Friday,47,1
BODS_PH1121126_503_20260718_117.xml,PH1121126:503,BLUS:PH1121126:503:13,BLUS,VJ64,2026-07-21T20:10:00.000+05:45,Sunday,21,13
BODS_PH1121126_204_20260830_124.xml,PH1121126:204,BLUS:PH1121126:204:1,BLUS,VJ428,2026-07-21T06:05:00.000+05:45,Monday|Tuesday|Wednesday|Thursday|Friday,47,1
BODS_PH1121126_195_20260601_117.xml,PH1121126:195,BLUS:PH1121126:195:18,BLUS,VJ31,2026-07-21T16:28:00.000+05:45,Sunday,54,18
BODS_PH1121126_528_20260328_79.xml,PH1121126:528,BLUS:PH1121126:528:23,BLUS,VJ2,2026-07-21T09:45:00.000+05:45,Monday|Tuesday|Wednesday|Thursday|Friday,15,23
BODS_PH1121126_195_20260718_122.xml,PH1121126:195,BLUS:PH1121126:195:18,BLUS,VJ66,2026-07-21T11:03:00.000+05:45,Saturday,55,18
BODS_PH1121126_506_20260830_118.xml,PH1121126:506,BLUS:PH1121126:506:19a,BLUS,VJ132,2026-07-21T20:55:00.000+05:45,Saturday,49,19a
BODS_PH1121126_506_20260830_118.xml,PH1121126:506,BLUS:PH1121126:506:19a,BLUS,VJ150,2026-07-21T08:08:00.000+05:45,Monday|Tuesday|Wednesday|Thursday|Friday,49,19a
BODS_PH1121126_506_20260601_111.xml,PH1121126:506,BLUS:PH1121126:506:19a,BLUS,VJ298,2026-07-21T11:25:00.000+05:45,Monday|Tuesday|Wednesday|Thursday|Friday,50,19a
BODS_PH1121126_204_20260718_122.xml,PH1121126:204,BLUS:PH1121126:204:1,BLUS,VJ96,2026-07-21T10:40:00.000+05:45,Sunday,43,1
BODS_PH1121126_198_20260718_114.xml,PH1121126:198,BLUS:PH1121126:198:9,BLUS,VJ74,2026-07-21T08:20:00.000+05:45,Monday|Tuesday|Wednesday|Thursday|Friday,47,9
BODS_PH1121126_198_20260412_111.xml,PH1121126:198,BLUS:PH1121126:198:9,BLUS,VJ140,2026-07-21T08:50:00.000+05:45,Saturday,48,9
BODS_PH1121126_418_20260328_111.xml,PH1121126:418,BLUS:PH1121126:418:616,BLUS,VJ5,2026-07-21T09:00:00.000+05:45,Tuesday|Wednesday|Thursday|Friday,44,616
BODS_PH1121126_302_20260601_125.xml,PH1121126:302,BLUS:PH1121126:302:17,BLUS,VJ445,2026-07-21T05:55:00.000+05:45,Monday|Tuesday|Wednesday|Thursday|Friday,49,17
BODS_PH1121126_203_20260718_123.xml,PH1121126:203,BLUS:PH1121126:203:2,BLUS,VJ199,2026-07-21T14:30:00.000+05:45,Saturday,61,2
BODS_PH1121126_197_20260412_110.xml,PH1121126:197,BLUS:PH1121126:197:11,BLUS,VJ290,2026-07-21T15:41:00.000+05:45,Monday|Tuesday|Wednesday|Thursday|Friday,32,11
BODS_PH1121126_200_20260328_115.xml,PH1121126:200,BLUS:PH1121126:200:5,BLUS,VJ42,2026-07-21T08:33:00.000+05:45,Saturday,45,5
BODS_PH1121126_197_20260412_110.xml,PH1121126:197,BLUS:PH1121126:197:11,BLUS,VJ324,2026-07-21T17:56:00.000+05:45,Sunday,14,11
BODS_PH1121126_507_20260601_103.xml,PH1121126:507,BLUS:PH1121126:507:20,BLUS,VJ11,2026-07-21T10:00:00.000+05:45,Monday|Tuesday|Wednesday|Thursday|Friday,16,20
BODS_PH1121126_199_20260830_118.xml,PH1121126:199,BLUS:PH1121126:199:8,BLUS,VJ18,2026-07-21T13:15:00.000+05:45,Sunday,50,8
BODS_PH1121126_204_20260718_122.xml,PH1121126:204,BLUS:PH1121126:204:1,BLUS,VJ263,2026-07-21T16:20:00.000+05:45,Saturday,47,1
BODS_PH1121126_204_20260601_117.xml,PH1121126:204,BLUS:PH1121126:204:1,BLUS,VJ2,2026-07-21T06:10:00.000+05:45,Monday|Tuesday|Wednesday|Thursday|Friday,44,1
BODS_PH1121126_197_20260718_113.xml,PH1121126:197,BLUS:PH1121126:197:12,BLUS,VJ167,2026-07-21T13:40:00.000+05:45,Saturday,33,12
BODS_PH1121126_506_20260830_118.xml,PH1121126:506,BLUS:PH1121126:506:19,BLUS,VJ76,2026-07-21T16:25:00.000+05:45,Sunday,51,19
BODS_PH1121126_575_20260830_20.xml,PH1121126:575,BLUS:PH1121126:575:PR1,BLUS,VJ16,2026-07-21T15:00:00.000+05:45,Saturday,3,PR1
BODS_PH1121126_237_20260830_120.xml,PH1121126:237,BLUS:PH1121126:237:QC,BLUS,VJ2,2026-07-21T07:10:00.000+05:45,Monday|Tuesday|Wednesday|Thursday|Friday,6,QC
BODS_PH1121126_302_20260718_130.xml,PH1121126:302,BLUS:PH1121126:302:17,BLUS,VJ159,2026-07-21T08:05:00.000+05:45,Saturday,54,17
BODS_PH1121126_302_20260830_132.xml,PH1121126:302,BLUS:PH1121126:302:17,BLUS,VJ75,2026-07-21T14:44:00.000+05:45,Monday|Tuesday|Wednesday|Thursday|Friday,54,17
BODS_PH1121126_505_20260601_113.xml,PH1121126:505,BLUS:PH1121126:505:15,BLUS,VJ27,2026-07-21T06:25:00.000+05:45,Monday|Tuesday|Wednesday|Thursday|Friday,34,15
BODS_PH1121126_571_20260601_10.xml,PH1121126:571,BLUS:PH1121126:571:N2,BLUS,VJ8,2026-07-21T02:35:00.000+05:45,Saturday,33,N2
BODS_PH1121126_298_20260718_117.xml,PH1121126:298,BLUS:PH1121126:298:7,BLUS,VJ68,2026-07-21T08:34:00.000+05:45,Sunday,46,7
BODS_PH1121126_202_20260718_134.xml,PH1121126:202,BLUS:PH1121126:202:3,BLUS,VJ45,2026-07-21T16:00:00.000+05:45,Sunday,70,3
BODS_PH1121126_197_20260718_113.xml,PH1121126:197,BLUS:PH1121126:197:11,BLUS,VJ110,2026-07-21T15:55:00.000+05:45,Saturday,20,11
BODS_PH1121126_201_20260718_118.xml,PH1121126:201,BLUS:PH1121126:201:4,BLUS,VJ146,2026-07-21T14:40:00.000+05:45,Monday|Tuesday|Wednesday|Thursday|Friday,48,4
BODS_PH1121126_507_20260830_110.xml,PH1121126:507,BLUS:PH1121126:507:20,BLUS,VJ265,2026-07-21T08:20:00.000+05:45,Saturday,35,20
BODS_PH1121126_201_20260718_118.xml,PH1121126:201,BLUS:PH1121126:201:4,BLUS,VJ60,2026-07-21T23:30:00.000+05:45,Monday|Tuesday|Wednesday|Thursday|Friday,48,4
BODS_PH1121126_204_20260718_122.xml,PH1121126:204,BLUS:PH1121126:204:1,BLUS,VJ210,2026-07-21T14:00:00.000+05:45,Monday|Tuesday|Wednesday|Thursday|Friday,43,1
BODS_PH1121126_197_20260830_115.xml,PH1121126:197,BLUS:PH1121126:197:12,BLUS,VJ163,2026-07-21T11:40:00.000+05:45,Saturday,33,12
BODS_PH1121126_506_20260830_118.xml,PH1121126:506,BLUS:PH1121126:506:19,BLUS,VJ70,2026-07-21T07:35:00.000+05:45,Sunday,51,19
BODS_PH1121126_200_20260718_118.xml,PH1121126:200,BLUS:PH1121126:200:5,BLUS,VJ51,2026-07-21T15:15:00.000+05:45,Monday|Tuesday|Wednesday|Thursday|Friday,35,5
BODS_PH1121126_302_20260830_132.xml,PH1121126:302,BLUS:PH1121126:302:17,BLUS,VJ223,2026-07-21T04:55:00.000+05:45,Saturday,54,17
BODS_PH1121126_201_20260830_120.xml,PH1121126:201,BLUS:PH1121126:201:4,BLUS,VJ52,2026-07-21T20:20:00.000+05:45,Monday|Tuesday|Wednesday|Thursday|Friday,48,4
BODS_PH1121126_302_20260718_130.xml,PH1121126:302,BLUS:PH1121126:302:17,BLUS,VJ218,2026-07-21T16:30:00.000+05:45,Sunday,54,17
BODS_PH1121126_196_20260601_118.xml,PH1121126:196,BLUS:PH1121126:196:16,BLUS,VJ157,2026-07-21T09:59:00.000+05:45,Monday|Tuesday|Wednesday|Thursday|Friday,26,16
BODS_PH1121126_507_20260830_110.xml,PH1121126:507,BLUS:PH1121126:507:20,BLUS,VJ145,2026-07-21T09:22:00.000+05:45,Sunday,17,20
BODS_PH1121126_504_20260601_111.xml,PH1121126:504,BLUS:PH1121126:504:14,BLUS,VJ1,2026-07-21T08:55:00.000+05:45,Monday|Tuesday|Wednesday|Thursday|Friday,31,14
BODS_PH1121126_201_20260830_120.xml,PH1121126:201,BLUS:PH1121126:201:4,BLUS,VJ123,2026-07-21T16:25:00.000+05:45,Monday|Tuesday|Wednesday|Thursday|Friday,48,4
BODS_PH1121126_196_20260601_118.xml,PH1121126:196,BLUS:PH1121126:196:16,BLUS,VJ227,2026-07-21T17:52:00.000+05:45,Sunday,26,16
BODS_PH1121126_505_20260830_120.xml,PH1121126:505,BLUS:PH1121126:505:15,BLUS,VJ35,2026-07-21T15:30:00.000+05:45,Sunday,35,15
BODS_PH1121126_202_20260830_136.xml,PH1121126:202,BLUS:PH1121126:202:3,BLUS,VJ1,2026-07-21T06:02:00.000+05:45,Monday|Tuesday|Wednesday|Thursday|Friday,46,3
BODS_PH1121126_199_20260412_113.xml,PH1121126:199,BLUS:PH1121126:199:8,BLUS,VJ15,2026-07-21T16:40:00.000+05:45,Saturday,51,8
BODS_PH1121126_197_20260718_113.xml,PH1121126:197,BLUS:PH1121126:197:12,BLUS,VJ169,2026-07-21T14:40:00.000+05:45,Saturday,33,12
BODS_PH1121126_506_20260601_111.xml,PH1121126:506,BLUS:PH1121126:506:19a,BLUS,VJ171,2026-07-21T18:55:00.000+05:45,Monday|Tuesday|Wednesday|Thursday|Friday,48,19a
BODS_PH1121126_195_20260718_122.xml,PH1121126:195,BLUS:PH1121126:195:18,BLUS,VJ475,2026-07-21T10:17:00.000+05:45,Sunday,35,18
BODS_PH1121126_302_20260830_132.xml,PH1121126:302,BLUS:PH1121126:302:17,BLUS,VJ361,2026-07-21T06:40:00.000+05:45,Saturday,50,17
BODS_PH1121126_197_20260830_115.xml,PH1121126:197,BLUS:PH1121126:197:11,BLUS,VJ295,2026-07-21T06:06:00.000+05:45,Saturday,32,11
BODS_PH1121126_505_20260718_118.xml,PH1121126:505,BLUS:PH1121126:505:15,BLUS,VJ106,2026-07-21T19:55:00.000+05:45,Monday|Tuesday|Wednesday|Thursday|Friday,32,15
BODS_PH1121126_302_20260830_132.xml,PH1121126:302,BLUS:PH1121126:302:17,BLUS,VJ305,2026-07-21T17:30:00.000+05:45,Saturday,50,17
BODS_PH1121126_302_20260601_125.xml,PH1121126:302,BLUS:PH1121126:302:17,BLUS,VJ104,2026-07-21T10:15:00.000+05:45,Saturday,53,17
BODS_PH1121126_197_20260830_115.xml,PH1121126:197,BLUS:PH1121126:197:12,BLUS,VJ158,2026-07-21T09:10:00.000+05:45,Saturday,33,12
BODS_PH1121126_195_20260718_122.xml,PH1121126:195,BLUS:PH1121126:195:18,BLUS,VJ90,2026-07-21T15:28:00.000+05:45,Saturday,55,18
BODS_PH1121126_197_20260718_113.xml,PH1121126:197,BLUS:PH1121126:197:12,BLUS,VJ31,2026-07-21T20:25:00.000+05:45,Monday|Tuesday|Wednesday|Thursday|Friday,22,12
BODS_PH1121126_204_20260830_124.xml,PH1121126:204,BLUS:PH1121126:204:1,BLUS,VJ66,2026-07-21T09:20:00.000+05:45,Monday|Tuesday|Wednesday|Thursday|Friday,43,1
BODS_PH1121126_302_20260601_125.xml,PH1121126:302,BLUS:PH1121126:302:17,BLUS,VJ140,2026-07-21T06:25:00.000+05:45,Saturday,53,17
BODS_UZ000BLUS_6_20260830_1.xml,UZ000BLUS:6,BLUS:UZ000BLUS:6:6,BLUS,VJ11,2026-07-21T12:57:00.000+05:45,Monday|Tuesday|Wednesday|Thursday|Friday,20,6
BODS_PH1121126_575_20260718_18.xml,PH1121126:575,BLUS:PH1121126:575:PR1,BLUS,VJ135,2026-07-21T09:20:00.000+05:45,Saturday,2,PR1
BODS_PH1121126_195_20260718_122.xml,PH1121126:195,BLUS:PH1121126:195:18,BLUS,VJ306,2026-07-21T14:30:00.000+05:45,Saturday,35,18
BODS_PH1121126_204_20260718_122.xml,PH1121126:204,BLUS:PH1121126:204:1,BLUS,VJ102,2026-07-21T12:40:00.000+05:45,Sunday,43,1
BODS_PH1121126_298_20260601_111.xml,PH1121126:298,BLUS:PH1121126:298:7,BLUS,VJ98,2026-07-21T07:10:00.000+05:45,Monday|Tuesday|Wednesday|Thursday|Friday,60,7
BODS_PH1121126_203_20260718_123.xml,PH1121126:203,BLUS:PH1121126:203:2,BLUS,VJ184,2026-07-21T13:27:00.000+05:45,Monday|Tuesday|Wednesday|Thursday|Friday,61,2
BODS_PH1121126_507_20260601_103.xml,PH1121126:507,BLUS:PH1121126:507:20,BLUS,VJ86,2026-07-21T17:30:00.000+05:45,Monday|Tuesday|Wednesday|Thursday|Friday,16,20
BODS_PH1121126_502_20260328_107.xml,PH1121126:502,BLUS:PH1121126:502:10,BLUS,VJ36,2026-07-21T12:54:00.000+05:45,Saturday,36,10
BODS_UZ000BLUS_6_20260830_1.xml,UZ000BLUS:6,BLUS:UZ000BLUS:6:6,BLUS,VJ14,2026-07-21T09:15:00.000+05:45,Sunday,20,6
BODS_PH1121126_302_20260601_125.xml,PH1121126:302,BLUS:PH1121126:302:N17,BLUS,VJ253,2026-07-21T04:02:00.000+05:45,Saturday,58,N17
BODS_PH1121126_198_20260718_114.xml,PH1121126:198,BLUS:PH1121126:198:9,BLUS,VJ55,2026-07-21T09:40:00.000+05:45,Sunday,47,9
BODS_PH1121126_507_20260601_103.xml,PH1121126:507,BLUS:PH1121126:507:20,BLUS,VJ147,2026-07-21T10:22:00.000+05:45,Sunday,16,20
BODS_PH1121126_195_20260718_122.xml,PH1121126:195,BLUS:PH1121126:195:18,BLUS,VJ377,2026-07-21T07:40:00.000+05:45,Saturday,35,18
BODS_PH1121126_506_20260601_111.xml,PH1121126:506,BLUS:PH1121126:506:19a,BLUS,VJ125,2026-07-21T11:47:00.000+05:45,Monday|Tuesday|Wednesday|Thursday|Friday,48,19a
BODS_PH1121126_506_20260601_111.xml,PH1121126:506,BLUS:PH1121126:506:19a,BLUS,VJ301,2026-07-21T12:55:00.000+05:45,Monday|Tuesday|Wednesday|Thursday|Friday,50,19a
BODS_PH1121126_197_20260830_115.xml,PH1121126:197,BLUS:PH1121126:197:11,BLUS,VJ140,2026-07-21T07:54:00.000+05:45,Monday|Tuesday|Wednesday|Thursday|Friday,20,11
BODS_PH1121126_302_20260601_125.xml,PH1121126:302,BLUS:PH1121126:302:17,BLUS,VJ413,2026-07-21T08:17:00.000+05:45,Monday|Tuesday|Wednesday|Thursday|Friday,49,17
BODS_PH1121126_195_20260830_124.xml,PH1121126:195,BLUS:PH1121126:195:18,BLUS,VJ38,2026-07-21T09:42:00.000+05:45,Monday|Tuesday|Wednesday|Thursday|Friday,55,18
BODS_PH1121126_504_20260601_111.xml,PH1121126:504,BLUS:PH1121126:504:14,BLUS,VJ63,2026-07-21T10:55:00.000+05:45,Sunday,31,14
BODS_PH1121126_201_20260830_120.xml,PH1121126:201,BLUS:PH1121126:201:4,BLUS,VJ117,2026-07-21T20:15:00.000+05:45,Monday|Tuesday|Wednesday|Thursday|Friday,48,4
BODS_PH1121126_505_20260601_113.xml,PH1121126:505,BLUS:PH1121126:505:15,BLUS,VJ92,2026-07-21T17:57:00.000+05:45,Saturday,32,15
BODS_PH1121126_302_20260601_125.xml,PH1121126:302,BLUS:PH1121126:302:17,BLUS,VJ351,2026-07-21T11:10:00.000+05:45,Saturday,49,17
BODS_PH1121126_302_20260601_125.xml,PH1121126:302,BLUS:PH1121126:302:17,BLUS,VJ232,2026-07-21T06:40:00.000+05:45,Saturday,31,17
BODS_PH1121126_195_20260601_117.xml,PH1121126:195,BLUS:PH1121126:195:18,BLUS,VJ513,2026-07-21T17:50:00.000+05:45,Sunday,34,18
BODS_PH1121126_200_20260718_118.xml,PH1121126:200,BLUS:PH1121126:200:5,BLUS,VJ62,2026-07-21T11:25:00.000+05:45,Saturday,7,5
BODS_PH1121126_298_20260718_117.xml,PH1121126:298,BLUS:PH1121126:298:7,BLUS,VJ41,2026-07-21T22:50:00.000+05:45,Saturday,13,7
BODS_PH1121126_198_20260830_116.xml,PH1121126:198,BLUS:PH1121126:198:9,BLUS,VJ33,2026-07-21T10:10:00.000+05:45,Sunday,42,9
BODS_PH1121126_505_20260601_113.xml,PH1121126:505,BLUS:PH1121126:505:15,BLUS,VJ90,2026-07-21T16:52:00.000+05:45,Saturday,32,15
BODS_PH1121126_302_20260601_125.xml,PH1121126:302,BLUS:PH1121126:302:17,BLUS,VJ429,2026-07-21T06:05:00.000+05:45,Sunday,49,17
BODS_PH1121126_243_20260718_111.xml,PH1121126:243,BLUS:PH1121126:243:538,BLUS,VJ4,2026-07-21T15:10:00.000+05:45,Monday|Tuesday|Wednesday|Thursday|Friday,13,538
BODS_PH1121126_506_20260718_116.xml,PH1121126:506,BLUS:PH1121126:506:19a,BLUS,VJ270,2026-07-21T22:25:00.000+05:45,Monday|Tuesday|Wednesday|Thursday|Friday,50,19a
BODS_PH1121126_302_20260601_125.xml,PH1121126:302,BLUS:PH1121126:302:17,BLUS,VJ364,2026-07-21T09:00:00.000+05:45,Saturday,49,17
BODS_PH1121126_196_20260718_123.xml,PH1121126:196,BLUS:PH1121126:196:16,BLUS,VJ193,2026-07-21T15:18:00.000+05:45,Monday|Tuesday|Wednesday|Thursday|Friday,28,16
BODS_PH1121126_302_20260830_132.xml,PH1121126:302,BLUS:PH1121126:302:17,BLUS,VJ428,2026-07-21T07:10:00.000+05:45,Monday|Tuesday|Wednesday|Thursday|Friday,50,17
BODS_PH1121126_204_20260601_117.xml,PH1121126:204,BLUS:PH1121126:204:1,BLUS,VJ375,2026-07-21T00:05:00.000+05:45,Saturday,46,1
BODS_PH1121126_198_20260830_116.xml,PH1121126:198,BLUS:PH1121126:198:9,BLUS,VJ119,2026-07-21T07:55:00.000+05:45,Monday|Tuesday|Wednesday|Thursday|Friday,52,9
BODS_PH1121126_204_20260601_117.xml,PH1121126:204,BLUS:PH1121126:204:1,BLUS,VJ319,2026-07-21T14:25:00.000+05:45,Sunday,46,1
BODS_PH1121126_575_20260830_20.xml,PH1121126:575,BLUS:PH1121126:575:PR1,BLUS,VJ60,2026-07-21T15:45:00.000+05:45,Sunday,3,PR1
BODS_PH1121126_195_20260718_122.xml,PH1121126:195,BLUS:PH1121126:195:N18,BLUS,VJ263,2026-07-21T02:15:00.000+05:45,Monday|Tuesday|Wednesday|Thursday|Friday,26,N18
BODS_PH1121126_504_20260718_116.xml,PH1121126:504,BLUS:PH1121126:504:14,BLUS,VJ7,2026-07-21T11:55:00.000+05:45,Monday|Tuesday|Wednesday|Thursday|Friday,31,14
BODS_PH1121126_503_20260328_110.xml,PH1121126:503,BLUS:PH1121126:503:13,BLUS,VJ79,2026-07-21T13:57:00.000+05:45,Monday|Tuesday|Wednesday|Thursday|Friday,31,13
BODS_PH1121126_504_20260718_116.xml,PH1121126:504,BLUS:PH1121126:504:14,BLUS,VJ107,2026-07-21T12:30:00.000+05:45,Sunday,43,14
BODS_PH1121126_203_20260718_123.xml,PH1121126:203,BLUS:PH1121126:203:2,BLUS,VJ226,2026-07-21T20:13:00.000+05:45,Monday|Tuesday|Wednesday|Thursday|Friday,61,2
BODS_PH1121126_195_20260601_117.xml,PH1121126:195,BLUS:PH1121126:195:18,BLUS,VJ159,2026-07-21T18:40:00.000+05:45,Sunday,54,18
BODS_PH1121126_198_20260412_111.xml,PH1121126:198,BLUS:PH1121126:198:9,BLUS,VJ214,2026-07-21T17:50:00.000+05:45,Sunday,58,9
BODS_PH1121126_201_20260830_120.xml,PH1121126:201,BLUS:PH1121126:201:4,BLUS,VJ16,2026-07-21T10:55:00.000+05:45,Saturday,48,4
BODS_PH1121126_302_20260718_130.xml,PH1121126:302,BLUS:PH1121126:302:17,BLUS,VJ426,2026-07-21T09:50:00.000+05:45,Saturday,50,17
BODS_PH1121126_199_20260718_116.xml,PH1121126:199,BLUS:PH1121126:199:8,BLUS,VJ38,2026-07-21T13:45:00.000+05:45,Saturday,52,8
BODS_PH1121126_302_20260830_132.xml,PH1121126:302,BLUS:PH1121126:302:17,BLUS,VJ415,2026-07-21T22:55:00.000+05:45,Sunday,50,17
BODS_PH1121126_298_20260718_117.xml,PH1121126:298,BLUS:PH1121126:298:7,BLUS,VJ85,2026-07-21T11:42:00.000+05:45,Saturday,61,7
BODS_PH1121126_507_20260718_108.xml,PH1121126:507,BLUS:PH1121126:507:20,BLUS,VJ231,2026-07-21T11:10:00.000+05:45,Saturday,35,20
BODS_PH1121126_204_20260718_122.xml,PH1121126:204,BLUS:PH1121126:204:1,BLUS,VJ432,2026-07-21T09:01:00.000+05:45,Sunday,28,1
BODS_PH1121126_195_20260601_117.xml,PH1121126:195,BLUS:PH1121126:195:18,BLUS,VJ524,2026-07-21T00:05:00.000+05:45,Sunday,34,18
BODS_PH1121126_204_20260830_124.xml,PH1121126:204,BLUS:PH1121126:204:1,BLUS,VJ370,2026-07-21T15:26:00.000+05:45,Monday|Tuesday|Wednesday|Thursday|Friday,47,1
BODS_PH1121126_575_20260830_20.xml,PH1121126:575,BLUS:PH1121126:575:PR1,BLUS,VJ26,2026-07-21T11:00:00.000+05:45,Sunday,3,PR1
BODS_PH1121126_507_20260718_108.xml,PH1121126:507,BLUS:PH1121126:507:20,BLUS,VJ197,2026-07-21T13:57:00.000+05:45,Saturday,35,20
BODS_PH1121126_204_20260601_117.xml,PH1121126:204,BLUS:PH1121126:204:1,BLUS,VJ36,2026-07-21T13:10:00.000+05:45,Saturday,42,1
BODS_PH1121126_507_20260830_110.xml,PH1121126:507,BLUS:PH1121126:507:20,BLUS,VJ76,2026-07-21T15:00:00.000+05:45,Monday|Tuesday|Wednesday|Thursday|Friday,17,20
BODS_PH1121126_204_20260830_124.xml,PH1121126:204,BLUS:PH1121126:204:1,BLUS,VJ142,2026-07-21T17:00:00.000+05:45,Monday|Tuesday|Wednesday|Thursday|Friday,43,1
BODS_PH1121126_201_20260830_120.xml,PH1121126:201,BLUS:PH1121126:201:4,BLUS,VJ31,2026-07-21T11:20:00.000+05:45,Sunday,48,4
BODS_PH1121126_507_20260601_103.xml,PH1121126:507,BLUS:PH1121126:507:20,BLUS,VJ304,2026-07-21T22:23:00.000+05:45,Sunday,34,20
BODS_PH1121126_196_20260718_123.xml,PH1121126:196,BLUS:PH1121126:196:16,BLUS,VJ92,2026-07-21T14:40:00.000+05:45,Monday|Tuesday|Wednesday|Thursday|Friday,18,16
BODS_PH1121126_302_20260601_125.xml,PH1121126:302,BLUS:PH1121126:302:17,BLUS,VJ226,2026-07-21T17:07:00.000+05:45,Saturday,53,17
BODS_PH1121126_202_20260718_134.xml,PH1121126:202,BLUS:PH1121126:202:3,BLUS,VJ25,2026-07-21T17:20:00.000+05:45,Monday|Tuesday|Wednesday|Thursday|Friday,70,3
BODS_PH1121126_195_20260718_122.xml,PH1121126:195,BLUS:PH1121126:195:18,BLUS,VJ153,2026-07-21T23:10:00.000+05:45,Sunday,55,18
BODS_PH1121126_302_20260830_132.xml,PH1121126:302,BLUS:PH1121126:302:17,BLUS,VJ256,2026-07-21T09:25:00.000+05:45,Sunday,50,17
BODS_PH1121126_197_20260412_110.xml,PH1121126:197,BLUS:PH1121126:197:11,BLUS,VJ106,2026-07-21T13:55:00.000+05:45,Saturday,20,11
BODS_PH1121126_302_20260830_132.xml,PH1121126:302,BLUS:PH1121126:302:17,BLUS,VJ74,2026-07-21T14:33:00.000+05:45,Monday|Tuesday|Wednesday|Thursday|Friday,54,17
BODS_PH1121126_195_20260601_117.xml,PH1121126:195,BLUS:PH1121126:195:18,BLUS,VJ272,2026-07-21T08:55:00.000+05:45,Saturday,34,18
BODS_PH1121126_199_20260830_118.xml,PH1121126:199,BLUS:PH1121126:199:8,BLUS,VJ26,2026-07-21T07:20:00.000+05:45,Monday|Tuesday|Wednesday|Thursday|Friday,50,8
BODS_PH1121126_198_20260830_116.xml,PH1121126:198,BLUS:PH1121126:198:9,BLUS,VJ178,2026-07-21T23:15:00.000+05:45,Monday|Tuesday|Wednesday|Thursday|Friday,55,9
BODS_PH1121126_507_20260601_103.xml,PH1121126:507,BLUS:PH1121126:507:20,BLUS,VJ201,2026-07-21T14:57:00.000+05:45,Saturday,34,20
BODS_PH1121126_302_20260601_125.xml,PH1121126:302,BLUS:PH1121126:302:17,BLUS,VJ194,2026-07-21T08:55:00.000+05:45,Sunday,53,17
BODS_PH1121126_204_20260601_117.xml,PH1121126:204,BLUS:PH1121126:204:1,BLUS,VJ57,2026-07-21T16:40:00.000+05:45,Saturday,42,1
BODS_PH1121126_197_20260830_115.xml,PH1121126:197,BLUS:PH1121126:197:11,BLUS,VJ259,2026-07-21T14:24:00.000+05:45,Saturday,32,11
BODS_PH1121126_506_20260601_111.xml,PH1121126:506,BLUS:PH1121126:506:19,BLUS,VJ237,2026-07-21T11:05:00.000+05:45,Saturday,51,19
BODS_PH1121126_575_20260830_20.xml,PH1121126:575,BLUS:PH1121126:575:PR1,BLUS,VJ10,2026-07-21T13:00:00.000+05:45,Saturday,3,PR1
BODS_PH1121126_203_20260601_118.xml,PH1121126:203,BLUS:PH1121126:203:2,BLUS,VJ122,2026-07-21T08:25:00.000+05:45,Monday|Tuesday|Wednesday|Thursday|Friday,50,2
BODS_PH1121126_204_20260718_122.xml,PH1121126:204,BLUS:PH1121126:204:1,BLUS,VJ398,2026-07-21T08:05:00.000+05:45,Monday|Tuesday|Wednesday|Thursday|Friday,47,1
BODS_PH1121126_237_20260412_115.xml,PH1121126:237,BLUS:PH1121126:237:QC,BLUS,VJ31,2026-07-21T15:30:00.000+05:45,Saturday,6,QC
BODS_PH1121126_199_20260830_118.xml,PH1121126:199,BLUS:PH1121126:199:8,BLUS,VJ31,2026-07-21T08:07:00.000+05:45,Saturday,35,8
BODS_PH1121126_298_20260718_117.xml,PH1121126:298,BLUS:PH1121126:298:7,BLUS,VJ101,2026-07-21T09:10:00.000+05:45,Monday|Tuesday|Wednesday|Thursday|Friday,61,7
BODS_PH1121126_204_20260601_117.xml,PH1121126:204,BLUS:PH1121126:204:1,BLUS,VJ194,2026-07-21T06:20:00.000+05:45,Sunday,42,1
BODS_PH1121126_575_20260531_15.xml,PH1121126:575,BLUS:PH1121126:575:PR1,BLUS,VJ4,2026-07-21T11:00:00.000+05:45,Saturday,3,PR1
BODS_PH1121126_195_20260718_122.xml,PH1121126:195,BLUS:PH1121126:195:18,BLUS,VJ174,2026-07-21T07:22:00.000+05:45,Saturday,55,18
BODS_PH1121126_203_20260718_123.xml,PH1121126:203,BLUS:PH1121126:203:2,BLUS,VJ26,2026-07-21T08:55:00.000+05:45,Monday|Tuesday|Wednesday|Thursday|Friday,51,2
BODS_PH1121126_302_20260830_132.xml,PH1121126:302,BLUS:PH1121126:302:17,BLUS,VJ153,2026-07-21T08:20:00.000+05:45,Saturday,54,17
BODS_PH1121126_507_20260830_110.xml,PH1121126:507,BLUS:PH1121126:507:20,BLUS,VJ313,2026-07-21T08:30:00.000+05:45,Monday|Tuesday|Wednesday|Thursday|Friday,35,20
BODS_PH1121126_504_20260718_116.xml,PH1121126:504,BLUS:PH1121126:504:14,BLUS,VJ100,2026-07-21T16:32:00.000+05:45,Saturday,43,14
BODS_PH1121126_197_20260830_115.xml,PH1121126:197,BLUS:PH1121126:197:11,BLUS,VJ126,2026-07-21T17:10:00.000+05:45,Monday|Tuesday|Wednesday|Thursday|Friday,20,11
BODS_PH1121126_571_20260601_10.xml,PH1121126:571,BLUS:PH1121126:571:N2,BLUS,VJ4,2026-07-21T01:35:00.000+05:45,Monday|Tuesday|Wednesday|Thursday|Friday,33,N2
BODS_PH1121126_199_20260412_113.xml,PH1121126:199,BLUS:PH1121126:199:8,BLUS,VJ65,2026-07-21T19:35:00.000+05:45,Saturday,34,8
BODS_PH1121126_504_20260718_116.xml,PH1121126:504,BLUS:PH1121126:504:14,BLUS,VJ137,2026-07-21T08:35:00.000+05:45,Saturday,43,14
BODS_PH1121126_575_20260718_18.xml,PH1121126:575,BLUS:PH1121126:575:PR1,BLUS,VJ147,2026-07-21T17:15:00.000+05:45,Sunday,2,PR1
BODS_PH1121126_302_20260601_125.xml,PH1121126:302,BLUS:PH1121126:302:17,BLUS,VJ428,2026-07-21T05:05:00.000+05:45,Sunday,49,17
BODS_PH1121126_197_20260830_115.xml,PH1121126:197,BLUS:PH1121126:197:12,BLUS,VJ74,2026-07-21T07:03:00.000+05:45,Sunday,22,12
BODS_PH1121126_197_20260412_110.xml,PH1121126:197,BLUS:PH1121126:197:12,BLUS,VJ239,2026-07-21T08:28:00.000+05:45,Sunday,33,12
BODS_UZ000BLUS_6_20260830_1.xml,UZ000BLUS:6,BLUS:UZ000BLUS:6:6,BLUS,VJ56,2026-07-21T15:00:00.000+05:45,Monday|Tuesday|Wednesday|Thursday|Friday,20,6
BODS_PH1121126_506_20260830_118.xml,PH1121126:506,BLUS:PH1121126:506:19,BLUS,VJ247,2026-07-21T17:07:00.000+05:45,Saturday,52,19
BODS_PH1121126_199_20260718_116.xml,PH1121126:199,BLUS:PH1121126:199:8,BLUS,VJ57,2026-07-21T08:40:00.000+05:45,Monday|Tuesday|Wednesday|Thursday|Friday,52,8
BODS_PH1121126_505_20260718_118.xml,PH1121126:505,BLUS:PH1121126:505:15,BLUS,VJ52,2026-07-21T13:30:00.000+05:45,Sunday,35,15
BODS_PH1121126_198_20260718_114.xml,PH1121126:198,BLUS:PH1121126:198:9,BLUS,VJ206,2026-07-21T10:23:00.000+05:45,Sunday,43,9
BODS_PH1121126_507_20260830_110.xml,PH1121126:507,BLUS:PH1121126:507:20,BLUS,VJ279,2026-07-21T07:10:00.000+05:45,Sunday,35,20
BODS_PH1121126_196_20260601_118.xml,PH1121126:196,BLUS:PH1121126:196:16,BLUS,VJ78,2026-07-21T17:10:00.000+05:45,Monday|Tuesday|Wednesday|Thursday|Friday,18,16
BODS_PH1121126_502_20260718_110.xml,PH1121126:502,BLUS:PH1121126:502:10,BLUS,VJ26,2026-07-21T10:37:00.000+05:45,Monday|Tuesday|Wednesday|Thursday|Friday,36,10
BODS_PH1121126_302_20260601_125.xml,PH1121126:302,BLUS:PH1121126:302:17,BLUS,VJ443,2026-07-21T07:30:00.000+05:45,Monday|Tuesday|Wednesday|Thursday|Friday,49,17
BODS_PH1121126_201_20260830_120.xml,PH1121126:201,BLUS:PH1121126:201:4,BLUS,VJ78,2026-07-21T09:05:00.000+05:45,Monday|Tuesday|Wednesday|Thursday|Friday,48,4
BODS_PH1121126_204_20260601_117.xml,PH1121126:204,BLUS:PH1121126:204:1,BLUS,VJ387,2026-07-21T08:45:00.000+05:45,Saturday,46,1
BODS_PH1121126_203_20260601_118.xml,PH1121126:203,BLUS:PH1121126:203:2,BLUS,VJ291,2026-07-21T10:23:00.000+05:45,Saturday,60,2
BODS_PH1121126_203_20260601_118.xml,PH1121126:203,BLUS:PH1121126:203:2,BLUS,VJ292,2026-07-21T08:05:00.000+05:45,Monday|Tuesday|Wednesday|Thursday|Friday,60,2
BODS_PH1121126_506_20260830_118.xml,PH1121126:506,BLUS:PH1121126:506:19,BLUS,VJ271,2026-07-21T14:07:00.000+05:45,Monday|Tuesday|Wednesday|Thursday|Friday,52,19
BODS_PH1121126_575_20260531_15.xml,PH1121126:575,BLUS:PH1121126:575:PR1,BLUS,VJ24,2026-07-21T17:40:00.000+05:45,Saturday,3,PR1
BODS_PH1121126_302_20260830_132.xml,PH1121126:302,BLUS:PH1121126:302:17,BLUS,VJ456,2026-07-21T18:02:00.000+05:45,Saturday,50,17
BODS_PH1121126_204_20260601_117.xml,PH1121126:204,BLUS:PH1121126:204:1,BLUS,VJ70,2026-07-21T10:00:00.000+05:45,Monday|Tuesday|Wednesday|Thursday|Friday,42,1
BODS_PH1121126_204_20260830_124.xml,PH1121126:204,BLUS:PH1121126:204:1,BLUS,VJ34,2026-07-21T12:50:00.000+05:45,Saturday,43,1
BODS_PH1121126_507_20260830_110.xml,PH1121126:507,BLUS:PH1121126:507:20,BLUS,VJ209,2026-07-21T16:57:00.000+05:45,Saturday,35,20
BODS_PH1121126_203_20260601_118.xml,PH1121126:203,BLUS:PH1121126:203:2,BLUS,VJ140,2026-07-21T17:10:00.000+05:45,Saturday,55,2
BODS_PH1121126_196_20260718_123.xml,PH1121126:196,BLUS:PH1121126:196:16,BLUS,VJ48,2026-07-21T10:30:00.000+05:45,Saturday,18,16
BODS_PH1121126_302_20260830_132.xml,PH1121126:302,BLUS:PH1121126:302:17,BLUS,VJ327,2026-07-21T12:20:00.000+05:45,Monday|Tuesday|Wednesday|Thursday|Friday,50,17
BODS_PH1121126_507_20260830_110.xml,PH1121126:507,BLUS:PH1121126:507:20,BLUS,VJ301,2026-07-21T07:25:00.000+05:45,Monday|Tuesday|Wednesday|Thursday|Friday,35,20
BODS_PH1121126_507_20260601_103.xml,PH1121126:507,BLUS:PH1121126:507:20,BLUS,VJ307,2026-07-21T18:52:00.000+05:45,Sunday,34,20
BODS_UZ000BLUS_6_20260830_1.xml,UZ000BLUS:6,BLUS:UZ000BLUS:6:6,BLUS,VJ43,2026-07-21T07:57:00.000+05:45,Saturday,20,6
BODS_PH1121126_195_20260718_122.xml,PH1121126:195,BLUS:PH1121126:195:18,BLUS,VJ123,2026-07-21T09:23:00.000+05:45,Saturday,55,18
BODS_PH1121126_198_20260412_111.xml,PH1121126:198,BLUS:PH1121126:198:9,BLUS,VJ188,2026-07-21T11:35:00.000+05:45,Saturday,43,9
BODS_PH1121126_203_20260830_125.xml,PH1121126:203,BLUS:PH1121126:203:2,BLUS,VJ120,2026-07-21T08:40:00.000+05:45,Monday|Tuesday|Wednesday|Thursday|Friday,51,2
BODS_PH1121126_302_20260718_130.xml,PH1121126:302,BLUS:PH1121126:302:17,BLUS,VJ19,2026-07-21T10:07:00.000+05:45,Monday|Tuesday|Wednesday|Thursday|Friday,54,17
BODS_PH1121126_302_20260830_132.xml,PH1121126:302,BLUS:PH1121126:302:17,BLUS,VJ378,2026-07-21T08:20:00.000+05:45,Saturday,50,17
BODS_PH1121126_197_20260412_110.xml,PH1121126:197,BLUS:PH1121126:197:12,BLUS,VJ206,2026-07-21T16:28:00.000+05:45,Sunday,33,12
BODS_PH1121126_195_20260830_124.xml,PH1121126:195,BLUS:PH1121126:195:18,BLUS,VJ370,2026-07-21T15:17:00.000+05:45,Monday|Tuesday|Wednesday|Thursday|Friday,35,18
BODS_PH1121126_203_20260830_125.xml,PH1121126:203,BLUS:PH1121126:203:2,BLUS,VJ121,2026-07-21T08:35:00.000+05:45,Monday|Tuesday|Wednesday|Thursday|Friday,51,2
BODS_PH1121126_563_20260718_20.xml,PH1121126:563,BLUS:PH1121126:563:61,BLUS,VJ6,2026-07-21T21:12:00.000+05:45,Sunday,26,61
BODS_PH1121126_195_20260718_122.xml,PH1121126:195,BLUS:PH1121126:195:18,BLUS,VJ231,2026-07-21T14:32:00.000+05:45,Monday|Tuesday|Wednesday|Thursday|Friday,55,18
BODS_PH1121126_302_20260601_125.xml,PH1121126:302,BLUS:PH1121126:302:17,BLUS,VJ336,2026-07-21T10:30:00.000+05:45,Monday|Tuesday|Wednesday|Thursday|Friday,49,17
BODS_PH1121126_204_20260601_117.xml,PH1121126:204,BLUS:PH1121126:204:1,BLUS,VJ196,2026-07-21T00:10:00.000+05:45,Monday|Tuesday|Wednesday|Thursday|Friday,42,1
BODS_PH1121126_503_20260328_110.xml,PH1121126:503,BLUS:PH1121126:503:13,BLUS,VJ44,2026-07-21T14:33:00.000+05:45,Saturday,21,13
BODS_PH1121126_302_20260830_132.xml,PH1121126:302,BLUS:PH1121126:302:17,BLUS,VJ105,2026-07-21T17:00:00.000+05:45,Sunday,54,17
BODS_PH1121126_201_20260718_118.xml,PH1121126:201,BLUS:PH1121126:201:4,BLUS,VJ131,2026-07-21T08:20:00.000+05:45,Monday|Tuesday|Wednesday|Thursday|Friday,48,4
BODS_PH1121126_197_20260718_113.xml,PH1121126:197,BLUS:PH1121126:197:12,BLUS,VJ242,2026-07-21T07:45:00.000+05:45,Monday|Tuesday|Wednesday|Thursday|Friday,33,12
BODS_PH1121126_503_20260328_110.xml,PH1121126:503,BLUS:PH1121126:503:13,BLUS,VJ115,2026-07-21T15:27:00.000+05:45,Saturday,31,13
BODS_PH1121126_195_20260830_124.xml,PH1121126:195,BLUS:PH1121126:195:18,BLUS,VJ344,2026-07-21T09:04:00.000+05:45,Monday|Tuesday|Wednesday|Thursday|Friday,35,18
BODS_PH1121126_195_20260718_122.xml,PH1121126:195,BLUS:PH1121126:195:18,BLUS,VJ186,2026-07-21T09:28:00.000+05:45,Sunday,55,18
BODS_PH1121126_195_20260601_117.xml,PH1121126:195,BLUS:PH1121126:195:18,BLUS,VJ349,2026-07-21T15:00:00.000+05:45,Saturday,34,18
BODS_PH1121126_199_20260718_116.xml,PH1121126:199,BLUS:PH1121126:199:8,BLUS,VJ1,2026-07-21T08:40:00.000+05:45,Monday|Tuesday|Wednesday|Thursday|Friday,50,8
BODS_PH1121126_302_20260718_130.xml,PH1121126:302,BLUS:PH1121126:302:17,BLUS,VJ207,2026-07-21T13:00:00.000+05:45,Sunday,54,17
BODS_PH1121126_196_20260601_118.xml,PH1121126:196,BLUS:PH1121126:196:16,BLUS,VJ87,2026-07-21T06:45:00.000+05:45,Monday|Tuesday|Wednesday|Thursday|Friday,18,16
BODS_PH1121126_575_20260531_15.xml,PH1121126:575,BLUS:PH1121126:575:PR1,BLUS,VJ39,2026-07-21T15:20:00.000+05:45,Sunday,3,PR1
BODS_PH1121126_504_20260718_116.xml,PH1121126:504,BLUS:PH1121126:504:14,BLUS,VJ139,2026-07-21T18:55:00.000+05:45,Monday|Tuesday|Wednesday|Thursday|Friday,43,14
BODS_PH1121126_203_20260601_118.xml,PH1121126:203,BLUS:PH1121126:203:2,BLUS,VJ307,2026-07-21T18:44:00.000+05:45,Monday|Tuesday|Wednesday|Thursday|Friday,60,2
BODS_PH1121126_472_20260328_118.xml,PH1121126:472,BLUS:PH1121126:472:603,BLUS,VJ9,2026-07-21T16:10:00.000+05:45,Monday|Tuesday|Wednesday|Thursday|Friday,28,603
BODS_PH1121126_298_20260601_111.xml,PH1121126:298,BLUS:PH1121126:298:7,BLUS,VJ51,2026-07-21T12:05:00.000+05:45,Saturday,51,7
BODS_PH1121126_575_20260718_18.xml,PH1121126:575,BLUS:PH1121126:575:PR1,BLUS,VJ124,2026-07-21T15:10:00.000+05:45,Sunday,2,PR1
BODS_PH1121126_203_20260718_123.xml,PH1121126:203,BLUS:PH1121126:203:2,BLUS,VJ292,2026-07-21T08:05:00.000+05:45,Monday|Tuesday|Wednesday|Thursday|Friday,61,2
BODS_UZ000BLUS_26_20260830_1.xml,UZ000BLUS:26,BLUS:UZ000BLUS:26:26,BLUS,VJ61,2026-07-21T16:20:00.000+05:45,Saturday,40,26
BODS_PH1121126_204_20260718_122.xml,PH1121126:204,BLUS:PH1121126:204:1,BLUS,VJ206,2026-07-21T19:25:00.000+05:45,Monday|Tuesday|Wednesday|Thursday|Friday,43,1
BODS_PH1121126_302_20260830_132.xml,PH1121126:302,BLUS:PH1121126:302:N17,BLUS,VJ246,2026-07-21T03:02:00.000+05:45,Saturday,59,N17
BODS_PH1121126_237_20260412_115.xml,PH1121126:237,BLUS:PH1121126:237:QC,BLUS,VJ73,2026-07-21T13:30:00.000+05:45,Saturday,6,QC
BODS_PH1121126_195_20260830_124.xml,PH1121126:195,BLUS:PH1121126:195:18,BLUS,VJ83,2026-07-21T14:23:00.000+05:45,Saturday,55,18
BODS_PH1121126_506_20260830_118.xml,PH1121126:506,BLUS:PH1121126:506:19a,BLUS,VJ100,2026-07-21T08:46:00.000+05:45,Monday|Tuesday|Wednesday|Thursday|Friday,49,19a
BODS_PH1121126_195_20260718_122.xml,PH1121126:195,BLUS:PH1121126:195:18,BLUS,VJ520,2026-07-21T08:05:00.000+05:45,Sunday,35,18
BODS_PH1121126_302_20260601_125.xml,PH1121126:302,BLUS:PH1121126:302:17,BLUS,VJ448,2026-07-21T21:25:00.000+05:45,Sunday,49,17
BODS_PH1121126_506_20260718_116.xml,PH1121126:506,BLUS:PH1121126:506:19,BLUS,VJ69,2026-07-21T08:58:00.000+05:45,Monday|Tuesday|Wednesday|Thursday|Friday,51,19
BODS_PH1121126_202_20260601_129.xml,PH1121126:202,BLUS:PH1121126:202:3,BLUS,VJ4,2026-07-21T12:00:00.000+05:45,Saturday,70,3
BODS_PH1121126_202_20260601_129.xml,PH1121126:202,BLUS:PH1121126:202:3,BLUS,VJ47,2026-07-21T17:30:00.000+05:45,Saturday,68,3
BODS_PH1121126_197_20260412_110.xml,PH1121126:197,BLUS:PH1121126:197:11,BLUS,VJ269,2026-07-21T10:37:00.000+05:45,Monday|Tuesday|Wednesday|Thursday|Friday,32,11
BODS_PH1121126_203_20260830_125.xml,PH1121126:203,BLUS:PH1121126:203:2,BLUS,VJ222,2026-07-21T16:30:00.000+05:45,Sunday,61,2
BODS_PH1121126_204_20260718_122.xml,PH1121126:204,BLUS:PH1121126:204:1,BLUS,VJ339,2026-07-21T22:20:00.000+05:45,Monday|Tuesday|Wednesday|Thursday|Friday,47,1
BODS_PH1121126_302_20260830_132.xml,PH1121126:302,BLUS:PH1121126:302:17,BLUS,VJ205,2026-07-21T07:14:00.000+05:45,Monday|Tuesday|Wednesday|Thursday|Friday,54,17
BODS_PH1121126_196_20260601_118.xml,PH1121126:196,BLUS:PH1121126:196:16,BLUS,VJ234,2026-07-21T07:44:00.000+05:45,Monday|Tuesday|Wednesday|Thursday|Friday,26,16
BODS_PH1121126_197_20260830_115.xml,PH1121126:197,BLUS:PH1121126:197:12,BLUS,VJ238,2026-07-21T07:28:00.000+05:45,Sunday,33,12
BODS_PH1121126_203_20260601_118.xml,PH1121126:203,BLUS:PH1121126:203:2,BLUS,VJ226,2026-07-21T20:13:00.000+05:45,Monday|Tuesday|Wednesday|Thursday|Friday,60,2
BODS_PH1121126_195_20260830_124.xml,PH1121126:195,BLUS:PH1121126:195:N18,BLUS,VJ260,2026-07-21T03:15:00.000+05:45,Saturday,26,N18
BODS_PH1121126_507_20260830_110.xml,PH1121126:507,BLUS:PH1121126:507:20,BLUS,VJ151,2026-07-21T04:53:00.000+05:45,Monday|Tuesday|Wednesday|Thursday|Friday,17,20
BODS_PH1121126_203_20260830_125.xml,PH1121126:203,BLUS:PH1121126:203:2,BLUS,VJ295,2026-07-21T16:02:00.000+05:45,Monday|Tuesday|Wednesday|Thursday|Friday,61,2
BODS_PH1121126_302_20260718_130.xml,PH1121126:302,BLUS:PH1121126:302:17,BLUS,VJ204,2026-07-21T12:15:00.000+05:45,Sunday,54,17
BODS_PH1121126_298_20260718_117.xml,PH1121126:298,BLUS:PH1121126:298:7,BLUS,VJ98,2026-07-21T07:10:00.000+05:45,Monday|Tuesday|Wednesday|Thursday|Friday,61,7
BODS_PH1121126_198_20260718_114.xml,PH1121126:198,BLUS:PH1121126:198:9,BLUS,VJ52,2026-07-21T08:10:00.000+05:45,Saturday,42,9
BODS_PH1121126_298_20260601_111.xml,PH1121126:298,BLUS:PH1121126:298:7,BLUS,VJ28,2026-07-21T07:30:00.000+05:45,Monday|Tuesday|Wednesday|Thursday|Friday,51,7
BODS_PH1121126_203_20260601_118.xml,PH1121126:203,BLUS:PH1121126:203:2,BLUS,VJ6,2026-07-21T12:25:00.000+05:45,Saturday,50,2
BODS_PH1121126_575_20260830_20.xml,PH1121126:575,BLUS:PH1121126:575:PR1,BLUS,VJ28,2026-07-21T11:40:00.000+05:45,Sunday,3,PR1
BODS_PH1121126_195_20260601_117.xml,PH1121126:195,BLUS:PH1121126:195:18,BLUS,VJ500,2026-07-21T04:45:00.000+05:45,Sunday,34,18
BODS_PH1121126_202_20260601_129.xml,PH1121126:202,BLUS:PH1121126:202:3,BLUS,VJ57,2026-07-21T14:25:00.000+05:45,Monday|Tuesday|Wednesday|Thursday|Friday,68,3
BODS_PH1121126_198_20260718_114.xml,PH1121126:198,BLUS:PH1121126:198:9,BLUS,VJ194,2026-07-21T11:15:00.000+05:45,Saturday,43,9
BODS_PH1121126_201_20260718_118.xml,PH1121126:201,BLUS:PH1121126:201:4,BLUS,VJ154,2026-07-21T06:05:00.000+05:45,Monday|Tuesday|Wednesday|Thursday|Friday,48,4
BODS_PH1121126_195_20260830_124.xml,PH1121126:195,BLUS:PH1121126:195:18,BLUS,VJ26,2026-07-21T15:13:00.000+05:45,Sunday,55,18
BODS_PH1121126_195_20260830_124.xml,PH1121126:195,BLUS:PH1121126:195:18,BLUS,VJ324,2026-07-21T12:25:00.000+05:45,Monday|Tuesday|Wednesday|Thursday|Friday,35,18
BODS_PH1121126_302_20260601_125.xml,PH1121126:302,BLUS:PH1121126:302:17,BLUS,VJ301,2026-07-21T15:40:00.000+05:45,Sunday,49,17
BODS_PH1121126_196_20260601_118.xml,PH1121126:196,BLUS:PH1121126:196:16,BLUS,VJ35,2026-07-21T13:35:00.000+05:45,Sunday,18,16
BODS_PH1121126_204_20260718_122.xml,PH1121126:204,BLUS:PH1121126:204:1,BLUS,VJ353,2026-07-21T20:25:00.000+05:45,Saturday,47,1
BODS_PH1121126_197_20260830_115.xml,PH1121126:197,BLUS:PH1121126:197:11,BLUS,VJ282,2026-07-21T11:57:00.000+05:45,Sunday,32,11
BODS_PH1121126_302_20260601_125.xml,PH1121126:302,BLUS:PH1121126:302:17,BLUS,VJ99,2026-07-21T09:25:00.000+05:45,Saturday,53,17
BODS_PH1121126_203_20260830_125.xml,PH1121126:203,BLUS:PH1121126:203:2,BLUS,VJ170,2026-07-21T09:57:00.000+05:45,Monday|Tuesday|Wednesday|Thursday|Friday,61,2
BODS_PH1121126_546_20260718_81.xml,PH1121126:546,BLUS:PH1121126:546:608,BLUS,VJ4,2026-07-21T11:20:00.000+05:45,Monday,42,608
BODS_PH1121126_195_20260718_122.xml,PH1121126:195,BLUS:PH1121126:195:18,BLUS,VJ370,2026-07-21T15:17:00.000+05:45,Monday|Tuesday|Wednesday|Thursday|Friday,35,18
BODS_PH1121126_196_20260830_125.xml,PH1121126:196,BLUS:PH1121126:196:16,BLUS,VJ118,2026-07-21T08:27:00.000+05:45,Monday|Tuesday|Wednesday|Thursday|Friday,43,16
BODS_PH1121126_202_20260830_136.xml,PH1121126:202,BLUS:PH1121126:202:3,BLUS,VJ8,2026-07-21T09:55:00.000+05:45,Monday|Tuesday|Wednesday|Thursday|Friday,67,3
BODS_PH1121126_420_20260718_121.xml,PH1121126:420,BLUS:PH1121126:420:613,BLUS,VJ3,2026-07-21T07:30:00.000+05:45,Tuesday|Wednesday|Thursday|Friday,35,613
BODS_PH1121126_506_20260718_116.xml,PH1121126:506,BLUS:PH1121126:506:19,BLUS,VJ28,2026-07-21T07:36:00.000+05:45,Monday|Tuesday|Wednesday|Thursday|Friday,51,19
BODS_PH1121126_237_20260718_118.xml,PH1121126:237,BLUS:PH1121126:237:QC,BLUS,VJ77,2026-07-21T15:50:00.000+05:45,Saturday,6,QC
BODS_PH1121126_203_20260830_125.xml,PH1121126:203,BLUS:PH1121126:203:2,BLUS,VJ256,2026-07-21T22:13:00.000+05:45,Saturday,61,2
BODS_PH1121126_203_20260718_123.xml,PH1121126:203,BLUS:PH1121126:203:2,BLUS,VJ65,2026-07-21T19:20:00.000+05:45,Monday|Tuesday|Wednesday|Thursday|Friday,51,2
BODS_PH1121126_197_20260412_110.xml,PH1121126:197,BLUS:PH1121126:197:11,BLUS,VJ276,2026-07-21T12:57:00.000+05:45,Monday|Tuesday|Wednesday|Thursday|Friday,32,11
BODS_PH1121126_203_20260601_118.xml,PH1121126:203,BLUS:PH1121126:203:2,BLUS,VJ161,2026-07-21T04:56:00.000+05:45,Monday|Tuesday|Wednesday|Thursday|Friday,37,2
BODS_PH1121126_204_20260830_124.xml,PH1121126:204,BLUS:PH1121126:204:1,BLUS,VJ16,2026-07-21T09:50:00.000+05:45,Saturday,43,1
BODS_PH1121126_507_20260830_110.xml,PH1121126:507,BLUS:PH1121126:507:20,BLUS,VJ58,2026-07-21T13:30:00.000+05:45,Saturday,17,20
BODS_PH1121126_201_20260718_118.xml,PH1121126:201,BLUS:PH1121126:201:4,BLUS,VJ18,2026-07-21T11:55:00.000+05:45,Saturday,48,4
BODS_PH1121126_503_20260718_117.xml,PH1121126:503,BLUS:PH1121126:503:13,BLUS,VJ46,2026-07-21T15:33:00.000+05:45,Saturday,21,13
BODS_PH1121126_195_20260601_117.xml,PH1121126:195,BLUS:PH1121126:195:18,BLUS,VJ143,2026-07-21T08:12:00.000+05:45,Monday|Tuesday|Wednesday|Thursday|Friday,54,18
BODS_PH1121126_302_20260601_125.xml,PH1121126:302,BLUS:PH1121126:302:17,BLUS,VJ480,2026-07-21T16:45:00.000+05:45,Monday|Tuesday|Wednesday|Thursday|Friday,49,17
BODS_PH1121126_197_20260718_113.xml,PH1121126:197,BLUS:PH1121126:197:11,BLUS,VJ135,2026-07-21T19:55:00.000+05:45,Monday|Tuesday|Wednesday|Thursday|Friday,20,11
BODS_PH1121126_195_20260830_124.xml,PH1121126:195,BLUS:PH1121126:195:18,BLUS,VJ23,2026-07-21T14:28:00.000+05:45,Sunday,55,18
BODS_PH1121126_195_20260718_122.xml,PH1121126:195,BLUS:PH1121126:195:18,BLUS,VJ9,2026-07-21T10:58:00.000+05:45,Sunday,55,18
BODS_PH1121126_204_20260601_117.xml,PH1121126:204,BLUS:PH1121126:204:1,BLUS,VJ252,2026-07-21T14:30:00.000+05:45,Saturday,46,1
BODS_PH1121126_575_20260718_18.xml,PH1121126:575,BLUS:PH1121126:575:PR1,BLUS,VJ141,2026-07-21T20:30:00.000+05:45,Saturday,2,PR1
BODS_PH1121126_503_20260328_110.xml,PH1121126:503,BLUS:PH1121126:503:13,BLUS,VJ130,2026-07-21T09:05:00.000+05:45,Sunday,31,13
BODS_PH1121126_505_20260601_113.xml,PH1121126:505,BLUS:PH1121126:505:15,BLUS,VJ72,2026-07-21T18:30:00.000+05:45,Sunday,34,15
BODS_PH1121126_504_20260830_118.xml,PH1121126:504,BLUS:PH1121126:504:14,BLUS,VJ106,2026-07-21T11:30:00.000+05:45,Sunday,43,14
BODS_PH1121126_505_20260830_120.xml,PH1121126:505,BLUS:PH1121126:505:15,BLUS,VJ27,2026-07-21T17:05:00.000+05:45,Saturday,35,15
BODS_PH1121126_204_20260830_124.xml,PH1121126:204,BLUS:PH1121126:204:1,BLUS,VJ364,2026-07-21T18:40:00.000+05:45,Sunday,47,1
BODS_PH1121126_506_20260830_118.xml,PH1121126:506,BLUS:PH1121126:506:19a,BLUS,VJ154,2026-07-21T07:45:00.000+05:45,Saturday,49,19a
BODS_PH1121126_197_20260830_115.xml,PH1121126:197,BLUS:PH1121126:197:12,BLUS,VJ171,2026-07-21T15:40:00.000+05:45,Saturday,33,12
BODS_PH1121126_204_20260718_122.xml,PH1121126:204,BLUS:PH1121126:204:1,BLUS,VJ330,2026-07-21T15:38:00.000+05:45,Monday|Tuesday|Wednesday|Thursday|Friday,47,1
BODS_PH1121126_575_20260531_15.xml,PH1121126:575,BLUS:PH1121126:575:PR1,BLUS,VJ110,2026-07-21T16:30:00.000+05:45,Sunday,2,PR1
BODS_PH1121126_302_20260830_132.xml,PH1121126:302,BLUS:PH1121126:302:17,BLUS,VJ267,2026-07-21T12:10:00.000+05:45,Sunday,50,17
BODS_PH1121126_195_20260601_117.xml,PH1121126:195,BLUS:PH1121126:195:18,BLUS,VJ69,2026-07-21T11:33:00.000+05:45,Saturday,54,18
BODS_PH1121126_302_20260601_125.xml,PH1121126:302,BLUS:PH1121126:302:17,BLUS,VJ102,2026-07-21T09:55:00.000+05:45,Saturday,53,17
BODS_PH1121126_529_20260718_81.xml,PH1121126:529,BLUS:PH1121126:529:425,BLUS,VJ45,2026-07-21T09:32:00.000+05:45,Monday,52,425
BODS_PH1121126_197_20260718_113.xml,PH1121126:197,BLUS:PH1121126:197:12,BLUS,VJ154,2026-07-21T18:55:00.000+05:45,Monday|Tuesday|Wednesday|Thursday|Friday,31,12
BODS_PH1121126_204_20260601_117.xml,PH1121126:204,BLUS:PH1121126:204:1,BLUS,VJ4,2026-07-21T07:30:00.000+05:45,Monday|Tuesday|Wednesday|Thursday|Friday,44,1
BODS_PH1121126_197_20260830_115.xml,PH1121126:197,BLUS:PH1121126:197:12,BLUS,VJ195,2026-07-21T19:50:00.000+05:45,Saturday,33,12
BODS_PH1121126_504_20260601_111.xml,PH1121126:504,BLUS:PH1121126:504:14,BLUS,VJ105,2026-07-21T10:30:00.000+05:45,Sunday,41,14
BODS_PH1121126_195_20260601_117.xml,PH1121126:195,BLUS:PH1121126:195:18,BLUS,VJ514,2026-07-21T18:10:00.000+05:45,Sunday,34,18
BODS_PH1121126_197_20260830_115.xml,PH1121126:197,BLUS:PH1121126:197:11,BLUS,VJ280,2026-07-21T09:57:00.000+05:45,Sunday,32,11
BODS_PH1121126_543_20260718_80.xml,PH1121126:543,BLUS:PH1121126:543:607,BLUS,VJ3,2026-07-21T07:05:00.000+05:45,Tuesday|Wednesday|Thursday|Friday,34,607
BODS_PH1121126_198_20260412_111.xml,PH1121126:198,BLUS:PH1121126:198:9,BLUS,VJ28,2026-07-21T09:55:00.000+05:45,Monday|Tuesday|Wednesday|Thursday|Friday,42,9
BODS_PH1121126_203_20260601_118.xml,PH1121126:203,BLUS:PH1121126:203:2,BLUS,VJ153,2026-07-21T19:00:00.000+05:45,Saturday,55,2
BODS_PH1121126_195_20260830_124.xml,PH1121126:195,BLUS:PH1121126:195:18,BLUS,VJ246,2026-07-21T00:10:00.000+05:45,Sunday,29,18
BODS_PH1121126_418_20260830_113.xml,PH1121126:418,BLUS:PH1121126:418:617,BLUS,VJ8,2026-07-21T16:10:00.000+05:45,Monday|Tuesday|Wednesday|Thursday|Friday,30,617
BODS_PH1121126_507_20260718_108.xml,PH1121126:507,BLUS:PH1121126:507:20,BLUS,VJ202,2026-07-21T15:12:00.000+05:45,Saturday,35,20
BODS_PH1121126_302_20260601_125.xml,PH1121126:302,BLUS:PH1121126:302:17,BLUS,VJ95,2026-07-21T15:35:00.000+05:45,Monday|Tuesday|Wednesday|Thursday|Friday,53,17
BODS_PH1121126_195_20260718_122.xml,PH1121126:195,BLUS:PH1121126:195:18,BLUS,VJ98,2026-07-21T16:47:00.000+05:45,Saturday,55,18
BODS_PH1121126_302_20260601_125.xml,PH1121126:302,BLUS:PH1121126:302:17,BLUS,VJ341,2026-07-21T11:20:00.000+05:45,Monday|Tuesday|Wednesday|Thursday|Friday,49,17
BODS_PH1121126_203_20260718_123.xml,PH1121126:203,BLUS:PH1121126:203:2,BLUS,VJ180,2026-07-21T12:27:00.000+05:45,Monday|Tuesday|Wednesday|Thursday|Friday,61,2
BODS_PH1121126_203_20260830_125.xml,PH1121126:203,BLUS:PH1121126:203:2,BLUS,VJ175,2026-07-21T11:12:00.000+05:45,Monday|Tuesday|Wednesday|Thursday|Friday,61,2
BODS_PH1121126_433_20260830_111.xml,PH1121126:433,BLUS:PH1121126:433:503,BLUS,VJ2,2026-07-21T15:05:00.000+05:45,Monday|Tuesday|Wednesday|Thursday|Friday,24,503
BODS_PH1121126_204_20260718_122.xml,PH1121126:204,BLUS:PH1121126:204:1,BLUS,VJ13,2026-07-21T07:15:00.000+05:45,Monday|Tuesday|Wednesday|Thursday|Friday,45,1
BODS_PH1121126_203_20260830_125.xml,PH1121126:203,BLUS:PH1121126:203:2,BLUS,VJ234,2026-07-21T10:13:00.000+05:45,Saturday,61,2
BODS_PH1121126_198_20260830_116.xml,PH1121126:198,BLUS:PH1121126:198:9,BLUS,VJ208,2026-07-21T16:15:00.000+05:45,Saturday,43,9
BODS_PH1121126_507_20260718_108.xml,PH1121126:507,BLUS:PH1121126:507:20,BLUS,VJ142,2026-07-21T06:50:00.000+05:45,Sunday,17,20
BODS_PH1121126_198_20260412_111.xml,PH1121126:198,BLUS:PH1121126:198:9,BLUS,VJ199,2026-07-21T17:27:00.000+05:45,Saturday,43,9
BODS_PH1121126_203_20260718_123.xml,PH1121126:203,BLUS:PH1121126:203:2,BLUS,VJ147,2026-07-21T00:20:00.000+05:45,Monday|Tuesday|Wednesday|Thursday|Friday,56,2
BODS_PH1121126_195_20260718_122.xml,PH1121126:195,BLUS:PH1121126:195:18,BLUS,VJ490,2026-07-21T14:02:00.000+05:45,Sunday,35,18
BODS_PH1121126_503_20260830_119.xml,PH1121126:503,BLUS:PH1121126:503:13,BLUS,VJ32,2026-07-21T10:40:00.000+05:45,Sunday,21,13
BODS_PH1121126_505_20260830_120.xml,PH1121126:505,BLUS:PH1121126:505:15,BLUS,VJ56,2026-07-21T09:00:00.000+05:45,Saturday,35,15
BODS_PH1121126_198_20260718_114.xml,PH1121126:198,BLUS:PH1121126:198:9,BLUS,VJ165,2026-07-21T17:15:00.000+05:45,Monday|Tuesday|Wednesday|Thursday|Friday,42,9
BODS_PH1121126_203_20260718_123.xml,PH1121126:203,BLUS:PH1121126:203:2,BLUS,VJ203,2026-07-21T15:30:00.000+05:45,Saturday,61,2
BODS_PH1121126_203_20260601_118.xml,PH1121126:203,BLUS:PH1121126:203:2,BLUS,VJ217,2026-07-21T14:50:00.000+05:45,Sunday,60,2
BODS_PH1121126_574_20260718_12.xml,PH1121126:574,BLUS:PH1121126:574:28A,BLUS,VJ4,2026-07-21T08:28:00.000+05:45,Monday|Tuesday|Wednesday|Thursday|Friday,21,28A
BODS_PH1121126_195_20260718_122.xml,PH1121126:195,BLUS:PH1121126:195:18,BLUS,VJ425,2026-07-21T16:50:00.000+05:45,Saturday,35,18
BODS_PH1121126_507_20260601_103.xml,PH1121126:507,BLUS:PH1121126:507:20,BLUS,VJ142,2026-07-21T06:50:00.000+05:45,Sunday,16,20
BODS_PH1121126_506_20260601_111.xml,PH1121126:506,BLUS:PH1121126:506:19,BLUS,VJ232,2026-07-21T16:07:00.000+05:45,Saturday,51,19
BODS_PH1121126_502_20260718_110.xml,PH1121126:502,BLUS:PH1121126:502:10,BLUS,VJ17,2026-07-21T17:30:00.000+05:45,Monday|Tuesday|Wednesday|Thursday|Friday,23,10
BODS_PH1121126_541_20260830_83.xml,PH1121126:541,BLUS:PH1121126:541:631,BLUS,VJ4,2026-07-21T09:30:00.000+05:45,Monday,28,631
BODS_PH1121126_201_20260601_113.xml,PH1121126:201,BLUS:PH1121126:201:4,BLUS,VJ125,2026-07-21T22:20:00.000+05:45,Monday|Tuesday|Wednesday|Thursday|Friday,48,4
BODS_PH1121126_302_20260830_132.xml,PH1121126:302,BLUS:PH1121126:302:17,BLUS,VJ162,2026-07-21T23:45:00.000+05:45,Monday|Tuesday|Wednesday|Thursday|Friday,54,17
BODS_PH1121126_302_20260601_125.xml,PH1121126:302,BLUS:PH1121126:302:17,BLUS,VJ478,2026-07-21T14:50:00.000+05:45,Monday|Tuesday|Wednesday|Thursday|Friday,49,17
BODS_PH1121126_546_20260830_83.xml,PH1121126:546,BLUS:PH1121126:546:618,BLUS,VJ2,2026-07-21T09:30:00.000+05:45,Monday,19,618
BODS_PH1121126_196_20260601_118.xml,PH1121126:196,BLUS:PH1121126:196:16,BLUS,VJ224,2026-07-21T08:02:00.000+05:45,Monday|Tuesday|Wednesday|Thursday|Friday,26,16
BODS_PH1121126_574_20260718_12.xml,PH1121126:574,BLUS:PH1121126:574:28A,BLUS,VJ8,2026-07-21T17:10:00.000+05:45,Monday|Tuesday|Wednesday|Thursday|Friday,27,28A
BODS_PH1121126_198_20260412_111.xml,PH1121126:198,BLUS:PH1121126:198:9,BLUS,VJ93,2026-07-21T21:40:00.000+05:45,Saturday,50,9
BODS_PH1121126_302_20260601_125.xml,PH1121126:302,BLUS:PH1121126:302:17,BLUS,VJ259,2026-07-21T19:30:00.000+05:45,Monday|Tuesday|Wednesday|Thursday|Friday,47,17
BODS_PH1121126_195_20260601_117.xml,PH1121126:195,BLUS:PH1121126:195:18,BLUS,VJ57,2026-07-21T12:52:00.000+05:45,Monday|Tuesday|Wednesday|Thursday|Friday,54,18
BODS_PH1121126_198_20260718_114.xml,PH1121126:198,BLUS:PH1121126:198:9,BLUS,VJ200,2026-07-21T14:15:00.000+05:45,Saturday,43,9
BODS_PH1121126_195_20260718_122.xml,PH1121126:195,BLUS:PH1121126:195:18,BLUS,VJ47,2026-07-21T11:12:00.000+05:45,Monday|Tuesday|Wednesday|Thursday|Friday,55,18
BODS_PH1121126_203_20260718_123.xml,PH1121126:203,BLUS:PH1121126:203:2,BLUS,VJ143,2026-07-21T16:50:00.000+05:45,Sunday,56,2
BODS_PH1121126_195_20260830_124.xml,PH1121126:195,BLUS:PH1121126:195:18,BLUS,VJ456,2026-07-21T17:20:00.000+05:45,Saturday,49,18
BODS_PH1121126_196_20260718_123.xml,PH1121126:196,BLUS:PH1121126:196:16,BLUS,VJ57,2026-07-21T13:30:00.000+05:45,Saturday,18,16
BODS_PH1121126_195_20260718_122.xml,PH1121126:195,BLUS:PH1121126:195:18,BLUS,VJ516,2026-07-21T21:30:00.000+05:45,Sunday,35,18
BODS_PH1121126_196_20260601_118.xml,PH1121126:196,BLUS:PH1121126:196:16,BLUS,VJ82,2026-07-21T19:30:00.000+05:45,Monday|Tuesday|Wednesday|Thursday|Friday,18,16
BODS_PH1121126_237_20260412_115.xml,PH1121126:237,BLUS:PH1121126:237:QC,BLUS,VJ85,2026-07-21T11:10:00.000+05:45,Sunday,6,QC
BODS_PH1121126_195_20260830_124.xml,PH1121126:195,BLUS:PH1121126:195:18,BLUS,VJ188,2026-07-21T19:45:00.000+05:45,Saturday,55,18
BODS_PH1121126_204_20260718_122.xml,PH1121126:204,BLUS:PH1121126:204:1,BLUS,VJ187,2026-07-21T08:55:00.000+05:45,Saturday,43,1
BODS_PH1121126_302_20260830_132.xml,PH1121126:302,BLUS:PH1121126:302:17,BLUS,VJ103,2026-07-21T16:30:00.000+05:45,Sunday,54,17
BODS_PH1121126_195_20260601_117.xml,PH1121126:195,BLUS:PH1121126:195:18,BLUS,VJ219,2026-07-21T14:48:00.000+05:45,Monday|Tuesday|Wednesday|Thursday|Friday,54,18
BODS_PH1121126_507_20260601_103.xml,PH1121126:507,BLUS:PH1121126:507:20,BLUS,VJ292,2026-07-21T19:25:00.000+05:45,Sunday,34,20
BODS_PH1121126_195_20260718_122.xml,PH1121126:195,BLUS:PH1121126:195:18,BLUS,VJ241,2026-07-21T21:22:00.000+05:45,Monday|Tuesday|Wednesday|Thursday|Friday,29,18
BODS_PH1121126_195_20260601_117.xml,PH1121126:195,BLUS:PH1121126:195:18,BLUS,VJ25,2026-07-21T14:58:00.000+05:45,Sunday,54,18
BODS_PH1121126_507_20260718_108.xml,PH1121126:507,BLUS:PH1121126:507:20,BLUS,VJ280,2026-07-21T08:10:00.000+05:45,Sunday,35,20
BODS_PH1121126_195_20260830_124.xml,PH1121126:195,BLUS:PH1121126:195:18,BLUS,VJ175,2026-07-21T19:22:00.000+05:45,Sunday,55,18
BODS_PH1121126_302_20260830_132.xml,PH1121126:302,BLUS:PH1121126:302:17,BLUS,VJ291,2026-07-21T15:10:00.000+05:45,Saturday,50,17
BODS_PH1121126_195_20260601_117.xml,PH1121126:195,BLUS:PH1121126:195:18,BLUS,VJ188,2026-07-21T19:45:00.000+05:45,Saturday,54,18
BODS_UZ000BLUS_26_20260830_1.xml,UZ000BLUS:26,BLUS:UZ000BLUS:26:26,BLUS,VJ6,2026-07-21T09:25:00.000+05:45,Saturday,41,26
BODS_PH1121126_195_20260830_124.xml,PH1121126:195,BLUS:PH1121126:195:18,BLUS,VJ317,2026-07-21T11:15:00.000+05:45,Monday|Tuesday|Wednesday|Thursday|Friday,35,18
BODS_PH1121126_556_20260906_17.xml,PH1121126:556,BLUS:PH1121126:556:TVR,BLUS,VJ3,2026-07-21T16:00:00.000+05:45,Sunday,42,TVR
BODS_PH1121126_201_20260601_113.xml,PH1121126:201,BLUS:PH1121126:201:4,BLUS,VJ85,2026-07-21T12:32:00.000+05:45,Monday|Tuesday|Wednesday|Thursday|Friday,48,4
BODS_PH1121126_202_20260601_129.xml,PH1121126:202,BLUS:PH1121126:202:3,BLUS,VJ31,2026-07-21T20:10:00.000+05:45,Saturday,70,3
BODS_PH1121126_195_20260718_122.xml,PH1121126:195,BLUS:PH1121126:195:18,BLUS,VJ515,2026-07-21T21:00:00.000+05:45,Sunday,35,18
BODS_PH1121126_196_20260718_123.xml,PH1121126:196,BLUS:PH1121126:196:16,BLUS,VJ230,2026-07-21T07:14:00.000+05:45,Monday|Tuesday|Wednesday|Thursday|Friday,28,16
BODS_PH1121126_197_20260718_113.xml,PH1121126:197,BLUS:PH1121126:197:11,BLUS,VJ290,2026-07-21T15:41:00.000+05:45,Monday|Tuesday|Wednesday|Thursday|Friday,32,11
BODS_PH1121126_200_20260328_115.xml,PH1121126:200,BLUS:PH1121126:200:5,BLUS,VJ47,2026-07-21T07:50:00.000+05:45,Monday|Tuesday|Wednesday|Thursday|Friday,35,5
BODS_PH1121126_504_20260601_111.xml,PH1121126:504,BLUS:PH1121126:504:14,BLUS,VJ88,2026-07-21T10:32:00.000+05:45,Saturday,41,14
BODS_PH1121126_505_20260718_118.xml,PH1121126:505,BLUS:PH1121126:505:15,BLUS,VJ143,2026-07-21T00:10:00.000+05:45,Saturday,32,15
BODS_PH1121126_298_20260718_117.xml,PH1121126:298,BLUS:PH1121126:298:7,BLUS,VJ79,2026-07-21T20:10:00.000+05:45,Sunday,46,7
BODS_PH1121126_198_20260412_111.xml,PH1121126:198,BLUS:PH1121126:198:9,BLUS,VJ145,2026-07-21T11:22:00.000+05:45,Monday|Tuesday|Wednesday|Thursday|Friday,43,9
BODS_PH1121126_204_20260718_122.xml,PH1121126:204,BLUS:PH1121126:204:1,BLUS,VJ417,2026-07-21T17:15:00.000+05:45,Monday|Tuesday|Wednesday|Thursday|Friday,47,1
BODS_PH1121126_198_20260830_116.xml,PH1121126:198,BLUS:PH1121126:198:9,BLUS,VJ37,2026-07-21T14:10:00.000+05:45,Sunday,42,9
BODS_PH1121126_575_20260830_20.xml,PH1121126:575,BLUS:PH1121126:575:PR1,BLUS,VJ53,2026-07-21T19:35:00.000+05:45,Saturday,3,PR1
BODS_PH1121126_198_20260412_111.xml,PH1121126:198,BLUS:PH1121126:198:9,BLUS,VJ115,2026-07-21T07:55:00.000+05:45,Monday|Tuesday|Wednesday|Thursday|Friday,52,9
BODS_PH1121126_204_20260601_117.xml,PH1121126:204,BLUS:PH1121126:204:1,BLUS,VJ296,2026-07-21T12:30:00.000+05:45,Monday|Tuesday|Wednesday|Thursday|Friday,46,1
BODS_PH1121126_505_20260601_113.xml,PH1121126:505,BLUS:PH1121126:505:15,BLUS,VJ117,2026-07-21T15:50:00.000+05:45,Monday|Tuesday|Wednesday|Thursday|Friday,32,15
BODS_PH1121126_200_20260830_120.xml,PH1121126:200,BLUS:PH1121126:200:5,BLUS,VJ50,2026-07-21T07:42:00.000+05:45,Monday|Tuesday|Wednesday|Thursday|Friday,35,5
BODS_PH1121126_505_20260830_120.xml,PH1121126:505,BLUS:PH1121126:505:15,BLUS,VJ113,2026-07-21T17:15:00.000+05:45,Sunday,32,15
BODS_PH1121126_204_20260601_117.xml,PH1121126:204,BLUS:PH1121126:204:1,BLUS,VJ184,2026-07-21T18:35:00.000+05:45,Monday|Tuesday|Wednesday|Thursday|Friday,42,1
BODS_PH1121126_503_20260718_117.xml,PH1121126:503,BLUS:PH1121126:503:13,BLUS,VJ4,2026-07-21T10:03:00.000+05:45,Monday|Tuesday|Wednesday|Thursday|Friday,21,13
BODS_PH1121126_197_20260830_115.xml,PH1121126:197,BLUS:PH1121126:197:11,BLUS,VJ319,2026-07-21T18:51:00.000+05:45,Saturday,14,11
BODS_PH1121126_571_20260718_15.xml,PH1121126:571,BLUS:PH1121126:571:N2,BLUS,VJ9,2026-07-21T03:35:00.000+05:45,Sunday,36,N2
BODS_PH1121126_529_20260830_83.xml,PH1121126:529,BLUS:PH1121126:529:24,BLUS,VJ26,2026-07-21T11:48:00.000+05:45,Monday|Tuesday|Wednesday|Thursday|Friday,49,24
BODS_PH1121126_198_20260830_116.xml,PH1121126:198,BLUS:PH1121126:198:9,BLUS,VJ50,2026-07-21T08:10:00.000+05:45,Saturday,42,9
BODS_PH1121126_200_20260328_115.xml,PH1121126:200,BLUS:PH1121126:200:5,BLUS,VJ92,2026-07-21T15:25:00.000+05:45,Saturday,42,5
BODS_PH1121126_203_20260718_123.xml,PH1121126:203,BLUS:PH1121126:203:2,BLUS,VJ106,2026-07-21T09:20:00.000+05:45,Sunday,51,2
BODS_PH1121126_420_20260830_123.xml,PH1121126:420,BLUS:PH1121126:420:622,BLUS,VJ5,2026-07-21T09:25:00.000+05:45,Tuesday|Wednesday|Thursday|Friday,46,622
BODS_PH1121126_504_20260718_116.xml,PH1121126:504,BLUS:PH1121126:504:14,BLUS,VJ142,2026-07-21T06:50:00.000+05:45,Monday|Tuesday|Wednesday|Thursday|Friday,43,14
BODS_PH1121126_197_20260718_113.xml,PH1121126:197,BLUS:PH1121126:197:11,BLUS,VJ251,2026-07-21T10:24:00.000+05:45,Saturday,32,11
BODS_PH1121126_504_20260718_116.xml,PH1121126:504,BLUS:PH1121126:504:14,BLUS,VJ119,2026-07-21T22:00:00.000+05:45,Saturday,43,14
BODS_PH1121126_528_20260718_82.xml,PH1121126:528,BLUS:PH1121126:528:23,BLUS,VJ8,2026-07-21T11:20:00.000+05:45,Saturday,15,23
BODS_PH1121126_200_20260718_118.xml,PH1121126:200,BLUS:PH1121126:200:5,BLUS,VJ53,2026-07-21T19:45:00.000+05:45,Monday|Tuesday|Wednesday|Thursday|Friday,35,5
BODS_PH1121126_195_20260718_122.xml,PH1121126:195,BLUS:PH1121126:195:18,BLUS,VJ469,2026-07-21T08:45:00.000+05:45,Sunday,35,18
BODS_PH1121126_503_20260328_110.xml,PH1121126:503,BLUS:PH1121126:503:13,BLUS,VJ77,2026-07-21T12:57:00.000+05:45,Monday|Tuesday|Wednesday|Thursday|Friday,31,13
BODS_PH1121126_237_20260830_120.xml,PH1121126:237,BLUS:PH1121126:237:QC,BLUS,VJ90,2026-07-21T17:00:00.000+05:45,Sunday,6,QC
BODS_PH1121126_204_20260601_117.xml,PH1121126:204,BLUS:PH1121126:204:1,BLUS,VJ395,2026-07-21T19:25:00.000+05:45,Saturday,46,1
BODS_PH1121126_204_20260718_122.xml,PH1121126:204,BLUS:PH1121126:204:1,BLUS,VJ204,2026-07-21T05:25:00.000+05:45,Sunday,43,1
BODS_PH1121126_302_20260601_125.xml,PH1121126:302,BLUS:PH1121126:302:17,BLUS,VJ289,2026-07-21T12:40:00.000+05:45,Sunday,49,17
BODS_PH1121126_503_20260718_117.xml,PH1121126:503,BLUS:PH1121126:503:13,BLUS,VJ109,2026-07-21T12:27:00.000+05:45,Saturday,31,13
BODS_PH1121126_204_20260601_117.xml,PH1121126:204,BLUS:PH1121126:204:1,BLUS,VJ180,2026-07-21T21:10:00.000+05:45,Sunday,42,1
BODS_PH1121126_197_20260718_113.xml,PH1121126:197,BLUS:PH1121126:197:12,BLUS,VJ238,2026-07-21T07:28:00.000+05:45,Sunday,33,12
BODS_PH1121126_506_20260830_118.xml,PH1121126:506,BLUS:PH1121126:506:19a,BLUS,VJ152,2026-07-21T19:50:00.000+05:45,Monday|Tuesday|Wednesday|Thursday|Friday,49,19a
BODS_PH1121126_195_20260601_117.xml,PH1121126:195,BLUS:PH1121126:195:18,BLUS,VJ433,2026-07-21T17:10:00.000+05:45,Saturday,34,18
BODS_PH1121126_203_20260601_118.xml,PH1121126:203,BLUS:PH1121126:203:2,BLUS,VJ208,2026-07-21T11:50:00.000+05:45,Sunday,60,2
BODS_PH1121126_302_20260601_125.xml,PH1121126:302,BLUS:PH1121126:302:17,BLUS,VJ12,2026-07-21T05:25:00.000+05:45,Tuesday|Wednesday|Thursday|Friday,53,17
BODS_PH1121126_575_20260531_15.xml,PH1121126:575,BLUS:PH1121126:575:PR1,BLUS,VJ99,2026-07-21T12:50:00.000+05:45,Sunday,2,PR1
BODS_PH1121126_302_20260830_132.xml,PH1121126:302,BLUS:PH1121126:302:17,BLUS,VJ261,2026-07-21T10:40:00.000+05:45,Sunday,50,17
BODS_PH1121126_503_20260328_110.xml,PH1121126:503,BLUS:PH1121126:503:13,BLUS,VJ74,2026-07-21T11:27:00.000+05:45,Monday|Tuesday|Wednesday|Thursday|Friday,31,13
BODS_PH1121126_204_20260718_122.xml,PH1121126:204,BLUS:PH1121126:204:1,BLUS,VJ376,2026-07-21T00:55:00.000+05:45,Saturday,47,1
BODS_PH1121126_201_20260830_120.xml,PH1121126:201,BLUS:PH1121126:201:4,BLUS,VJ11,2026-07-21T13:25:00.000+05:45,Monday|Tuesday|Wednesday|Thursday|Friday,48,4
BODS_PH1121126_302_20260830_132.xml,PH1121126:302,BLUS:PH1121126:302:17,BLUS,VJ215,2026-07-21T17:09:00.000+05:45,Monday|Tuesday|Wednesday|Thursday|Friday,54,17
BODS_PH1121126_204_20260830_124.xml,PH1121126:204,BLUS:PH1121126:204:N1,BLUS,VJ218,2026-07-21T02:40:00.000+05:45,Friday,48,N1
BODS_PH1121126_507_20260601_103.xml,PH1121126:507,BLUS:PH1121126:507:20,BLUS,VJ57,2026-07-21T17:22:00.000+05:45,Sunday,16,20
BODS_PH1121126_507_20260601_103.xml,PH1121126:507,BLUS:PH1121126:507:20,BLUS,VJ324,2026-07-21T00:20:00.000+05:45,Saturday,20,20
BODS_PH1121126_204_20260601_117.xml,PH1121126:204,BLUS:PH1121126:204:1,BLUS,VJ304,2026-07-21T13:50:00.000+05:45,Monday|Tuesday|Wednesday|Thursday|Friday,46,1
BODS_PH1121126_575_20260718_18.xml,PH1121126:575,BLUS:PH1121126:575:PR1,BLUS,VJ66,2026-07-21T17:55:00.000+05:45,Sunday,3,PR1
BODS_PH1121126_507_20260830_110.xml,PH1121126:507,BLUS:PH1121126:507:20,BLUS,VJ142,2026-07-21T06:50:00.000+05:45,Sunday,17,20
BODS_PH1121126_506_20260830_118.xml,PH1121126:506,BLUS:PH1121126:506:19a,BLUS,VJ305,2026-07-21T11:44:00.000+05:45,Sunday,51,19a
BODS_PH1121126_506_20260830_118.xml,PH1121126:506,BLUS:PH1121126:506:19a,BLUS,VJ335,2026-07-21T19:40:00.000+05:45,Sunday,51,19a
BODS_PH1121126_336_20260830_115.xml,PH1121126:336,BLUS:PH1121126:336:H2,BLUS,VJ7,2026-07-21T13:45:00.000+05:45,Tuesday|Wednesday|Friday,49,H2
BODS_PH1121126_506_20260601_111.xml,PH1121126:506,BLUS:PH1121126:506:19,BLUS,VJ224,2026-07-21T15:20:00.000+05:45,Sunday,51,19
BODS_PH1121126_575_20260718_18.xml,PH1121126:575,BLUS:PH1121126:575:PR1,BLUS,VJ33,2026-07-21T13:20:00.000+05:45,Sunday,3,PR1
BODS_PH1121126_506_20260718_116.xml,PH1121126:506,BLUS:PH1121126:506:19a,BLUS,VJ116,2026-07-21T12:47:00.000+05:45,Monday|Tuesday|Wednesday|Thursday|Friday,49,19a
BODS_PH1121126_196_20260718_123.xml,PH1121126:196,BLUS:PH1121126:196:16,BLUS,VJ84,2026-07-21T19:25:00.000+05:45,Saturday,18,16
BODS_PH1121126_529_20260718_81.xml,PH1121126:529,BLUS:PH1121126:529:425,BLUS,VJ23,2026-07-21T16:15:00.000+05:45,Monday|Tuesday|Wednesday|Thursday|Friday,45,425
BODS_PH1121126_507_20260718_108.xml,PH1121126:507,BLUS:PH1121126:507:20,BLUS,VJ88,2026-07-21T08:18:00.000+05:45,Saturday,17,20
BODS_PH1121126_302_20260601_125.xml,PH1121126:302,BLUS:PH1121126:302:17,BLUS,VJ470,2026-07-21T06:50:00.000+05:45,Monday|Tuesday|Wednesday|Thursday|Friday,49,17
BODS_PH1121126_506_20260601_111.xml,PH1121126:506,BLUS:PH1121126:506:19a,BLUS,VJ168,2026-07-21T16:50:00.000+05:45,Sunday,48,19a
BODS_PH1121126_200_20260718_118.xml,PH1121126:200,BLUS:PH1121126:200:5,BLUS,VJ25,2026-07-21T12:13:00.000+05:45,Saturday,9,5
BODS_PH1121126_298_20260601_111.xml,PH1121126:298,BLUS:PH1121126:298:7,BLUS,VJ160,2026-07-21T19:28:00.000+05:45,Sunday,24,7
BODS_PH1121126_195_20260601_117.xml,PH1121126:195,BLUS:PH1121126:195:18,BLUS,VJ113,2026-07-21T23:40:00.000+05:45,Saturday,54,18
BODS_PH1121126_302_20260718_130.xml,PH1121126:302,BLUS:PH1121126:302:17,BLUS,VJ219,2026-07-21T16:45:00.000+05:45,Sunday,54,17
BODS_PH1121126_503_20260718_117.xml,PH1121126:503,BLUS:PH1121126:503:13,BLUS,VJ39,2026-07-21T12:03:00.000+05:45,Saturday,21,13
BODS_PH1121126_237_20260412_115.xml,PH1121126:237,BLUS:PH1121126:237:QC,BLUS,VJ1,2026-07-21T06:35:00.000+05:45,Monday|Tuesday|Wednesday|Thursday|Friday,6,QC
BODS_PH1121126_302_20260718_130.xml,PH1121126:302,BLUS:PH1121126:302:17,BLUS,VJ252,2026-07-21T15:15:00.000+05:45,Sunday,54,17
BODS_PH1121126_574_20260412_9.xml,PH1121126:574,BLUS:PH1121126:574:28,BLUS,VJ3,2026-07-21T12:35:00.000+05:45,Monday|Tuesday|Wednesday|Thursday|Friday,28,28
BODS_PH1121126_302_20260718_130.xml,PH1121126:302,BLUS:PH1121126:302:17,BLUS,VJ371,2026-07-21T16:40:00.000+05:45,Saturday,50,17
BODS_PH1121126_507_20260601_103.xml,PH1121126:507,BLUS:PH1121126:507:20,BLUS,VJ113,2026-07-21T19:35:00.000+05:45,Monday|Tuesday|Wednesday|Thursday|Friday,16,20
BODS_PH1121126_298_20260830_119.xml,PH1121126:298,BLUS:PH1121126:298:7,BLUS,VJ11,2026-07-21T13:08:00.000+05:45,Monday|Tuesday|Wednesday|Thursday|Friday,46,7
BODS_PH1121126_507_20260601_103.xml,PH1121126:507,BLUS:PH1121126:507:20,BLUS,VJ103,2026-07-21T17:17:00.000+05:45,Monday|Tuesday|Wednesday|Thursday|Friday,16,20
BODS_PH1121126_507_20260830_110.xml,PH1121126:507,BLUS:PH1121126:507:20,BLUS,VJ82,2026-07-21T16:30:00.000+05:45,Monday|Tuesday|Wednesday|Thursday|Friday,17,20
BODS_PH1121126_302_20260601_125.xml,PH1121126:302,BLUS:PH1121126:302:17,BLUS,VJ13,2026-07-21T22:55:00.000+05:45,Monday|Tuesday|Wednesday|Thursday|Friday,53,17
BODS_PH1121126_503_20260718_117.xml,PH1121126:503,BLUS:PH1121126:503:13,BLUS,VJ55,2026-07-21T13:40:00.000+05:45,Sunday,21,13
BODS_PH1121126_195_20260830_124.xml,PH1121126:195,BLUS:PH1121126:195:18,BLUS,VJ27,2026-07-21T15:28:00.000+05:45,Sunday,55,18
BODS_PH1121126_195_20260830_124.xml,PH1121126:195,BLUS:PH1121126:195:18,BLUS,VJ286,2026-07-21T11:15:00.000+05:45,Saturday,35,18
BODS_PH1121126_195_20260601_117.xml,PH1121126:195,BLUS:PH1121126:195:18,BLUS,VJ194,2026-07-21T13:52:00.000+05:45,Monday|Tuesday|Wednesday|Thursday|Friday,54,18
BODS_PH1121126_203_20260830_125.xml,PH1121126:203,BLUS:PH1121126:203:2,BLUS,VJ5,2026-07-21T12:10:00.000+05:45,Saturday,51,2
BODS_PH1121126_203_20260601_118.xml,PH1121126:203,BLUS:PH1121126:203:2,BLUS,VJ115,2026-07-21T05:30:00.000+05:45,Monday|Tuesday|Wednesday|Thursday|Friday,50,2
BODS_PH1121126_195_20260718_122.xml,PH1121126:195,BLUS:PH1121126:195:18,BLUS,VJ97,2026-07-21T16:37:00.000+05:45,Saturday,55,18
BODS_PH1121126_196_20260830_125.xml,PH1121126:196,BLUS:PH1121126:196:16,BLUS,VJ81,2026-07-21T11:32:00.000+05:45,Saturday,43,16
BODS_PH1121126_507_20260830_110.xml,PH1121126:507,BLUS:PH1121126:507:20,BLUS,VJ226,2026-07-21T20:25:00.000+05:45,Saturday,35,20
BODS_PH1121126_197_20260412_110.xml,PH1121126:197,BLUS:PH1121126:197:11,BLUS,VJ281,2026-07-21T10:57:00.000+05:45,Sunday,32,11
BODS_PH1121126_197_20260718_113.xml,PH1121126:197,BLUS:PH1121126:197:11,BLUS,VJ268,2026-07-21T10:17:00.000+05:45,Monday|Tuesday|Wednesday|Thursday|Friday,32,11
BODS_PH1121126_541_20260718_81.xml,PH1121126:541,BLUS:PH1121126:541:632,BLUS,VJ1,2026-07-21T07:15:00.000+05:45,Tuesday|Wednesday|Thursday|Friday,36,632
BODS_PH1121126_507_20260718_108.xml,PH1121126:507,BLUS:PH1121126:507:20,BLUS,VJ315,2026-07-21T07:10:00.000+05:45,Monday|Tuesday|Wednesday|Thursday|Friday,35,20
BODS_PH1121126_507_20260718_108.xml,PH1121126:507,BLUS:PH1121126:507:20,BLUS,VJ49,2026-07-21T13:22:00.000+05:45,Sunday,17,20
BODS_PH1121126_195_20260830_124.xml,PH1121126:195,BLUS:PH1121126:195:18,BLUS,VJ365,2026-07-21T16:50:00.000+05:45,Monday|Tuesday|Wednesday|Thursday|Friday,35,18
BODS_PH1121126_203_20260601_118.xml,PH1121126:203,BLUS:PH1121126:203:2,BLUS,VJ84,2026-07-21T16:00:00.000+05:45,Monday|Tuesday|Wednesday|Thursday|Friday,50,2
BODS_PH1121126_204_20260601_117.xml,PH1121126:204,BLUS:PH1121126:204:1,BLUS,VJ1,2026-07-21T05:50:00.000+05:45,Monday|Tuesday|Wednesday|Thursday|Friday,44,1
BODS_PH1121126_529_20260328_78.xml,PH1121126:529,BLUS:PH1121126:529:24,BLUS,VJ41,2026-07-21T17:03:00.000+05:45,Monday|Tuesday|Wednesday|Thursday|Friday,41,24
BODS_PH1121126_505_20260718_118.xml,PH1121126:505,BLUS:PH1121126:505:15,BLUS,VJ94,2026-07-21T17:00:00.000+05:45,Monday|Tuesday|Wednesday|Thursday|Friday,32,15
BODS_PH1121126_204_20260718_122.xml,PH1121126:204,BLUS:PH1121126:204:1,BLUS,VJ106,2026-07-21T14:00:00.000+05:45,Sunday,43,1
BODS_PH1121126_503_20260718_117.xml,PH1121126:503,BLUS:PH1121126:503:13,BLUS,VJ106,2026-07-21T10:57:00.000+05:45,Saturday,31,13
BODS_PH1121126_196_20260601_118.xml,PH1121126:196,BLUS:PH1121126:196:16,BLUS,VJ160,2026-07-21T10:44:00.000+05:45,Monday|Tuesday|Wednesday|Thursday|Friday,26,16
BODS_PH1121126_204_20260830_124.xml,PH1121126:204,BLUS:PH1121126:204:1,BLUS,VJ272,2026-07-21T17:50:00.000+05:45,Saturday,47,1
BODS_PH1121126_507_20260718_108.xml,PH1121126:507,BLUS:PH1121126:507:20,BLUS,VJ310,2026-07-21T18:17:00.000+05:45,Monday|Tuesday|Wednesday|Thursday|Friday,35,20
BODS_PH1121126_196_20260718_123.xml,PH1121126:196,BLUS:PH1121126:196:16,BLUS,VJ126,2026-07-21T10:10:00.000+05:45,Saturday,28,16
BODS_PH1121126_197_20260412_110.xml,PH1121126:197,BLUS:PH1121126:197:11,BLUS,VJ321,2026-07-21T22:18:00.000+05:45,Saturday,14,11
BODS_PH1121126_302_20260718_130.xml,PH1121126:302,BLUS:PH1121126:302:17,BLUS,VJ211,2026-07-21T14:00:00.000+05:45,Sunday,54,17
BODS_PH1121126_503_20260830_119.xml,PH1121126:503,BLUS:PH1121126:503:13,BLUS,VJ2,2026-07-21T09:10:00.000+05:45,Saturday,21,13
BODS_PH1121126_204_20260601_117.xml,PH1121126:204,BLUS:PH1121126:204:1,BLUS,VJ237,2026-07-21T12:00:00.000+05:45,Saturday,46,1
BODS_PH1121126_506_20260718_116.xml,PH1121126:506,BLUS:PH1121126:506:19,BLUS,VJ73,2026-07-21T06:29:00.000+05:45,Monday|Tuesday|Wednesday|Thursday|Friday,51,19
BODS_PH1121126_197_20260830_115.xml,PH1121126:197,BLUS:PH1121126:197:12,BLUS,VJ85,2026-07-21T08:08:00.000+05:45,Monday|Tuesday|Wednesday|Thursday|Friday,22,12
BODS_PH1121126_507_20260718_108.xml,PH1121126:507,BLUS:PH1121126:507:20,BLUS,VJ11,2026-07-21T10:00:00.000+05:45,Monday|Tuesday|Wednesday|Thursday|Friday,17,20
BODS_PH1121126_195_20260830_124.xml,PH1121126:195,BLUS:PH1121126:195:18,BLUS,VJ232,2026-07-21T14:02:00.000+05:45,Monday|Tuesday|Wednesday|Thursday|Friday,55,18
BODS_PH1121126_298_20260830_119.xml,PH1121126:298,BLUS:PH1121126:298:7,BLUS,VJ80,2026-07-21T09:15:00.000+05:45,Monday|Tuesday|Wednesday|Thursday|Friday,56,7
BODS_PH1121126_302_20260830_132.xml,PH1121126:302,BLUS:PH1121126:302:17,BLUS,VJ194,2026-07-21T14:40:00.000+05:45,Saturday,54,17
BODS_PH1121126_507_20260601_103.xml,PH1121126:507,BLUS:PH1121126:507:20,BLUS,VJ129,2026-07-21T19:35:00.000+05:45,Saturday,16,20
BODS_PH1121126_201_20260601_113.xml,PH1121126:201,BLUS:PH1121126:201:4,BLUS,VJ64,2026-07-21T18:15:00.000+05:45,Monday|Tuesday|Wednesday|Thursday|Friday,47,4
BODS_PH1121126_196_20260601_118.xml,PH1121126:196,BLUS:PH1121126:196:16,BLUS,VJ240,2026-07-21T08:24:00.000+05:45,Sunday,26,16
BODS_PH1121126_506_20260601_111.xml,PH1121126:506,BLUS:PH1121126:506:19,BLUS,VJ58,2026-07-21T10:00:00.000+05:45,Saturday,50,19
BODS_PH1121126_506_20260718_116.xml,PH1121126:506,BLUS:PH1121126:506:19,BLUS,VJ308,2026-07-21T11:05:00.000+05:45,Saturday,52,19
BODS_PH1121126_505_20260830_120.xml,PH1121126:505,BLUS:PH1121126:505:15,BLUS,VJ138,2026-07-21T08:15:00.000+05:45,Sunday,32,15
BODS_PH1121126_195_20260601_117.xml,PH1121126:195,BLUS:PH1121126:195:18,BLUS,VJ367,2026-07-21T14:35:00.000+05:45,Monday|Tuesday|Wednesday|Thursday|Friday,34,18
BODS_PH1121126_575_20260830_20.xml,PH1121126:575,BLUS:PH1121126:575:PR1,BLUS,VJ105,2026-07-21T16:30:00.000+05:45,Saturday,2,PR1
BODS_PH1121126_237_20260830_120.xml,PH1121126:237,BLUS:PH1121126:237:QC,BLUS,VJ29,2026-07-21T14:20:00.000+05:45,Saturday,6,QC
BODS_PH1121126_195_20260830_124.xml,PH1121126:195,BLUS:PH1121126:195:18,BLUS,VJ91,2026-07-21T15:37:00.000+05:45,Saturday,55,18
BODS_PH1121126_203_20260830_125.xml,PH1121126:203,BLUS:PH1121126:203:2,BLUS,VJ95,2026-07-21T08:20:00.000+05:45,Sunday,51,2
BODS_PH1121126_504_20260601_111.xml,PH1121126:504,BLUS:PH1121126:504:14,BLUS,VJ85,2026-07-21T09:02:00.000+05:45,Saturday,41,14
BODS_PH1121126_204_20260830_124.xml,PH1121126:204,BLUS:PH1121126:204:1,BLUS,VJ333,2026-07-21T16:14:00.000+05:45,Monday|Tuesday|Wednesday|Thursday|Friday,47,1
BODS_PH1121126_195_20260830_124.xml,PH1121126:195,BLUS:PH1121126:195:18,BLUS,VJ76,2026-07-21T12:43:00.000+05:45,Saturday,55,18
BODS_PH1121126_302_20260718_130.xml,PH1121126:302,BLUS:PH1121126:302:17,BLUS,VJ454,2026-07-21T13:10:00.000+05:45,Sunday,50,17
BODS_PH1121126_195_20260601_117.xml,PH1121126:195,BLUS:PH1121126:195:18,BLUS,VJ348,2026-07-21T14:50:00.000+05:45,Saturday,34,18
BODS_PH1121126_506_20260830_118.xml,PH1121126:506,BLUS:PH1121126:506:19,BLUS,VJ214,2026-07-21T10:35:00.000+05:45,Monday|Tuesday|Wednesday|Thursday|Friday,52,19
BODS_PH1121126_529_20260718_81.xml,PH1121126:529,BLUS:PH1121126:529:24,BLUS,VJ11,2026-07-21T12:10:00.000+05:45,Monday|Tuesday|Wednesday|Thursday|Friday,36,24
BODS_PH1121126_197_20260830_115.xml,PH1121126:197,BLUS:PH1121126:197:12,BLUS,VJ60,2026-07-21T17:00:00.000+05:45,Sunday,22,12
BODS_PH1121126_507_20260601_103.xml,PH1121126:507,BLUS:PH1121126:507:20,BLUS,VJ218,2026-07-21T19:55:00.000+05:45,Monday|Tuesday|Wednesday|Thursday|Friday,34,20
BODS_PH1121126_203_20260601_118.xml,PH1121126:203,BLUS:PH1121126:203:2,BLUS,VJ305,2026-07-21T08:30:00.000+05:45,Monday|Tuesday|Wednesday|Thursday|Friday,60,2
BODS_PH1121126_197_20260718_113.xml,PH1121126:197,BLUS:PH1121126:197:11,BLUS,VJ303,2026-07-21T18:29:00.000+05:45,Monday|Tuesday|Wednesday|Thursday|Friday,32,11
BODS_UZ000BLUS_6_20260830_1.xml,UZ000BLUS:6,BLUS:UZ000BLUS:6:6,BLUS,VJ113,2026-07-21T22:05:00.000+05:45,Saturday,27,6
BODS_PH1121126_507_20260830_110.xml,PH1121126:507,BLUS:PH1121126:507:20,BLUS,VJ164,2026-07-21T10:55:00.000+05:45,Monday|Tuesday|Wednesday|Thursday|Friday,35,20
BODS_PH1121126_197_20260412_110.xml,PH1121126:197,BLUS:PH1121126:197:11,BLUS,VJ295,2026-07-21T06:06:00.000+05:45,Saturday,32,11
BODS_PH1121126_195_20260830_124.xml,PH1121126:195,BLUS:PH1121126:195:18,BLUS,VJ68,2026-07-21T11:23:00.000+05:45,Saturday,55,18
BODS_PH1121126_203_20260718_123.xml,PH1121126:203,BLUS:PH1121126:203:2,BLUS,VJ206,2026-07-21T16:15:00.000+05:45,Saturday,61,2
BODS_PH1121126_302_20260830_132.xml,PH1121126:302,BLUS:PH1121126:302:17,BLUS,VJ455,2026-07-21T18:15:00.000+05:45,Saturday,50,17
BODS_PH1121126_506_20260718_116.xml,PH1121126:506,BLUS:PH1121126:506:19a,BLUS,VJ249,2026-07-21T16:38:00.000+05:45,Monday|Tuesday|Wednesday|Thursday|Friday,51,19a
BODS_PH1121126_302_20260718_130.xml,PH1121126:302,BLUS:PH1121126:302:17,BLUS,VJ412,2026-07-21T05:35:00.000+05:45,Saturday,50,17
BODS_PH1121126_203_20260830_125.xml,PH1121126:203,BLUS:PH1121126:203:2,BLUS,VJ184,2026-07-21T13:27:00.000+05:45,Monday|Tuesday|Wednesday|Thursday|Friday,61,2
BODS_PH1121126_204_20260830_124.xml,PH1121126:204,BLUS:PH1121126:204:1,BLUS,VJ52,2026-07-21T15:50:00.000+05:45,Saturday,43,1
BODS_PH1121126_204_20260718_122.xml,PH1121126:204,BLUS:PH1121126:204:1,BLUS,VJ17,2026-07-21T10:00:00.000+05:45,Saturday,43,1
BODS_PH1121126_503_20260830_119.xml,PH1121126:503,BLUS:PH1121126:503:13,BLUS,VJ28,2026-07-21T12:40:00.000+05:45,Monday|Tuesday|Wednesday|Thursday|Friday,21,13
BODS_PH1121126_197_20260830_115.xml,PH1121126:197,BLUS:PH1121126:197:12,BLUS,VJ62,2026-07-21T15:40:00.000+05:45,Monday|Tuesday|Wednesday|Thursday|Friday,22,12
BODS_PH1121126_204_20260601_117.xml,PH1121126:204,BLUS:PH1121126:204:1,BLUS,VJ305,2026-07-21T14:00:00.000+05:45,Monday|Tuesday|Wednesday|Thursday|Friday,46,1
BODS_PH1121126_203_20260718_123.xml,PH1121126:203,BLUS:PH1121126:203:2,BLUS,VJ296,2026-07-21T14:57:00.000+05:45,Monday|Tuesday|Wednesday|Thursday|Friday,61,2
BODS_PH1121126_195_20260601_117.xml,PH1121126:195,BLUS:PH1121126:195:18,BLUS,VJ413,2026-07-21T22:30:00.000+05:45,Saturday,34,18
BODS_PH1121126_203_20260830_125.xml,PH1121126:203,BLUS:PH1121126:203:2,BLUS,VJ27,2026-07-21T09:10:00.000+05:45,Monday|Tuesday|Wednesday|Thursday|Friday,51,2
BODS_PH1121126_204_20260830_124.xml,PH1121126:204,BLUS:PH1121126:204:1,BLUS,VJ325,2026-07-21T16:25:00.000+05:45,Sunday,47,1
BODS_PH1121126_204_20260601_117.xml,PH1121126:204,BLUS:PH1121126:204:1,BLUS,VJ292,2026-07-21T11:50:00.000+05:45,Monday|Tuesday|Wednesday|Thursday|Friday,46,1
BODS_PH1121126_503_20260830_119.xml,PH1121126:503,BLUS:PH1121126:503:13,BLUS,VJ142,2026-07-21T19:01:00.000+05:45,Sunday,13,13
BODS_PH1121126_507_20260830_110.xml,PH1121126:507,BLUS:PH1121126:507:20,BLUS,VJ91,2026-07-21T09:33:00.000+05:45,Saturday,17,20
BODS_PH1121126_195_20260830_124.xml,PH1121126:195,BLUS:PH1121126:195:18,BLUS,VJ510,2026-07-21T20:30:00.000+05:45,Sunday,35,18
BODS_PH1121126_237_20260830_120.xml,PH1121126:237,BLUS:PH1121126:237:QC,BLUS,VJ67,2026-07-21T09:50:00.000+05:45,Saturday,6,QC
BODS_PH1121126_195_20260718_122.xml,PH1121126:195,BLUS:PH1121126:195:18,BLUS,VJ330,2026-07-21T13:25:00.000+05:45,Monday|Tuesday|Wednesday|Thursday|Friday,35,18
BODS_PH1121126_203_20260830_125.xml,PH1121126:203,BLUS:PH1121126:203:2,BLUS,VJ102,2026-07-21T14:25:00.000+05:45,Monday|Tuesday|Wednesday|Thursday|Friday,51,2
BODS_PH1121126_204_20260718_122.xml,PH1121126:204,BLUS:PH1121126:204:1,BLUS,VJ293,2026-07-21T12:00:00.000+05:45,Monday|Tuesday|Wednesday|Thursday|Friday,47,1
BODS_PH1121126_505_20260601_113.xml,PH1121126:505,BLUS:PH1121126:505:15,BLUS,VJ103,2026-07-21T12:42:00.000+05:45,Monday|Tuesday|Wednesday|Thursday|Friday,32,15
BODS_PH1121126_195_20260718_122.xml,PH1121126:195,BLUS:PH1121126:195:18,BLUS,VJ299,2026-07-21T13:25:00.000+05:45,Saturday,35,18
BODS_PH1121126_203_20260718_123.xml,PH1121126:203,BLUS:PH1121126:203:2,BLUS,VJ157,2026-07-21T05:20:00.000+05:45,Saturday,38,2
BODS_PH1121126_507_20260830_110.xml,PH1121126:507,BLUS:PH1121126:507:20,BLUS,VJ174,2026-07-21T13:25:00.000+05:45,Monday|Tuesday|Wednesday|Thursday|Friday,35,20
BODS_PH1121126_197_20260718_113.xml,PH1121126:197,BLUS:PH1121126:197:11,BLUS,VJ148,2026-07-21T14:00:00.000+05:45,Monday|Tuesday|Wednesday|Thursday|Friday,20,11
BODS_PH1121126_302_20260601_125.xml,PH1121126:302,BLUS:PH1121126:302:17,BLUS,VJ316,2026-07-21T16:00:00.000+05:45,Saturday,49,17
BODS_PH1121126_201_20260830_120.xml,PH1121126:201,BLUS:PH1121126:201:4,BLUS,VJ139,2026-07-21T08:40:00.000+05:45,Saturday,48,4
BODS_PH1121126_199_20260830_118.xml,PH1121126:199,BLUS:PH1121126:199:8,BLUS,VJ42,2026-07-21T17:45:00.000+05:45,Saturday,52,8
BODS_PH1121126_204_20260718_122.xml,PH1121126:204,BLUS:PH1121126:204:1,BLUS,VJ237,2026-07-21T12:00:00.000+05:45,Saturday,47,1
BODS_PH1121126_504_20260601_111.xml,PH1121126:504,BLUS:PH1121126:504:14,BLUS,VJ9,2026-07-21T12:55:00.000+05:45,Monday|Tuesday|Wednesday|Thursday|Friday,31,14
BODS_PH1121126_507_20260601_103.xml,PH1121126:507,BLUS:PH1121126:507:20,BLUS,VJ322,2026-07-21T21:53:00.000+05:45,Saturday,20,20
BODS_PH1121126_195_20260718_122.xml,PH1121126:195,BLUS:PH1121126:195:18,BLUS,VJ183,2026-07-21T08:33:00.000+05:45,Sunday,55,18
BODS_PH1121126_237_20260718_118.xml,PH1121126:237,BLUS:PH1121126:237:QC,BLUS,VJ16,2026-07-21T17:50:00.000+05:45,Monday|Tuesday|Wednesday|Thursday|Friday,6,QC
BODS_PH1121126_302_20260601_125.xml,PH1121126:302,BLUS:PH1121126:302:17,BLUS,VJ88,2026-07-21T14:21:00.000+05:45,Monday|Tuesday|Wednesday|Thursday|Friday,53,17
BODS_PH1121126_198_20260412_111.xml,PH1121126:198,BLUS:PH1121126:198:9,BLUS,VJ77,2026-07-21T18:10:00.000+05:45,Monday|Tuesday|Wednesday|Thursday|Friday,47,9
BODS_PH1121126_203_20260601_118.xml,PH1121126:203,BLUS:PH1121126:203:2,BLUS,VJ142,2026-07-21T16:10:00.000+05:45,Sunday,55,2
BODS_PH1121126_198_20260830_116.xml,PH1121126:198,BLUS:PH1121126:198:9,BLUS,VJ187,2026-07-21T09:15:00.000+05:45,Sunday,52,9
BODS_PH1121126_298_20260830_119.xml,PH1121126:298,BLUS:PH1121126:298:7,BLUS,VJ56,2026-07-21T06:52:00.000+05:45,Monday|Tuesday|Wednesday|Thursday|Friday,46,7
BODS_PH1121126_198_20260830_116.xml,PH1121126:198,BLUS:PH1121126:198:9,BLUS,VJ121,2026-07-21T09:49:00.000+05:45,Saturday,48,9
BODS_PH1121126_195_20260601_117.xml,PH1121126:195,BLUS:PH1121126:195:18,BLUS,VJ416,2026-07-21T20:57:00.000+05:45,Monday|Tuesday|Wednesday|Thursday|Friday,34,18
BODS_PH1121126_506_20260830_118.xml,PH1121126:506,BLUS:PH1121126:506:19,BLUS,VJ66,2026-07-21T09:25:00.000+05:45,Saturday,51,19
BODS_PH1121126_203_20260601_118.xml,PH1121126:203,BLUS:PH1121126:203:2,BLUS,VJ120,2026-07-21T08:40:00.000+05:45,Monday|Tuesday|Wednesday|Thursday|Friday,50,2
BODS_PH1121126_195_20260601_117.xml,PH1121126:195,BLUS:PH1121126:195:18,BLUS,VJ62,2026-07-21T10:23:00.000+05:45,Saturday,54,18
BODS_PH1121126_204_20260601_117.xml,PH1121126:204,BLUS:PH1121126:204:1,BLUS,VJ147,2026-07-21T08:24:00.000+05:45,Monday|Tuesday|Wednesday|Thursday|Friday,42,1
BODS_PH1121126_575_20260830_20.xml,PH1121126:575,BLUS:PH1121126:575:PR1,BLUS,VJ89,2026-07-21T11:10:00.000+05:45,Saturday,2,PR1
BODS_PH1121126_200_20260718_118.xml,PH1121126:200,BLUS:PH1121126:200:5,BLUS,VJ20,2026-07-21T09:33:00.000+05:45,Saturday,9,5
BODS_PH1121126_197_20260412_110.xml,PH1121126:197,BLUS:PH1121126:197:12,BLUS,VJ33,2026-07-21T22:25:00.000+05:45,Monday|Tuesday|Wednesday|Thursday|Friday,22,12
BODS_PH1121126_302_20260601_125.xml,PH1121126:302,BLUS:PH1121126:302:17,BLUS,VJ220,2026-07-21T09:05:00.000+05:45,Saturday,53,17
BODS_PH1121126_195_20260718_122.xml,PH1121126:195,BLUS:PH1121126:195:18,BLUS,VJ280,2026-07-21T10:15:00.000+05:45,Saturday,35,18
BODS_PH1121126_198_20260718_114.xml,PH1121126:198,BLUS:PH1121126:198:9,BLUS,VJ134,2026-07-21T06:50:00.000+05:45,Monday|Tuesday|Wednesday|Thursday|Friday,48,9
BODS_PH1121126_506_20260601_111.xml,PH1121126:506,BLUS:PH1121126:506:19,BLUS,VJ80,2026-07-21T19:20:00.000+05:45,Monday|Tuesday|Wednesday|Thursday|Friday,50,19
BODS_PH1121126_197_20260830_115.xml,PH1121126:197,BLUS:PH1121126:197:11,BLUS,VJ261,2026-07-21T15:24:00.000+05:45,Saturday,32,11
BODS_PH1121126_302_20260718_130.xml,PH1121126:302,BLUS:PH1121126:302:17,BLUS,VJ402,2026-07-21T09:00:00.000+05:45,Saturday,50,17
BODS_PH1121126_198_20260830_116.xml,PH1121126:198,BLUS:PH1121126:198:9,BLUS,VJ209,2026-07-21T16:35:00.000+05:45,Saturday,43,9
BODS_PH1121126_204_20260830_124.xml,PH1121126:204,BLUS:PH1121126:204:1,BLUS,VJ120,2026-07-21T20:55:00.000+05:45,Monday|Tuesday|Wednesday|Thursday|Friday,43,1
BODS_PH1121126_302_20260830_132.xml,PH1121126:302,BLUS:PH1121126:302:17,BLUS,VJ224,2026-07-21T22:45:00.000+05:45,Sunday,54,17
BODS_PH1121126_203_20260830_125.xml,PH1121126:203,BLUS:PH1121126:203:2,BLUS,VJ285,2026-07-21T10:48:00.000+05:45,Sunday,61,2
BODS_PH1121126_204_20260830_124.xml,PH1121126:204,BLUS:PH1121126:204:1,BLUS,VJ365,2026-07-21T19:10:00.000+05:45,Sunday,47,1
BODS_PH1121126_196_20260718_123.xml,PH1121126:196,BLUS:PH1121126:196:16,BLUS,VJ116,2026-07-21T23:25:00.000+05:45,Monday|Tuesday|Wednesday|Thursday|Friday,31,16
BODS_PH1121126_198_20260718_114.xml,PH1121126:198,BLUS:PH1121126:198:9,BLUS,VJ2,2026-07-21T05:25:00.000+05:45,Saturday,41,9
BODS_PH1121126_202_20260718_134.xml,PH1121126:202,BLUS:PH1121126:202:3,BLUS,VJ11,2026-07-21T09:55:00.000+05:45,Monday|Tuesday|Wednesday|Thursday|Friday,70,3
BODS_PH1121126_197_20260830_115.xml,PH1121126:197,BLUS:PH1121126:197:12,BLUS,VJ203,2026-07-21T13:28:00.000+05:45,Sunday,33,12
BODS_PH1121126_529_20260718_81.xml,PH1121126:529,BLUS:PH1121126:529:425,BLUS,VJ44,2026-07-21T07:30:00.000+05:45,Tuesday|Wednesday|Thursday|Friday,52,425
BODS_PH1121126_507_20260718_108.xml,PH1121126:507,BLUS:PH1121126:507:20,BLUS,VJ127,2026-07-21T18:50:00.000+05:45,Saturday,17,20
BODS_PH1121126_203_20260601_118.xml,PH1121126:203,BLUS:PH1121126:203:2,BLUS,VJ244,2026-07-21T21:13:00.000+05:45,Sunday,60,2
BODS_PH1121126_195_20260718_122.xml,PH1121126:195,BLUS:PH1121126:195:18,BLUS,VJ243,2026-07-21T00:10:00.000+05:45,Monday|Tuesday|Wednesday|Thursday|Friday,29,18
BODS_PH1121126_200_20260328_115.xml,PH1121126:200,BLUS:PH1121126:200:5,BLUS,VJ50,2026-07-21T15:25:00.000+05:45,Monday|Tuesday|Wednesday|Thursday|Friday,35,5
BODS_PH1121126_201_20260601_113.xml,PH1121126:201,BLUS:PH1121126:201:4,BLUS,VJ49,2026-07-21T21:30:00.000+05:45,Saturday,47,4
BODS_PH1121126_198_20260412_111.xml,PH1121126:198,BLUS:PH1121126:198:9,BLUS,VJ103,2026-07-21T21:10:00.000+05:45,Monday|Tuesday|Wednesday|Thursday|Friday,53,9
BODS_UZ000BLUS_6_20260830_1.xml,UZ000BLUS:6,BLUS:UZ000BLUS:6:6,BLUS,VJ129,2026-07-21T07:28:00.000+05:45,Monday|Tuesday|Wednesday|Thursday|Friday,27,6
BODS_PH1121126_198_20260412_111.xml,PH1121126:198,BLUS:PH1121126:198:9,BLUS,VJ200,2026-07-21T18:27:00.000+05:45,Saturday,43,9
BODS_PH1121126_195_20260718_122.xml,PH1121126:195,BLUS:PH1121126:195:18,BLUS,VJ301,2026-07-21T13:45:00.000+05:45,Saturday,35,18
BODS_PH1121126_506_20260830_118.xml,PH1121126:506,BLUS:PH1121126:506:19,BLUS,VJ18,2026-07-21T13:29:00.000+05:45,Saturday,51,19
BODS_UZ000BLUS_6_20260830_1.xml,UZ000BLUS:6,BLUS:UZ000BLUS:6:6,BLUS,VJ74,2026-07-21T13:47:00.000+05:45,Saturday,27,6
BODS_PH1121126_203_20260830_125.xml,PH1121126:203,BLUS:PH1121126:203:2,BLUS,VJ28,2026-07-21T09:25:00.000+05:45,Monday|Tuesday|Wednesday|Thursday|Friday,51,2
BODS_PH1121126_200_20260830_120.xml,PH1121126:200,BLUS:PH1121126:200:5,BLUS,VJ72,2026-07-21T08:30:00.000+05:45,Monday|Tuesday|Wednesday|Thursday|Friday,7,5
BODS_PH1121126_298_20260718_117.xml,PH1121126:298,BLUS:PH1121126:298:7,BLUS,VJ110,2026-07-21T14:12:00.000+05:45,Monday|Tuesday|Wednesday|Thursday|Friday,61,7
BODS_PH1121126_195_20260830_124.xml,PH1121126:195,BLUS:PH1121126:195:18,BLUS,VJ87,2026-07-21T15:01:00.000+05:45,Saturday,55,18
BODS_PH1121126_505_20260718_118.xml,PH1121126:505,BLUS:PH1121126:505:15,BLUS,VJ25,2026-07-21T05:35:00.000+05:45,Monday,35,15
BODS_PH1121126_503_20260830_119.xml,PH1121126:503,BLUS:PH1121126:503:13,BLUS,VJ48,2026-07-21T21:15:00.000+05:45,Monday|Tuesday|Wednesday|Thursday|Friday,21,13
BODS_PH1121126_575_20260830_20.xml,PH1121126:575,BLUS:PH1121126:575:PR1,BLUS,VJ112,2026-07-21T11:10:00.000+05:45,Sunday,2,PR1
BODS_PH1121126_198_20260830_116.xml,PH1121126:198,BLUS:PH1121126:198:9,BLUS,VJ183,2026-07-21T07:25:00.000+05:45,Saturday,52,9
BODS_PH1121126_203_20260830_125.xml,PH1121126:203,BLUS:PH1121126:203:2,BLUS,VJ59,2026-07-21T14:50:00.000+05:45,Sunday,51,2
BODS_PH1121126_200_20260830_120.xml,PH1121126:200,BLUS:PH1121126:200:5,BLUS,VJ19,2026-07-21T15:43:00.000+05:45,Monday|Tuesday|Wednesday|Thursday|Friday,9,5
BODS_PH1121126_204_20260830_124.xml,PH1121126:204,BLUS:PH1121126:204:1,BLUS,VJ330,2026-07-21T15:38:00.000+05:45,Monday|Tuesday|Wednesday|Thursday|Friday,47,1
BODS_PH1121126_507_20260718_108.xml,PH1121126:507,BLUS:PH1121126:507:20,BLUS,VJ58,2026-07-21T13:30:00.000+05:45,Saturday,17,20
BODS_PH1121126_203_20260601_118.xml,PH1121126:203,BLUS:PH1121126:203:2,BLUS,VJ18,2026-07-21T15:25:00.000+05:45,Saturday,50,2
BODS_PH1121126_203_20260718_123.xml,PH1121126:203,BLUS:PH1121126:203:2,BLUS,VJ40,2026-07-21T12:25:00.000+05:45,Monday|Tuesday|Wednesday|Thursday|Friday,51,2
BODS_PH1121126_507_20260718_108.xml,PH1121126:507,BLUS:PH1121126:507:20,BLUS,VJ203,2026-07-21T15:27:00.000+05:45,Saturday,35,20
BODS_PH1121126_195_20260830_124.xml,PH1121126:195,BLUS:PH1121126:195:N18,BLUS,VJ261,2026-07-21T02:15:00.000+05:45,Sunday,26,N18
BODS_PH1121126_507_20260601_103.xml,PH1121126:507,BLUS:PH1121126:507:20,BLUS,VJ23,2026-07-21T13:00:00.000+05:45,Monday|Tuesday|Wednesday|Thursday|Friday,16,20
BODS_PH1121126_201_20260830_120.xml,PH1121126:201,BLUS:PH1121126:201:4,BLUS,VJ86,2026-07-21T13:02:00.000+05:45,Monday|Tuesday|Wednesday|Thursday|Friday,48,4
BODS_PH1121126_575_20260718_18.xml,PH1121126:575,BLUS:PH1121126:575:PR1,BLUS,VJ22,2026-07-21T17:00:00.000+05:45,Saturday,3,PR1
BODS_PH1121126_506_20260830_118.xml,PH1121126:506,BLUS:PH1121126:506:19a,BLUS,VJ307,2026-07-21T13:44:00.000+05:45,Sunday,51,19a
BODS_PH1121126_506_20260718_116.xml,PH1121126:506,BLUS:PH1121126:506:19,BLUS,VJ342,2026-07-21T17:05:00.000+05:45,Sunday,52,19
BODS_PH1121126_198_20260718_114.xml,PH1121126:198,BLUS:PH1121126:198:9,BLUS,VJ195,2026-07-21T11:35:00.000+05:45,Saturday,43,9
BODS_PH1121126_197_20260830_115.xml,PH1121126:197,BLUS:PH1121126:197:11,BLUS,VJ316,2026-07-21T20:18:00.000+05:45,Monday|Tuesday|Wednesday|Thursday|Friday,14,11
BODS_PH1121126_203_20260718_123.xml,PH1121126:203,BLUS:PH1121126:203:2,BLUS,VJ280,2026-07-21T19:40:00.000+05:45,Saturday,61,2
BODS_PH1121126_507_20260601_103.xml,PH1121126:507,BLUS:PH1121126:507:20,BLUS,VJ257,2026-07-21T15:44:00.000+05:45,Monday|Tuesday|Wednesday|Thursday|Friday,34,20
BODS_PH1121126_201_20260830_120.xml,PH1121126:201,BLUS:PH1121126:201:4,BLUS,VJ124,2026-07-21T17:00:00.000+05:45,Monday|Tuesday|Wednesday|Thursday|Friday,48,4
BODS_PH1121126_195_20260718_122.xml,PH1121126:195,BLUS:PH1121126:195:18,BLUS,VJ310,2026-07-21T10:05:00.000+05:45,Monday|Tuesday|Wednesday|Thursday|Friday,35,18
BODS_PH1121126_506_20260830_118.xml,PH1121126:506,BLUS:PH1121126:506:19a,BLUS,VJ302,2026-07-21T15:55:00.000+05:45,Saturday,51,19a
BODS_PH1121126_506_20260718_116.xml,PH1121126:506,BLUS:PH1121126:506:19,BLUS,VJ331,2026-07-21T11:20:00.000+05:45,Sunday,52,19
BODS_PH1121126_195_20260830_124.xml,PH1121126:195,BLUS:PH1121126:195:18,BLUS,VJ146,2026-07-21T20:47:00.000+05:45,Saturday,55,18
BODS_PH1121126_302_20260718_130.xml,PH1121126:302,BLUS:PH1121126:302:17,BLUS,VJ476,2026-07-21T19:50:00.000+05:45,Sunday,50,17
BODS_PH1121126_204_20260830_124.xml,PH1121126:204,BLUS:PH1121126:204:1,BLUS,VJ188,2026-07-21T15:36:00.000+05:45,Monday|Tuesday|Wednesday|Thursday|Friday,43,1
BODS_PH1121126_507_20260830_110.xml,PH1121126:507,BLUS:PH1121126:507:20,BLUS,VJ30,2026-07-21T18:30:00.000+05:45,Monday|Tuesday|Wednesday|Thursday|Friday,17,20
BODS_PH1121126_204_20260601_117.xml,PH1121126:204,BLUS:PH1121126:204:1,BLUS,VJ383,2026-07-21T18:35:00.000+05:45,Saturday,46,1
BODS_PH1121126_195_20260601_117.xml,PH1121126:195,BLUS:PH1121126:195:18,BLUS,VJ288,2026-07-21T11:35:00.000+05:45,Saturday,34,18
BODS_PH1121126_302_20260830_132.xml,PH1121126:302,BLUS:PH1121126:302:17,BLUS,VJ297,2026-07-21T16:10:00.000+05:45,Saturday,50,17
BODS_PH1121126_302_20260718_130.xml,PH1121126:302,BLUS:PH1121126:302:17,BLUS,VJ308,2026-07-21T16:35:00.000+05:45,Monday|Tuesday|Wednesday|Thursday|Friday,50,17
BODS_PH1121126_197_20260718_113.xml,PH1121126:197,BLUS:PH1121126:197:12,BLUS,VJ233,2026-07-21T17:53:00.000+05:45,Monday|Tuesday|Wednesday|Thursday|Friday,33,12
BODS_PH1121126_420_20260830_123.xml,PH1121126:420,BLUS:PH1121126:420:612,BLUS,VJ1,2026-07-21T07:37:00.000+05:45,Tuesday|Wednesday|Thursday|Friday,24,612
BODS_PH1121126_196_20260718_123.xml,PH1121126:196,BLUS:PH1121126:196:16,BLUS,VJ43,2026-07-21T08:50:00.000+05:45,Saturday,18,16
BODS_PH1121126_507_20260601_103.xml,PH1121126:507,BLUS:PH1121126:507:20,BLUS,VJ25,2026-07-21T13:30:00.000+05:45,Monday|Tuesday|Wednesday|Thursday|Friday,16,20
BODS_PH1121126_196_20260830_125.xml,PH1121126:196,BLUS:PH1121126:196:16,BLUS,VJ35,2026-07-21T13:15:00.000+05:45,Sunday,36,16
BODS_PH1121126_204_20260830_124.xml,PH1121126:204,BLUS:PH1121126:204:1,BLUS,VJ404,2026-07-21T17:55:00.000+05:45,Monday|Tuesday|Wednesday|Thursday|Friday,47,1
BODS_PH1121126_504_20260601_111.xml,PH1121126:504,BLUS:PH1121126:504:14,BLUS,VJ13,2026-07-21T09:25:00.000+05:45,Saturday,31,14
BODS_PH1121126_575_20260718_18.xml,PH1121126:575,BLUS:PH1121126:575:PR1,BLUS,VJ138,2026-07-21T19:10:00.000+05:45,Saturday,2,PR1
BODS_PH1121126_195_20260718_122.xml,PH1121126:195,BLUS:PH1121126:195:18,BLUS,VJ337,2026-07-21T07:54:00.000+05:45,Monday|Tuesday|Wednesday|Thursday|Friday,35,18
BODS_PH1121126_196_20260830_125.xml,PH1121126:196,BLUS:PH1121126:196:16,BLUS,VJ95,2026-07-21T10:01:00.000+05:45,Monday|Tuesday|Wednesday|Thursday|Friday,43,16
BODS_PH1121126_202_20260830_136.xml,PH1121126:202,BLUS:PH1121126:202:3,BLUS,VJ22,2026-07-21T20:10:00.000+05:45,Saturday,67,3
BODS_PH1121126_195_20260601_117.xml,PH1121126:195,BLUS:PH1121126:195:18,BLUS,VJ209,2026-07-21T06:42:00.000+05:45,Monday|Tuesday|Wednesday|Thursday|Friday,54,18
BODS_PH1121126_504_20260830_118.xml,PH1121126:504,BLUS:PH1121126:504:14,BLUS,VJ29,2026-07-21T17:25:00.000+05:45,Saturday,31,14
BODS_PH1121126_200_20260328_115.xml,PH1121126:200,BLUS:PH1121126:200:5,BLUS,VJ8,2026-07-21T17:40:00.000+05:45,Monday|Tuesday|Wednesday|Thursday|Friday,36,5
BODS_PH1121126_195_20260718_122.xml,PH1121126:195,BLUS:PH1121126:195:18,BLUS,VJ11,2026-07-21T11:28:00.000+05:45,Sunday,55,18
BODS_PH1121126_204_20260601_117.xml,PH1121126:204,BLUS:PH1121126:204:1,BLUS,VJ142,2026-07-21T17:00:00.000+05:45,Monday|Tuesday|Wednesday|Thursday|Friday,42,1
BODS_PH1121126_302_20260830_132.xml,PH1121126:302,BLUS:PH1121126:302:17,BLUS,VJ298,2026-07-21T16:20:00.000+05:45,Saturday,50,17
BODS_PH1121126_201_20260830_120.xml,PH1121126:201,BLUS:PH1121126:201:4,BLUS,VJ114,2026-07-21T17:20:00.000+05:45,Sunday,48,4
BODS_PH1121126_204_20260718_122.xml,PH1121126:204,BLUS:PH1121126:204:1,BLUS,VJ334,2026-07-21T16:25:00.000+05:45,Monday|Tuesday|Wednesday|Thursday|Friday,47,1
BODS_PH1121126_506_20260830_118.xml,PH1121126:506,BLUS:PH1121126:506:19,BLUS,VJ93,2026-07-21T09:02:00.000+05:45,Monday|Tuesday|Wednesday|Thursday|Friday,51,19
BODS_PH1121126_506_20260718_116.xml,PH1121126:506,BLUS:PH1121126:506:19a,BLUS,VJ297,2026-07-21T21:27:00.000+05:45,Saturday,51,19a
BODS_PH1121126_507_20260830_110.xml,PH1121126:507,BLUS:PH1121126:507:20,BLUS,VJ165,2026-07-21T11:10:00.000+05:45,Monday|Tuesday|Wednesday|Thursday|Friday,35,20
BODS_PH1121126_302_20260830_132.xml,PH1121126:302,BLUS:PH1121126:302:17,BLUS,VJ49,2026-07-21T12:32:00.000+05:45,Saturday,54,17
BODS_PH1121126_196_20260718_123.xml,PH1121126:196,BLUS:PH1121126:196:16,BLUS,VJ237,2026-07-21T08:19:00.000+05:45,Monday|Tuesday|Wednesday|Thursday|Friday,28,16
BODS_PH1121126_302_20260601_125.xml,PH1121126:302,BLUS:PH1121126:302:17,BLUS,VJ7,2026-07-21T22:30:00.000+05:45,Monday|Tuesday|Wednesday|Thursday|Friday,53,17
BODS_PH1121126_203_20260601_118.xml,PH1121126:203,BLUS:PH1121126:203:2,BLUS,VJ76,2026-07-21T06:55:00.000+05:45,Saturday,50,2
BODS_PH1121126_197_20260718_113.xml,PH1121126:197,BLUS:PH1121126:197:11,BLUS,VJ91,2026-07-21T10:30:00.000+05:45,Monday|Tuesday|Wednesday|Thursday|Friday,20,11
BODS_PH1121126_198_20260830_116.xml,PH1121126:198,BLUS:PH1121126:198:9,BLUS,VJ89,2026-07-21T08:50:00.000+05:45,Sunday,50,9
BODS_PH1121126_302_20260830_132.xml,PH1121126:302,BLUS:PH1121126:302:17,BLUS,VJ155,2026-07-21T18:07:00.000+05:45,Saturday,54,17
BODS_PH1121126_197_20260718_113.xml,PH1121126:197,BLUS:PH1121126:197:11,BLUS,VJ133,2026-07-21T10:58:00.000+05:45,Saturday,20,11
BODS_PH1121126_543_20260830_82.xml,PH1121126:543,BLUS:PH1121126:543:607,BLUS,VJ5,2026-07-21T16:15:00.000+05:45,Monday|Tuesday|Wednesday|Thursday|Friday,35,607
BODS_PH1121126_199_20260412_113.xml,PH1121126:199,BLUS:PH1121126:199:8,BLUS,VJ24,2026-07-21T18:40:00.000+05:45,Saturday,51,8
BODS_PH1121126_302_20260718_130.xml,PH1121126:302,BLUS:PH1121126:302:17,BLUS,VJ154,2026-07-21T14:30:00.000+05:45,Saturday,54,17
BODS_PH1121126_195_20260718_122.xml,PH1121126:195,BLUS:PH1121126:195:18,BLUS,VJ431,2026-07-21T08:10:00.000+05:45,Saturday,35,18
BODS_PH1121126_302_20260601_125.xml,PH1121126:302,BLUS:PH1121126:302:17,BLUS,VJ85,2026-07-21T16:57:00.000+05:45,Saturday,53,17
BODS_PH1121126_198_20260830_116.xml,PH1121126:198,BLUS:PH1121126:198:9,BLUS,VJ44,2026-07-21T06:15:00.000+05:45,Monday|Tuesday|Wednesday|Thursday|Friday,42,9
BODS_PH1121126_196_20260601_118.xml,PH1121126:196,BLUS:PH1121126:196:16,BLUS,VJ235,2026-07-21T07:06:00.000+05:45,Saturday,26,16
BODS_PH1121126_196_20260830_125.xml,PH1121126:196,BLUS:PH1121126:196:16,BLUS,VJ96,2026-07-21T10:31:00.000+05:45,Monday|Tuesday|Wednesday|Thursday|Friday,43,16
BODS_PH1121126_302_20260601_125.xml,PH1121126:302,BLUS:PH1121126:302:17,BLUS,VJ405,2026-07-21T19:20:00.000+05:45,Sunday,49,17
BODS_PH1121126_203_20260601_118.xml,PH1121126:203,BLUS:PH1121126:203:2,BLUS,VJ260,2026-07-21T21:15:00.000+05:45,Saturday,60,2
BODS_PH1121126_198_20260718_114.xml,PH1121126:198,BLUS:PH1121126:198:9,BLUS,VJ11,2026-07-21T19:10:00.000+05:45,Saturday,41,9
BODS_PH1121126_204_20260830_124.xml,PH1121126:204,BLUS:PH1121126:204:1,BLUS,VJ417,2026-07-21T17:15:00.000+05:45,Monday|Tuesday|Wednesday|Thursday|Friday,47,1
BODS_PH1121126_504_20260601_111.xml,PH1121126:504,BLUS:PH1121126:504:14,BLUS,VJ91,2026-07-21T12:02:00.000+05:45,Saturday,41,14
BODS_PH1121126_198_20260412_111.xml,PH1121126:198,BLUS:PH1121126:198:9,BLUS,VJ211,2026-07-21T15:23:00.000+05:45,Sunday,43,9
BODS_PH1121126_504_20260718_116.xml,PH1121126:504,BLUS:PH1121126:504:14,BLUS,VJ134,2026-07-21T07:40:00.000+05:45,Sunday,43,14
BODS_PH1121126_204_20260718_122.xml,PH1121126:204,BLUS:PH1121126:204:1,BLUS,VJ94,2026-07-21T10:00:00.000+05:45,Sunday,43,1
BODS_PH1121126_198_20260718_114.xml,PH1121126:198,BLUS:PH1121126:198:9,BLUS,VJ21,2026-07-21T15:15:00.000+05:45,Saturday,42,9
BODS_PH1121126_528_20260718_82.xml,PH1121126:528,BLUS:PH1121126:528:23,BLUS,VJ6,2026-07-21T13:45:00.000+05:45,Monday|Tuesday|Wednesday|Thursday|Friday,15,23
BODS_PH1121126_302_20260830_132.xml,PH1121126:302,BLUS:PH1121126:302:17,BLUS,VJ315,2026-07-21T10:20:00.000+05:45,Monday|Tuesday|Wednesday|Thursday|Friday,50,17
BODS_PH1121126_506_20260830_118.xml,PH1121126:506,BLUS:PH1121126:506:19,BLUS,VJ20,2026-07-21T14:29:00.000+05:45,Saturday,51,19
BODS_PH1121126_302_20260718_130.xml,PH1121126:302,BLUS:PH1121126:302:17,BLUS,VJ231,2026-07-21T18:27:00.000+05:45,Sunday,54,17
BODS_PH1121126_302_20260718_130.xml,PH1121126:302,BLUS:PH1121126:302:17,BLUS,VJ261,2026-07-21T20:10:00.000+05:45,Monday|Tuesday|Wednesday|Thursday|Friday,48,17
BODS_PH1121126_505_20260718_118.xml,PH1121126:505,BLUS:PH1121126:505:15,BLUS,VJ84,2026-07-21T13:42:00.000+05:45,Monday|Tuesday|Wednesday|Thursday|Friday,32,15
BODS_PH1121126_506_20260718_116.xml,PH1121126:506,BLUS:PH1121126:506:19a,BLUS,VJ280,2026-07-21T17:55:00.000+05:45,Saturday,51,19a
BODS_PH1121126_302_20260830_132.xml,PH1121126:302,BLUS:PH1121126:302:17,BLUS,VJ272,2026-07-21T13:25:00.000+05:45,Sunday,50,17
BODS_PH1121126_302_20260718_130.xml,PH1121126:302,BLUS:PH1121126:302:17,BLUS,VJ215,2026-07-21T15:00:00.000+05:45,Sunday,54,17
BODS_PH1121126_203_20260601_118.xml,PH1121126:203,BLUS:PH1121126:203:2,BLUS,VJ17,2026-07-21T15:10:00.000+05:45,Saturday,50,2
BODS_PH1121126_529_20260830_83.xml,PH1121126:529,BLUS:PH1121126:529:24,BLUS,VJ6,2026-07-21T08:55:00.000+05:45,Monday|Tuesday|Wednesday|Thursday|Friday,36,24
BODS_PH1121126_198_20260412_111.xml,PH1121126:198,BLUS:PH1121126:198:9,BLUS,VJ7,2026-07-21T08:50:00.000+05:45,Sunday,41,9
BODS_PH1121126_195_20260601_117.xml,PH1121126:195,BLUS:PH1121126:195:18,BLUS,VJ79,2026-07-21T13:13:00.000+05:45,Saturday,54,18
BODS_PH1121126_195_20260601_117.xml,PH1121126:195,BLUS:PH1121126:195:18,BLUS,VJ510,2026-07-21T20:30:00.000+05:45,Sunday,34,18
BODS_PH1121126_196_20260601_118.xml,PH1121126:196,BLUS:PH1121126:196:16,BLUS,VJ64,2026-07-21T15:50:00.000+05:45,Saturday,18,16
BODS_PH1121126_203_20260830_125.xml,PH1121126:203,BLUS:PH1121126:203:2,BLUS,VJ281,2026-07-21T07:05:00.000+05:45,Monday|Tuesday|Wednesday|Thursday|Friday,61,2
BODS_PH1121126_529_20260830_83.xml,PH1121126:529,BLUS:PH1121126:529:24,BLUS,VJ11,2026-07-21T14:30:00.000+05:45,Monday|Tuesday|Wednesday|Thursday|Friday,36,24
BODS_PH1121126_507_20260718_108.xml,PH1121126:507,BLUS:PH1121126:507:20,BLUS,VJ249,2026-07-21T16:42:00.000+05:45,Monday|Tuesday|Wednesday|Thursday|Friday,35,20
BODS_PH1121126_204_20260830_124.xml,PH1121126:204,BLUS:PH1121126:204:1,BLUS,VJ373,2026-07-21T00:05:00.000+05:45,Monday|Tuesday|Wednesday|Thursday|Friday,47,1
BODS_PH1121126_302_20260601_125.xml,PH1121126:302,BLUS:PH1121126:302:17,BLUS,VJ465,2026-07-21T04:35:00.000+05:45,Monday,49,17
BODS_PH1121126_507_20260830_110.xml,PH1121126:507,BLUS:PH1121126:507:20,BLUS,VJ262,2026-07-21T16:59:00.000+05:45,Monday|Tuesday|Wednesday|Thursday|Friday,35,20
BODS_PH1121126_204_20260718_122.xml,PH1121126:204,BLUS:PH1121126:204:1,BLUS,VJ429,2026-07-21T19:45:00.000+05:45,Monday|Tuesday|Wednesday|Thursday|Friday,47,1
BODS_PH1121126_298_20260601_111.xml,PH1121126:298,BLUS:PH1121126:298:7,BLUS,VJ2,2026-07-21T08:05:00.000+05:45,Monday|Tuesday|Wednesday|Thursday|Friday,51,7
BODS_PH1121126_197_20260718_113.xml,PH1121126:197,BLUS:PH1121126:197:11,BLUS,VJ295,2026-07-21T06:06:00.000+05:45,Saturday,32,11
BODS_PH1121126_503_20260718_117.xml,PH1121126:503,BLUS:PH1121126:503:13,BLUS,VJ116,2026-07-21T15:57:00.000+05:45,Saturday,31,13
BODS_PH1121126_506_20260830_118.xml,PH1121126:506,BLUS:PH1121126:506:19,BLUS,VJ245,2026-07-21T06:05:00.000+05:45,Sunday,52,19
BODS_PH1121126_507_20260718_108.xml,PH1121126:507,BLUS:PH1121126:507:20,BLUS,VJ321,2026-07-21T21:53:00.000+05:45,Monday|Tuesday|Wednesday|Thursday|Friday,20,20
BODS_PH1121126_203_20260718_123.xml,PH1121126:203,BLUS:PH1121126:203:2,BLUS,VJ31,2026-07-21T10:10:00.000+05:45,Monday|Tuesday|Wednesday|Thursday|Friday,51,2
BODS_PH1121126_197_20260830_115.xml,PH1121126:197,BLUS:PH1121126:197:12,BLUS,VJ216,2026-07-21T05:17:00.000+05:45,Monday|Tuesday|Wednesday|Thursday|Friday,33,12
BODS_PH1121126_417_20260718_120.xml,PH1121126:417,BLUS:PH1121126:417:621,BLUS,VJ1,2026-07-21T07:25:00.000+05:45,Tuesday|Wednesday|Thursday|Friday,33,621
BODS_PH1121126_204_20260830_124.xml,PH1121126:204,BLUS:PH1121126:204:1,BLUS,VJ73,2026-07-21T10:30:00.000+05:45,Monday|Tuesday|Wednesday|Thursday|Friday,43,1
BODS_PH1121126_199_20260718_116.xml,PH1121126:199,BLUS:PH1121126:199:8,BLUS,VJ12,2026-07-21T13:40:00.000+05:45,Saturday,50,8
BODS_PH1121126_195_20260830_124.xml,PH1121126:195,BLUS:PH1121126:195:18,BLUS,VJ190,2026-07-21T05:17:00.000+05:45,Monday|Tuesday|Wednesday|Thursday|Friday,55,18
BODS_PH1121126_197_20260412_110.xml,PH1121126:197,BLUS:PH1121126:197:11,BLUS,VJ90,2026-07-21T10:10:00.000+05:45,Monday|Tuesday|Wednesday|Thursday|Friday,20,11
BODS_PH1121126_195_20260601_117.xml,PH1121126:195,BLUS:PH1121126:195:18,BLUS,VJ505,2026-07-21T07:15:00.000+05:45,Sunday,34,18
BODS_PH1121126_195_20260601_117.xml,PH1121126:195,BLUS:PH1121126:195:18,BLUS,VJ181,2026-07-21T18:45:00.000+05:45,Saturday,54,18
BODS_PH1121126_195_20260718_122.xml,PH1121126:195,BLUS:PH1121126:195:18,BLUS,VJ302,2026-07-21T13:54:00.000+05:45,Saturday,35,18
BODS_PH1121126_203_20260718_123.xml,PH1121126:203,BLUS:PH1121126:203:2,BLUS,VJ163,2026-07-21T08:37:00.000+05:45,Monday|Tuesday|Wednesday|Thursday|Friday,38,2
BODS_PH1121126_203_20260601_118.xml,PH1121126:203,BLUS:PH1121126:203:2,BLUS,VJ53,2026-07-21T12:50:00.000+05:45,Sunday,50,2
BODS_PH1121126_200_20260718_118.xml,PH1121126:200,BLUS:PH1121126:200:5,BLUS,VJ19,2026-07-21T09:03:00.000+05:45,Saturday,9,5
BODS_PH1121126_203_20260830_125.xml,PH1121126:203,BLUS:PH1121126:203:2,BLUS,VJ246,2026-07-21T23:13:00.000+05:45,Sunday,61,2
BODS_UZ000BLUS_6_20260830_1.xml,UZ000BLUS:6,BLUS:UZ000BLUS:6:6,BLUS,VJ57,2026-07-21T15:35:00.000+05:45,Monday|Tuesday|Wednesday|Thursday|Friday,20,6
BODS_PH1121126_203_20260601_118.xml,PH1121126:203,BLUS:PH1121126:203:2,BLUS,VJ48,2026-07-21T11:10:00.000+05:45,Sunday,50,2
BODS_PH1121126_198_20260412_111.xml,PH1121126:198,BLUS:PH1121126:198:9,BLUS,VJ78,2026-07-21T08:40:00.000+05:45,Saturday,47,9
BODS_PH1121126_195_20260718_122.xml,PH1121126:195,BLUS:PH1121126:195:18,BLUS,VJ151,2026-07-21T22:10:00.000+05:45,Sunday,55,18
BODS_PH1121126_504_20260718_116.xml,PH1121126:504,BLUS:PH1121126:504:14,BLUS,VJ60,2026-07-21T17:55:00.000+05:45,Saturday,46,14
BODS_PH1121126_196_20260830_125.xml,PH1121126:196,BLUS:PH1121126:196:16,BLUS,VJ108,2026-07-21T16:04:00.000+05:45,Sunday,43,16
BODS_PH1121126_302_20260601_125.xml,PH1121126:302,BLUS:PH1121126:302:17,BLUS,VJ333,2026-07-21T10:00:00.000+05:45,Monday|Tuesday|Wednesday|Thursday|Friday,49,17
BODS_PH1121126_195_20260830_124.xml,PH1121126:195,BLUS:PH1121126:195:18,BLUS,VJ245,2026-07-21T17:26:00.000+05:45,Sunday,29,18
BODS_PH1121126_203_20260601_118.xml,PH1121126:203,BLUS:PH1121126:203:2,BLUS,VJ216,2026-07-21T14:30:00.000+05:45,Sunday,60,2
BODS_PH1121126_200_20260718_118.xml,PH1121126:200,BLUS:PH1121126:200:5,BLUS,VJ12,2026-07-21T11:13:00.000+05:45,Monday|Tuesday|Wednesday|Thursday|Friday,9,5
BODS_PH1121126_202_20260601_129.xml,PH1121126:202,BLUS:PH1121126:202:3,BLUS,VJ13,2026-07-21T11:55:00.000+05:45,Monday|Tuesday|Wednesday|Thursday|Friday,70,3
BODS_PH1121126_199_20260718_116.xml,PH1121126:199,BLUS:PH1121126:199:8,BLUS,VJ36,2026-07-21T11:45:00.000+05:45,Saturday,52,8
BODS_PH1121126_204_20260601_117.xml,PH1121126:204,BLUS:PH1121126:204:1,BLUS,VJ262,2026-07-21T16:10:00.000+05:45,Saturday,46,1
BODS_PH1121126_198_20260718_114.xml,PH1121126:198,BLUS:PH1121126:198:9,BLUS,VJ147,2026-07-21T12:22:00.000+05:45,Monday|Tuesday|Wednesday|Thursday|Friday,43,9
BODS_PH1121126_197_20260718_113.xml,PH1121126:197,BLUS:PH1121126:197:11,BLUS,VJ138,2026-07-21T19:55:00.000+05:45,Saturday,20,11
BODS_PH1121126_472_20260830_123.xml,PH1121126:472,BLUS:PH1121126:472:609,BLUS,VJ5,2026-07-21T09:15:00.000+05:45,Tuesday|Wednesday|Thursday|Friday,33,609
BODS_PH1121126_197_20260412_110.xml,PH1121126:197,BLUS:PH1121126:197:11,BLUS,VJ101,2026-07-21T11:25:00.000+05:45,Saturday,20,11
BODS_PH1121126_302_20260718_130.xml,PH1121126:302,BLUS:PH1121126:302:17,BLUS,VJ180,2026-07-21T14:40:00.000+05:45,Saturday,54,17
BODS_PH1121126_201_20260601_113.xml,PH1121126:201,BLUS:PH1121126:201:4,BLUS,VJ107,2026-07-21T10:20:00.000+05:45,Sunday,48,4
BODS_PH1121126_204_20260601_117.xml,PH1121126:204,BLUS:PH1121126:204:1,BLUS,VJ179,2026-07-21T20:10:00.000+05:45,Sunday,42,1
BODS_PH1121126_506_20260601_111.xml,PH1121126:506,BLUS:PH1121126:506:19a,BLUS,VJ141,2026-07-21T16:12:00.000+05:45,Monday|Tuesday|Wednesday|Thursday|Friday,48,19a
BODS_PH1121126_575_20260830_20.xml,PH1121126:575,BLUS:PH1121126:575:PR2,BLUS,VJ83,2026-07-21T14:00:00.000+05:45,Monday|Tuesday|Wednesday|Thursday|Friday|Saturday|Sunday,1,PR2
BODS_PH1121126_198_20260830_116.xml,PH1121126:198,BLUS:PH1121126:198:9,BLUS,VJ155,2026-07-21T09:20:00.000+05:45,Monday|Tuesday|Wednesday|Thursday|Friday,43,9
BODS_PH1121126_204_20260718_122.xml,PH1121126:204,BLUS:PH1121126:204:1,BLUS,VJ259,2026-07-21T15:40:00.000+05:45,Saturday,47,1
BODS_PH1121126_302_20260830_132.xml,PH1121126:302,BLUS:PH1121126:302:17,BLUS,VJ69,2026-07-21T16:47:00.000+05:45,Saturday,54,17
BODS_PH1121126_195_20260830_124.xml,PH1121126:195,BLUS:PH1121126:195:18,BLUS,VJ357,2026-07-21T16:30:00.000+05:45,Saturday,35,18
BODS_PH1121126_203_20260718_123.xml,PH1121126:203,BLUS:PH1121126:203:2,BLUS,VJ283,2026-07-21T06:50:00.000+05:45,Monday|Tuesday|Wednesday|Thursday|Friday,61,2
BODS_PH1121126_196_20260601_118.xml,PH1121126:196,BLUS:PH1121126:196:16,BLUS,VJ25,2026-07-21T12:55:00.000+05:45,Monday|Tuesday|Wednesday|Thursday|Friday,18,16
BODS_PH1121126_197_20260412_110.xml,PH1121126:197,BLUS:PH1121126:197:12,BLUS,VJ23,2026-07-21T11:20:00.000+05:45,Monday|Tuesday|Wednesday|Thursday|Friday,22,12
BODS_PH1121126_203_20260601_118.xml,PH1121126:203,BLUS:PH1121126:203:2,BLUS,VJ266,2026-07-21T08:45:00.000+05:45,Saturday,60,2
BODS_PH1121126_504_20260601_111.xml,PH1121126:504,BLUS:PH1121126:504:14,BLUS,VJ78,2026-07-21T11:32:00.000+05:45,Monday|Tuesday|Wednesday|Thursday|Friday,41,14
BODS_PH1121126_506_20260830_118.xml,PH1121126:506,BLUS:PH1121126:506:19a,BLUS,VJ297,2026-07-21T13:25:00.000+05:45,Saturday,51,19a
BODS_PH1121126_302_20260718_130.xml,PH1121126:302,BLUS:PH1121126:302:17,BLUS,VJ57,2026-07-21T08:10:00.000+05:45,Monday|Tuesday|Wednesday|Thursday|Friday,54,17
BODS_PH1121126_575_20260718_18.xml,PH1121126:575,BLUS:PH1121126:575:PR2,BLUS,VJ84,2026-07-21T14:20:00.000+05:45,Monday|Tuesday|Wednesday|Thursday|Friday|Saturday|Sunday,1,PR2
BODS_PH1121126_204_20260830_124.xml,PH1121126:204,BLUS:PH1121126:204:1,BLUS,VJ17,2026-07-21T10:00:00.000+05:45,Saturday,43,1
BODS_PH1121126_575_20260718_18.xml,PH1121126:575,BLUS:PH1121126:575:PR1,BLUS,VJ31,2026-07-21T12:40:00.000+05:45,Sunday,3,PR1
BODS_PH1121126_298_20260830_119.xml,PH1121126:298,BLUS:PH1121126:298:7,BLUS,VJ71,2026-07-21T16:10:00.000+05:45,Sunday,46,7
BODS_PH1121126_197_20260718_113.xml,PH1121126:197,BLUS:PH1121126:197:11,BLUS,VJ141,2026-07-21T08:23:00.000+05:45,Monday|Tuesday|Wednesday|Thursday|Friday,20,11
BODS_PH1121126_196_20260718_123.xml,PH1121126:196,BLUS:PH1121126:196:16,BLUS,VJ177,2026-07-21T15:01:00.000+05:45,Monday|Tuesday|Wednesday|Thursday|Friday,28,16
BODS_PH1121126_195_20260830_124.xml,PH1121126:195,BLUS:PH1121126:195:18,BLUS,VJ336,2026-07-21T07:44:00.000+05:45,Monday|Tuesday|Wednesday|Thursday|Friday,35,18
BODS_PH1121126_507_20260601_103.xml,PH1121126:507,BLUS:PH1121126:507:20,BLUS,VJ77,2026-07-21T15:15:00.000+05:45,Monday|Tuesday|Wednesday|Thursday|Friday,16,20
BODS_PH1121126_237_20260412_115.xml,PH1121126:237,BLUS:PH1121126:237:QC,BLUS,VJ66,2026-07-21T09:15:00.000+05:45,Saturday,6,QC
BODS_PH1121126_202_20260601_129.xml,PH1121126:202,BLUS:PH1121126:202:3,BLUS,VJ40,2026-07-21T12:25:00.000+05:45,Saturday,68,3
BODS_PH1121126_529_20260328_78.xml,PH1121126:529,BLUS:PH1121126:529:24,BLUS,VJ25,2026-07-21T09:34:00.000+05:45,Monday|Tuesday|Wednesday|Thursday|Friday,49,24
BODS_PH1121126_302_20260830_132.xml,PH1121126:302,BLUS:PH1121126:302:17,BLUS,VJ177,2026-07-21T15:30:00.000+05:45,Sunday,54,17
BODS_PH1121126_196_20260601_118.xml,PH1121126:196,BLUS:PH1121126:196:16,BLUS,VJ236,2026-07-21T07:51:00.000+05:45,Saturday,26,16
BODS_PH1121126_507_20260830_110.xml,PH1121126:507,BLUS:PH1121126:507:20,BLUS,VJ172,2026-07-21T12:55:00.000+05:45,Monday|Tuesday|Wednesday|Thursday|Friday,35,20
BODS_PH1121126_302_20260718_130.xml,PH1121126:302,BLUS:PH1121126:302:17,BLUS,VJ423,2026-07-21T07:20:00.000+05:45,Saturday,50,17
BODS_PH1121126_502_20260328_107.xml,PH1121126:502,BLUS:PH1121126:502:10,BLUS,VJ11,2026-07-21T12:28:00.000+05:45,Saturday,23,10
BODS_PH1121126_195_20260830_124.xml,PH1121126:195,BLUS:PH1121126:195:18,BLUS,VJ147,2026-07-21T21:07:00.000+05:45,Saturday,55,18
BODS_PH1121126_204_20260718_122.xml,PH1121126:204,BLUS:PH1121126:204:1,BLUS,VJ336,2026-07-21T17:02:00.000+05:45,Monday|Tuesday|Wednesday|Thursday|Friday,47,1
BODS_PH1121126_195_20260718_122.xml,PH1121126:195,BLUS:PH1121126:195:18,BLUS,VJ314,2026-07-21T10:45:00.000+05:45,Monday|Tuesday|Wednesday|Thursday|Friday,35,18
BODS_PH1121126_195_20260718_122.xml,PH1121126:195,BLUS:PH1121126:195:18,BLUS,VJ450,2026-07-21T18:00:00.000+05:45,Saturday,49,18
BODS_PH1121126_196_20260830_125.xml,PH1121126:196,BLUS:PH1121126:196:16,BLUS,VJ145,2026-07-21T06:48:00.000+05:45,Monday|Tuesday|Wednesday|Thursday|Friday,43,16
BODS_PH1121126_197_20260412_110.xml,PH1121126:197,BLUS:PH1121126:197:12,BLUS,VJ39,2026-07-21T19:25:00.000+05:45,Sunday,22,12
BODS_PH1121126_195_20260601_117.xml,PH1121126:195,BLUS:PH1121126:195:18,BLUS,VJ393,2026-07-21T20:57:00.000+05:45,Saturday,34,18
BODS_PH1121126_195_20260601_117.xml,PH1121126:195,BLUS:PH1121126:195:18,BLUS,VJ347,2026-07-21T14:40:00.000+05:45,Saturday,34,18
BODS_PH1121126_197_20260412_110.xml,PH1121126:197,BLUS:PH1121126:197:11,BLUS,VJ98,2026-07-21T12:50:00.000+05:45,Monday|Tuesday|Wednesday|Thursday|Friday,20,11
BODS_PH1121126_507_20260830_110.xml,PH1121126:507,BLUS:PH1121126:507:20,BLUS,VJ19,2026-07-21T12:00:00.000+05:45,Monday|Tuesday|Wednesday|Thursday|Friday,17,20
BODS_PH1121126_196_20260601_118.xml,PH1121126:196,BLUS:PH1121126:196:16,BLUS,VJ192,2026-07-21T16:54:00.000+05:45,Sunday,26,16
BODS_PH1121126_204_20260718_122.xml,PH1121126:204,BLUS:PH1121126:204:1,BLUS,VJ159,2026-07-21T17:28:00.000+05:45,Monday|Tuesday|Wednesday|Thursday|Friday,43,1
BODS_PH1121126_202_20260601_129.xml,PH1121126:202,BLUS:PH1121126:202:3,BLUS,VJ59,2026-07-21T07:05:00.000+05:45,Monday|Tuesday|Wednesday|Thursday|Friday,68,3
BODS_PH1121126_195_20260830_124.xml,PH1121126:195,BLUS:PH1121126:195:18,BLUS,VJ240,2026-07-21T18:45:00.000+05:45,Monday|Tuesday|Wednesday|Thursday|Friday,55,18
BODS_PH1121126_575_20260830_20.xml,PH1121126:575,BLUS:PH1121126:575:PR1,BLUS,VJ57,2026-07-21T09:40:00.000+05:45,Sunday,3,PR1
BODS_PH1121126_562_20260601_20.xml,PH1121126:562,BLUS:PH1121126:562:21,BLUS,VJ2,2026-07-21T10:10:00.000+05:45,Monday|Tuesday|Wednesday|Thursday|Friday,44,21
BODS_PH1121126_505_20260830_120.xml,PH1121126:505,BLUS:PH1121126:505:15,BLUS,VJ3,2026-07-21T08:55:00.000+05:45,Monday|Tuesday|Wednesday|Thursday|Friday,35,15
BODS_PH1121126_507_20260718_108.xml,PH1121126:507,BLUS:PH1121126:507:20,BLUS,VJ149,2026-07-21T00:05:00.000+05:45,Saturday,17,20
BODS_PH1121126_197_20260412_110.xml,PH1121126:197,BLUS:PH1121126:197:12,BLUS,VJ51,2026-07-21T07:50:00.000+05:45,Saturday,22,12
BODS_PH1121126_195_20260601_117.xml,PH1121126:195,BLUS:PH1121126:195:18,BLUS,VJ63,2026-07-21T10:33:00.000+05:45,Saturday,54,18
BODS_PH1121126_195_20260718_122.xml,PH1121126:195,BLUS:PH1121126:195:18,BLUS,VJ291,2026-07-21T12:05:00.000+05:45,Saturday,35,18
BODS_PH1121126_298_20260601_111.xml,PH1121126:298,BLUS:PH1121126:298:7,BLUS,VJ134,2026-07-21T08:35:00.000+05:45,Monday|Tuesday|Wednesday|Thursday|Friday,60,7
BODS_PH1121126_302_20260601_125.xml,PH1121126:302,BLUS:PH1121126:302:17,BLUS,VJ401,2026-07-21T17:45:00.000+05:45,Sunday,49,17
BODS_PH1121126_302_20260601_125.xml,PH1121126:302,BLUS:PH1121126:302:17,BLUS,VJ437,2026-07-21T18:30:00.000+05:45,Monday|Tuesday|Wednesday|Thursday|Friday,49,17
BODS_PH1121126_503_20260830_119.xml,PH1121126:503,BLUS:PH1121126:503:13,BLUS,VJ80,2026-07-21T13:36:00.000+05:45,Saturday,31,13
BODS_PH1121126_195_20260830_124.xml,PH1121126:195,BLUS:PH1121126:195:18,BLUS,VJ417,2026-07-21T23:05:00.000+05:45,Monday|Tuesday|Wednesday|Thursday|Friday,35,18
BODS_PH1121126_298_20260601_111.xml,PH1121126:298,BLUS:PH1121126:298:7,BLUS,VJ99,2026-07-21T07:40:00.000+05:45,Monday|Tuesday|Wednesday|Thursday|Friday,60,7
BODS_PH1121126_195_20260601_117.xml,PH1121126:195,BLUS:PH1121126:195:18,BLUS,VJ523,2026-07-21T23:35:00.000+05:45,Sunday,34,18
BODS_PH1121126_298_20260718_117.xml,PH1121126:298,BLUS:PH1121126:298:7,BLUS,VJ61,2026-07-21T17:05:00.000+05:45,Saturday,52,7
BODS_PH1121126_302_20260601_125.xml,PH1121126:302,BLUS:PH1121126:302:17,BLUS,VJ192,2026-07-21T08:55:00.000+05:45,Saturday,53,17
BODS_PH1121126_507_20260601_103.xml,PH1121126:507,BLUS:PH1121126:507:20,BLUS,VJ229,2026-07-21T10:40:00.000+05:45,Saturday,34,20
BODS_PH1121126_506_20260718_116.xml,PH1121126:506,BLUS:PH1121126:506:19,BLUS,VJ175,2026-07-21T21:58:00.000+05:45,Sunday,51,19
BODS_PH1121126_563_20260718_20.xml,PH1121126:563,BLUS:PH1121126:563:61,BLUS,VJ9,2026-07-21T13:05:00.000+05:45,Sunday,26,61
BODS_PH1121126_195_20260718_122.xml,PH1121126:195,BLUS:PH1121126:195:18,BLUS,VJ61,2026-07-21T10:13:00.000+05:45,Saturday,55,18
BODS_PH1121126_201_20260718_118.xml,PH1121126:201,BLUS:PH1121126:201:4,BLUS,VJ15,2026-07-21T10:25:00.000+05:45,Saturday,48,4
BODS_PH1121126_472_20260328_118.xml,PH1121126:472,BLUS:PH1121126:472:609,BLUS,VJ6,2026-07-21T11:15:00.000+05:45,Monday,33,609
BODS_PH1121126_196_20260601_118.xml,PH1121126:196,BLUS:PH1121126:196:16,BLUS,VJ231,2026-07-21T18:20:00.000+05:45,Monday|Tuesday|Wednesday|Thursday|Friday,26,16
BODS_PH1121126_298_20260830_119.xml,PH1121126:298,BLUS:PH1121126:298:7,BLUS,VJ98,2026-07-21T12:45:00.000+05:45,Saturday,56,7
BODS_PH1121126_562_20260718_25.xml,PH1121126:562,BLUS:PH1121126:562:21,BLUS,VJ5,2026-07-21T13:25:00.000+05:45,Monday|Tuesday|Wednesday|Thursday|Friday,45,21
BODS_PH1121126_529_20260830_83.xml,PH1121126:529,BLUS:PH1121126:529:24,BLUS,VJ12,2026-07-21T08:15:00.000+05:45,Monday|Tuesday|Wednesday|Thursday|Friday,36,24
BODS_PH1121126_507_20260830_110.xml,PH1121126:507,BLUS:PH1121126:507:20,BLUS,VJ147,2026-07-21T10:22:00.000+05:45,Sunday,17,20
BODS_PH1121126_302_20260830_132.xml,PH1121126:302,BLUS:PH1121126:302:17,BLUS,VJ98,2026-07-21T13:38:00.000+05:45,Monday|Tuesday|Wednesday|Thursday|Friday,54,17
BODS_PH1121126_195_20260830_124.xml,PH1121126:195,BLUS:PH1121126:195:18,BLUS,VJ171,2026-07-21T07:52:00.000+05:45,Sunday,55,18
BODS_PH1121126_504_20260601_111.xml,PH1121126:504,BLUS:PH1121126:504:14,BLUS,VJ24,2026-07-21T14:55:00.000+05:45,Saturday,31,14
BODS_PH1121126_507_20260830_110.xml,PH1121126:507,BLUS:PH1121126:507:20,BLUS,VJ168,2026-07-21T11:55:00.000+05:45,Monday|Tuesday|Wednesday|Thursday|Friday,35,20
BODS_PH1121126_505_20260718_118.xml,PH1121126:505,BLUS:PH1121126:505:15,BLUS,VJ115,2026-07-21T12:12:00.000+05:45,Saturday,32,15
BODS_PH1121126_195_20260601_117.xml,PH1121126:195,BLUS:PH1121126:195:18,BLUS,VJ197,2026-07-21T14:12:00.000+05:45,Monday|Tuesday|Wednesday|Thursday|Friday,54,18
BODS_PH1121126_298_20260718_117.xml,PH1121126:298,BLUS:PH1121126:298:7,BLUS,VJ5,2026-07-21T09:35:00.000+05:45,Monday|Tuesday|Wednesday|Thursday|Friday,52,7
BODS_PH1121126_506_20260718_116.xml,PH1121126:506,BLUS:PH1121126:506:19a,BLUS,VJ287,2026-07-21T13:23:00.000+05:45,Saturday,51,19a
BODS_PH1121126_202_20260601_129.xml,PH1121126:202,BLUS:PH1121126:202:3,BLUS,VJ39,2026-07-21T11:25:00.000+05:45,Saturday,68,3
BODS_PH1121126_503_20260718_117.xml,PH1121126:503,BLUS:PH1121126:503:13,BLUS,VJ68,2026-07-21T19:10:00.000+05:45,Saturday,21,13
BODS_PH1121126_195_20260601_117.xml,PH1121126:195,BLUS:PH1121126:195:18,BLUS,VJ385,2026-07-21T07:38:00.000+05:45,Monday|Tuesday|Wednesday|Thursday|Friday,34,18
BODS_PH1121126_195_20260601_117.xml,PH1121126:195,BLUS:PH1121126:195:18,BLUS,VJ76,2026-07-21T12:43:00.000+05:45,Saturday,54,18
BODS_PH1121126_507_20260718_108.xml,PH1121126:507,BLUS:PH1121126:507:20,BLUS,VJ215,2026-07-21T18:55:00.000+05:45,Monday|Tuesday|Wednesday|Thursday|Friday,35,20
BODS_PH1121126_195_20260718_122.xml,PH1121126:195,BLUS:PH1121126:195:18,BLUS,VJ278,2026-07-21T09:55:00.000+05:45,Saturday,35,18
BODS_PH1121126_504_20260601_111.xml,PH1121126:504,BLUS:PH1121126:504:14,BLUS,VJ103,2026-07-21T08:30:00.000+05:45,Sunday,41,14
BODS_PH1121126_475_20260830_109.xml,PH1121126:475,BLUS:PH1121126:475:627,BLUS,VJ4,2026-07-21T09:15:00.000+05:45,Monday,19,627
BODS_PH1121126_203_20260830_125.xml,PH1121126:203,BLUS:PH1121126:203:2,BLUS,VJ226,2026-07-21T20:13:00.000+05:45,Monday|Tuesday|Wednesday|Thursday|Friday,61,2
BODS_PH1121126_197_20260718_113.xml,PH1121126:197,BLUS:PH1121126:197:12,BLUS,VJ6,2026-07-21T13:40:00.000+05:45,Saturday,22,12
BODS_PH1121126_298_20260718_117.xml,PH1121126:298,BLUS:PH1121126:298:7,BLUS,VJ72,2026-07-21T12:34:00.000+05:45,Sunday,46,7
BODS_PH1121126_506_20260601_111.xml,PH1121126:506,BLUS:PH1121126:506:19,BLUS,VJ270,2026-07-21T10:00:00.000+05:45,Sunday,51,19
BODS_PH1121126_204_20260718_122.xml,PH1121126:204,BLUS:PH1121126:204:1,BLUS,VJ89,2026-07-21T13:10:00.000+05:45,Monday|Tuesday|Wednesday|Thursday|Friday,43,1
BODS_PH1121126_201_20260601_113.xml,PH1121126:201,BLUS:PH1121126:201:4,BLUS,VJ119,2026-07-21T20:15:00.000+05:45,Saturday,48,4
BODS_PH1121126_195_20260718_122.xml,PH1121126:195,BLUS:PH1121126:195:18,BLUS,VJ219,2026-07-21T14:48:00.000+05:45,Monday|Tuesday|Wednesday|Thursday|Friday,55,18
BODS_UZ000BLUS_6_20260830_1.xml,UZ000BLUS:6,BLUS:UZ000BLUS:6:6,BLUS,VJ41,2026-07-21T07:02:00.000+05:45,Monday|Tuesday|Wednesday|Thursday|Friday,20,6
BODS_PH1121126_201_20260830_120.xml,PH1121126:201,BLUS:PH1121126:201:4,BLUS,VJ109,2026-07-21T12:20:00.000+05:45,Sunday,48,4
BODS_PH1121126_198_20260412_111.xml,PH1121126:198,BLUS:PH1121126:198:9,BLUS,VJ49,2026-07-21T13:55:00.000+05:45,Monday|Tuesday|Wednesday|Thursday|Friday,42,9
BODS_PH1121126_505_20260601_113.xml,PH1121126:505,BLUS:PH1121126:505:15,BLUS,VJ118,2026-07-21T16:22:00.000+05:45,Monday|Tuesday|Wednesday|Thursday|Friday,32,15
BODS_PH1121126_503_20260718_117.xml,PH1121126:503,BLUS:PH1121126:503:13,BLUS,VJ45,2026-07-21T15:03:00.000+05:45,Saturday,21,13
BODS_PH1121126_507_20260601_103.xml,PH1121126:507,BLUS:PH1121126:507:20,BLUS,VJ163,2026-07-21T10:40:00.000+05:45,Monday|Tuesday|Wednesday|Thursday|Friday,34,20
BODS_PH1121126_203_20260830_125.xml,PH1121126:203,BLUS:PH1121126:203:2,BLUS,VJ223,2026-07-21T16:50:00.000+05:45,Sunday,61,2
BODS_PH1121126_197_20260718_113.xml,PH1121126:197,BLUS:PH1121126:197:12,BLUS,VJ62,2026-07-21T15:40:00.000+05:45,Monday|Tuesday|Wednesday|Thursday|Friday,22,12
BODS_PH1121126_503_20260830_119.xml,PH1121126:503,BLUS:PH1121126:503:13,BLUS,VJ73,2026-07-21T10:06:00.000+05:45,Saturday,31,13
BODS_PH1121126_202_20260830_136.xml,PH1121126:202,BLUS:PH1121126:202:3,BLUS,VJ56,2026-07-21T15:35:00.000+05:45,Monday|Tuesday|Wednesday|Thursday|Friday,67,3
BODS_PH1121126_197_20260830_115.xml,PH1121126:197,BLUS:PH1121126:197:12,BLUS,VJ154,2026-07-21T18:55:00.000+05:45,Monday|Tuesday|Wednesday|Thursday|Friday,31,12
BODS_PH1121126_575_20260830_20.xml,PH1121126:575,BLUS:PH1121126:575:PR1,BLUS,VJ122,2026-07-21T14:30:00.000+05:45,Sunday,2,PR1
BODS_PH1121126_196_20260601_118.xml,PH1121126:196,BLUS:PH1121126:196:16,BLUS,VJ86,2026-07-21T06:15:00.000+05:45,Monday|Tuesday|Wednesday|Thursday|Friday,18,16
BODS_PH1121126_505_20260718_118.xml,PH1121126:505,BLUS:PH1121126:505:15,BLUS,VJ67,2026-07-21T08:15:00.000+05:45,Saturday,35,15
BODS_PH1121126_507_20260718_108.xml,PH1121126:507,BLUS:PH1121126:507:20,BLUS,VJ200,2026-07-21T14:42:00.000+05:45,Saturday,35,20
BODS_PH1121126_195_20260718_122.xml,PH1121126:195,BLUS:PH1121126:195:18,BLUS,VJ311,2026-07-21T10:15:00.000+05:45,Monday|Tuesday|Wednesday|Thursday|Friday,35,18
BODS_PH1121126_197_20260718_113.xml,PH1121126:197,BLUS:PH1121126:197:12,BLUS,VJ235,2026-07-21T08:45:00.000+05:45,Saturday,33,12
BODS_PH1121126_575_20260830_20.xml,PH1121126:575,BLUS:PH1121126:575:PR2,BLUS,VJ73,2026-07-21T11:30:00.000+05:45,Monday|Tuesday|Wednesday|Thursday|Friday|Saturday|Sunday,1,PR2
BODS_PH1121126_203_20260601_118.xml,PH1121126:203,BLUS:PH1121126:203:2,BLUS,VJ138,2026-07-21T21:50:00.000+05:45,Saturday,35,2
BODS_PH1121126_420_20260830_123.xml,PH1121126:420,BLUS:PH1121126:420:613,BLUS,VJ12,2026-07-21T16:10:00.000+05:45,Monday|Tuesday|Wednesday|Thursday|Friday,40,613
BODS_PH1121126_204_20260718_122.xml,PH1121126:204,BLUS:PH1121126:204:1,BLUS,VJ289,2026-07-21T11:20:00.000+05:45,Monday|Tuesday|Wednesday|Thursday|Friday,47,1
BODS_PH1121126_196_20260601_118.xml,PH1121126:196,BLUS:PH1121126:196:16,BLUS,VJ46,2026-07-21T09:50:00.000+05:45,Saturday,18,16
BODS_PH1121126_507_20260830_110.xml,PH1121126:507,BLUS:PH1121126:507:20,BLUS,VJ120,2026-07-21T21:35:00.000+05:45,Monday|Tuesday|Wednesday|Thursday|Friday,17,20
BODS_PH1121126_302_20260830_132.xml,PH1121126:302,BLUS:PH1121126:302:17,BLUS,VJ311,2026-07-21T09:40:00.000+05:45,Monday|Tuesday|Wednesday|Thursday|Friday,50,17
BODS_PH1121126_198_20260412_111.xml,PH1121126:198,BLUS:PH1121126:198:9,BLUS,VJ56,2026-07-21T10:40:00.000+05:45,Sunday,47,9
BODS_PH1121126_198_20260830_116.xml,PH1121126:198,BLUS:PH1121126:198:9,BLUS,VJ40,2026-07-21T17:10:00.000+05:45,Sunday,42,9
BODS_PH1121126_471_20260328_118.xml,PH1121126:471,BLUS:PH1121126:471:610,BLUS,VJ3,2026-07-21T09:25:00.000+05:45,Tuesday|Wednesday|Thursday|Friday,30,610
BODS_PH1121126_196_20260601_118.xml,PH1121126:196,BLUS:PH1121126:196:16,BLUS,VJ127,2026-07-21T10:30:00.000+05:45,Saturday,26,16
BODS_PH1121126_507_20260718_108.xml,PH1121126:507,BLUS:PH1121126:507:20,BLUS,VJ174,2026-07-21T13:25:00.000+05:45,Monday|Tuesday|Wednesday|Thursday|Friday,35,20
BODS_PH1121126_201_20260830_120.xml,PH1121126:201,BLUS:PH1121126:201:4,BLUS,VJ120,2026-07-21T21:15:00.000+05:45,Saturday,48,4
BODS_PH1121126_196_20260830_125.xml,PH1121126:196,BLUS:PH1121126:196:16,BLUS,VJ4,2026-07-21T10:10:00.000+05:45,Saturday,36,16
BODS_PH1121126_506_20260830_118.xml,PH1121126:506,BLUS:PH1121126:506:19a,BLUS,VJ298,2026-07-21T13:55:00.000+05:45,Saturday,51,19a
BODS_PH1121126_201_20260718_118.xml,PH1121126:201,BLUS:PH1121126:201:4,BLUS,VJ53,2026-07-21T19:20:00.000+05:45,Saturday,48,4
BODS_PH1121126_506_20260718_116.xml,PH1121126:506,BLUS:PH1121126:506:19,BLUS,VJ209,2026-07-21T14:42:00.000+05:45,Monday|Tuesday|Wednesday|Thursday|Friday,52,19
BODS_PH1121126_198_20260718_114.xml,PH1121126:198,BLUS:PH1121126:198:9,BLUS,VJ81,2026-07-21T10:35:00.000+05:45,Monday|Tuesday|Wednesday|Thursday|Friday,41,9
BODS_PH1121126_506_20260830_118.xml,PH1121126:506,BLUS:PH1121126:506:19,BLUS,VJ223,2026-07-21T05:05:00.000+05:45,Saturday,52,19
BODS_PH1121126_302_20260830_132.xml,PH1121126:302,BLUS:PH1121126:302:17,BLUS,VJ294,2026-07-21T15:40:00.000+05:45,Saturday,50,17
BODS_PH1121126_197_20260718_113.xml,PH1121126:197,BLUS:PH1121126:197:11,BLUS,VJ87,2026-07-21T09:10:00.000+05:45,Monday|Tuesday|Wednesday|Thursday|Friday,20,11
BODS_PH1121126_197_20260830_115.xml,PH1121126:197,BLUS:PH1121126:197:11,BLUS,VJ285,2026-07-21T14:57:00.000+05:45,Sunday,32,11
BODS_PH1121126_197_20260718_113.xml,PH1121126:197,BLUS:PH1121126:197:11,BLUS,VJ253,2026-07-21T11:24:00.000+05:45,Saturday,32,11
BODS_PH1121126_507_20260718_108.xml,PH1121126:507,BLUS:PH1121126:507:20,BLUS,VJ93,2026-07-21T10:03:00.000+05:45,Saturday,17,20
BODS_PH1121126_195_20260718_122.xml,PH1121126:195,BLUS:PH1121126:195:18,BLUS,VJ5,2026-07-21T09:58:00.000+05:45,Sunday,55,18
BODS_PH1121126_203_20260601_118.xml,PH1121126:203,BLUS:PH1121126:203:2,BLUS,VJ41,2026-07-21T12:40:00.000+05:45,Monday|Tuesday|Wednesday|Thursday|Friday,50,2
BODS_PH1121126_575_20260718_18.xml,PH1121126:575,BLUS:PH1121126:575:PR1,BLUS,VJ21,2026-07-21T16:40:00.000+05:45,Saturday,3,PR1
BODS_PH1121126_196_20260830_125.xml,PH1121126:196,BLUS:PH1121126:196:16,BLUS,VJ92,2026-07-21T17:02:00.000+05:45,Saturday,43,16
BODS_PH1121126_298_20260601_111.xml,PH1121126:298,BLUS:PH1121126:298:7,BLUS,VJ57,2026-07-21T15:05:00.000+05:45,Saturday,51,7
BODS_UZ000BLUS_6_20260830_1.xml,UZ000BLUS:6,BLUS:UZ000BLUS:6:6,BLUS,VJ72,2026-07-21T12:47:00.000+05:45,Saturday,27,6
BODS_PH1121126_197_20260830_115.xml,PH1121126:197,BLUS:PH1121126:197:12,BLUS,VJ228,2026-07-21T17:03:00.000+05:45,Monday|Tuesday|Wednesday|Thursday|Friday,33,12
BODS_PH1121126_198_20260412_111.xml,PH1121126:198,BLUS:PH1121126:198:9,BLUS,VJ46,2026-07-21T06:15:00.000+05:45,Monday|Tuesday|Wednesday|Thursday|Friday,42,9
BODS_PH1121126_529_20260718_81.xml,PH1121126:529,BLUS:PH1121126:529:424,BLUS,VJ37,2026-07-21T07:32:00.000+05:45,Monday|Tuesday|Wednesday|Thursday|Friday,49,424
BODS_PH1121126_204_20260830_124.xml,PH1121126:204,BLUS:PH1121126:204:1,BLUS,VJ288,2026-07-21T11:10:00.000+05:45,Monday|Tuesday|Wednesday|Thursday|Friday,47,1
BODS_PH1121126_338_20260412_110.xml,PH1121126:338,BLUS:PH1121126:338:T3,BLUS,VJ3,2026-07-21T13:15:00.000+05:45,Wednesday|Thursday,55,T3
BODS_PH1121126_302_20260718_130.xml,PH1121126:302,BLUS:PH1121126:302:17,BLUS,VJ53,2026-07-21T16:06:00.000+05:45,Monday|Tuesday|Wednesday|Thursday|Friday,54,17
BODS_PH1121126_195_20260601_117.xml,PH1121126:195,BLUS:PH1121126:195:18,BLUS,VJ364,2026-07-21T16:30:00.000+05:45,Monday|Tuesday|Wednesday|Thursday|Friday,34,18
BODS_PH1121126_302_20260830_132.xml,PH1121126:302,BLUS:PH1121126:302:N17,BLUS,VJ254,2026-07-21T03:02:00.000+05:45,Monday|Tuesday|Wednesday|Thursday|Friday,59,N17
BODS_PH1121126_506_20260718_116.xml,PH1121126:506,BLUS:PH1121126:506:19a,BLUS,VJ119,2026-07-21T20:55:00.000+05:45,Saturday,49,19a
BODS_PH1121126_474_20260328_110.xml,PH1121126:474,BLUS:PH1121126:474:611,BLUS,VJ9,2026-07-21T14:25:00.000+05:45,Monday|Tuesday|Wednesday|Thursday|Friday,26,611
BODS_PH1121126_196_20260718_123.xml,PH1121126:196,BLUS:PH1121126:196:16,BLUS,VJ196,2026-07-21T16:08:00.000+05:45,Monday|Tuesday|Wednesday|Thursday|Friday,28,16
BODS_PH1121126_302_20260601_125.xml,PH1121126:302,BLUS:PH1121126:302:17,BLUS,VJ381,2026-07-21T20:30:00.000+05:45,Saturday,49,17
BODS_PH1121126_505_20260601_113.xml,PH1121126:505,BLUS:PH1121126:505:15,BLUS,VJ140,2026-07-21T07:00:00.000+05:45,Monday|Tuesday|Wednesday|Thursday|Friday,32,15
BODS_PH1121126_195_20260601_117.xml,PH1121126:195,BLUS:PH1121126:195:18,BLUS,VJ495,2026-07-21T15:17:00.000+05:45,Sunday,34,18
BODS_PH1121126_195_20260601_117.xml,PH1121126:195,BLUS:PH1121126:195:18,BLUS,VJ142,2026-07-21T08:02:00.000+05:45,Monday|Tuesday|Wednesday|Thursday|Friday,54,18
BODS_PH1121126_203_20260601_118.xml,PH1121126:203,BLUS:PH1121126:203:2,BLUS,VJ265,2026-07-21T08:15:00.000+05:45,Saturday,60,2
BODS_PH1121126_195_20260601_117.xml,PH1121126:195,BLUS:PH1121126:195:18,BLUS,VJ95,2026-07-21T16:17:00.000+05:45,Saturday,54,18
BODS_PH1121126_561_20260718_23.xml,PH1121126:561,BLUS:PH1121126:561:22,BLUS,VJ4,2026-07-21T13:10:00.000+05:45,Tuesday|Thursday,27,22
BODS_PH1121126_198_20260830_116.xml,PH1121126:198,BLUS:PH1121126:198:9,BLUS,VJ195,2026-07-21T09:35:00.000+05:45,Saturday,43,9
BODS_PH1121126_506_20260718_116.xml,PH1121126:506,BLUS:PH1121126:506:19a,BLUS,VJ361,2026-07-21T17:38:00.000+05:45,Sunday,50,19a
BODS_PH1121126_195_20260718_122.xml,PH1121126:195,BLUS:PH1121126:195:18,BLUS,VJ73,2026-07-21T12:13:00.000+05:45,Saturday,55,18
BODS_PH1121126_302_20260718_130.xml,PH1121126:302,BLUS:PH1121126:302:17,BLUS,VJ419,2026-07-21T22:55:00.000+05:45,Saturday,50,17
BODS_PH1121126_302_20260718_130.xml,PH1121126:302,BLUS:PH1121126:302:17,BLUS,VJ375,2026-07-21T17:20:00.000+05:45,Saturday,50,17
BODS_PH1121126_302_20260830_132.xml,PH1121126:302,BLUS:PH1121126:302:17,BLUS,VJ35,2026-07-21T13:45:00.000+05:45,Sunday,54,17
BODS_PH1121126_507_20260830_110.xml,PH1121126:507,BLUS:PH1121126:507:20,BLUS,VJ205,2026-07-21T15:57:00.000+05:45,Saturday,35,20
BODS_PH1121126_204_20260601_117.xml,PH1121126:204,BLUS:PH1121126:204:1,BLUS,VJ54,2026-07-21T16:10:00.000+05:45,Saturday,42,1
BODS_PH1121126_504_20260601_111.xml,PH1121126:504,BLUS:PH1121126:504:14,BLUS,VJ20,2026-07-21T12:55:00.000+05:45,Saturday,31,14
BODS_PH1121126_506_20260830_118.xml,PH1121126:506,BLUS:PH1121126:506:19,BLUS,VJ229,2026-07-21T14:42:00.000+05:45,Monday|Tuesday|Wednesday|Thursday|Friday,52,19
BODS_PH1121126_200_20260718_118.xml,PH1121126:200,BLUS:PH1121126:200:5,BLUS,VJ82,2026-07-21T10:25:00.000+05:45,Monday|Tuesday|Wednesday|Thursday|Friday,42,5
BODS_PH1121126_195_20260718_122.xml,PH1121126:195,BLUS:PH1121126:195:18,BLUS,VJ381,2026-07-21T20:57:00.000+05:45,Saturday,35,18
BODS_PH1121126_183_20260830_131.xml,PH1121126:183,BLUS:PH1121126:183:634,BLUS,VJ1,2026-07-21T07:51:00.000+05:45,Monday|Tuesday|Wednesday|Thursday|Friday,30,634
BODS_PH1121126_503_20260830_119.xml,PH1121126:503,BLUS:PH1121126:503:13,BLUS,VJ4,2026-07-21T10:10:00.000+05:45,Saturday,21,13
BODS_PH1121126_504_20260718_116.xml,PH1121126:504,BLUS:PH1121126:504:14,BLUS,VJ4,2026-07-21T10:25:00.000+05:45,Monday|Tuesday|Wednesday|Thursday|Friday,31,14
BODS_PH1121126_575_20260718_18.xml,PH1121126:575,BLUS:PH1121126:575:PR1,BLUS,VJ99,2026-07-21T14:30:00.000+05:45,Saturday,2,PR1
BODS_PH1121126_507_20260718_108.xml,PH1121126:507,BLUS:PH1121126:507:20,BLUS,VJ82,2026-07-21T16:30:00.000+05:45,Monday|Tuesday|Wednesday|Thursday|Friday,17,20
BODS_PH1121126_298_20260601_111.xml,PH1121126:298,BLUS:PH1121126:298:7,BLUS,VJ135,2026-07-21T18:42:00.000+05:45,Saturday,60,7
BODS_PH1121126_298_20260830_119.xml,PH1121126:298,BLUS:PH1121126:298:7,BLUS,VJ59,2026-07-21T22:35:00.000+05:45,Monday|Tuesday|Wednesday|Thursday|Friday,57,7
BODS_PH1121126_196_20260601_118.xml,PH1121126:196,BLUS:PH1121126:196:16,BLUS,VJ118,2026-07-21T17:05:00.000+05:45,Sunday,31,16
BODS_PH1121126_202_20260601_129.xml,PH1121126:202,BLUS:PH1121126:202:3,BLUS,VJ18,2026-07-21T08:55:00.000+05:45,Saturday,70,3
BODS_PH1121126_237_20260412_115.xml,PH1121126:237,BLUS:PH1121126:237:QC,BLUS,VJ4,2026-07-21T08:20:00.000+05:45,Monday|Tuesday|Wednesday|Thursday|Friday,6,QC
BODS_PH1121126_506_20260830_118.xml,PH1121126:506,BLUS:PH1121126:506:19,BLUS,VJ81,2026-07-21T05:38:00.000+05:45,Monday|Tuesday|Wednesday|Thursday|Friday,51,19
BODS_PH1121126_196_20260718_123.xml,PH1121126:196,BLUS:PH1121126:196:16,BLUS,VJ202,2026-07-21T17:50:00.000+05:45,Monday|Tuesday|Wednesday|Thursday|Friday,28,16
BODS_PH1121126_505_20260830_120.xml,PH1121126:505,BLUS:PH1121126:505:15,BLUS,VJ22,2026-07-21T14:35:00.000+05:45,Saturday,35,15
BODS_PH1121126_203_20260601_118.xml,PH1121126:203,BLUS:PH1121126:203:2,BLUS,VJ167,2026-07-21T09:07:00.000+05:45,Monday|Tuesday|Wednesday|Thursday|Friday,60,2
BODS_PH1121126_198_20260830_116.xml,PH1121126:198,BLUS:PH1121126:198:9,BLUS,VJ128,2026-07-21T16:49:00.000+05:45,Saturday,48,9
BODS_PH1121126_503_20260718_117.xml,PH1121126:503,BLUS:PH1121126:503:13,BLUS,VJ15,2026-07-21T16:45:00.000+05:45,Monday|Tuesday|Wednesday|Thursday|Friday,21,13
BODS_PH1121126_201_20260601_113.xml,PH1121126:201,BLUS:PH1121126:201:4,BLUS,VJ96,2026-07-21T12:32:00.000+05:45,Saturday,48,4
BODS_PH1121126_203_20260830_125.xml,PH1121126:203,BLUS:PH1121126:203:2,BLUS,VJ103,2026-07-21T14:55:00.000+05:45,Monday|Tuesday|Wednesday|Thursday|Friday,51,2
BODS_PH1121126_502_20260328_107.xml,PH1121126:502,BLUS:PH1121126:502:10,BLUS,VJ6,2026-07-21T07:13:00.000+05:45,Saturday,23,10
BODS_PH1121126_506_20260830_118.xml,PH1121126:506,BLUS:PH1121126:506:19,BLUS,VJ52,2026-07-21T18:20:00.000+05:45,Sunday,51,19
BODS_PH1121126_302_20260718_130.xml,PH1121126:302,BLUS:PH1121126:302:17,BLUS,VJ273,2026-07-21T09:10:00.000+05:45,Monday|Tuesday|Wednesday|Thursday|Friday,50,17
BODS_PH1121126_203_20260601_118.xml,PH1121126:203,BLUS:PH1121126:203:2,BLUS,VJ44,2026-07-21T13:25:00.000+05:45,Monday|Tuesday|Wednesday|Thursday|Friday,50,2
BODS_PH1121126_195_20260718_122.xml,PH1121126:195,BLUS:PH1121126:195:18,BLUS,VJ519,2026-07-21T07:45:00.000+05:45,Sunday,35,18
BODS_PH1121126_195_20260718_122.xml,PH1121126:195,BLUS:PH1121126:195:18,BLUS,VJ242,2026-07-21T22:22:00.000+05:45,Saturday,29,18
BODS_PH1121126_204_20260718_122.xml,PH1121126:204,BLUS:PH1121126:204:1,BLUS,VJ99,2026-07-21T11:40:00.000+05:45,Sunday,43,1
BODS_PH1121126_504_20260601_111.xml,PH1121126:504,BLUS:PH1121126:504:14,BLUS,VJ86,2026-07-21T09:32:00.000+05:45,Saturday,41,14
BODS_PH1121126_196_20260830_125.xml,PH1121126:196,BLUS:PH1121126:196:16,BLUS,VJ98,2026-07-21T11:31:00.000+05:45,Monday|Tuesday|Wednesday|Thursday|Friday,43,16
BODS_PH1121126_204_20260718_122.xml,PH1121126:204,BLUS:PH1121126:204:1,BLUS,VJ244,2026-07-21T13:10:00.000+05:45,Saturday,47,1
BODS_PH1121126_506_20260718_116.xml,PH1121126:506,BLUS:PH1121126:506:19a,BLUS,VJ184,2026-07-21T17:50:00.000+05:45,Sunday,48,19a
BODS_PH1121126_196_20260718_123.xml,PH1121126:196,BLUS:PH1121126:196:16,BLUS,VJ4,2026-07-21T08:00:00.000+05:45,Monday|Tuesday|Wednesday|Thursday|Friday,18,16
BODS_PH1121126_302_20260830_132.xml,PH1121126:302,BLUS:PH1121126:302:17,BLUS,VJ404,2026-07-21T15:51:00.000+05:45,Monday|Tuesday|Wednesday|Thursday|Friday,50,17
BODS_PH1121126_506_20260718_116.xml,PH1121126:506,BLUS:PH1121126:506:19a,BLUS,VJ86,2026-07-21T11:15:00.000+05:45,Saturday,49,19a
BODS_PH1121126_237_20260718_118.xml,PH1121126:237,BLUS:PH1121126:237:QC,BLUS,VJ79,2026-07-21T17:00:00.000+05:45,Saturday,6,QC
BODS_PH1121126_203_20260830_125.xml,PH1121126:203,BLUS:PH1121126:203:2,BLUS,VJ264,2026-07-21T09:25:00.000+05:45,Saturday,61,2
BODS_PH1121126_302_20260830_132.xml,PH1121126:302,BLUS:PH1121126:302:17,BLUS,VJ117,2026-07-21T20:32:00.000+05:45,Monday|Tuesday|Wednesday|Thursday|Friday,54,17
BODS_PH1121126_204_20260601_117.xml,PH1121126:204,BLUS:PH1121126:204:1,BLUS,VJ143,2026-07-21T17:12:00.000+05:45,Monday|Tuesday|Wednesday|Thursday|Friday,42,1
BODS_PH1121126_195_20260601_117.xml,PH1121126:195,BLUS:PH1121126:195:18,BLUS,VJ240,2026-07-21T18:45:00.000+05:45,Monday|Tuesday|Wednesday|Thursday|Friday,54,18
BODS_PH1121126_504_20260601_111.xml,PH1121126:504,BLUS:PH1121126:504:14,BLUS,VJ14,2026-07-21T09:55:00.000+05:45,Saturday,31,14
BODS_PH1121126_504_20260601_111.xml,PH1121126:504,BLUS:PH1121126:504:14,BLUS,VJ58,2026-07-21T18:25:00.000+05:45,Saturday,31,14
BODS_PH1121126_204_20260830_124.xml,PH1121126:204,BLUS:PH1121126:204:1,BLUS,VJ202,2026-07-21T23:10:00.000+05:45,Sunday,43,1
BODS_PH1121126_504_20260718_116.xml,PH1121126:504,BLUS:PH1121126:504:14,BLUS,VJ23,2026-07-21T14:25:00.000+05:45,Saturday,31,14
BODS_PH1121126_204_20260718_122.xml,PH1121126:204,BLUS:PH1121126:204:1,BLUS,VJ2,2026-07-21T06:10:00.000+05:45,Monday|Tuesday|Wednesday|Thursday|Friday,45,1
BODS_PH1121126_201_20260830_120.xml,PH1121126:201,BLUS:PH1121126:201:4,BLUS,VJ13,2026-07-21T09:25:00.000+05:45,Saturday,48,4
BODS_PH1121126_506_20260830_118.xml,PH1121126:506,BLUS:PH1121126:506:19,BLUS,VJ1,2026-07-21T08:01:00.000+05:45,Monday|Tuesday|Wednesday|Thursday|Friday,51,19
BODS_PH1121126_195_20260601_117.xml,PH1121126:195,BLUS:PH1121126:195:18,BLUS,VJ61,2026-07-21T10:13:00.000+05:45,Saturday,54,18
BODS_PH1121126_298_20260601_111.xml,PH1121126:298,BLUS:PH1121126:298:7,BLUS,VJ16,2026-07-21T16:05:00.000+05:45,Monday|Tuesday|Wednesday|Thursday|Friday,51,7
BODS_PH1121126_302_20260718_130.xml,PH1121126:302,BLUS:PH1121126:302:17,BLUS,VJ70,2026-07-21T17:09:00.000+05:45,Monday|Tuesday|Wednesday|Thursday|Friday,54,17
BODS_PH1121126_203_20260830_125.xml,PH1121126:203,BLUS:PH1121126:203:2,BLUS,VJ172,2026-07-21T10:27:00.000+05:45,Monday|Tuesday|Wednesday|Thursday|Friday,61,2
BODS_PH1121126_204_20260718_122.xml,PH1121126:204,BLUS:PH1121126:204:1,BLUS,VJ127,2026-07-21T14:36:00.000+05:45,Monday|Tuesday|Wednesday|Thursday|Friday,43,1
BODS_PH1121126_561_20260718_23.xml,PH1121126:561,BLUS:PH1121126:561:22,BLUS,VJ2,2026-07-21T10:05:00.000+05:45,Tuesday|Thursday,27,22
BODS_PH1121126_195_20260718_122.xml,PH1121126:195,BLUS:PH1121126:195:18,BLUS,VJ304,2026-07-21T14:12:00.000+05:45,Saturday,35,18
BODS_PH1121126_199_20260412_113.xml,PH1121126:199,BLUS:PH1121126:199:8,BLUS,VJ33,2026-07-21T08:45:00.000+05:45,Saturday,52,8
BODS_PH1121126_202_20260830_136.xml,PH1121126:202,BLUS:PH1121126:202:3,BLUS,VJ55,2026-07-21T16:40:00.000+05:45,Monday|Tuesday|Wednesday|Thursday|Friday,67,3
BODS_PH1121126_504_20260601_111.xml,PH1121126:504,BLUS:PH1121126:504:14,BLUS,VJ10,2026-07-21T13:25:00.000+05:45,Monday|Tuesday|Wednesday|Thursday|Friday,31,14
BODS_PH1121126_507_20260830_110.xml,PH1121126:507,BLUS:PH1121126:507:20,BLUS,VJ213,2026-07-21T17:57:00.000+05:45,Saturday,35,20
BODS_PH1121126_506_20260718_116.xml,PH1121126:506,BLUS:PH1121126:506:19,BLUS,VJ43,2026-07-21T14:02:00.000+05:45,Monday|Tuesday|Wednesday|Thursday|Friday,51,19
BODS_PH1121126_502_20260830_112.xml,PH1121126:502,BLUS:PH1121126:502:10,BLUS,VJ22,2026-07-21T10:36:00.000+05:45,Monday|Tuesday|Wednesday|Thursday|Friday,33,10
BODS_PH1121126_529_20260718_81.xml,PH1121126:529,BLUS:PH1121126:529:24,BLUS,VJ15,2026-07-21T14:15:00.000+05:45,Monday|Tuesday|Wednesday|Thursday|Friday,36,24
BODS_PH1121126_503_20260328_110.xml,PH1121126:503,BLUS:PH1121126:503:13,BLUS,VJ64,2026-07-21T20:10:00.000+05:45,Sunday,21,13
BODS_PH1121126_298_20260718_117.xml,PH1121126:298,BLUS:PH1121126:298:7,BLUS,VJ1,2026-07-21T06:00:00.000+05:45,Monday|Tuesday|Wednesday|Thursday|Friday,13,7
BODS_PH1121126_204_20260718_122.xml,PH1121126:204,BLUS:PH1121126:204:1,BLUS,VJ129,2026-07-21T15:00:00.000+05:45,Monday|Tuesday|Wednesday|Thursday|Friday,43,1
BODS_PH1121126_195_20260601_117.xml,PH1121126:195,BLUS:PH1121126:195:N18,BLUS,VJ254,2026-07-21T04:08:00.000+05:45,Saturday,29,N18
BODS_PH1121126_198_20260412_111.xml,PH1121126:198,BLUS:PH1121126:198:9,BLUS,VJ30,2026-07-21T10:55:00.000+05:45,Monday|Tuesday|Wednesday|Thursday|Friday,42,9
BODS_PH1121126_505_20260718_118.xml,PH1121126:505,BLUS:PH1121126:505:15,BLUS,VJ98,2026-07-21T06:35:00.000+05:45,Monday|Tuesday|Wednesday|Thursday|Friday,32,15
BODS_PH1121126_298_20260601_111.xml,PH1121126:298,BLUS:PH1121126:298:7,BLUS,VJ50,2026-07-21T11:35:00.000+05:45,Saturday,51,7
BODS_PH1121126_575_20260830_20.xml,PH1121126:575,BLUS:PH1121126:575:PR2,BLUS,VJ162,2026-07-21T18:10:00.000+05:45,Monday|Tuesday|Wednesday|Thursday|Friday|Saturday|Sunday,1,PR2
BODS_PH1121126_200_20260328_115.xml,PH1121126:200,BLUS:PH1121126:200:5,BLUS,VJ29,2026-07-21T14:33:00.000+05:45,Saturday,9,5
BODS_PH1121126_204_20260601_117.xml,PH1121126:204,BLUS:PH1121126:204:1,BLUS,VJ357,2026-07-21T22:20:00.000+05:45,Saturday,46,1
BODS_PH1121126_237_20260412_115.xml,PH1121126:237,BLUS:PH1121126:237:QC,BLUS,VJ77,2026-07-21T15:50:00.000+05:45,Saturday,6,QC
BODS_PH1121126_575_20260718_18.xml,PH1121126:575,BLUS:PH1121126:575:PR1,BLUS,VJ52,2026-07-21T19:10:00.000+05:45,Saturday,3,PR1
BODS_PH1121126_204_20260830_124.xml,PH1121126:204,BLUS:PH1121126:204:1,BLUS,VJ341,2026-07-21T23:20:00.000+05:45,Monday|Tuesday|Wednesday|Thursday|Friday,47,1
BODS_PH1121126_298_20260601_111.xml,PH1121126:298,BLUS:PH1121126:298:7,BLUS,VJ6,2026-07-21T10:05:00.000+05:45,Monday|Tuesday|Wednesday|Thursday|Friday,51,7
BODS_PH1121126_302_20260718_130.xml,PH1121126:302,BLUS:PH1121126:302:17,BLUS,VJ446,2026-07-21T11:10:00.000+05:45,Sunday,50,17
BODS_PH1121126_204_20260718_122.xml,PH1121126:204,BLUS:PH1121126:204:1,BLUS,VJ402,2026-07-21T06:50:00.000+05:45,Saturday,47,1
BODS_PH1121126_197_20260412_110.xml,PH1121126:197,BLUS:PH1121126:197:12,BLUS,VJ190,2026-07-21T19:50:00.000+05:45,Monday|Tuesday|Wednesday|Thursday|Friday,33,12
BODS_PH1121126_505_20260830_120.xml,PH1121126:505,BLUS:PH1121126:505:15,BLUS,VJ82,2026-07-21T13:12:00.000+05:45,Monday|Tuesday|Wednesday|Thursday|Friday,32,15
BODS_PH1121126_302_20260718_130.xml,PH1121126:302,BLUS:PH1121126:302:17,BLUS,VJ132,2026-07-21T16:37:00.000+05:45,Saturday,54,17
BODS_PH1121126_196_20260830_125.xml,PH1121126:196,BLUS:PH1121126:196:16,BLUS,VJ124,2026-07-21T15:23:00.000+05:45,Monday|Tuesday|Wednesday|Thursday|Friday,43,16
BODS_PH1121126_302_20260601_125.xml,PH1121126:302,BLUS:PH1121126:302:17,BLUS,VJ475,2026-07-21T13:10:00.000+05:45,Monday|Tuesday|Wednesday|Thursday|Friday,49,17
BODS_PH1121126_195_20260601_117.xml,PH1121126:195,BLUS:PH1121126:195:18,BLUS,VJ376,2026-07-21T04:40:00.000+05:45,Saturday,34,18
BODS_PH1121126_204_20260601_117.xml,PH1121126:204,BLUS:PH1121126:204:1,BLUS,VJ284,2026-07-21T10:30:00.000+05:45,Monday|Tuesday|Wednesday|Thursday|Friday,46,1
BODS_PH1121126_203_20260718_123.xml,PH1121126:203,BLUS:PH1121126:203:2,BLUS,VJ187,2026-07-21T14:12:00.000+05:45,Monday|Tuesday|Wednesday|Thursday|Friday,61,2
BODS_UZ000BLUS_6_20260830_1.xml,UZ000BLUS:6,BLUS:UZ000BLUS:6:6,BLUS,VJ102,2026-07-21T14:34:00.000+05:45,Sunday,27,6
BODS_PH1121126_452_20260328_115.xml,PH1121126:452,BLUS:PH1121126:452:C7,BLUS,VJ3,2026-07-21T16:30:00.000+05:45,Monday|Tuesday|Wednesday|Thursday|Friday,58,C7
BODS_PH1121126_195_20260718_122.xml,PH1121126:195,BLUS:PH1121126:195:18,BLUS,VJ452,2026-07-21T17:20:00.000+05:45,Monday|Tuesday|Wednesday|Thursday|Friday,49,18
BODS_PH1121126_302_20260718_130.xml,PH1121126:302,BLUS:PH1121126:302:17,BLUS,VJ287,2026-07-21T11:30:00.000+05:45,Monday|Tuesday|Wednesday|Thursday|Friday,50,17
BODS_PH1121126_195_20260601_117.xml,PH1121126:195,BLUS:PH1121126:195:18,BLUS,VJ284,2026-07-21T10:55:00.000+05:45,Saturday,34,18
BODS_PH1121126_561_20260830_25.xml,PH1121126:561,BLUS:PH1121126:561:22,BLUS,VJ6,2026-07-21T09:26:00.000+05:45,Tuesday|Thursday,29,22
BODS_PH1121126_198_20260718_114.xml,PH1121126:198,BLUS:PH1121126:198:9,BLUS,VJ26,2026-07-21T17:55:00.000+05:45,Saturday,42,9
BODS_PH1121126_197_20260718_113.xml,PH1121126:197,BLUS:PH1121126:197:12,BLUS,VJ44,2026-07-21T05:50:00.000+05:45,Monday|Tuesday|Wednesday|Thursday|Friday,22,12
BODS_PH1121126_203_20260718_123.xml,PH1121126:203,BLUS:PH1121126:203:2,BLUS,VJ173,2026-07-21T10:42:00.000+05:45,Monday|Tuesday|Wednesday|Thursday|Friday,61,2
BODS_PH1121126_195_20260718_122.xml,PH1121126:195,BLUS:PH1121126:195:18,BLUS,VJ436,2026-07-21T15:39:00.000+05:45,Monday|Tuesday|Wednesday|Thursday|Friday,35,18
BODS_PH1121126_195_20260601_117.xml,PH1121126:195,BLUS:PH1121126:195:18,BLUS,VJ135,2026-07-21T16:08:00.000+05:45,Monday|Tuesday|Wednesday|Thursday|Friday,54,18
BODS_PH1121126_195_20260718_122.xml,PH1121126:195,BLUS:PH1121126:195:18,BLUS,VJ327,2026-07-21T12:55:00.000+05:45,Monday|Tuesday|Wednesday|Thursday|Friday,35,18
BODS_PH1121126_298_20260718_117.xml,PH1121126:298,BLUS:PH1121126:298:7,BLUS,VJ74,2026-07-21T14:34:00.000+05:45,Sunday,46,7
BODS_PH1121126_204_20260830_124.xml,PH1121126:204,BLUS:PH1121126:204:1,BLUS,VJ107,2026-07-21T14:20:00.000+05:45,Sunday,43,1
BODS_PH1121126_198_20260718_114.xml,PH1121126:198,BLUS:PH1121126:198:9,BLUS,VJ61,2026-07-21T15:40:00.000+05:45,Sunday,47,9
BODS_PH1121126_505_20260830_120.xml,PH1121126:505,BLUS:PH1121126:505:15,BLUS,VJ4,2026-07-21T09:25:00.000+05:45,Monday|Tuesday|Wednesday|Thursday|Friday,35,15
BODS_PH1121126_298_20260601_111.xml,PH1121126:298,BLUS:PH1121126:298:7,BLUS,VJ116,2026-07-21T05:50:00.000+05:45,Saturday,60,7
BODS_PH1121126_507_20260830_110.xml,PH1121126:507,BLUS:PH1121126:507:20,BLUS,VJ244,2026-07-21T15:27:00.000+05:45,Monday|Tuesday|Wednesday|Thursday|Friday,35,20
BODS_UZ000BLUS_6_20260830_1.xml,UZ000BLUS:6,BLUS:UZ000BLUS:6:6,BLUS,VJ99,2026-07-21T11:34:00.000+05:45,Sunday,27,6
BODS_PH1121126_204_20260718_122.xml,PH1121126:204,BLUS:PH1121126:204:1,BLUS,VJ30,2026-07-21T12:10:00.000+05:45,Saturday,43,1
BODS_PH1121126_197_20260412_110.xml,PH1121126:197,BLUS:PH1121126:197:12,BLUS,VJ180,2026-07-21T10:49:00.000+05:45,Monday|Tuesday|Wednesday|Thursday|Friday,33,12
BODS_PH1121126_204_20260601_117.xml,PH1121126:204,BLUS:PH1121126:204:1,BLUS,VJ124,2026-07-21T21:25:00.000+05:45,Saturday,42,1
BODS_PH1121126_204_20260830_124.xml,PH1121126:204,BLUS:PH1121126:204:1,BLUS,VJ29,2026-07-21T12:00:00.000+05:45,Saturday,43,1
BODS_PH1121126_575_20260718_18.xml,PH1121126:575,BLUS:PH1121126:575:PR2,BLUS,VJ156,2026-07-21T16:00:00.000+05:45,Monday|Tuesday|Wednesday|Thursday|Friday|Saturday|Sunday,1,PR2
BODS_PH1121126_197_20260412_110.xml,PH1121126:197,BLUS:PH1121126:197:11,BLUS,VJ145,2026-07-21T08:05:00.000+05:45,Saturday,20,11
BODS_PH1121126_200_20260328_115.xml,PH1121126:200,BLUS:PH1121126:200:5,BLUS,VJ13,2026-07-21T12:13:00.000+05:45,Monday|Tuesday|Wednesday|Thursday|Friday,9,5
BODS_PH1121126_504_20260830_118.xml,PH1121126:504,BLUS:PH1121126:504:14,BLUS,VJ13,2026-07-21T09:25:00.000+05:45,Saturday,31,14
BODS_PH1121126_195_20260601_117.xml,PH1121126:195,BLUS:PH1121126:195:18,BLUS,VJ59,2026-07-21T13:12:00.000+05:45,Monday|Tuesday|Wednesday|Thursday|Friday,54,18
BODS_PH1121126_302_20260718_130.xml,PH1121126:302,BLUS:PH1121126:302:17,BLUS,VJ200,2026-07-21T11:15:00.000+05:45,Sunday,54,17
BODS_PH1121126_505_20260601_113.xml,PH1121126:505,BLUS:PH1121126:505:15,BLUS,VJ138,2026-07-21T17:35:00.000+05:45,Monday|Tuesday|Wednesday|Thursday|Friday,32,15
BODS_PH1121126_203_20260601_118.xml,PH1121126:203,BLUS:PH1121126:203:2,BLUS,VJ19,2026-07-21T15:40:00.000+05:45,Saturday,50,2
BODS_PH1121126_503_20260328_110.xml,PH1121126:503,BLUS:PH1121126:503:13,BLUS,VJ88,2026-07-21T08:56:00.000+05:45,Monday|Tuesday|Wednesday|Thursday|Friday,31,13
BODS_PH1121126_203_20260601_118.xml,PH1121126:203,BLUS:PH1121126:203:2,BLUS,VJ14,2026-07-21T14:25:00.000+05:45,Saturday,50,2
BODS_PH1121126_507_20260718_108.xml,PH1121126:507,BLUS:PH1121126:507:20,BLUS,VJ184,2026-07-21T12:17:00.000+05:45,Sunday,35,20
BODS_PH1121126_197_20260718_113.xml,PH1121126:197,BLUS:PH1121126:197:12,BLUS,VJ50,2026-07-21T07:20:00.000+05:45,Saturday,22,12
BODS_PH1121126_507_20260718_108.xml,PH1121126:507,BLUS:PH1121126:507:20,BLUS,VJ17,2026-07-21T11:30:00.000+05:45,Monday|Tuesday|Wednesday|Thursday|Friday,17,20
BODS_PH1121126_197_20260830_115.xml,PH1121126:197,BLUS:PH1121126:197:12,BLUS,VJ170,2026-07-21T15:10:00.000+05:45,Saturday,33,12
BODS_PH1121126_298_20260718_117.xml,PH1121126:298,BLUS:PH1121126:298:7,BLUS,VJ52,2026-07-21T12:35:00.000+05:45,Saturday,52,7
BODS_PH1121126_506_20260601_111.xml,PH1121126:506,BLUS:PH1121126:506:19,BLUS,VJ83,2026-07-21T06:05:00.000+05:45,Monday|Tuesday|Wednesday|Thursday|Friday,50,19
BODS_PH1121126_203_20260718_123.xml,PH1121126:203,BLUS:PH1121126:203:2,BLUS,VJ140,2026-07-21T17:10:00.000+05:45,Saturday,56,2
BODS_PH1121126_503_20260718_117.xml,PH1121126:503,BLUS:PH1121126:503:13,BLUS,VJ12,2026-07-21T14:03:00.000+05:45,Monday|Tuesday|Wednesday|Thursday|Friday,21,13
BODS_PH1121126_507_20260601_103.xml,PH1121126:507,BLUS:PH1121126:507:20,BLUS,VJ80,2026-07-21T16:00:00.000+05:45,Monday|Tuesday|Wednesday|Thursday|Friday,16,20
BODS_PH1121126_298_20260718_117.xml,PH1121126:298,BLUS:PH1121126:298:7,BLUS,VJ69,2026-07-21T09:34:00.000+05:45,Sunday,46,7
BODS_PH1121126_204_20260601_117.xml,PH1121126:204,BLUS:PH1121126:204:1,BLUS,VJ118,2026-07-21T19:55:00.000+05:45,Monday|Tuesday|Wednesday|Thursday|Friday,42,1
BODS_PH1121126_302_20260718_130.xml,PH1121126:302,BLUS:PH1121126:302:17,BLUS,VJ46,2026-07-21T12:47:00.000+05:45,Monday|Tuesday|Wednesday|Thursday|Friday,54,17
BODS_PH1121126_196_20260718_123.xml,PH1121126:196,BLUS:PH1121126:196:16,BLUS,VJ179,2026-07-21T10:24:00.000+05:45,Sunday,28,16
BODS_PH1121126_504_20260718_116.xml,PH1121126:504,BLUS:PH1121126:504:14,BLUS,VJ50,2026-07-21T14:55:00.000+05:45,Monday|Tuesday|Wednesday|Thursday|Friday,31,14
BODS_PH1121126_504_20260601_111.xml,PH1121126:504,BLUS:PH1121126:504:14,BLUS,VJ128,2026-07-21T08:20:00.000+05:45,Monday|Tuesday|Wednesday|Thursday|Friday,41,14
BODS_PH1121126_201_20260601_113.xml,PH1121126:201,BLUS:PH1121126:201:4,BLUS,VJ104,2026-07-21T16:32:00.000+05:45,Saturday,48,4
BODS_PH1121126_195_20260830_124.xml,PH1121126:195,BLUS:PH1121126:195:18,BLUS,VJ331,2026-07-21T13:35:00.000+05:45,Monday|Tuesday|Wednesday|Thursday|Friday,35,18
BODS_PH1121126_198_20260412_111.xml,PH1121126:198,BLUS:PH1121126:198:9,BLUS,VJ102,2026-07-21T23:10:00.000+05:45,Sunday,62,9
BODS_PH1121126_197_20260830_115.xml,PH1121126:197,BLUS:PH1121126:197:11,BLUS,VJ265,2026-07-21T17:24:00.000+05:45,Saturday,32,11
BODS_PH1121126_202_20260718_134.xml,PH1121126:202,BLUS:PH1121126:202:3,BLUS,VJ8,2026-07-21T16:00:00.000+05:45,Saturday,70,3
BODS_PH1121126_195_20260718_122.xml,PH1121126:195,BLUS:PH1121126:195:18,BLUS,VJ100,2026-07-21T17:07:00.000+05:45,Saturday,55,18
BODS_PH1121126_575_20260830_20.xml,PH1121126:575,BLUS:PH1121126:575:PR1,BLUS,VJ55,2026-07-21T09:00:00.000+05:45,Sunday,3,PR1
BODS_PH1121126_201_20260830_120.xml,PH1121126:201,BLUS:PH1121126:201:4,BLUS,VJ58,2026-07-21T18:20:00.000+05:45,Saturday,48,4
BODS_UZ000BLUS_6_20260830_1.xml,UZ000BLUS:6,BLUS:UZ000BLUS:6:6,BLUS,VJ98,2026-07-21T10:34:00.000+05:45,Sunday,27,6
BODS_PH1121126_195_20260718_122.xml,PH1121126:195,BLUS:PH1121126:195:18,BLUS,VJ112,2026-07-21T23:10:00.000+05:45,Saturday,55,18
BODS_PH1121126_196_20260601_118.xml,PH1121126:196,BLUS:PH1121126:196:16,BLUS,VJ68,2026-07-21T17:10:00.000+05:45,Saturday,18,16
BODS_PH1121126_195_20260601_117.xml,PH1121126:195,BLUS:PH1121126:195:18,BLUS,VJ190,2026-07-21T05:17:00.000+05:45,Monday|Tuesday|Wednesday|Thursday|Friday,54,18
BODS_PH1121126_298_20260830_119.xml,PH1121126:298,BLUS:PH1121126:298:7,BLUS,VJ92,2026-07-21T09:45:00.000+05:45,Saturday,56,7
BODS_PH1121126_507_20260601_103.xml,PH1121126:507,BLUS:PH1121126:507:20,BLUS,VJ128,2026-07-21T19:10:00.000+05:45,Saturday,16,20
BODS_PH1121126_195_20260830_124.xml,PH1121126:195,BLUS:PH1121126:195:18,BLUS,VJ15,2026-07-21T12:28:00.000+05:45,Sunday,55,18
BODS_PH1121126_196_20260601_118.xml,PH1121126:196,BLUS:PH1121126:196:16,BLUS,VJ178,2026-07-21T09:54:00.000+05:45,Sunday,26,16
BODS_PH1121126_195_20260601_117.xml,PH1121126:195,BLUS:PH1121126:195:18,BLUS,VJ216,2026-07-21T14:13:00.000+05:45,Saturday,54,18
BODS_PH1121126_503_20260830_119.xml,PH1121126:503,BLUS:PH1121126:503:13,BLUS,VJ31,2026-07-21T14:10:00.000+05:45,Monday|Tuesday|Wednesday|Thursday|Friday,21,13
BODS_PH1121126_302_20260718_130.xml,PH1121126:302,BLUS:PH1121126:302:17,BLUS,VJ148,2026-07-21T07:30:00.000+05:45,Saturday,54,17
BODS_PH1121126_506_20260718_116.xml,PH1121126:506,BLUS:PH1121126:506:19,BLUS,VJ76,2026-07-21T17:57:00.000+05:45,Monday|Tuesday|Wednesday|Thursday|Friday,51,19
BODS_PH1121126_195_20260718_122.xml,PH1121126:195,BLUS:PH1121126:195:18,BLUS,VJ506,2026-07-21T18:35:00.000+05:45,Sunday,35,18
BODS_PH1121126_204_20260601_117.xml,PH1121126:204,BLUS:PH1121126:204:1,BLUS,VJ152,2026-07-21T06:55:00.000+05:45,Saturday,42,1
BODS_UZ000BLUS_6_20260830_1.xml,UZ000BLUS:6,BLUS:UZ000BLUS:6:6,BLUS,VJ28,2026-07-21T11:57:00.000+05:45,Saturday,20,6
BODS_PH1121126_197_20260830_115.xml,PH1121126:197,BLUS:PH1121126:197:11,BLUS,VJ267,2026-07-21T09:57:00.000+05:45,Monday|Tuesday|Wednesday|Thursday|Friday,32,11
BODS_PH1121126_507_20260830_110.xml,PH1121126:507,BLUS:PH1121126:507:20,BLUS,VJ94,2026-07-21T10:18:00.000+05:45,Saturday,17,20
BODS_PH1121126_197_20260412_110.xml,PH1121126:197,BLUS:PH1121126:197:12,BLUS,VJ57,2026-07-21T14:00:00.000+05:45,Sunday,22,12
BODS_PH1121126_203_20260601_118.xml,PH1121126:203,BLUS:PH1121126:203:2,BLUS,VJ271,2026-07-21T05:40:00.000+05:45,Monday|Tuesday|Wednesday|Thursday|Friday,60,2
BODS_PH1121126_203_20260830_125.xml,PH1121126:203,BLUS:PH1121126:203:2,BLUS,VJ216,2026-07-21T14:30:00.000+05:45,Sunday,61,2
BODS_PH1121126_195_20260830_124.xml,PH1121126:195,BLUS:PH1121126:195:18,BLUS,VJ335,2026-07-21T07:34:00.000+05:45,Monday|Tuesday|Wednesday|Thursday|Friday,35,18
BODS_PH1121126_503_20260830_119.xml,PH1121126:503,BLUS:PH1121126:503:13,BLUS,VJ132,2026-07-21T08:58:00.000+05:45,Monday|Tuesday|Wednesday|Thursday|Friday,31,13
BODS_PH1121126_507_20260718_108.xml,PH1121126:507,BLUS:PH1121126:507:20,BLUS,VJ288,2026-07-21T22:23:00.000+05:45,Monday|Tuesday|Wednesday|Thursday|Friday,35,20
BODS_PH1121126_198_20260412_111.xml,PH1121126:198,BLUS:PH1121126:198:9,BLUS,VJ175,2026-07-21T23:15:00.000+05:45,Saturday,55,9
BODS_PH1121126_203_20260718_123.xml,PH1121126:203,BLUS:PH1121126:203:2,BLUS,VJ174,2026-07-21T10:57:00.000+05:45,Monday|Tuesday|Wednesday|Thursday|Friday,61,2
BODS_PH1121126_420_20260830_123.xml,PH1121126:420,BLUS:PH1121126:420:613,BLUS,VJ8,2026-07-21T11:46:00.000+05:45,Monday,21,613
BODS_PH1121126_204_20260830_124.xml,PH1121126:204,BLUS:PH1121126:204:1,BLUS,VJ276,2026-07-21T09:10:00.000+05:45,Monday|Tuesday|Wednesday|Thursday|Friday,47,1
BODS_PH1121126_503_20260718_117.xml,PH1121126:503,BLUS:PH1121126:503:13,BLUS,VJ58,2026-07-21T16:40:00.000+05:45,Sunday,21,13
BODS_PH1121126_195_20260718_122.xml,PH1121126:195,BLUS:PH1121126:195:18,BLUS,VJ503,2026-07-21T06:15:00.000+05:45,Sunday,35,18
BODS_PH1121126_196_20260830_125.xml,PH1121126:196,BLUS:PH1121126:196:16,BLUS,VJ32,2026-07-21T10:15:00.000+05:45,Sunday,36,16
BODS_PH1121126_203_20260601_118.xml,PH1121126:203,BLUS:PH1121126:203:2,BLUS,VJ204,2026-07-21T15:45:00.000+05:45,Saturday,60,2
BODS_PH1121126_195_20260830_124.xml,PH1121126:195,BLUS:PH1121126:195:18,BLUS,VJ224,2026-07-21T17:20:00.000+05:45,Monday|Tuesday|Wednesday|Thursday|Friday,55,18
BODS_PH1121126_302_20260601_125.xml,PH1121126:302,BLUS:PH1121126:302:17,BLUS,VJ114,2026-07-21T13:49:00.000+05:45,Monday|Tuesday|Wednesday|Thursday|Friday,53,17
BODS_PH1121126_506_20260601_111.xml,PH1121126:506,BLUS:PH1121126:506:19a,BLUS,VJ189,2026-07-21T09:15:00.000+05:45,Monday|Tuesday|Wednesday|Thursday|Friday,48,19a
BODS_PH1121126_543_20260830_82.xml,PH1121126:543,BLUS:PH1121126:543:607,BLUS,VJ2,2026-07-21T11:20:00.000+05:45,Monday,34,607
BODS_PH1121126_204_20260718_122.xml,PH1121126:204,BLUS:PH1121126:204:1,BLUS,VJ420,2026-07-21T16:50:00.000+05:45,Monday|Tuesday|Wednesday|Thursday|Friday,47,1
BODS_PH1121126_503_20260718_117.xml,PH1121126:503,BLUS:PH1121126:503:13,BLUS,VJ3,2026-07-21T09:33:00.000+05:45,Monday|Tuesday|Wednesday|Thursday|Friday,21,13
BODS_PH1121126_452_20260328_115.xml,PH1121126:452,BLUS:PH1121126:452:C7,BLUS,VJ1,2026-07-21T07:20:00.000+05:45,Monday|Tuesday|Wednesday|Thursday|Friday,59,C7
BODS_PH1121126_197_20260718_113.xml,PH1121126:197,BLUS:PH1121126:197:12,BLUS,VJ27,2026-07-21T12:40:00.000+05:45,Monday|Tuesday|Wednesday|Thursday|Friday,22,12
BODS_PH1121126_198_20260830_116.xml,PH1121126:198,BLUS:PH1121126:198:9,BLUS,VJ149,2026-07-21T11:22:00.000+05:45,Monday|Tuesday|Wednesday|Thursday|Friday,43,9
BODS_PH1121126_302_20260830_132.xml,PH1121126:302,BLUS:PH1121126:302:17,BLUS,VJ19,2026-07-21T12:17:00.000+05:45,Monday|Tuesday|Wednesday|Thursday|Friday,54,17
BODS_PH1121126_302_20260718_130.xml,PH1121126:302,BLUS:PH1121126:302:17,BLUS,VJ488,2026-07-21T06:35:00.000+05:45,Sunday,50,17
BODS_PH1121126_505_20260601_113.xml,PH1121126:505,BLUS:PH1121126:505:15,BLUS,VJ32,2026-07-21T19:15:00.000+05:45,Monday|Tuesday|Wednesday|Thursday|Friday,34,15
BODS_PH1121126_507_20260601_103.xml,PH1121126:507,BLUS:PH1121126:507:20,BLUS,VJ209,2026-07-21T16:57:00.000+05:45,Saturday,34,20
BODS_PH1121126_504_20260601_111.xml,PH1121126:504,BLUS:PH1121126:504:14,BLUS,VJ38,2026-07-21T15:25:00.000+05:45,Monday|Tuesday|Wednesday|Thursday|Friday,31,14
BODS_PH1121126_298_20260718_117.xml,PH1121126:298,BLUS:PH1121126:298:7,BLUS,VJ11,2026-07-21T12:35:00.000+05:45,Monday|Tuesday|Wednesday|Thursday|Friday,52,7
BODS_PH1121126_204_20260718_122.xml,PH1121126:204,BLUS:PH1121126:204:1,BLUS,VJ229,2026-07-21T10:40:00.000+05:45,Saturday,47,1
BODS_PH1121126_203_20260718_123.xml,PH1121126:203,BLUS:PH1121126:203:2,BLUS,VJ114,2026-07-21T09:50:00.000+05:45,Sunday,51,2
BODS_PH1121126_505_20260830_120.xml,PH1121126:505,BLUS:PH1121126:505:15,BLUS,VJ106,2026-07-21T10:15:00.000+05:45,Sunday,32,15
BODS_PH1121126_203_20260830_125.xml,PH1121126:203,BLUS:PH1121126:203:2,BLUS,VJ4,2026-07-21T11:55:00.000+05:45,Saturday,51,2
BODS_PH1121126_197_20260412_110.xml,PH1121126:197,BLUS:PH1121126:197:12,BLUS,VJ9,2026-07-21T15:10:00.000+05:45,Saturday,22,12
BODS_PH1121126_506_20260718_116.xml,PH1121126:506,BLUS:PH1121126:506:19,BLUS,VJ160,2026-07-21T14:00:00.000+05:45,Sunday,51,19
BODS_PH1121126_198_20260830_116.xml,PH1121126:198,BLUS:PH1121126:198:9,BLUS,VJ3,2026-07-21T06:25:00.000+05:45,Saturday,41,9
BODS_PH1121126_204_20260601_117.xml,PH1121126:204,BLUS:PH1121126:204:1,BLUS,VJ411,2026-07-21T14:20:00.000+05:45,Monday|Tuesday|Wednesday|Thursday|Friday,46,1
BODS_PH1121126_506_20260830_118.xml,PH1121126:506,BLUS:PH1121126:506:19,BLUS,VJ201,2026-07-21T12:20:00.000+05:45,Sunday,52,19
BODS_UZ000BLUS_26_20260830_1.xml,UZ000BLUS:26,BLUS:UZ000BLUS:26:26,BLUS,VJ34,2026-07-21T10:18:00.000+05:45,Monday|Tuesday|Wednesday|Thursday|Friday,40,26
BODS_PH1121126_199_20260718_116.xml,PH1121126:199,BLUS:PH1121126:199:8,BLUS,VJ28,2026-07-21T14:50:00.000+05:45,Monday|Tuesday|Wednesday|Thursday|Friday,50,8
BODS_PH1121126_298_20260601_111.xml,PH1121126:298,BLUS:PH1121126:298:7,BLUS,VJ8,2026-07-21T11:05:00.000+05:45,Monday|Tuesday|Wednesday|Thursday|Friday,51,7
BODS_PH1121126_195_20260718_122.xml,PH1121126:195,BLUS:PH1121126:195:18,BLUS,VJ446,2026-07-21T05:40:00.000+05:45,Monday|Tuesday|Wednesday|Thursday|Friday,35,18
BODS_PH1121126_506_20260718_116.xml,PH1121126:506,BLUS:PH1121126:506:19,BLUS,VJ349,2026-07-21T10:00:00.000+05:45,Sunday,52,19
BODS_PH1121126_506_20260718_116.xml,PH1121126:506,BLUS:PH1121126:506:19,BLUS,VJ156,2026-07-21T12:00:00.000+05:45,Sunday,51,19
BODS_PH1121126_504_20260830_118.xml,PH1121126:504,BLUS:PH1121126:504:14,BLUS,VJ78,2026-07-21T11:33:00.000+05:45,Monday|Tuesday|Wednesday|Thursday|Friday,43,14
BODS_PH1121126_302_20260718_130.xml,PH1121126:302,BLUS:PH1121126:302:17,BLUS,VJ491,2026-07-21T04:10:00.000+05:45,Sunday,50,17
BODS_PH1121126_507_20260830_110.xml,PH1121126:507,BLUS:PH1121126:507:20,BLUS,VJ14,2026-07-21T10:45:00.000+05:45,Monday|Tuesday|Wednesday|Thursday|Friday,17,20
BODS_PH1121126_195_20260718_122.xml,PH1121126:195,BLUS:PH1121126:195:18,BLUS,VJ177,2026-07-21T20:17:00.000+05:45,Sunday,55,18
BODS_PH1121126_195_20260830_124.xml,PH1121126:195,BLUS:PH1121126:195:18,BLUS,VJ489,2026-07-21T13:47:00.000+05:45,Sunday,35,18
BODS_PH1121126_195_20260601_117.xml,PH1121126:195,BLUS:PH1121126:195:18,BLUS,VJ273,2026-07-21T09:05:00.000+05:45,Saturday,34,18
BODS_PH1121126_575_20260830_20.xml,PH1121126:575,BLUS:PH1121126:575:PR2,BLUS,VJ72,2026-07-21T11:10:00.000+05:45,Monday|Tuesday|Wednesday|Thursday|Friday|Saturday|Sunday,1,PR2
BODS_PH1121126_298_20260718_117.xml,PH1121126:298,BLUS:PH1121126:298:7,BLUS,VJ80,2026-07-21T09:12:00.000+05:45,Saturday,61,7
BODS_PH1121126_200_20260328_115.xml,PH1121126:200,BLUS:PH1121126:200:5,BLUS,VJ49,2026-07-21T10:25:00.000+05:45,Monday|Tuesday|Wednesday|Thursday|Friday,35,5
BODS_PH1121126_195_20260830_124.xml,PH1121126:195,BLUS:PH1121126:195:18,BLUS,VJ157,2026-07-21T18:00:00.000+05:45,Sunday,55,18
BODS_PH1121126_195_20260830_124.xml,PH1121126:195,BLUS:PH1121126:195:18,BLUS,VJ227,2026-07-21T17:50:00.000+05:45,Monday|Tuesday|Wednesday|Thursday|Friday,55,18
BODS_PH1121126_199_20260718_116.xml,PH1121126:199,BLUS:PH1121126:199:8,BLUS,VJ5,2026-07-21T12:40:00.000+05:45,Monday|Tuesday|Wednesday|Thursday|Friday,50,8
BODS_PH1121126_201_20260830_120.xml,PH1121126:201,BLUS:PH1121126:201:4,BLUS,VJ130,2026-07-21T07:50:00.000+05:45,Monday|Tuesday|Wednesday|Thursday|Friday,48,4
BODS_PH1121126_198_20260830_116.xml,PH1121126:198,BLUS:PH1121126:198:9,BLUS,VJ201,2026-07-21T12:35:00.000+05:45,Saturday,43,9
BODS_PH1121126_302_20260601_125.xml,PH1121126:302,BLUS:PH1121126:302:17,BLUS,VJ438,2026-07-21T18:50:00.000+05:45,Monday|Tuesday|Wednesday|Thursday|Friday,49,17
BODS_PH1121126_506_20260601_111.xml,PH1121126:506,BLUS:PH1121126:506:19,BLUS,VJ245,2026-07-21T15:47:00.000+05:45,Monday|Tuesday|Wednesday|Thursday|Friday,51,19
BODS_PH1121126_204_20260718_122.xml,PH1121126:204,BLUS:PH1121126:204:1,BLUS,VJ203,2026-07-21T00:10:00.000+05:45,Sunday,43,1
BODS_PH1121126_204_20260601_117.xml,PH1121126:204,BLUS:PH1121126:204:1,BLUS,VJ80,2026-07-21T11:40:00.000+05:45,Monday|Tuesday|Wednesday|Thursday|Friday,42,1
BODS_PH1121126_197_20260412_110.xml,PH1121126:197,BLUS:PH1121126:197:12,BLUS,VJ218,2026-07-21T05:17:00.000+05:45,Saturday,33,12
BODS_PH1121126_502_20260718_110.xml,PH1121126:502,BLUS:PH1121126:502:10,BLUS,VJ39,2026-07-21T16:39:00.000+05:45,Saturday,36,10
BODS_PH1121126_195_20260718_122.xml,PH1121126:195,BLUS:PH1121126:195:18,BLUS,VJ48,2026-07-21T11:22:00.000+05:45,Monday|Tuesday|Wednesday|Thursday|Friday,55,18
BODS_PH1121126_196_20260601_118.xml,PH1121126:196,BLUS:PH1121126:196:16,BLUS,VJ207,2026-07-21T19:43:00.000+05:45,Saturday,26,16
BODS_PH1121126_198_20260412_111.xml,PH1121126:198,BLUS:PH1121126:198:9,BLUS,VJ215,2026-07-21T18:50:00.000+05:45,Sunday,58,9
BODS_PH1121126_298_20260601_111.xml,PH1121126:298,BLUS:PH1121126:298:7,BLUS,VJ47,2026-07-21T10:05:00.000+05:45,Saturday,51,7
BODS_PH1121126_204_20260830_124.xml,PH1121126:204,BLUS:PH1121126:204:1,BLUS,VJ141,2026-07-21T16:48:00.000+05:45,Monday|Tuesday|Wednesday|Thursday|Friday,43,1
BODS_PH1121126_507_20260830_110.xml,PH1121126:507,BLUS:PH1121126:507:20,BLUS,VJ45,2026-07-21T11:22:00.000+05:45,Sunday,17,20
BODS_PH1121126_575_20260830_20.xml,PH1121126:575,BLUS:PH1121126:575:PR1,BLUS,VJ12,2026-07-21T13:40:00.000+05:45,Saturday,3,PR1
BODS_PH1121126_506_20260830_118.xml,PH1121126:506,BLUS:PH1121126:506:19,BLUS,VJ253,2026-07-21T23:55:00.000+05:45,Monday|Tuesday|Wednesday|Thursday|Friday,52,19
BODS_PH1121126_506_20260830_118.xml,PH1121126:506,BLUS:PH1121126:506:19,BLUS,VJ184,2026-07-21T10:05:00.000+05:45,Saturday,52,19
BODS_PH1121126_575_20260531_15.xml,PH1121126:575,BLUS:PH1121126:575:PR1,BLUS,VJ104,2026-07-21T14:30:00.000+05:45,Sunday,2,PR1
BODS_PH1121126_505_20260830_120.xml,PH1121126:505,BLUS:PH1121126:505:15,BLUS,VJ45,2026-07-21T22:25:00.000+05:45,Saturday,35,15
BODS_PH1121126_195_20260718_122.xml,PH1121126:195,BLUS:PH1121126:195:18,BLUS,VJ276,2026-07-21T09:35:00.000+05:45,Saturday,35,18
BODS_PH1121126_502_20260830_112.xml,PH1121126:502,BLUS:PH1121126:502:10,BLUS,VJ5,2026-07-21T15:30:00.000+05:45,Saturday,22,10
BODS_PH1121126_575_20260531_15.xml,PH1121126:575,BLUS:PH1121126:575:PR1,BLUS,VJ109,2026-07-21T16:10:00.000+05:45,Sunday,2,PR1
BODS_PH1121126_504_20260718_116.xml,PH1121126:504,BLUS:PH1121126:504:14,BLUS,VJ143,2026-07-21T06:20:00.000+05:45,Monday|Tuesday|Wednesday|Thursday|Friday,43,14
BODS_PH1121126_503_20260718_117.xml,PH1121126:503,BLUS:PH1121126:503:13,BLUS,VJ75,2026-07-21T11:57:00.000+05:45,Monday|Tuesday|Wednesday|Thursday|Friday,31,13
BODS_PH1121126_506_20260830_118.xml,PH1121126:506,BLUS:PH1121126:506:19a,BLUS,VJ317,2026-07-21T15:25:00.000+05:45,Monday|Tuesday|Wednesday|Thursday|Friday,51,19a
BODS_PH1121126_507_20260830_110.xml,PH1121126:507,BLUS:PH1121126:507:20,BLUS,VJ270,2026-07-21T09:40:00.000+05:45,Saturday,35,20
BODS_PH1121126_507_20260718_108.xml,PH1121126:507,BLUS:PH1121126:507:20,BLUS,VJ109,2026-07-21T05:50:00.000+05:45,Saturday,17,20
BODS_PH1121126_507_20260601_103.xml,PH1121126:507,BLUS:PH1121126:507:20,BLUS,VJ198,2026-07-21T14:12:00.000+05:45,Saturday,34,20
BODS_PH1121126_204_20260601_117.xml,PH1121126:204,BLUS:PH1121126:204:1,BLUS,VJ356,2026-07-21T21:50:00.000+05:45,Saturday,46,1
BODS_PH1121126_200_20260830_120.xml,PH1121126:200,BLUS:PH1121126:200:5,BLUS,VJ74,2026-07-21T10:05:00.000+05:45,Monday|Tuesday|Wednesday|Thursday|Friday,7,5
BODS_PH1121126_197_20260412_110.xml,PH1121126:197,BLUS:PH1121126:197:12,BLUS,VJ6,2026-07-21T13:40:00.000+05:45,Saturday,22,12
BODS_PH1121126_201_20260718_118.xml,PH1121126:201,BLUS:PH1121126:201:4,BLUS,VJ106,2026-07-21T17:32:00.000+05:45,Saturday,48,4
BODS_PH1121126_302_20260718_130.xml,PH1121126:302,BLUS:PH1121126:302:17,BLUS,VJ199,2026-07-21T11:00:00.000+05:45,Sunday,54,17
BODS_PH1121126_298_20260830_119.xml,PH1121126:298,BLUS:PH1121126:298:7,BLUS,VJ99,2026-07-21T13:15:00.000+05:45,Saturday,56,7
BODS_PH1121126_196_20260601_118.xml,PH1121126:196,BLUS:PH1121126:196:16,BLUS,VJ229,2026-07-21T07:24:00.000+05:45,Monday|Tuesday|Wednesday|Thursday|Friday,26,16
BODS_PH1121126_302_20260601_125.xml,PH1121126:302,BLUS:PH1121126:302:17,BLUS,VJ234,2026-07-21T17:57:00.000+05:45,Saturday,21,17
BODS_PH1121126_195_20260830_124.xml,PH1121126:195,BLUS:PH1121126:195:18,BLUS,VJ501,2026-07-21T05:15:00.000+05:45,Sunday,35,18
BODS_PH1121126_203_20260830_125.xml,PH1121126:203,BLUS:PH1121126:203:2,BLUS,VJ140,2026-07-21T17:10:00.000+05:45,Saturday,56,2
BODS_PH1121126_204_20260718_122.xml,PH1121126:204,BLUS:PH1121126:204:1,BLUS,VJ76,2026-07-21T11:00:00.000+05:45,Monday|Tuesday|Wednesday|Thursday|Friday,43,1
BODS_PH1121126_195_20260601_117.xml,PH1121126:195,BLUS:PH1121126:195:N18,BLUS,VJ460,2026-07-21T03:35:00.000+05:45,Saturday,34,N18
BODS_PH1121126_506_20260718_116.xml,PH1121126:506,BLUS:PH1121126:506:19,BLUS,VJ206,2026-07-21T12:07:00.000+05:45,Monday|Tuesday|Wednesday|Thursday|Friday,52,19
BODS_PH1121126_503_20260328_110.xml,PH1121126:503,BLUS:PH1121126:503:13,BLUS,VJ61,2026-07-21T09:45:00.000+05:45,Sunday,21,13
BODS_PH1121126_195_20260830_124.xml,PH1121126:195,BLUS:PH1121126:195:18,BLUS,VJ50,2026-07-21T11:42:00.000+05:45,Monday|Tuesday|Wednesday|Thursday|Friday,55,18
BODS_PH1121126_204_20260718_122.xml,PH1121126:204,BLUS:PH1121126:204:1,BLUS,VJ323,2026-07-21T15:45:00.000+05:45,Sunday,47,1
BODS_PH1121126_302_20260718_130.xml,PH1121126:302,BLUS:PH1121126:302:17,BLUS,VJ478,2026-07-21T07:57:00.000+05:45,Sunday,50,17
BODS_PH1121126_504_20260718_116.xml,PH1121126:504,BLUS:PH1121126:504:14,BLUS,VJ8,2026-07-21T12:25:00.000+05:45,Monday|Tuesday|Wednesday|Thursday|Friday,31,14
BODS_PH1121126_302_20260830_132.xml,PH1121126:302,BLUS:PH1121126:302:17,BLUS,VJ66,2026-07-21T16:17:00.000+05:45,Saturday,54,17
BODS_PH1121126_298_20260830_119.xml,PH1121126:298,BLUS:PH1121126:298:7,BLUS,VJ148,2026-07-21T06:35:00.000+05:45,Monday|Tuesday|Wednesday|Thursday|Friday,56,7
BODS_PH1121126_204_20260601_117.xml,PH1121126:204,BLUS:PH1121126:204:1,BLUS,VJ323,2026-07-21T15:45:00.000+05:45,Sunday,46,1
BODS_PH1121126_200_20260718_118.xml,PH1121126:200,BLUS:PH1121126:200:5,BLUS,VJ71,2026-07-21T17:20:00.000+05:45,Saturday,7,5
BODS_PH1121126_302_20260830_132.xml,PH1121126:302,BLUS:PH1121126:302:17,BLUS,VJ179,2026-07-21T09:35:00.000+05:45,Sunday,54,17
BODS_PH1121126_195_20260830_124.xml,PH1121126:195,BLUS:PH1121126:195:18,BLUS,VJ105,2026-07-21T21:40:00.000+05:45,Monday|Tuesday|Wednesday|Thursday|Friday,55,18
BODS_PH1121126_420_20260718_121.xml,PH1121126:420,BLUS:PH1121126:420:612,BLUS,VJ9,2026-07-21T14:25:00.000+05:45,Monday|Tuesday|Wednesday|Thursday|Friday,24,612
BODS_PH1121126_203_20260830_125.xml,PH1121126:203,BLUS:PH1121126:203:2,BLUS,VJ65,2026-07-21T19:20:00.000+05:45,Monday|Tuesday|Wednesday|Thursday|Friday,51,2
BODS_PH1121126_298_20260830_119.xml,PH1121126:298,BLUS:PH1121126:298:7,BLUS,VJ78,2026-07-21T07:43:00.000+05:45,Monday|Tuesday|Wednesday|Thursday|Friday,56,7
BODS_PH1121126_196_20260718_123.xml,PH1121126:196,BLUS:PH1121126:196:16,BLUS,VJ85,2026-07-21T05:35:00.000+05:45,Monday|Tuesday|Wednesday|Thursday|Friday,18,16
BODS_UZ000BLUS_26_20260830_1.xml,UZ000BLUS:26,BLUS:UZ000BLUS:26:26,BLUS,VJ20,2026-07-21T08:20:00.000+05:45,Sunday,41,26
BODS_PH1121126_204_20260601_117.xml,PH1121126:204,BLUS:PH1121126:204:1,BLUS,VJ8,2026-07-21T06:25:00.000+05:45,Monday|Tuesday|Wednesday|Thursday|Friday,44,1
BODS_PH1121126_506_20260830_118.xml,PH1121126:506,BLUS:PH1121126:506:19a,BLUS,VJ172,2026-07-21T07:26:00.000+05:45,Monday|Tuesday|Wednesday|Thursday|Friday,49,19a
BODS_PH1121126_196_20260830_125.xml,PH1121126:196,BLUS:PH1121126:196:16,BLUS,VJ80,2026-07-21T11:02:00.000+05:45,Saturday,43,16
BODS_PH1121126_203_20260718_123.xml,PH1121126:203,BLUS:PH1121126:203:2,BLUS,VJ85,2026-07-21T16:20:00.000+05:45,Monday|Tuesday|Wednesday|Thursday|Friday,51,2
BODS_PH1121126_575_20260718_18.xml,PH1121126:575,BLUS:PH1121126:575:PR1,BLUS,VJ40,2026-07-21T07:00:00.000+05:45,Saturday,3,PR1
BODS_PH1121126_197_20260412_110.xml,PH1121126:197,BLUS:PH1121126:197:12,BLUS,VJ244,2026-07-21T18:57:00.000+05:45,Monday|Tuesday|Wednesday|Thursday|Friday,33,12
BODS_PH1121126_507_20260830_110.xml,PH1121126:507,BLUS:PH1121126:507:20,BLUS,VJ326,2026-07-21T00:20:00.000+05:45,Sunday,20,20
BODS_PH1121126_302_20260718_130.xml,PH1121126:302,BLUS:PH1121126:302:17,BLUS,VJ123,2026-07-21T15:08:00.000+05:45,Saturday,54,17
BODS_PH1121126_507_20260830_110.xml,PH1121126:507,BLUS:PH1121126:507:20,BLUS,VJ159,2026-07-21T09:40:00.000+05:45,Monday|Tuesday|Wednesday|Thursday|Friday,35,20
BODS_PH1121126_302_20260601_125.xml,PH1121126:302,BLUS:PH1121126:302:17,BLUS,VJ111,2026-07-21T13:17:00.000+05:45,Monday|Tuesday|Wednesday|Thursday|Friday,53,17
BODS_PH1121126_201_20260601_113.xml,PH1121126:201,BLUS:PH1121126:201:4,BLUS,VJ76,2026-07-21T17:15:00.000+05:45,Monday|Tuesday|Wednesday|Thursday|Friday,47,4
BODS_PH1121126_203_20260718_123.xml,PH1121126:203,BLUS:PH1121126:203:2,BLUS,VJ58,2026-07-21T14:30:00.000+05:45,Sunday,51,2
BODS_PH1121126_507_20260830_110.xml,PH1121126:507,BLUS:PH1121126:507:20,BLUS,VJ102,2026-07-21T17:00:00.000+05:45,Monday|Tuesday|Wednesday|Thursday|Friday,17,20
BODS_PH1121126_203_20260830_125.xml,PH1121126:203,BLUS:PH1121126:203:2,BLUS,VJ214,2026-07-21T13:50:00.000+05:45,Sunday,61,2
BODS_PH1121126_201_20260601_113.xml,PH1121126:201,BLUS:PH1121126:201:4,BLUS,VJ113,2026-07-21T16:20:00.000+05:45,Sunday,48,4
BODS_PH1121126_195_20260830_124.xml,PH1121126:195,BLUS:PH1121126:195:18,BLUS,VJ421,2026-07-21T21:27:00.000+05:45,Monday|Tuesday|Wednesday|Thursday|Friday,35,18
BODS_PH1121126_420_20260830_123.xml,PH1121126:420,BLUS:PH1121126:420:613,BLUS,VJ4,2026-07-21T09:35:00.000+05:45,Monday,35,613
BODS_PH1121126_302_20260601_125.xml,PH1121126:302,BLUS:PH1121126:302:17,BLUS,VJ231,2026-07-21T07:10:00.000+05:45,Monday|Tuesday|Wednesday|Thursday|Friday,31,17
BODS_PH1121126_196_20260718_123.xml,PH1121126:196,BLUS:PH1121126:196:16,BLUS,VJ215,2026-07-21T07:39:00.000+05:45,Sunday,28,16
BODS_PH1121126_203_20260830_125.xml,PH1121126:203,BLUS:PH1121126:203:2,BLUS,VJ274,2026-07-21T14:42:00.000+05:45,Monday|Tuesday|Wednesday|Thursday|Friday,61,2
BODS_PH1121126_204_20260601_117.xml,PH1121126:204,BLUS:PH1121126:204:1,BLUS,VJ279,2026-07-21T09:40:00.000+05:45,Monday|Tuesday|Wednesday|Thursday|Friday,46,1
BODS_PH1121126_575_20260718_18.xml,PH1121126:575,BLUS:PH1121126:575:PR1,BLUS,VJ18,2026-07-21T15:40:00.000+05:45,Saturday,3,PR1
BODS_PH1121126_506_20260601_111.xml,PH1121126:506,BLUS:PH1121126:506:19,BLUS,VJ287,2026-07-21T17:58:00.000+05:45,Monday|Tuesday|Wednesday|Thursday|Friday,51,19
BODS_PH1121126_204_20260830_124.xml,PH1121126:204,BLUS:PH1121126:204:1,BLUS,VJ134,2026-07-21T14:41:00.000+05:45,Monday|Tuesday|Wednesday|Thursday|Friday,43,1
BODS_PH1121126_503_20260830_119.xml,PH1121126:503,BLUS:PH1121126:503:13,BLUS,VJ67,2026-07-21T08:30:00.000+05:45,Monday|Tuesday|Wednesday|Thursday|Friday,19,13
BODS_PH1121126_504_20260718_116.xml,PH1121126:504,BLUS:PH1121126:504:14,BLUS,VJ74,2026-07-21T09:32:00.000+05:45,Monday|Tuesday|Wednesday|Thursday|Friday,43,14
BODS_PH1121126_298_20260601_111.xml,PH1121126:298,BLUS:PH1121126:298:7,BLUS,VJ32,2026-07-21T17:47:00.000+05:45,Monday|Tuesday|Wednesday|Thursday|Friday,51,7
BODS_PH1121126_198_20260830_116.xml,PH1121126:198,BLUS:PH1121126:198:9,BLUS,VJ87,2026-07-21T17:35:00.000+05:45,Saturday,41,9
BODS_PH1121126_204_20260601_117.xml,PH1121126:204,BLUS:PH1121126:204:N1,BLUS,VJ222,2026-07-21T04:10:00.000+05:45,Saturday,48,N1
BODS_PH1121126_503_20260830_119.xml,PH1121126:503,BLUS:PH1121126:503:13,BLUS,VJ62,2026-07-21T16:15:00.000+05:45,Monday|Tuesday|Wednesday|Thursday|Friday,21,13
BODS_PH1121126_199_20260412_113.xml,PH1121126:199,BLUS:PH1121126:199:8,BLUS,VJ13,2026-07-21T14:40:00.000+05:45,Saturday,51,8
BODS_PH1121126_506_20260601_111.xml,PH1121126:506,BLUS:PH1121126:506:19,BLUS,VJ50,2026-07-21T19:20:00.000+05:45,Sunday,50,19
BODS_PH1121126_298_20260830_119.xml,PH1121126:298,BLUS:PH1121126:298:7,BLUS,VJ124,2026-07-21T17:15:00.000+05:45,Saturday,56,7
BODS_PH1121126_506_20260601_111.xml,PH1121126:506,BLUS:PH1121126:506:19,BLUS,VJ92,2026-07-21T16:27:00.000+05:45,Monday|Tuesday|Wednesday|Thursday|Friday,50,19
BODS_PH1121126_204_20260718_122.xml,PH1121126:204,BLUS:PH1121126:204:1,BLUS,VJ185,2026-07-21T08:15:00.000+05:45,Saturday,43,1
BODS_PH1121126_204_20260718_122.xml,PH1121126:204,BLUS:PH1121126:204:1,BLUS,VJ367,2026-07-21T20:10:00.000+05:45,Sunday,47,1
BODS_PH1121126_507_20260830_110.xml,PH1121126:507,BLUS:PH1121126:507:20,BLUS,VJ99,2026-07-21T16:15:00.000+05:45,Monday|Tuesday|Wednesday|Thursday|Friday,17,20
BODS_PH1121126_505_20260601_113.xml,PH1121126:505,BLUS:PH1121126:505:15,BLUS,VJ37,2026-07-21T12:25:00.000+05:45,Saturday,34,15
BODS_PH1121126_196_20260601_118.xml,PH1121126:196,BLUS:PH1121126:196:16,BLUS,VJ232,2026-07-21T07:09:00.000+05:45,Monday|Tuesday|Wednesday|Thursday|Friday,26,16
BODS_PH1121126_298_20260830_119.xml,PH1121126:298,BLUS:PH1121126:298:7,BLUS,VJ150,2026-07-21T18:06:00.000+05:45,Sunday,56,7
BODS_PH1121126_302_20260830_132.xml,PH1121126:302,BLUS:PH1121126:302:17,BLUS,VJ173,2026-07-21T21:50:00.000+05:45,Saturday,54,17
BODS_PH1121126_302_20260830_132.xml,PH1121126:302,BLUS:PH1121126:302:17,BLUS,VJ97,2026-07-21T13:27:00.000+05:45,Monday|Tuesday|Wednesday|Thursday|Friday,54,17
BODS_PH1121126_198_20260830_116.xml,PH1121126:198,BLUS:PH1121126:198:9,BLUS,VJ171,2026-07-21T20:15:00.000+05:45,Saturday,60,9
BODS_PH1121126_302_20260601_125.xml,PH1121126:302,BLUS:PH1121126:302:17,BLUS,VJ22,2026-07-21T11:45:00.000+05:45,Sunday,53,17
BODS_PH1121126_507_20260601_103.xml,PH1121126:507,BLUS:PH1121126:507:20,BLUS,VJ151,2026-07-21T04:53:00.000+05:45,Monday|Tuesday|Wednesday|Thursday|Friday,16,20
BODS_PH1121126_204_20260718_122.xml,PH1121126:204,BLUS:PH1121126:204:1,BLUS,VJ205,2026-07-21T18:55:00.000+05:45,Monday|Tuesday|Wednesday|Thursday|Friday,43,1
BODS_PH1121126_302_20260718_130.xml,PH1121126:302,BLUS:PH1121126:302:17,BLUS,VJ442,2026-07-21T10:10:00.000+05:45,Sunday,50,17
BODS_PH1121126_195_20260601_117.xml,PH1121126:195,BLUS:PH1121126:195:18,BLUS,VJ75,2026-07-21T12:33:00.000+05:45,Saturday,54,18
BODS_PH1121126_503_20260718_117.xml,PH1121126:503,BLUS:PH1121126:503:13,BLUS,VJ11,2026-07-21T13:33:00.000+05:45,Monday|Tuesday|Wednesday|Thursday|Friday,21,13
BODS_PH1121126_204_20260830_124.xml,PH1121126:204,BLUS:PH1121126:204:1,BLUS,VJ284,2026-07-21T10:30:00.000+05:45,Monday|Tuesday|Wednesday|Thursday|Friday,47,1
BODS_PH1121126_195_20260718_122.xml,PH1121126:195,BLUS:PH1121126:195:18,BLUS,VJ384,2026-07-21T07:48:00.000+05:45,Monday|Tuesday|Wednesday|Thursday|Friday,35,18
BODS_PH1121126_507_20260830_110.xml,PH1121126:507,BLUS:PH1121126:507:20,BLUS,VJ187,2026-07-21T13:47:00.000+05:45,Sunday,35,20
BODS_PH1121126_298_20260718_117.xml,PH1121126:298,BLUS:PH1121126:298:7,BLUS,VJ63,2026-07-21T19:10:00.000+05:45,Saturday,52,7
BODS_PH1121126_204_20260601_117.xml,PH1121126:204,BLUS:PH1121126:204:1,BLUS,VJ109,2026-07-21T15:00:00.000+05:45,Sunday,42,1
BODS_PH1121126_196_20260830_125.xml,PH1121126:196,BLUS:PH1121126:196:16,BLUS,VJ114,2026-07-21T06:04:00.000+05:45,Saturday,43,16
BODS_PH1121126_302_20260830_132.xml,PH1121126:302,BLUS:PH1121126:302:17,BLUS,VJ28,2026-07-21T12:00:00.000+05:45,Sunday,54,17
BODS_PH1121126_237_20260830_120.xml,PH1121126:237,BLUS:PH1121126:237:QC,BLUS,VJ21,2026-07-21T09:30:00.000+05:45,Saturday,6,QC
BODS_PH1121126_196_20260601_118.xml,PH1121126:196,BLUS:PH1121126:196:16,BLUS,VJ45,2026-07-21T09:30:00.000+05:45,Saturday,18,16
BODS_PH1121126_198_20260412_111.xml,PH1121126:198,BLUS:PH1121126:198:9,BLUS,VJ76,2026-07-21T16:40:00.000+05:45,Monday|Tuesday|Wednesday|Thursday|Friday,47,9
BODS_PH1121126_506_20260718_116.xml,PH1121126:506,BLUS:PH1121126:506:19,BLUS,VJ195,2026-07-21T21:53:00.000+05:45,Monday|Tuesday|Wednesday|Thursday|Friday,51,19
BODS_PH1121126_200_20260830_120.xml,PH1121126:200,BLUS:PH1121126:200:5,BLUS,VJ65,2026-07-21T13:25:00.000+05:45,Saturday,7,5
BODS_PH1121126_502_20260830_112.xml,PH1121126:502,BLUS:PH1121126:502:10,BLUS,VJ24,2026-07-21T12:36:00.000+05:45,Monday|Tuesday|Wednesday|Thursday|Friday,33,10
BODS_PH1121126_204_20260830_124.xml,PH1121126:204,BLUS:PH1121126:204:1,BLUS,VJ401,2026-07-21T16:55:00.000+05:45,Monday|Tuesday|Wednesday|Thursday|Friday,47,1
BODS_PH1121126_201_20260830_120.xml,PH1121126:201,BLUS:PH1121126:201:4,BLUS,VJ27,2026-07-21T16:25:00.000+05:45,Saturday,48,4
BODS_PH1121126_504_20260601_111.xml,PH1121126:504,BLUS:PH1121126:504:14,BLUS,VJ53,2026-07-21T07:35:00.000+05:45,Monday|Tuesday|Wednesday|Thursday|Friday,31,14
BODS_PH1121126_203_20260718_123.xml,PH1121126:203,BLUS:PH1121126:203:2,BLUS,VJ7,2026-07-21T12:40:00.000+05:45,Saturday,51,2
BODS_PH1121126_302_20260601_125.xml,PH1121126:302,BLUS:PH1121126:302:17,BLUS,VJ349,2026-07-21T10:50:00.000+05:45,Saturday,49,17
BODS_PH1121126_506_20260830_118.xml,PH1121126:506,BLUS:PH1121126:506:19a,BLUS,VJ353,2026-07-21T17:28:00.000+05:45,Monday|Tuesday|Wednesday|Thursday|Friday,51,19a
BODS_PH1121126_204_20260601_117.xml,PH1121126:204,BLUS:PH1121126:204:1,BLUS,VJ226,2026-07-21T10:00:00.000+05:45,Saturday,46,1
BODS_PH1121126_197_20260830_115.xml,PH1121126:197,BLUS:PH1121126:197:12,BLUS,VJ245,2026-07-21T07:15:00.000+05:45,Monday|Tuesday|Wednesday|Thursday|Friday,33,12
BODS_PH1121126_198_20260412_111.xml,PH1121126:198,BLUS:PH1121126:198:9,BLUS,VJ133,2026-07-21T19:28:00.000+05:45,Saturday,48,9
BODS_PH1121126_195_20260830_124.xml,PH1121126:195,BLUS:PH1121126:195:18,BLUS,VJ368,2026-07-21T14:55:00.000+05:45,Monday|Tuesday|Wednesday|Thursday|Friday,35,18
BODS_PH1121126_195_20260601_117.xml,PH1121126:195,BLUS:PH1121126:195:18,BLUS,VJ138,2026-07-21T16:40:00.000+05:45,Monday|Tuesday|Wednesday|Thursday|Friday,54,18
BODS_PH1121126_199_20260830_118.xml,PH1121126:199,BLUS:PH1121126:199:8,BLUS,VJ28,2026-07-21T14:50:00.000+05:45,Monday|Tuesday|Wednesday|Thursday|Friday,50,8
BODS_PH1121126_302_20260601_125.xml,PH1121126:302,BLUS:PH1121126:302:17,BLUS,VJ79,2026-07-21T15:57:00.000+05:45,Saturday,53,17
BODS_PH1121126_197_20260412_110.xml,PH1121126:197,BLUS:PH1121126:197:11,BLUS,VJ251,2026-07-21T10:24:00.000+05:45,Saturday,32,11
BODS_PH1121126_197_20260412_110.xml,PH1121126:197,BLUS:PH1121126:197:11,BLUS,VJ312,2026-07-21T06:55:00.000+05:45,Monday|Tuesday|Wednesday|Thursday|Friday,32,11
BODS_PH1121126_199_20260718_116.xml,PH1121126:199,BLUS:PH1121126:199:8,BLUS,VJ46,2026-07-21T12:45:00.000+05:45,Monday|Tuesday|Wednesday|Thursday|Friday,52,8
BODS_PH1121126_505_20260718_118.xml,PH1121126:505,BLUS:PH1121126:505:15,BLUS,VJ11,2026-07-21T10:25:00.000+05:45,Monday|Tuesday|Wednesday|Thursday|Friday,35,15
BODS_PH1121126_302_20260830_132.xml,PH1121126:302,BLUS:PH1121126:302:17,BLUS,VJ355,2026-07-21T20:30:00.000+05:45,Monday|Tuesday|Wednesday|Thursday|Friday,50,17
BODS_PH1121126_204_20260830_124.xml,PH1121126:204,BLUS:PH1121126:204:1,BLUS,VJ166,2026-07-21T16:05:00.000+05:45,Monday|Tuesday|Wednesday|Thursday|Friday,43,1
BODS_PH1121126_199_20260830_118.xml,PH1121126:199,BLUS:PH1121126:199:8,BLUS,VJ12,2026-07-21T13:40:00.000+05:45,Saturday,50,8
BODS_PH1121126_195_20260718_122.xml,PH1121126:195,BLUS:PH1121126:195:N18,BLUS,VJ466,2026-07-21T03:35:00.000+05:45,Sunday,35,N18
BODS_PH1121126_506_20260718_116.xml,PH1121126:506,BLUS:PH1121126:506:19,BLUS,VJ74,2026-07-21T06:05:00.000+05:45,Monday|Tuesday|Wednesday|Thursday|Friday,51,19
BODS_PH1121126_195_20260718_122.xml,PH1121126:195,BLUS:PH1121126:195:18,BLUS,VJ13,2026-07-21T11:58:00.000+05:45,Sunday,55,18
BODS_PH1121126_198_20260830_116.xml,PH1121126:198,BLUS:PH1121126:198:9,BLUS,VJ29,2026-07-21T11:15:00.000+05:45,Monday|Tuesday|Wednesday|Thursday|Friday,42,9
BODS_PH1121126_195_20260718_122.xml,PH1121126:195,BLUS:PH1121126:195:18,BLUS,VJ352,2026-07-21T15:40:00.000+05:45,Saturday,35,18
BODS_PH1121126_197_20260718_113.xml,PH1121126:197,BLUS:PH1121126:197:11,BLUS,VJ105,2026-07-21T13:25:00.000+05:45,Saturday,20,11
BODS_PH1121126_195_20260601_117.xml,PH1121126:195,BLUS:PH1121126:195:18,BLUS,VJ176,2026-07-21T19:47:00.000+05:45,Sunday,54,18
BODS_PH1121126_195_20260830_124.xml,PH1121126:195,BLUS:PH1121126:195:18,BLUS,VJ71,2026-07-21T11:53:00.000+05:45,Saturday,55,18
BODS_PH1121126_575_20260718_18.xml,PH1121126:575,BLUS:PH1121126:575:PR1,BLUS,VJ107,2026-07-21T17:10:00.000+05:45,Saturday,2,PR1
BODS_PH1121126_201_20260718_118.xml,PH1121126:201,BLUS:PH1121126:201:4,BLUS,VJ135,2026-07-21T19:20:00.000+05:45,Saturday,48,4
BODS_PH1121126_505_20260718_118.xml,PH1121126:505,BLUS:PH1121126:505:15,BLUS,VJ65,2026-07-21T06:15:00.000+05:45,Sunday,35,15
BODS_PH1121126_505_20260601_113.xml,PH1121126:505,BLUS:PH1121126:505:15,BLUS,VJ86,2026-07-21T14:47:00.000+05:45,Saturday,32,15
BODS_PH1121126_507_20260830_110.xml,PH1121126:507,BLUS:PH1121126:507:20,BLUS,VJ49,2026-07-21T13:22:00.000+05:45,Sunday,17,20
BODS_PH1121126_204_20260601_117.xml,PH1121126:204,BLUS:PH1121126:204:1,BLUS,VJ276,2026-07-21T09:10:00.000+05:45,Monday|Tuesday|Wednesday|Thursday|Friday,46,1
BODS_PH1121126_505_20260830_120.xml,PH1121126:505,BLUS:PH1121126:505:15,BLUS,VJ48,2026-07-21T06:10:00.000+05:45,Saturday,35,15
BODS_PH1121126_196_20260718_123.xml,PH1121126:196,BLUS:PH1121126:196:16,BLUS,VJ133,2026-07-21T12:30:00.000+05:45,Saturday,28,16
BODS_PH1121126_502_20260328_107.xml,PH1121126:502,BLUS:PH1121126:502:10,BLUS,VJ44,2026-07-21T19:00:00.000+05:45,Saturday,36,10
BODS_PH1121126_204_20260718_122.xml,PH1121126:204,BLUS:PH1121126:204:1,BLUS,VJ126,2026-07-21T14:24:00.000+05:45,Monday|Tuesday|Wednesday|Thursday|Friday,43,1
BODS_PH1121126_197_20260412_110.xml,PH1121126:197,BLUS:PH1121126:197:12,BLUS,VJ12,2026-07-21T16:40:00.000+05:45,Saturday,22,12
BODS_PH1121126_472_20260830_123.xml,PH1121126:472,BLUS:PH1121126:472:605,BLUS,VJ7,2026-07-21T12:15:00.000+05:45,Monday|Tuesday|Wednesday|Thursday|Friday,54,605
BODS_PH1121126_197_20260830_115.xml,PH1121126:197,BLUS:PH1121126:197:11,BLUS,VJ116,2026-07-21T11:30:00.000+05:45,Sunday,20,11
BODS_PH1121126_196_20260601_118.xml,PH1121126:196,BLUS:PH1121126:196:16,BLUS,VJ169,2026-07-21T12:59:00.000+05:45,Monday|Tuesday|Wednesday|Thursday|Friday,26,16
BODS_PH1121126_506_20260601_111.xml,PH1121126:506,BLUS:PH1121126:506:19,BLUS,VJ256,2026-07-21T07:35:00.000+05:45,Saturday,51,19
BODS_PH1121126_204_20260718_122.xml,PH1121126:204,BLUS:PH1121126:204:1,BLUS,VJ413,2026-07-21T00:05:00.000+05:45,Sunday,47,1
BODS_PH1121126_204_20260830_124.xml,PH1121126:204,BLUS:PH1121126:204:1,BLUS,VJ117,2026-07-21T18:10:00.000+05:45,Sunday,43,1
BODS_PH1121126_506_20260830_118.xml,PH1121126:506,BLUS:PH1121126:506:19,BLUS,VJ75,2026-07-21T06:34:00.000+05:45,Saturday,51,19
BODS_PH1121126_507_20260718_108.xml,PH1121126:507,BLUS:PH1121126:507:20,BLUS,VJ1,2026-07-21T07:50:00.000+05:45,Monday|Tuesday|Wednesday|Thursday|Friday,17,20
BODS_PH1121126_503_20260718_117.xml,PH1121126:503,BLUS:PH1121126:503:13,BLUS,VJ72,2026-07-21T10:27:00.000+05:45,Monday|Tuesday|Wednesday|Thursday|Friday,31,13
BODS_PH1121126_197_20260718_113.xml,PH1121126:197,BLUS:PH1121126:197:11,BLUS,VJ261,2026-07-21T15:24:00.000+05:45,Saturday,32,11
BODS_PH1121126_197_20260412_110.xml,PH1121126:197,BLUS:PH1121126:197:12,BLUS,VJ241,2026-07-21T08:12:00.000+05:45,Monday|Tuesday|Wednesday|Thursday|Friday,33,12
BODS_PH1121126_196_20260830_125.xml,PH1121126:196,BLUS:PH1121126:196:16,BLUS,VJ120,2026-07-21T19:14:00.000+05:45,Saturday,43,16
BODS_PH1121126_302_20260601_125.xml,PH1121126:302,BLUS:PH1121126:302:17,BLUS,VJ291,2026-07-21T13:10:00.000+05:45,Sunday,49,17
BODS_PH1121126_202_20260830_136.xml,PH1121126:202,BLUS:PH1121126:202:3,BLUS,VJ15,2026-07-21T15:15:00.000+05:45,Sunday,67,3
BODS_PH1121126_203_20260830_125.xml,PH1121126:203,BLUS:PH1121126:203:2,BLUS,VJ97,2026-07-21T08:15:00.000+05:45,Monday|Tuesday|Wednesday|Thursday|Friday,51,2
BODS_PH1121126_302_20260601_125.xml,PH1121126:302,BLUS:PH1121126:302:17,BLUS,VJ113,2026-07-21T13:38:00.000+05:45,Monday|Tuesday|Wednesday|Thursday|Friday,53,17
BODS_PH1121126_397_20260328_111.xml,PH1121126:397,BLUS:PH1121126:397:C5,BLUS,VJ1,2026-07-21T07:31:00.000+05:45,Monday|Tuesday|Wednesday|Thursday|Friday,61,C5
BODS_PH1121126_298_20260830_119.xml,PH1121126:298,BLUS:PH1121126:298:7,BLUS,VJ24,2026-07-21T14:38:00.000+05:45,Saturday,46,7
BODS_PH1121126_302_20260718_130.xml,PH1121126:302,BLUS:PH1121126:302:17,BLUS,VJ157,2026-07-21T17:37:00.000+05:45,Saturday,54,17
BODS_PH1121126_302_20260718_130.xml,PH1121126:302,BLUS:PH1121126:302:17,BLUS,VJ468,2026-07-21T16:45:00.000+05:45,Sunday,50,17
BODS_PH1121126_197_20260718_113.xml,PH1121126:197,BLUS:PH1121126:197:12,BLUS,VJ202,2026-07-21T12:28:00.000+05:45,Sunday,33,12
BODS_PH1121126_505_20260830_120.xml,PH1121126:505,BLUS:PH1121126:505:15,BLUS,VJ88,2026-07-21T10:42:00.000+05:45,Saturday,32,15
BODS_PH1121126_197_20260412_110.xml,PH1121126:197,BLUS:PH1121126:197:11,BLUS,VJ322,2026-07-21T18:46:00.000+05:45,Monday|Tuesday|Wednesday|Thursday|Friday,14,11
BODS_PH1121126_201_20260718_118.xml,PH1121126:201,BLUS:PH1121126:201:4,BLUS,VJ17,2026-07-21T11:25:00.000+05:45,Saturday,48,4
BODS_PH1121126_197_20260718_113.xml,PH1121126:197,BLUS:PH1121126:197:11,BLUS,VJ118,2026-07-21T13:30:00.000+05:45,Sunday,20,11
BODS_PH1121126_302_20260718_130.xml,PH1121126:302,BLUS:PH1121126:302:17,BLUS,VJ246,2026-07-21T09:35:00.000+05:45,Sunday,54,17
BODS_PH1121126_204_20260601_117.xml,PH1121126:204,BLUS:PH1121126:204:1,BLUS,VJ282,2026-07-21T10:10:00.000+05:45,Monday|Tuesday|Wednesday|Thursday|Friday,46,1
BODS_PH1121126_202_20260601_129.xml,PH1121126:202,BLUS:PH1121126:202:3,BLUS,VJ41,2026-07-21T09:35:00.000+05:45,Sunday,68,3
BODS_PH1121126_507_20260830_110.xml,PH1121126:507,BLUS:PH1121126:507:20,BLUS,VJ261,2026-07-21T16:44:00.000+05:45,Monday|Tuesday|Wednesday|Thursday|Friday,35,20
BODS_PH1121126_563_20260830_22.xml,PH1121126:563,BLUS:PH1121126:563:61,BLUS,VJ14,2026-07-21T06:10:00.000+05:45,Sunday,27,61
BODS_PH1121126_195_20260718_122.xml,PH1121126:195,BLUS:PH1121126:195:18,BLUS,VJ472,2026-07-21T09:32:00.000+05:45,Sunday,35,18
BODS_PH1121126_574_20260830_14.xml,PH1121126:574,BLUS:PH1121126:574:28,BLUS,VJ3,2026-07-21T12:35:00.000+05:45,Monday|Tuesday|Wednesday|Thursday|Friday,28,28
BODS_PH1121126_507_20260718_108.xml,PH1121126:507,BLUS:PH1121126:507:20,BLUS,VJ177,2026-07-21T14:10:00.000+05:45,Monday|Tuesday|Wednesday|Thursday|Friday,35,20
BODS_PH1121126_203_20260830_125.xml,PH1121126:203,BLUS:PH1121126:203:2,BLUS,VJ176,2026-07-21T11:27:00.000+05:45,Monday|Tuesday|Wednesday|Thursday|Friday,61,2
BODS_PH1121126_302_20260601_125.xml,PH1121126:302,BLUS:PH1121126:302:17,BLUS,VJ129,2026-07-21T05:55:00.000+05:45,Sunday,53,17
BODS_PH1121126_198_20260412_111.xml,PH1121126:198,BLUS:PH1121126:198:9,BLUS,VJ187,2026-07-21T11:15:00.000+05:45,Saturday,43,9
BODS_PH1121126_302_20260601_125.xml,PH1121126:302,BLUS:PH1121126:302:17,BLUS,VJ295,2026-07-21T14:10:00.000+05:45,Sunday,49,17
BODS_PH1121126_506_20260718_116.xml,PH1121126:506,BLUS:PH1121126:506:19a,BLUS,VJ141,2026-07-21T08:42:00.000+05:45,Monday|Tuesday|Wednesday|Thursday|Friday,49,19a
BODS_PH1121126_302_20260718_130.xml,PH1121126:302,BLUS:PH1121126:302:17,BLUS,VJ250,2026-07-21T04:55:00.000+05:45,Sunday,54,17
BODS_PH1121126_507_20260718_108.xml,PH1121126:507,BLUS:PH1121126:507:20,BLUS,VJ320,2026-07-21T04:20:00.000+05:45,Monday|Tuesday|Wednesday|Thursday|Friday,35,20
BODS_PH1121126_204_20260718_122.xml,PH1121126:204,BLUS:PH1121126:204:1,BLUS,VJ41,2026-07-21T14:00:00.000+05:45,Saturday,43,1
BODS_PH1121126_198_20260412_111.xml,PH1121126:198,BLUS:PH1121126:198:9,BLUS,VJ1,2026-07-21T05:25:00.000+05:45,Monday|Tuesday|Wednesday|Thursday|Friday,41,9
BODS_PH1121126_506_20260830_118.xml,PH1121126:506,BLUS:PH1121126:506:19,BLUS,VJ77,2026-07-21T18:05:00.000+05:45,Saturday,51,19
BODS_PH1121126_504_20260601_111.xml,PH1121126:504,BLUS:PH1121126:504:14,BLUS,VJ137,2026-07-21T08:35:00.000+05:45,Saturday,41,14
BODS_PH1121126_204_20260830_124.xml,PH1121126:204,BLUS:PH1121126:204:1,BLUS,VJ176,2026-07-21T09:10:00.000+05:45,Saturday,43,1
BODS_PH1121126_503_20260328_110.xml,PH1121126:503,BLUS:PH1121126:503:13,BLUS,VJ96,2026-07-21T21:37:00.000+05:45,Monday|Tuesday|Wednesday|Thursday|Friday,13,13
BODS_PH1121126_195_20260718_122.xml,PH1121126:195,BLUS:PH1121126:195:18,BLUS,VJ210,2026-07-21T06:32:00.000+05:45,Monday|Tuesday|Wednesday|Thursday|Friday,55,18
BODS_UZ000BLUS_6_20260830_1.xml,UZ000BLUS:6,BLUS:UZ000BLUS:6:6,BLUS,VJ73,2026-07-21T13:17:00.000+05:45,Saturday,27,6
BODS_PH1121126_204_20260830_124.xml,PH1121126:204,BLUS:PH1121126:204:1,BLUS,VJ409,2026-07-21T07:05:00.000+05:45,Monday|Tuesday|Wednesday|Thursday|Friday,47,1
BODS_PH1121126_575_20260830_20.xml,PH1121126:575,BLUS:PH1121126:575:PR1,BLUS,VJ120,2026-07-21T13:50:00.000+05:45,Sunday,2,PR1
BODS_PH1121126_302_20260718_130.xml,PH1121126:302,BLUS:PH1121126:302:17,BLUS,VJ43,2026-07-21T15:35:00.000+05:45,Monday|Tuesday|Wednesday|Thursday|Friday,54,17
BODS_PH1121126_574_20260830_14.xml,PH1121126:574,BLUS:PH1121126:574:28A,BLUS,VJ4,2026-07-21T08:28:00.000+05:45,Monday|Tuesday|Wednesday|Thursday|Friday,21,28A
BODS_PH1121126_203_20260718_123.xml,PH1121126:203,BLUS:PH1121126:203:2,BLUS,VJ9,2026-07-21T13:10:00.000+05:45,Saturday,51,2
BODS_PH1121126_529_20260830_83.xml,PH1121126:529,BLUS:PH1121126:529:24,BLUS,VJ16,2026-07-21T17:45:00.000+05:45,Monday|Tuesday|Wednesday|Thursday|Friday,36,24
BODS_PH1121126_195_20260718_122.xml,PH1121126:195,BLUS:PH1121126:195:18,BLUS,VJ482,2026-07-21T12:02:00.000+05:45,Sunday,35,18
BODS_PH1121126_197_20260718_113.xml,PH1121126:197,BLUS:PH1121126:197:12,BLUS,VJ221,2026-07-21T19:50:00.000+05:45,Sunday,33,12
BODS_PH1121126_195_20260601_117.xml,PH1121126:195,BLUS:PH1121126:195:18,BLUS,VJ502,2026-07-21T05:45:00.000+05:45,Sunday,34,18
BODS_PH1121126_203_20260830_125.xml,PH1121126:203,BLUS:PH1121126:203:2,BLUS,VJ69,2026-07-21T21:20:00.000+05:45,Monday|Tuesday|Wednesday|Thursday|Friday,51,2
BODS_PH1121126_302_20260718_130.xml,PH1121126:302,BLUS:PH1121126:302:17,BLUS,VJ117,2026-07-21T13:12:00.000+05:45,Saturday,54,17
BODS_PH1121126_204_20260830_124.xml,PH1121126:204,BLUS:PH1121126:204:1,BLUS,VJ274,2026-07-21T08:50:00.000+05:45,Monday|Tuesday|Wednesday|Thursday|Friday,47,1
BODS_PH1121126_198_20260412_111.xml,PH1121126:198,BLUS:PH1121126:198:9,BLUS,VJ95,2026-07-21T19:40:00.000+05:45,Monday|Tuesday|Wednesday|Thursday|Friday,62,9
BODS_PH1121126_195_20260830_124.xml,PH1121126:195,BLUS:PH1121126:195:18,BLUS,VJ82,2026-07-21T13:43:00.000+05:45,Saturday,55,18
BODS_PH1121126_505_20260718_118.xml,PH1121126:505,BLUS:PH1121126:505:15,BLUS,VJ7,2026-07-21T08:25:00.000+05:45,Monday|Tuesday|Wednesday|Thursday|Friday,35,15
BODS_PH1121126_197_20260830_115.xml,PH1121126:197,BLUS:PH1121126:197:12,BLUS,VJ246,2026-07-21T06:45:00.000+05:45,Monday|Tuesday|Wednesday|Thursday|Friday,33,12
BODS_PH1121126_302_20260718_130.xml,PH1121126:302,BLUS:PH1121126:302:17,BLUS,VJ370,2026-07-21T16:30:00.000+05:45,Saturday,50,17
BODS_PH1121126_199_20260412_113.xml,PH1121126:199,BLUS:PH1121126:199:8,BLUS,VJ32,2026-07-21T08:55:00.000+05:45,Sunday,36,8
BODS_PH1121126_302_20260830_132.xml,PH1121126:302,BLUS:PH1121126:302:17,BLUS,VJ195,2026-07-21T19:08:00.000+05:45,Saturday,54,17
BODS_PH1121126_302_20260718_130.xml,PH1121126:302,BLUS:PH1121126:302:17,BLUS,VJ108,2026-07-21T11:41:00.000+05:45,Saturday,54,17
BODS_PH1121126_507_20260718_108.xml,PH1121126:507,BLUS:PH1121126:507:20,BLUS,VJ4,2026-07-21T08:10:00.000+05:45,Monday|Tuesday|Wednesday|Thursday|Friday,17,20
BODS_PH1121126_201_20260718_118.xml,PH1121126:201,BLUS:PH1121126:201:4,BLUS,VJ33,2026-07-21T13:20:00.000+05:45,Sunday,48,4
BODS_PH1121126_302_20260718_130.xml,PH1121126:302,BLUS:PH1121126:302:17,BLUS,VJ244,2026-07-21T08:35:00.000+05:45,Sunday,54,17
BODS_PH1121126_198_20260718_114.xml,PH1121126:198,BLUS:PH1121126:198:9,BLUS,VJ7,2026-07-21T08:50:00.000+05:45,Sunday,41,9
BODS_PH1121126_504_20260601_111.xml,PH1121126:504,BLUS:PH1121126:504:14,BLUS,VJ44,2026-07-21T08:15:00.000+05:45,Monday|Tuesday|Wednesday|Thursday|Friday,31,14
BODS_PH1121126_575_20260718_18.xml,PH1121126:575,BLUS:PH1121126:575:PR1,BLUS,VJ100,2026-07-21T14:50:00.000+05:45,Saturday,2,PR1
BODS_PH1121126_197_20260412_110.xml,PH1121126:197,BLUS:PH1121126:197:12,BLUS,VJ221,2026-07-21T19:50:00.000+05:45,Sunday,33,12
BODS_PH1121126_302_20260601_125.xml,PH1121126:302,BLUS:PH1121126:302:17,BLUS,VJ112,2026-07-21T13:27:00.000+05:45,Monday|Tuesday|Wednesday|Thursday|Friday,53,17
BODS_PH1121126_195_20260830_124.xml,PH1121126:195,BLUS:PH1121126:195:18,BLUS,VJ167,2026-07-21T05:47:00.000+05:45,Saturday,55,18
BODS_PH1121126_195_20260718_122.xml,PH1121126:195,BLUS:PH1121126:195:18,BLUS,VJ270,2026-07-21T08:35:00.000+05:45,Saturday,35,18
BODS_PH1121126_197_20260412_110.xml,PH1121126:197,BLUS:PH1121126:197:11,BLUS,VJ131,2026-07-21T09:58:00.000+05:45,Saturday,20,11
BODS_PH1121126_505_20260718_118.xml,PH1121126:505,BLUS:PH1121126:505:15,BLUS,VJ126,2026-07-21T17:57:00.000+05:45,Saturday,32,15
BODS_PH1121126_203_20260830_125.xml,PH1121126:203,BLUS:PH1121126:203:2,BLUS,VJ30,2026-07-21T09:55:00.000+05:45,Monday|Tuesday|Wednesday|Thursday|Friday,51,2
BODS_PH1121126_575_20260531_15.xml,PH1121126:575,BLUS:PH1121126:575:PR1,BLUS,VJ50,2026-07-21T18:20:00.000+05:45,Saturday,3,PR1
BODS_PH1121126_196_20260718_123.xml,PH1121126:196,BLUS:PH1121126:196:16,BLUS,VJ26,2026-07-21T13:10:00.000+05:45,Monday|Tuesday|Wednesday|Thursday|Friday,18,16
BODS_PH1121126_506_20260830_118.xml,PH1121126:506,BLUS:PH1121126:506:19a,BLUS,VJ319,2026-07-21T16:20:00.000+05:45,Monday|Tuesday|Wednesday|Thursday|Friday,51,19a
BODS_PH1121126_507_20260830_110.xml,PH1121126:507,BLUS:PH1121126:507:20,BLUS,VJ305,2026-07-21T23:23:00.000+05:45,Sunday,35,20
BODS_PH1121126_302_20260718_130.xml,PH1121126:302,BLUS:PH1121126:302:17,BLUS,VJ243,2026-07-21T00:15:00.000+05:45,Sunday,54,17
BODS_PH1121126_302_20260601_125.xml,PH1121126:302,BLUS:PH1121126:302:17,BLUS,VJ377,2026-07-21T19:10:00.000+05:45,Saturday,49,17
BODS_PH1121126_302_20260718_130.xml,PH1121126:302,BLUS:PH1121126:302:17,BLUS,VJ318,2026-07-21T07:20:00.000+05:45,Monday|Tuesday|Wednesday|Thursday|Friday,50,17
BODS_PH1121126_197_20260718_113.xml,PH1121126:197,BLUS:PH1121126:197:11,BLUS,VJ299,2026-07-21T08:58:00.000+05:45,Saturday,32,11
BODS_PH1121126_474_20260718_113.xml,PH1121126:474,BLUS:PH1121126:474:619,BLUS,VJ11,2026-07-21T16:15:00.000+05:45,Monday|Tuesday|Wednesday|Thursday|Friday,30,619
BODS_PH1121126_507_20260830_110.xml,PH1121126:507,BLUS:PH1121126:507:20,BLUS,VJ156,2026-07-21T08:50:00.000+05:45,Monday|Tuesday|Wednesday|Thursday|Friday,35,20
BODS_PH1121126_195_20260830_124.xml,PH1121126:195,BLUS:PH1121126:195:18,BLUS,VJ481,2026-07-21T11:47:00.000+05:45,Sunday,35,18
BODS_PH1121126_506_20260601_111.xml,PH1121126:506,BLUS:PH1121126:506:19a,BLUS,VJ328,2026-07-21T18:53:00.000+05:45,Saturday,50,19a
BODS_PH1121126_507_20260830_110.xml,PH1121126:507,BLUS:PH1121126:507:20,BLUS,VJ160,2026-07-21T09:55:00.000+05:45,Monday|Tuesday|Wednesday|Thursday|Friday,35,20
BODS_PH1121126_201_20260830_120.xml,PH1121126:201,BLUS:PH1121126:201:4,BLUS,VJ129,2026-07-21T07:15:00.000+05:45,Monday|Tuesday|Wednesday|Thursday|Friday,48,4
BODS_PH1121126_197_20260718_113.xml,PH1121126:197,BLUS:PH1121126:197:11,BLUS,VJ262,2026-07-21T15:54:00.000+05:45,Saturday,32,11
BODS_PH1121126_200_20260328_115.xml,PH1121126:200,BLUS:PH1121126:200:5,BLUS,VJ54,2026-07-21T19:45:00.000+05:45,Monday|Tuesday|Wednesday|Thursday|Friday,35,5
BODS_PH1121126_503_20260718_117.xml,PH1121126:503,BLUS:PH1121126:503:13,BLUS,VJ96,2026-07-21T21:37:00.000+05:45,Monday|Tuesday|Wednesday|Thursday|Friday,13,13
BODS_UZ000BLUS_26_20260830_1.xml,UZ000BLUS:26,BLUS:UZ000BLUS:26:26,BLUS,VJ35,2026-07-21T11:18:00.000+05:45,Monday|Tuesday|Wednesday|Thursday|Friday,40,26
BODS_PH1121126_503_20260718_117.xml,PH1121126:503,BLUS:PH1121126:503:13,BLUS,VJ35,2026-07-21T10:03:00.000+05:45,Saturday,21,13
BODS_UZ000BLUS_6_20260830_1.xml,UZ000BLUS:6,BLUS:UZ000BLUS:6:6,BLUS,VJ119,2026-07-21T17:33:00.000+05:45,Sunday,27,6
BODS_PH1121126_204_20260830_124.xml,PH1121126:204,BLUS:PH1121126:204:1,BLUS,VJ403,2026-07-21T07:20:00.000+05:45,Saturday,47,1
BODS_PH1121126_503_20260830_119.xml,PH1121126:503,BLUS:PH1121126:503:13,BLUS,VJ70,2026-07-21T08:36:00.000+05:45,Saturday,31,13
BODS_PH1121126_204_20260830_124.xml,PH1121126:204,BLUS:PH1121126:204:1,BLUS,VJ144,2026-07-21T17:25:00.000+05:45,Monday|Tuesday|Wednesday|Thursday|Friday,43,1
BODS_PH1121126_198_20260830_116.xml,PH1121126:198,BLUS:PH1121126:198:9,BLUS,VJ27,2026-07-21T10:15:00.000+05:45,Monday|Tuesday|Wednesday|Thursday|Friday,42,9
BODS_PH1121126_506_20260601_111.xml,PH1121126:506,BLUS:PH1121126:506:19,BLUS,VJ195,2026-07-21T21:53:00.000+05:45,Monday|Tuesday|Wednesday|Thursday|Friday,50,19
BODS_PH1121126_575_20260718_18.xml,PH1121126:575,BLUS:PH1121126:575:PR1,BLUS,VJ110,2026-07-21T18:10:00.000+05:45,Saturday,2,PR1
BODS_PH1121126_505_20260718_118.xml,PH1121126:505,BLUS:PH1121126:505:15,BLUS,VJ73,2026-07-21T19:50:00.000+05:45,Sunday,35,15
BODS_PH1121126_204_20260718_122.xml,PH1121126:204,BLUS:PH1121126:204:1,BLUS,VJ150,2026-07-21T05:55:00.000+05:45,Saturday,43,1
BODS_PH1121126_302_20260601_125.xml,PH1121126:302,BLUS:PH1121126:302:17,BLUS,VJ235,2026-07-21T18:17:00.000+05:45,Saturday,21,17
BODS_PH1121126_200_20260830_120.xml,PH1121126:200,BLUS:PH1121126:200:5,BLUS,VJ89,2026-07-21T11:25:00.000+05:45,Saturday,42,5
BODS_PH1121126_505_20260601_113.xml,PH1121126:505,BLUS:PH1121126:505:15,BLUS,VJ108,2026-07-21T11:15:00.000+05:45,Sunday,32,15
BODS_PH1121126_506_20260601_111.xml,PH1121126:506,BLUS:PH1121126:506:19a,BLUS,VJ353,2026-07-21T17:43:00.000+05:45,Monday|Tuesday|Wednesday|Thursday|Friday,50,19a
BODS_PH1121126_336_20260830_115.xml,PH1121126:336,BLUS:PH1121126:336:H2,BLUS,VJ8,2026-07-21T14:35:00.000+05:45,Tuesday|Wednesday|Friday,27,H2
BODS_PH1121126_204_20260601_117.xml,PH1121126:204,BLUS:PH1121126:204:1,BLUS,VJ10,2026-07-21T06:55:00.000+05:45,Monday|Tuesday|Wednesday|Thursday|Friday,44,1
BODS_PH1121126_197_20260412_110.xml,PH1121126:197,BLUS:PH1121126:197:12,BLUS,VJ53,2026-07-21T10:00:00.000+05:45,Sunday,22,12
BODS_PH1121126_417_20260718_120.xml,PH1121126:417,BLUS:PH1121126:417:621,BLUS,VJ2,2026-07-21T09:30:00.000+05:45,Monday,33,621
BODS_PH1121126_472_20260718_121.xml,PH1121126:472,BLUS:PH1121126:472:605,BLUS,VJ7,2026-07-21T12:15:00.000+05:45,Monday|Tuesday|Wednesday|Thursday|Friday,54,605
BODS_PH1121126_197_20260412_110.xml,PH1121126:197,BLUS:PH1121126:197:12,BLUS,VJ203,2026-07-21T13:28:00.000+05:45,Sunday,33,12
BODS_PH1121126_203_20260718_123.xml,PH1121126:203,BLUS:PH1121126:203:2,BLUS,VJ43,2026-07-21T13:10:00.000+05:45,Monday|Tuesday|Wednesday|Thursday|Friday,51,2
BODS_PH1121126_204_20260601_117.xml,PH1121126:204,BLUS:PH1121126:204:1,BLUS,VJ155,2026-07-21T16:30:00.000+05:45,Monday|Tuesday|Wednesday|Thursday|Friday,42,1
BODS_PH1121126_195_20260830_124.xml,PH1121126:195,BLUS:PH1121126:195:18,BLUS,VJ29,2026-07-21T15:58:00.000+05:45,Sunday,55,18
BODS_PH1121126_196_20260601_118.xml,PH1121126:196,BLUS:PH1121126:196:16,BLUS,VJ175,2026-07-21T14:31:00.000+05:45,Monday|Tuesday|Wednesday|Thursday|Friday,26,16
BODS_PH1121126_302_20260601_125.xml,PH1121126:302,BLUS:PH1121126:302:17,BLUS,VJ391,2026-07-21T06:40:00.000+05:45,Saturday,49,17
BODS_PH1121126_506_20260830_118.xml,PH1121126:506,BLUS:PH1121126:506:19,BLUS,VJ37,2026-07-21T14:00:00.000+05:45,Monday|Tuesday|Wednesday|Thursday|Friday,51,19
BODS_PH1121126_203_20260718_123.xml,PH1121126:203,BLUS:PH1121126:203:2,BLUS,VJ159,2026-07-21T05:43:00.000+05:45,Sunday,38,2
BODS_PH1121126_203_20260718_123.xml,PH1121126:203,BLUS:PH1121126:203:2,BLUS,VJ297,2026-07-21T17:34:00.000+05:45,Monday|Tuesday|Wednesday|Thursday|Friday,61,2
BODS_PH1121126_199_20260718_116.xml,PH1121126:199,BLUS:PH1121126:199:8,BLUS,VJ47,2026-07-21T13:45:00.000+05:45,Monday|Tuesday|Wednesday|Thursday|Friday,52,8
BODS_PH1121126_302_20260830_132.xml,PH1121126:302,BLUS:PH1121126:302:17,BLUS,VJ350,2026-07-21T18:50:00.000+05:45,Monday|Tuesday|Wednesday|Thursday|Friday,50,17
BODS_PH1121126_543_20260830_82.xml,PH1121126:543,BLUS:PH1121126:543:607,BLUS,VJ3,2026-07-21T07:05:00.000+05:45,Tuesday|Wednesday|Thursday|Friday,34,607
BODS_PH1121126_503_20260830_119.xml,PH1121126:503,BLUS:PH1121126:503:13,BLUS,VJ81,2026-07-21T14:06:00.000+05:45,Saturday,31,13
BODS_PH1121126_302_20260718_130.xml,PH1121126:302,BLUS:PH1121126:302:17,BLUS,VJ474,2026-07-21T18:50:00.000+05:45,Sunday,50,17
BODS_PH1121126_507_20260718_108.xml,PH1121126:507,BLUS:PH1121126:507:20,BLUS,VJ260,2026-07-21T16:29:00.000+05:45,Monday|Tuesday|Wednesday|Thursday|Friday,35,20
BODS_PH1121126_507_20260601_103.xml,PH1121126:507,BLUS:PH1121126:507:20,BLUS,VJ311,2026-07-21T17:29:00.000+05:45,Monday|Tuesday|Wednesday|Thursday|Friday,34,20
BODS_PH1121126_197_20260718_113.xml,PH1121126:197,BLUS:PH1121126:197:12,BLUS,VJ201,2026-07-21T11:28:00.000+05:45,Sunday,33,12
BODS_PH1121126_507_20260718_108.xml,PH1121126:507,BLUS:PH1121126:507:20,BLUS,VJ287,2026-07-21T08:35:00.000+05:45,Monday|Tuesday|Wednesday|Thursday|Friday,35,20
BODS_PH1121126_195_20260830_124.xml,PH1121126:195,BLUS:PH1121126:195:18,BLUS,VJ179,2026-07-21T15:06:00.000+05:45,Monday|Tuesday|Wednesday|Thursday|Friday,55,18
BODS_PH1121126_504_20260830_118.xml,PH1121126:504,BLUS:PH1121126:504:14,BLUS,VJ90,2026-07-21T11:33:00.000+05:45,Saturday,43,14
BODS_PH1121126_185_20260830_114.xml,PH1121126:185,BLUS:PH1121126:185:635,BLUS,VJ4,2026-07-21T07:55:00.000+05:45,Monday|Tuesday|Wednesday|Thursday|Friday,26,635
BODS_PH1121126_502_20260328_107.xml,PH1121126:502,BLUS:PH1121126:502:10,BLUS,VJ23,2026-07-21T18:37:00.000+05:45,Saturday,23,10
BODS_PH1121126_507_20260601_103.xml,PH1121126:507,BLUS:PH1121126:507:20,BLUS,VJ106,2026-07-21T05:50:00.000+05:45,Monday|Tuesday|Wednesday|Thursday|Friday,16,20
BODS_PH1121126_575_20260830_20.xml,PH1121126:575,BLUS:PH1121126:575:PR1,BLUS,VJ23,2026-07-21T17:20:00.000+05:45,Saturday,3,PR1
BODS_PH1121126_198_20260830_116.xml,PH1121126:198,BLUS:PH1121126:198:9,BLUS,VJ49,2026-07-21T17:45:00.000+05:45,Monday|Tuesday|Wednesday|Thursday|Friday,42,9
BODS_PH1121126_302_20260601_125.xml,PH1121126:302,BLUS:PH1121126:302:17,BLUS,VJ242,2026-07-21T18:01:00.000+05:45,Monday|Tuesday|Wednesday|Thursday|Friday,21,17
BODS_PH1121126_204_20260830_124.xml,PH1121126:204,BLUS:PH1121126:204:1,BLUS,VJ125,2026-07-21T14:12:00.000+05:45,Monday|Tuesday|Wednesday|Thursday|Friday,43,1
BODS_PH1121126_575_20260718_18.xml,PH1121126:575,BLUS:PH1121126:575:PR1,BLUS,VJ16,2026-07-21T15:00:00.000+05:45,Saturday,3,PR1
BODS_PH1121126_506_20260718_116.xml,PH1121126:506,BLUS:PH1121126:506:19,BLUS,VJ53,2026-07-21T07:25:00.000+05:45,Saturday,51,19
BODS_PH1121126_302_20260718_130.xml,PH1121126:302,BLUS:PH1121126:302:17,BLUS,VJ116,2026-07-21T13:02:00.000+05:45,Saturday,54,17
BODS_PH1121126_203_20260601_118.xml,PH1121126:203,BLUS:PH1121126:203:2,BLUS,VJ224,2026-07-21T19:18:00.000+05:45,Monday|Tuesday|Wednesday|Thursday|Friday,60,2
BODS_PH1121126_195_20260718_122.xml,PH1121126:195,BLUS:PH1121126:195:18,BLUS,VJ24,2026-07-21T14:43:00.000+05:45,Sunday,55,18
BODS_UZ000BLUS_26_20260830_1.xml,UZ000BLUS:26,BLUS:UZ000BLUS:26:26,BLUS,VJ66,2026-07-21T06:47:00.000+05:45,Monday|Tuesday|Wednesday|Thursday|Friday,40,26
BODS_PH1121126_201_20260601_113.xml,PH1121126:201,BLUS:PH1121126:201:4,BLUS,VJ79,2026-07-21T09:32:00.000+05:45,Monday|Tuesday|Wednesday|Thursday|Friday,48,4
BODS_PH1121126_197_20260718_113.xml,PH1121126:197,BLUS:PH1121126:197:11,BLUS,VJ265,2026-07-21T17:24:00.000+05:45,Saturday,32,11
BODS_PH1121126_506_20260601_111.xml,PH1121126:506,BLUS:PH1121126:506:19a,BLUS,VJ333,2026-07-21T16:38:00.000+05:45,Monday|Tuesday|Wednesday|Thursday|Friday,50,19a
BODS_PH1121126_204_20260601_117.xml,PH1121126:204,BLUS:PH1121126:204:1,BLUS,VJ400,2026-07-21T16:45:00.000+05:45,Monday|Tuesday|Wednesday|Thursday|Friday,46,1
BODS_PH1121126_336_20260830_115.xml,PH1121126:336,BLUS:PH1121126:336:H2,BLUS,VJ6,2026-07-21T11:25:00.000+05:45,Tuesday|Wednesday|Friday,49,H2
BODS_PH1121126_302_20260601_125.xml,PH1121126:302,BLUS:PH1121126:302:17,BLUS,VJ115,2026-07-21T16:06:00.000+05:45,Monday|Tuesday|Wednesday|Thursday|Friday,53,17
BODS_PH1121126_195_20260601_117.xml,PH1121126:195,BLUS:PH1121126:195:18,BLUS,VJ210,2026-07-21T06:32:00.000+05:45,Monday|Tuesday|Wednesday|Thursday|Friday,54,18
BODS_PH1121126_505_20260830_120.xml,PH1121126:505,BLUS:PH1121126:505:15,BLUS,VJ55,2026-07-21T17:10:00.000+05:45,Monday|Tuesday|Wednesday|Thursday|Friday,35,15
BODS_PH1121126_204_20260718_122.xml,PH1121126:204,BLUS:PH1121126:204:1,BLUS,VJ381,2026-07-21T18:05:00.000+05:45,Saturday,47,1
BODS_PH1121126_196_20260830_125.xml,PH1121126:196,BLUS:PH1121126:196:16,BLUS,VJ51,2026-07-21T16:08:00.000+05:45,Monday|Tuesday|Wednesday|Thursday|Friday,36,16
BODS_PH1121126_237_20260412_115.xml,PH1121126:237,BLUS:PH1121126:237:QC,BLUS,VJ46,2026-07-21T18:25:00.000+05:45,Sunday,6,QC
BODS_PH1121126_204_20260718_122.xml,PH1121126:204,BLUS:PH1121126:204:1,BLUS,VJ61,2026-07-21T17:20:00.000+05:45,Saturday,43,1
BODS_PH1121126_196_20260718_123.xml,PH1121126:196,BLUS:PH1121126:196:16,BLUS,VJ59,2026-07-21T14:10:00.000+05:45,Saturday,18,16
BODS_PH1121126_302_20260718_130.xml,PH1121126:302,BLUS:PH1121126:302:17,BLUS,VJ78,2026-07-21T09:06:00.000+05:45,Monday|Tuesday|Wednesday|Thursday|Friday,54,17
BODS_PH1121126_302_20260601_125.xml,PH1121126:302,BLUS:PH1121126:302:17,BLUS,VJ159,2026-07-21T18:27:00.000+05:45,Saturday,53,17
BODS_PH1121126_575_20260531_15.xml,PH1121126:575,BLUS:PH1121126:575:PR1,BLUS,VJ70,2026-07-21T10:50:00.000+05:45,Saturday,2,PR1
BODS_PH1121126_196_20260718_123.xml,PH1121126:196,BLUS:PH1121126:196:16,BLUS,VJ18,2026-07-21T11:10:00.000+05:45,Monday|Tuesday|Wednesday|Thursday|Friday,18,16
BODS_PH1121126_195_20260718_122.xml,PH1121126:195,BLUS:PH1121126:195:18,BLUS,VJ68,2026-07-21T11:23:00.000+05:45,Saturday,55,18
BODS_PH1121126_298_20260601_111.xml,PH1121126:298,BLUS:PH1121126:298:7,BLUS,VJ108,2026-07-21T12:40:00.000+05:45,Monday|Tuesday|Wednesday|Thursday|Friday,60,7
BODS_PH1121126_302_20260718_130.xml,PH1121126:302,BLUS:PH1121126:302:17,BLUS,VJ74,2026-07-21T18:46:00.000+05:45,Monday|Tuesday|Wednesday|Thursday|Friday,54,17
BODS_PH1121126_302_20260601_125.xml,PH1121126:302,BLUS:PH1121126:302:17,BLUS,VJ479,2026-07-21T15:00:00.000+05:45,Monday|Tuesday|Wednesday|Thursday|Friday,49,17
BODS_PH1121126_506_20260601_111.xml,PH1121126:506,BLUS:PH1121126:506:19,BLUS,VJ38,2026-07-21T12:32:00.000+05:45,Monday|Tuesday|Wednesday|Thursday|Friday,50,19
BODS_PH1121126_529_20260830_83.xml,PH1121126:529,BLUS:PH1121126:529:24,BLUS,VJ31,2026-07-21T12:24:00.000+05:45,Saturday,49,24
BODS_PH1121126_503_20260718_117.xml,PH1121126:503,BLUS:PH1121126:503:13,BLUS,VJ122,2026-07-21T12:02:00.000+05:45,Sunday,31,13
BODS_PH1121126_195_20260601_117.xml,PH1121126:195,BLUS:PH1121126:195:18,BLUS,VJ265,2026-07-21T04:32:00.000+05:45,Monday|Tuesday|Wednesday|Thursday|Friday,12,18
BODS_PH1121126_201_20260718_118.xml,PH1121126:201,BLUS:PH1121126:201:4,BLUS,VJ35,2026-07-21T15:20:00.000+05:45,Sunday,48,4
BODS_PH1121126_298_20260601_111.xml,PH1121126:298,BLUS:PH1121126:298:7,BLUS,VJ155,2026-07-21T15:28:00.000+05:45,Sunday,55,7
BODS_PH1121126_204_20260601_117.xml,PH1121126:204,BLUS:PH1121126:204:1,BLUS,VJ108,2026-07-21T14:40:00.000+05:45,Sunday,42,1
BODS_PH1121126_298_20260601_111.xml,PH1121126:298,BLUS:PH1121126:298:7,BLUS,VJ127,2026-07-21T17:22:00.000+05:45,Monday|Tuesday|Wednesday|Thursday|Friday,60,7
BODS_PH1121126_196_20260830_125.xml,PH1121126:196,BLUS:PH1121126:196:16,BLUS,VJ19,2026-07-21T08:40:00.000+05:45,Monday|Tuesday|Wednesday|Thursday|Friday,36,16
BODS_PH1121126_503_20260830_119.xml,PH1121126:503,BLUS:PH1121126:503:13,BLUS,VJ102,2026-07-21T14:04:00.000+05:45,Sunday,31,13
BODS_PH1121126_203_20260830_125.xml,PH1121126:203,BLUS:PH1121126:203:2,BLUS,VJ267,2026-07-21T16:54:00.000+05:45,Monday|Tuesday|Wednesday|Thursday|Friday,61,2
BODS_PH1121126_507_20260718_108.xml,PH1121126:507,BLUS:PH1121126:507:20,BLUS,VJ75,2026-07-21T17:50:00.000+05:45,Saturday,17,20
BODS_PH1121126_203_20260601_118.xml,PH1121126:203,BLUS:PH1121126:203:2,BLUS,VJ275,2026-07-21T15:32:00.000+05:45,Monday|Tuesday|Wednesday|Thursday|Friday,60,2
BODS_PH1121126_302_20260830_132.xml,PH1121126:302,BLUS:PH1121126:302:17,BLUS,VJ398,2026-07-21T17:45:00.000+05:45,Sunday,50,17
BODS_PH1121126_504_20260830_118.xml,PH1121126:504,BLUS:PH1121126:504:14,BLUS,VJ58,2026-07-21T18:30:00.000+05:45,Saturday,31,14
BODS_PH1121126_506_20260601_111.xml,PH1121126:506,BLUS:PH1121126:506:19a,BLUS,VJ113,2026-07-21T13:15:00.000+05:45,Saturday,48,19a
BODS_PH1121126_196_20260830_125.xml,PH1121126:196,BLUS:PH1121126:196:16,BLUS,VJ127,2026-07-21T18:03:00.000+05:45,Monday|Tuesday|Wednesday|Thursday|Friday,43,16
BODS_PH1121126_204_20260601_117.xml,PH1121126:204,BLUS:PH1121126:204:1,BLUS,VJ295,2026-07-21T12:20:00.000+05:45,Monday|Tuesday|Wednesday|Thursday|Friday,46,1
BODS_PH1121126_506_20260830_118.xml,PH1121126:506,BLUS:PH1121126:506:19,BLUS,VJ57,2026-07-21T14:48:00.000+05:45,Monday|Tuesday|Wednesday|Thursday|Friday,51,19
BODS_PH1121126_204_20260830_124.xml,PH1121126:204,BLUS:PH1121126:204:1,BLUS,VJ353,2026-07-21T20:25:00.000+05:45,Saturday,47,1
BODS_PH1121126_298_20260601_111.xml,PH1121126:298,BLUS:PH1121126:298:7,BLUS,VJ17,2026-07-21T14:05:00.000+05:45,Monday|Tuesday|Wednesday|Thursday|Friday,51,7
BODS_PH1121126_302_20260718_130.xml,PH1121126:302,BLUS:PH1121126:302:17,BLUS,VJ456,2026-07-21T13:40:00.000+05:45,Sunday,50,17
BODS_PH1121126_195_20260718_122.xml,PH1121126:195,BLUS:PH1121126:195:18,BLUS,VJ167,2026-07-21T05:47:00.000+05:45,Saturday,55,18
BODS_PH1121126_204_20260830_124.xml,PH1121126:204,BLUS:PH1121126:204:N1,BLUS,VJ222,2026-07-21T04:10:00.000+05:45,Saturday,48,N1
BODS_PH1121126_575_20260830_20.xml,PH1121126:575,BLUS:PH1121126:575:PR1,BLUS,VJ8,2026-07-21T12:20:00.000+05:45,Saturday,3,PR1
BODS_PH1121126_204_20260830_124.xml,PH1121126:204,BLUS:PH1121126:204:1,BLUS,VJ328,2026-07-21T15:14:00.000+05:45,Monday|Tuesday|Wednesday|Thursday|Friday,47,1
BODS_PH1121126_302_20260830_132.xml,PH1121126:302,BLUS:PH1121126:302:17,BLUS,VJ441,2026-07-21T07:40:00.000+05:45,Saturday,50,17
BODS_PH1121126_507_20260718_108.xml,PH1121126:507,BLUS:PH1121126:507:20,BLUS,VJ311,2026-07-21T17:29:00.000+05:45,Monday|Tuesday|Wednesday|Thursday|Friday,35,20
BODS_PH1121126_204_20260830_124.xml,PH1121126:204,BLUS:PH1121126:204:1,BLUS,VJ410,2026-07-21T14:10:00.000+05:45,Monday|Tuesday|Wednesday|Thursday|Friday,47,1
BODS_PH1121126_336_20260718_113.xml,PH1121126:336,BLUS:PH1121126:336:H1,BLUS,VJ1,2026-07-21T09:25:00.000+05:45,Tuesday|Wednesday|Friday,45,H1
BODS_PH1121126_302_20260601_125.xml,PH1121126:302,BLUS:PH1121126:302:17,BLUS,VJ98,2026-07-21T09:15:00.000+05:45,Saturday,53,17
BODS_PH1121126_196_20260718_123.xml,PH1121126:196,BLUS:PH1121126:196:16,BLUS,VJ187,2026-07-21T14:24:00.000+05:45,Sunday,28,16
BODS_PH1121126_197_20260830_115.xml,PH1121126:197,BLUS:PH1121126:197:12,BLUS,VJ61,2026-07-21T18:15:00.000+05:45,Sunday,22,12
BODS_PH1121126_237_20260412_115.xml,PH1121126:237,BLUS:PH1121126:237:QC,BLUS,VJ2,2026-07-21T07:10:00.000+05:45,Monday|Tuesday|Wednesday|Thursday|Friday,6,QC
BODS_PH1121126_529_20260328_78.xml,PH1121126:529,BLUS:PH1121126:529:24,BLUS,VJ32,2026-07-21T12:24:00.000+05:45,Saturday,49,24
BODS_PH1121126_197_20260718_113.xml,PH1121126:197,BLUS:PH1121126:197:11,BLUS,VJ298,2026-07-21T18:24:00.000+05:45,Saturday,32,11
BODS_PH1121126_195_20260830_124.xml,PH1121126:195,BLUS:PH1121126:195:18,BLUS,VJ420,2026-07-21T20:57:00.000+05:45,Monday|Tuesday|Wednesday|Thursday|Friday,35,18
BODS_PH1121126_507_20260601_103.xml,PH1121126:507,BLUS:PH1121126:507:20,BLUS,VJ241,2026-07-21T13:40:00.000+05:45,Saturday,34,20
BODS_PH1121126_506_20260601_111.xml,PH1121126:506,BLUS:PH1121126:506:19,BLUS,VJ231,2026-07-21T15:37:00.000+05:45,Saturday,51,19
BODS_PH1121126_200_20260830_120.xml,PH1121126:200,BLUS:PH1121126:200:5,BLUS,VJ9,2026-07-21T17:40:00.000+05:45,Monday|Tuesday|Wednesday|Thursday|Friday,36,5
BODS_PH1121126_197_20260830_115.xml,PH1121126:197,BLUS:PH1121126:197:12,BLUS,VJ236,2026-07-21T18:10:00.000+05:45,Saturday,33,12
BODS_PH1121126_503_20260328_110.xml,PH1121126:503,BLUS:PH1121126:503:13,BLUS,VJ69,2026-07-21T20:10:00.000+05:45,Saturday,21,13
BODS_PH1121126_298_20260718_117.xml,PH1121126:298,BLUS:PH1121126:298:7,BLUS,VJ46,2026-07-21T09:35:00.000+05:45,Saturday,52,7
BODS_PH1121126_195_20260718_122.xml,PH1121126:195,BLUS:PH1121126:195:18,BLUS,VJ277,2026-07-21T09:45:00.000+05:45,Saturday,35,18
BODS_PH1121126_202_20260718_134.xml,PH1121126:202,BLUS:PH1121126:202:3,BLUS,VJ39,2026-07-21T11:25:00.000+05:45,Saturday,70,3
BODS_PH1121126_198_20260830_116.xml,PH1121126:198,BLUS:PH1121126:198:9,BLUS,VJ100,2026-07-21T00:10:00.000+05:45,Saturday,62,9
BODS_PH1121126_302_20260601_125.xml,PH1121126:302,BLUS:PH1121126:302:17,BLUS,VJ206,2026-07-21T05:32:00.000+05:45,Monday,53,17
BODS_PH1121126_201_20260830_120.xml,PH1121126:201,BLUS:PH1121126:201:4,BLUS,VJ29,2026-07-21T17:20:00.000+05:45,Saturday,48,4
BODS_PH1121126_503_20260328_110.xml,PH1121126:503,BLUS:PH1121126:503:13,BLUS,VJ106,2026-07-21T10:57:00.000+05:45,Saturday,31,13
BODS_PH1121126_503_20260718_117.xml,PH1121126:503,BLUS:PH1121126:503:13,BLUS,VJ93,2026-07-21T19:32:00.000+05:45,Monday|Tuesday|Wednesday|Thursday|Friday,31,13
BODS_PH1121126_198_20260830_116.xml,PH1121126:198,BLUS:PH1121126:198:9,BLUS,VJ123,2026-07-21T11:49:00.000+05:45,Saturday,48,9
BODS_PH1121126_575_20260830_20.xml,PH1121126:575,BLUS:PH1121126:575:PR1,BLUS,VJ88,2026-07-21T10:50:00.000+05:45,Saturday,2,PR1
BODS_PH1121126_506_20260830_118.xml,PH1121126:506,BLUS:PH1121126:506:19,BLUS,VJ94,2026-07-21T13:30:00.000+05:45,Monday|Tuesday|Wednesday|Thursday|Friday,51,19
BODS_PH1121126_198_20260718_114.xml,PH1121126:198,BLUS:PH1121126:198:9,BLUS,VJ116,2026-07-21T18:38:00.000+05:45,Monday|Tuesday|Wednesday|Thursday|Friday,52,9
BODS_PH1121126_338_20260412_110.xml,PH1121126:338,BLUS:PH1121126:338:T4,BLUS,VJ5,2026-07-21T12:25:00.000+05:45,Wednesday|Thursday,55,T4
BODS_PH1121126_298_20260830_119.xml,PH1121126:298,BLUS:PH1121126:298:7,BLUS,VJ69,2026-07-21T14:10:00.000+05:45,Sunday,46,7
BODS_PH1121126_198_20260830_116.xml,PH1121126:198,BLUS:PH1121126:198:9,BLUS,VJ158,2026-07-21T07:15:00.000+05:45,Monday|Tuesday|Wednesday|Thursday|Friday,43,9
BODS_PH1121126_302_20260830_132.xml,PH1121126:302,BLUS:PH1121126:302:17,BLUS,VJ91,2026-07-21T10:35:00.000+05:45,Saturday,54,17
BODS_PH1121126_198_20260412_111.xml,PH1121126:198,BLUS:PH1121126:198:9,BLUS,VJ5,2026-07-21T20:10:00.000+05:45,Saturday,41,9
BODS_PH1121126_204_20260830_124.xml,PH1121126:204,BLUS:PH1121126:204:1,BLUS,VJ378,2026-07-21T18:45:00.000+05:45,Monday|Tuesday|Wednesday|Thursday|Friday,47,1
BODS_PH1121126_302_20260718_130.xml,PH1121126:302,BLUS:PH1121126:302:17,BLUS,VJ463,2026-07-21T15:25:00.000+05:45,Sunday,50,17
BODS_PH1121126_204_20260830_124.xml,PH1121126:204,BLUS:PH1121126:204:1,BLUS,VJ433,2026-07-21T05:55:00.000+05:45,Monday|Tuesday|Wednesday|Thursday|Friday,28,1
BODS_PH1121126_503_20260718_117.xml,PH1121126:503,BLUS:PH1121126:503:13,BLUS,VJ59,2026-07-21T07:45:00.000+05:45,Sunday,21,13
BODS_PH1121126_199_20260830_118.xml,PH1121126:199,BLUS:PH1121126:199:8,BLUS,VJ64,2026-07-21T19:35:00.000+05:45,Monday|Tuesday|Wednesday|Thursday|Friday,34,8
BODS_PH1121126_200_20260718_118.xml,PH1121126:200,BLUS:PH1121126:200:5,BLUS,VJ92,2026-07-21T07:55:00.000+05:45,Saturday,42,5
BODS_PH1121126_204_20260830_124.xml,PH1121126:204,BLUS:PH1121126:204:1,BLUS,VJ106,2026-07-21T14:00:00.000+05:45,Sunday,43,1
BODS_PH1121126_237_20260718_118.xml,PH1121126:237,BLUS:PH1121126:237:QC,BLUS,VJ63,2026-07-21T07:30:00.000+05:45,Saturday,6,QC
BODS_PH1121126_506_20260830_118.xml,PH1121126:506,BLUS:PH1121126:506:19a,BLUS,VJ285,2026-07-21T10:55:00.000+05:45,Monday|Tuesday|Wednesday|Thursday|Friday,51,19a
BODS_PH1121126_302_20260601_125.xml,PH1121126:302,BLUS:PH1121126:302:17,BLUS,VJ57,2026-07-21T11:19:00.000+05:45,Saturday,53,17
BODS_PH1121126_201_20260830_120.xml,PH1121126:201,BLUS:PH1121126:201:4,BLUS,VJ72,2026-07-21T07:20:00.000+05:45,Monday|Tuesday|Wednesday|Thursday|Friday,48,4
BODS_UZ000BLUS_6_20260830_1.xml,UZ000BLUS:6,BLUS:UZ000BLUS:6:6,BLUS,VJ89,2026-07-21T11:16:00.000+05:45,Monday|Tuesday|Wednesday|Thursday|Friday,27,6
BODS_PH1121126_504_20260601_111.xml,PH1121126:504,BLUS:PH1121126:504:14,BLUS,VJ94,2026-07-21T13:32:00.000+05:45,Saturday,41,14
BODS_PH1121126_506_20260830_118.xml,PH1121126:506,BLUS:PH1121126:506:19a,BLUS,VJ103,2026-07-21T10:14:00.000+05:45,Monday|Tuesday|Wednesday|Thursday|Friday,49,19a
BODS_PH1121126_507_20260601_103.xml,PH1121126:507,BLUS:PH1121126:507:20,BLUS,VJ179,2026-07-21T09:45:00.000+05:45,Sunday,34,20
BODS_PH1121126_507_20260830_110.xml,PH1121126:507,BLUS:PH1121126:507:20,BLUS,VJ113,2026-07-21T19:35:00.000+05:45,Monday|Tuesday|Wednesday|Thursday|Friday,17,20
BODS_PH1121126_575_20260830_20.xml,PH1121126:575,BLUS:PH1121126:575:PR2,BLUS,VJ156,2026-07-21T16:00:00.000+05:45,Monday|Tuesday|Wednesday|Thursday|Friday|Saturday|Sunday,1,PR2
BODS_PH1121126_506_20260718_116.xml,PH1121126:506,BLUS:PH1121126:506:19,BLUS,VJ152,2026-07-21T06:48:00.000+05:45,Monday|Tuesday|Wednesday|Thursday|Friday,46,19
BODS_PH1121126_197_20260718_113.xml,PH1121126:197,BLUS:PH1121126:197:11,BLUS,VJ136,2026-07-21T21:55:00.000+05:45,Monday|Tuesday|Wednesday|Thursday|Friday,20,11
BODS_PH1121126_503_20260830_119.xml,PH1121126:503,BLUS:PH1121126:503:13,BLUS,VJ57,2026-07-21T18:25:00.000+05:45,Saturday,21,13
BODS_PH1121126_506_20260601_111.xml,PH1121126:506,BLUS:PH1121126:506:19,BLUS,VJ197,2026-07-21T22:55:00.000+05:45,Monday|Tuesday|Wednesday|Thursday|Friday,50,19
BODS_PH1121126_505_20260830_120.xml,PH1121126:505,BLUS:PH1121126:505:15,BLUS,VJ69,2026-07-21T09:30:00.000+05:45,Sunday,35,15
BODS_PH1121126_198_20260412_111.xml,PH1121126:198,BLUS:PH1121126:198:9,BLUS,VJ58,2026-07-21T12:40:00.000+05:45,Sunday,47,9
BODS_PH1121126_204_20260718_122.xml,PH1121126:204,BLUS:PH1121126:204:1,BLUS,VJ253,2026-07-21T14:40:00.000+05:45,Saturday,47,1
BODS_PH1121126_204_20260830_124.xml,PH1121126:204,BLUS:PH1121126:204:1,BLUS,VJ236,2026-07-21T11:50:00.000+05:45,Saturday,47,1
BODS_PH1121126_506_20260830_118.xml,PH1121126:506,BLUS:PH1121126:506:19,BLUS,VJ92,2026-07-21T08:58:00.000+05:45,Monday|Tuesday|Wednesday|Thursday|Friday,51,19
BODS_PH1121126_507_20260718_108.xml,PH1121126:507,BLUS:PH1121126:507:20,BLUS,VJ94,2026-07-21T10:18:00.000+05:45,Saturday,17,20
BODS_PH1121126_504_20260830_118.xml,PH1121126:504,BLUS:PH1121126:504:14,BLUS,VJ75,2026-07-21T10:03:00.000+05:45,Monday|Tuesday|Wednesday|Thursday|Friday,43,14
BODS_PH1121126_203_20260601_118.xml,PH1121126:203,BLUS:PH1121126:203:2,BLUS,VJ137,2026-07-21T21:50:00.000+05:45,Monday|Tuesday|Wednesday|Thursday|Friday,35,2
BODS_PH1121126_196_20260718_123.xml,PH1121126:196,BLUS:PH1121126:196:16,BLUS,VJ208,2026-07-21T21:40:00.000+05:45,Monday|Tuesday|Wednesday|Thursday|Friday,28,16
BODS_PH1121126_203_20260830_125.xml,PH1121126:203,BLUS:PH1121126:203:2,BLUS,VJ178,2026-07-21T11:57:00.000+05:45,Monday|Tuesday|Wednesday|Thursday|Friday,61,2
BODS_PH1121126_204_20260830_124.xml,PH1121126:204,BLUS:PH1121126:204:1,BLUS,VJ323,2026-07-21T15:45:00.000+05:45,Sunday,47,1
BODS_PH1121126_204_20260601_117.xml,PH1121126:204,BLUS:PH1121126:204:1,BLUS,VJ433,2026-07-21T05:55:00.000+05:45,Monday|Tuesday|Wednesday|Thursday|Friday,27,1
BODS_PH1121126_195_20260601_117.xml,PH1121126:195,BLUS:PH1121126:195:18,BLUS,VJ446,2026-07-21T17:51:00.000+05:45,Monday|Tuesday|Wednesday|Thursday|Friday,34,18
BODS_PH1121126_195_20260830_124.xml,PH1121126:195,BLUS:PH1121126:195:18,BLUS,VJ132,2026-07-21T15:37:00.000+05:45,Monday|Tuesday|Wednesday|Thursday|Friday,55,18
BODS_PH1121126_529_20260718_81.xml,PH1121126:529,BLUS:PH1121126:529:24,BLUS,VJ10,2026-07-21T11:10:00.000+05:45,Monday|Tuesday|Wednesday|Thursday|Friday,36,24
BODS_PH1121126_237_20260718_118.xml,PH1121126:237,BLUS:PH1121126:237:QC,BLUS,VJ54,2026-07-21T12:20:00.000+05:45,Monday|Tuesday|Wednesday|Thursday|Friday,6,QC
BODS_PH1121126_195_20260718_122.xml,PH1121126:195,BLUS:PH1121126:195:18,BLUS,VJ403,2026-07-21T19:35:00.000+05:45,Saturday,35,18
BODS_PH1121126_204_20260830_124.xml,PH1121126:204,BLUS:PH1121126:204:1,BLUS,VJ111,2026-07-21T15:40:00.000+05:45,Sunday,43,1
BODS_PH1121126_201_20260718_118.xml,PH1121126:201,BLUS:PH1121126:201:4,BLUS,VJ69,2026-07-21T07:55:00.000+05:45,Monday|Tuesday|Wednesday|Thursday|Friday,48,4
BODS_PH1121126_203_20260830_125.xml,PH1121126:203,BLUS:PH1121126:203:2,BLUS,VJ107,2026-07-21T10:20:00.000+05:45,Sunday,51,2
BODS_PH1121126_198_20260830_116.xml,PH1121126:198,BLUS:PH1121126:198:9,BLUS,VJ73,2026-07-21T13:15:00.000+05:45,Monday|Tuesday|Wednesday|Thursday|Friday,47,9
BODS_PH1121126_302_20260601_125.xml,PH1121126:302,BLUS:PH1121126:302:17,BLUS,VJ25,2026-07-21T12:30:00.000+05:45,Sunday,53,17
BODS_PH1121126_505_20260601_113.xml,PH1121126:505,BLUS:PH1121126:505:15,BLUS,VJ17,2026-07-21T13:25:00.000+05:45,Monday|Tuesday|Wednesday|Thursday|Friday,34,15
BODS_PH1121126_507_20260830_110.xml,PH1121126:507,BLUS:PH1121126:507:20,BLUS,VJ10,2026-07-21T09:45:00.000+05:45,Monday|Tuesday|Wednesday|Thursday|Friday,17,20
BODS_PH1121126_204_20260830_124.xml,PH1121126:204,BLUS:PH1121126:204:1,BLUS,VJ13,2026-07-21T07:15:00.000+05:45,Monday|Tuesday|Wednesday|Thursday|Friday,45,1
BODS_PH1121126_195_20260718_122.xml,PH1121126:195,BLUS:PH1121126:195:18,BLUS,VJ207,2026-07-21T06:52:00.000+05:45,Monday|Tuesday|Wednesday|Thursday|Friday,55,18
BODS_PH1121126_195_20260718_122.xml,PH1121126:195,BLUS:PH1121126:195:18,BLUS,VJ130,2026-07-21T20:47:00.000+05:45,Monday|Tuesday|Wednesday|Thursday|Friday,55,18
BODS_PH1121126_418_20260830_113.xml,PH1121126:418,BLUS:PH1121126:418:617,BLUS,VJ3,2026-07-21T07:25:00.000+05:45,Tuesday|Wednesday|Thursday|Friday,24,617
BODS_PH1121126_203_20260601_118.xml,PH1121126:203,BLUS:PH1121126:203:2,BLUS,VJ221,2026-07-21T16:10:00.000+05:45,Sunday,60,2
BODS_PH1121126_202_20260601_129.xml,PH1121126:202,BLUS:PH1121126:202:3,BLUS,VJ60,2026-07-21T06:45:00.000+05:45,Monday|Tuesday|Wednesday|Thursday|Friday,68,3
BODS_PH1121126_199_20260412_113.xml,PH1121126:199,BLUS:PH1121126:199:8,BLUS,VJ6,2026-07-21T13:50:00.000+05:45,Monday|Tuesday|Wednesday|Thursday|Friday,51,8
BODS_PH1121126_302_20260830_132.xml,PH1121126:302,BLUS:PH1121126:302:17,BLUS,VJ450,2026-07-21T04:10:00.000+05:45,Sunday,50,17
BODS_PH1121126_575_20260531_15.xml,PH1121126:575,BLUS:PH1121126:575:PR1,BLUS,VJ90,2026-07-21T17:30:00.000+05:45,Saturday,2,PR1
BODS_PH1121126_198_20260412_111.xml,PH1121126:198,BLUS:PH1121126:198:9,BLUS,VJ109,2026-07-21T05:10:00.000+05:45,Monday|Tuesday|Wednesday|Thursday|Friday,52,9
BODS_PH1121126_197_20260830_115.xml,PH1121126:197,BLUS:PH1121126:197:11,BLUS,VJ289,2026-07-21T15:09:00.000+05:45,Monday|Tuesday|Wednesday|Thursday|Friday,32,11
BODS_PH1121126_195_20260830_124.xml,PH1121126:195,BLUS:PH1121126:195:18,BLUS,VJ213,2026-07-21T05:37:00.000+05:45,Monday|Tuesday|Wednesday|Thursday|Friday,55,18
BODS_PH1121126_195_20260601_117.xml,PH1121126:195,BLUS:PH1121126:195:18,BLUS,VJ311,2026-07-21T10:05:00.000+05:45,Monday|Tuesday|Wednesday|Thursday|Friday,34,18
BODS_UZ000BLUS_6_20260830_1.xml,UZ000BLUS:6,BLUS:UZ000BLUS:6:6,BLUS,VJ88,2026-07-21T10:46:00.000+05:45,Monday|Tuesday|Wednesday|Thursday|Friday,27,6
BODS_PH1121126_505_20260601_113.xml,PH1121126:505,BLUS:PH1121126:505:15,BLUS,VJ6,2026-07-21T07:45:00.000+05:45,Monday|Tuesday|Wednesday|Thursday|Friday,34,15
BODS_PH1121126_505_20260601_113.xml,PH1121126:505,BLUS:PH1121126:505:15,BLUS,VJ25,2026-07-21T05:35:00.000+05:45,Monday,34,15
BODS_PH1121126_195_20260718_122.xml,PH1121126:195,BLUS:PH1121126:195:18,BLUS,VJ488,2026-07-21T13:32:00.000+05:45,Sunday,35,18
BODS_PH1121126_302_20260718_130.xml,PH1121126:302,BLUS:PH1121126:302:17,BLUS,VJ220,2026-07-21T17:00:00.000+05:45,Sunday,54,17
BODS_PH1121126_469_20260830_112.xml,PH1121126:469,BLUS:PH1121126:469:506,BLUS,VJ1,2026-07-21T07:44:00.000+05:45,Monday|Tuesday|Wednesday|Thursday|Friday,18,506
BODS_PH1121126_507_20260718_108.xml,PH1121126:507,BLUS:PH1121126:507:20,BLUS,VJ159,2026-07-21T09:40:00.000+05:45,Monday|Tuesday|Wednesday|Thursday|Friday,35,20
BODS_PH1121126_506_20260718_116.xml,PH1121126:506,BLUS:PH1121126:506:19a,BLUS,VJ94,2026-07-21T15:15:00.000+05:45,Saturday,49,19a
BODS_PH1121126_504_20260718_116.xml,PH1121126:504,BLUS:PH1121126:504:14,BLUS,VJ128,2026-07-21T08:20:00.000+05:45,Monday|Tuesday|Wednesday|Thursday|Friday,43,14
BODS_PH1121126_507_20260830_110.xml,PH1121126:507,BLUS:PH1121126:507:20,BLUS,VJ173,2026-07-21T13:10:00.000+05:45,Monday|Tuesday|Wednesday|Thursday|Friday,35,20
BODS_PH1121126_204_20260830_124.xml,PH1121126:204,BLUS:PH1121126:204:1,BLUS,VJ40,2026-07-21T13:50:00.000+05:45,Saturday,43,1
BODS_PH1121126_507_20260601_103.xml,PH1121126:507,BLUS:PH1121126:507:20,BLUS,VJ172,2026-07-21T12:55:00.000+05:45,Monday|Tuesday|Wednesday|Thursday|Friday,34,20
BODS_PH1121126_204_20260718_122.xml,PH1121126:204,BLUS:PH1121126:204:N1,BLUS,VJ222,2026-07-21T04:10:00.000+05:45,Saturday,48,N1
BODS_PH1121126_195_20260830_124.xml,PH1121126:195,BLUS:PH1121126:195:18,BLUS,VJ85,2026-07-21T14:43:00.000+05:45,Saturday,55,18
BODS_PH1121126_196_20260601_118.xml,PH1121126:196,BLUS:PH1121126:196:16,BLUS,VJ1,2026-07-21T07:25:00.000+05:45,Monday|Tuesday|Wednesday|Thursday|Friday,18,16
BODS_PH1121126_203_20260601_118.xml,PH1121126:203,BLUS:PH1121126:203:2,BLUS,VJ195,2026-07-21T13:30:00.000+05:45,Saturday,60,2
BODS_PH1121126_503_20260718_117.xml,PH1121126:503,BLUS:PH1121126:503:13,BLUS,VJ54,2026-07-21T12:40:00.000+05:45,Sunday,21,13
BODS_PH1121126_198_20260412_111.xml,PH1121126:198,BLUS:PH1121126:198:9,BLUS,VJ172,2026-07-21T20:13:00.000+05:45,Sunday,60,9
BODS_PH1121126_503_20260328_110.xml,PH1121126:503,BLUS:PH1121126:503:13,BLUS,VJ136,2026-07-21T18:32:00.000+05:45,Saturday,31,13
BODS_PH1121126_503_20260328_110.xml,PH1121126:503,BLUS:PH1121126:503:13,BLUS,VJ35,2026-07-21T10:03:00.000+05:45,Saturday,21,13
BODS_PH1121126_507_20260601_103.xml,PH1121126:507,BLUS:PH1121126:507:20,BLUS,VJ303,2026-07-21T07:55:00.000+05:45,Monday|Tuesday|Wednesday|Thursday|Friday,34,20
BODS_PH1121126_195_20260718_122.xml,PH1121126:195,BLUS:PH1121126:195:18,BLUS,VJ303,2026-07-21T14:03:00.000+05:45,Saturday,35,18
BODS_PH1121126_204_20260601_117.xml,PH1121126:204,BLUS:PH1121126:204:1,BLUS,VJ414,2026-07-21T06:20:00.000+05:45,Sunday,46,1
BODS_PH1121126_507_20260718_108.xml,PH1121126:507,BLUS:PH1121126:507:20,BLUS,VJ86,2026-07-21T17:30:00.000+05:45,Monday|Tuesday|Wednesday|Thursday|Friday,17,20
BODS_PH1121126_197_20260718_113.xml,PH1121126:197,BLUS:PH1121126:197:11,BLUS,VJ279,2026-07-21T13:57:00.000+05:45,Monday|Tuesday|Wednesday|Thursday|Friday,32,11
BODS_PH1121126_302_20260601_125.xml,PH1121126:302,BLUS:PH1121126:302:17,BLUS,VJ67,2026-07-21T13:02:00.000+05:45,Saturday,53,17
BODS_PH1121126_203_20260601_118.xml,PH1121126:203,BLUS:PH1121126:203:2,BLUS,VJ114,2026-07-21T09:50:00.000+05:45,Sunday,50,2
BODS_PH1121126_452_20260718_118.xml,PH1121126:452,BLUS:PH1121126:452:C7,BLUS,VJ1,2026-07-21T07:20:00.000+05:45,Monday|Tuesday|Wednesday|Thursday|Friday,59,C7
BODS_PH1121126_204_20260718_122.xml,PH1121126:204,BLUS:PH1121126:204:1,BLUS,VJ396,2026-07-21T19:45:00.000+05:45,Saturday,47,1
BODS_PH1121126_237_20260830_120.xml,PH1121126:237,BLUS:PH1121126:237:QC,BLUS,VJ43,2026-07-21T14:55:00.000+05:45,Sunday,6,QC
BODS_PH1121126_204_20260830_124.xml,PH1121126:204,BLUS:PH1121126:204:1,BLUS,VJ50,2026-07-21T15:30:00.000+05:45,Saturday,43,1
BODS_PH1121126_506_20260718_116.xml,PH1121126:506,BLUS:PH1121126:506:19a,BLUS,VJ251,2026-07-21T15:27:00.000+05:45,Monday|Tuesday|Wednesday|Thursday|Friday,51,19a
BODS_PH1121126_197_20260830_115.xml,PH1121126:197,BLUS:PH1121126:197:12,BLUS,VJ10,2026-07-21T15:40:00.000+05:45,Saturday,22,12
BODS_PH1121126_195_20260601_117.xml,PH1121126:195,BLUS:PH1121126:195:18,BLUS,VJ478,2026-07-21T11:02:00.000+05:45,Sunday,34,18
BODS_PH1121126_504_20260830_118.xml,PH1121126:504,BLUS:PH1121126:504:14,BLUS,VJ94,2026-07-21T13:33:00.000+05:45,Saturday,43,14
BODS_PH1121126_302_20260830_132.xml,PH1121126:302,BLUS:PH1121126:302:17,BLUS,VJ371,2026-07-21T13:50:00.000+05:45,Monday|Tuesday|Wednesday|Thursday|Friday,50,17
BODS_PH1121126_198_20260830_116.xml,PH1121126:198,BLUS:PH1121126:198:9,BLUS,VJ186,2026-07-21T08:45:00.000+05:45,Sunday,52,9
BODS_PH1121126_204_20260830_124.xml,PH1121126:204,BLUS:PH1121126:204:1,BLUS,VJ359,2026-07-21T20:25:00.000+05:45,Monday|Tuesday|Wednesday|Thursday|Friday,47,1
BODS_PH1121126_195_20260830_124.xml,PH1121126:195,BLUS:PH1121126:195:18,BLUS,VJ202,2026-07-21T18:25:00.000+05:45,Saturday,55,18
BODS_PH1121126_302_20260718_130.xml,PH1121126:302,BLUS:PH1121126:302:N17,BLUS,VJ498,2026-07-21T02:10:00.000+05:45,Sunday,54,N17
BODS_PH1121126_204_20260718_122.xml,PH1121126:204,BLUS:PH1121126:204:1,BLUS,VJ371,2026-07-21T15:38:00.000+05:45,Monday|Tuesday|Wednesday|Thursday|Friday,47,1
BODS_PH1121126_298_20260601_111.xml,PH1121126:298,BLUS:PH1121126:298:7,BLUS,VJ86,2026-07-21T12:12:00.000+05:45,Saturday,60,7
BODS_PH1121126_302_20260830_132.xml,PH1121126:302,BLUS:PH1121126:302:17,BLUS,VJ411,2026-07-21T08:37:00.000+05:45,Sunday,50,17
BODS_PH1121126_196_20260718_123.xml,PH1121126:196,BLUS:PH1121126:196:16,BLUS,VJ106,2026-07-21T14:55:00.000+05:45,Monday|Tuesday|Wednesday|Thursday|Friday,18,16
BODS_PH1121126_504_20260718_116.xml,PH1121126:504,BLUS:PH1121126:504:14,BLUS,VJ101,2026-07-21T17:02:00.000+05:45,Saturday,43,14
BODS_PH1121126_200_20260328_115.xml,PH1121126:200,BLUS:PH1121126:200:5,BLUS,VJ38,2026-07-21T10:33:00.000+05:45,Monday|Tuesday|Wednesday|Thursday|Friday,45,5
BODS_PH1121126_196_20260718_123.xml,PH1121126:196,BLUS:PH1121126:196:16,BLUS,VJ27,2026-07-21T13:25:00.000+05:45,Monday|Tuesday|Wednesday|Thursday|Friday,18,16
BODS_PH1121126_204_20260601_117.xml,PH1121126:204,BLUS:PH1121126:204:1,BLUS,VJ437,2026-07-21T07:45:00.000+05:45,Monday|Tuesday|Wednesday|Thursday|Friday,27,1
BODS_PH1121126_506_20260601_111.xml,PH1121126:506,BLUS:PH1121126:506:19,BLUS,VJ74,2026-07-21T07:35:00.000+05:45,Sunday,50,19
BODS_PH1121126_507_20260718_108.xml,PH1121126:507,BLUS:PH1121126:507:20,BLUS,VJ79,2026-07-21T15:45:00.000+05:45,Monday|Tuesday|Wednesday|Thursday|Friday,17,20
BODS_PH1121126_195_20260601_117.xml,PH1121126:195,BLUS:PH1121126:195:18,BLUS,VJ323,2026-07-21T12:05:00.000+05:45,Monday|Tuesday|Wednesday|Thursday|Friday,34,18
BODS_PH1121126_505_20260601_113.xml,PH1121126:505,BLUS:PH1121126:505:15,BLUS,VJ119,2026-07-21T20:43:00.000+05:45,Saturday,32,15
BODS_PH1121126_185_20260718_112.xml,PH1121126:185,BLUS:PH1121126:185:35,BLUS,VJ1,2026-07-21T14:05:00.000+05:45,Monday|Tuesday|Wednesday|Thursday|Friday,27,35
BODS_PH1121126_506_20260718_116.xml,PH1121126:506,BLUS:PH1121126:506:19a,BLUS,VJ263,2026-07-21T07:07:00.000+05:45,Monday|Tuesday|Wednesday|Thursday|Friday,51,19a
BODS_PH1121126_196_20260830_125.xml,PH1121126:196,BLUS:PH1121126:196:16,BLUS,VJ147,2026-07-21T18:59:00.000+05:45,Sunday,43,16
BODS_PH1121126_203_20260601_118.xml,PH1121126:203,BLUS:PH1121126:203:2,BLUS,VJ26,2026-07-21T08:55:00.000+05:45,Monday|Tuesday|Wednesday|Thursday|Friday,50,2
BODS_PH1121126_506_20260830_118.xml,PH1121126:506,BLUS:PH1121126:506:19,BLUS,VJ36,2026-07-21T16:00:00.000+05:45,Sunday,51,19
BODS_PH1121126_204_20260718_122.xml,PH1121126:204,BLUS:PH1121126:204:1,BLUS,VJ423,2026-07-21T08:10:00.000+05:45,Monday|Tuesday|Wednesday|Thursday|Friday,47,1
BODS_PH1121126_506_20260601_111.xml,PH1121126:506,BLUS:PH1121126:506:19a,BLUS,VJ110,2026-07-21T11:45:00.000+05:45,Saturday,48,19a
BODS_PH1121126_195_20260830_124.xml,PH1121126:195,BLUS:PH1121126:195:18,BLUS,VJ225,2026-07-21T17:30:00.000+05:45,Monday|Tuesday|Wednesday|Thursday|Friday,55,18
BODS_PH1121126_196_20260601_118.xml,PH1121126:196,BLUS:PH1121126:196:16,BLUS,VJ3,2026-07-21T07:43:00.000+05:45,Monday|Tuesday|Wednesday|Thursday|Friday,18,16
BODS_PH1121126_195_20260601_117.xml,PH1121126:195,BLUS:PH1121126:195:18,BLUS,VJ236,2026-07-21T13:32:00.000+05:45,Monday|Tuesday|Wednesday|Thursday|Friday,54,18
BODS_PH1121126_196_20260718_123.xml,PH1121126:196,BLUS:PH1121126:196:16,BLUS,VJ98,2026-07-21T20:25:00.000+05:45,Monday|Tuesday|Wednesday|Thursday|Friday,18,16
BODS_PH1121126_204_20260830_124.xml,PH1121126:204,BLUS:PH1121126:204:1,BLUS,VJ362,2026-07-21T21:50:00.000+05:45,Monday|Tuesday|Wednesday|Thursday|Friday,47,1
BODS_PH1121126_195_20260830_124.xml,PH1121126:195,BLUS:PH1121126:195:18,BLUS,VJ65,2026-07-21T10:53:00.000+05:45,Saturday,55,18
BODS_PH1121126_195_20260601_117.xml,PH1121126:195,BLUS:PH1121126:195:18,BLUS,VJ202,2026-07-21T18:25:00.000+05:45,Saturday,54,18
BODS_PH1121126_201_20260718_118.xml,PH1121126:201,BLUS:PH1121126:201:4,BLUS,VJ11,2026-07-21T13:25:00.000+05:45,Monday|Tuesday|Wednesday|Thursday|Friday,48,4
BODS_UZ000BLUS_26_20260830_1.xml,UZ000BLUS:26,BLUS:UZ000BLUS:26:26,BLUS,VJ65,2026-07-21T13:18:00.000+05:45,Monday|Tuesday|Wednesday|Thursday|Friday,40,26
BODS_PH1121126_196_20260718_123.xml,PH1121126:196,BLUS:PH1121126:196:16,BLUS,VJ6,2026-07-21T08:20:00.000+05:45,Monday|Tuesday|Wednesday|Thursday|Friday,18,16
BODS_PH1121126_204_20260718_122.xml,PH1121126:204,BLUS:PH1121126:204:1,BLUS,VJ25,2026-07-21T11:20:00.000+05:45,Saturday,43,1
BODS_PH1121126_529_20260830_83.xml,PH1121126:529,BLUS:PH1121126:529:24,BLUS,VJ21,2026-07-21T15:45:00.000+05:45,Saturday,36,24
BODS_PH1121126_203_20260601_118.xml,PH1121126:203,BLUS:PH1121126:203:2,BLUS,VJ12,2026-07-21T13:55:00.000+05:45,Saturday,50,2
BODS_PH1121126_201_20260718_118.xml,PH1121126:201,BLUS:PH1121126:201:4,BLUS,VJ75,2026-07-21T06:40:00.000+05:45,Monday|Tuesday|Wednesday|Thursday|Friday,48,4
BODS_PH1121126_198_20260718_114.xml,PH1121126:198,BLUS:PH1121126:198:9,BLUS,VJ166,2026-07-21T20:15:00.000+05:45,Monday|Tuesday|Wednesday|Thursday|Friday,60,9
BODS_PH1121126_302_20260718_130.xml,PH1121126:302,BLUS:PH1121126:302:17,BLUS,VJ279,2026-07-21T10:10:00.000+05:45,Monday|Tuesday|Wednesday|Thursday|Friday,50,17
BODS_PH1121126_504_20260718_116.xml,PH1121126:504,BLUS:PH1121126:504:14,BLUS,VJ18,2026-07-21T11:55:00.000+05:45,Saturday,31,14
BODS_PH1121126_196_20260601_118.xml,PH1121126:196,BLUS:PH1121126:196:16,BLUS,VJ113,2026-07-21T21:55:00.000+05:45,Saturday,31,16
BODS_PH1121126_196_20260718_123.xml,PH1121126:196,BLUS:PH1121126:196:16,BLUS,VJ238,2026-07-21T08:54:00.000+05:45,Saturday,28,16
BODS_PH1121126_504_20260601_111.xml,PH1121126:504,BLUS:PH1121126:504:14,BLUS,VJ73,2026-07-21T19:15:00.000+05:45,Sunday,31,14
BODS_PH1121126_298_20260830_119.xml,PH1121126:298,BLUS:PH1121126:298:7,BLUS,VJ149,2026-07-21T06:10:00.000+05:45,Monday|Tuesday|Wednesday|Thursday|Friday,56,7
BODS_PH1121126_201_20260718_118.xml,PH1121126:201,BLUS:PH1121126:201:4,BLUS,VJ117,2026-07-21T20:15:00.000+05:45,Monday|Tuesday|Wednesday|Thursday|Friday,48,4
BODS_PH1121126_507_20260601_103.xml,PH1121126:507,BLUS:PH1121126:507:20,BLUS,VJ16,2026-07-21T11:15:00.000+05:45,Monday|Tuesday|Wednesday|Thursday|Friday,16,20
BODS_PH1121126_507_20260830_110.xml,PH1121126:507,BLUS:PH1121126:507:20,BLUS,VJ273,2026-07-21T06:10:00.000+05:45,Saturday,35,20
BODS_PH1121126_204_20260718_122.xml,PH1121126:204,BLUS:PH1121126:204:1,BLUS,VJ148,2026-07-21T08:36:00.000+05:45,Monday|Tuesday|Wednesday|Thursday|Friday,43,1
BODS_PH1121126_506_20260718_116.xml,PH1121126:506,BLUS:PH1121126:506:19,BLUS,VJ219,2026-07-21T07:40:00.000+05:45,Monday|Tuesday|Wednesday|Thursday|Friday,52,19
BODS_PH1121126_298_20260830_119.xml,PH1121126:298,BLUS:PH1121126:298:7,BLUS,VJ85,2026-07-21T11:45:00.000+05:45,Monday|Tuesday|Wednesday|Thursday|Friday,56,7
BODS_PH1121126_504_20260718_116.xml,PH1121126:504,BLUS:PH1121126:504:14,BLUS,VJ111,2026-07-21T16:30:00.000+05:45,Sunday,43,14
BODS_PH1121126_195_20260601_117.xml,PH1121126:195,BLUS:PH1121126:195:18,BLUS,VJ399,2026-07-21T15:39:00.000+05:45,Monday|Tuesday|Wednesday|Thursday|Friday,34,18
BODS_PH1121126_507_20260718_108.xml,PH1121126:507,BLUS:PH1121126:507:20,BLUS,VJ236,2026-07-21T12:25:00.000+05:45,Saturday,35,20
BODS_PH1121126_302_20260830_132.xml,PH1121126:302,BLUS:PH1121126:302:17,BLUS,VJ88,2026-07-21T10:05:00.000+05:45,Saturday,54,17
BODS_PH1121126_507_20260601_103.xml,PH1121126:507,BLUS:PH1121126:507:20,BLUS,VJ137,2026-07-21T19:05:00.000+05:45,Sunday,16,20
BODS_PH1121126_201_20260718_118.xml,PH1121126:201,BLUS:PH1121126:201:4,BLUS,VJ113,2026-07-21T16:20:00.000+05:45,Sunday,48,4
BODS_PH1121126_237_20260718_118.xml,PH1121126:237,BLUS:PH1121126:237:QC,BLUS,VJ72,2026-07-21T12:55:00.000+05:45,Saturday,6,QC
BODS_PH1121126_298_20260718_117.xml,PH1121126:298,BLUS:PH1121126:298:7,BLUS,VJ65,2026-07-21T07:00:00.000+05:45,Saturday,52,7
BODS_PH1121126_196_20260601_118.xml,PH1121126:196,BLUS:PH1121126:196:16,BLUS,VJ44,2026-07-21T09:10:00.000+05:45,Saturday,18,16
BODS_PH1121126_302_20260718_130.xml,PH1121126:302,BLUS:PH1121126:302:17,BLUS,VJ12,2026-07-21T05:25:00.000+05:45,Tuesday|Wednesday|Thursday|Friday,54,17
BODS_PH1121126_204_20260830_124.xml,PH1121126:204,BLUS:PH1121126:204:1,BLUS,VJ180,2026-07-21T21:10:00.000+05:45,Sunday,43,1
BODS_PH1121126_204_20260718_122.xml,PH1121126:204,BLUS:PH1121126:204:1,BLUS,VJ91,2026-07-21T13:30:00.000+05:45,Monday|Tuesday|Wednesday|Thursday|Friday,43,1
BODS_PH1121126_506_20260830_118.xml,PH1121126:506,BLUS:PH1121126:506:19,BLUS,VJ31,2026-07-21T13:20:00.000+05:45,Sunday,51,19
BODS_PH1121126_200_20260830_120.xml,PH1121126:200,BLUS:PH1121126:200:5,BLUS,VJ49,2026-07-21T15:25:00.000+05:45,Monday|Tuesday|Wednesday|Thursday|Friday,35,5
BODS_PH1121126_195_20260830_124.xml,PH1121126:195,BLUS:PH1121126:195:18,BLUS,VJ479,2026-07-21T11:17:00.000+05:45,Sunday,35,18
BODS_PH1121126_298_20260718_117.xml,PH1121126:298,BLUS:PH1121126:298:7,BLUS,VJ32,2026-07-21T17:47:00.000+05:45,Monday|Tuesday|Wednesday|Thursday|Friday,52,7
BODS_PH1121126_204_20260830_124.xml,PH1121126:204,BLUS:PH1121126:204:1,BLUS,VJ300,2026-07-21T13:10:00.000+05:45,Monday|Tuesday|Wednesday|Thursday|Friday,47,1
BODS_PH1121126_503_20260328_110.xml,PH1121126:503,BLUS:PH1121126:503:13,BLUS,VJ75,2026-07-21T11:57:00.000+05:45,Monday|Tuesday|Wednesday|Thursday|Friday,31,13
BODS_UZ000BLUS_26_20260830_1.xml,UZ000BLUS:26,BLUS:UZ000BLUS:26:26,BLUS,VJ14,2026-07-21T17:25:00.000+05:45,Saturday,41,26
BODS_PH1121126_505_20260601_113.xml,PH1121126:505,BLUS:PH1121126:505:15,BLUS,VJ31,2026-07-21T18:25:00.000+05:45,Monday|Tuesday|Wednesday|Thursday|Friday,34,15
BODS_PH1121126_237_20260830_120.xml,PH1121126:237,BLUS:PH1121126:237:QC,BLUS,VJ83,2026-07-21T08:40:00.000+05:45,Sunday,6,QC
BODS_PH1121126_503_20260830_119.xml,PH1121126:503,BLUS:PH1121126:503:13,BLUS,VJ110,2026-07-21T07:05:00.000+05:45,Sunday,31,13
BODS_PH1121126_506_20260830_118.xml,PH1121126:506,BLUS:PH1121126:506:19,BLUS,VJ198,2026-07-21T11:00:00.000+05:45,Sunday,52,19
BODS_PH1121126_504_20260718_116.xml,PH1121126:504,BLUS:PH1121126:504:14,BLUS,VJ17,2026-07-21T11:25:00.000+05:45,Saturday,31,14
BODS_PH1121126_198_20260830_116.xml,PH1121126:198,BLUS:PH1121126:198:9,BLUS,VJ118,2026-07-21T07:35:00.000+05:45,Monday|Tuesday|Wednesday|Thursday|Friday,52,9
BODS_PH1121126_504_20260601_111.xml,PH1121126:504,BLUS:PH1121126:504:14,BLUS,VJ29,2026-07-21T17:25:00.000+05:45,Saturday,31,14
BODS_PH1121126_505_20260601_113.xml,PH1121126:505,BLUS:PH1121126:505:15,BLUS,VJ57,2026-07-21T19:15:00.000+05:45,Saturday,34,15
BODS_PH1121126_195_20260830_124.xml,PH1121126:195,BLUS:PH1121126:195:18,BLUS,VJ381,2026-07-21T20:57:00.000+05:45,Saturday,35,18
BODS_PH1121126_196_20260718_123.xml,PH1121126:196,BLUS:PH1121126:196:16,BLUS,VJ2,2026-07-21T07:40:00.000+05:45,Monday|Tuesday|Wednesday|Thursday|Friday,18,16
BODS_PH1121126_298_20260718_117.xml,PH1121126:298,BLUS:PH1121126:298:7,BLUS,VJ111,2026-07-21T14:32:00.000+05:45,Monday|Tuesday|Wednesday|Thursday|Friday,61,7
BODS_PH1121126_575_20260531_15.xml,PH1121126:575,BLUS:PH1121126:575:PR1,BLUS,VJ19,2026-07-21T16:00:00.000+05:45,Saturday,3,PR1
BODS_PH1121126_197_20260718_113.xml,PH1121126:197,BLUS:PH1121126:197:11,BLUS,VJ317,2026-07-21T22:18:00.000+05:45,Monday|Tuesday|Wednesday|Thursday|Friday,14,11
BODS_PH1121126_200_20260328_115.xml,PH1121126:200,BLUS:PH1121126:200:5,BLUS,VJ94,2026-07-21T17:14:00.000+05:45,Monday|Tuesday|Wednesday|Thursday|Friday,17,5
BODS_PH1121126_198_20260830_116.xml,PH1121126:198,BLUS:PH1121126:198:9,BLUS,VJ1,2026-07-21T05:25:00.000+05:45,Monday|Tuesday|Wednesday|Thursday|Friday,41,9
BODS_PH1121126_298_20260718_117.xml,PH1121126:298,BLUS:PH1121126:298:7,BLUS,VJ38,2026-07-21T22:50:00.000+05:45,Monday|Tuesday|Wednesday|Thursday|Friday,11,7
BODS_PH1121126_195_20260601_117.xml,PH1121126:195,BLUS:PH1121126:195:18,BLUS,VJ331,2026-07-21T13:25:00.000+05:45,Monday|Tuesday|Wednesday|Thursday|Friday,34,18
BODS_PH1121126_203_20260601_118.xml,PH1121126:203,BLUS:PH1121126:203:2,BLUS,VJ194,2026-07-21T13:15:00.000+05:45,Saturday,60,2
BODS_PH1121126_504_20260830_118.xml,PH1121126:504,BLUS:PH1121126:504:14,BLUS,VJ109,2026-07-21T14:30:00.000+05:45,Sunday,43,14
BODS_PH1121126_201_20260718_118.xml,PH1121126:201,BLUS:PH1121126:201:4,BLUS,VJ139,2026-07-21T08:40:00.000+05:45,Saturday,48,4
BODS_PH1121126_195_20260830_124.xml,PH1121126:195,BLUS:PH1121126:195:18,BLUS,VJ512,2026-07-21T17:30:00.000+05:45,Sunday,35,18
BODS_PH1121126_506_20260830_118.xml,PH1121126:506,BLUS:PH1121126:506:19a,BLUS,VJ161,2026-07-21T10:00:00.000+05:45,Sunday,49,19a
BODS_PH1121126_503_20260830_119.xml,PH1121126:503,BLUS:PH1121126:503:13,BLUS,VJ16,2026-07-21T16:10:00.000+05:45,Saturday,21,13
BODS_PH1121126_195_20260830_124.xml,PH1121126:195,BLUS:PH1121126:195:18,BLUS,VJ434,2026-07-21T00:05:00.000+05:45,Saturday,35,18
BODS_PH1121126_203_20260718_123.xml,PH1121126:203,BLUS:PH1121126:203:2,BLUS,VJ11,2026-07-21T13:40:00.000+05:45,Saturday,51,2
BODS_PH1121126_201_20260601_113.xml,PH1121126:201,BLUS:PH1121126:201:4,BLUS,VJ145,2026-07-21T18:25:00.000+05:45,Monday|Tuesday|Wednesday|Thursday|Friday,48,4
BODS_PH1121126_204_20260718_122.xml,PH1121126:204,BLUS:PH1121126:204:1,BLUS,VJ266,2026-07-21T16:50:00.000+05:45,Saturday,47,1
BODS_PH1121126_197_20260412_110.xml,PH1121126:197,BLUS:PH1121126:197:12,BLUS,VJ50,2026-07-21T07:20:00.000+05:45,Saturday,22,12
BODS_PH1121126_302_20260830_132.xml,PH1121126:302,BLUS:PH1121126:302:N17,BLUS,VJ251,2026-07-21T04:02:00.000+05:45,Sunday,59,N17
BODS_PH1121126_200_20260830_120.xml,PH1121126:200,BLUS:PH1121126:200:5,BLUS,VJ14,2026-07-21T12:13:00.000+05:45,Monday|Tuesday|Wednesday|Thursday|Friday,9,5
BODS_PH1121126_204_20260830_124.xml,PH1121126:204,BLUS:PH1121126:204:1,BLUS,VJ89,2026-07-21T13:10:00.000+05:45,Monday|Tuesday|Wednesday|Thursday|Friday,43,1
BODS_PH1121126_503_20260830_119.xml,PH1121126:503,BLUS:PH1121126:503:13,BLUS,VJ97,2026-07-21T13:36:00.000+05:45,Monday|Tuesday|Wednesday|Thursday|Friday,31,13
BODS_PH1121126_506_20260718_116.xml,PH1121126:506,BLUS:PH1121126:506:19a,BLUS,VJ143,2026-07-21T07:38:00.000+05:45,Monday|Tuesday|Wednesday|Thursday|Friday,49,19a
BODS_PH1121126_195_20260601_117.xml,PH1121126:195,BLUS:PH1121126:195:18,BLUS,VJ105,2026-07-21T21:40:00.000+05:45,Monday|Tuesday|Wednesday|Thursday|Friday,54,18
BODS_PH1121126_506_20260830_118.xml,PH1121126:506,BLUS:PH1121126:506:19,BLUS,VJ58,2026-07-21T15:23:00.000+05:45,Monday|Tuesday|Wednesday|Thursday|Friday,51,19
BODS_PH1121126_204_20260718_122.xml,PH1121126:204,BLUS:PH1121126:204:1,BLUS,VJ27,2026-07-21T11:40:00.000+05:45,Saturday,43,1
BODS_PH1121126_198_20260718_114.xml,PH1121126:198,BLUS:PH1121126:198:9,BLUS,VJ136,2026-07-21T08:26:00.000+05:45,Monday|Tuesday|Wednesday|Thursday|Friday,48,9
BODS_PH1121126_198_20260412_111.xml,PH1121126:198,BLUS:PH1121126:198:9,BLUS,VJ66,2026-07-21T12:35:00.000+05:45,Saturday,47,9
BODS_PH1121126_195_20260718_122.xml,PH1121126:195,BLUS:PH1121126:195:18,BLUS,VJ14,2026-07-21T12:13:00.000+05:45,Sunday,55,18
BODS_PH1121126_204_20260718_122.xml,PH1121126:204,BLUS:PH1121126:204:1,BLUS,VJ415,2026-07-21T07:15:00.000+05:45,Sunday,47,1
BODS_PH1121126_204_20260718_122.xml,PH1121126:204,BLUS:PH1121126:204:1,BLUS,VJ121,2026-07-21T19:55:00.000+05:45,Saturday,43,1
BODS_PH1121126_202_20260830_136.xml,PH1121126:202,BLUS:PH1121126:202:3,BLUS,VJ36,2026-07-21T15:25:00.000+05:45,Saturday,67,3
BODS_PH1121126_195_20260601_117.xml,PH1121126:195,BLUS:PH1121126:195:18,BLUS,VJ314,2026-07-21T10:35:00.000+05:45,Monday|Tuesday|Wednesday|Thursday|Friday,34,18
BODS_PH1121126_204_20260601_117.xml,PH1121126:204,BLUS:PH1121126:204:1,BLUS,VJ154,2026-07-21T07:50:00.000+05:45,Saturday,42,1
BODS_PH1121126_196_20260830_125.xml,PH1121126:196,BLUS:PH1121126:196:16,BLUS,VJ23,2026-07-21T10:40:00.000+05:45,Monday|Tuesday|Wednesday|Thursday|Friday,36,16
BODS_PH1121126_204_20260830_124.xml,PH1121126:204,BLUS:PH1121126:204:1,BLUS,VJ406,2026-07-21T05:05:00.000+05:45,Friday,47,1
BODS_PH1121126_196_20260830_125.xml,PH1121126:196,BLUS:PH1121126:196:16,BLUS,VJ66,2026-07-21T20:10:00.000+05:45,Saturday,49,16
BODS_PH1121126_563_20260601_15.xml,PH1121126:563,BLUS:PH1121126:563:61,BLUS,VJ6,2026-07-21T21:12:00.000+05:45,Sunday,25,61
BODS_PH1121126_506_20260601_111.xml,PH1121126:506,BLUS:PH1121126:506:19,BLUS,VJ247,2026-07-21T16:21:00.000+05:45,Monday|Tuesday|Wednesday|Thursday|Friday,51,19
BODS_PH1121126_197_20260830_115.xml,PH1121126:197,BLUS:PH1121126:197:11,BLUS,VJ97,2026-07-21T12:30:00.000+05:45,Monday|Tuesday|Wednesday|Thursday|Friday,20,11
BODS_PH1121126_197_20260830_115.xml,PH1121126:197,BLUS:PH1121126:197:12,BLUS,VJ30,2026-07-21T19:25:00.000+05:45,Monday|Tuesday|Wednesday|Thursday|Friday,22,12
BODS_PH1121126_302_20260601_125.xml,PH1121126:302,BLUS:PH1121126:302:17,BLUS,VJ103,2026-07-21T10:05:00.000+05:45,Saturday,53,17
BODS_PH1121126_302_20260601_125.xml,PH1121126:302,BLUS:PH1121126:302:17,BLUS,VJ72,2026-07-21T14:50:00.000+05:45,Saturday,53,17
BODS_PH1121126_575_20260718_18.xml,PH1121126:575,BLUS:PH1121126:575:PR1,BLUS,VJ88,2026-07-21T10:50:00.000+05:45,Saturday,2,PR1
BODS_PH1121126_195_20260601_117.xml,PH1121126:195,BLUS:PH1121126:195:18,BLUS,VJ106,2026-07-21T22:10:00.000+05:45,Monday|Tuesday|Wednesday|Thursday|Friday,54,18
BODS_PH1121126_199_20260718_116.xml,PH1121126:199,BLUS:PH1121126:199:8,BLUS,VJ22,2026-07-21T16:50:00.000+05:45,Monday|Tuesday|Wednesday|Thursday|Friday,50,8
BODS_UZ000BLUS_6_20260830_1.xml,UZ000BLUS:6,BLUS:UZ000BLUS:6:6,BLUS,VJ105,2026-07-21T15:05:00.000+05:45,Monday|Tuesday|Wednesday|Thursday|Friday,27,6
BODS_PH1121126_198_20260412_111.xml,PH1121126:198,BLUS:PH1121126:198:9,BLUS,VJ166,2026-07-21T20:15:00.000+05:45,Monday|Tuesday|Wednesday|Thursday|Friday,60,9
BODS_PH1121126_529_20260328_78.xml,PH1121126:529,BLUS:PH1121126:529:24,BLUS,VJ11,2026-07-21T12:10:00.000+05:45,Monday|Tuesday|Wednesday|Thursday|Friday,36,24
BODS_PH1121126_195_20260830_124.xml,PH1121126:195,BLUS:PH1121126:195:18,BLUS,VJ5,2026-07-21T09:58:00.000+05:45,Sunday,55,18
BODS_PH1121126_195_20260718_122.xml,PH1121126:195,BLUS:PH1121126:195:18,BLUS,VJ417,2026-07-21T23:05:00.000+05:45,Monday|Tuesday|Wednesday|Thursday|Friday,35,18
BODS_PH1121126_201_20260601_113.xml,PH1121126:201,BLUS:PH1121126:201:4,BLUS,VJ67,2026-07-21T08:40:00.000+05:45,Saturday,47,4
BODS_PH1121126_197_20260830_115.xml,PH1121126:197,BLUS:PH1121126:197:11,BLUS,VJ249,2026-07-21T09:24:00.000+05:45,Saturday,32,11
BODS_PH1121126_529_20260718_81.xml,PH1121126:529,BLUS:PH1121126:529:24,BLUS,VJ12,2026-07-21T13:10:00.000+05:45,Monday|Tuesday|Wednesday|Thursday|Friday,36,24
BODS_PH1121126_504_20260718_116.xml,PH1121126:504,BLUS:PH1121126:504:14,BLUS,VJ58,2026-07-21T18:25:00.000+05:45,Saturday,31,14
BODS_PH1121126_203_20260718_123.xml,PH1121126:203,BLUS:PH1121126:203:2,BLUS,VJ255,2026-07-21T21:43:00.000+05:45,Saturday,61,2
BODS_PH1121126_203_20260601_118.xml,PH1121126:203,BLUS:PH1121126:203:2,BLUS,VJ173,2026-07-21T10:42:00.000+05:45,Monday|Tuesday|Wednesday|Thursday|Friday,60,2
BODS_PH1121126_199_20260412_113.xml,PH1121126:199,BLUS:PH1121126:199:8,BLUS,VJ62,2026-07-21T07:32:00.000+05:45,Saturday,52,8
BODS_PH1121126_202_20260830_136.xml,PH1121126:202,BLUS:PH1121126:202:3,BLUS,VJ24,2026-07-21T22:50:00.000+05:45,Monday|Tuesday|Wednesday|Thursday|Friday,67,3
BODS_PH1121126_201_20260830_120.xml,PH1121126:201,BLUS:PH1121126:201:4,BLUS,VJ82,2026-07-21T11:02:00.000+05:45,Monday|Tuesday|Wednesday|Thursday|Friday,48,4
BODS_PH1121126_195_20260601_117.xml,PH1121126:195,BLUS:PH1121126:195:18,BLUS,VJ56,2026-07-21T12:42:00.000+05:45,Monday|Tuesday|Wednesday|Thursday|Friday,54,18
BODS_PH1121126_204_20260601_117.xml,PH1121126:204,BLUS:PH1121126:204:1,BLUS,VJ167,2026-07-21T16:17:00.000+05:45,Monday|Tuesday|Wednesday|Thursday|Friday,42,1
BODS_PH1121126_203_20260718_123.xml,PH1121126:203,BLUS:PH1121126:203:2,BLUS,VJ126,2026-07-21T06:40:00.000+05:45,Monday|Tuesday|Wednesday|Thursday|Friday,51,2
BODS_PH1121126_302_20260601_125.xml,PH1121126:302,BLUS:PH1121126:302:17,BLUS,VJ267,2026-07-21T21:25:00.000+05:45,Monday|Tuesday|Wednesday|Thursday|Friday,47,17
BODS_PH1121126_469_20260718_110.xml,PH1121126:469,BLUS:PH1121126:469:506,BLUS,VJ1,2026-07-21T07:44:00.000+05:45,Monday|Tuesday|Wednesday|Thursday|Friday,18,506
BODS_PH1121126_202_20260601_129.xml,PH1121126:202,BLUS:PH1121126:202:3,BLUS,VJ27,2026-07-21T19:10:00.000+05:45,Monday|Tuesday|Wednesday|Thursday|Friday,70,3
BODS_PH1121126_195_20260718_122.xml,PH1121126:195,BLUS:PH1121126:195:18,BLUS,VJ141,2026-07-21T07:52:00.000+05:45,Monday|Tuesday|Wednesday|Thursday|Friday,55,18
BODS_PH1121126_298_20260601_111.xml,PH1121126:298,BLUS:PH1121126:298:7,BLUS,VJ9,2026-07-21T11:35:00.000+05:45,Monday|Tuesday|Wednesday|Thursday|Friday,51,7
BODS_PH1121126_203_20260601_118.xml,PH1121126:203,BLUS:PH1121126:203:2,BLUS,VJ133,2026-07-21T22:50:00.000+05:45,Monday|Tuesday|Wednesday|Thursday|Friday,35,2
BODS_PH1121126_204_20260601_117.xml,PH1121126:204,BLUS:PH1121126:204:1,BLUS,VJ190,2026-07-21T16:00:00.000+05:45,Monday|Tuesday|Wednesday|Thursday|Friday,42,1
BODS_PH1121126_417_20260328_117.xml,PH1121126:417,BLUS:PH1121126:417:621,BLUS,VJ3,2026-07-21T16:10:00.000+05:45,Monday|Tuesday|Wednesday|Thursday|Friday,32,621
BODS_PH1121126_204_20260718_122.xml,PH1121126:204,BLUS:PH1121126:204:1,BLUS,VJ248,2026-07-21T13:50:00.000+05:45,Saturday,47,1
BODS_PH1121126_298_20260718_117.xml,PH1121126:298,BLUS:PH1121126:298:7,BLUS,VJ66,2026-07-21T18:10:00.000+05:45,Saturday,52,7
BODS_PH1121126_505_20260830_120.xml,PH1121126:505,BLUS:PH1121126:505:15,BLUS,VJ104,2026-07-21T19:17:00.000+05:45,Saturday,32,15
BODS_PH1121126_506_20260718_116.xml,PH1121126:506,BLUS:PH1121126:506:19a,BLUS,VJ357,2026-07-21T13:43:00.000+05:45,Sunday,50,19a
BODS_PH1121126_504_20260830_118.xml,PH1121126:504,BLUS:PH1121126:504:14,BLUS,VJ5,2026-07-21T10:55:00.000+05:45,Monday|Tuesday|Wednesday|Thursday|Friday,31,14
BODS_PH1121126_237_20260830_120.xml,PH1121126:237,BLUS:PH1121126:237:QC,BLUS,VJ31,2026-07-21T15:30:00.000+05:45,Saturday,6,QC
BODS_PH1121126_200_20260718_118.xml,PH1121126:200,BLUS:PH1121126:200:5,BLUS,VJ48,2026-07-21T09:30:00.000+05:45,Monday|Tuesday|Wednesday|Thursday|Friday,35,5
BODS_PH1121126_198_20260412_111.xml,PH1121126:198,BLUS:PH1121126:198:9,BLUS,VJ165,2026-07-21T17:15:00.000+05:45,Monday|Tuesday|Wednesday|Thursday|Friday,42,9
BODS_PH1121126_195_20260601_117.xml,PH1121126:195,BLUS:PH1121126:195:18,BLUS,VJ60,2026-07-21T10:03:00.000+05:45,Saturday,54,18
BODS_PH1121126_302_20260830_132.xml,PH1121126:302,BLUS:PH1121126:302:17,BLUS,VJ444,2026-07-21T13:50:00.000+05:45,Saturday,50,17
BODS_PH1121126_195_20260718_122.xml,PH1121126:195,BLUS:PH1121126:195:18,BLUS,VJ398,2026-07-21T06:42:00.000+05:45,Monday|Tuesday|Wednesday|Thursday|Friday,35,18
BODS_PH1121126_203_20260830_125.xml,PH1121126:203,BLUS:PH1121126:203:2,BLUS,VJ289,2026-07-21T07:40:00.000+05:45,Monday|Tuesday|Wednesday|Thursday|Friday,61,2
BODS_PH1121126_563_20260718_20.xml,PH1121126:563,BLUS:PH1121126:563:61,BLUS,VJ7,2026-07-21T13:05:00.000+05:45,Monday|Tuesday|Wednesday|Thursday|Friday,26,61
BODS_PH1121126_504_20260830_118.xml,PH1121126:504,BLUS:PH1121126:504:14,BLUS,VJ19,2026-07-21T12:25:00.000+05:45,Saturday,31,14
BODS_PH1121126_195_20260830_124.xml,PH1121126:195,BLUS:PH1121126:195:18,BLUS,VJ129,2026-07-21T20:27:00.000+05:45,Monday|Tuesday|Wednesday|Thursday|Friday,55,18
BODS_PH1121126_185_20260718_112.xml,PH1121126:185,BLUS:PH1121126:185:635,BLUS,VJ4,2026-07-21T07:55:00.000+05:45,Monday|Tuesday|Wednesday|Thursday|Friday,26,635
BODS_PH1121126_196_20260718_123.xml,PH1121126:196,BLUS:PH1121126:196:16,BLUS,VJ136,2026-07-21T13:30:00.000+05:45,Saturday,28,16
BODS_PH1121126_201_20260718_118.xml,PH1121126:201,BLUS:PH1121126:201:4,BLUS,VJ132,2026-07-21T20:20:00.000+05:45,Sunday,48,4
BODS_PH1121126_504_20260718_116.xml,PH1121126:504,BLUS:PH1121126:504:14,BLUS,VJ113,2026-07-21T20:00:00.000+05:45,Monday|Tuesday|Wednesday|Thursday|Friday,43,14
BODS_PH1121126_302_20260718_130.xml,PH1121126:302,BLUS:PH1121126:302:17,BLUS,VJ359,2026-07-21T14:40:00.000+05:45,Saturday,50,17
BODS_PH1121126_298_20260830_119.xml,PH1121126:298,BLUS:PH1121126:298:7,BLUS,VJ153,2026-07-21T19:15:00.000+05:45,Saturday,24,7
BODS_PH1121126_302_20260830_132.xml,PH1121126:302,BLUS:PH1121126:302:17,BLUS,VJ365,2026-07-21T19:10:00.000+05:45,Saturday,50,17
BODS_PH1121126_433_20260718_109.xml,PH1121126:433,BLUS:PH1121126:433:503,BLUS,VJ1,2026-07-21T07:30:00.000+05:45,Monday|Tuesday|Wednesday|Thursday|Friday,25,503
BODS_PH1121126_204_20260830_124.xml,PH1121126:204,BLUS:PH1121126:204:1,BLUS,VJ263,2026-07-21T16:20:00.000+05:45,Saturday,47,1
BODS_PH1121126_471_20260830_123.xml,PH1121126:471,BLUS:PH1121126:471:610,BLUS,VJ5,2026-07-21T14:25:00.000+05:45,Monday|Tuesday|Wednesday|Thursday|Friday,27,610
BODS_PH1121126_302_20260601_125.xml,PH1121126:302,BLUS:PH1121126:302:17,BLUS,VJ201,2026-07-21T09:15:00.000+05:45,Sunday,53,17
BODS_PH1121126_507_20260718_108.xml,PH1121126:507,BLUS:PH1121126:507:20,BLUS,VJ207,2026-07-21T16:27:00.000+05:45,Saturday,35,20
BODS_PH1121126_197_20260412_110.xml,PH1121126:197,BLUS:PH1121126:197:11,BLUS,VJ256,2026-07-21T12:54:00.000+05:45,Saturday,32,11
BODS_PH1121126_506_20260830_118.xml,PH1121126:506,BLUS:PH1121126:506:19,BLUS,VJ34,2026-07-21T15:00:00.000+05:45,Sunday,51,19
BODS_PH1121126_199_20260830_118.xml,PH1121126:199,BLUS:PH1121126:199:8,BLUS,VJ2,2026-07-21T09:40:00.000+05:45,Monday|Tuesday|Wednesday|Thursday|Friday,50,8
BODS_PH1121126_506_20260830_118.xml,PH1121126:506,BLUS:PH1121126:506:19,BLUS,VJ39,2026-07-21T15:55:00.000+05:45,Monday|Tuesday|Wednesday|Thursday|Friday,51,19
BODS_PH1121126_204_20260718_122.xml,PH1121126:204,BLUS:PH1121126:204:1,BLUS,VJ269,2026-07-21T17:20:00.000+05:45,Saturday,47,1
BODS_PH1121126_195_20260601_117.xml,PH1121126:195,BLUS:PH1121126:195:18,BLUS,VJ34,2026-07-21T09:02:00.000+05:45,Monday|Tuesday|Wednesday|Thursday|Friday,54,18
BODS_PH1121126_197_20260718_113.xml,PH1121126:197,BLUS:PH1121126:197:11,BLUS,VJ256,2026-07-21T12:54:00.000+05:45,Saturday,32,11
BODS_PH1121126_195_20260830_124.xml,PH1121126:195,BLUS:PH1121126:195:18,BLUS,VJ185,2026-07-21T09:13:00.000+05:45,Sunday,55,18
BODS_PH1121126_204_20260718_122.xml,PH1121126:204,BLUS:PH1121126:204:1,BLUS,VJ178,2026-07-21T09:38:00.000+05:45,Saturday,43,1
BODS_PH1121126_237_20260412_115.xml,PH1121126:237,BLUS:PH1121126:237:QC,BLUS,VJ19,2026-07-21T08:20:00.000+05:45,Saturday,6,QC
BODS_PH1121126_197_20260412_110.xml,PH1121126:197,BLUS:PH1121126:197:12,BLUS,VJ54,2026-07-21T11:00:00.000+05:45,Sunday,22,12
BODS_PH1121126_505_20260718_118.xml,PH1121126:505,BLUS:PH1121126:505:15,BLUS,VJ14,2026-07-21T11:55:00.000+05:45,Monday|Tuesday|Wednesday|Thursday|Friday,35,15
BODS_PH1121126_506_20260830_118.xml,PH1121126:506,BLUS:PH1121126:506:19,BLUS,VJ203,2026-07-21T13:20:00.000+05:45,Sunday,52,19
BODS_PH1121126_575_20260531_15.xml,PH1121126:575,BLUS:PH1121126:575:PR1,BLUS,VJ112,2026-07-21T07:40:00.000+05:45,Saturday,2,PR1
BODS_PH1121126_575_20260531_15.xml,PH1121126:575,BLUS:PH1121126:575:PR1,BLUS,VJ48,2026-07-21T09:40:00.000+05:45,Saturday,3,PR1
BODS_PH1121126_200_20260830_120.xml,PH1121126:200,BLUS:PH1121126:200:5,BLUS,VJ32,2026-07-21T15:33:00.000+05:45,Saturday,9,5
BODS_PH1121126_203_20260718_123.xml,PH1121126:203,BLUS:PH1121126:203:2,BLUS,VJ219,2026-07-21T15:30:00.000+05:45,Sunday,61,2
BODS_PH1121126_195_20260830_124.xml,PH1121126:195,BLUS:PH1121126:195:18,BLUS,VJ139,2026-07-21T07:32:00.000+05:45,Monday|Tuesday|Wednesday|Thursday|Friday,55,18
BODS_PH1121126_196_20260718_123.xml,PH1121126:196,BLUS:PH1121126:196:16,BLUS,VJ81,2026-07-21T19:00:00.000+05:45,Monday|Tuesday|Wednesday|Thursday|Friday,18,16
BODS_PH1121126_204_20260830_124.xml,PH1121126:204,BLUS:PH1121126:204:1,BLUS,VJ279,2026-07-21T09:40:00.000+05:45,Monday|Tuesday|Wednesday|Thursday|Friday,47,1
BODS_PH1121126_202_20260830_136.xml,PH1121126:202,BLUS:PH1121126:202:3,BLUS,VJ53,2026-07-21T08:30:00.000+05:45,Saturday,67,3
BODS_PH1121126_302_20260830_132.xml,PH1121126:302,BLUS:PH1121126:302:17,BLUS,VJ86,2026-07-21T09:45:00.000+05:45,Saturday,54,17
BODS_PH1121126_243_20260718_111.xml,PH1121126:243,BLUS:PH1121126:243:539,BLUS,VJ6,2026-07-21T15:10:00.000+05:45,Monday|Tuesday|Wednesday|Thursday|Friday,14,539
BODS_PH1121126_472_20260718_121.xml,PH1121126:472,BLUS:PH1121126:472:609,BLUS,VJ6,2026-07-21T11:15:00.000+05:45,Monday,33,609
BODS_PH1121126_506_20260830_118.xml,PH1121126:506,BLUS:PH1121126:506:19,BLUS,VJ42,2026-07-21T14:00:00.000+05:45,Monday|Tuesday|Wednesday|Thursday|Friday,51,19
BODS_PH1121126_507_20260601_103.xml,PH1121126:507,BLUS:PH1121126:507:20,BLUS,VJ42,2026-07-21T13:15:00.000+05:45,Saturday,16,20
BODS_PH1121126_506_20260718_116.xml,PH1121126:506,BLUS:PH1121126:506:19,BLUS,VJ341,2026-07-21T16:20:00.000+05:45,Sunday,52,19
BODS_PH1121126_202_20260718_134.xml,PH1121126:202,BLUS:PH1121126:202:3,BLUS,VJ31,2026-07-21T20:10:00.000+05:45,Saturday,70,3
BODS_PH1121126_302_20260830_132.xml,PH1121126:302,BLUS:PH1121126:302:17,BLUS,VJ274,2026-07-21T13:55:00.000+05:45,Sunday,50,17
BODS_PH1121126_196_20260830_125.xml,PH1121126:196,BLUS:PH1121126:196:16,BLUS,VJ22,2026-07-21T10:10:00.000+05:45,Monday|Tuesday|Wednesday|Thursday|Friday,36,16
BODS_PH1121126_195_20260718_122.xml,PH1121126:195,BLUS:PH1121126:195:18,BLUS,VJ120,2026-07-21T08:53:00.000+05:45,Saturday,55,18
BODS_PH1121126_504_20260718_116.xml,PH1121126:504,BLUS:PH1121126:504:14,BLUS,VJ79,2026-07-21T12:02:00.000+05:45,Monday|Tuesday|Wednesday|Thursday|Friday,43,14
BODS_PH1121126_195_20260830_124.xml,PH1121126:195,BLUS:PH1121126:195:18,BLUS,VJ440,2026-07-21T07:29:00.000+05:45,Monday|Tuesday|Wednesday|Thursday|Friday,35,18
BODS_PH1121126_204_20260830_124.xml,PH1121126:204,BLUS:PH1121126:204:1,BLUS,VJ369,2026-07-21T15:14:00.000+05:45,Monday|Tuesday|Wednesday|Thursday|Friday,47,1
BODS_PH1121126_204_20260601_117.xml,PH1121126:204,BLUS:PH1121126:204:1,BLUS,VJ354,2026-07-21T20:50:00.000+05:45,Saturday,46,1
BODS_PH1121126_504_20260601_111.xml,PH1121126:504,BLUS:PH1121126:504:14,BLUS,VJ72,2026-07-21T17:55:00.000+05:45,Sunday,31,14
BODS_PH1121126_201_20260601_113.xml,PH1121126:201,BLUS:PH1121126:201:4,BLUS,VJ44,2026-07-21T06:05:00.000+05:45,Saturday,47,4
BODS_PH1121126_198_20260830_116.xml,PH1121126:198,BLUS:PH1121126:198:9,BLUS,VJ32,2026-07-21T12:55:00.000+05:45,Monday|Tuesday|Wednesday|Thursday|Friday,42,9
BODS_PH1121126_201_20260830_120.xml,PH1121126:201,BLUS:PH1121126:201:4,BLUS,VJ76,2026-07-21T17:15:00.000+05:45,Monday|Tuesday|Wednesday|Thursday|Friday,48,4
BODS_PH1121126_298_20260830_119.xml,PH1121126:298,BLUS:PH1121126:298:7,BLUS,VJ35,2026-07-21T14:45:00.000+05:45,Monday|Tuesday|Wednesday|Thursday|Friday,46,7
BODS_PH1121126_503_20260830_119.xml,PH1121126:503,BLUS:PH1121126:503:13,BLUS,VJ36,2026-07-21T14:40:00.000+05:45,Sunday,21,13
BODS_PH1121126_506_20260718_116.xml,PH1121126:506,BLUS:PH1121126:506:19,BLUS,VJ55,2026-07-21T19:20:00.000+05:45,Monday|Tuesday|Wednesday|Thursday|Friday,51,19
BODS_PH1121126_302_20260718_130.xml,PH1121126:302,BLUS:PH1121126:302:17,BLUS,VJ325,2026-07-21T17:15:00.000+05:45,Monday|Tuesday|Wednesday|Thursday|Friday,50,17
BODS_PH1121126_507_20260830_110.xml,PH1121126:507,BLUS:PH1121126:507:20,BLUS,VJ252,2026-07-21T17:27:00.000+05:45,Monday|Tuesday|Wednesday|Thursday|Friday,35,20
BODS_PH1121126_302_20260830_132.xml,PH1121126:302,BLUS:PH1121126:302:17,BLUS,VJ334,2026-07-21T11:40:00.000+05:45,Saturday,50,17
BODS_PH1121126_298_20260718_117.xml,PH1121126:298,BLUS:PH1121126:298:7,BLUS,VJ141,2026-07-21T19:09:00.000+05:45,Saturday,24,7
BODS_PH1121126_298_20260830_119.xml,PH1121126:298,BLUS:PH1121126:298:7,BLUS,VJ143,2026-07-21T14:45:00.000+05:45,Monday|Tuesday|Wednesday|Thursday|Friday,56,7
BODS_PH1121126_507_20260718_108.xml,PH1121126:507,BLUS:PH1121126:507:20,BLUS,VJ268,2026-07-21T09:10:00.000+05:45,Saturday,35,20
BODS_PH1121126_204_20260718_122.xml,PH1121126:204,BLUS:PH1121126:204:1,BLUS,VJ54,2026-07-21T16:10:00.000+05:45,Saturday,43,1
BODS_PH1121126_199_20260718_116.xml,PH1121126:199,BLUS:PH1121126:199:8,BLUS,VJ7,2026-07-21T08:40:00.000+05:45,Saturday,50,8
BODS_PH1121126_195_20260830_124.xml,PH1121126:195,BLUS:PH1121126:195:18,BLUS,VJ228,2026-07-21T18:08:00.000+05:45,Monday|Tuesday|Wednesday|Thursday|Friday,55,18
BODS_PH1121126_503_20260328_110.xml,PH1121126:503,BLUS:PH1121126:503:13,BLUS,VJ5,2026-07-21T10:33:00.000+05:45,Monday|Tuesday|Wednesday|Thursday|Friday,21,13
BODS_PH1121126_575_20260531_15.xml,PH1121126:575,BLUS:PH1121126:575:PR1,BLUS,VJ7,2026-07-21T12:00:00.000+05:45,Saturday,3,PR1
BODS_PH1121126_302_20260830_132.xml,PH1121126:302,BLUS:PH1121126:302:17,BLUS,VJ481,2026-07-21T18:02:00.000+05:45,Monday|Tuesday|Wednesday|Thursday|Friday,50,17
BODS_PH1121126_237_20260718_118.xml,PH1121126:237,BLUS:PH1121126:237:QC,BLUS,VJ67,2026-07-21T09:50:00.000+05:45,Saturday,6,QC
BODS_PH1121126_543_20260830_82.xml,PH1121126:543,BLUS:PH1121126:543:607,BLUS,VJ1,2026-07-21T09:20:00.000+05:45,Monday|Tuesday|Wednesday|Thursday|Friday,34,607
BODS_PH1121126_204_20260718_122.xml,PH1121126:204,BLUS:PH1121126:204:1,BLUS,VJ117,2026-07-21T18:10:00.000+05:45,Sunday,43,1
BODS_PH1121126_237_20260718_118.xml,PH1121126:237,BLUS:PH1121126:237:QC,BLUS,VJ23,2026-07-21T10:50:00.000+05:45,Saturday,6,QC
BODS_PH1121126_196_20260601_118.xml,PH1121126:196,BLUS:PH1121126:196:16,BLUS,VJ135,2026-07-21T13:10:00.000+05:45,Saturday,26,16
BODS_PH1121126_204_20260718_122.xml,PH1121126:204,BLUS:PH1121126:204:1,BLUS,VJ186,2026-07-21T08:35:00.000+05:45,Saturday,43,1
BODS_PH1121126_195_20260830_124.xml,PH1121126:195,BLUS:PH1121126:195:18,BLUS,VJ475,2026-07-21T10:17:00.000+05:45,Sunday,35,18
BODS_UZ000BLUS_6_20260830_1.xml,UZ000BLUS:6,BLUS:UZ000BLUS:6:6,BLUS,VJ5,2026-07-21T09:57:00.000+05:45,Monday|Tuesday|Wednesday|Thursday|Friday,20,6
BODS_PH1121126_506_20260718_116.xml,PH1121126:506,BLUS:PH1121126:506:19,BLUS,VJ161,2026-07-21T14:20:00.000+05:45,Sunday,51,19
BODS_PH1121126_302_20260601_125.xml,PH1121126:302,BLUS:PH1121126:302:17,BLUS,VJ420,2026-07-21T21:55:00.000+05:45,Saturday,49,17
BODS_PH1121126_204_20260830_124.xml,PH1121126:204,BLUS:PH1121126:204:1,BLUS,VJ229,2026-07-21T10:40:00.000+05:45,Saturday,47,1
BODS_PH1121126_197_20260718_113.xml,PH1121126:197,BLUS:PH1121126:197:11,BLUS,VJ121,2026-07-21T16:30:00.000+05:45,Sunday,20,11
BODS_PH1121126_197_20260412_110.xml,PH1121126:197,BLUS:PH1121126:197:11,BLUS,VJ273,2026-07-21T11:57:00.000+05:45,Monday|Tuesday|Wednesday|Thursday|Friday,32,11
BODS_PH1121126_506_20260718_116.xml,PH1121126:506,BLUS:PH1121126:506:19,BLUS,VJ2,2026-07-21T05:33:00.000+05:45,Saturday,50,19
BODS_PH1121126_195_20260830_124.xml,PH1121126:195,BLUS:PH1121126:195:18,BLUS,VJ422,2026-07-21T21:57:00.000+05:45,Monday|Tuesday|Wednesday|Thursday|Friday,35,18
BODS_PH1121126_203_20260601_118.xml,PH1121126:203,BLUS:PH1121126:203:2,BLUS,VJ61,2026-07-21T15:30:00.000+05:45,Sunday,50,2
BODS_PH1121126_302_20260830_132.xml,PH1121126:302,BLUS:PH1121126:302:17,BLUS,VJ106,2026-07-21T17:15:00.000+05:45,Sunday,54,17
BODS_PH1121126_200_20260718_118.xml,PH1121126:200,BLUS:PH1121126:200:5,BLUS,VJ45,2026-07-21T15:43:00.000+05:45,Monday|Tuesday|Wednesday|Thursday|Friday,45,5
BODS_PH1121126_302_20260601_125.xml,PH1121126:302,BLUS:PH1121126:302:17,BLUS,VJ128,2026-07-21T08:30:00.000+05:45,Monday|Tuesday|Wednesday|Thursday|Friday,53,17
BODS_PH1121126_503_20260830_119.xml,PH1121126:503,BLUS:PH1121126:503:13,BLUS,VJ108,2026-07-21T16:47:00.000+05:45,Monday|Tuesday|Wednesday|Thursday|Friday,31,13
BODS_PH1121126_302_20260601_125.xml,PH1121126:302,BLUS:PH1121126:302:17,BLUS,VJ177,2026-07-21T06:54:00.000+05:45,Monday|Tuesday|Wednesday|Thursday|Friday,53,17
BODS_PH1121126_503_20260328_110.xml,PH1121126:503,BLUS:PH1121126:503:13,BLUS,VJ73,2026-07-21T10:57:00.000+05:45,Monday|Tuesday|Wednesday|Thursday|Friday,31,13
BODS_PH1121126_204_20260830_124.xml,PH1121126:204,BLUS:PH1121126:204:1,BLUS,VJ299,2026-07-21T13:00:00.000+05:45,Monday|Tuesday|Wednesday|Thursday|Friday,47,1
BODS_PH1121126_507_20260830_110.xml,PH1121126:507,BLUS:PH1121126:507:20,BLUS,VJ274,2026-07-21T06:40:00.000+05:45,Saturday,35,20
BODS_PH1121126_200_20260830_120.xml,PH1121126:200,BLUS:PH1121126:200:5,BLUS,VJ93,2026-07-21T17:14:00.000+05:45,Monday|Tuesday|Wednesday|Thursday|Friday,17,5
BODS_PH1121126_541_20260830_83.xml,PH1121126:541,BLUS:PH1121126:541:630,BLUS,VJ8,2026-07-21T14:25:00.000+05:45,Monday|Tuesday|Wednesday|Thursday|Friday,56,630
BODS_PH1121126_201_20260601_113.xml,PH1121126:201,BLUS:PH1121126:201:4,BLUS,VJ130,2026-07-21T07:50:00.000+05:45,Monday|Tuesday|Wednesday|Thursday|Friday,48,4
BODS_PH1121126_198_20260830_116.xml,PH1121126:198,BLUS:PH1121126:198:9,BLUS,VJ96,2026-07-21T23:10:00.000+05:45,Monday|Tuesday|Wednesday|Thursday|Friday,62,9
BODS_PH1121126_302_20260601_125.xml,PH1121126:302,BLUS:PH1121126:302:N17,BLUS,VJ498,2026-07-21T03:10:00.000+05:45,Sunday,53,N17
BODS_PH1121126_237_20260830_120.xml,PH1121126:237,BLUS:PH1121126:237:QC,BLUS,VJ75,2026-07-21T14:40:00.000+05:45,Saturday,6,QC
BODS_PH1121126_298_20260718_117.xml,PH1121126:298,BLUS:PH1121126:298:7,BLUS,VJ133,2026-07-21T06:10:00.000+05:45,Monday|Tuesday|Wednesday|Thursday|Friday,61,7
BODS_PH1121126_302_20260601_125.xml,PH1121126:302,BLUS:PH1121126:302:17,BLUS,VJ110,2026-07-21T13:07:00.000+05:45,Monday|Tuesday|Wednesday|Thursday|Friday,53,17
BODS_PH1121126_302_20260718_130.xml,PH1121126:302,BLUS:PH1121126:302:17,BLUS,VJ494,2026-07-21T09:12:00.000+05:45,Sunday,50,17
BODS_PH1121126_505_20260830_120.xml,PH1121126:505,BLUS:PH1121126:505:15,BLUS,VJ49,2026-07-21T06:15:00.000+05:45,Sunday,35,15
BODS_PH1121126_195_20260830_124.xml,PH1121126:195,BLUS:PH1121126:195:18,BLUS,VJ186,2026-07-21T09:28:00.000+05:45,Sunday,55,18
BODS_PH1121126_195_20260830_124.xml,PH1121126:195,BLUS:PH1121126:195:18,BLUS,VJ265,2026-07-21T04:32:00.000+05:45,Monday|Tuesday|Wednesday|Thursday|Friday,13,18
BODS_PH1121126_298_20260830_119.xml,PH1121126:298,BLUS:PH1121126:298:7,BLUS,VJ2,2026-07-21T08:38:00.000+05:45,Monday|Tuesday|Wednesday|Thursday|Friday,46,7
BODS_PH1121126_507_20260718_108.xml,PH1121126:507,BLUS:PH1121126:507:20,BLUS,VJ66,2026-07-21T15:30:00.000+05:45,Saturday,17,20
BODS_PH1121126_507_20260601_103.xml,PH1121126:507,BLUS:PH1121126:507:20,BLUS,VJ68,2026-07-21T16:00:00.000+05:45,Saturday,16,20
BODS_PH1121126_203_20260601_118.xml,PH1121126:203,BLUS:PH1121126:203:2,BLUS,VJ304,2026-07-21T07:45:00.000+05:45,Saturday,60,2
BODS_PH1121126_201_20260830_120.xml,PH1121126:201,BLUS:PH1121126:201:4,BLUS,VJ93,2026-07-21T11:02:00.000+05:45,Saturday,48,4
BODS_PH1121126_506_20260601_111.xml,PH1121126:506,BLUS:PH1121126:506:19a,BLUS,VJ341,2026-07-21T20:33:00.000+05:45,Saturday,50,19a
BODS_PH1121126_506_20260830_118.xml,PH1121126:506,BLUS:PH1121126:506:19a,BLUS,VJ110,2026-07-21T10:14:00.000+05:45,Saturday,49,19a
BODS_PH1121126_204_20260830_124.xml,PH1121126:204,BLUS:PH1121126:204:1,BLUS,VJ21,2026-07-21T10:40:00.000+05:45,Saturday,43,1
BODS_PH1121126_563_20260718_20.xml,PH1121126:563,BLUS:PH1121126:563:61,BLUS,VJ1,2026-07-21T05:12:00.000+05:45,Monday|Tuesday|Wednesday|Thursday|Friday,26,61
BODS_PH1121126_470_20260718_110.xml,PH1121126:470,BLUS:PH1121126:470:566,BLUS,VJ2,2026-07-21T07:25:00.000+05:45,Monday|Tuesday|Wednesday|Thursday|Friday,19,566
BODS_PH1121126_302_20260601_125.xml,PH1121126:302,BLUS:PH1121126:302:17,BLUS,VJ127,2026-07-21T08:20:00.000+05:45,Monday|Tuesday|Wednesday|Thursday|Friday,53,17
BODS_PH1121126_302_20260718_130.xml,PH1121126:302,BLUS:PH1121126:302:17,BLUS,VJ396,2026-07-21T19:50:00.000+05:45,Saturday,50,17
BODS_PH1121126_504_20260830_118.xml,PH1121126:504,BLUS:PH1121126:504:14,BLUS,VJ63,2026-07-21T10:55:00.000+05:45,Sunday,31,14
BODS_PH1121126_506_20260718_116.xml,PH1121126:506,BLUS:PH1121126:506:19,BLUS,VJ63,2026-07-21T17:30:00.000+05:45,Monday|Tuesday|Wednesday|Thursday|Friday,51,19
BODS_PH1121126_196_20260601_118.xml,PH1121126:196,BLUS:PH1121126:196:16,BLUS,VJ176,2026-07-21T14:46:00.000+05:45,Monday|Tuesday|Wednesday|Thursday|Friday,26,16
BODS_PH1121126_203_20260718_123.xml,PH1121126:203,BLUS:PH1121126:203:2,BLUS,VJ111,2026-07-21T18:50:00.000+05:45,Monday|Tuesday|Wednesday|Thursday|Friday,51,2
BODS_PH1121126_200_20260328_115.xml,PH1121126:200,BLUS:PH1121126:200:5,BLUS,VJ70,2026-07-21T16:25:00.000+05:45,Saturday,7,5
BODS_PH1121126_506_20260601_111.xml,PH1121126:506,BLUS:PH1121126:506:19,BLUS,VJ288,2026-07-21T18:30:00.000+05:45,Monday|Tuesday|Wednesday|Thursday|Friday,51,19
BODS_PH1121126_197_20260830_115.xml,PH1121126:197,BLUS:PH1121126:197:12,BLUS,VJ240,2026-07-21T09:06:00.000+05:45,Monday|Tuesday|Wednesday|Thursday|Friday,33,12
BODS_PH1121126_202_20260601_129.xml,PH1121126:202,BLUS:PH1121126:202:3,BLUS,VJ14,2026-07-21T12:55:00.000+05:45,Monday|Tuesday|Wednesday|Thursday|Friday,70,3
BODS_PH1121126_198_20260412_111.xml,PH1121126:198,BLUS:PH1121126:198:9,BLUS,VJ144,2026-07-21T11:02:00.000+05:45,Monday|Tuesday|Wednesday|Thursday|Friday,43,9
BODS_PH1121126_507_20260718_108.xml,PH1121126:507,BLUS:PH1121126:507:20,BLUS,VJ194,2026-07-21T17:17:00.000+05:45,Sunday,35,20
BODS_PH1121126_204_20260718_122.xml,PH1121126:204,BLUS:PH1121126:204:1,BLUS,VJ172,2026-07-21T08:10:00.000+05:45,Sunday,43,1
BODS_PH1121126_505_20260601_113.xml,PH1121126:505,BLUS:PH1121126:505:15,BLUS,VJ142,2026-07-21T06:45:00.000+05:45,Saturday,32,15
BODS_PH1121126_199_20260412_113.xml,PH1121126:199,BLUS:PH1121126:199:8,BLUS,VJ49,2026-07-21T11:27:00.000+05:45,Sunday,52,8
BODS_PH1121126_204_20260830_124.xml,PH1121126:204,BLUS:PH1121126:204:1,BLUS,VJ268,2026-07-21T17:10:00.000+05:45,Saturday,47,1
BODS_PH1121126_195_20260601_117.xml,PH1121126:195,BLUS:PH1121126:195:18,BLUS,VJ482,2026-07-21T12:02:00.000+05:45,Sunday,34,18
BODS_PH1121126_302_20260601_125.xml,PH1121126:302,BLUS:PH1121126:302:17,BLUS,VJ449,2026-07-21T13:50:00.000+05:45,Saturday,49,17
BODS_PH1121126_544_20260328_77.xml,PH1121126:544,BLUS:PH1121126:544:606,BLUS,VJ1,2026-07-21T07:00:00.000+05:45,Tuesday|Wednesday|Thursday|Friday,41,606
BODS_PH1121126_506_20260601_111.xml,PH1121126:506,BLUS:PH1121126:506:19,BLUS,VJ89,2026-07-21T09:00:00.000+05:45,Monday|Tuesday|Wednesday|Thursday|Friday,50,19
BODS_PH1121126_195_20260718_122.xml,PH1121126:195,BLUS:PH1121126:195:18,BLUS,VJ360,2026-07-21T16:00:00.000+05:45,Monday|Tuesday|Wednesday|Thursday|Friday,35,18
BODS_PH1121126_195_20260830_124.xml,PH1121126:195,BLUS:PH1121126:195:18,BLUS,VJ3,2026-07-21T04:15:00.000+05:45,Monday|Tuesday|Wednesday|Thursday|Friday,26,18
BODS_PH1121126_197_20260830_115.xml,PH1121126:197,BLUS:PH1121126:197:12,BLUS,VJ172,2026-07-21T16:10:00.000+05:45,Saturday,33,12
BODS_PH1121126_237_20260830_120.xml,PH1121126:237,BLUS:PH1121126:237:QC,BLUS,VJ38,2026-07-21T08:55:00.000+05:45,Sunday,6,QC
BODS_PH1121126_195_20260718_122.xml,PH1121126:195,BLUS:PH1121126:195:18,BLUS,VJ504,2026-07-21T06:45:00.000+05:45,Sunday,35,18
BODS_PH1121126_507_20260601_103.xml,PH1121126:507,BLUS:PH1121126:507:20,BLUS,VJ287,2026-07-21T08:35:00.000+05:45,Monday|Tuesday|Wednesday|Thursday|Friday,34,20
BODS_PH1121126_575_20260718_18.xml,PH1121126:575,BLUS:PH1121126:575:PR1,BLUS,VJ133,2026-07-21T08:40:00.000+05:45,Saturday,2,PR1
BODS_PH1121126_506_20260718_116.xml,PH1121126:506,BLUS:PH1121126:506:19a,BLUS,VJ92,2026-07-21T14:15:00.000+05:45,Saturday,49,19a
BODS_PH1121126_505_20260601_113.xml,PH1121126:505,BLUS:PH1121126:505:15,BLUS,VJ46,2026-07-21T17:05:00.000+05:45,Saturday,34,15
BODS_PH1121126_507_20260830_110.xml,PH1121126:507,BLUS:PH1121126:507:20,BLUS,VJ12,2026-07-21T10:15:00.000+05:45,Monday|Tuesday|Wednesday|Thursday|Friday,17,20
BODS_PH1121126_204_20260718_122.xml,PH1121126:204,BLUS:PH1121126:204:1,BLUS,VJ53,2026-07-21T16:00:00.000+05:45,Saturday,43,1
BODS_PH1121126_302_20260830_132.xml,PH1121126:302,BLUS:PH1121126:302:17,BLUS,VJ386,2026-07-21T13:10:00.000+05:45,Saturday,50,17
BODS_PH1121126_198_20260412_111.xml,PH1121126:198,BLUS:PH1121126:198:9,BLUS,VJ194,2026-07-21T14:35:00.000+05:45,Saturday,43,9
BODS_PH1121126_203_20260718_123.xml,PH1121126:203,BLUS:PH1121126:203:2,BLUS,VJ193,2026-07-21T13:00:00.000+05:45,Saturday,61,2
BODS_PH1121126_195_20260601_117.xml,PH1121126:195,BLUS:PH1121126:195:18,BLUS,VJ239,2026-07-21T13:53:00.000+05:45,Saturday,54,18
BODS_PH1121126_197_20260412_110.xml,PH1121126:197,BLUS:PH1121126:197:12,BLUS,VJ72,2026-07-21T10:13:00.000+05:45,Saturday,22,12
BODS_PH1121126_575_20260718_18.xml,PH1121126:575,BLUS:PH1121126:575:PR2,BLUS,VJ72,2026-07-21T11:10:00.000+05:45,Monday|Tuesday|Wednesday|Thursday|Friday|Saturday|Sunday,1,PR2
BODS_PH1121126_195_20260830_124.xml,PH1121126:195,BLUS:PH1121126:195:N18,BLUS,VJ254,2026-07-21T04:08:00.000+05:45,Saturday,29,N18
BODS_PH1121126_198_20260412_111.xml,PH1121126:198,BLUS:PH1121126:198:9,BLUS,VJ125,2026-07-21T10:48:00.000+05:45,Sunday,48,9
BODS_PH1121126_506_20260601_111.xml,PH1121126:506,BLUS:PH1121126:506:19a,BLUS,VJ108,2026-07-21T10:45:00.000+05:45,Saturday,48,19a
BODS_PH1121126_195_20260601_117.xml,PH1121126:195,BLUS:PH1121126:195:18,BLUS,VJ441,2026-07-21T22:30:00.000+05:45,Monday|Tuesday|Wednesday|Thursday|Friday,34,18
BODS_PH1121126_204_20260830_124.xml,PH1121126:204,BLUS:PH1121126:204:1,BLUS,VJ246,2026-07-21T13:30:00.000+05:45,Saturday,47,1
BODS_PH1121126_504_20260601_111.xml,PH1121126:504,BLUS:PH1121126:504:14,BLUS,VJ100,2026-07-21T16:32:00.000+05:45,Saturday,41,14
BODS_PH1121126_196_20260601_118.xml,PH1121126:196,BLUS:PH1121126:196:16,BLUS,VJ170,2026-07-21T13:14:00.000+05:45,Monday|Tuesday|Wednesday|Thursday|Friday,26,16
BODS_PH1121126_204_20260830_124.xml,PH1121126:204,BLUS:PH1121126:204:1,BLUS,VJ432,2026-07-21T09:01:00.000+05:45,Sunday,28,1
BODS_PH1121126_204_20260718_122.xml,PH1121126:204,BLUS:PH1121126:204:1,BLUS,VJ74,2026-07-21T10:40:00.000+05:45,Monday|Tuesday|Wednesday|Thursday|Friday,43,1
BODS_PH1121126_204_20260830_124.xml,PH1121126:204,BLUS:PH1121126:204:1,BLUS,VJ146,2026-07-21T08:12:00.000+05:45,Monday|Tuesday|Wednesday|Thursday|Friday,43,1
BODS_PH1121126_204_20260830_124.xml,PH1121126:204,BLUS:PH1121126:204:1,BLUS,VJ416,2026-07-21T06:05:00.000+05:45,Saturday,47,1
BODS_PH1121126_507_20260830_110.xml,PH1121126:507,BLUS:PH1121126:507:20,BLUS,VJ25,2026-07-21T13:30:00.000+05:45,Monday|Tuesday|Wednesday|Thursday|Friday,17,20
BODS_PH1121126_503_20260328_110.xml,PH1121126:503,BLUS:PH1121126:503:13,BLUS,VJ85,2026-07-21T06:52:00.000+05:45,Monday|Tuesday|Wednesday|Thursday|Friday,31,13
BODS_PH1121126_202_20260718_134.xml,PH1121126:202,BLUS:PH1121126:202:3,BLUS,VJ1,2026-07-21T06:02:00.000+05:45,Monday|Tuesday|Wednesday|Thursday|Friday,46,3
BODS_PH1121126_506_20260718_116.xml,PH1121126:506,BLUS:PH1121126:506:19,BLUS,VJ215,2026-07-21T15:10:00.000+05:45,Monday|Tuesday|Wednesday|Thursday|Friday,52,19
BODS_PH1121126_575_20260718_18.xml,PH1121126:575,BLUS:PH1121126:575:PR2,BLUS,VJ74,2026-07-21T11:50:00.000+05:45,Monday|Tuesday|Wednesday|Thursday|Friday|Saturday|Sunday,1,PR2
BODS_PH1121126_302_20260718_130.xml,PH1121126:302,BLUS:PH1121126:302:17,BLUS,VJ68,2026-07-21T16:48:00.000+05:45,Monday|Tuesday|Wednesday|Thursday|Friday,54,17
BODS_PH1121126_198_20260718_114.xml,PH1121126:198,BLUS:PH1121126:198:9,BLUS,VJ45,2026-07-21T17:05:00.000+05:45,Monday|Tuesday|Wednesday|Thursday|Friday,42,9
BODS_PH1121126_195_20260830_124.xml,PH1121126:195,BLUS:PH1121126:195:18,BLUS,VJ243,2026-07-21T00:10:00.000+05:45,Monday|Tuesday|Wednesday|Thursday|Friday,29,18
BODS_UZ000BLUS_6_20260830_1.xml,UZ000BLUS:6,BLUS:UZ000BLUS:6:6,BLUS,VJ17,2026-07-21T12:15:00.000+05:45,Sunday,20,6
BODS_PH1121126_506_20260718_116.xml,PH1121126:506,BLUS:PH1121126:506:19a,BLUS,VJ90,2026-07-21T13:15:00.000+05:45,Saturday,49,19a
BODS_PH1121126_575_20260531_15.xml,PH1121126:575,BLUS:PH1121126:575:PR1,BLUS,VJ17,2026-07-21T15:20:00.000+05:45,Saturday,3,PR1
BODS_PH1121126_202_20260830_136.xml,PH1121126:202,BLUS:PH1121126:202:3,BLUS,VJ38,2026-07-21T11:46:00.000+05:45,Sunday,67,3
BODS_PH1121126_197_20260412_110.xml,PH1121126:197,BLUS:PH1121126:197:12,BLUS,VJ232,2026-07-21T17:33:00.000+05:45,Monday|Tuesday|Wednesday|Thursday|Friday,33,12
BODS_PH1121126_203_20260601_118.xml,PH1121126:203,BLUS:PH1121126:203:2,BLUS,VJ242,2026-07-21T11:13:00.000+05:45,Sunday,60,2
BODS_PH1121126_302_20260830_132.xml,PH1121126:302,BLUS:PH1121126:302:17,BLUS,VJ235,2026-07-21T18:57:00.000+05:45,Saturday,21,17
BODS_PH1121126_201_20260718_118.xml,PH1121126:201,BLUS:PH1121126:201:4,BLUS,VJ51,2026-07-21T19:20:00.000+05:45,Monday|Tuesday|Wednesday|Thursday|Friday,48,4
BODS_PH1121126_196_20260601_118.xml,PH1121126:196,BLUS:PH1121126:196:16,BLUS,VJ14,2026-07-21T10:10:00.000+05:45,Monday|Tuesday|Wednesday|Thursday|Friday,18,16
BODS_PH1121126_203_20260601_118.xml,PH1121126:203,BLUS:PH1121126:203:2,BLUS,VJ311,2026-07-21T15:10:00.000+05:45,Monday|Tuesday|Wednesday|Thursday|Friday,20,2
BODS_PH1121126_195_20260718_122.xml,PH1121126:195,BLUS:PH1121126:195:18,BLUS,VJ480,2026-07-21T11:32:00.000+05:45,Sunday,35,18
BODS_PH1121126_503_20260718_117.xml,PH1121126:503,BLUS:PH1121126:503:13,BLUS,VJ51,2026-07-21T18:08:00.000+05:45,Saturday,21,13
BODS_PH1121126_197_20260830_115.xml,PH1121126:197,BLUS:PH1121126:197:11,BLUS,VJ146,2026-07-21T07:25:00.000+05:45,Monday|Tuesday|Wednesday|Thursday|Friday,20,11
BODS_PH1121126_298_20260830_119.xml,PH1121126:298,BLUS:PH1121126:298:7,BLUS,VJ48,2026-07-21T07:58:00.000+05:45,Monday|Tuesday|Wednesday|Thursday|Friday,46,7
BODS_PH1121126_302_20260601_125.xml,PH1121126:302,BLUS:PH1121126:302:17,BLUS,VJ181,2026-07-21T21:50:00.000+05:45,Saturday,53,17
BODS_PH1121126_506_20260830_118.xml,PH1121126:506,BLUS:PH1121126:506:19a,BLUS,VJ138,2026-07-21T22:58:00.000+05:45,Saturday,49,19a
BODS_PH1121126_195_20260718_122.xml,PH1121126:195,BLUS:PH1121126:195:18,BLUS,VJ117,2026-07-21T08:22:00.000+05:45,Saturday,55,18
BODS_PH1121126_507_20260718_108.xml,PH1121126:507,BLUS:PH1121126:507:20,BLUS,VJ303,2026-07-21T07:55:00.000+05:45,Monday|Tuesday|Wednesday|Thursday|Friday,35,20
BODS_PH1121126_338_20260718_113.xml,PH1121126:338,BLUS:PH1121126:338:T4,BLUS,VJ5,2026-07-21T12:25:00.000+05:45,Wednesday|Thursday,55,T4
BODS_PH1121126_195_20260601_117.xml,PH1121126:195,BLUS:PH1121126:195:18,BLUS,VJ325,2026-07-21T12:25:00.000+05:45,Monday|Tuesday|Wednesday|Thursday|Friday,34,18
BODS_PH1121126_506_20260601_111.xml,PH1121126:506,BLUS:PH1121126:506:19a,BLUS,VJ182,2026-07-21T14:32:00.000+05:45,Monday|Tuesday|Wednesday|Thursday|Friday,48,19a
BODS_PH1121126_506_20260718_116.xml,PH1121126:506,BLUS:PH1121126:506:19a,BLUS,VJ298,2026-07-21T22:25:00.000+05:45,Saturday,51,19a
BODS_PH1121126_198_20260718_114.xml,PH1121126:198,BLUS:PH1121126:198:9,BLUS,VJ98,2026-07-21T19:40:00.000+05:45,Saturday,62,9
BODS_PH1121126_298_20260830_119.xml,PH1121126:298,BLUS:PH1121126:298:7,BLUS,VJ30,2026-07-21T14:38:00.000+05:45,Monday|Tuesday|Wednesday|Thursday|Friday,46,7
BODS_PH1121126_203_20260718_123.xml,PH1121126:203,BLUS:PH1121126:203:2,BLUS,VJ234,2026-07-21T10:13:00.000+05:45,Saturday,61,2
BODS_PH1121126_202_20260718_134.xml,PH1121126:202,BLUS:PH1121126:202:3,BLUS,VJ26,2026-07-21T18:10:00.000+05:45,Monday|Tuesday|Wednesday|Thursday|Friday,70,3
BODS_PH1121126_195_20260830_124.xml,PH1121126:195,BLUS:PH1121126:195:18,BLUS,VJ450,2026-07-21T18:00:00.000+05:45,Saturday,49,18
BODS_PH1121126_575_20260830_20.xml,PH1121126:575,BLUS:PH1121126:575:PR1,BLUS,VJ106,2026-07-21T16:50:00.000+05:45,Saturday,2,PR1
BODS_PH1121126_196_20260718_123.xml,PH1121126:196,BLUS:PH1121126:196:16,BLUS,VJ226,2026-07-21T08:36:00.000+05:45,Saturday,28,16
BODS_PH1121126_563_20260830_22.xml,PH1121126:563,BLUS:PH1121126:563:61,BLUS,VJ11,2026-07-21T22:10:00.000+05:45,Monday|Tuesday|Wednesday|Thursday|Friday,27,61
BODS_PH1121126_507_20260830_110.xml,PH1121126:507,BLUS:PH1121126:507:20,BLUS,VJ211,2026-07-21T17:27:00.000+05:45,Saturday,35,20
BODS_PH1121126_204_20260718_122.xml,PH1121126:204,BLUS:PH1121126:204:1,BLUS,VJ40,2026-07-21T13:50:00.000+05:45,Saturday,43,1
BODS_PH1121126_196_20260830_125.xml,PH1121126:196,BLUS:PH1121126:196:16,BLUS,VJ56,2026-07-21T08:05:00.000+05:45,Monday|Tuesday|Wednesday|Thursday|Friday,36,16
BODS_PH1121126_506_20260601_111.xml,PH1121126:506,BLUS:PH1121126:506:19,BLUS,VJ77,2026-07-21T16:25:00.000+05:45,Sunday,50,19
BODS_PH1121126_204_20260718_122.xml,PH1121126:204,BLUS:PH1121126:204:1,BLUS,VJ184,2026-07-21T18:35:00.000+05:45,Monday|Tuesday|Wednesday|Thursday|Friday,43,1
BODS_PH1121126_197_20260718_113.xml,PH1121126:197,BLUS:PH1121126:197:12,BLUS,VJ163,2026-07-21T11:40:00.000+05:45,Saturday,33,12
BODS_PH1121126_200_20260718_118.xml,PH1121126:200,BLUS:PH1121126:200:5,BLUS,VJ1,2026-07-21T14:30:00.000+05:45,Monday|Tuesday|Wednesday|Thursday|Friday,36,5
BODS_PH1121126_195_20260601_117.xml,PH1121126:195,BLUS:PH1121126:195:18,BLUS,VJ186,2026-07-21T09:28:00.000+05:45,Sunday,54,18
BODS_PH1121126_203_20260718_123.xml,PH1121126:203,BLUS:PH1121126:203:2,BLUS,VJ229,2026-07-21T21:43:00.000+05:45,Monday|Tuesday|Wednesday|Thursday|Friday,61,2
BODS_PH1121126_505_20260601_113.xml,PH1121126:505,BLUS:PH1121126:505:15,BLUS,VJ143,2026-07-21T20:25:00.000+05:45,Sunday,32,15
BODS_PH1121126_237_20260830_120.xml,PH1121126:237,BLUS:PH1121126:237:QC,BLUS,VJ8,2026-07-21T11:25:00.000+05:45,Monday|Tuesday|Wednesday|Thursday|Friday,6,QC
BODS_PH1121126_197_20260830_115.xml,PH1121126:197,BLUS:PH1121126:197:11,BLUS,VJ268,2026-07-21T10:17:00.000+05:45,Monday|Tuesday|Wednesday|Thursday|Friday,32,11
BODS_PH1121126_507_20260718_108.xml,PH1121126:507,BLUS:PH1121126:507:20,BLUS,VJ16,2026-07-21T11:15:00.000+05:45,Monday|Tuesday|Wednesday|Thursday|Friday,17,20
BODS_PH1121126_575_20260718_18.xml,PH1121126:575,BLUS:PH1121126:575:PR1,BLUS,VJ61,2026-07-21T16:10:00.000+05:45,Sunday,3,PR1
BODS_PH1121126_197_20260830_115.xml,PH1121126:197,BLUS:PH1121126:197:12,BLUS,VJ64,2026-07-21T16:30:00.000+05:45,Monday|Tuesday|Wednesday|Thursday|Friday,22,12
BODS_PH1121126_504_20260601_111.xml,PH1121126:504,BLUS:PH1121126:504:14,BLUS,VJ82,2026-07-21T13:32:00.000+05:45,Monday|Tuesday|Wednesday|Thursday|Friday,41,14
BODS_PH1121126_196_20260601_118.xml,PH1121126:196,BLUS:PH1121126:196:16,BLUS,VJ102,2026-07-21T08:20:00.000+05:45,Saturday,18,16
BODS_PH1121126_195_20260601_117.xml,PH1121126:195,BLUS:PH1121126:195:18,BLUS,VJ195,2026-07-21T07:22:00.000+05:45,Monday|Tuesday|Wednesday|Thursday|Friday,54,18
BODS_PH1121126_203_20260830_125.xml,PH1121126:203,BLUS:PH1121126:203:2,BLUS,VJ117,2026-07-21T15:25:00.000+05:45,Monday|Tuesday|Wednesday|Thursday|Friday,51,2
BODS_PH1121126_507_20260718_108.xml,PH1121126:507,BLUS:PH1121126:507:20,BLUS,VJ124,2026-07-21T22:05:00.000+05:45,Saturday,17,20
BODS_PH1121126_237_20260412_115.xml,PH1121126:237,BLUS:PH1121126:237:QC,BLUS,VJ13,2026-07-21T16:05:00.000+05:45,Monday|Tuesday|Wednesday|Thursday|Friday,6,QC
BODS_PH1121126_204_20260718_122.xml,PH1121126:204,BLUS:PH1121126:204:1,BLUS,VJ191,2026-07-21T21:55:00.000+05:45,Saturday,43,1
BODS_PH1121126_302_20260830_132.xml,PH1121126:302,BLUS:PH1121126:302:17,BLUS,VJ312,2026-07-21T09:50:00.000+05:45,Monday|Tuesday|Wednesday|Thursday|Friday,50,17
BODS_PH1121126_199_20260718_116.xml,PH1121126:199,BLUS:PH1121126:199:8,BLUS,VJ25,2026-07-21T06:20:00.000+05:45,Monday|Tuesday|Wednesday|Thursday|Friday,50,8
BODS_PH1121126_197_20260412_110.xml,PH1121126:197,BLUS:PH1121126:197:12,BLUS,VJ212,2026-07-21T06:45:00.000+05:45,Saturday,33,12
BODS_PH1121126_197_20260718_113.xml,PH1121126:197,BLUS:PH1121126:197:12,BLUS,VJ190,2026-07-21T19:50:00.000+05:45,Monday|Tuesday|Wednesday|Thursday|Friday,33,12
BODS_PH1121126_204_20260718_122.xml,PH1121126:204,BLUS:PH1121126:204:1,BLUS,VJ333,2026-07-21T16:14:00.000+05:45,Monday|Tuesday|Wednesday|Thursday|Friday,47,1
BODS_PH1121126_197_20260718_113.xml,PH1121126:197,BLUS:PH1121126:197:11,BLUS,VJ149,2026-07-21T14:40:00.000+05:45,Monday|Tuesday|Wednesday|Thursday|Friday,20,11
BODS_PH1121126_505_20260601_113.xml,PH1121126:505,BLUS:PH1121126:505:15,BLUS,VJ16,2026-07-21T12:55:00.000+05:45,Monday|Tuesday|Wednesday|Thursday|Friday,34,15
BODS_PH1121126_195_20260830_124.xml,PH1121126:195,BLUS:PH1121126:195:18,BLUS,VJ209,2026-07-21T06:42:00.000+05:45,Monday|Tuesday|Wednesday|Thursday|Friday,55,18
BODS_PH1121126_197_20260412_110.xml,PH1121126:197,BLUS:PH1121126:197:11,BLUS,VJ291,2026-07-21T16:01:00.000+05:45,Monday|Tuesday|Wednesday|Thursday|Friday,32,11
BODS_PH1121126_237_20260718_118.xml,PH1121126:237,BLUS:PH1121126:237:QC,BLUS,VJ36,2026-07-21T18:25:00.000+05:45,Saturday,6,QC
BODS_PH1121126_507_20260601_103.xml,PH1121126:507,BLUS:PH1121126:507:20,BLUS,VJ46,2026-07-21T11:52:00.000+05:45,Sunday,16,20
BODS_PH1121126_505_20260718_118.xml,PH1121126:505,BLUS:PH1121126:505:15,BLUS,VJ23,2026-07-21T16:40:00.000+05:45,Monday|Tuesday|Wednesday|Thursday|Friday,35,15
BODS_PH1121126_196_20260601_118.xml,PH1121126:196,BLUS:PH1121126:196:16,BLUS,VJ119,2026-07-21T19:20:00.000+05:45,Sunday,31,16
BODS_PH1121126_203_20260830_125.xml,PH1121126:203,BLUS:PH1121126:203:2,BLUS,VJ63,2026-07-21T16:30:00.000+05:45,Sunday,51,2
BODS_PH1121126_507_20260601_103.xml,PH1121126:507,BLUS:PH1121126:507:20,BLUS,VJ71,2026-07-21T16:45:00.000+05:45,Saturday,16,20
BODS_PH1121126_506_20260601_111.xml,PH1121126:506,BLUS:PH1121126:506:19a,BLUS,VJ161,2026-07-21T17:49:00.000+05:45,Saturday,48,19a
BODS_PH1121126_203_20260601_118.xml,PH1121126:203,BLUS:PH1121126:203:2,BLUS,VJ29,2026-07-21T09:40:00.000+05:45,Monday|Tuesday|Wednesday|Thursday|Friday,50,2
BODS_PH1121126_507_20260718_108.xml,PH1121126:507,BLUS:PH1121126:507:20,BLUS,VJ30,2026-07-21T18:30:00.000+05:45,Monday|Tuesday|Wednesday|Thursday|Friday,17,20
BODS_PH1121126_195_20260830_124.xml,PH1121126:195,BLUS:PH1121126:195:18,BLUS,VJ415,2026-07-21T05:00:00.000+05:45,Monday|Tuesday|Wednesday|Thursday|Friday,35,18
BODS_PH1121126_575_20260830_20.xml,PH1121126:575,BLUS:PH1121126:575:PR2,BLUS,VJ159,2026-07-21T17:10:00.000+05:45,Monday|Tuesday|Wednesday|Thursday|Friday|Saturday|Sunday,1,PR2
BODS_PH1121126_198_20260718_114.xml,PH1121126:198,BLUS:PH1121126:198:9,BLUS,VJ155,2026-07-21T07:25:00.000+05:45,Monday|Tuesday|Wednesday|Thursday|Friday,43,9
BODS_PH1121126_562_20260601_20.xml,PH1121126:562,BLUS:PH1121126:562:21,BLUS,VJ1,2026-07-21T09:05:00.000+05:45,Monday|Tuesday|Wednesday|Thursday|Friday,44,21
BODS_PH1121126_198_20260718_114.xml,PH1121126:198,BLUS:PH1121126:198:9,BLUS,VJ60,2026-07-21T14:40:00.000+05:45,Sunday,47,9
BODS_PH1121126_204_20260718_122.xml,PH1121126:204,BLUS:PH1121126:204:1,BLUS,VJ128,2026-07-21T14:48:00.000+05:45,Monday|Tuesday|Wednesday|Thursday|Friday,43,1
BODS_PH1121126_503_20260328_110.xml,PH1121126:503,BLUS:PH1121126:503:13,BLUS,VJ135,2026-07-21T07:57:00.000+05:45,Saturday,31,13
BODS_PH1121126_204_20260830_124.xml,PH1121126:204,BLUS:PH1121126:204:1,BLUS,VJ332,2026-07-21T16:02:00.000+05:45,Monday|Tuesday|Wednesday|Thursday|Friday,47,1
BODS_PH1121126_203_20260718_123.xml,PH1121126:203,BLUS:PH1121126:203:2,BLUS,VJ32,2026-07-21T10:25:00.000+05:45,Monday|Tuesday|Wednesday|Thursday|Friday,51,2
BODS_PH1121126_298_20260601_111.xml,PH1121126:298,BLUS:PH1121126:298:7,BLUS,VJ94,2026-07-21T16:12:00.000+05:45,Saturday,60,7
BODS_PH1121126_196_20260601_118.xml,PH1121126:196,BLUS:PH1121126:196:16,BLUS,VJ36,2026-07-21T14:05:00.000+05:45,Sunday,18,16
BODS_PH1121126_196_20260830_125.xml,PH1121126:196,BLUS:PH1121126:196:16,BLUS,VJ117,2026-07-21T07:52:00.000+05:45,Monday|Tuesday|Wednesday|Thursday|Friday,43,16
BODS_PH1121126_506_20260830_118.xml,PH1121126:506,BLUS:PH1121126:506:19a,BLUS,VJ342,2026-07-21T10:43:00.000+05:45,Sunday,51,19a
BODS_PH1121126_201_20260718_118.xml,PH1121126:201,BLUS:PH1121126:201:4,BLUS,VJ82,2026-07-21T11:02:00.000+05:45,Monday|Tuesday|Wednesday|Thursday|Friday,48,4
BODS_PH1121126_529_20260830_83.xml,PH1121126:529,BLUS:PH1121126:529:24,BLUS,VJ28,2026-07-21T13:48:00.000+05:45,Monday|Tuesday|Wednesday|Thursday|Friday,49,24
BODS_PH1121126_203_20260601_118.xml,PH1121126:203,BLUS:PH1121126:203:2,BLUS,VJ295,2026-07-21T16:02:00.000+05:45,Monday|Tuesday|Wednesday|Thursday|Friday,60,2
BODS_PH1121126_196_20260718_123.xml,PH1121126:196,BLUS:PH1121126:196:16,BLUS,VJ28,2026-07-21T13:40:00.000+05:45,Monday|Tuesday|Wednesday|Thursday|Friday,18,16
BODS_PH1121126_298_20260601_111.xml,PH1121126:298,BLUS:PH1121126:298:7,BLUS,VJ96,2026-07-21T17:12:00.000+05:45,Saturday,60,7
BODS_PH1121126_507_20260830_110.xml,PH1121126:507,BLUS:PH1121126:507:20,BLUS,VJ214,2026-07-21T18:17:00.000+05:45,Saturday,35,20
BODS_PH1121126_196_20260718_123.xml,PH1121126:196,BLUS:PH1121126:196:16,BLUS,VJ12,2026-07-21T09:40:00.000+05:45,Monday|Tuesday|Wednesday|Thursday|Friday,18,16
BODS_PH1121126_302_20260601_125.xml,PH1121126:302,BLUS:PH1121126:302:17,BLUS,VJ96,2026-07-21T15:45:00.000+05:45,Monday|Tuesday|Wednesday|Thursday|Friday,53,17
BODS_PH1121126_197_20260718_113.xml,PH1121126:197,BLUS:PH1121126:197:11,BLUS,VJ283,2026-07-21T12:57:00.000+05:45,Sunday,32,11
BODS_PH1121126_204_20260601_117.xml,PH1121126:204,BLUS:PH1121126:204:1,BLUS,VJ236,2026-07-21T11:50:00.000+05:45,Saturday,46,1
BODS_PH1121126_298_20260830_119.xml,PH1121126:298,BLUS:PH1121126:298:7,BLUS,VJ58,2026-07-21T18:18:00.000+05:45,Saturday,46,7
BODS_PH1121126_302_20260601_125.xml,PH1121126:302,BLUS:PH1121126:302:17,BLUS,VJ322,2026-07-21T17:00:00.000+05:45,Saturday,49,17
BODS_PH1121126_204_20260830_124.xml,PH1121126:204,BLUS:PH1121126:204:1,BLUS,VJ77,2026-07-21T11:10:00.000+05:45,Monday|Tuesday|Wednesday|Thursday|Friday,43,1
BODS_PH1121126_302_20260830_132.xml,PH1121126:302,BLUS:PH1121126:302:17,BLUS,VJ169,2026-07-21T22:20:00.000+05:45,Sunday,54,17
BODS_PH1121126_302_20260830_132.xml,PH1121126:302,BLUS:PH1121126:302:17,BLUS,VJ448,2026-07-21T10:00:00.000+05:45,Saturday,50,17
BODS_PH1121126_196_20260830_125.xml,PH1121126:196,BLUS:PH1121126:196:16,BLUS,VJ91,2026-07-21T16:32:00.000+05:45,Saturday,43,16
BODS_PH1121126_562_20260718_25.xml,PH1121126:562,BLUS:PH1121126:562:21,BLUS,VJ8,2026-07-21T11:10:00.000+05:45,Monday|Tuesday|Wednesday|Thursday|Friday,51,21
BODS_PH1121126_197_20260412_110.xml,PH1121126:197,BLUS:PH1121126:197:11,BLUS,VJ320,2026-07-21T20:18:00.000+05:45,Saturday,14,11
BODS_PH1121126_505_20260830_120.xml,PH1121126:505,BLUS:PH1121126:505:15,BLUS,VJ43,2026-07-21T20:05:00.000+05:45,Saturday,35,15
BODS_PH1121126_197_20260412_110.xml,PH1121126:197,BLUS:PH1121126:197:12,BLUS,VJ40,2026-07-21T20:25:00.000+05:45,Sunday,22,12
BODS_PH1121126_506_20260601_111.xml,PH1121126:506,BLUS:PH1121126:506:19,BLUS,VJ54,2026-07-21T13:32:00.000+05:45,Monday|Tuesday|Wednesday|Thursday|Friday,50,19
BODS_PH1121126_195_20260830_124.xml,PH1121126:195,BLUS:PH1121126:195:18,BLUS,VJ514,2026-07-21T18:10:00.000+05:45,Sunday,35,18
BODS_PH1121126_302_20260830_132.xml,PH1121126:302,BLUS:PH1121126:302:17,BLUS,VJ10,2026-07-21T10:47:00.000+05:45,Monday|Tuesday|Wednesday|Thursday|Friday,54,17
BODS_PH1121126_204_20260601_117.xml,PH1121126:204,BLUS:PH1121126:204:1,BLUS,VJ55,2026-07-21T16:20:00.000+05:45,Saturday,42,1
BODS_PH1121126_197_20260830_115.xml,PH1121126:197,BLUS:PH1121126:197:11,BLUS,VJ315,2026-07-21T06:05:00.000+05:45,Monday|Tuesday|Wednesday|Thursday|Friday,32,11
BODS_PH1121126_504_20260830_118.xml,PH1121126:504,BLUS:PH1121126:504:14,BLUS,VJ4,2026-07-21T10:25:00.000+05:45,Monday|Tuesday|Wednesday|Thursday|Friday,31,14
BODS_PH1121126_563_20260718_20.xml,PH1121126:563,BLUS:PH1121126:563:61,BLUS,VJ3,2026-07-21T05:12:00.000+05:45,Saturday,26,61
BODS_PH1121126_237_20260718_118.xml,PH1121126:237,BLUS:PH1121126:237:QC,BLUS,VJ25,2026-07-21T12:00:00.000+05:45,Saturday,6,QC
BODS_PH1121126_204_20260830_124.xml,PH1121126:204,BLUS:PH1121126:204:1,BLUS,VJ187,2026-07-21T08:55:00.000+05:45,Saturday,43,1
BODS_PH1121126_503_20260328_110.xml,PH1121126:503,BLUS:PH1121126:503:13,BLUS,VJ140,2026-07-21T22:34:00.000+05:45,Saturday,13,13
BODS_PH1121126_200_20260328_115.xml,PH1121126:200,BLUS:PH1121126:200:5,BLUS,VJ17,2026-07-21T15:13:00.000+05:45,Monday|Tuesday|Wednesday|Thursday|Friday,9,5
BODS_PH1121126_198_20260718_114.xml,PH1121126:198,BLUS:PH1121126:198:9,BLUS,VJ20,2026-07-21T14:55:00.000+05:45,Saturday,42,9
BODS_PH1121126_204_20260830_124.xml,PH1121126:204,BLUS:PH1121126:204:1,BLUS,VJ434,2026-07-21T06:50:00.000+05:45,Monday|Tuesday|Wednesday|Thursday|Friday,28,1
BODS_PH1121126_529_20260718_81.xml,PH1121126:529,BLUS:PH1121126:529:24,BLUS,VJ3,2026-07-21T07:23:00.000+05:45,Monday|Tuesday|Wednesday|Thursday|Friday,28,24
BODS_PH1121126_204_20260601_117.xml,PH1121126:204,BLUS:PH1121126:204:1,BLUS,VJ62,2026-07-21T17:30:00.000+05:45,Saturday,42,1
BODS_PH1121126_507_20260601_103.xml,PH1121126:507,BLUS:PH1121126:507:20,BLUS,VJ9,2026-07-21T09:30:00.000+05:45,Monday|Tuesday|Wednesday|Thursday|Friday,16,20
BODS_PH1121126_503_20260718_117.xml,PH1121126:503,BLUS:PH1121126:503:13,BLUS,VJ100,2026-07-21T20:40:00.000+05:45,Monday|Tuesday|Wednesday|Thursday|Friday,31,13
BODS_PH1121126_503_20260328_110.xml,PH1121126:503,BLUS:PH1121126:503:13,BLUS,VJ113,2026-07-21T14:27:00.000+05:45,Saturday,31,13
BODS_PH1121126_203_20260718_123.xml,PH1121126:203,BLUS:PH1121126:203:2,BLUS,VJ282,2026-07-21T07:05:00.000+05:45,Monday|Tuesday|Wednesday|Thursday|Friday,61,2
BODS_PH1121126_203_20260601_118.xml,PH1121126:203,BLUS:PH1121126:203:2,BLUS,VJ213,2026-07-21T13:30:00.000+05:45,Sunday,60,2
BODS_PH1121126_197_20260830_115.xml,PH1121126:197,BLUS:PH1121126:197:11,BLUS,VJ98,2026-07-21T12:50:00.000+05:45,Monday|Tuesday|Wednesday|Thursday|Friday,20,11
BODS_PH1121126_302_20260601_125.xml,PH1121126:302,BLUS:PH1121126:302:17,BLUS,VJ215,2026-07-21T19:07:00.000+05:45,Monday|Tuesday|Wednesday|Thursday|Friday,53,17
BODS_PH1121126_196_20260718_123.xml,PH1121126:196,BLUS:PH1121126:196:16,BLUS,VJ76,2026-07-21T16:35:00.000+05:45,Monday|Tuesday|Wednesday|Thursday|Friday,18,16
BODS_PH1121126_204_20260718_122.xml,PH1121126:204,BLUS:PH1121126:204:1,BLUS,VJ434,2026-07-21T06:50:00.000+05:45,Monday|Tuesday|Wednesday|Thursday|Friday,28,1
BODS_PH1121126_507_20260718_108.xml,PH1121126:507,BLUS:PH1121126:507:20,BLUS,VJ20,2026-07-21T12:15:00.000+05:45,Monday|Tuesday|Wednesday|Thursday|Friday,17,20
BODS_PH1121126_302_20260830_132.xml,PH1121126:302,BLUS:PH1121126:302:17,BLUS,VJ467,2026-07-21T08:59:00.000+05:45,Monday|Tuesday|Wednesday|Thursday|Friday,50,17
BODS_PH1121126_195_20260718_122.xml,PH1121126:195,BLUS:PH1121126:195:18,BLUS,VJ435,2026-07-21T17:30:00.000+05:45,Monday|Tuesday|Wednesday|Thursday|Friday,35,18
BODS_PH1121126_503_20260328_110.xml,PH1121126:503,BLUS:PH1121126:503:13,BLUS,VJ117,2026-07-21T16:27:00.000+05:45,Saturday,31,13
BODS_PH1121126_504_20260830_118.xml,PH1121126:504,BLUS:PH1121126:504:14,BLUS,VJ45,2026-07-21T14:55:00.000+05:45,Monday|Tuesday|Wednesday|Thursday|Friday,31,14
BODS_PH1121126_298_20260830_119.xml,PH1121126:298,BLUS:PH1121126:298:7,BLUS,VJ39,2026-07-21T08:43:00.000+05:45,Saturday,46,7
BODS_PH1121126_204_20260830_124.xml,PH1121126:204,BLUS:PH1121126:204:1,BLUS,VJ5,2026-07-21T07:25:00.000+05:45,Monday|Tuesday|Wednesday|Thursday|Friday,45,1
BODS_PH1121126_203_20260601_118.xml,PH1121126:203,BLUS:PH1121126:203:2,BLUS,VJ146,2026-07-21T23:20:00.000+05:45,Saturday,55,2
BODS_PH1121126_575_20260830_20.xml,PH1121126:575,BLUS:PH1121126:575:PR1,BLUS,VJ109,2026-07-21T17:50:00.000+05:45,Saturday,2,PR1
BODS_PH1121126_504_20260718_116.xml,PH1121126:504,BLUS:PH1121126:504:14,BLUS,VJ75,2026-07-21T10:02:00.000+05:45,Monday|Tuesday|Wednesday|Thursday|Friday,43,14
BODS_PH1121126_203_20260830_125.xml,PH1121126:203,BLUS:PH1121126:203:2,BLUS,VJ238,2026-07-21T09:33:00.000+05:45,Sunday,61,2
BODS_PH1121126_203_20260601_118.xml,PH1121126:203,BLUS:PH1121126:203:2,BLUS,VJ272,2026-07-21T06:00:00.000+05:45,Monday|Tuesday|Wednesday|Thursday|Friday,60,2
BODS_PH1121126_507_20260601_103.xml,PH1121126:507,BLUS:PH1121126:507:20,BLUS,VJ194,2026-07-21T17:17:00.000+05:45,Sunday,34,20
BODS_PH1121126_302_20260830_132.xml,PH1121126:302,BLUS:PH1121126:302:17,BLUS,VJ286,2026-07-21T14:20:00.000+05:45,Saturday,50,17
BODS_PH1121126_503_20260328_110.xml,PH1121126:503,BLUS:PH1121126:503:13,BLUS,VJ58,2026-07-21T16:40:00.000+05:45,Sunday,21,13
BODS_PH1121126_507_20260718_108.xml,PH1121126:507,BLUS:PH1121126:507:20,BLUS,VJ3,2026-07-21T08:05:00.000+05:45,Monday|Tuesday|Wednesday|Thursday|Friday,17,20
BODS_PH1121126_204_20260830_124.xml,PH1121126:204,BLUS:PH1121126:204:1,BLUS,VJ385,2026-07-21T07:50:00.000+05:45,Saturday,47,1
BODS_PH1121126_204_20260718_122.xml,PH1121126:204,BLUS:PH1121126:204:1,BLUS,VJ62,2026-07-21T17:30:00.000+05:45,Saturday,43,1
BODS_PH1121126_196_20260601_118.xml,PH1121126:196,BLUS:PH1121126:196:16,BLUS,VJ121,2026-07-21T18:17:00.000+05:45,Monday|Tuesday|Wednesday|Thursday|Friday,31,16
BODS_PH1121126_502_20260718_110.xml,PH1121126:502,BLUS:PH1121126:502:10,BLUS,VJ29,2026-07-21T13:37:00.000+05:45,Monday|Tuesday|Wednesday|Thursday|Friday,36,10
BODS_PH1121126_529_20260718_81.xml,PH1121126:529,BLUS:PH1121126:529:24,BLUS,VJ14,2026-07-21T17:45:00.000+05:45,Monday|Tuesday|Wednesday|Thursday|Friday,36,24
BODS_PH1121126_506_20260718_116.xml,PH1121126:506,BLUS:PH1121126:506:19,BLUS,VJ56,2026-07-21T17:02:00.000+05:45,Saturday,51,19
BODS_PH1121126_200_20260830_120.xml,PH1121126:200,BLUS:PH1121126:200:5,BLUS,VJ18,2026-07-21T15:13:00.000+05:45,Monday|Tuesday|Wednesday|Thursday|Friday,9,5
BODS_PH1121126_197_20260412_110.xml,PH1121126:197,BLUS:PH1121126:197:11,BLUS,VJ272,2026-07-21T11:37:00.000+05:45,Monday|Tuesday|Wednesday|Thursday|Friday,32,11
BODS_PH1121126_195_20260601_117.xml,PH1121126:195,BLUS:PH1121126:195:18,BLUS,VJ102,2026-07-21T17:27:00.000+05:45,Saturday,54,18
BODS_PH1121126_506_20260830_118.xml,PH1121126:506,BLUS:PH1121126:506:19a,BLUS,VJ135,2026-07-21T05:08:00.000+05:45,Saturday,49,19a
BODS_PH1121126_197_20260718_113.xml,PH1121126:197,BLUS:PH1121126:197:11,BLUS,VJ145,2026-07-21T08:05:00.000+05:45,Saturday,20,11
BODS_PH1121126_502_20260718_110.xml,PH1121126:502,BLUS:PH1121126:502:10,BLUS,VJ45,2026-07-21T07:15:00.000+05:45,Monday|Tuesday|Wednesday|Thursday|Friday,36,10
BODS_PH1121126_197_20260830_115.xml,PH1121126:197,BLUS:PH1121126:197:12,BLUS,VJ7,2026-07-21T14:10:00.000+05:45,Saturday,22,12
BODS_PH1121126_185_20260830_114.xml,PH1121126:185,BLUS:PH1121126:185:35,BLUS,VJ3,2026-07-21T09:05:00.000+05:45,Monday|Tuesday|Wednesday|Thursday|Friday,29,35
BODS_PH1121126_338_20260412_110.xml,PH1121126:338,BLUS:PH1121126:338:T3,BLUS,VJ2,2026-07-21T10:35:00.000+05:45,Wednesday|Thursday,55,T3
BODS_PH1121126_198_20260412_111.xml,PH1121126:198,BLUS:PH1121126:198:9,BLUS,VJ106,2026-07-21T22:10:00.000+05:45,Saturday,53,9
BODS_PH1121126_197_20260718_113.xml,PH1121126:197,BLUS:PH1121126:197:11,BLUS,VJ100,2026-07-21T13:30:00.000+05:45,Monday|Tuesday|Wednesday|Thursday|Friday,20,11
BODS_PH1121126_575_20260718_18.xml,PH1121126:575,BLUS:PH1121126:575:PR1,BLUS,VJ112,2026-07-21T11:10:00.000+05:45,Sunday,2,PR1
BODS_PH1121126_302_20260601_125.xml,PH1121126:302,BLUS:PH1121126:302:17,BLUS,VJ55,2026-07-21T12:27:00.000+05:45,Monday|Tuesday|Wednesday|Thursday|Friday,53,17
BODS_PH1121126_506_20260718_116.xml,PH1121126:506,BLUS:PH1121126:506:19,BLUS,VJ60,2026-07-21T08:05:00.000+05:45,Saturday,51,19
BODS_PH1121126_419_20260830_124.xml,PH1121126:419,BLUS:PH1121126:419:623,BLUS,VJ3,2026-07-21T16:15:00.000+05:45,Monday|Tuesday|Wednesday|Thursday|Friday,45,623
BODS_PH1121126_197_20260830_115.xml,PH1121126:197,BLUS:PH1121126:197:12,BLUS,VJ206,2026-07-21T16:28:00.000+05:45,Sunday,33,12
BODS_PH1121126_203_20260601_118.xml,PH1121126:203,BLUS:PH1121126:203:2,BLUS,VJ235,2026-07-21T10:43:00.000+05:45,Saturday,60,2
BODS_PH1121126_298_20260830_119.xml,PH1121126:298,BLUS:PH1121126:298:7,BLUS,VJ107,2026-07-21T08:06:00.000+05:45,Sunday,56,7
BODS_PH1121126_204_20260830_124.xml,PH1121126:204,BLUS:PH1121126:204:1,BLUS,VJ265,2026-07-21T16:40:00.000+05:45,Saturday,47,1
BODS_PH1121126_197_20260412_110.xml,PH1121126:197,BLUS:PH1121126:197:12,BLUS,VJ30,2026-07-21T19:25:00.000+05:45,Monday|Tuesday|Wednesday|Thursday|Friday,22,12
BODS_PH1121126_506_20260601_111.xml,PH1121126:506,BLUS:PH1121126:506:19,BLUS,VJ204,2026-07-21T10:37:00.000+05:45,Monday|Tuesday|Wednesday|Thursday|Friday,51,19
BODS_PH1121126_201_20260718_118.xml,PH1121126:201,BLUS:PH1121126:201:4,BLUS,VJ32,2026-07-21T12:20:00.000+05:45,Sunday,48,4
BODS_PH1121126_529_20260718_81.xml,PH1121126:529,BLUS:PH1121126:529:24,BLUS,VJ34,2026-07-21T16:24:00.000+05:45,Saturday,49,24
BODS_PH1121126_195_20260718_122.xml,PH1121126:195,BLUS:PH1121126:195:18,BLUS,VJ237,2026-07-21T09:43:00.000+05:45,Saturday,55,18
