source_file,operator_ref,operator_name,line_name,line_description,price_id,amount_gbp
BLUS_4015_Inbound_AdultReturn_a9f4b9e2-e9ea-4456-80e3-47fe03b77367_639196401917312852.xml,BLUS,Go South Coast,Go South Coast 4015 Inbound,Central Station - Hamble,price_band_4.2@AdultReturn,4.2
SWWD_3040_Outbound_ChildSingle_a9f4b9e2-e9ea-4456-80e3-47fe03b77367_639196391578171459.xml,SWWD,Go South Coast,Go South Coast 3040 Outbound,Salisbury - Woodfalls,price_band_2.3@ChildSingle,2.3
SWWD_3667_Inbound_ChildSingle_a9f4b9e2-e9ea-4456-80e3-47fe03b77367_639196400057771480.xml,SWWD,Go South Coast,Go South Coast 3667 Inbound,Wilton & Barford Primary Sch  - Fugglestone,price_band_1.0@ChildSingle,1.0
SVCT_5271_Outbound_ChildSingle_a9f4b9e2-e9ea-4456-80e3-47fe03b77367_639196405666261482.xml,SVCT,Go South Coast,Go South Coast 5271 Outbound,Ryde - Ventnor,price_band_1.8@ChildSingle,1.8
SWWD_3645_Inbound_AdultReturn_a9f4b9e2-e9ea-4456-80e3-47fe03b77367_639196399766990389.xml,SWWD,Go South Coast,Go South Coast 3645 Inbound,Stratford Road Grammar School - Hamptworth Cuckoo,price_band_4.5@AdultReturn,4.5
SWWD_3881_Inbound_AdultSingle_a9f4b9e2-e9ea-4456-80e3-47fe03b77367_639196400567424373.xml,SWWD,Go South Coast,Go South Coast 3881 Inbound,Wilton Road  - Burgate School,price_band_2.1@AdultSingle,2.1
WDBC_1950_Inbound_AdultSingle_2f1f0c04-770d-4707-ab06-213c5a798ad7_639196383730198476.xml,WDBC,Go South Coast,Go South Coast 1950 Inbound,Bournemouth - Swanage,price_band_1.0@AdultSingle,1.0
SWWD_3885_Outbound_AdultSingle_a9f4b9e2-e9ea-4456-80e3-47fe03b77367_639196400790128512.xml,SWWD,Go South Coast,Go South Coast 3885 Outbound,Whaddon - Burgate School,price_band_2.6@AdultSingle,2.6
WDBC_1040_Outbound_ChildSingle_d46597a9-440e-4c13-b49a-76a3986683d1_639196375449463659.xml,WDBC,Go South Coast,Go South Coast 1040 Outbound,Swanage - Poole,price_band_3.0@ChildSingle,3.0
TDTR_7080_Outbound_YoungPersonSgl_a9f4b9e2-e9ea-4456-80e3-47fe03b77367_639196408849535299.xml,TDTR,Go South Coast,Go South Coast 7080 Outbound,Swindon - Marlborough,price_band_1.4@YoungPersonSgl,1.4
SVCT_5127_Inbound_YoungAdSingle_a9f4b9e2-e9ea-4456-80e3-47fe03b77367_639196405417522843.xml,SVCT,Go South Coast,Go South Coast 5127 Inbound,Yarmouth - Newport,price_band_3.0@YoungAdSingle,3.0
WDBC_6943_Outbound_AdultSingle_a9f4b9e2-e9ea-4456-80e3-47fe03b77367_639196408006358807.xml,WDBC,Go South Coast,Go South Coast 6943 Outbound,Lulworth - Weymouth,price_band_2.7@AdultSingle,2.7
TDTR_7002_Outbound_YoungPersonSgl_a9f4b9e2-e9ea-4456-80e3-47fe03b77367_639196408080506351.xml,TDTR,Go South Coast,Go South Coast 7002 Outbound,Fleming Way - Covingham & Nythe,price_band_1.8@YoungPersonSgl,1.8
WDBC_1831_Outbound_AdultReturn_a9f4b9e2-e9ea-4456-80e3-47fe03b77367_639196381399406217.xml,WDBC,Go South Coast,Go South Coast 1831 Outbound,Bournemouth - Hunt Road and Somerford,price_band_4.7@AdultReturn,4.7
BLUS_4010_Inbound_ChildReturn_a9f4b9e2-e9ea-4456-80e3-47fe03b77367_639196401646763758.xml,BLUS,Go South Coast,Go South Coast 4010 Inbound,Southampton - Sholing,price_band_2.6@ChildReturn,2.6
BLUS_4005_Inbound_ChildReturn_a9f4b9e2-e9ea-4456-80e3-47fe03b77367_639196401203517379.xml,BLUS,Go South Coast,Go South Coast 4005 Inbound,Boyatt Wood - Romsey,price_band_4.0@ChildReturn,4.0
WDBC_1755_Outbound_AdultSingle_a9f4b9e2-e9ea-4456-80e3-47fe03b77367_639196379133464980.xml,WDBC,Go South Coast,Go South Coast 1755 Outbound,Bournemouth Station - Bournemouth School for Girls,price_band_3.1@AdultSingle,3.1
DAMY_6487_Inbound_AdultReturn_a9f4b9e2-e9ea-4456-80e3-47fe03b77367_639196407086470118.xml,DAMY,Go South Coast,Go South Coast 6487 Inbound,Blandford - Dorchester,price_band_5.8@AdultReturn,5.8
TDTR_7053_Outbound_AdultSingle_a9f4b9e2-e9ea-4456-80e3-47fe03b77367_639196408599268833.xml,TDTR,Go South Coast,Go South Coast 7053 Outbound,Fleming Way - South Marston,price_band_3.0@AdultSingle,3.0
TDTR_3620_Outbound_AdultReturn_a9f4b9e2-e9ea-4456-80e3-47fe03b77367_639196399616168175.xml,TDTR,Go South Coast,Go South Coast 3620 Outbound,Hungerford Priory  - St Johns Sch,price_band_4.0@AdultReturn,4.0
SVCT_5272_Outbound_YoungAdSingle_a9f4b9e2-e9ea-4456-80e3-47fe03b77367_639196405692051472.xml,SVCT,Go South Coast,Go South Coast 5272 Outbound,Ryde - Ventnor,price_band_2.4@YoungAdSingle,2.4
TDTR_3820_Inbound_AdultReturn_a9f4b9e2-e9ea-4456-80e3-47fe03b77367_639196400540210961.xml,TDTR,Go South Coast,Go South Coast 3820 Inbound,Marlborough - Newbury,price_band_4.7@AdultReturn,4.7
WDBC_1040_Inbound_ChildSingle_2f1f0c04-770d-4707-ab06-213c5a798ad7_639196375060016169.xml,WDBC,Go South Coast,Go South Coast 1040 Inbound,Swanage - Poole,price_band_2.8@ChildSingle,2.8
WDBC_1016_Inbound_ChildSingle_2f1f0c04-770d-4707-ab06-213c5a798ad7_639196372211456079.xml,WDBC,Go South Coast,Go South Coast 1016 Inbound,Poole - Bournemouth,price_band_1.0@ChildSingle,1.0
SWWD_3126_Inbound_AdultSingle_a9f4b9e2-e9ea-4456-80e3-47fe03b77367_639196393140963144.xml,SWWD,Go South Coast,Go South Coast 3126 Inbound,Salisbury - Hindon,price_band_2.3@AdultSingle,2.3
SVCT_5009_Outbound_AdultSingle_a9f4b9e2-e9ea-4456-80e3-47fe03b77367_639196404181601035.xml,SVCT,Go South Coast,Go South Coast 5009 Outbound,Newport  - Ryde,price_band_3.0@AdultSingle,3.0
SWWD_7086_Outbound_ChildReturn_a9f4b9e2-e9ea-4456-80e3-47fe03b77367_639196408909906075.xml,SWWD,Go South Coast,Go South Coast 7086 Outbound,Ansty - Shaftesbury,price_band_3.9@ChildReturn,3.9
WDBC_1053_Outbound_ChildSingle_a9f4b9e2-e9ea-4456-80e3-47fe03b77367_639196376334244450.xml,WDBC,Go South Coast,Go South Coast 1053 Outbound,Bournemouth - Wimborne,price_band_1.9@ChildSingle,1.9
WDBC_8120_Outbound_ChildSingle_a9f4b9e2-e9ea-4456-80e3-47fe03b77367_639196410309557720.xml,WDBC,Go South Coast,Go South Coast 8120 Outbound,Poole - Bournemoputh International Airport,price_band_2.5@ChildSingle,2.5
SWWD_3166_Inbound_AdultSingle_a9f4b9e2-e9ea-4456-80e3-47fe03b77367_639196393576385780.xml,SWWD,Go South Coast,Go South Coast 3166 Inbound,South Wilts Grammar School - Idmiston,price_band_2.3@AdultSingle,2.3
WDBC_1016_Outbound_AdultSingle_2f1f0c04-770d-4707-ab06-213c5a798ad7_639196372440401575.xml,WDBC,Go South Coast,Go South Coast 1016 Outbound,Poole - Bournemouth,price_band_1.0@AdultSingle,1.0
DAMY_6505_Inbound_ChildReturn_a9f4b9e2-e9ea-4456-80e3-47fe03b77367_639196407196013441.xml,DAMY,Go South Coast,Go South Coast 6505 Inbound,Weymouth - Dorchester,price_band_3.1@ChildReturn,3.1
BLUS_4015_Inbound_ChildSingle_a9f4b9e2-e9ea-4456-80e3-47fe03b77367_639196401920937575.xml,BLUS,Go South Coast,Go South Coast 4015 Inbound,Central Station - Hamble,price_band_2.5@ChildSingle,2.5
SWWD_3206_Outbound_AdultReturn_a9f4b9e2-e9ea-4456-80e3-47fe03b77367_639196394052641098.xml,SWWD,Go South Coast,Go South Coast 3206 Outbound,Allington - Blue Boar Row,price_band_6.0@AdultReturn,6.0
WDBC_2112_Outbound_ChildReturn_a9f4b9e2-e9ea-4456-80e3-47fe03b77367_639196386369738702.xml,WDBC,Go South Coast,Go South Coast 2112 Outbound,Hythe - Lymington,price_band_5.6@ChildReturn,5.6
SWWD_3645_Outbound_AdultSingle_a9f4b9e2-e9ea-4456-80e3-47fe03b77367_639196399858102265.xml,SWWD,Go South Coast,Go South Coast 3645 Outbound,Stratford Road Grammar School - Hamptworth Cuckoo,price_band_3.0@AdultSingle,3.0
WDBC_1001_Inbound_AdultReturn_a9f4b9e2-e9ea-4456-80e3-47fe03b77367_639196369099689612.xml,WDBC,Go South Coast,Go South Coast 1001 Inbound,Poole - Bournemouth Hospital,price_band_4.7@AdultReturn,4.7
WDBC_1006_Inbound_ChildSingle_a9f4b9e2-e9ea-4456-80e3-47fe03b77367_639196370701252720.xml,WDBC,Go South Coast,Go South Coast 1006 Inbound,Poole - Tower Park,price_band_1.9@ChildSingle,1.9
WDBC_1060_Inbound_AdultReturn_a9f4b9e2-e9ea-4456-80e3-47fe03b77367_639196376749091852.xml,WDBC,Go South Coast,Go South Coast 1060 Inbound,Rockley - Sandbanks,price_band_4.7@AdultReturn,4.7
BLUS_4002_Outbound_ChildSingle_eed5e2e8-c472-41af-825e-db09ec887334_639196401101329592.xml,BLUS,Go South Coast,Go South Coast 4002 Outbound,Southampton - Fair Oak,price_band_1.0@ChildSingle,1.0
WDBC_2616_Inbound_AdultSingle_a9f4b9e2-e9ea-4456-80e3-47fe03b77367_639196387190271681.xml,WDBC,Go South Coast,Go South Coast 2616 Inbound,Ringwood - Brockenhurst College,price_band_3.0@AdultSingle,3.0
BLUS_8439_Outbound_ChildSingle_a9f4b9e2-e9ea-4456-80e3-47fe03b77367_639196410513787136.xml,BLUS,Go South Coast,Go South Coast 8439 Outbound,Romsey - Andover,price_band_3.0@ChildSingle,3.0
TDTR_7146_Outbound_ChildReturn_a9f4b9e2-e9ea-4456-80e3-47fe03b77367_639196409098340196.xml,TDTR,Go South Coast,Go South Coast 7146 Outbound,Swindon - Hungerford,price_band_4.1@ChildReturn,4.1
TDTR_7042_Inbound_ChildReturn_a9f4b9e2-e9ea-4456-80e3-47fe03b77367_639196408287052126.xml,TDTR,Go South Coast,Go South Coast 7042 Inbound,Calne - St John's School,price_band_1.8@ChildReturn,1.8
WDBC_1106_Inbound_AdultSingle_a9f4b9e2-e9ea-4456-80e3-47fe03b77367_639196377308757056.xml,WDBC,Go South Coast,Go South Coast 1106 Inbound,Poole - Tower Park,price_band_3.0@AdultSingle,3.0
WDBC_1811_Inbound_AdultReturn_a9f4b9e2-e9ea-4456-80e3-47fe03b77367_639196380008712671.xml,WDBC,Go South Coast,Go South Coast 1811 Inbound,Bournemouth - Somerford,price_band_4.5@AdultReturn,4.5
BLUS_4009_Outbound_AdultSingle_eed5e2e8-c472-41af-825e-db09ec887334_639196401617991333.xml,BLUS,Go South Coast,Go South Coast 4009 Outbound,Southampton - Langley/Fawley,price_band_1.0@AdultSingle,1.0
TDTR_7076_Outbound_YoungPersonRtn_a9f4b9e2-e9ea-4456-80e3-47fe03b77367_639196408736218992.xml,TDTR,Go South Coast,Go South Coast 7076 Outbound,Marlborough - Bath,price_band_2.8@YoungPersonRtn,2.8
WDBC_2761_Inbound_ChildSingle_a9f4b9e2-e9ea-4456-80e3-47fe03b77367_639196387441241983.xml,WDBC,Go South Coast,Go South Coast 2761 Inbound,Bunkers Hill Cottage - Priestlands School,price_band_3.6@ChildSingle,3.6
WDBC_1801_Outbound_ChildReturn_a9f4b9e2-e9ea-4456-80e3-47fe03b77367_639196379499943625.xml,WDBC,Go South Coast,Go South Coast 1801 Outbound,Bournemouth - Christchurch,price_band_3.7@ChildReturn,3.7
WDBC_2618_Outbound_AdultReturn_a9f4b9e2-e9ea-4456-80e3-47fe03b77367_639196387241385145.xml,WDBC,Go South Coast,Go South Coast 2618 Outbound,Cooper Dean - Brockenhurst College,price_band_9.1@AdultReturn,9.1
WDBC_2112_Inbound_ChildSingle_a9f4b9e2-e9ea-4456-80e3-47fe03b77367_639196386324315955.xml,WDBC,Go South Coast,Go South Coast 2112 Inbound,Hythe - Lymington,price_band_2.6@ChildSingle,2.6
WDBC_2120_Inbound_ChildSingle_a9f4b9e2-e9ea-4456-80e3-47fe03b77367_639196386405901867.xml,WDBC,Go South Coast,Go South Coast 2120 Inbound,New Milton Tesco - Lymington,price_band_2.5@ChildSingle,2.5
WDBC_1818_Outbound_ChildSingle_a9f4b9e2-e9ea-4456-80e3-47fe03b77367_639196380451551605.xml,WDBC,Go South Coast,Go South Coast 1818 Outbound,Bournemouth - Broadstone,price_band_2.5@ChildSingle,2.5
TDTR_3820_Outbound_ChildSingle_a9f4b9e2-e9ea-4456-80e3-47fe03b77367_639196400556729284.xml,TDTR,Go South Coast,Go South Coast 3820 Outbound,Marlborough - Newbury,price_band_2.1@ChildSingle,2.1
WDBC_1789_Outbound_ChildSingle_a9f4b9e2-e9ea-4456-80e3-47fe03b77367_639196379418716693.xml,WDBC,Go South Coast,Go South Coast 1789 Outbound,Bournemouth School for Girls - Lymington,price_band_2.9@ChildSingle,2.9
WDBC_2906_Outbound_AdultSingle_2f1f0c04-770d-4707-ab06-213c5a798ad7_639196388476753346.xml,WDBC,Go South Coast,Go South Coast 2906 Outbound,Poole - Ringwood,price_band_2.3@AdultSingle,2.3
TDTR_7076_Inbound_AdultReturn_a9f4b9e2-e9ea-4456-80e3-47fe03b77367_639196408707437362.xml,TDTR,Go South Coast,Go South Coast 7076 Inbound,Marlborough - Bath,price_band_4.0@AdultReturn,4.0
WDBC_1841_Outbound_AdultSingle_a9f4b9e2-e9ea-4456-80e3-47fe03b77367_639196382130631696.xml,WDBC,Go South Coast,Go South Coast 1841 Outbound,Bournemouth - Mudeford and Somerford,price_band_2.8@AdultSingle,2.8
SWWD_3684_Inbound_AdultSingle_a9f4b9e2-e9ea-4456-80e3-47fe03b77367_639196400268803265.xml,SWWD,Go South Coast,Go South Coast 3684 Inbound,Coombe Bissett - Burgate,price_band_3.5@AdultSingle,3.5
TDTR_7091_Outbound_YoungPersonSgl_a9f4b9e2-e9ea-4456-80e3-47fe03b77367_639196408948536679.xml,TDTR,Go South Coast,Go South Coast 7091 Outbound,Orbital Park - GW Hospital,price_band_1.8@YoungPersonSgl,1.8
BLUS_4425_Inbound_ChildReturn_a9f4b9e2-e9ea-4456-80e3-47fe03b77367_639196402929947240.xml,BLUS,Go South Coast,Go South Coast 4425 Inbound,Eastleigh - Boorley Park,price_band_4.0@ChildReturn,4.0
DAMY_6505_Inbound_AdultSingle_a9f4b9e2-e9ea-4456-80e3-47fe03b77367_639196407169414629.xml,DAMY,Go South Coast,Go South Coast 6505 Inbound,Weymouth - Dorchester,price_band_3.0@AdultSingle,3.0
SWWD_3885_Inbound_ChildReturn_a9f4b9e2-e9ea-4456-80e3-47fe03b77367_639196400773713449.xml,SWWD,Go South Coast,Go South Coast 3885 Inbound,Whaddon - Burgate School,price_band_4.9@ChildReturn,4.9
BLUS_4424_Outbound_ChildReturn_a9f4b9e2-e9ea-4456-80e3-47fe03b77367_639196402908538165.xml,BLUS,Go South Coast,Go South Coast 4424 Outbound,Eastleigh - Hedge End,price_band_2.6@ChildReturn,2.6
WDBC_1020_Outbound_AdultSingle_2f1f0c04-770d-4707-ab06-213c5a798ad7_639196373870710671.xml,WDBC,Go South Coast,Go South Coast 1020 Outbound,Poole - Christchurch,price_band_1.0@AdultSingle,1.0
SWWD_3402_Outbound_ChildReturn_a9f4b9e2-e9ea-4456-80e3-47fe03b77367_639196396010784145.xml,SWWD,Go South Coast,Go South Coast 3402 Outbound,Salisbury - Devizes,price_band_6.0@ChildReturn,6.0
WDBC_1883_Outbound_ChildReturn_a9f4b9e2-e9ea-4456-80e3-47fe03b77367_639196382558488224.xml,WDBC,Go South Coast,Go South Coast 1883 Outbound,Alum Chine - Castlepoint,price_band_3.1@ChildReturn,3.1
WDBC_1883_Outbound_AdultSingle_a9f4b9e2-e9ea-4456-80e3-47fe03b77367_639196382569978481.xml,WDBC,Go South Coast,Go South Coast 1883 Outbound,Alum Chine - Castlepoint,price_band_2.6@AdultSingle,2.6
WDBC_2003_Inbound_ChildReturn_a9f4b9e2-e9ea-4456-80e3-47fe03b77367_639196385719101629.xml,WDBC,Go South Coast,Go South Coast 2003 Inbound,Salisbury - Bournemouth,price_band_5.6@ChildReturn,5.6
BLUS_2607_Outbound_AdultSingle_a9f4b9e2-e9ea-4456-80e3-47fe03b77367_639196387057478163.xml,BLUS,Go South Coast,Go South Coast 2607 Outbound,North Baddesley - Brockenhurst College,price_band_2.6@AdultSingle,2.6
WDBC_2633_Outbound_AdultSingle_a9f4b9e2-e9ea-4456-80e3-47fe03b77367_639196387427779345.xml,WDBC,Go South Coast,Go South Coast 2633 Outbound,Wimborne - Brockenhurst College,price_band_3.0@AdultSingle,3.0
BLUS_4005_Outbound_AdultReturn_a9f4b9e2-e9ea-4456-80e3-47fe03b77367_639196401231112026.xml,BLUS,Go South Coast,Go South Coast 4005 Outbound,Boyatt Wood - Romsey,price_band_6.0@AdultReturn,6.0
WDBC_2219_Inbound_AdultReturn_a9f4b9e2-e9ea-4456-80e3-47fe03b77367_639196386896952516.xml,WDBC,Go South Coast,Go South Coast 2219 Inbound,Lymington  - New Milton,price_band_4.2@AdultReturn,4.2
WDBC_1908_Outbound_ChildReturn_a9f4b9e2-e9ea-4456-80e3-47fe03b77367_639196383483420945.xml,WDBC,Go South Coast,Go South Coast 1908 Outbound,Poole - Blandford,price_band_6.0@ChildReturn,6.0
WDBC_6047_Outbound_ChildSingle_a9f4b9e2-e9ea-4456-80e3-47fe03b77367_639196406360960623.xml,WDBC,Go South Coast,Go South Coast 6047 Outbound,Ringwood Road - Parkstone Grammar School,price_band_2.0@ChildSingle,2.0
SWWD_3102_Inbound_ChildSingle_a9f4b9e2-e9ea-4456-80e3-47fe03b77367_639196392041860066.xml,SWWD,Go South Coast,Go South Coast 3102 Inbound,Salisbury - Devizes,price_band_1.9@ChildSingle,1.9
WDBC_1020_Inbound_AdultSingle_2f1f0c04-770d-4707-ab06-213c5a798ad7_639196373463750270.xml,WDBC,Go South Coast,Go South Coast 1020 Inbound,Poole - Christchurch,price_band_1.0@AdultSingle,1.0
SWWD_7201_Inbound_AdultReturn_a9f4b9e2-e9ea-4456-80e3-47fe03b77367_639196409611567721.xml,SWWD,Go South Coast,Go South Coast 7201 Inbound,Figheldean - Salisbury,price_band_4.5@AdultReturn,4.5
BLUS_4538_Outbound_AdultSingle_a9f4b9e2-e9ea-4456-80e3-47fe03b77367_639196403020672191.xml,BLUS,Go South Coast,Go South Coast 4538 Outbound,Rushington - Applemore College,price_band_3.0@AdultSingle,3.0
WDBC_1836_Inbound_ChildReturn_a9f4b9e2-e9ea-4456-80e3-47fe03b77367_639196381789321857.xml,WDBC,Go South Coast,Go South Coast 1836 Inbound,Talbot View - Kinson,price_band_3.2@ChildReturn,3.2
SWWD_3509_Inbound_ChildReturn_a9f4b9e2-e9ea-4456-80e3-47fe03b77367_639196399074188624.xml,SWWD,Go South Coast,Go South Coast 3509 Inbound,Milford Street - New Canal,price_band_2.5@ChildReturn,2.5
SWWD_3101_Outbound_YoungPersonSgl_a9f4b9e2-e9ea-4456-80e3-47fe03b77367_639196391994442341.xml,SWWD,Go South Coast,Go South Coast 3101 Outbound,Devizes - Pewsey,price_band_1.0@YoungPersonSgl,1.0
BLUS_4203_Outbound_AdultReturn_a9f4b9e2-e9ea-4456-80e3-47fe03b77367_639196402810010819.xml,BLUS,Go South Coast,Go South Coast 4203 Outbound,Totton - Totton Clockwise,price_band_4.5@AdultReturn,4.5
SWWD_3511_Inbound_ChildSingle_a9f4b9e2-e9ea-4456-80e3-47fe03b77367_639196399103836265.xml,SWWD,Go South Coast,Go South Coast 3511 Inbound,Blue Boar Row - Old Sarum,price_band_2.3@ChildSingle,2.3
WDBC_1788_Outbound_AdultReturn_a9f4b9e2-e9ea-4456-80e3-47fe03b77367_639196379254575038.xml,WDBC,Go South Coast,Go South Coast 1788 Outbound,Walkford - Bournemouth School for Girls,price_band_5.4@AdultReturn,5.4
SWWD_3327_Outbound_ChildSingle_a9f4b9e2-e9ea-4456-80e3-47fe03b77367_639196395609603542.xml,SWWD,Go South Coast,Go South Coast 3327 Outbound,Salisbury - Shaftesbury,price_band_2.9@ChildSingle,2.9
DAMY_6307_Outbound_ChildReturn_a9f4b9e2-e9ea-4456-80e3-47fe03b77367_639196406455837620.xml,DAMY,Go South Coast,Go South Coast 6307 Outbound,Blandford - Shaftesbury,price_band_2.8@ChildReturn,2.8
WDBC_1802_Inbound_ChildSingle_a9f4b9e2-e9ea-4456-80e3-47fe03b77367_639196379558241218.xml,WDBC,Go South Coast,Go South Coast 1802 Inbound,Bournemouth - Castlepoint,price_band_2.3@ChildSingle,2.3
TDTR_7076_Outbound_AdultSingle_a9f4b9e2-e9ea-4456-80e3-47fe03b77367_639196408778942749.xml,TDTR,Go South Coast,Go South Coast 7076 Outbound,Marlborough - Bath,price_band_2.0@AdultSingle,2.0
WDBC_6715_Inbound_ChildSingle_a9f4b9e2-e9ea-4456-80e3-47fe03b77367_639196407366245853.xml,WDBC,Go South Coast,Go South Coast 6715 Inbound,Verwood - QE School,price_band_6.0@ChildSingle,6.0
TDTR_7048_Inbound_AdultSingle_a9f4b9e2-e9ea-4456-80e3-47fe03b77367_639196408466591234.xml,TDTR,Go South Coast,Go South Coast 7048 Inbound,Swindon - Marlborough,price_band_2.2@AdultSingle,2.2
SWWD_3763_Inbound_ChildSingle_a9f4b9e2-e9ea-4456-80e3-47fe03b77367_639196400481757004.xml,SWWD,Go South Coast,Go South Coast 3763 Inbound,Mount Pleasant Farm - Burgate School,price_band_1.8@ChildSingle,1.8
WDBC_1060_Outbound_ChildSingle_d46597a9-440e-4c13-b49a-76a3986683d1_639196376906714393.xml,WDBC,Go South Coast,Go South Coast 1060 Outbound,Rockley - Sandbanks,price_band_1.0@ChildSingle,1.0
DAMY_3183_Outbound_ChildSingle_a9f4b9e2-e9ea-4456-80e3-47fe03b77367_639196393928196536.xml,DAMY,Go South Coast,Go South Coast 3183 Outbound,Blandford - Weymouth,price_band_2.6@ChildSingle,2.6
WDBC_2176_Outbound_ChildReturn_a9f4b9e2-e9ea-4456-80e3-47fe03b77367_639196386614618914.xml,WDBC,Go South Coast,Go South Coast 2176 Outbound,Christchurch - Ringwood,price_band_5.6@ChildReturn,5.6
WDBC_2219_Outbound_AdultSingle_a9f4b9e2-e9ea-4456-80e3-47fe03b77367_639196386936863462.xml,WDBC,Go South Coast,Go South Coast 2219 Outbound,Lymington  - New Milton,price_band_2.5@AdultSingle,2.5
SVCT_5005_Outbound_YoungAdSingle_a9f4b9e2-e9ea-4456-80e3-47fe03b77367_639196403926789222.xml,SVCT,Go South Coast,Go South Coast 5005 Outbound,Newport  - East Cowes,price_band_2.4@YoungAdSingle,2.4
BLUS_4006_Inbound_ChildSingle_eed5e2e8-c472-41af-825e-db09ec887334_639196401280185318.xml,BLUS,Go South Coast,Go South Coast 4006 Inbound,Southampton - Townhill Park,price_band_1.0@ChildSingle,1.0
WDBC_1741_Inbound_AdultReturn_a9f4b9e2-e9ea-4456-80e3-47fe03b77367_639196379035050717.xml,WDBC,Go South Coast,Go South Coast 1741 Inbound,Sandbanks Ferry - Parkstone Grammar School,price_band_5.8@AdultReturn,5.8
WDBC_6903_Inbound_AdultReturn_a9f4b9e2-e9ea-4456-80e3-47fe03b77367_639196407486328935.xml,WDBC,Go South Coast,Go South Coast 6903 Inbound,Swanage - Lulworth,price_band_4.2@AdultReturn,4.2
SWWD_3404_Inbound_AdultReturn_a9f4b9e2-e9ea-4456-80e3-47fe03b77367_639196396083184380.xml,SWWD,Go South Coast,Go South Coast 3404 Inbound,Salisbury - Larkhill,price_band_5.5@AdultReturn,5.5
SVCT_5089_Outbound_AdultSingle_a9f4b9e2-e9ea-4456-80e3-47fe03b77367_639196404696990073.xml,SVCT,Go South Coast,Go South Coast 5089 Outbound,Newport  - Ryde,price_band_3.0@AdultSingle,3.0
TDTR_7067_Outbound_AdultSingle_a9f4b9e2-e9ea-4456-80e3-47fe03b77367_639196408663329905.xml,TDTR,Go South Coast,Go South Coast 7067 Outbound,Penhill - Park South,price_band_2.2@AdultSingle,2.2
SVCT_8511_Inbound_AdultSingle_a9f4b9e2-e9ea-4456-80e3-47fe03b77367_639196410814000597.xml,SVCT,Go South Coast,Go South Coast 8511 Inbound,Island Coaster - East,price_band_3.2@AdultSingle,3.2
BLUS_4017_Outbound_ChildSingle_a9f4b9e2-e9ea-4456-80e3-47fe03b77367_639196402097429227.xml,BLUS,Go South Coast,Go South Coast 4017 Outbound,Weston - Adanac Park,price_band_2.1@ChildSingle,2.1
WDBC_2176_Inbound_AdultReturn_a9f4b9e2-e9ea-4456-80e3-47fe03b77367_639196386508659951.xml,WDBC,Go South Coast,Go South Coast 2176 Inbound,Christchurch - Ringwood,price_band_4.5@AdultReturn,4.5
BLUS_4815_Inbound_AdultReturn_a9f4b9e2-e9ea-4456-80e3-47fe03b77367_639196403510716980.xml,BLUS,Go South Coast,Go South Coast 4815 Inbound,Boyatt Wood - Eastleigh,price_band_6.0@AdultReturn,6.0
WDBC_1053_Inbound_ChildSingle_a9f4b9e2-e9ea-4456-80e3-47fe03b77367_639196376118157824.xml,WDBC,Go South Coast,Go South Coast 1053 Inbound,Bournemouth - Wimborne,price_band_3.0@ChildSingle,3.0
SVCT_5189_Inbound_AdultSingle_a9f4b9e2-e9ea-4456-80e3-47fe03b77367_639196405496987825.xml,SVCT,Go South Coast,Go South Coast 5189 Inbound,Ryde  - Newport,price_band_3.0@AdultSingle,3.0
SWWD_3407_Outbound_ChildSingle_eed5e2e8-c472-41af-825e-db09ec887334_639196397762912632.xml,SWWD,Go South Coast,Go South Coast 3407 Outbound,Salisbury - Southampton,price_band_1.0@ChildSingle,1.0
WDBC_1801_Outbound_AdultReturn_a9f4b9e2-e9ea-4456-80e3-47fe03b77367_639196379483946217.xml,WDBC,Go South Coast,Go South Coast 1801 Outbound,Bournemouth - Christchurch,price_band_4.5@AdultReturn,4.5
WDBC_6185_Inbound_ChildReturn_a9f4b9e2-e9ea-4456-80e3-47fe03b77367_639196406396104333.xml,WDBC,Go South Coast,Go South Coast 6185 Inbound,Blandford - Blandford Sch,price_band_2.8@ChildReturn,2.8
WDBC_2136_Outbound_AdultReturn_a9f4b9e2-e9ea-4456-80e3-47fe03b77367_639196386437210214.xml,WDBC,Go South Coast,Go South Coast 2136 Outbound,Ringwood - Ringwood,price_band_4.2@AdultReturn,4.2
SWWD_3166_Outbound_ChildReturn_a9f4b9e2-e9ea-4456-80e3-47fe03b77367_639196393710875224.xml,SWWD,Go South Coast,Go South Coast 3166 Outbound,South Wilts Grammar School - Idmiston,price_band_2.5@ChildReturn,2.5
WDBC_1053_Outbound_ChildSingle_2f1f0c04-770d-4707-ab06-213c5a798ad7_639196376421005259.xml,WDBC,Go South Coast,Go South Coast 1053 Outbound,Bournemouth - Wimborne,price_band_2.5@ChildSingle,2.5
SWWD_3126_Inbound_AdultSingle_a9f4b9e2-e9ea-4456-80e3-47fe03b77367_639196393140963144.xml,SWWD,Go South Coast,Go South Coast 3126 Inbound,Salisbury - Hindon,price_band_2.7@AdultSingle,2.7
WDBC_2633_Outbound_AdultSingle_a9f4b9e2-e9ea-4456-80e3-47fe03b77367_639196387427779345.xml,WDBC,Go South Coast,Go South Coast 2633 Outbound,Wimborne - Brockenhurst College,price_band_4.4@AdultSingle,4.4
SWWD_3088_Inbound_ChildReturn_a9f4b9e2-e9ea-4456-80e3-47fe03b77367_639196391885732650.xml,SWWD,Go South Coast,Go South Coast 3088 Inbound,Salisbury - Winterslow Gunville Stockbridge Turn,price_band_3.6@ChildReturn,3.6
WDBC_6418_Inbound_AdultSingle_a9f4b9e2-e9ea-4456-80e3-47fe03b77367_639196406683670847.xml,WDBC,Go South Coast,Go South Coast 6418 Inbound,Sandbanks Ferry - Poole Grammar School,price_band_3.2@AdultSingle,3.2
WDBC_1821_Outbound_ChildSingle_a9f4b9e2-e9ea-4456-80e3-47fe03b77367_639196381044342869.xml,WDBC,Go South Coast,Go South Coast 1821 Outbound,Bournemouth - Burton,price_band_2.3@ChildSingle,2.3
WDBC_2906_Inbound_ChildReturn_a9f4b9e2-e9ea-4456-80e3-47fe03b77367_639196387737928859.xml,WDBC,Go South Coast,Go South Coast 2906 Inbound,Poole - Ringwood,price_band_3.4@ChildReturn,3.4
SWWD_3029_Inbound_ChildReturn_a9f4b9e2-e9ea-4456-80e3-47fe03b77367_639196391389453148.xml,SWWD,Go South Coast,Go South Coast 3029 Inbound,Salisbury - Shaftesbury,price_band_5.1@ChildReturn,5.1
WDBC_1053_Inbound_AdultSingle_2f1f0c04-770d-4707-ab06-213c5a798ad7_639196376135837412.xml,WDBC,Go South Coast,Go South Coast 1053 Inbound,Bournemouth - Wimborne,price_band_1.0@AdultSingle,1.0
WDBC_1016_Inbound_ChildSingle_a9f4b9e2-e9ea-4456-80e3-47fe03b77367_639196372093735412.xml,WDBC,Go South Coast,Go South Coast 1016 Inbound,Poole - Bournemouth,price_band_2.2@ChildSingle,2.2
DAMY_6020_Outbound_AdultReturn_a9f4b9e2-e9ea-4456-80e3-47fe03b77367_639196406128778219.xml,DAMY,Go South Coast,Go South Coast 6020 Outbound,Salisbury - Blandford,price_band_4.3@AdultReturn,4.3
WDBC_1788_Outbound_AdultReturn_a9f4b9e2-e9ea-4456-80e3-47fe03b77367_639196379254575038.xml,WDBC,Go South Coast,Go South Coast 1788 Outbound,Walkford - Bournemouth School for Girls,price_band_7.4@AdultReturn,7.4
TDTR_7536_Inbound_AdultReturn_a9f4b9e2-e9ea-4456-80e3-47fe03b77367_639196409857412317.xml,TDTR,Go South Coast,Go South Coast 7536 Inbound,Stanford In The Vale - Shrivenham,price_band_8.3@AdultReturn,8.3
WDBC_1805_Outbound_ChildSingle_a9f4b9e2-e9ea-4456-80e3-47fe03b77367_639196379808489733.xml,WDBC,Go South Coast,Go South Coast 1805 Outbound,Bournemouth - Kinson,price_band_2.5@ChildSingle,2.5
TDTR_7009_Inbound_AdultSingle_a9f4b9e2-e9ea-4456-80e3-47fe03b77367_639196408102271866.xml,TDTR,Go South Coast,Go South Coast 7009 Inbound,Swindon - Wroughton,price_band_3.0@AdultSingle,3.0
SWWD_3457_Inbound_ChildReturn_a9f4b9e2-e9ea-4456-80e3-47fe03b77367_639196398044057066.xml,SWWD,Go South Coast,Go South Coast 3457 Inbound,Salisbury - Southampton,price_band_2.6@ChildReturn,2.6
BLUS_4006_Outbound_ChildSingle_f15d1b06-486f-433a-8991-95f1a97a87e0_639196401299040364.xml,BLUS,Go South Coast,Go South Coast 4006 Outbound,Southampton - Townhill Park,price_band_1.0@ChildSingle,1.0
WDBC_1053_Inbound_AdultSingle_d46597a9-440e-4c13-b49a-76a3986683d1_639196376155853258.xml,WDBC,Go South Coast,Go South Coast 1053 Inbound,Bournemouth - Wimborne,price_band_3.0@AdultSingle,3.0
SVCT_5151_Inbound_AdultSingle_a9f4b9e2-e9ea-4456-80e3-47fe03b77367_639196405470402573.xml,SVCT,Go South Coast,Go South Coast 5151 Inbound,Enterprise College - Newport,price_band_3.0@AdultSingle,3.0
WDBC_2906_Inbound_ChildSingle_a9f4b9e2-e9ea-4456-80e3-47fe03b77367_639196387692353098.xml,WDBC,Go South Coast,Go South Coast 2906 Inbound,Poole - Ringwood,price_band_2.6@ChildSingle,2.6
DAMY_3183_Outbound_ChildSingle_a9f4b9e2-e9ea-4456-80e3-47fe03b77367_639196393928196536.xml,DAMY,Go South Coast,Go South Coast 3183 Outbound,Blandford - Weymouth,price_band_3.0@ChildSingle,3.0
WDBC_2003_Outbound_AdultSingle_2f1f0c04-770d-4707-ab06-213c5a798ad7_639196386129326473.xml,WDBC,Go South Coast,Go South Coast 2003 Outbound,Salisbury - Bournemouth,price_band_2.3@AdultSingle,2.3
BLUS_4009_Outbound_ChildSingle_f15d1b06-486f-433a-8991-95f1a97a87e0_639196401625364274.xml,BLUS,Go South Coast,Go South Coast 4009 Outbound,Southampton - Langley/Fawley,price_band_1.0@ChildSingle,1.0
WDBC_6903_Outbound_ChildReturn_a9f4b9e2-e9ea-4456-80e3-47fe03b77367_639196407677198414.xml,WDBC,Go South Coast,Go South Coast 6903 Outbound,Swanage - Lulworth,price_band_4.6@ChildReturn,4.6
WDBC_1112_Outbound_AdultSingle_632675e4-dba2-4cc0-a834-063c3c99ec5d_639196377540437456.xml,WDBC,Go South Coast,Go South Coast 1112 Outbound,Poole  - Christchurch,price_band_3.0@AdultSingle,3.0
WDBC_1837_Inbound_AdultSingle_a9f4b9e2-e9ea-4456-80e3-47fe03b77367_639196381838266030.xml,WDBC,Go South Coast,Go South Coast 1837 Inbound,Bournemouth - Bournemouth International Airport,price_band_2.8@AdultSingle,2.8
WDBC_1003_Inbound_ChildSingle_a9f4b9e2-e9ea-4456-80e3-47fe03b77367_639196370385475012.xml,WDBC,Go South Coast,Go South Coast 1003 Inbound,Poole - Wimborne,price_band_2.5@ChildSingle,2.5
WDBC_1111_Outbound_AdultSingle_632675e4-dba2-4cc0-a834-063c3c99ec5d_639196377420657631.xml,WDBC,Go South Coast,Go South Coast 1111 Outbound,Poole - R B Hospital,price_band_3.0@AdultSingle,3.0
WDBC_1801_Inbound_AdultReturn_a9f4b9e2-e9ea-4456-80e3-47fe03b77367_639196379426825397.xml,WDBC,Go South Coast,Go South Coast 1801 Inbound,Bournemouth - Christchurch,price_band_4.2@AdultReturn,4.2
WDBC_1003_Inbound_AdultSingle_a9f4b9e2-e9ea-4456-80e3-47fe03b77367_639196370358799980.xml,WDBC,Go South Coast,Go South Coast 1003 Inbound,Poole - Wimborne,price_band_3.0@AdultSingle,3.0
TDTR_7012_Inbound_YoungPersonSgl_a9f4b9e2-e9ea-4456-80e3-47fe03b77367_639196408157786588.xml,TDTR,Go South Coast,Go South Coast 7012 Inbound,Oakhurst - Great Western Hospital,price_band_2.5@YoungPersonSgl,2.5
WDBC_1005_Inbound_ChildReturn_a9f4b9e2-e9ea-4456-80e3-47fe03b77367_639196370512796500.xml,WDBC,Go South Coast,Go South Coast 1005 Inbound,Poole - Tower Park,price_band_3.7@ChildReturn,3.7
WDBC_1951_Outbound_AdultReturn_a9f4b9e2-e9ea-4456-80e3-47fe03b77367_639196384191807946.xml,WDBC,Go South Coast,Go South Coast 1951 Outbound,Bournemouth - Sandbanks,price_band_4.2@AdultReturn,4.2
TDTR_7180_Outbound_YoungPersonSgl_a9f4b9e2-e9ea-4456-80e3-47fe03b77367_639196409581102181.xml,TDTR,Go South Coast,Go South Coast 7180 Outbound,Marlborough - Ludgershall,price_band_2.0@YoungPersonSgl,2.0
SWWD_3885_Inbound_ChildSingle_a9f4b9e2-e9ea-4456-80e3-47fe03b77367_639196400756565050.xml,SWWD,Go South Coast,Go South Coast 3885 Inbound,Whaddon - Burgate School,price_band_2.1@ChildSingle,2.1
WDBC_1013_Inbound_AdultReturn_a9f4b9e2-e9ea-4456-80e3-47fe03b77367_639196371167533681.xml,WDBC,Go South Coast,Go South Coast 1013 Inbound,Bournemouth - Wimborne,price_band_4.7@AdultReturn,4.7
BLUS_4016_Outbound_AdultSingle_a9f4b9e2-e9ea-4456-80e3-47fe03b77367_639196402001028831.xml,BLUS,Go South Coast,Go South Coast 4016 Outbound,Southampton - Townhill Park,price_band_2.6@AdultSingle,2.6
BLUS_4503_Outbound_AdultSingle_a9f4b9e2-e9ea-4456-80e3-47fe03b77367_639196402964203563.xml,BLUS,Go South Coast,Go South Coast 4503 Outbound,Valley Park - Thornden,price_band_2.5@AdultSingle,2.5
BLUS_2607_Inbound_AdultReturn_a9f4b9e2-e9ea-4456-80e3-47fe03b77367_639196387028054686.xml,BLUS,Go South Coast,Go South Coast 2607 Inbound,North Baddesley - Brockenhurst College,price_band_4.0@AdultReturn,4.0
WDBC_1806_Outbound_ChildSingle_a9f4b9e2-e9ea-4456-80e3-47fe03b77367_639196379954878978.xml,WDBC,Go South Coast,Go South Coast 1806 Outbound,Bournemouth - Wimborne,price_band_2.3@ChildSingle,2.3
DAMY_6307_Outbound_AdultReturn_a9f4b9e2-e9ea-4456-80e3-47fe03b77367_639196406448411072.xml,DAMY,Go South Coast,Go South Coast 6307 Outbound,Blandford - Shaftesbury,price_band_4.5@AdultReturn,4.5
WDBC_2616_Outbound_AdultSingle_a9f4b9e2-e9ea-4456-80e3-47fe03b77367_639196387193303918.xml,WDBC,Go South Coast,Go South Coast 2616 Outbound,Ringwood - Brockenhurst College,price_band_4.5@AdultSingle,4.5
SWWD_7920_Outbound_YoungPersonSgl_a9f4b9e2-e9ea-4456-80e3-47fe03b77367_639196410234040208.xml,SWWD,Go South Coast,Go South Coast 7920 Outbound,Tidworth - Pewsey DRT,price_band_1.5@YoungPersonSgl,1.5
SWWD_3125_Outbound_ChildSingle_a9f4b9e2-e9ea-4456-80e3-47fe03b77367_639196392967358719.xml,SWWD,Go South Coast,Go South Coast 3125 Outbound,South Wilts Grammar School - Hindon,price_band_2.6@ChildSingle,2.6
WDBC_1170_Inbound_AdultSingle_2f1f0c04-770d-4707-ab06-213c5a798ad7_639196378281790717.xml,WDBC,Go South Coast,Go South Coast 1170 Inbound,Rockley Park - Hengistbury Head,price_band_1.0@AdultSingle,1.0
SWWD_3407_Inbound_AdultSingle_eed5e2e8-c472-41af-825e-db09ec887334_639196397239891264.xml,SWWD,Go South Coast,Go South Coast 3407 Inbound,Salisbury - Southampton,price_band_2.8@AdultSingle,2.8
SWWD_3126_Outbound_AdultReturn_a9f4b9e2-e9ea-4456-80e3-47fe03b77367_639196393210383237.xml,SWWD,Go South Coast,Go South Coast 3126 Outbound,Salisbury - Hindon,price_band_4.5@AdultReturn,4.5
SWWD_3402_Outbound_ChildSingle_a9f4b9e2-e9ea-4456-80e3-47fe03b77367_639196395949834686.xml,SWWD,Go South Coast,Go South Coast 3402 Outbound,Salisbury - Devizes,price_band_2.3@ChildSingle,2.3
WDBC_6449_Inbound_ChildSingle_a9f4b9e2-e9ea-4456-80e3-47fe03b77367_639196406922445975.xml,WDBC,Go South Coast,Go South Coast 6449 Inbound,St Osmunds - Parkstone Grammar,price_band_3.1@ChildSingle,3.1
WDBC_6449_Inbound_ChildReturn_a9f4b9e2-e9ea-4456-80e3-47fe03b77367_639196406931268887.xml,WDBC,Go South Coast,Go South Coast 6449 Inbound,St Osmunds - Parkstone Grammar,price_band_2.5@ChildReturn,2.5
BLUS_8206_Outbound_ChildReturn_a9f4b9e2-e9ea-4456-80e3-47fe03b77367_639196410327637439.xml,BLUS,Go South Coast,Go South Coast 8206 Outbound,Brockenhurst - New Park,price_band_1.0@ChildReturn,1.0
SWWD_3326_Outbound_ChildReturn_a9f4b9e2-e9ea-4456-80e3-47fe03b77367_639196395329090036.xml,SWWD,Go South Coast,Go South Coast 3326 Outbound,Salisbury - Hindon,price_band_6.0@ChildReturn,6.0
TDTR_3820_Inbound_AdultSingle_a9f4b9e2-e9ea-4456-80e3-47fe03b77367_639196400537447189.xml,TDTR,Go South Coast,Go South Coast 3820 Inbound,Marlborough - Newbury,price_band_3.2@AdultSingle,3.2
WDBC_8409_Outbound_ChildSingle_a9f4b9e2-e9ea-4456-80e3-47fe03b77367_639196410426715561.xml,WDBC,Go South Coast,Go South Coast 8409 Outbound,Lyndhurst - Exbury GREEN,price_band_2.8@ChildSingle,2.8
SWWD_3366_Outbound_AdultReturn_a9f4b9e2-e9ea-4456-80e3-47fe03b77367_639196395728983544.xml,SWWD,Go South Coast,Go South Coast 3366 Outbound,South Wilts Grammar School - Idmiston,price_band_4.5@AdultReturn,4.5
WDBC_1789_Inbound_ChildReturn_a9f4b9e2-e9ea-4456-80e3-47fe03b77367_639196379325905462.xml,WDBC,Go South Coast,Go South Coast 1789 Inbound,Bournemouth School for Girls - Lymington,price_band_7.5@ChildReturn,7.5
WDBC_1788_Inbound_AdultReturn_a9f4b9e2-e9ea-4456-80e3-47fe03b77367_639196379231134024.xml,WDBC,Go South Coast,Go South Coast 1788 Inbound,Walkford - Bournemouth School for Girls,price_band_3.8@AdultReturn,3.8
WDBC_1806_Outbound_AdultSingle_d46597a9-440e-4c13-b49a-76a3986683d1_639196379983275624.xml,WDBC,Go South Coast,Go South Coast 1806 Outbound,Bournemouth - Wimborne,price_band_3.0@AdultSingle,3.0
BLUS_4004_Inbound_ChildSingle_a9f4b9e2-e9ea-4456-80e3-47fe03b77367_639196401118361365.xml,BLUS,Go South Coast,Go South Coast 4004 Inbound,Southampton - Romsey,price_band_2.1@ChildSingle,2.1
SWWD_3325_Inbound_ChildReturn_a9f4b9e2-e9ea-4456-80e3-47fe03b77367_639196394859392639.xml,SWWD,Go South Coast,Go South Coast 3325 Inbound,South Wilts Grammar School - Hindon,price_band_3.2@ChildReturn,3.2
BLUS_4002_Inbound_ChildSingle_a9f4b9e2-e9ea-4456-80e3-47fe03b77367_639196401025200485.xml,BLUS,Go South Coast,Go South Coast 4002 Inbound,Southampton - Fair Oak,price_band_2.5@ChildSingle,2.5
WDBC_2775_Outbound_ChildSingle_a9f4b9e2-e9ea-4456-80e3-47fe03b77367_639196387508181043.xml,WDBC,Go South Coast,Go South Coast 2775 Outbound,Milford on Sea - Priestlands School,price_band_2.5@ChildSingle,2.5
SWWD_3088_Inbound_AdultSingle_a9f4b9e2-e9ea-4456-80e3-47fe03b77367_639196391872742684.xml,SWWD,Go South Coast,Go South Coast 3088 Inbound,Salisbury - Winterslow Gunville Stockbridge Turn,price_band_3.0@AdultSingle,3.0
WDBC_1806_Outbound_AdultSingle_2f1f0c04-770d-4707-ab06-213c5a798ad7_639196379972888931.xml,WDBC,Go South Coast,Go South Coast 1806 Outbound,Bournemouth - Wimborne,price_band_3.0@AdultSingle,3.0
BLUS_4001_Inbound_AdultReturn_a9f4b9e2-e9ea-4456-80e3-47fe03b77367_639196400946055148.xml,BLUS,Go South Coast,Go South Coast 4001 Inbound,Southampton - Winchester,price_band_6.0@AdultReturn,6.0
DAMY_6487_Inbound_ChildReturn_a9f4b9e2-e9ea-4456-80e3-47fe03b77367_639196407097431280.xml,DAMY,Go South Coast,Go South Coast 6487 Inbound,Blandford - Dorchester,price_band_4.6@ChildReturn,4.6
WDBC_6418_Inbound_ChildSingle_a9f4b9e2-e9ea-4456-80e3-47fe03b77367_639196406709584634.xml,WDBC,Go South Coast,Go South Coast 6418 Inbound,Sandbanks Ferry - Poole Grammar School,price_band_1.7@ChildSingle,1.7
BLUS_2627_Inbound_AdultReturn_a9f4b9e2-e9ea-4456-80e3-47fe03b77367_639196387375365629.xml,BLUS,Go South Coast,Go South Coast 2627 Inbound,Totton - Marchwood,price_band_5.8@AdultReturn,5.8
TDTR_3820_Outbound_AdultReturn_a9f4b9e2-e9ea-4456-80e3-47fe03b77367_639196400552666436.xml,TDTR,Go South Coast,Go South Coast 3820 Outbound,Marlborough - Newbury,price_band_3.9@AdultReturn,3.9
WDBC_8409_Outbound_AdultSingle_a9f4b9e2-e9ea-4456-80e3-47fe03b77367_639196410420358607.xml,WDBC,Go South Coast,Go South Coast 8409 Outbound,Lyndhurst - Exbury GREEN,price_band_4.0@AdultSingle,4.0
BLUS_4012_Inbound_AdultReturn_a9f4b9e2-e9ea-4456-80e3-47fe03b77367_639196401739184044.xml,BLUS,Go South Coast,Go South Coast 4012 Inbound,Southampton - Calmore,price_band_6.0@AdultReturn,6.0
BLUS_4019_Inbound_AdultSingle_f15d1b06-486f-433a-8991-95f1a97a87e0_639196402217403968.xml,BLUS,Go South Coast,Go South Coast 4019 Inbound,Thornhill - Lordshill,price_band_1.0@AdultSingle,1.0
BLUS_4009_Inbound_ChildSingle_eed5e2e8-c472-41af-825e-db09ec887334_639196401576147571.xml,BLUS,Go South Coast,Go South Coast 4009 Inbound,Southampton - Langley/Fawley,price_band_1.0@ChildSingle,1.0
SWWD_3305_Outbound_ChildSingle_a9f4b9e2-e9ea-4456-80e3-47fe03b77367_639196394523411184.xml,SWWD,Go South Coast,Go South Coast 3305 Outbound,City Centre - West Harnham,price_band_1.9@ChildSingle,1.9
WDBC_2613_Inbound_AdultSingle_a9f4b9e2-e9ea-4456-80e3-47fe03b77367_639196387100752560.xml,WDBC,Go South Coast,Go South Coast 2613 Inbound,Broadstone - Brockenhurst College,price_band_2.6@AdultSingle,2.6
UNIL_4719_Inbound_AdultSingle_eed5e2e8-c472-41af-825e-db09ec887334_639196403271224911.xml,UNIL,Go South Coast,Go South Coast 4719 Inbound,General Hospital - Townhill Park,price_band_1.0@AdultSingle,1.0
WDBC_1804_Outbound_AdultSingle_a9f4b9e2-e9ea-4456-80e3-47fe03b77367_639196379708780322.xml,WDBC,Go South Coast,Go South Coast 1804 Outbound,Bournemouth - Castlepoint,price_band_2.3@AdultSingle,2.3
WDBC_6419_Outbound_ChildReturn_a9f4b9e2-e9ea-4456-80e3-47fe03b77367_639196406818586499.xml,WDBC,Go South Coast,Go South Coast 6419 Outbound,Compton Avenue - Poole Grammar,price_band_5.7@ChildReturn,5.7
DAMY_6020_Inbound_ChildReturn_a9f4b9e2-e9ea-4456-80e3-47fe03b77367_639196406048919444.xml,DAMY,Go South Coast,Go South Coast 6020 Inbound,Salisbury - Blandford,price_band_5.7@ChildReturn,5.7
SWWD_3675_Inbound_ChildSingle_a9f4b9e2-e9ea-4456-80e3-47fe03b77367_639196400110369936.xml,SWWD,Go South Coast,Go South Coast 3675 Inbound,Castle Road - Amesbury,price_band_3.1@ChildSingle,3.1
SWWD_3108_Outbound_ChildReturn_a9f4b9e2-e9ea-4456-80e3-47fe03b77367_639196392538848351.xml,SWWD,Go South Coast,Go South Coast 3108 Outbound,Salisbury - Zouch Estate,price_band_3.2@ChildReturn,3.2
DAMY_6487_Outbound_ChildSingle_a9f4b9e2-e9ea-4456-80e3-47fe03b77367_639196407161038133.xml,DAMY,Go South Coast,Go South Coast 6487 Outbound,Blandford - Dorchester,price_band_2.9@ChildSingle,2.9
TDTR_7051_Outbound_YoungPersonSgl_a9f4b9e2-e9ea-4456-80e3-47fe03b77367_639196408574438717.xml,TDTR,Go South Coast,Go South Coast 7051 Outbound,Fleming Way - Deer's Leap,price_band_1.8@YoungPersonSgl,1.8
TDTR_7157_Inbound_YoungPersonSgl_a9f4b9e2-e9ea-4456-80e3-47fe03b77367_639196409313068484.xml,TDTR,Go South Coast,Go South Coast 7157 Inbound,Bishopstone (Pond) - Ridgeway School,price_band_2.6@YoungPersonSgl,2.6
BLUS_4503_Inbound_ChildReturn_a9f4b9e2-e9ea-4456-80e3-47fe03b77367_639196402959984541.xml,BLUS,Go South Coast,Go South Coast 4503 Inbound,Valley Park - Thornden,price_band_4.0@ChildReturn,4.0
WDBC_1020_Inbound_ChildSingle_a9f4b9e2-e9ea-4456-80e3-47fe03b77367_639196373307408516.xml,WDBC,Go South Coast,Go South Coast 1020 Inbound,Poole - Christchurch,price_band_2.2@ChildSingle,2.2
TDTR_7532_Outbound_ChildReturn_a9f4b9e2-e9ea-4456-80e3-47fe03b77367_639196409803269867.xml,TDTR,Go South Coast,Go South Coast 7532 Outbound,Link Centre - Cirencester College,price_band_8.3@ChildReturn,8.3
WDBC_2002_Outbound_ChildReturn_a9f4b9e2-e9ea-4456-80e3-47fe03b77367_639196385418186648.xml,WDBC,Go South Coast,Go South Coast 2002 Outbound,Bournemouth - Lymington,price_band_2.8@ChildReturn,2.8
BLUS_4805_Outbound_AdultSingle_eed5e2e8-c472-41af-825e-db09ec887334_639196403496642413.xml,BLUS,Go South Coast,Go South Coast 4805 Outbound,Boyatt Wood - Shootash,price_band_1.0@AdultSingle,1.0
SVCT_5151_Inbound_ChildSingle_a9f4b9e2-e9ea-4456-80e3-47fe03b77367_639196405475767441.xml,SVCT,Go South Coast,Go South Coast 5151 Inbound,Enterprise College - Newport,price_band_2.4@ChildSingle,2.4
SWWD_3886_Outbound_AdultReturn_a9f4b9e2-e9ea-4456-80e3-47fe03b77367_639196400901643893.xml,SWWD,Go South Coast,Go South Coast 3886 Outbound,St Peters Place  - Burgate School,price_band_4.3@AdultReturn,4.3
WDBC_1013_Inbound_AdultSingle_2f1f0c04-770d-4707-ab06-213c5a798ad7_639196371296367843.xml,WDBC,Go South Coast,Go South Coast 1013 Inbound,Bournemouth - Wimborne,price_band_3.0@AdultSingle,3.0
SWWD_3126_Inbound_AdultReturn_a9f4b9e2-e9ea-4456-80e3-47fe03b77367_639196393114062107.xml,SWWD,Go South Coast,Go South Coast 3126 Inbound,Salisbury - Hindon,price_band_5.4@AdultReturn,5.4
TDTR_3620_Inbound_AdultReturn_a9f4b9e2-e9ea-4456-80e3-47fe03b77367_639196399600774663.xml,TDTR,Go South Coast,Go South Coast 3620 Inbound,Hungerford Priory  - St Johns Sch,price_band_5.5@AdultReturn,5.5
WDBC_1060_Outbound_ChildSingle_a9f4b9e2-e9ea-4456-80e3-47fe03b77367_639196376841491543.xml,WDBC,Go South Coast,Go South Coast 1060 Outbound,Rockley - Sandbanks,price_band_2.1@ChildSingle,2.1
SWWD_3457_Outbound_ChildReturn_a9f4b9e2-e9ea-4456-80e3-47fe03b77367_639196398318067462.xml,SWWD,Go South Coast,Go South Coast 3457 Outbound,Salisbury - Southampton,price_band_2.5@ChildReturn,2.5
SWWD_3407_Inbound_AdultReturn_a9f4b9e2-e9ea-4456-80e3-47fe03b77367_639196397024621812.xml,SWWD,Go South Coast,Go South Coast 3407 Inbound,Salisbury - Southampton,price_band_4.5@AdultReturn,4.5
WDBC_1821_Outbound_AdultSingle_a9f4b9e2-e9ea-4456-80e3-47fe03b77367_639196381009151378.xml,WDBC,Go South Coast,Go South Coast 1821 Outbound,Bournemouth - Burton,price_band_2.8@AdultSingle,2.8
SWWD_3325_Outbound_ChildReturn_a9f4b9e2-e9ea-4456-80e3-47fe03b77367_639196394994539816.xml,SWWD,Go South Coast,Go South Coast 3325 Outbound,South Wilts Grammar School - Hindon,price_band_2.5@ChildReturn,2.5
WDBC_8209_Outbound_ChildSingle_a9f4b9e2-e9ea-4456-80e3-47fe03b77367_639196410348087432.xml,WDBC,Go South Coast,Go South Coast 8209 Outbound,Ringwood - Lyndhurst RED,price_band_2.6@ChildSingle,2.6
SWWD_3029_Outbound_AdultSingle_a9f4b9e2-e9ea-4456-80e3-47fe03b77367_639196391412426095.xml,SWWD,Go South Coast,Go South Coast 3029 Outbound,Salisbury - Shaftesbury,price_band_3.0@AdultSingle,3.0
WDBC_1741_Inbound_ChildReturn_a9f4b9e2-e9ea-4456-80e3-47fe03b77367_639196379050947352.xml,WDBC,Go South Coast,Go South Coast 1741 Inbound,Sandbanks Ferry - Parkstone Grammar School,price_band_5.7@ChildReturn,5.7
WDBC_1115_Inbound_AdultSingle_632675e4-dba2-4cc0-a834-063c3c99ec5d_639196378052264442.xml,WDBC,Go South Coast,Go South Coast 1115 Inbound,Bournemouth - Bournemouth University,price_band_3.0@AdultSingle,3.0
SWWD_3125_Inbound_ChildReturn_a9f4b9e2-e9ea-4456-80e3-47fe03b77367_639196392828778045.xml,SWWD,Go South Coast,Go South Coast 3125 Inbound,South Wilts Grammar School - Hindon,price_band_3.6@ChildReturn,3.6
SWWD_3407_Inbound_ChildSingle_f15d1b06-486f-433a-8991-95f1a97a87e0_639196397266649239.xml,SWWD,Go South Coast,Go South Coast 3407 Inbound,Salisbury - Southampton,price_band_1.9@ChildSingle,1.9
UNIL_4701_Outbound_ChildSingle_eed5e2e8-c472-41af-825e-db09ec887334_639196403087081929.xml,UNIL,Go South Coast,Go South Coast 4701 Outbound,NOCS - Airport,price_band_1.0@ChildSingle,1.0
SWWD_3011_Inbound_AdultSingle_a9f4b9e2-e9ea-4456-80e3-47fe03b77367_639196391207764467.xml,SWWD,Go South Coast,Go South Coast 3011 Inbound,City Centre - Old Sarum,price_band_2.3@AdultSingle,2.3
SWWD_3040_Outbound_ChildReturn_a9f4b9e2-e9ea-4456-80e3-47fe03b77367_639196391587779883.xml,SWWD,Go South Coast,Go South Coast 3040 Outbound,Salisbury - Woodfalls,price_band_4.9@ChildReturn,4.9
WDBC_1841_Inbound_AdultSingle_a9f4b9e2-e9ea-4456-80e3-47fe03b77367_639196381980968349.xml,WDBC,Go South Coast,Go South Coast 1841 Inbound,Bournemouth - Mudeford and Somerford,price_band_2.6@AdultSingle,2.6
DAMY_6905_Inbound_AdultSingle_a9f4b9e2-e9ea-4456-80e3-47fe03b77367_639196407701658805.xml,DAMY,Go South Coast,Go South Coast 6905 Inbound,Warmwell - Dorchester,price_band_3.0@AdultSingle,3.0
TDTR_7826_Inbound_AdultSingle_a9f4b9e2-e9ea-4456-80e3-47fe03b77367_639196410199698831.xml,TDTR,Go South Coast,Go South Coast 7826 Inbound,Draycot Foliat - Ridgeway School,price_band_3.3@AdultSingle,3.3
SWWD_3533_Inbound_AdultSingle_a9f4b9e2-e9ea-4456-80e3-47fe03b77367_639196399542427162.xml,SWWD,Go South Coast,Go South Coast 3533 Inbound,Dinton - City Centre,price_band_3.0@AdultSingle,3.0
SWWD_3519_Outbound_AdultSingle_a9f4b9e2-e9ea-4456-80e3-47fe03b77367_639196399430295321.xml,SWWD,Go South Coast,Go South Coast 3519 Outbound,Milford Street - New Canal,price_band_2.3@AdultSingle,2.3
WDBC_1805_Inbound_ChildReturn_a9f4b9e2-e9ea-4456-80e3-47fe03b77367_639196379764165872.xml,WDBC,Go South Coast,Go South Coast 1805 Inbound,Bournemouth - Kinson,price_band_3.1@ChildReturn,3.1
WDBC_1016_Inbound_AdultSingle_a9f4b9e2-e9ea-4456-80e3-47fe03b77367_639196372057609765.xml,WDBC,Go South Coast,Go South Coast 1016 Inbound,Poole - Bournemouth,price_band_2.6@AdultSingle,2.6
SWWD_3525_Inbound_ChildReturn_a9f4b9e2-e9ea-4456-80e3-47fe03b77367_639196399501053497.xml,SWWD,Go South Coast,Go South Coast 3525 Inbound,City Centre - Petersfinger Park & Ride,price_band_3.5@ChildReturn,3.5
WDBC_2003_Inbound_ChildReturn_a9f4b9e2-e9ea-4456-80e3-47fe03b77367_639196385719101629.xml,WDBC,Go South Coast,Go South Coast 2003 Inbound,Salisbury - Bournemouth,price_band_3.4@ChildReturn,3.4
WDBC_6672_Outbound_AdultSingle_a9f4b9e2-e9ea-4456-80e3-47fe03b77367_639196407269318592.xml,WDBC,Go South Coast,Go South Coast 6672 Outbound,Albert Road - Bloxworth,price_band_2.3@AdultSingle,2.3
TDTR_7552_Inbound_ChildReturn_a9f4b9e2-e9ea-4456-80e3-47fe03b77367_639196410074785079.xml,TDTR,Go South Coast,Go South Coast 7552 Inbound,Malmesbury - Cirencester College,price_band_8.3@ChildReturn,8.3
SWWD_3329_Outbound_ChildReturn_a9f4b9e2-e9ea-4456-80e3-47fe03b77367_639196395700700871.xml,SWWD,Go South Coast,Go South Coast 3329 Outbound,Salisbury - Broad Chalke,price_band_3.0@ChildReturn,3.0
SWWD_3513_Outbound_ChildReturn_a9f4b9e2-e9ea-4456-80e3-47fe03b77367_639196399235935183.xml,SWWD,Go South Coast,Go South Coast 3513 Outbound,Blue Boar Row - Bulbridge Chantry Road,price_band_3.6@ChildReturn,3.6
WDBC_2001_Outbound_ChildReturn_a9f4b9e2-e9ea-4456-80e3-47fe03b77367_639196384725076307.xml,WDBC,Go South Coast,Go South Coast 2001 Outbound,Bournemouth - Lymington,price_band_3.4@ChildReturn,3.4
SVCT_5006_Outbound_ChildSingle_a9f4b9e2-e9ea-4456-80e3-47fe03b77367_639196403973949515.xml,SVCT,Go South Coast,Go South Coast 5006 Outbound,Newport  - Ventnor,price_band_1.8@ChildSingle,1.8
WDBC_1883_Inbound_ChildSingle_a9f4b9e2-e9ea-4456-80e3-47fe03b77367_639196382536654541.xml,WDBC,Go South Coast,Go South Coast 1883 Inbound,Alum Chine - Castlepoint,price_band_2.2@ChildSingle,2.2
WDBC_6450_Inbound_ChildReturn_a9f4b9e2-e9ea-4456-80e3-47fe03b77367_639196407004109424.xml,WDBC,Go South Coast,Go South Coast 6450 Inbound,Wallisdown - Parkstone Grammar,price_band_2.4@ChildReturn,2.4
BLUS_4805_Outbound_AdultSingle_a9f4b9e2-e9ea-4456-80e3-47fe03b77367_639196403507435583.xml,BLUS,Go South Coast,Go South Coast 4805 Outbound,Boyatt Wood - Shootash,price_band_2.5@AdultSingle,2.5
BLUS_4566_Outbound_ChildReturn_a9f4b9e2-e9ea-4456-80e3-47fe03b77367_639196403055610889.xml,BLUS,Go South Coast,Go South Coast 4566 Outbound,Aldermoor - St Georges,price_band_2.6@ChildReturn,2.6
TDTR_7048_Outbound_ChildSingle_a9f4b9e2-e9ea-4456-80e3-47fe03b77367_639196408540389430.xml,TDTR,Go South Coast,Go South Coast 7048 Outbound,Swindon - Marlborough,price_band_1.6@ChildSingle,1.6
WDBC_1804_Outbound_ChildSingle_d46597a9-440e-4c13-b49a-76a3986683d1_639196379743359772.xml,WDBC,Go South Coast,Go South Coast 1804 Outbound,Bournemouth - Castlepoint,price_band_1.0@ChildSingle,1.0
WDBC_1837_Outbound_ChildReturn_a9f4b9e2-e9ea-4456-80e3-47fe03b77367_639196381943039249.xml,WDBC,Go South Coast,Go South Coast 1837 Outbound,Bournemouth - Bournemouth International Airport,price_band_3.1@ChildReturn,3.1
WDBC_2762_Inbound_AdultReturn_a9f4b9e2-e9ea-4456-80e3-47fe03b77367_639196387458466874.xml,WDBC,Go South Coast,Go South Coast 2762 Inbound,Keyhaven Road  - Priestlands School,price_band_6.0@AdultReturn,6.0
WDBC_1053_Outbound_ChildSingle_d46597a9-440e-4c13-b49a-76a3986683d1_639196376449410194.xml,WDBC,Go South Coast,Go South Coast 1053 Outbound,Bournemouth - Wimborne,price_band_1.0@ChildSingle,1.0
SWWD_3726_Inbound_AdultReturn_a9f4b9e2-e9ea-4456-80e3-47fe03b77367_639196400332138382.xml,SWWD,Go South Coast,Go South Coast 3726 Inbound,Salisbury - East Knoyle,price_band_4.5@AdultReturn,4.5
WDBC_1011_Outbound_AdultReturn_a9f4b9e2-e9ea-4456-80e3-47fe03b77367_639196371057801478.xml,WDBC,Go South Coast,Go South Coast 1011 Outbound,Bournemouth - Canford Paddock,price_band_4.7@AdultReturn,4.7
WDBC_1789_Inbound_AdultSingle_a9f4b9e2-e9ea-4456-80e3-47fe03b77367_639196379307254639.xml,WDBC,Go South Coast,Go South Coast 1789 Inbound,Bournemouth School for Girls - Lymington,price_band_5.4@AdultSingle,5.4
SWWD_3325_Inbound_ChildSingle_a9f4b9e2-e9ea-4456-80e3-47fe03b77367_639196394840182380.xml,SWWD,Go South Coast,Go South Coast 3325 Inbound,South Wilts Grammar School - Hindon,price_band_2.7@ChildSingle,2.7
WDBC_1013_Outbound_AdultSingle_d46597a9-440e-4c13-b49a-76a3986683d1_639196371573859493.xml,WDBC,Go South Coast,Go South Coast 1013 Outbound,Bournemouth - Wimborne,price_band_1.0@AdultSingle,1.0
SWWD_3763_Outbound_ChildSingle_a9f4b9e2-e9ea-4456-80e3-47fe03b77367_639196400511467841.xml,SWWD,Go South Coast,Go South Coast 3763 Outbound,Mount Pleasant Farm - Burgate School,price_band_2.9@ChildSingle,2.9
WDBC_1762_Outbound_ChildSingle_a9f4b9e2-e9ea-4456-80e3-47fe03b77367_639196379178723324.xml,WDBC,Go South Coast,Go South Coast 1762 Outbound,Merley - Corfe Hills,price_band_2.3@ChildSingle,2.3
SWWD_3763_Inbound_ChildReturn_a9f4b9e2-e9ea-4456-80e3-47fe03b77367_639196400489938277.xml,SWWD,Go South Coast,Go South Coast 3763 Inbound,Mount Pleasant Farm - Burgate School,price_band_2.6@ChildReturn,2.6
BLUS_3635_Outbound_AdultSingle_a9f4b9e2-e9ea-4456-80e3-47fe03b77367_639196399726432687.xml,BLUS,Go South Coast,Go South Coast 3635 Outbound,Romsey - Ampfield,price_band_3.0@AdultSingle,3.0
WDBC_1105_Outbound_AdultSingle_a9f4b9e2-e9ea-4456-80e3-47fe03b77367_639196377244854915.xml,WDBC,Go South Coast,Go South Coast 1105 Outbound,Poole - Tower Park,price_band_2.3@AdultSingle,2.3
WDBC_1802_Outbound_ChildReturn_a9f4b9e2-e9ea-4456-80e3-47fe03b77367_639196379625164601.xml,WDBC,Go South Coast,Go South Coast 1802 Outbound,Bournemouth - Castlepoint,price_band_2.8@ChildReturn,2.8
SWWD_3326_Outbound_ChildSingle_a9f4b9e2-e9ea-4456-80e3-47fe03b77367_639196395306226571.xml,SWWD,Go South Coast,Go South Coast 3326 Outbound,Salisbury - Hindon,price_band_2.5@ChildSingle,2.5
BLUS_4203_Outbound_ChildReturn_a9f4b9e2-e9ea-4456-80e3-47fe03b77367_639196402816925386.xml,BLUS,Go South Coast,Go South Coast 4203 Outbound,Totton - Totton Clockwise,price_band_3.0@ChildReturn,3.0
SVCT_5112_Inbound_ChildSingle_a9f4b9e2-e9ea-4456-80e3-47fe03b77367_639196405331319755.xml,SVCT,Go South Coast,Go South Coast 5112 Inbound,Alum Bay - Newport,price_band_3.0@ChildSingle,3.0
TDTR_7042_Inbound_ChildReturn_a9f4b9e2-e9ea-4456-80e3-47fe03b77367_639196408287052126.xml,TDTR,Go South Coast,Go South Coast 7042 Inbound,Calne - St John's School,price_band_1.2@ChildReturn,1.2
SWWD_3040_Outbound_ChildSingle_a9f4b9e2-e9ea-4456-80e3-47fe03b77367_639196391578171459.xml,SWWD,Go South Coast,Go South Coast 3040 Outbound,Salisbury - Woodfalls,price_band_3.0@ChildSingle,3.0
SWWD_3307_Inbound_AdultReturn_a9f4b9e2-e9ea-4456-80e3-47fe03b77367_639196394570471159.xml,SWWD,Go South Coast,Go South Coast 3307 Inbound,City Centre - Bishopdown Farm,price_band_4.2@AdultReturn,4.2
WDBC_2777_Inbound_ChildSingle_a9f4b9e2-e9ea-4456-80e3-47fe03b77367_639196387539946653.xml,WDBC,Go South Coast,Go South Coast 2777 Inbound,New Forest Drive - Lymington,price_band_2.2@ChildSingle,2.2
SWWD_7086_Inbound_AdultReturn_a9f4b9e2-e9ea-4456-80e3-47fe03b77367_639196408875917253.xml,SWWD,Go South Coast,Go South Coast 7086 Inbound,Ansty - Shaftesbury,price_band_4.7@AdultReturn,4.7
WDBC_2776_Outbound_AdultSingle_a9f4b9e2-e9ea-4456-80e3-47fe03b77367_639196387522293697.xml,WDBC,Go South Coast,Go South Coast 2776 Outbound,Lyndhurst - Priestlands School,price_band_3.0@AdultSingle,3.0
WDBC_1069_Outbound_ChildSingle_a9f4b9e2-e9ea-4456-80e3-47fe03b77367_639196377095998505.xml,WDBC,Go South Coast,Go South Coast 1069 Outbound,Poole - Poole Anti-Clockwise,price_band_2.5@ChildSingle,2.5
SWWD_3040_Inbound_ChildReturn_a9f4b9e2-e9ea-4456-80e3-47fe03b77367_639196391517369137.xml,SWWD,Go South Coast,Go South Coast 3040 Inbound,Salisbury - Woodfalls,price_band_2.5@ChildReturn,2.5
TDTR_7195_Inbound_YoungPersonSgl_a9f4b9e2-e9ea-4456-80e3-47fe03b77367_639196409586925578.xml,TDTR,Go South Coast,Go South Coast 7195 Inbound,Greenbridge - Ridgeway School,price_band_2.6@YoungPersonSgl,2.6
TDTR_7146_Outbound_ChildSingle_a9f4b9e2-e9ea-4456-80e3-47fe03b77367_639196409087562810.xml,TDTR,Go South Coast,Go South Coast 7146 Outbound,Swindon - Hungerford,price_band_1.8@ChildSingle,1.8
WDBC_1644_Outbound_UniIDSingle_a9f4b9e2-e9ea-4456-80e3-47fe03b77367_639196378968910052.xml,WDBC,Go South Coast,Go South Coast 1644 Outbound,Westbourne - Talbot Campus,price_band_2.0@UniIDSingle,2.0
WDBC_1762_Outbound_AdultReturn_a9f4b9e2-e9ea-4456-80e3-47fe03b77367_639196379173979700.xml,WDBC,Go South Coast,Go South Coast 1762 Outbound,Merley - Corfe Hills,price_band_4.4@AdultReturn,4.4
WDBC_2906_Inbound_ChildReturn_a9f4b9e2-e9ea-4456-80e3-47fe03b77367_639196387737928859.xml,WDBC,Go South Coast,Go South Coast 2906 Inbound,Poole - Ringwood,price_band_5.6@ChildReturn,5.6
SVCT_5012_Outbound_ChildSingle_a9f4b9e2-e9ea-4456-80e3-47fe03b77367_639196404267334967.xml,SVCT,Go South Coast,Go South Coast 5012 Outbound,Newport - Alum Bay,price_band_2.4@ChildSingle,2.4
SWWD_3515_Inbound_AdultSingle_a9f4b9e2-e9ea-4456-80e3-47fe03b77367_639196399278831568.xml,SWWD,Go South Coast,Go South Coast 3515 Inbound,City Centre - Petersfinger Park & Ride,price_band_3.0@AdultSingle,3.0
WDBC_6047_Inbound_ChildReturn_a9f4b9e2-e9ea-4456-80e3-47fe03b77367_639196406336174687.xml,WDBC,Go South Coast,Go South Coast 6047 Inbound,Ringwood Road - Parkstone Grammar School,price_band_3.4@ChildReturn,3.4
SWWD_3138_Outbound_AdultReturn_a9f4b9e2-e9ea-4456-80e3-47fe03b77367_639196393558968819.xml,SWWD,Go South Coast,Go South Coast 3138 Outbound,West Dean  - Laverstock & Grammar,price_band_4.8@AdultReturn,4.8
SVCT_5051_Outbound_YoungAdSingle_a9f4b9e2-e9ea-4456-80e3-47fe03b77367_639196404621383129.xml,SVCT,Go South Coast,Go South Coast 5051 Outbound,Newport - Enterprise College,price_band_2.4@YoungAdSingle,2.4
WDBC_6448_Outbound_AdultSingle_a9f4b9e2-e9ea-4456-80e3-47fe03b77367_639196406867347602.xml,WDBC,Go South Coast,Go South Coast 6448 Outbound,Furnell Road - Parkstone Grammar,price_band_2.5@AdultSingle,2.5
SWWD_3138_Inbound_AdultSingle_a9f4b9e2-e9ea-4456-80e3-47fe03b77367_639196393528765473.xml,SWWD,Go South Coast,Go South Coast 3138 Inbound,West Dean  - Laverstock & Grammar,price_band_2.3@AdultSingle,2.3
SWWD_3407_Outbound_ChildSingle_f15d1b06-486f-433a-8991-95f1a97a87e0_639196397730711306.xml,SWWD,Go South Coast,Go South Coast 3407 Outbound,Salisbury - Southampton,price_band_2.3@ChildSingle,2.3
SVCT_5262_Outbound_AdultSingle_a9f4b9e2-e9ea-4456-80e3-47fe03b77367_639196405614066501.xml,SVCT,Go South Coast,Go South Coast 5262 Outbound,Newport - Sandown,price_band_3.0@AdultSingle,3.0
SWWD_3008_Outbound_ChildSingle_a9f4b9e2-e9ea-4456-80e3-47fe03b77367_639196390964130710.xml,SWWD,Go South Coast,Go South Coast 3008 Outbound,Salisbury - Zouch Estate,price_band_1.9@ChildSingle,1.9
SWWD_3402_Outbound_ChildSingle_a9f4b9e2-e9ea-4456-80e3-47fe03b77367_639196395949834686.xml,SWWD,Go South Coast,Go South Coast 3402 Outbound,Salisbury - Devizes,price_band_1.9@ChildSingle,1.9
SWWD_3404_Inbound_ChildReturn_a9f4b9e2-e9ea-4456-80e3-47fe03b77367_639196396143086831.xml,SWWD,Go South Coast,Go South Coast 3404 Inbound,Salisbury - Larkhill,price_band_2.9@ChildReturn,2.9
WDBC_6943_Outbound_ChildSingle_a9f4b9e2-e9ea-4456-80e3-47fe03b77367_639196408018644321.xml,WDBC,Go South Coast,Go South Coast 6943 Outbound,Lulworth - Weymouth,price_band_1.9@ChildSingle,1.9
WDBC_2002_Inbound_ChildSingle_a9f4b9e2-e9ea-4456-80e3-47fe03b77367_639196385089390985.xml,WDBC,Go South Coast,Go South Coast 2002 Inbound,Bournemouth - Lymington,price_band_3.0@ChildSingle,3.0
TDTR_7076_Inbound_YoungPersonSgl_a9f4b9e2-e9ea-4456-80e3-47fe03b77367_639196408693831771.xml,TDTR,Go South Coast,Go South Coast 7076 Inbound,Marlborough - Bath,price_band_1.0@YoungPersonSgl,1.0
WDBC_2193_Outbound_AdultReturn_a9f4b9e2-e9ea-4456-80e3-47fe03b77367_639196386882511926.xml,WDBC,Go South Coast,Go South Coast 2193 Outbound,New Milton - New Milton,price_band_4.2@AdultReturn,4.2
SWWD_3266_Outbound_ChildSingle_a9f4b9e2-e9ea-4456-80e3-47fe03b77367_639196394182434664.xml,SWWD,Go South Coast,Go South Coast 3266 Outbound,South Wilts Grammar School - Idmiston,price_band_2.9@ChildSingle,2.9
WDBC_1002_Inbound_AdultSingle_d46597a9-440e-4c13-b49a-76a3986683d1_639196369950041207.xml,WDBC,Go South Coast,Go South Coast 1002 Inbound,Poole - Southbourne,price_band_1.0@AdultSingle,1.0
TDTR_7042_Inbound_ChildSingle_a9f4b9e2-e9ea-4456-80e3-47fe03b77367_639196408272961852.xml,TDTR,Go South Coast,Go South Coast 7042 Inbound,Calne - St John's School,price_band_0.7@ChildSingle,0.7
WDBC_1015_Inbound_ChildSingle_a9f4b9e2-e9ea-4456-80e3-47fe03b77367_639196371729607266.xml,WDBC,Go South Coast,Go South Coast 1015 Inbound,Poole - Bournemouth Hospital,price_band_2.2@ChildSingle,2.2
WDBC_1802_Inbound_ChildSingle_d46597a9-440e-4c13-b49a-76a3986683d1_639196379595312477.xml,WDBC,Go South Coast,Go South Coast 1802 Inbound,Bournemouth - Castlepoint,price_band_1.0@ChildSingle,1.0
TDTR_7158_Outbound_YoungPersonSgl_a9f4b9e2-e9ea-4456-80e3-47fe03b77367_639196409328274193.xml,TDTR,Go South Coast,Go South Coast 7158 Outbound,Great Western Hospital or Sun Inn - Ridgeway School,price_band_2.6@YoungPersonSgl,2.6
UNIL_4717_Inbound_AdultSingle_a9f4b9e2-e9ea-4456-80e3-47fe03b77367_639196403250584421.xml,UNIL,Go South Coast,Go South Coast 4717 Inbound,Winchester - Highfield,price_band_3.0@AdultSingle,3.0
WDBC_1841_Inbound_AdultReturn_a9f4b9e2-e9ea-4456-80e3-47fe03b77367_639196382010911942.xml,WDBC,Go South Coast,Go South Coast 1841 Inbound,Bournemouth - Mudeford and Somerford,price_band_4.2@AdultReturn,4.2
SWWD_3125_Inbound_ChildReturn_a9f4b9e2-e9ea-4456-80e3-47fe03b77367_639196392828778045.xml,SWWD,Go South Coast,Go South Coast 3125 Inbound,South Wilts Grammar School - Hindon,price_band_3.8@ChildReturn,3.8
SWWD_3008_Inbound_ChildReturn_a9f4b9e2-e9ea-4456-80e3-47fe03b77367_639196390712342619.xml,SWWD,Go South Coast,Go South Coast 3008 Inbound,Salisbury - Zouch Estate,price_band_5.0@ChildReturn,5.0
TDTR_7146_Outbound_AdultSingle_a9f4b9e2-e9ea-4456-80e3-47fe03b77367_639196409066386614.xml,TDTR,Go South Coast,Go South Coast 7146 Outbound,Swindon - Hungerford,price_band_2.4@AdultSingle,2.4
SWWD_3407_Inbound_ChildReturn_a9f4b9e2-e9ea-4456-80e3-47fe03b77367_639196397082357240.xml,SWWD,Go South Coast,Go South Coast 3407 Inbound,Salisbury - Southampton,price_band_3.8@ChildReturn,3.8
WDBC_1762_Inbound_AdultSingle_a9f4b9e2-e9ea-4456-80e3-47fe03b77367_639196379152000511.xml,WDBC,Go South Coast,Go South Coast 1762 Inbound,Merley - Corfe Hills,price_band_4.6@AdultSingle,4.6
WDBC_1642_Inbound_ChildSingle_a9f4b9e2-e9ea-4456-80e3-47fe03b77367_639196378784556325.xml,WDBC,Go South Coast,Go South Coast 1642 Inbound,Poole  - Talbot Campus,price_band_2.5@ChildSingle,2.5
SWWD_3883_Outbound_ChildReturn_a9f4b9e2-e9ea-4456-80e3-47fe03b77367_639196400706529365.xml,SWWD,Go South Coast,Go South Coast 3883 Outbound,Bishopdown Farm  - Burgate School,price_band_3.8@ChildReturn,3.8
WDBC_1837_Inbound_ChildReturn_a9f4b9e2-e9ea-4456-80e3-47fe03b77367_639196381865931691.xml,WDBC,Go South Coast,Go South Coast 1837 Inbound,Bournemouth - Bournemouth International Airport,price_band_4.0@ChildReturn,4.0
SWWD_3029_Inbound_AdultSingle_a9f4b9e2-e9ea-4456-80e3-47fe03b77367_639196391317140135.xml,SWWD,Go South Coast,Go South Coast 3029 Inbound,Salisbury - Shaftesbury,price_band_3.0@AdultSingle,3.0
SWWD_3210_Outbound_AdultSingle_a9f4b9e2-e9ea-4456-80e3-47fe03b77367_639196394081151926.xml,SWWD,Go South Coast,Go South Coast 3210 Outbound,City Centre - St Peters Place,price_band_2.3@AdultSingle,2.3
TDTR_7048_Inbound_AdultReturn_a9f4b9e2-e9ea-4456-80e3-47fe03b77367_639196408478077017.xml,TDTR,Go South Coast,Go South Coast 7048 Inbound,Swindon - Marlborough,price_band_3.6@AdultReturn,3.6
WDBC_6418_Outbound_ChildSingle_a9f4b9e2-e9ea-4456-80e3-47fe03b77367_639196406763434311.xml,WDBC,Go South Coast,Go South Coast 6418 Outbound,Sandbanks Ferry - Poole Grammar School,price_band_3.1@ChildSingle,3.1
WDBC_2613_Inbound_AdultReturn_a9f4b9e2-e9ea-4456-80e3-47fe03b77367_639196387088472717.xml,WDBC,Go South Coast,Go South Coast 2613 Inbound,Broadstone - Brockenhurst College,price_band_4.0@AdultReturn,4.0
WDBC_6943_Outbound_ChildReturn_a9f4b9e2-e9ea-4456-80e3-47fe03b77367_639196408041685500.xml,WDBC,Go South Coast,Go South Coast 6943 Outbound,Lulworth - Weymouth,price_band_3.9@ChildReturn,3.9
TDTR_7011_Outbound_YoungPersonSgl_a9f4b9e2-e9ea-4456-80e3-47fe03b77367_639196408141562782.xml,TDTR,Go South Coast,Go South Coast 7011 Outbound,Taw Hill - Middle Wichel,price_band_2.5@YoungPersonSgl,2.5
SWWD_3886_Outbound_ChildSingle_a9f4b9e2-e9ea-4456-80e3-47fe03b77367_639196400895237132.xml,SWWD,Go South Coast,Go South Coast 3886 Outbound,St Peters Place  - Burgate School,price_band_2.6@ChildSingle,2.6
DAMY_6020_Inbound_AdultReturn_a9f4b9e2-e9ea-4456-80e3-47fe03b77367_639196406017983792.xml,DAMY,Go South Coast,Go South Coast 6020 Inbound,Salisbury - Blandford,price_band_4.3@AdultReturn,4.3
WDBC_1818_Outbound_AdultReturn_a9f4b9e2-e9ea-4456-80e3-47fe03b77367_639196380399900307.xml,WDBC,Go South Coast,Go South Coast 1818 Outbound,Bournemouth - Broadstone,price_band_4.5@AdultReturn,4.5
WDBC_1011_Outbound_ChildSingle_a9f4b9e2-e9ea-4456-80e3-47fe03b77367_639196371092939686.xml,WDBC,Go South Coast,Go South Coast 1011 Outbound,Bournemouth - Canford Paddock,price_band_2.5@ChildSingle,2.5
SWWD_3407_Inbound_AdultReturn_a9f4b9e2-e9ea-4456-80e3-47fe03b77367_639196397024621812.xml,SWWD,Go South Coast,Go South Coast 3407 Inbound,Salisbury - Southampton,price_band_4.2@AdultReturn,4.2
SVCT_5105_Inbound_AdultSingle_a9f4b9e2-e9ea-4456-80e3-47fe03b77367_639196404968032209.xml,SVCT,Go South Coast,Go South Coast 5105 Inbound,East Cowes - Newport,price_band_3.0@AdultSingle,3.0
WDBC_2956_Inbound_ChildSingle_2f1f0c04-770d-4707-ab06-213c5a798ad7_639196389552915151.xml,WDBC,Go South Coast,Go South Coast 2956 Inbound,Ringwood - Bournemouth,price_band_3.0@ChildSingle,3.0
SWWD_3002_Inbound_AdultSingle_a9f4b9e2-e9ea-4456-80e3-47fe03b77367_639196390186545477.xml,SWWD,Go South Coast,Go South Coast 3002 Inbound,Salisbury - Devizes,price_band_3.0@AdultSingle,3.0
WDBC_6943_Outbound_ChildReturn_a9f4b9e2-e9ea-4456-80e3-47fe03b77367_639196408041685500.xml,WDBC,Go South Coast,Go South Coast 6943 Outbound,Lulworth - Weymouth,price_band_5.1@ChildReturn,5.1
WDBC_1903_Outbound_ChildReturn_a9f4b9e2-e9ea-4456-80e3-47fe03b77367_639196383290605294.xml,WDBC,Go South Coast,Go South Coast 1903 Outbound,Poole - Wimborne,price_band_3.7@ChildReturn,3.7
WDBC_6450_Outbound_ChildSingle_a9f4b9e2-e9ea-4456-80e3-47fe03b77367_639196407036120823.xml,WDBC,Go South Coast,Go South Coast 6450 Outbound,Wallisdown - Parkstone Grammar,price_band_2.0@ChildSingle,2.0
WDBC_6943_Outbound_AdultSingle_a9f4b9e2-e9ea-4456-80e3-47fe03b77367_639196408006358807.xml,WDBC,Go South Coast,Go South Coast 6943 Outbound,Lulworth - Weymouth,price_band_2.8@AdultSingle,2.8
TDTR_7533_Inbound_ChildSingle_a9f4b9e2-e9ea-4456-80e3-47fe03b77367_639196409810618759.xml,TDTR,Go South Coast,Go South Coast 7533 Inbound,Oakhurst - Cirencester College,price_band_5.2@ChildSingle,5.2
WDBC_1841_Outbound_AdultReturn_a9f4b9e2-e9ea-4456-80e3-47fe03b77367_639196382243224035.xml,WDBC,Go South Coast,Go South Coast 1841 Outbound,Bournemouth - Mudeford and Somerford,price_band_4.5@AdultReturn,4.5
WDBC_6450_Outbound_ChildSingle_a9f4b9e2-e9ea-4456-80e3-47fe03b77367_639196407036120823.xml,WDBC,Go South Coast,Go South Coast 6450 Outbound,Wallisdown - Parkstone Grammar,price_band_3.4@ChildSingle,3.4
SVCT_8503_Outbound_YoungAdSingle_a9f4b9e2-e9ea-4456-80e3-47fe03b77367_639196410659374934.xml,SVCT,Go South Coast,Go South Coast 8503 Outbound,Needles - Breezer,price_band_6.4@YoungAdSingle,6.4
WDBC_2776_Outbound_AdultSingle_a9f4b9e2-e9ea-4456-80e3-47fe03b77367_639196387522293697.xml,WDBC,Go South Coast,Go South Coast 2776 Outbound,Lyndhurst - Priestlands School,price_band_2.5@AdultSingle,2.5
WDBC_2956_Inbound_ChildSingle_d46597a9-440e-4c13-b49a-76a3986683d1_639196389594352455.xml,WDBC,Go South Coast,Go South Coast 2956 Inbound,Ringwood - Bournemouth,price_band_1.0@ChildSingle,1.0
SWWD_3645_Outbound_ChildSingle_a9f4b9e2-e9ea-4456-80e3-47fe03b77367_639196399890761097.xml,SWWD,Go South Coast,Go South Coast 3645 Outbound,Stratford Road Grammar School - Hamptworth Cuckoo,price_band_2.1@ChildSingle,2.1
SWWD_3302_Outbound_AdultReturn_a9f4b9e2-e9ea-4456-80e3-47fe03b77367_639196394359276440.xml,SWWD,Go South Coast,Go South Coast 3302 Outbound,City Centre - Bishopdown,price_band_4.2@AdultReturn,4.2
WDBC_1015_Outbound_ChildSingle_a9f4b9e2-e9ea-4456-80e3-47fe03b77367_639196371920220477.xml,WDBC,Go South Coast,Go South Coast 1015 Outbound,Poole - Bournemouth Hospital,price_band_2.2@ChildSingle,2.2
WDBC_1836_Inbound_ChildSingle_a9f4b9e2-e9ea-4456-80e3-47fe03b77367_639196381778704888.xml,WDBC,Go South Coast,Go South Coast 1836 Inbound,Talbot View - Kinson,price_band_2.3@ChildSingle,2.3
WDBC_1021_Inbound_ChildSingle_a9f4b9e2-e9ea-4456-80e3-47fe03b77367_639196374068758049.xml,WDBC,Go South Coast,Go South Coast 1021 Inbound,Bournemouth - High Howe,price_band_2.3@ChildSingle,2.3
SVCT_8505_Outbound_SeniorSingle_a9f4b9e2-e9ea-4456-80e3-47fe03b77367_639196410782294528.xml,SVCT,Go South Coast,Go South Coast 8505 Outbound,Shanklin - Shuttle,price_band_1.8@SeniorSingle,1.8
WDBC_2613_Inbound_AdultReturn_a9f4b9e2-e9ea-4456-80e3-47fe03b77367_639196387088472717.xml,WDBC,Go South Coast,Go South Coast 2613 Inbound,Broadstone - Brockenhurst College,price_band_5.0@AdultReturn,5.0
WDBC_1831_Outbound_ChildSingle_a9f4b9e2-e9ea-4456-80e3-47fe03b77367_639196381315872156.xml,WDBC,Go South Coast,Go South Coast 1831 Outbound,Bournemouth - Hunt Road and Somerford,price_band_2.5@ChildSingle,2.5
BLUS_4026_Outbound_AdultSingle_a9f4b9e2-e9ea-4456-80e3-47fe03b77367_639196402515754293.xml,BLUS,Go South Coast,Go South Coast 4026 Outbound,Southampton - Whiteley,price_band_2.5@AdultSingle,2.5
SWWD_3886_Inbound_ChildSingle_a9f4b9e2-e9ea-4456-80e3-47fe03b77367_639196400866248604.xml,SWWD,Go South Coast,Go South Coast 3886 Inbound,St Peters Place  - Burgate School,price_band_1.9@ChildSingle,1.9
SWWD_3881_Inbound_AdultSingle_a9f4b9e2-e9ea-4456-80e3-47fe03b77367_639196400567424373.xml,SWWD,Go South Coast,Go South Coast 3881 Inbound,Wilton Road  - Burgate School,price_band_2.9@AdultSingle,2.9
SWWD_3125_Outbound_ChildReturn_a9f4b9e2-e9ea-4456-80e3-47fe03b77367_639196392988098341.xml,SWWD,Go South Coast,Go South Coast 3125 Outbound,South Wilts Grammar School - Hindon,price_band_4.5@ChildReturn,4.5
WDBC_6043_Inbound_AdultSingle_a9f4b9e2-e9ea-4456-80e3-47fe03b77367_639196406231945929.xml,WDBC,Go South Coast,Go South Coast 6043 Inbound,County Gates - Parkstone Grammar School,price_band_3.5@AdultSingle,3.5
WDBC_2003_Inbound_AdultReturn_a9f4b9e2-e9ea-4456-80e3-47fe03b77367_639196385669687617.xml,WDBC,Go South Coast,Go South Coast 2003 Inbound,Salisbury - Bournemouth,price_band_4.7@AdultReturn,4.7
SWWD_3088_Outbound_AdultSingle_a9f4b9e2-e9ea-4456-80e3-47fe03b77367_639196391935375021.xml,SWWD,Go South Coast,Go South Coast 3088 Outbound,Salisbury - Winterslow Gunville Stockbridge Turn,price_band_2.3@AdultSingle,2.3
SWWD_3125_Inbound_ChildSingle_a9f4b9e2-e9ea-4456-80e3-47fe03b77367_639196392807183154.xml,SWWD,Go South Coast,Go South Coast 3125 Inbound,South Wilts Grammar School - Hindon,price_band_2.3@ChildSingle,2.3
WDBC_1741_Outbound_AdultReturn_a9f4b9e2-e9ea-4456-80e3-47fe03b77367_639196379066970173.xml,WDBC,Go South Coast,Go South Coast 1741 Outbound,Sandbanks Ferry - Parkstone Grammar School,price_band_4.3@AdultReturn,4.3
SWWD_3900_Inbound_ChildSingle_a9f4b9e2-e9ea-4456-80e3-47fe03b77367_639196400907817222.xml,SWWD,Go South Coast,Go South Coast 3900 Inbound,Devizes - Marlborough,price_band_1.0@ChildSingle,1.0
SWWD_3102_Outbound_AdultSingle_a9f4b9e2-e9ea-4456-80e3-47fe03b77367_639196392273814968.xml,SWWD,Go South Coast,Go South Coast 3102 Outbound,Salisbury - Devizes,price_band_2.3@AdultSingle,2.3
SVCT_8501_Outbound_AdultSingle_a9f4b9e2-e9ea-4456-80e3-47fe03b77367_639196410586924471.xml,SVCT,Go South Coast,Go South Coast 8501 Outbound,Island Coaster - West,price_band_8.0@AdultSingle,8.0
WDBC_2761_Inbound_AdultReturn_a9f4b9e2-e9ea-4456-80e3-47fe03b77367_639196387430904619.xml,WDBC,Go South Coast,Go South Coast 2761 Inbound,Bunkers Hill Cottage - Priestlands School,price_band_7.9@AdultReturn,7.9
WDBC_1016_Inbound_AdultSingle_a9f4b9e2-e9ea-4456-80e3-47fe03b77367_639196372057609765.xml,WDBC,Go South Coast,Go South Coast 1016 Inbound,Poole - Bournemouth,price_band_2.8@AdultSingle,2.8
WDBC_1016_Inbound_ChildReturn_a9f4b9e2-e9ea-4456-80e3-47fe03b77367_639196372076738338.xml,WDBC,Go South Coast,Go South Coast 1016 Inbound,Poole - Bournemouth,price_band_3.7@ChildReturn,3.7
WDBC_1806_Inbound_ChildReturn_a9f4b9e2-e9ea-4456-80e3-47fe03b77367_639196379882749275.xml,WDBC,Go South Coast,Go South Coast 1806 Inbound,Bournemouth - Wimborne,price_band_3.7@ChildReturn,3.7
SWWD_3137_Inbound_AdultSingle_a9f4b9e2-e9ea-4456-80e3-47fe03b77367_639196393338785099.xml,SWWD,Go South Coast,Go South Coast 3137 Inbound,Salisbury - West Dean,price_band_3.0@AdultSingle,3.0
WDBC_1054_Outbound_ChildSingle_2f1f0c04-770d-4707-ab06-213c5a798ad7_639196376721792201.xml,WDBC,Go South Coast,Go South Coast 1054 Outbound,Poole - Wimborne,price_band_1.0@ChildSingle,1.0
BLUS_4017_Inbound_ChildReturn_a9f4b9e2-e9ea-4456-80e3-47fe03b77367_639196402038215581.xml,BLUS,Go South Coast,Go South Coast 4017 Inbound,Weston - Adanac Park,price_band_2.6@ChildReturn,2.6
WDBC_1805_Outbound_AdultSingle_2f1f0c04-770d-4707-ab06-213c5a798ad7_639196379820503951.xml,WDBC,Go South Coast,Go South Coast 1805 Outbound,Bournemouth - Kinson,price_band_1.0@AdultSingle,1.0
WDBC_1950_Outbound_ChildReturn_a9f4b9e2-e9ea-4456-80e3-47fe03b77367_639196383897377725.xml,WDBC,Go South Coast,Go South Coast 1950 Outbound,Bournemouth - Swanage,price_band_2.8@ChildReturn,2.8
WDBC_2953_Outbound_ChildReturn_a9f4b9e2-e9ea-4456-80e3-47fe03b77367_639196388918636375.xml,WDBC,Go South Coast,Go South Coast 2953 Outbound,Salisbury - Ringwood,price_band_2.6@ChildReturn,2.6
SVCT_5268_Inbound_ChildSingle_a9f4b9e2-e9ea-4456-80e3-47fe03b77367_639196405633215003.xml,SVCT,Go South Coast,Go South Coast 5268 Inbound,Carisbrooke - St Helens,price_band_2.4@ChildSingle,2.4
BLUS_4815_Inbound_AdultSingle_a9f4b9e2-e9ea-4456-80e3-47fe03b77367_639196403535037754.xml,BLUS,Go South Coast,Go South Coast 4815 Inbound,Boyatt Wood - Eastleigh,price_band_2.5@AdultSingle,2.5
SWWD_3763_Outbound_ChildSingle_a9f4b9e2-e9ea-4456-80e3-47fe03b77367_639196400511467841.xml,SWWD,Go South Coast,Go South Coast 3763 Outbound,Mount Pleasant Farm - Burgate School,price_band_1.8@ChildSingle,1.8
SWWD_3726_Inbound_AdultReturn_a9f4b9e2-e9ea-4456-80e3-47fe03b77367_639196400332138382.xml,SWWD,Go South Coast,Go South Coast 3726 Inbound,Salisbury - East Knoyle,price_band_6.0@AdultReturn,6.0
WDBC_2953_Inbound_AdultSingle_a9f4b9e2-e9ea-4456-80e3-47fe03b77367_639196388777580852.xml,WDBC,Go South Coast,Go South Coast 2953 Inbound,Salisbury - Ringwood,price_band_2.3@AdultSingle,2.3
SWWD_3885_Inbound_AdultSingle_a9f4b9e2-e9ea-4456-80e3-47fe03b77367_639196400722751492.xml,SWWD,Go South Coast,Go South Coast 3885 Inbound,Whaddon - Burgate School,price_band_2.1@AdultSingle,2.1
WDBC_1016_Outbound_ChildSingle_a9f4b9e2-e9ea-4456-80e3-47fe03b77367_639196372360236986.xml,WDBC,Go South Coast,Go South Coast 1016 Outbound,Poole - Bournemouth,price_band_2.8@ChildSingle,2.8
SVCT_5249_Outbound_ChildSingle_a9f4b9e2-e9ea-4456-80e3-47fe03b77367_639196405550849305.xml,SVCT,Go South Coast,Go South Coast 5249 Outbound,Ryde - Newport,price_band_1.8@ChildSingle,1.8
SWWD_3301_Inbound_AdultSingle_a9f4b9e2-e9ea-4456-80e3-47fe03b77367_639196394287997990.xml,SWWD,Go South Coast,Go South Coast 3301 Inbound,District Hospital - Bemerton Heath,price_band_3.0@AdultSingle,3.0
WDBC_2953_Inbound_AdultReturn_a9f4b9e2-e9ea-4456-80e3-47fe03b77367_639196388747958544.xml,WDBC,Go South Coast,Go South Coast 2953 Inbound,Salisbury - Ringwood,price_band_6.0@AdultReturn,6.0
WDBC_1053_Outbound_ChildSingle_2f1f0c04-770d-4707-ab06-213c5a798ad7_639196376421005259.xml,WDBC,Go South Coast,Go South Coast 1053 Outbound,Bournemouth - Wimborne,price_band_2.8@ChildSingle,2.8
SWWD_3329_Outbound_ChildSingle_a9f4b9e2-e9ea-4456-80e3-47fe03b77367_639196395688036382.xml,SWWD,Go South Coast,Go South Coast 3329 Outbound,Salisbury - Broad Chalke,price_band_1.9@ChildSingle,1.9
TDTR_7063_Outbound_YoungPersonSgl_a9f4b9e2-e9ea-4456-80e3-47fe03b77367_639196408640212345.xml,TDTR,Go South Coast,Go South Coast 7063 Outbound,Town Centre - Eldene,price_band_1.8@YoungPersonSgl,1.8
WDBC_2120_Outbound_AdultReturn_a9f4b9e2-e9ea-4456-80e3-47fe03b77367_639196386423000162.xml,WDBC,Go South Coast,Go South Coast 2120 Outbound,New Milton Tesco - Lymington,price_band_4.2@AdultReturn,4.2
WDBC_1038_Inbound_ChildSingle_a9f4b9e2-e9ea-4456-80e3-47fe03b77367_639196374698013422.xml,WDBC,Go South Coast,Go South Coast 1038 Inbound,Ferndown - Ringwood,price_band_2.2@ChildSingle,2.2
DAMY_3183_Inbound_ChildReturn_a9f4b9e2-e9ea-4456-80e3-47fe03b77367_639196393827698517.xml,DAMY,Go South Coast,Go South Coast 3183 Inbound,Blandford - Weymouth,price_band_2.3@ChildReturn,2.3
BLUS_4017_Inbound_ChildSingle_f15d1b06-486f-433a-8991-95f1a97a87e0_639196402064086100.xml,BLUS,Go South Coast,Go South Coast 4017 Inbound,Weston - Adanac Park,price_band_1.0@ChildSingle,1.0
SWWD_3325_Outbound_AdultReturn_a9f4b9e2-e9ea-4456-80e3-47fe03b77367_639196394959413919.xml,SWWD,Go South Coast,Go South Coast 3325 Outbound,South Wilts Grammar School - Hindon,price_band_5.4@AdultReturn,5.4
WDBC_1833_Inbound_AdultReturn_a9f4b9e2-e9ea-4456-80e3-47fe03b77367_639196381588150498.xml,WDBC,Go South Coast,Go South Coast 1833 Inbound,Alum Chine - Castlepoint,price_band_4.2@AdultReturn,4.2
DAMY_6505_Outbound_ChildSingle_a9f4b9e2-e9ea-4456-80e3-47fe03b77367_639196407225193951.xml,DAMY,Go South Coast,Go South Coast 6505 Outbound,Weymouth - Dorchester,price_band_2.3@ChildSingle,2.3
WDBC_1837_Inbound_AdultReturn_a9f4b9e2-e9ea-4456-80e3-47fe03b77367_639196381847145371.xml,WDBC,Go South Coast,Go South Coast 1837 Inbound,Bournemouth - Bournemouth International Airport,price_band_4.7@AdultReturn,4.7
BLUS_4022_Inbound_AdultSingle_eed5e2e8-c472-41af-825e-db09ec887334_639196402384551521.xml,BLUS,Go South Coast,Go South Coast 4022 Inbound,Southampton - Shirley,price_band_1.0@AdultSingle,1.0
BLUS_4015_Outbound_AdultReturn_a9f4b9e2-e9ea-4456-80e3-47fe03b77367_639196401947102480.xml,BLUS,Go South Coast,Go South Coast 4015 Outbound,Central Station - Hamble,price_band_4.2@AdultReturn,4.2
WDBC_2001_Inbound_ChildSingle_d46597a9-440e-4c13-b49a-76a3986683d1_639196384631343625.xml,WDBC,Go South Coast,Go South Coast 2001 Inbound,Bournemouth - Lymington,price_band_2.5@ChildSingle,2.5
WDBC_6449_Inbound_ChildReturn_a9f4b9e2-e9ea-4456-80e3-47fe03b77367_639196406931268887.xml,WDBC,Go South Coast,Go South Coast 6449 Inbound,St Osmunds - Parkstone Grammar,price_band_2.1@ChildReturn,2.1
WDBC_1801_Outbound_AdultSingle_a9f4b9e2-e9ea-4456-80e3-47fe03b77367_639196379491974291.xml,WDBC,Go South Coast,Go South Coast 1801 Outbound,Bournemouth - Christchurch,price_band_2.3@AdultSingle,2.3
DAMY_3183_Outbound_AdultSingle_a9f4b9e2-e9ea-4456-80e3-47fe03b77367_639196393896036878.xml,DAMY,Go South Coast,Go South Coast 3183 Outbound,Blandford - Weymouth,price_band_2.8@AdultSingle,2.8
WDBC_1908_Outbound_ChildSingle_2f1f0c04-770d-4707-ab06-213c5a798ad7_639196383499614451.xml,WDBC,Go South Coast,Go South Coast 1908 Outbound,Poole - Blandford,price_band_3.0@ChildSingle,3.0
SWWD_3405_Inbound_AdultSingle_a9f4b9e2-e9ea-4456-80e3-47fe03b77367_639196396496890437.xml,SWWD,Go South Coast,Go South Coast 3405 Inbound,Salisbury - Pewsey,price_band_2.4@AdultSingle,2.4
SWWD_3329_Outbound_ChildSingle_a9f4b9e2-e9ea-4456-80e3-47fe03b77367_639196395688036382.xml,SWWD,Go South Coast,Go South Coast 3329 Outbound,Salisbury - Broad Chalke,price_band_2.3@ChildSingle,2.3
WDBC_2775_Inbound_AdultReturn_a9f4b9e2-e9ea-4456-80e3-47fe03b77367_639196387487214543.xml,WDBC,Go South Coast,Go South Coast 2775 Inbound,Milford on Sea - Priestlands School,price_band_5.3@AdultReturn,5.3
WDBC_2002_Inbound_ChildReturn_a9f4b9e2-e9ea-4456-80e3-47fe03b77367_639196385115015873.xml,WDBC,Go South Coast,Go South Coast 2002 Inbound,Bournemouth - Lymington,price_band_5.6@ChildReturn,5.6
SWWD_3405_Inbound_ChildSingle_a9f4b9e2-e9ea-4456-80e3-47fe03b77367_639196396540600287.xml,SWWD,Go South Coast,Go South Coast 3405 Inbound,Salisbury - Pewsey,price_band_2.5@ChildSingle,2.5
SWWD_3303_Inbound_AdultSingle_a9f4b9e2-e9ea-4456-80e3-47fe03b77367_639196394387477725.xml,SWWD,Go South Coast,Go South Coast 3303 Inbound,City Centre - Ditchampton,price_band_3.0@AdultSingle,3.0
WDBC_2002_Outbound_ChildSingle_a9f4b9e2-e9ea-4456-80e3-47fe03b77367_639196385390206070.xml,WDBC,Go South Coast,Go South Coast 2002 Outbound,Bournemouth - Lymington,price_band_2.5@ChildSingle,2.5
WDBC_1805_Inbound_ChildReturn_a9f4b9e2-e9ea-4456-80e3-47fe03b77367_639196379764165872.xml,WDBC,Go South Coast,Go South Coast 1805 Inbound,Bournemouth - Kinson,price_band_3.4@ChildReturn,3.4
WDBC_1021_Inbound_AdultSingle_a9f4b9e2-e9ea-4456-80e3-47fe03b77367_639196374044867753.xml,WDBC,Go South Coast,Go South Coast 1021 Inbound,Bournemouth - High Howe,price_band_2.8@AdultSingle,2.8
WDBC_1802_Inbound_ChildSingle_a9f4b9e2-e9ea-4456-80e3-47fe03b77367_639196379558241218.xml,WDBC,Go South Coast,Go South Coast 1802 Inbound,Bournemouth - Castlepoint,price_band_2.2@ChildSingle,2.2
SWWD_3325_Outbound_ChildSingle_a9f4b9e2-e9ea-4456-80e3-47fe03b77367_639196394977169430.xml,SWWD,Go South Coast,Go South Coast 3325 Outbound,South Wilts Grammar School - Hindon,price_band_2.9@ChildSingle,2.9
WDBC_2953_Inbound_ChildReturn_a9f4b9e2-e9ea-4456-80e3-47fe03b77367_639196388696796653.xml,WDBC,Go South Coast,Go South Coast 2953 Inbound,Salisbury - Ringwood,price_band_2.6@ChildReturn,2.6
WDBC_1016_Outbound_ChildSingle_d46597a9-440e-4c13-b49a-76a3986683d1_639196372492626936.xml,WDBC,Go South Coast,Go South Coast 1016 Outbound,Poole - Bournemouth,price_band_1.0@ChildSingle,1.0
TDTR_7146_Inbound_YoungPersonSgl_a9f4b9e2-e9ea-4456-80e3-47fe03b77367_639196409055257425.xml,TDTR,Go South Coast,Go South Coast 7146 Inbound,Swindon - Hungerford,price_band_1.7@YoungPersonSgl,1.7
WDBC_1908_Outbound_AdultSingle_2f1f0c04-770d-4707-ab06-213c5a798ad7_639196383489312439.xml,WDBC,Go South Coast,Go South Coast 1908 Outbound,Poole - Blandford,price_band_3.0@AdultSingle,3.0
WDBC_6415_Outbound_ChildReturn_a9f4b9e2-e9ea-4456-80e3-47fe03b77367_639196406567395495.xml,WDBC,Go South Coast,Go South Coast 6415 Outbound,St Anns Hospital - Poole Grammar School,price_band_3.4@ChildReturn,3.4
WDBC_1053_Inbound_AdultSingle_2f1f0c04-770d-4707-ab06-213c5a798ad7_639196376135837412.xml,WDBC,Go South Coast,Go South Coast 1053 Inbound,Bournemouth - Wimborne,price_band_2.8@AdultSingle,2.8
BLUS_4538_Inbound_AdultReturn_a9f4b9e2-e9ea-4456-80e3-47fe03b77367_639196403014674972.xml,BLUS,Go South Coast,Go South Coast 4538 Inbound,Rushington - Applemore College,price_band_4.4@AdultReturn,4.4
BLUS_4204_Inbound_ChildReturn_a9f4b9e2-e9ea-4456-80e3-47fe03b77367_639196402829776336.xml,BLUS,Go South Coast,Go South Coast 4204 Inbound,Totton - Totton Anti-Clockwise,price_band_4.5@ChildReturn,4.5
SWWD_2615_Outbound_AdultReturn_a9f4b9e2-e9ea-4456-80e3-47fe03b77367_639196387171351940.xml,SWWD,Go South Coast,Go South Coast 2615 Outbound,Salisbury  - Brockenhurst College,price_band_7.8@AdultReturn,7.8
SWWD_3495_Inbound_AdultReturn_a9f4b9e2-e9ea-4456-80e3-47fe03b77367_639196398698725282.xml,SWWD,Go South Coast,Go South Coast 3495 Inbound,Swindon - Pewsey,price_band_5.2@AdultReturn,5.2
WDBC_1013_Outbound_ChildSingle_d46597a9-440e-4c13-b49a-76a3986683d1_639196371637714285.xml,WDBC,Go South Coast,Go South Coast 1013 Outbound,Bournemouth - Wimborne,price_band_3.0@ChildSingle,3.0
SWWD_3040_Outbound_ChildReturn_a9f4b9e2-e9ea-4456-80e3-47fe03b77367_639196391587779883.xml,SWWD,Go South Coast,Go South Coast 3040 Outbound,Salisbury - Woodfalls,price_band_4.0@ChildReturn,4.0
SWWD_3519_Outbound_ChildReturn_a9f4b9e2-e9ea-4456-80e3-47fe03b77367_639196399474844920.xml,SWWD,Go South Coast,Go South Coast 3519 Outbound,Milford Street - New Canal,price_band_4.0@ChildReturn,4.0
SWWD_3726_Outbound_ChildReturn_a9f4b9e2-e9ea-4456-80e3-47fe03b77367_639196400436322760.xml,SWWD,Go South Coast,Go South Coast 3726 Outbound,Salisbury - East Knoyle,price_band_3.8@ChildReturn,3.8
WDBC_1021_Inbound_ChildReturn_a9f4b9e2-e9ea-4456-80e3-47fe03b77367_639196374080460327.xml,WDBC,Go South Coast,Go South Coast 1021 Inbound,Bournemouth - High Howe,price_band_3.2@ChildReturn,3.2
WDBC_1841_Outbound_ChildSingle_a9f4b9e2-e9ea-4456-80e3-47fe03b77367_639196382165873871.xml,WDBC,Go South Coast,Go South Coast 1841 Outbound,Bournemouth - Mudeford and Somerford,price_band_1.9@ChildSingle,1.9
UNIL_4706_Outbound_ChildSingle_a9f4b9e2-e9ea-4456-80e3-47fe03b77367_639196403117735852.xml,UNIL,Go South Coast,Go South Coast 4706 Outbound,NOCS - General Hospital,price_band_2.0@ChildSingle,2.0
WDBC_3882_Outbound_ChildReturn_a9f4b9e2-e9ea-4456-80e3-47fe03b77367_639196400664305477.xml,WDBC,Go South Coast,Go South Coast 3882 Outbound,Stratford Road Grammar School - Burgate School,price_band_4.5@ChildReturn,4.5
SWWD_3008_Outbound_ChildReturn_a9f4b9e2-e9ea-4456-80e3-47fe03b77367_639196391010248148.xml,SWWD,Go South Coast,Go South Coast 3008 Outbound,Salisbury - Zouch Estate,price_band_3.2@ChildReturn,3.2
WDBC_1837_Inbound_AdultSingle_2f1f0c04-770d-4707-ab06-213c5a798ad7_639196381876655621.xml,WDBC,Go South Coast,Go South Coast 1837 Inbound,Bournemouth - Bournemouth International Airport,price_band_3.0@AdultSingle,3.0
WDBC_6449_Outbound_ChildReturn_a9f4b9e2-e9ea-4456-80e3-47fe03b77367_639196406968851108.xml,WDBC,Go South Coast,Go South Coast 6449 Outbound,St Osmunds - Parkstone Grammar,price_band_5.7@ChildReturn,5.7
SWWD_3900_Inbound_AdultSingle_a9f4b9e2-e9ea-4456-80e3-47fe03b77367_639196400904848280.xml,SWWD,Go South Coast,Go South Coast 3900 Inbound,Devizes - Marlborough,price_band_3.0@AdultSingle,3.0
SWWD_3511_Inbound_AdultReturn_a9f4b9e2-e9ea-4456-80e3-47fe03b77367_639196399099929743.xml,SWWD,Go South Coast,Go South Coast 3511 Inbound,Blue Boar Row - Old Sarum,price_band_3.5@AdultReturn,3.5
WDBC_1804_Inbound_ChildSingle_2f1f0c04-770d-4707-ab06-213c5a798ad7_639196379695172929.xml,WDBC,Go South Coast,Go South Coast 1804 Inbound,Bournemouth - Castlepoint,price_band_1.0@ChildSingle,1.0
SVCT_8501_Outbound_ChildSingle_a9f4b9e2-e9ea-4456-80e3-47fe03b77367_639196410602290032.xml,SVCT,Go South Coast,Go South Coast 8501 Outbound,Island Coaster - West,price_band_3.1@ChildSingle,3.1
SWWD_3978_Outbound_ChildSingle_a9f4b9e2-e9ea-4456-80e3-47fe03b77367_639196400931208794.xml,SWWD,Go South Coast,Go South Coast 3978 Outbound,Victoria Park - Laverstock Schools,price_band_2.5@ChildSingle,2.5
SWWD_3675_Inbound_AdultSingle_a9f4b9e2-e9ea-4456-80e3-47fe03b77367_639196400080226521.xml,SWWD,Go South Coast,Go South Coast 3675 Inbound,Castle Road - Amesbury,price_band_3.1@AdultSingle,3.1
WDBC_1005_Outbound_AdultSingle_2f1f0c04-770d-4707-ab06-213c5a798ad7_639196370652220678.xml,WDBC,Go South Coast,Go South Coast 1005 Outbound,Poole - Tower Park,price_band_1.0@AdultSingle,1.0
WDBC_6416_Inbound_ChildSingle_a9f4b9e2-e9ea-4456-80e3-47fe03b77367_639196406622564929.xml,WDBC,Go South Coast,Go South Coast 6416 Inbound,Penn Hill Avenue  - Poole Grammar School,price_band_2.1@ChildSingle,2.1
WDBC_1038_Inbound_AdultSingle_a9f4b9e2-e9ea-4456-80e3-47fe03b77367_639196374689908707.xml,WDBC,Go South Coast,Go South Coast 1038 Inbound,Ferndown - Ringwood,price_band_3.0@AdultSingle,3.0
SWWD_3457_Outbound_ChildReturn_a9f4b9e2-e9ea-4456-80e3-47fe03b77367_639196398318067462.xml,SWWD,Go South Coast,Go South Coast 3457 Outbound,Salisbury - Southampton,price_band_6.0@ChildReturn,6.0
SWWD_3044_Outbound_ChildReturn_a9f4b9e2-e9ea-4456-80e3-47fe03b77367_639196391697596435.xml,SWWD,Go South Coast,Go South Coast 3044 Outbound,Salisbury - Woodfalls,price_band_2.5@ChildReturn,2.5
TDTR_7005_Inbound_AdultSingle_a9f4b9e2-e9ea-4456-80e3-47fe03b77367_639196408085302271.xml,TDTR,Go South Coast,Go South Coast 7005 Inbound,Haydon Wick - Park North,price_band_3.0@AdultSingle,3.0
WDBC_6416_Outbound_ChildReturn_a9f4b9e2-e9ea-4456-80e3-47fe03b77367_639196406650542511.xml,WDBC,Go South Coast,Go South Coast 6416 Outbound,Penn Hill Avenue  - Poole Grammar School,price_band_5.2@ChildReturn,5.2
WDBC_1786_Outbound_ChildSingle_a9f4b9e2-e9ea-4456-80e3-47fe03b77367_639196379223545893.xml,WDBC,Go South Coast,Go South Coast 1786 Outbound,Park Gates - Bournemouth School for Girls,price_band_2.9@ChildSingle,2.9
SVCT_8505_Outbound_AdultSingle_a9f4b9e2-e9ea-4456-80e3-47fe03b77367_639196410702305794.xml,SVCT,Go South Coast,Go South Coast 8505 Outbound,Shanklin - Shuttle,price_band_3.1@AdultSingle,3.1
WDBC_1805_Inbound_ChildSingle_a9f4b9e2-e9ea-4456-80e3-47fe03b77367_639196379759134214.xml,WDBC,Go South Coast,Go South Coast 1805 Inbound,Bournemouth - Kinson,price_band_2.3@ChildSingle,2.3
WDBC_2762_Outbound_ChildReturn_a9f4b9e2-e9ea-4456-80e3-47fe03b77367_639196387479626175.xml,WDBC,Go South Coast,Go South Coast 2762 Outbound,Keyhaven Road  - Priestlands School,price_band_3.8@ChildReturn,3.8
BLUS_2607_Outbound_AdultReturn_a9f4b9e2-e9ea-4456-80e3-47fe03b77367_639196387047353722.xml,BLUS,Go South Coast,Go South Coast 2607 Outbound,North Baddesley - Brockenhurst College,price_band_8.7@AdultReturn,8.7
DAMY_6020_Outbound_ChildSingle_a9f4b9e2-e9ea-4456-80e3-47fe03b77367_639196406143501955.xml,DAMY,Go South Coast,Go South Coast 6020 Outbound,Salisbury - Blandford,price_band_2.8@ChildSingle,2.8
WDBC_1786_Outbound_ChildReturn_a9f4b9e2-e9ea-4456-80e3-47fe03b77367_639196379218850155.xml,WDBC,Go South Coast,Go South Coast 1786 Outbound,Park Gates - Bournemouth School for Girls,price_band_2.6@ChildReturn,2.6
WDBC_6671_Outbound_AdultReturn_a9f4b9e2-e9ea-4456-80e3-47fe03b77367_639196407249130410.xml,WDBC,Go South Coast,Go South Coast 6671 Outbound,Albert Road - Alderney West,price_band_4.4@AdultReturn,4.4
WDBC_1755_Outbound_AdultReturn_a9f4b9e2-e9ea-4456-80e3-47fe03b77367_639196379138502871.xml,WDBC,Go South Coast,Go South Coast 1755 Outbound,Bournemouth Station - Bournemouth School for Girls,price_band_5.4@AdultReturn,5.4
SWWD_3977_Outbound_ChildReturn_a9f4b9e2-e9ea-4456-80e3-47fe03b77367_639196400923955572.xml,SWWD,Go South Coast,Go South Coast 3977 Outbound,Victoria Park - Laverstock Schools,price_band_3.6@ChildReturn,3.6
TDTR_7080_Inbound_AdultSingle_a9f4b9e2-e9ea-4456-80e3-47fe03b77367_639196408790442872.xml,TDTR,Go South Coast,Go South Coast 7080 Inbound,Swindon - Marlborough,price_band_2.1@AdultSingle,2.1
WDBC_1020_Outbound_AdultReturn_a9f4b9e2-e9ea-4456-80e3-47fe03b77367_639196373663947034.xml,WDBC,Go South Coast,Go South Coast 1020 Outbound,Poole - Christchurch,price_band_4.2@AdultReturn,4.2
TDTR_7011_Inbound_YoungPersonSgl_a9f4b9e2-e9ea-4456-80e3-47fe03b77367_639196408127381355.xml,TDTR,Go South Coast,Go South Coast 7011 Inbound,Taw Hill - Middle Wichel,price_band_2.5@YoungPersonSgl,2.5
WDBC_1001_Inbound_ChildReturn_a9f4b9e2-e9ea-4456-80e3-47fe03b77367_639196369152495610.xml,WDBC,Go South Coast,Go South Coast 1001 Inbound,Poole - Bournemouth Hospital,price_band_3.1@ChildReturn,3.1
WDBC_1013_Outbound_AdultReturn_a9f4b9e2-e9ea-4456-80e3-47fe03b77367_639196371418225698.xml,WDBC,Go South Coast,Go South Coast 1013 Outbound,Bournemouth - Wimborne,price_band_4.8@AdultReturn,4.8
SWWD_3311_Inbound_AdultReturn_a9f4b9e2-e9ea-4456-80e3-47fe03b77367_639196394705295479.xml,SWWD,Go South Coast,Go South Coast 3311 Inbound,Coronation Road - Ditchampton,price_band_4.5@AdultReturn,4.5
WDBC_2620_Inbound_AdultSingle_a9f4b9e2-e9ea-4456-80e3-47fe03b77367_639196387279229743.xml,WDBC,Go South Coast,Go South Coast 2620 Inbound,Thorney Hill - Brockenhurst College,price_band_5.6@AdultSingle,5.6
WDBC_1003_Inbound_ChildSingle_d46597a9-440e-4c13-b49a-76a3986683d1_639196370420901638.xml,WDBC,Go South Coast,Go South Coast 1003 Inbound,Poole - Wimborne,price_band_2.5@ChildSingle,2.5
TDTR_3820_Inbound_AdultSingle_a9f4b9e2-e9ea-4456-80e3-47fe03b77367_639196400537447189.xml,TDTR,Go South Coast,Go South Coast 3820 Inbound,Marlborough - Newbury,price_band_3.7@AdultSingle,3.7
WDBC_1068_Outbound_AdultSingle_2f1f0c04-770d-4707-ab06-213c5a798ad7_639196376992498609.xml,WDBC,Go South Coast,Go South Coast 1068 Outbound,Poole - Poole Clockwise,price_band_1.0@AdultSingle,1.0
TDTR_7064_Inbound_AdultSingle_a9f4b9e2-e9ea-4456-80e3-47fe03b77367_639196408643173013.xml,TDTR,Go South Coast,Go South Coast 7064 Inbound,Town Centre - Eldene,price_band_3.0@AdultSingle,3.0
BLUS_4022_Outbound_ChildReturn_a9f4b9e2-e9ea-4456-80e3-47fe03b77367_639196402420178746.xml,BLUS,Go South Coast,Go South Coast 4022 Outbound,Southampton - Shirley,price_band_2.6@ChildReturn,2.6
WDBC_1801_Outbound_AdultSingle_d46597a9-440e-4c13-b49a-76a3986683d1_639196379521085968.xml,WDBC,Go South Coast,Go South Coast 1801 Outbound,Bournemouth - Christchurch,price_band_1.0@AdultSingle,1.0
WDBC_1886_Outbound_ChildReturn_a9f4b9e2-e9ea-4456-80e3-47fe03b77367_639196383068478920.xml,WDBC,Go South Coast,Go South Coast 1886 Outbound,Corfe Mullen - St Peters School,price_band_5.8@ChildReturn,5.8
WDBC_2219_Inbound_ChildReturn_a9f4b9e2-e9ea-4456-80e3-47fe03b77367_639196386912029581.xml,WDBC,Go South Coast,Go South Coast 2219 Inbound,Lymington  - New Milton,price_band_5.6@ChildReturn,5.6
BLUS_3635_Outbound_AdultSingle_a9f4b9e2-e9ea-4456-80e3-47fe03b77367_639196399726432687.xml,BLUS,Go South Coast,Go South Coast 3635 Outbound,Romsey - Ampfield,price_band_5.2@AdultSingle,5.2
WDBC_1789_Inbound_ChildReturn_a9f4b9e2-e9ea-4456-80e3-47fe03b77367_639196379325905462.xml,WDBC,Go South Coast,Go South Coast 1789 Inbound,Bournemouth School for Girls - Lymington,price_band_2.4@ChildReturn,2.4
WDBC_1040_Outbound_ChildSingle_d46597a9-440e-4c13-b49a-76a3986683d1_639196375449463659.xml,WDBC,Go South Coast,Go South Coast 1040 Outbound,Swanage - Poole,price_band_1.0@ChildSingle,1.0
SWWD_3407_Outbound_AdultSingle_f15d1b06-486f-433a-8991-95f1a97a87e0_639196397663067861.xml,SWWD,Go South Coast,Go South Coast 3407 Outbound,Salisbury - Southampton,price_band_2.3@AdultSingle,2.3
SWWD_3002_Outbound_ChildReturn_a9f4b9e2-e9ea-4456-80e3-47fe03b77367_639196390438312146.xml,SWWD,Go South Coast,Go South Coast 3002 Outbound,Salisbury - Devizes,price_band_3.8@ChildReturn,3.8
DAMY_3183_Inbound_ChildReturn_a9f4b9e2-e9ea-4456-80e3-47fe03b77367_639196393827698517.xml,DAMY,Go South Coast,Go South Coast 3183 Inbound,Blandford - Weymouth,price_band_5.4@ChildReturn,5.4
TDTR_7153_Inbound_YoungPersonSgl_a9f4b9e2-e9ea-4456-80e3-47fe03b77367_639196409246790747.xml,TDTR,Go South Coast,Go South Coast 7153 Inbound,Oakhurst (All Stops) - Ridgeway School,price_band_2.6@YoungPersonSgl,2.6
WDBC_1950_Outbound_AdultSingle_d46597a9-440e-4c13-b49a-76a3986683d1_639196384021056214.xml,WDBC,Go South Coast,Go South Coast 1950 Outbound,Bournemouth - Swanage,price_band_2.3@AdultSingle,2.3
WDBC_1017_Outbound_ChildSingle_a9f4b9e2-e9ea-4456-80e3-47fe03b77367_639196372967059728.xml,WDBC,Go South Coast,Go South Coast 1017 Outbound,Poole - Bournemouth,price_band_2.3@ChildSingle,2.3
WDBC_1788_Inbound_AdultSingle_a9f4b9e2-e9ea-4456-80e3-47fe03b77367_639196379238273293.xml,WDBC,Go South Coast,Go South Coast 1788 Inbound,Walkford - Bournemouth School for Girls,price_band_5.4@AdultSingle,5.4
WDBC_1040_Outbound_ChildReturn_a9f4b9e2-e9ea-4456-80e3-47fe03b77367_639196375231293356.xml,WDBC,Go South Coast,Go South Coast 1040 Outbound,Swanage - Poole,price_band_4.6@ChildReturn,4.6
DAMY_3183_Outbound_ChildSingle_a9f4b9e2-e9ea-4456-80e3-47fe03b77367_639196393928196536.xml,DAMY,Go South Coast,Go South Coast 3183 Outbound,Blandford - Weymouth,price_band_2.7@ChildSingle,2.7
WDBC_1032_Outbound_ChildSingle_a9f4b9e2-e9ea-4456-80e3-47fe03b77367_639196374529394266.xml,WDBC,Go South Coast,Go South Coast 1032 Outbound,Poole - Bournemouth,price_band_2.5@ChildSingle,2.5
WDBC_6418_Inbound_AdultSingle_a9f4b9e2-e9ea-4456-80e3-47fe03b77367_639196406683670847.xml,WDBC,Go South Coast,Go South Coast 6418 Inbound,Sandbanks Ferry - Poole Grammar School,price_band_2.5@AdultSingle,2.5
BLUS_4008_Inbound_ChildSingle_eed5e2e8-c472-41af-825e-db09ec887334_639196401464801300.xml,BLUS,Go South Coast,Go South Coast 4008 Inbound,Southampton - Hythe,price_band_1.0@ChildSingle,1.0
WDBC_1831_Outbound_ChildReturn_a9f4b9e2-e9ea-4456-80e3-47fe03b77367_639196381356634629.xml,WDBC,Go South Coast,Go South Coast 1831 Outbound,Bournemouth - Hunt Road and Somerford,price_band_2.8@ChildReturn,2.8
DAMY_3183_Outbound_ChildReturn_a9f4b9e2-e9ea-4456-80e3-47fe03b77367_639196393946141695.xml,DAMY,Go South Coast,Go South Coast 3183 Outbound,Blandford - Weymouth,price_band_1.9@ChildReturn,1.9
WDBC_1806_Inbound_ChildSingle_2f1f0c04-770d-4707-ab06-213c5a798ad7_639196379915039634.xml,WDBC,Go South Coast,Go South Coast 1806 Inbound,Bournemouth - Wimborne,price_band_3.0@ChildSingle,3.0
TDTR_7531_Inbound_AdultSingle_a9f4b9e2-e9ea-4456-80e3-47fe03b77367_639196409749231420.xml,TDTR,Go South Coast,Go South Coast 7531 Inbound,Rushey Platt - Cirencester College,price_band_5.2@AdultSingle,5.2
SWWD_3326_Inbound_ChildSingle_a9f4b9e2-e9ea-4456-80e3-47fe03b77367_639196395131968093.xml,SWWD,Go South Coast,Go South Coast 3326 Inbound,Salisbury - Hindon,price_band_2.3@ChildSingle,2.3
WDBC_1883_Inbound_ChildSingle_a9f4b9e2-e9ea-4456-80e3-47fe03b77367_639196382536654541.xml,WDBC,Go South Coast,Go South Coast 1883 Inbound,Alum Chine - Castlepoint,price_band_2.3@ChildSingle,2.3
TDTR_7148_Inbound_ChildReturn_a9f4b9e2-e9ea-4456-80e3-47fe03b77367_639196409158228761.xml,TDTR,Go South Coast,Go South Coast 7148 Inbound,Swindon - Marlborough,price_band_3.0@ChildReturn,3.0
BLUS_4815_Inbound_ChildReturn_a9f4b9e2-e9ea-4456-80e3-47fe03b77367_639196403514073096.xml,BLUS,Go South Coast,Go South Coast 4815 Inbound,Boyatt Wood - Eastleigh,price_band_4.0@ChildReturn,4.0
SWWD_3008_Outbound_AdultReturn_a9f4b9e2-e9ea-4456-80e3-47fe03b77367_639196390919631158.xml,SWWD,Go South Coast,Go South Coast 3008 Outbound,Salisbury - Zouch Estate,price_band_5.5@AdultReturn,5.5
SWWD_3457_Outbound_AdultReturn_a9f4b9e2-e9ea-4456-80e3-47fe03b77367_639196398219453971.xml,SWWD,Go South Coast,Go South Coast 3457 Outbound,Salisbury - Southampton,price_band_4.9@AdultReturn,4.9
BLUS_2607_Inbound_AdultReturn_a9f4b9e2-e9ea-4456-80e3-47fe03b77367_639196387028054686.xml,BLUS,Go South Coast,Go South Coast 2607 Inbound,North Baddesley - Brockenhurst College,price_band_6.7@AdultReturn,6.7
WDBC_1804_Outbound_AdultSingle_a9f4b9e2-e9ea-4456-80e3-47fe03b77367_639196379708780322.xml,WDBC,Go South Coast,Go South Coast 1804 Outbound,Bournemouth - Castlepoint,price_band_2.6@AdultSingle,2.6
BLUS_3634_Outbound_AdultReturn_a9f4b9e2-e9ea-4456-80e3-47fe03b77367_639196399687526061.xml,BLUS,Go South Coast,Go South Coast 3634 Outbound,East Wellow  - Romsey School,price_band_3.7@AdultReturn,3.7
TDTR_7015_Inbound_AdultSingle_a9f4b9e2-e9ea-4456-80e3-47fe03b77367_639196408201851358.xml,TDTR,Go South Coast,Go South Coast 7015 Inbound,Haydon Wick - Bus Station,price_band_2.2@AdultSingle,2.2
WDBC_1886_Inbound_ChildReturn_a9f4b9e2-e9ea-4456-80e3-47fe03b77367_639196382907137677.xml,WDBC,Go South Coast,Go South Coast 1886 Inbound,Corfe Mullen - St Peters School,price_band_6.6@ChildReturn,6.6
WDBC_1050_Inbound_AdultSingle_a9f4b9e2-e9ea-4456-80e3-47fe03b77367_639196375491852261.xml,WDBC,Go South Coast,Go South Coast 1050 Inbound,Bournemouth Station - Swanage,price_band_2.3@AdultSingle,2.3
TDTR_7180_Outbound_YoungPersonRtn_a9f4b9e2-e9ea-4456-80e3-47fe03b77367_639196409548679878.xml,TDTR,Go South Coast,Go South Coast 7180 Outbound,Marlborough - Ludgershall,price_band_4.1@YoungPersonRtn,4.1
WDBC_1789_Inbound_ChildSingle_a9f4b9e2-e9ea-4456-80e3-47fe03b77367_639196379342289488.xml,WDBC,Go South Coast,Go South Coast 1789 Inbound,Bournemouth School for Girls - Lymington,price_band_2.2@ChildSingle,2.2
BLUS_4504_Inbound_AdultSingle_a9f4b9e2-e9ea-4456-80e3-47fe03b77367_639196402978846664.xml,BLUS,Go South Coast,Go South Coast 4504 Inbound,Lordshill - Mountbatten School,price_band_3.0@AdultSingle,3.0
SWWD_3407_Outbound_ChildSingle_a9f4b9e2-e9ea-4456-80e3-47fe03b77367_639196397493104918.xml,SWWD,Go South Coast,Go South Coast 3407 Outbound,Salisbury - Southampton,price_band_1.9@ChildSingle,1.9
SWWD_3651_Outbound_ChildReturn_a9f4b9e2-e9ea-4456-80e3-47fe03b77367_639196400009727198.xml,SWWD,Go South Coast,Go South Coast 3651 Outbound,Avon Valley College - Sling,price_band_4.8@ChildReturn,4.8
SWWD_3883_Inbound_ChildReturn_a9f4b9e2-e9ea-4456-80e3-47fe03b77367_639196400686049945.xml,SWWD,Go South Coast,Go South Coast 3883 Inbound,Bishopdown Farm  - Burgate School,price_band_3.6@ChildReturn,3.6
WDBC_1788_Outbound_ChildSingle_a9f4b9e2-e9ea-4456-80e3-47fe03b77367_639196379271894228.xml,WDBC,Go South Coast,Go South Coast 1788 Outbound,Walkford - Bournemouth School for Girls,price_band_3.5@ChildSingle,3.5
BLUS_4015_Outbound_ChildSingle_a9f4b9e2-e9ea-4456-80e3-47fe03b77367_639196401950581619.xml,BLUS,Go South Coast,Go South Coast 4015 Outbound,Central Station - Hamble,price_band_2.1@ChildSingle,2.1
WDBC_2024_Inbound_AdultReturn_a9f4b9e2-e9ea-4456-80e3-47fe03b77367_639196386219976029.xml,WDBC,Go South Coast,Go South Coast 2024 Inbound,Castlepoint - Christchurch,price_band_3.8@AdultReturn,3.8
SWWD_3519_Outbound_ChildReturn_a9f4b9e2-e9ea-4456-80e3-47fe03b77367_639196399474844920.xml,SWWD,Go South Coast,Go South Coast 3519 Outbound,Milford Street - New Canal,price_band_5.6@ChildReturn,5.6
WDBC_1053_Inbound_ChildSingle_2f1f0c04-770d-4707-ab06-213c5a798ad7_639196376182498982.xml,WDBC,Go South Coast,Go South Coast 1053 Inbound,Bournemouth - Wimborne,price_band_2.2@ChildSingle,2.2
TDTR_7180_Outbound_AdultReturn_a9f4b9e2-e9ea-4456-80e3-47fe03b77367_639196409565432156.xml,TDTR,Go South Coast,Go South Coast 7180 Outbound,Marlborough - Ludgershall,price_band_4.5@AdultReturn,4.5
SWWD_3675_Inbound_ChildReturn_a9f4b9e2-e9ea-4456-80e3-47fe03b77367_639196400089415816.xml,SWWD,Go South Coast,Go South Coast 3675 Inbound,Castle Road - Amesbury,price_band_1.9@ChildReturn,1.9
WDBC_2120_Inbound_ChildSingle_a9f4b9e2-e9ea-4456-80e3-47fe03b77367_639196386405901867.xml,WDBC,Go South Coast,Go South Coast 2120 Inbound,New Milton Tesco - Lymington,price_band_3.0@ChildSingle,3.0
WDBC_1903_Inbound_AdultSingle_2f1f0c04-770d-4707-ab06-213c5a798ad7_639196383215218684.xml,WDBC,Go South Coast,Go South Coast 1903 Inbound,Poole - Wimborne,price_band_2.3@AdultSingle,2.3
TDTR_7153_Inbound_AdultSingle_a9f4b9e2-e9ea-4456-80e3-47fe03b77367_639196409242479420.xml,TDTR,Go South Coast,Go South Coast 7153 Inbound,Oakhurst (All Stops) - Ridgeway School,price_band_3.1@AdultSingle,3.1
WDBC_1950_Inbound_ChildSingle_d46597a9-440e-4c13-b49a-76a3986683d1_639196383803681087.xml,WDBC,Go South Coast,Go South Coast 1950 Inbound,Bournemouth - Swanage,price_band_1.9@ChildSingle,1.9
WDBC_2001_Inbound_ChildReturn_a9f4b9e2-e9ea-4456-80e3-47fe03b77367_639196384347707226.xml,WDBC,Go South Coast,Go South Coast 2001 Inbound,Bournemouth - Lymington,price_band_3.4@ChildReturn,3.4
WDBC_6419_Outbound_ChildReturn_a9f4b9e2-e9ea-4456-80e3-47fe03b77367_639196406818586499.xml,WDBC,Go South Coast,Go South Coast 6419 Outbound,Compton Avenue - Poole Grammar,price_band_3.3@ChildReturn,3.3
TDTR_7180_Outbound_AdultReturn_a9f4b9e2-e9ea-4456-80e3-47fe03b77367_639196409565432156.xml,TDTR,Go South Coast,Go South Coast 7180 Outbound,Marlborough - Ludgershall,price_band_3.6@AdultReturn,3.6
BLUS_4026_Inbound_AdultSingle_a9f4b9e2-e9ea-4456-80e3-47fe03b77367_639196402489021992.xml,BLUS,Go South Coast,Go South Coast 4026 Inbound,Southampton - Whiteley,price_band_2.5@AdultSingle,2.5
TDTR_7148_Inbound_AdultSingle_a9f4b9e2-e9ea-4456-80e3-47fe03b77367_639196409121321976.xml,TDTR,Go South Coast,Go South Coast 7148 Inbound,Swindon - Marlborough,price_band_2.1@AdultSingle,2.1
SWWD_7086_Outbound_ChildReturn_a9f4b9e2-e9ea-4456-80e3-47fe03b77367_639196408909906075.xml,SWWD,Go South Coast,Go South Coast 7086 Outbound,Ansty - Shaftesbury,price_band_2.6@ChildReturn,2.6
DAMY_6487_Outbound_AdultSingle_a9f4b9e2-e9ea-4456-80e3-47fe03b77367_639196407121808034.xml,DAMY,Go South Coast,Go South Coast 6487 Outbound,Blandford - Dorchester,price_band_2.8@AdultSingle,2.8
TDTR_7011_Inbound_AdultSingle_a9f4b9e2-e9ea-4456-80e3-47fe03b77367_639196408118562014.xml,TDTR,Go South Coast,Go South Coast 7011 Inbound,Taw Hill - Middle Wichel,price_band_2.2@AdultSingle,2.2
SWWD_3763_Outbound_ChildSingle_a9f4b9e2-e9ea-4456-80e3-47fe03b77367_639196400511467841.xml,SWWD,Go South Coast,Go South Coast 3763 Outbound,Mount Pleasant Farm - Burgate School,price_band_1.7@ChildSingle,1.7
WDBC_6450_Inbound_ChildSingle_a9f4b9e2-e9ea-4456-80e3-47fe03b77367_639196406996752516.xml,WDBC,Go South Coast,Go South Coast 6450 Inbound,Wallisdown - Parkstone Grammar,price_band_1.9@ChildSingle,1.9
WDBC_1837_Inbound_ChildSingle_2f1f0c04-770d-4707-ab06-213c5a798ad7_639196381896349388.xml,WDBC,Go South Coast,Go South Coast 1837 Inbound,Bournemouth - Bournemouth International Airport,price_band_2.5@ChildSingle,2.5
BLUS_4015_Inbound_AdultSingle_a9f4b9e2-e9ea-4456-80e3-47fe03b77367_639196401912725843.xml,BLUS,Go South Coast,Go South Coast 4015 Inbound,Central Station - Hamble,price_band_2.8@AdultSingle,2.8
WDBC_2186_Inbound_AdultSingle_f15d1b06-486f-433a-8991-95f1a97a87e0_639196386735655356.xml,WDBC,Go South Coast,Go South Coast 2186 Inbound,Southampton - Lymington,price_band_1.0@AdultSingle,1.0
WDBC_1903_Outbound_AdultReturn_a9f4b9e2-e9ea-4456-80e3-47fe03b77367_639196383307648736.xml,WDBC,Go South Coast,Go South Coast 1903 Outbound,Poole - Wimborne,price_band_4.5@AdultReturn,4.5
SWWD_3509_Inbound_AdultReturn_a9f4b9e2-e9ea-4456-80e3-47fe03b77367_639196399068549698.xml,SWWD,Go South Coast,Go South Coast 3509 Inbound,Milford Street - New Canal,price_band_3.5@AdultReturn,3.5
BLUS_4014_Inbound_ChildSingle_a9f4b9e2-e9ea-4456-80e3-47fe03b77367_639196401856351099.xml,BLUS,Go South Coast,Go South Coast 4014 Inbound,Southampton - Hedge End,price_band_2.1@ChildSingle,2.1
WDBC_1017_Outbound_ChildReturn_a9f4b9e2-e9ea-4456-80e3-47fe03b77367_639196372944669512.xml,WDBC,Go South Coast,Go South Coast 1017 Outbound,Poole - Bournemouth,price_band_3.7@ChildReturn,3.7
SWWD_3405_Inbound_ChildSingle_a9f4b9e2-e9ea-4456-80e3-47fe03b77367_639196396540600287.xml,SWWD,Go South Coast,Go South Coast 3405 Inbound,Salisbury - Pewsey,price_band_2.2@ChildSingle,2.2
WDBC_2024_Inbound_ChildReturn_a9f4b9e2-e9ea-4456-80e3-47fe03b77367_639196386233421913.xml,WDBC,Go South Coast,Go South Coast 2024 Inbound,Castlepoint - Christchurch,price_band_3.1@ChildReturn,3.1
WDBC_2613_Inbound_AdultSingle_a9f4b9e2-e9ea-4456-80e3-47fe03b77367_639196387100752560.xml,WDBC,Go South Coast,Go South Coast 2613 Inbound,Broadstone - Brockenhurst College,price_band_4.4@AdultSingle,4.4
BLUS_4020_Outbound_AdultSingle_eed5e2e8-c472-41af-825e-db09ec887334_639196402320655880.xml,BLUS,Go South Coast,Go South Coast 4020 Outbound,Southampton - Townhill Park,price_band_1.0@AdultSingle,1.0
DAMY_6487_Inbound_ChildSingle_a9f4b9e2-e9ea-4456-80e3-47fe03b77367_639196407108213280.xml,DAMY,Go South Coast,Go South Coast 6487 Inbound,Blandford - Dorchester,price_band_2.1@ChildSingle,2.1
WDBC_1013_Outbound_ChildReturn_a9f4b9e2-e9ea-4456-80e3-47fe03b77367_639196371479454355.xml,WDBC,Go South Coast,Go South Coast 1013 Outbound,Bournemouth - Wimborne,price_band_2.8@ChildReturn,2.8
WDBC_1804_Outbound_AdultSingle_a9f4b9e2-e9ea-4456-80e3-47fe03b77367_639196379708780322.xml,WDBC,Go South Coast,Go South Coast 1804 Outbound,Bournemouth - Castlepoint,price_band_2.8@AdultSingle,2.8
WDBC_1114_Outbound_ChildSingle_a9f4b9e2-e9ea-4456-80e3-47fe03b77367_639196377897167239.xml,WDBC,Go South Coast,Go South Coast 1114 Outbound,Poole - RB Hospital,price_band_2.1@ChildSingle,2.1
WDBC_1821_Inbound_ChildReturn_a9f4b9e2-e9ea-4456-80e3-47fe03b77367_639196380870295753.xml,WDBC,Go South Coast,Go South Coast 1821 Inbound,Bournemouth - Burton,price_band_3.7@ChildReturn,3.7
WDBC_1789_Inbound_AdultReturn_a9f4b9e2-e9ea-4456-80e3-47fe03b77367_639196379289700065.xml,WDBC,Go South Coast,Go South Coast 1789 Inbound,Bournemouth School for Girls - Lymington,price_band_5.1@AdultReturn,5.1
TDTR_7016_Inbound_AdultSingle_a9f4b9e2-e9ea-4456-80e3-47fe03b77367_639196408219825563.xml,TDTR,Go South Coast,Go South Coast 7016 Inbound,Bus Station - Blunsdon,price_band_2.2@AdultSingle,2.2
SVCT_5257_Outbound_YoungAdSingle_a9f4b9e2-e9ea-4456-80e3-47fe03b77367_639196405573284789.xml,SVCT,Go South Coast,Go South Coast 5257 Outbound,Freshwater - Cowes,price_band_3.0@YoungAdSingle,3.0
BLUS_4028_Inbound_ChildReturn_a9f4b9e2-e9ea-4456-80e3-47fe03b77367_639196402561422010.xml,BLUS,Go South Coast,Go South Coast 4028 Inbound,Southampton - Southampton Science Park,price_band_2.6@ChildReturn,2.6
TDTR_3620_Outbound_YoungPersonSgl_a9f4b9e2-e9ea-4456-80e3-47fe03b77367_639196399623229188.xml,TDTR,Go South Coast,Go South Coast 3620 Outbound,Hungerford Priory  - St Johns Sch,price_band_1.0@YoungPersonSgl,1.0
SWWD_3507_Inbound_ChildReturn_a9f4b9e2-e9ea-4456-80e3-47fe03b77367_639196399040200329.xml,SWWD,Go South Coast,Go South Coast 3507 Inbound,City Centre - Lopcombe Corner,price_band_3.6@ChildReturn,3.6
WDBC_2002_Inbound_ChildReturn_a9f4b9e2-e9ea-4456-80e3-47fe03b77367_639196385115015873.xml,WDBC,Go South Coast,Go South Coast 2002 Inbound,Bournemouth - Lymington,price_band_4.0@ChildReturn,4.0
DAMY_6020_Inbound_ChildReturn_a9f4b9e2-e9ea-4456-80e3-47fe03b77367_639196406048919444.xml,DAMY,Go South Coast,Go South Coast 6020 Inbound,Salisbury - Blandford,price_band_4.3@ChildReturn,4.3
WDBC_6047_Outbound_ChildReturn_a9f4b9e2-e9ea-4456-80e3-47fe03b77367_639196406369321733.xml,WDBC,Go South Coast,Go South Coast 6047 Outbound,Ringwood Road - Parkstone Grammar School,price_band_3.4@ChildReturn,3.4
BLUS_4538_Inbound_AdultSingle_a9f4b9e2-e9ea-4456-80e3-47fe03b77367_639196403012487325.xml,BLUS,Go South Coast,Go South Coast 4538 Inbound,Rushington - Applemore College,price_band_2.5@AdultSingle,2.5
SWWD_3326_Inbound_AdultReturn_a9f4b9e2-e9ea-4456-80e3-47fe03b77367_639196395107086102.xml,SWWD,Go South Coast,Go South Coast 3326 Inbound,Salisbury - Hindon,price_band_4.2@AdultReturn,4.2
WDBC_2906_Inbound_ChildReturn_a9f4b9e2-e9ea-4456-80e3-47fe03b77367_639196387737928859.xml,WDBC,Go South Coast,Go South Coast 2906 Inbound,Poole - Ringwood,price_band_6.0@ChildReturn,6.0
BLUS_4005_Inbound_AdultReturn_a9f4b9e2-e9ea-4456-80e3-47fe03b77367_639196401194786333.xml,BLUS,Go South Coast,Go South Coast 4005 Inbound,Boyatt Wood - Romsey,price_band_4.5@AdultReturn,4.5
BLUS_4014_Outbound_ChildReturn_a9f4b9e2-e9ea-4456-80e3-47fe03b77367_639196401893599557.xml,BLUS,Go South Coast,Go South Coast 4014 Outbound,Southampton - Hedge End,price_band_2.6@ChildReturn,2.6
WDBC_1724_Outbound_ChildReturn_a9f4b9e2-e9ea-4456-80e3-47fe03b77367_639196379018642330.xml,WDBC,Go South Coast,Go South Coast 1724 Outbound,Bloxworth - Lytchett Minster School,price_band_2.4@ChildReturn,2.4
BLUS_4006_Inbound_ChildReturn_a9f4b9e2-e9ea-4456-80e3-47fe03b77367_639196401275750568.xml,BLUS,Go South Coast,Go South Coast 4006 Inbound,Southampton - Townhill Park,price_band_2.6@ChildReturn,2.6
WDBC_2953_Outbound_ChildReturn_a9f4b9e2-e9ea-4456-80e3-47fe03b77367_639196388918636375.xml,WDBC,Go South Coast,Go South Coast 2953 Outbound,Salisbury - Ringwood,price_band_5.6@ChildReturn,5.6
WDBC_1035_Outbound_ChildSingle_a9f4b9e2-e9ea-4456-80e3-47fe03b77367_639196374669803025.xml,WDBC,Go South Coast,Go South Coast 1035 Outbound,Swanage - Wareham,price_band_3.0@ChildSingle,3.0
SWWD_3166_Inbound_ChildReturn_a9f4b9e2-e9ea-4456-80e3-47fe03b77367_639196393606592112.xml,SWWD,Go South Coast,Go South Coast 3166 Inbound,South Wilts Grammar School - Idmiston,price_band_4.5@ChildReturn,4.5
WDBC_1641_Inbound_UniIDSingle_d46597a9-440e-4c13-b49a-76a3986683d1_639196378739425378.xml,WDBC,Go South Coast,Go South Coast 1641 Inbound,Dorchester House  - Talbot Campus,price_band_1.0@UniIDSingle,1.0
WDBC_2633_Inbound_AdultSingle_a9f4b9e2-e9ea-4456-80e3-47fe03b77367_639196387404256464.xml,WDBC,Go South Coast,Go South Coast 2633 Inbound,Wimborne - Brockenhurst College,price_band_4.5@AdultSingle,4.5
WDBC_1013_Outbound_AdultSingle_2f1f0c04-770d-4707-ab06-213c5a798ad7_639196371544618816.xml,WDBC,Go South Coast,Go South Coast 1013 Outbound,Bournemouth - Wimborne,price_band_1.0@AdultSingle,1.0
SWWD_3325_Outbound_ChildReturn_a9f4b9e2-e9ea-4456-80e3-47fe03b77367_639196394994539816.xml,SWWD,Go South Coast,Go South Coast 3325 Outbound,South Wilts Grammar School - Hindon,price_band_3.8@ChildReturn,3.8
BLUS_3634_Outbound_AdultReturn_a9f4b9e2-e9ea-4456-80e3-47fe03b77367_639196399687526061.xml,BLUS,Go South Coast,Go South Coast 3634 Outbound,East Wellow  - Romsey School,price_band_7.2@AdultReturn,7.2
WDBC_1846_Outbound_ChildReturn_a9f4b9e2-e9ea-4456-80e3-47fe03b77367_639196382444432278.xml,WDBC,Go South Coast,Go South Coast 1846 Outbound,Throop - Avonbourne Academy,price_band_5.0@ChildReturn,5.0
SWWD_3407_Outbound_ChildReturn_a9f4b9e2-e9ea-4456-80e3-47fe03b77367_639196397524240595.xml,SWWD,Go South Coast,Go South Coast 3407 Outbound,Salisbury - Southampton,price_band_4.9@ChildReturn,4.9
DAMY_3183_Outbound_AdultReturn_a9f4b9e2-e9ea-4456-80e3-47fe03b77367_639196393911267969.xml,DAMY,Go South Coast,Go South Coast 3183 Outbound,Blandford - Weymouth,price_band_4.2@AdultReturn,4.2
TDTR_7048_Inbound_ChildSingle_a9f4b9e2-e9ea-4456-80e3-47fe03b77367_639196408488570662.xml,TDTR,Go South Coast,Go South Coast 7048 Inbound,Swindon - Marlborough,price_band_1.4@ChildSingle,1.4
TDTR_7080_Inbound_AdultReturn_a9f4b9e2-e9ea-4456-80e3-47fe03b77367_639196408785451710.xml,TDTR,Go South Coast,Go South Coast 7080 Inbound,Swindon - Marlborough,price_band_4.7@AdultReturn,4.7
WDBC_1013_Inbound_AdultReturn_a9f4b9e2-e9ea-4456-80e3-47fe03b77367_639196371167533681.xml,WDBC,Go South Coast,Go South Coast 1013 Inbound,Bournemouth - Wimborne,price_band_4.5@AdultReturn,4.5
SWWD_3326_Outbound_ChildSingle_a9f4b9e2-e9ea-4456-80e3-47fe03b77367_639196395306226571.xml,SWWD,Go South Coast,Go South Coast 3326 Outbound,Salisbury - Hindon,price_band_1.9@ChildSingle,1.9
TDTR_7048_Inbound_AdultReturn_a9f4b9e2-e9ea-4456-80e3-47fe03b77367_639196408478077017.xml,TDTR,Go South Coast,Go South Coast 7048 Inbound,Swindon - Marlborough,price_band_5.0@AdultReturn,5.0
SWWD_3885_Outbound_AdultReturn_a9f4b9e2-e9ea-4456-80e3-47fe03b77367_639196400807148431.xml,SWWD,Go South Coast,Go South Coast 3885 Outbound,Whaddon - Burgate School,price_band_5.0@AdultReturn,5.0
SWWD_3763_Inbound_ChildReturn_a9f4b9e2-e9ea-4456-80e3-47fe03b77367_639196400489938277.xml,SWWD,Go South Coast,Go South Coast 3763 Inbound,Mount Pleasant Farm - Burgate School,price_band_4.9@ChildReturn,4.9
SWWD_3011_Inbound_ChildReturn_a9f4b9e2-e9ea-4456-80e3-47fe03b77367_639196391214639991.xml,SWWD,Go South Coast,Go South Coast 3011 Inbound,City Centre - Old Sarum,price_band_3.6@ChildReturn,3.6
SWWD_3883_Outbound_ChildReturn_a9f4b9e2-e9ea-4456-80e3-47fe03b77367_639196400706529365.xml,SWWD,Go South Coast,Go South Coast 3883 Outbound,Bishopdown Farm  - Burgate School,price_band_2.5@ChildReturn,2.5
WDBC_1415_Inbound_ChildReturn_a9f4b9e2-e9ea-4456-80e3-47fe03b77367_639196378698705223.xml,WDBC,Go South Coast,Go South Coast 1415 Inbound,Poole High - Canford Heath,price_band_3.7@ChildReturn,3.7
WDBC_1762_Outbound_ChildSingle_a9f4b9e2-e9ea-4456-80e3-47fe03b77367_639196379178723324.xml,WDBC,Go South Coast,Go South Coast 1762 Outbound,Merley - Corfe Hills,price_band_2.9@ChildSingle,2.9
DAMY_6905_Inbound_AdultReturn_a9f4b9e2-e9ea-4456-80e3-47fe03b77367_639196407683247362.xml,DAMY,Go South Coast,Go South Coast 6905 Inbound,Warmwell - Dorchester,price_band_4.2@AdultReturn,4.2
SWWD_3763_Inbound_ChildReturn_a9f4b9e2-e9ea-4456-80e3-47fe03b77367_639196400489938277.xml,SWWD,Go South Coast,Go South Coast 3763 Inbound,Mount Pleasant Farm - Burgate School,price_band_6.0@ChildReturn,6.0
WDBC_1069_Outbound_AdultSingle_2f1f0c04-770d-4707-ab06-213c5a798ad7_639196377132584489.xml,WDBC,Go South Coast,Go South Coast 1069 Outbound,Poole - Poole Anti-Clockwise,price_band_1.0@AdultSingle,1.0
WDBC_2002_Outbound_AdultSingle_2f1f0c04-770d-4707-ab06-213c5a798ad7_639196385539158703.xml,WDBC,Go South Coast,Go South Coast 2002 Outbound,Bournemouth - Lymington,price_band_1.0@AdultSingle,1.0
SWWD_3311_Inbound_ChildSingle_a9f4b9e2-e9ea-4456-80e3-47fe03b77367_639196394714401658.xml,SWWD,Go South Coast,Go South Coast 3311 Inbound,Coronation Road - Ditchampton,price_band_1.9@ChildSingle,1.9
WDBC_2003_Inbound_AdultReturn_a9f4b9e2-e9ea-4456-80e3-47fe03b77367_639196385669687617.xml,WDBC,Go South Coast,Go South Coast 2003 Inbound,Salisbury - Bournemouth,price_band_6.0@AdultReturn,6.0
SVCT_5127_Inbound_ChildSingle_a9f4b9e2-e9ea-4456-80e3-47fe03b77367_639196405373626247.xml,SVCT,Go South Coast,Go South Coast 5127 Inbound,Yarmouth - Newport,price_band_3.0@ChildSingle,3.0
SWWD_3511_Inbound_ChildSingle_a9f4b9e2-e9ea-4456-80e3-47fe03b77367_639196399103836265.xml,SWWD,Go South Coast,Go South Coast 3511 Inbound,Blue Boar Row - Old Sarum,price_band_1.9@ChildSingle,1.9
WDBC_1017_Inbound_AdultReturn_a9f4b9e2-e9ea-4456-80e3-47fe03b77367_639196372577167753.xml,WDBC,Go South Coast,Go South Coast 1017 Inbound,Poole - Bournemouth,price_band_4.2@AdultReturn,4.2
SWWD_3407_Outbound_AdultSingle_eed5e2e8-c472-41af-825e-db09ec887334_639196397700142334.xml,SWWD,Go South Coast,Go South Coast 3407 Outbound,Salisbury - Southampton,price_band_3.0@AdultSingle,3.0
BLUS_3634_Inbound_AdultReturn_a9f4b9e2-e9ea-4456-80e3-47fe03b77367_639196399657109726.xml,BLUS,Go South Coast,Go South Coast 3634 Inbound,East Wellow  - Romsey School,price_band_7.2@AdultReturn,7.2
BLUS_3634_Inbound_ChildSingle_a9f4b9e2-e9ea-4456-80e3-47fe03b77367_639196399662541611.xml,BLUS,Go South Coast,Go South Coast 3634 Inbound,East Wellow  - Romsey School,price_band_4.5@ChildSingle,4.5
BLUS_4001_Inbound_AdultSingle_a9f4b9e2-e9ea-4456-80e3-47fe03b77367_639196400939965268.xml,BLUS,Go South Coast,Go South Coast 4001 Inbound,Southampton - Winchester,price_band_2.5@AdultSingle,2.5
BLUS_4006_Inbound_ChildSingle_a9f4b9e2-e9ea-4456-80e3-47fe03b77367_639196401272354729.xml,BLUS,Go South Coast,Go South Coast 4006 Inbound,Southampton - Townhill Park,price_band_2.1@ChildSingle,2.1
WDBC_2956_Outbound_AdultReturn_a9f4b9e2-e9ea-4456-80e3-47fe03b77367_639196389767600797.xml,WDBC,Go South Coast,Go South Coast 2956 Outbound,Ringwood - Bournemouth,price_band_6.0@AdultReturn,6.0
WDBC_2618_Inbound_AdultReturn_a9f4b9e2-e9ea-4456-80e3-47fe03b77367_639196387209198526.xml,WDBC,Go South Coast,Go South Coast 2618 Inbound,Cooper Dean - Brockenhurst College,price_band_4.5@AdultReturn,4.5
WDBC_1833_Outbound_ChildSingle_a9f4b9e2-e9ea-4456-80e3-47fe03b77367_639196381693130299.xml,WDBC,Go South Coast,Go South Coast 1833 Outbound,Alum Chine - Castlepoint,price_band_2.2@ChildSingle,2.2
TDTR_7146_Outbound_YoungPersonSgl_a9f4b9e2-e9ea-4456-80e3-47fe03b77367_639196409108555110.xml,TDTR,Go South Coast,Go South Coast 7146 Outbound,Swindon - Hungerford,price_band_2.4@YoungPersonSgl,2.4
WDBC_2633_Inbound_AdultReturn_a9f4b9e2-e9ea-4456-80e3-47fe03b77367_639196387391976789.xml,WDBC,Go South Coast,Go South Coast 2633 Inbound,Wimborne - Brockenhurst College,price_band_8.7@AdultReturn,8.7
SWWD_3677_Inbound_AdultReturn_a9f4b9e2-e9ea-4456-80e3-47fe03b77367_639196400139571143.xml,SWWD,Go South Coast,Go South Coast 3677 Inbound,Stratford Road Grammar School - West Wellow,price_band_4.2@AdultReturn,4.2
SWWD_3307_Outbound_ChildReturn_a9f4b9e2-e9ea-4456-80e3-47fe03b77367_639196394581532415.xml,SWWD,Go South Coast,Go South Coast 3307 Outbound,City Centre - Bishopdown Farm,price_band_3.6@ChildReturn,3.6
WDBC_2762_Outbound_ChildReturn_a9f4b9e2-e9ea-4456-80e3-47fe03b77367_639196387479626175.xml,WDBC,Go South Coast,Go South Coast 2762 Outbound,Keyhaven Road  - Priestlands School,price_band_4.6@ChildReturn,4.6
SWWD_3519_Outbound_AdultReturn_a9f4b9e2-e9ea-4456-80e3-47fe03b77367_639196399445824791.xml,SWWD,Go South Coast,Go South Coast 3519 Outbound,Milford Street - New Canal,price_band_4.5@AdultReturn,4.5
SVCT_5001_Outbound_YoungAdSingle_a9f4b9e2-e9ea-4456-80e3-47fe03b77367_639196403599692597.xml,SVCT,Go South Coast,Go South Coast 5001 Outbound,Newport - Cowes,price_band_1.9@YoungAdSingle,1.9
WDBC_6415_Outbound_AdultSingle_a9f4b9e2-e9ea-4456-80e3-47fe03b77367_639196406551733639.xml,WDBC,Go South Coast,Go South Coast 6415 Outbound,St Anns Hospital - Poole Grammar School,price_band_2.0@AdultSingle,2.0
SWWD_3404_Outbound_AdultReturn_a9f4b9e2-e9ea-4456-80e3-47fe03b77367_639196396309504942.xml,SWWD,Go South Coast,Go South Coast 3404 Outbound,Salisbury - Larkhill,price_band_4.2@AdultReturn,4.2
WDBC_1644_Outbound_AdultReturn_a9f4b9e2-e9ea-4456-80e3-47fe03b77367_639196378958952884.xml,WDBC,Go South Coast,Go South Coast 1644 Outbound,Westbourne - Talbot Campus,price_band_4.2@AdultReturn,4.2
BLUS_2627_Inbound_AdultSingle_a9f4b9e2-e9ea-4456-80e3-47fe03b77367_639196387371146569.xml,BLUS,Go South Coast,Go South Coast 2627 Inbound,Totton - Marchwood,price_band_2.5@AdultSingle,2.5
WDBC_1020_Outbound_AdultSingle_a9f4b9e2-e9ea-4456-80e3-47fe03b77367_639196373819711913.xml,WDBC,Go South Coast,Go South Coast 1020 Outbound,Poole - Christchurch,price_band_2.3@AdultSingle,2.3
UNIL_4721_Outbound_AdultSingle_eed5e2e8-c472-41af-825e-db09ec887334_639196403300666017.xml,UNIL,Go South Coast,Go South Coast 4721 Outbound,NOCS - Eastleigh,price_band_1.0@AdultSingle,1.0
SWWD_3325_Outbound_ChildReturn_a9f4b9e2-e9ea-4456-80e3-47fe03b77367_639196394994539816.xml,SWWD,Go South Coast,Go South Coast 3325 Outbound,South Wilts Grammar School - Hindon,price_band_4.5@ChildReturn,4.5
WDBC_1837_Outbound_ChildSingle_a9f4b9e2-e9ea-4456-80e3-47fe03b77367_639196381935312133.xml,WDBC,Go South Coast,Go South Coast 1837 Outbound,Bournemouth - Bournemouth International Airport,price_band_1.9@ChildSingle,1.9
WDBC_1811_Inbound_ChildSingle_a9f4b9e2-e9ea-4456-80e3-47fe03b77367_639196380022763608.xml,WDBC,Go South Coast,Go South Coast 1811 Inbound,Bournemouth - Somerford,price_band_2.8@ChildSingle,2.8
SVCT_5024_Outbound_AdultSingle_a9f4b9e2-e9ea-4456-80e3-47fe03b77367_639196404307030436.xml,SVCT,Go South Coast,Go South Coast 5024 Outbound,Shanklin - Community Route 24,price_band_3.0@AdultSingle,3.0
UNIL_4719_Inbound_AdultSingle_f15d1b06-486f-433a-8991-95f1a97a87e0_639196403266597114.xml,UNIL,Go South Coast,Go South Coast 4719 Inbound,General Hospital - Townhill Park,price_band_1.0@AdultSingle,1.0
WDBC_1836_Outbound_AdultReturn_a9f4b9e2-e9ea-4456-80e3-47fe03b77367_639196381809134692.xml,WDBC,Go South Coast,Go South Coast 1836 Outbound,Talbot View - Kinson,price_band_4.2@AdultReturn,4.2
WDBC_1054_Inbound_ChildSingle_2f1f0c04-770d-4707-ab06-213c5a798ad7_639196376576496022.xml,WDBC,Go South Coast,Go South Coast 1054 Inbound,Poole - Wimborne,price_band_3.0@ChildSingle,3.0
WDBC_1003_Inbound_ChildSingle_a9f4b9e2-e9ea-4456-80e3-47fe03b77367_639196370385475012.xml,WDBC,Go South Coast,Go South Coast 1003 Inbound,Poole - Wimborne,price_band_2.3@ChildSingle,2.3
WDBC_1804_Inbound_ChildSingle_a9f4b9e2-e9ea-4456-80e3-47fe03b77367_639196379669897960.xml,WDBC,Go South Coast,Go South Coast 1804 Inbound,Bournemouth - Castlepoint,price_band_2.5@ChildSingle,2.5
TDTR_7180_Outbound_AdultSingle_a9f4b9e2-e9ea-4456-80e3-47fe03b77367_639196409531579251.xml,TDTR,Go South Coast,Go South Coast 7180 Outbound,Marlborough - Ludgershall,price_band_2.9@AdultSingle,2.9
WDBC_1069_Outbound_ChildReturn_a9f4b9e2-e9ea-4456-80e3-47fe03b77367_639196377114762445.xml,WDBC,Go South Coast,Go South Coast 1069 Outbound,Poole - Poole Anti-Clockwise,price_band_2.8@ChildReturn,2.8
SWWD_3684_Outbound_ChildReturn_a9f4b9e2-e9ea-4456-80e3-47fe03b77367_639196400296909605.xml,SWWD,Go South Coast,Go South Coast 3684 Outbound,Coombe Bissett - Burgate,price_band_4.2@ChildReturn,4.2
TDTR_3820_Inbound_ChildReturn_a9f4b9e2-e9ea-4456-80e3-47fe03b77367_639196400547070977.xml,TDTR,Go South Coast,Go South Coast 3820 Inbound,Marlborough - Newbury,price_band_2.3@ChildReturn,2.3
SVCT_5027_Outbound_YoungAdSingle_a9f4b9e2-e9ea-4456-80e3-47fe03b77367_639196404360876628.xml,SVCT,Go South Coast,Go South Coast 5027 Outbound,Newport  - Yarmouth,price_band_3.0@YoungAdSingle,3.0
WDBC_1646_Outbound_UniIDSingle_2f1f0c04-770d-4707-ab06-213c5a798ad7_639196378997294713.xml,WDBC,Go South Coast,Go South Coast 1646 Outbound,Dorchester House  - Talbot Campus,price_band_1.0@UniIDSingle,1.0
WDBC_6047_Outbound_AdultSingle_a9f4b9e2-e9ea-4456-80e3-47fe03b77367_639196406345406834.xml,WDBC,Go South Coast,Go South Coast 6047 Outbound,Ringwood Road - Parkstone Grammar School,price_band_3.2@AdultSingle,3.2
BLUS_4901_Inbound_AdultSingle_a9f4b9e2-e9ea-4456-80e3-47fe03b77367_639196403565904991.xml,BLUS,Go South Coast,Go South Coast 4901 Inbound,Southampton - Winchester,price_band_3.0@AdultSingle,3.0
WDBC_1013_Outbound_ChildSingle_a9f4b9e2-e9ea-4456-80e3-47fe03b77367_639196371513119631.xml,WDBC,Go South Coast,Go South Coast 1013 Outbound,Bournemouth - Wimborne,price_band_2.1@ChildSingle,2.1
SWWD_3515_Outbound_ChildSingle_a9f4b9e2-e9ea-4456-80e3-47fe03b77367_639196399301187505.xml,SWWD,Go South Coast,Go South Coast 3515 Outbound,City Centre - Petersfinger Park & Ride,price_band_1.9@ChildSingle,1.9
SWWD_2615_Outbound_AdultReturn_a9f4b9e2-e9ea-4456-80e3-47fe03b77367_639196387171351940.xml,SWWD,Go South Coast,Go South Coast 2615 Outbound,Salisbury  - Brockenhurst College,price_band_3.6@AdultReturn,3.6
SWWD_3726_Inbound_ChildReturn_a9f4b9e2-e9ea-4456-80e3-47fe03b77367_639196400360478429.xml,SWWD,Go South Coast,Go South Coast 3726 Inbound,Salisbury - East Knoyle,price_band_3.8@ChildReturn,3.8
WDBC_1038_Outbound_ChildReturn_a9f4b9e2-e9ea-4456-80e3-47fe03b77367_639196374712380593.xml,WDBC,Go South Coast,Go South Coast 1038 Outbound,Ferndown - Ringwood,price_band_4.6@ChildReturn,4.6
WDBC_6449_Outbound_ChildSingle_a9f4b9e2-e9ea-4456-80e3-47fe03b77367_639196406959656211.xml,WDBC,Go South Coast,Go South Coast 6449 Outbound,St Osmunds - Parkstone Grammar,price_band_3.4@ChildSingle,3.4
WDBC_1831_Outbound_AdultReturn_a9f4b9e2-e9ea-4456-80e3-47fe03b77367_639196381399406217.xml,WDBC,Go South Coast,Go South Coast 1831 Outbound,Bournemouth - Hunt Road and Somerford,price_band_4.5@AdultReturn,4.5
TDTR_7080_Outbound_YoungPersonSgl_a9f4b9e2-e9ea-4456-80e3-47fe03b77367_639196408849535299.xml,TDTR,Go South Coast,Go South Coast 7080 Outbound,Swindon - Marlborough,price_band_2.7@YoungPersonSgl,2.7
BLUS_4026_Outbound_AdultReturn_a9f4b9e2-e9ea-4456-80e3-47fe03b77367_639196402527304262.xml,BLUS,Go South Coast,Go South Coast 4026 Outbound,Southampton - Whiteley,price_band_5.7@AdultReturn,5.7
WDBC_1755_Inbound_AdultReturn_a9f4b9e2-e9ea-4456-80e3-47fe03b77367_639196379118491872.xml,WDBC,Go South Coast,Go South Coast 1755 Inbound,Bournemouth Station - Bournemouth School for Girls,price_band_3.8@AdultReturn,3.8
TDTR_7042_Inbound_ChildSingle_a9f4b9e2-e9ea-4456-80e3-47fe03b77367_639196408272961852.xml,TDTR,Go South Coast,Go South Coast 7042 Inbound,Calne - St John's School,price_band_1.5@ChildSingle,1.5
BLUS_4011_Inbound_AdultReturn_a9f4b9e2-e9ea-4456-80e3-47fe03b77367_639196401692700311.xml,BLUS,Go South Coast,Go South Coast 4011 Inbound,Southampton - West Totton,price_band_6.0@AdultReturn,6.0
SWWD_3515_Outbound_ChildReturn_a9f4b9e2-e9ea-4456-80e3-47fe03b77367_639196399305020787.xml,SWWD,Go South Coast,Go South Coast 3515 Outbound,City Centre - Petersfinger Park & Ride,price_band_2.5@ChildReturn,2.5
WDBC_1013_Inbound_AdultSingle_d46597a9-440e-4c13-b49a-76a3986683d1_639196371327948124.xml,WDBC,Go South Coast,Go South Coast 1013 Inbound,Bournemouth - Wimborne,price_band_2.3@AdultSingle,2.3
WDBC_1789_Inbound_ChildSingle_a9f4b9e2-e9ea-4456-80e3-47fe03b77367_639196379342289488.xml,WDBC,Go South Coast,Go South Coast 1789 Inbound,Bournemouth School for Girls - Lymington,price_band_2.9@ChildSingle,2.9
TDTR_7040_Inbound_ChildSingle_a9f4b9e2-e9ea-4456-80e3-47fe03b77367_639196408257059263.xml,TDTR,Go South Coast,Go South Coast 7040 Inbound,Calne - Calne Tesco,price_band_0.7@ChildSingle,0.7
SWWD_3404_Outbound_ChildSingle_a9f4b9e2-e9ea-4456-80e3-47fe03b77367_639196396341061238.xml,SWWD,Go South Coast,Go South Coast 3404 Outbound,Salisbury - Larkhill,price_band_2.1@ChildSingle,2.1
SVCT_5005_Outbound_ChildSingle_a9f4b9e2-e9ea-4456-80e3-47fe03b77367_639196403906328957.xml,SVCT,Go South Coast,Go South Coast 5005 Outbound,Newport  - East Cowes,price_band_2.4@ChildSingle,2.4
WDBC_1114_Inbound_AdultReturn_a9f4b9e2-e9ea-4456-80e3-47fe03b77367_639196377624699606.xml,WDBC,Go South Coast,Go South Coast 1114 Inbound,Poole - RB Hospital,price_band_4.7@AdultReturn,4.7
SVCT_5102_Inbound_ChildSingle_a9f4b9e2-e9ea-4456-80e3-47fe03b77367_639196404761049576.xml,SVCT,Go South Coast,Go South Coast 5102 Inbound,Ryde  - Newport,price_band_1.8@ChildSingle,1.8
BLUS_4016_Inbound_ChildSingle_f15d1b06-486f-433a-8991-95f1a97a87e0_639196401992615861.xml,BLUS,Go South Coast,Go South Coast 4016 Inbound,Southampton - Townhill Park,price_band_1.0@ChildSingle,1.0
WDBC_1114_Outbound_ChildSingle_a9f4b9e2-e9ea-4456-80e3-47fe03b77367_639196377897167239.xml,WDBC,Go South Coast,Go South Coast 1114 Outbound,Poole - RB Hospital,price_band_2.5@ChildSingle,2.5
SWWD_3645_Outbound_ChildSingle_a9f4b9e2-e9ea-4456-80e3-47fe03b77367_639196399890761097.xml,SWWD,Go South Coast,Go South Coast 3645 Outbound,Stratford Road Grammar School - Hamptworth Cuckoo,price_band_2.9@ChildSingle,2.9
WDBC_1040_Outbound_ChildReturn_a9f4b9e2-e9ea-4456-80e3-47fe03b77367_639196375231293356.xml,WDBC,Go South Coast,Go South Coast 1040 Outbound,Swanage - Poole,price_band_6.0@ChildReturn,6.0
WDBC_1050_Inbound_ChildSingle_a9f4b9e2-e9ea-4456-80e3-47fe03b77367_639196375531808668.xml,WDBC,Go South Coast,Go South Coast 1050 Inbound,Bournemouth Station - Swanage,price_band_3.0@ChildSingle,3.0
TDTR_7146_Outbound_ChildReturn_a9f4b9e2-e9ea-4456-80e3-47fe03b77367_639196409098340196.xml,TDTR,Go South Coast,Go South Coast 7146 Outbound,Swindon - Hungerford,price_band_2.6@ChildReturn,2.6
SWWD_3885_Outbound_ChildReturn_a9f4b9e2-e9ea-4456-80e3-47fe03b77367_639196400840543507.xml,SWWD,Go South Coast,Go South Coast 3885 Outbound,Whaddon - Burgate School,price_band_3.7@ChildReturn,3.7
SWWD_3407_Inbound_AdultSingle_eed5e2e8-c472-41af-825e-db09ec887334_639196397239891264.xml,SWWD,Go South Coast,Go South Coast 3407 Inbound,Salisbury - Southampton,price_band_3.0@AdultSingle,3.0
TDTR_7016_Outbound_AdultSingle_a9f4b9e2-e9ea-4456-80e3-47fe03b77367_639196408230952096.xml,TDTR,Go South Coast,Go South Coast 7016 Outbound,Bus Station - Blunsdon,price_band_3.0@AdultSingle,3.0
BLUS_3635_Outbound_AdultReturn_a9f4b9e2-e9ea-4456-80e3-47fe03b77367_639196399731120557.xml,BLUS,Go South Coast,Go South Coast 3635 Outbound,Romsey - Ampfield,price_band_4.4@AdultReturn,4.4
SWWD_3684_Outbound_AdultReturn_a9f4b9e2-e9ea-4456-80e3-47fe03b77367_639196400285449956.xml,SWWD,Go South Coast,Go South Coast 3684 Outbound,Coombe Bissett - Burgate,price_band_4.8@AdultReturn,4.8
WDBC_1806_Inbound_ChildSingle_d46597a9-440e-4c13-b49a-76a3986683d1_639196379924894842.xml,WDBC,Go South Coast,Go South Coast 1806 Inbound,Bournemouth - Wimborne,price_band_1.0@ChildSingle,1.0
SWWD_3675_Inbound_AdultReturn_a9f4b9e2-e9ea-4456-80e3-47fe03b77367_639196400099596482.xml,SWWD,Go South Coast,Go South Coast 3675 Inbound,Castle Road - Amesbury,price_band_6.2@AdultReturn,6.2
WDBC_1762_Inbound_AdultSingle_a9f4b9e2-e9ea-4456-80e3-47fe03b77367_639196379152000511.xml,WDBC,Go South Coast,Go South Coast 1762 Inbound,Merley - Corfe Hills,price_band_2.9@AdultSingle,2.9
DAMY_6920_Outbound_AdultReturn_a9f4b9e2-e9ea-4456-80e3-47fe03b77367_639196407793510247.xml,DAMY,Go South Coast,Go South Coast 6920 Outbound,Salisbury - Steam Fair,price_band_4.3@AdultReturn,4.3
WDBC_1040_Inbound_ChildSingle_a9f4b9e2-e9ea-4456-80e3-47fe03b77367_639196374932031488.xml,WDBC,Go South Coast,Go South Coast 1040 Inbound,Swanage - Poole,price_band_3.0@ChildSingle,3.0
WDBC_2002_Inbound_ChildSingle_a9f4b9e2-e9ea-4456-80e3-47fe03b77367_639196385089390985.xml,WDBC,Go South Coast,Go South Coast 2002 Inbound,Bournemouth - Lymington,price_band_2.3@ChildSingle,2.3
TDTR_7180_Inbound_YoungPersonRtn_a9f4b9e2-e9ea-4456-80e3-47fe03b77367_639196409480175907.xml,TDTR,Go South Coast,Go South Coast 7180 Inbound,Marlborough - Ludgershall,price_band_2.4@YoungPersonRtn,2.4
WDBC_1021_Inbound_ChildReturn_a9f4b9e2-e9ea-4456-80e3-47fe03b77367_639196374080460327.xml,WDBC,Go South Coast,Go South Coast 1021 Inbound,Bournemouth - High Howe,price_band_3.4@ChildReturn,3.4
UNIL_4711_Inbound_ChildSingle_a9f4b9e2-e9ea-4456-80e3-47fe03b77367_639196403179257673.xml,UNIL,Go South Coast,Go South Coast 4711 Inbound,Eastleigh - NOCS,price_band_2.0@ChildSingle,2.0
WDBC_1804_Inbound_AdultReturn_a9f4b9e2-e9ea-4456-80e3-47fe03b77367_639196379664428327.xml,WDBC,Go South Coast,Go South Coast 1804 Inbound,Bournemouth - Castlepoint,price_band_4.5@AdultReturn,4.5
SWWD_3509_Outbound_AdultReturn_a9f4b9e2-e9ea-4456-80e3-47fe03b77367_639196399082909561.xml,SWWD,Go South Coast,Go South Coast 3509 Outbound,Milford Street - New Canal,price_band_3.5@AdultReturn,3.5
TDTR_7017_Inbound_YoungPersonSgl_a9f4b9e2-e9ea-4456-80e3-47fe03b77367_639196408243397924.xml,TDTR,Go South Coast,Go South Coast 7017 Inbound,Penhill - Park South,price_band_2.5@YoungPersonSgl,2.5
DAMY_6487_Inbound_ChildSingle_a9f4b9e2-e9ea-4456-80e3-47fe03b77367_639196407108213280.xml,DAMY,Go South Coast,Go South Coast 6487 Inbound,Blandford - Dorchester,price_band_2.7@ChildSingle,2.7
WDBC_6418_Inbound_ChildReturn_a9f4b9e2-e9ea-4456-80e3-47fe03b77367_639196406697275955.xml,WDBC,Go South Coast,Go South Coast 6418 Inbound,Sandbanks Ferry - Poole Grammar School,price_band_2.1@ChildReturn,2.1
WDBC_6415_Inbound_AdultSingle_a9f4b9e2-e9ea-4456-80e3-47fe03b77367_639196406488668465.xml,WDBC,Go South Coast,Go South Coast 6415 Inbound,St Anns Hospital - Poole Grammar School,price_band_3.5@AdultSingle,3.5
SWWD_3102_Outbound_ChildSingle_a9f4b9e2-e9ea-4456-80e3-47fe03b77367_639196392204977181.xml,SWWD,Go South Coast,Go South Coast 3102 Outbound,Salisbury - Devizes,price_band_2.5@ChildSingle,2.5
SWWD_3677_Outbound_AdultReturn_a9f4b9e2-e9ea-4456-80e3-47fe03b77367_639196400212676734.xml,SWWD,Go South Coast,Go South Coast 3677 Outbound,Stratford Road Grammar School - West Wellow,price_band_4.9@AdultReturn,4.9
WDBC_6123_Outbound_ChildSingle_a9f4b9e2-e9ea-4456-80e3-47fe03b77367_639196406378651058.xml,WDBC,Go South Coast,Go South Coast 6123 Outbound,Bere Regis - Lytchett Minster School,price_band_3.2@ChildSingle,3.2
BLUS_4004_Inbound_ChildSingle_eed5e2e8-c472-41af-825e-db09ec887334_639196401149089364.xml,BLUS,Go South Coast,Go South Coast 4004 Inbound,Southampton - Romsey,price_band_1.0@ChildSingle,1.0
SWWD_2615_Outbound_AdultSingle_a9f4b9e2-e9ea-4456-80e3-47fe03b77367_639196387187302723.xml,SWWD,Go South Coast,Go South Coast 2615 Outbound,Salisbury  - Brockenhurst College,price_band_6.0@AdultSingle,6.0
WDBC_2620_Outbound_AdultSingle_a9f4b9e2-e9ea-4456-80e3-47fe03b77367_639196387323310170.xml,WDBC,Go South Coast,Go South Coast 2620 Outbound,Thorney Hill - Brockenhurst College,price_band_5.2@AdultSingle,5.2
WDBC_2003_Outbound_ChildReturn_a9f4b9e2-e9ea-4456-80e3-47fe03b77367_639196386007497361.xml,WDBC,Go South Coast,Go South Coast 2003 Outbound,Salisbury - Bournemouth,price_band_6.0@ChildReturn,6.0
DAMY_6920_Outbound_ChildSingle_a9f4b9e2-e9ea-4456-80e3-47fe03b77367_639196407806502366.xml,DAMY,Go South Coast,Go South Coast 6920 Outbound,Salisbury - Steam Fair,price_band_2.1@ChildSingle,2.1
WDBC_1883_Outbound_ChildReturn_a9f4b9e2-e9ea-4456-80e3-47fe03b77367_639196382558488224.xml,WDBC,Go South Coast,Go South Coast 1883 Outbound,Alum Chine - Castlepoint,price_band_3.4@ChildReturn,3.4
BLUS_4008_Outbound_ChildSingle_a9f4b9e2-e9ea-4456-80e3-47fe03b77367_639196401491526480.xml,BLUS,Go South Coast,Go South Coast 4008 Outbound,Southampton - Hythe,price_band_2.5@ChildSingle,2.5
SWWD_3900_Outbound_AdultSingle_a9f4b9e2-e9ea-4456-80e3-47fe03b77367_639196400910317403.xml,SWWD,Go South Coast,Go South Coast 3900 Outbound,Devizes - Marlborough,price_band_2.0@AdultSingle,2.0
DAMY_6180_Inbound_AdultSingle_a9f4b9e2-e9ea-4456-80e3-47fe03b77367_639196406383930677.xml,DAMY,Go South Coast,Go South Coast 6180 Inbound,Centre Blandford - Steam Fair Site,price_band_3.0@AdultSingle,3.0
WDBC_1040_Inbound_ChildSingle_a9f4b9e2-e9ea-4456-80e3-47fe03b77367_639196374932031488.xml,WDBC,Go South Coast,Go South Coast 1040 Inbound,Swanage - Poole,price_band_1.9@ChildSingle,1.9
WDBC_1806_Outbound_AdultReturn_a9f4b9e2-e9ea-4456-80e3-47fe03b77367_639196379944928892.xml,WDBC,Go South Coast,Go South Coast 1806 Outbound,Bournemouth - Wimborne,price_band_4.5@AdultReturn,4.5
WDBC_2003_Inbound_AdultSingle_2f1f0c04-770d-4707-ab06-213c5a798ad7_639196385830221040.xml,WDBC,Go South Coast,Go South Coast 2003 Inbound,Salisbury - Bournemouth,price_band_1.0@AdultSingle,1.0
TDTR_3620_Inbound_AdultReturn_a9f4b9e2-e9ea-4456-80e3-47fe03b77367_639196399600774663.xml,TDTR,Go South Coast,Go South Coast 3620 Inbound,Hungerford Priory  - St Johns Sch,price_band_4.0@AdultReturn,4.0
WDBC_1903_Inbound_ChildReturn_a9f4b9e2-e9ea-4456-80e3-47fe03b77367_639196383139273932.xml,WDBC,Go South Coast,Go South Coast 1903 Inbound,Poole - Wimborne,price_band_2.8@ChildReturn,2.8
SWWD_3451_Outbound_AdultReturn_a9f4b9e2-e9ea-4456-80e3-47fe03b77367_639196397896872194.xml,SWWD,Go South Coast,Go South Coast 3451 Outbound,Salisbury - Sling - Larkhill,price_band_4.2@AdultReturn,4.2
WDBC_1837_Inbound_ChildReturn_a9f4b9e2-e9ea-4456-80e3-47fe03b77367_639196381865931691.xml,WDBC,Go South Coast,Go South Coast 1837 Inbound,Bournemouth - Bournemouth International Airport,price_band_3.7@ChildReturn,3.7
TDTR_7540_Outbound_AdultSingle_a9f4b9e2-e9ea-4456-80e3-47fe03b77367_639196409976019286.xml,TDTR,Go South Coast,Go South Coast 7540 Outbound,Lydiard Millicent - Cirencester College,price_band_5.2@AdultSingle,5.2
BLUS_4424_Inbound_AdultReturn_a9f4b9e2-e9ea-4456-80e3-47fe03b77367_639196402875610947.xml,BLUS,Go South Coast,Go South Coast 4424 Inbound,Eastleigh - Hedge End,price_band_5.7@AdultReturn,5.7
BLUS_4005_Inbound_ChildSingle_eed5e2e8-c472-41af-825e-db09ec887334_639196401226634558.xml,BLUS,Go South Coast,Go South Coast 4005 Inbound,Boyatt Wood - Romsey,price_band_1.0@ChildSingle,1.0
WDBC_1642_Outbound_AdultSingle_d46597a9-440e-4c13-b49a-76a3986683d1_639196378853305234.xml,WDBC,Go South Coast,Go South Coast 1642 Outbound,Poole  - Talbot Campus,price_band_1.0@AdultSingle,1.0
WDBC_2219_Inbound_ChildReturn_a9f4b9e2-e9ea-4456-80e3-47fe03b77367_639196386912029581.xml,WDBC,Go South Coast,Go South Coast 2219 Inbound,Lymington  - New Milton,price_band_5.0@ChildReturn,5.0
WDBC_6418_Inbound_ChildReturn_a9f4b9e2-e9ea-4456-80e3-47fe03b77367_639196406697275955.xml,WDBC,Go South Coast,Go South Coast 6418 Inbound,Sandbanks Ferry - Poole Grammar School,price_band_3.7@ChildReturn,3.7
WDBC_2120_Outbound_ChildReturn_a9f4b9e2-e9ea-4456-80e3-47fe03b77367_639196386411266459.xml,WDBC,Go South Coast,Go South Coast 2120 Outbound,New Milton Tesco - Lymington,price_band_3.8@ChildReturn,3.8
SVCT_5102_Inbound_AdultSingle_a9f4b9e2-e9ea-4456-80e3-47fe03b77367_639196404735633790.xml,SVCT,Go South Coast,Go South Coast 5102 Inbound,Ryde  - Newport,price_band_3.0@AdultSingle,3.0
SWWD_3407_Inbound_ChildSingle_f15d1b06-486f-433a-8991-95f1a97a87e0_639196397266649239.xml,SWWD,Go South Coast,Go South Coast 3407 Inbound,Salisbury - Southampton,price_band_2.5@ChildSingle,2.5
WDBC_1003_Inbound_AdultSingle_2f1f0c04-770d-4707-ab06-213c5a798ad7_639196370393706166.xml,WDBC,Go South Coast,Go South Coast 1003 Inbound,Poole - Wimborne,price_band_2.3@AdultSingle,2.3
WDBC_1013_Inbound_ChildSingle_d46597a9-440e-4c13-b49a-76a3986683d1_639196371388291411.xml,WDBC,Go South Coast,Go South Coast 1013 Inbound,Bournemouth - Wimborne,price_band_3.0@ChildSingle,3.0
BLUS_4026_Outbound_AdultSingle_a9f4b9e2-e9ea-4456-80e3-47fe03b77367_639196402515754293.xml,BLUS,Go South Coast,Go South Coast 4026 Outbound,Southampton - Whiteley,price_band_2.6@AdultSingle,2.6
TDTR_7259_Outbound_AdultSingle_a9f4b9e2-e9ea-4456-80e3-47fe03b77367_639196409742510363.xml,TDTR,Go South Coast,Go South Coast 7259 Outbound,Town Centre - Ridgeway School,price_band_3.1@AdultSingle,3.1
WDBC_2003_Inbound_ChildSingle_d46597a9-440e-4c13-b49a-76a3986683d1_639196385907911848.xml,WDBC,Go South Coast,Go South Coast 2003 Inbound,Salisbury - Bournemouth,price_band_3.0@ChildSingle,3.0
BLUS_4014_Inbound_AdultSingle_a9f4b9e2-e9ea-4456-80e3-47fe03b77367_639196401848217942.xml,BLUS,Go South Coast,Go South Coast 4014 Inbound,Southampton - Hedge End,price_band_2.6@AdultSingle,2.6
SWWD_3311_Inbound_ChildSingle_a9f4b9e2-e9ea-4456-80e3-47fe03b77367_639196394714401658.xml,SWWD,Go South Coast,Go South Coast 3311 Inbound,Coronation Road - Ditchampton,price_band_2.3@ChildSingle,2.3
WDBC_6450_Outbound_AdultSingle_a9f4b9e2-e9ea-4456-80e3-47fe03b77367_639196407025116246.xml,WDBC,Go South Coast,Go South Coast 6450 Outbound,Wallisdown - Parkstone Grammar,price_band_2.2@AdultSingle,2.2
SWWD_3451_Outbound_AdultSingle_a9f4b9e2-e9ea-4456-80e3-47fe03b77367_639196397884503525.xml,SWWD,Go South Coast,Go South Coast 3451 Outbound,Salisbury - Sling - Larkhill,price_band_3.0@AdultSingle,3.0
WDBC_1053_Outbound_AdultSingle_2f1f0c04-770d-4707-ab06-213c5a798ad7_639196376366142529.xml,WDBC,Go South Coast,Go South Coast 1053 Outbound,Bournemouth - Wimborne,price_band_1.0@AdultSingle,1.0
BLUS_4008_Inbound_AdultSingle_a9f4b9e2-e9ea-4456-80e3-47fe03b77367_639196401417535583.xml,BLUS,Go South Coast,Go South Coast 4008 Inbound,Southampton - Hythe,price_band_2.5@AdultSingle,2.5
BLUS_4103_Inbound_AdultReturn_a9f4b9e2-e9ea-4456-80e3-47fe03b77367_639196402601017629.xml,BLUS,Go South Coast,Go South Coast 4103 Inbound,Southampton - Eastleigh,price_band_6.0@AdultReturn,6.0
WDBC_1054_Outbound_AdultSingle_a9f4b9e2-e9ea-4456-80e3-47fe03b77367_639196376629933226.xml,WDBC,Go South Coast,Go South Coast 1054 Outbound,Poole - Wimborne,price_band_3.0@AdultSingle,3.0
WDBC_1170_Inbound_ChildSingle_2f1f0c04-770d-4707-ab06-213c5a798ad7_639196378360740811.xml,WDBC,Go South Coast,Go South Coast 1170 Inbound,Rockley Park - Hengistbury Head,price_band_1.0@ChildSingle,1.0
WDBC_2775_Inbound_ChildSingle_a9f4b9e2-e9ea-4456-80e3-47fe03b77367_639196387496783052.xml,WDBC,Go South Coast,Go South Coast 2775 Inbound,Milford on Sea - Priestlands School,price_band_2.3@ChildSingle,2.3
WDBC_1806_Outbound_ChildSingle_a9f4b9e2-e9ea-4456-80e3-47fe03b77367_639196379954878978.xml,WDBC,Go South Coast,Go South Coast 1806 Outbound,Bournemouth - Wimborne,price_band_3.0@ChildSingle,3.0
SWWD_3457_Outbound_ChildSingle_a9f4b9e2-e9ea-4456-80e3-47fe03b77367_639196398247122010.xml,SWWD,Go South Coast,Go South Coast 3457 Outbound,Salisbury - Southampton,price_band_1.9@ChildSingle,1.9
WDBC_1114_Outbound_AdultReturn_a9f4b9e2-e9ea-4456-80e3-47fe03b77367_639196377866862983.xml,WDBC,Go South Coast,Go South Coast 1114 Outbound,Poole - RB Hospital,price_band_4.7@AdultReturn,4.7
BLUS_4805_Inbound_ChildReturn_a9f4b9e2-e9ea-4456-80e3-47fe03b77367_639196403369196820.xml,BLUS,Go South Coast,Go South Coast 4805 Inbound,Boyatt Wood - Shootash,price_band_6.0@ChildReturn,6.0
WDBC_1038_Outbound_ChildSingle_a9f4b9e2-e9ea-4456-80e3-47fe03b77367_639196374719725195.xml,WDBC,Go South Coast,Go South Coast 1038 Outbound,Ferndown - Ringwood,price_band_3.0@ChildSingle,3.0
WDBC_1837_Inbound_ChildReturn_a9f4b9e2-e9ea-4456-80e3-47fe03b77367_639196381865931691.xml,WDBC,Go South Coast,Go South Coast 1837 Inbound,Bournemouth - Bournemouth International Airport,price_band_3.2@ChildReturn,3.2
SWWD_3303_Outbound_ChildSingle_a9f4b9e2-e9ea-4456-80e3-47fe03b77367_639196394465231158.xml,SWWD,Go South Coast,Go South Coast 3303 Outbound,City Centre - Ditchampton,price_band_2.3@ChildSingle,2.3
SVCT_5103_Inbound_YoungAdSingle_a9f4b9e2-e9ea-4456-80e3-47fe03b77367_639196404885272158.xml,SVCT,Go South Coast,Go South Coast 5103 Inbound,Ryde  - Newport,price_band_2.4@YoungAdSingle,2.4
BLUS_4018_Inbound_AdultSingle_f15d1b06-486f-433a-8991-95f1a97a87e0_639196402144188144.xml,BLUS,Go South Coast,Go South Coast 4018 Inbound,Millbrook - Thornhill,price_band_1.0@AdultSingle,1.0
SWWD_3684_Outbound_ChildReturn_a9f4b9e2-e9ea-4456-80e3-47fe03b77367_639196400296909605.xml,SWWD,Go South Coast,Go South Coast 3684 Outbound,Coombe Bissett - Burgate,price_band_3.7@ChildReturn,3.7
SWWD_3684_Inbound_AdultSingle_a9f4b9e2-e9ea-4456-80e3-47fe03b77367_639196400268803265.xml,SWWD,Go South Coast,Go South Coast 3684 Inbound,Coombe Bissett - Burgate,price_band_2.0@AdultSingle,2.0
TDTR_7120_Outbound_YoungPersonRtn_a9f4b9e2-e9ea-4456-80e3-47fe03b77367_639196408985928221.xml,TDTR,Go South Coast,Go South Coast 7120 Outbound,Marlborough - Hungerford,price_band_2.0@YoungPersonRtn,2.0
SWWD_3166_Outbound_AdultSingle_a9f4b9e2-e9ea-4456-80e3-47fe03b77367_639196393668265716.xml,SWWD,Go South Coast,Go South Coast 3166 Outbound,South Wilts Grammar School - Idmiston,price_band_3.0@AdultSingle,3.0
WDBC_1788_Inbound_ChildSingle_a9f4b9e2-e9ea-4456-80e3-47fe03b77367_639196379249363002.xml,WDBC,Go South Coast,Go South Coast 1788 Inbound,Walkford - Bournemouth School for Girls,price_band_4.0@ChildSingle,4.0
BLUS_4008_Outbound_AdultReturn_a9f4b9e2-e9ea-4456-80e3-47fe03b77367_639196401477892302.xml,BLUS,Go South Coast,Go South Coast 4008 Outbound,Southampton - Hythe,price_band_6.0@AdultReturn,6.0
BLUS_2607_Inbound_AdultSingle_a9f4b9e2-e9ea-4456-80e3-47fe03b77367_639196387037329872.xml,BLUS,Go South Coast,Go South Coast 2607 Inbound,North Baddesley - Brockenhurst College,price_band_4.0@AdultSingle,4.0
WDBC_1908_Inbound_ChildSingle_2f1f0c04-770d-4707-ab06-213c5a798ad7_639196383454951234.xml,WDBC,Go South Coast,Go South Coast 1908 Inbound,Poole - Blandford,price_band_1.0@ChildSingle,1.0
SWWD_3126_Inbound_ChildReturn_a9f4b9e2-e9ea-4456-80e3-47fe03b77367_639196393154456719.xml,SWWD,Go South Coast,Go South Coast 3126 Inbound,Salisbury - Hindon,price_band_4.5@ChildReturn,4.5
BLUS_3635_Outbound_AdultReturn_a9f4b9e2-e9ea-4456-80e3-47fe03b77367_639196399731120557.xml,BLUS,Go South Coast,Go South Coast 3635 Outbound,Romsey - Ampfield,price_band_7.6@AdultReturn,7.6
SWWD_3763_Outbound_AdultSingle_a9f4b9e2-e9ea-4456-80e3-47fe03b77367_639196400497448956.xml,SWWD,Go South Coast,Go South Coast 3763 Outbound,Mount Pleasant Farm - Burgate School,price_band_4.2@AdultSingle,4.2
SVCT_5249_Outbound_YoungAdSingle_a9f4b9e2-e9ea-4456-80e3-47fe03b77367_639196405553803606.xml,SVCT,Go South Coast,Go South Coast 5249 Outbound,Ryde - Newport,price_band_3.0@YoungAdSingle,3.0
SWWD_3885_Outbound_ChildReturn_a9f4b9e2-e9ea-4456-80e3-47fe03b77367_639196400840543507.xml,SWWD,Go South Coast,Go South Coast 3885 Outbound,Whaddon - Burgate School,price_band_3.0@ChildReturn,3.0
SWWD_3684_Inbound_AdultSingle_a9f4b9e2-e9ea-4456-80e3-47fe03b77367_639196400268803265.xml,SWWD,Go South Coast,Go South Coast 3684 Inbound,Coombe Bissett - Burgate,price_band_5.7@AdultSingle,5.7
BLUS_4023_Outbound_ChildSingle_a9f4b9e2-e9ea-4456-80e3-47fe03b77367_639196402428191247.xml,BLUS,Go South Coast,Go South Coast 4023 Outbound,Eastleigh - Velmore,price_band_2.5@ChildSingle,2.5
WDBC_1788_Outbound_ChildSingle_a9f4b9e2-e9ea-4456-80e3-47fe03b77367_639196379271894228.xml,WDBC,Go South Coast,Go South Coast 1788 Outbound,Walkford - Bournemouth School for Girls,price_band_4.4@ChildSingle,4.4
WDBC_1643_Outbound_AdultSingle_a9f4b9e2-e9ea-4456-80e3-47fe03b77367_639196378902058073.xml,WDBC,Go South Coast,Go South Coast 1643 Outbound,Fishermans Walk - Talbot Campus,price_band_2.4@AdultSingle,2.4
SWWD_3008_Outbound_ChildReturn_a9f4b9e2-e9ea-4456-80e3-47fe03b77367_639196391010248148.xml,SWWD,Go South Coast,Go South Coast 3008 Outbound,Salisbury - Zouch Estate,price_band_5.3@ChildReturn,5.3
WDBC_2112_Outbound_ChildReturn_a9f4b9e2-e9ea-4456-80e3-47fe03b77367_639196386369738702.xml,WDBC,Go South Coast,Go South Coast 2112 Outbound,Hythe - Lymington,price_band_3.9@ChildReturn,3.9
WDBC_1831_Inbound_ChildReturn_a9f4b9e2-e9ea-4456-80e3-47fe03b77367_639196381172420581.xml,WDBC,Go South Coast,Go South Coast 1831 Inbound,Bournemouth - Hunt Road and Somerford,price_band_3.7@ChildReturn,3.7
SWWD_3044_Outbound_ChildSingle_a9f4b9e2-e9ea-4456-80e3-47fe03b77367_639196391706881165.xml,SWWD,Go South Coast,Go South Coast 3044 Outbound,Salisbury - Woodfalls,price_band_2.9@ChildSingle,2.9
DAMY_3183_Inbound_AdultSingle_a9f4b9e2-e9ea-4456-80e3-47fe03b77367_639196393781918403.xml,DAMY,Go South Coast,Go South Coast 3183 Inbound,Blandford - Weymouth,price_band_2.5@AdultSingle,2.5
WDBC_6185_Inbound_ChildReturn_a9f4b9e2-e9ea-4456-80e3-47fe03b77367_639196406396104333.xml,WDBC,Go South Coast,Go South Coast 6185 Inbound,Blandford - Blandford Sch,price_band_4.2@ChildReturn,4.2
SWWD_3011_Outbound_ChildReturn_a9f4b9e2-e9ea-4456-80e3-47fe03b77367_639196391229376215.xml,SWWD,Go South Coast,Go South Coast 3011 Outbound,City Centre - Old Sarum,price_band_2.5@ChildReturn,2.5
SWWD_3087_Inbound_AdultSingle_a9f4b9e2-e9ea-4456-80e3-47fe03b77367_639196391730235399.xml,SWWD,Go South Coast,Go South Coast 3087 Inbound,South Wilts Grammar School - Lopcombe Corner,price_band_3.0@AdultSingle,3.0
SWWD_3325_Outbound_ChildReturn_a9f4b9e2-e9ea-4456-80e3-47fe03b77367_639196394994539816.xml,SWWD,Go South Coast,Go South Coast 3325 Outbound,South Wilts Grammar School - Hindon,price_band_6.0@ChildReturn,6.0
WDBC_2906_Inbound_AdultSingle_d46597a9-440e-4c13-b49a-76a3986683d1_639196387976418315.xml,WDBC,Go South Coast,Go South Coast 2906 Inbound,Poole - Ringwood,price_band_2.8@AdultSingle,2.8
SWWD_3325_Outbound_AdultReturn_a9f4b9e2-e9ea-4456-80e3-47fe03b77367_639196394959413919.xml,SWWD,Go South Coast,Go South Coast 3325 Outbound,South Wilts Grammar School - Hindon,price_band_5.7@AdultReturn,5.7
WDBC_2024_Outbound_AdultReturn_a9f4b9e2-e9ea-4456-80e3-47fe03b77367_639196386245091584.xml,WDBC,Go South Coast,Go South Coast 2024 Outbound,Castlepoint - Christchurch,price_band_5.1@AdultReturn,5.1
DAMY_6020_Inbound_ChildReturn_a9f4b9e2-e9ea-4456-80e3-47fe03b77367_639196406048919444.xml,DAMY,Go South Coast,Go South Coast 6020 Inbound,Salisbury - Blandford,price_band_2.8@ChildReturn,2.8
TDTR_7001_Inbound_AdultSingle_a9f4b9e2-e9ea-4456-80e3-47fe03b77367_639196408047885475.xml,TDTR,Go South Coast,Go South Coast 7001 Inbound,Middleleaze - Great Western Hospital,price_band_2.2@AdultSingle,2.2
TDTR_7180_Outbound_AdultReturn_a9f4b9e2-e9ea-4456-80e3-47fe03b77367_639196409565432156.xml,TDTR,Go South Coast,Go South Coast 7180 Outbound,Marlborough - Ludgershall,price_band_5.0@AdultReturn,5.0
SWWD_3402_Inbound_ChildReturn_a9f4b9e2-e9ea-4456-80e3-47fe03b77367_639196395908099026.xml,SWWD,Go South Coast,Go South Coast 3402 Inbound,Salisbury - Devizes,price_band_2.7@ChildReturn,2.7
BLUS_4012_Outbound_ChildSingle_f15d1b06-486f-433a-8991-95f1a97a87e0_639196401781977036.xml,BLUS,Go South Coast,Go South Coast 4012 Outbound,Southampton - Calmore,price_band_1.0@ChildSingle,1.0
WDBC_6419_Inbound_AdultReturn_a9f4b9e2-e9ea-4456-80e3-47fe03b77367_639196406771655102.xml,WDBC,Go South Coast,Go South Coast 6419 Inbound,Compton Avenue - Poole Grammar,price_band_5.8@AdultReturn,5.8
WDBC_8120_Inbound_ChildReturn_a9f4b9e2-e9ea-4456-80e3-47fe03b77367_639196410280081236.xml,WDBC,Go South Coast,Go South Coast 8120 Inbound,Poole - Bournemoputh International Airport,price_band_3.7@ChildReturn,3.7
SWWD_3010_Outbound_ChildSingle_a9f4b9e2-e9ea-4456-80e3-47fe03b77367_639196391188995990.xml,SWWD,Go South Coast,Go South Coast 3010 Outbound,City Centre - St Peters Place,price_band_2.3@ChildSingle,2.3
WDBC_1903_Outbound_ChildSingle_a9f4b9e2-e9ea-4456-80e3-47fe03b77367_639196383342947421.xml,WDBC,Go South Coast,Go South Coast 1903 Outbound,Poole - Wimborne,price_band_1.9@ChildSingle,1.9
SWWD_3044_Inbound_ChildReturn_a9f4b9e2-e9ea-4456-80e3-47fe03b77367_639196391654830182.xml,SWWD,Go South Coast,Go South Coast 3044 Inbound,Salisbury - Woodfalls,price_band_3.6@ChildReturn,3.6
WDBC_1002_Inbound_ChildReturn_a9f4b9e2-e9ea-4456-80e3-47fe03b77367_639196369847758010.xml,WDBC,Go South Coast,Go South Coast 1002 Inbound,Poole - Southbourne,price_band_3.1@ChildReturn,3.1
SWWD_3886_Inbound_AdultSingle_a9f4b9e2-e9ea-4456-80e3-47fe03b77367_639196400856954795.xml,SWWD,Go South Coast,Go South Coast 3886 Inbound,St Peters Place  - Burgate School,price_band_2.3@AdultSingle,2.3
WDBC_3882_Inbound_ChildReturn_a9f4b9e2-e9ea-4456-80e3-47fe03b77367_639196400640344963.xml,WDBC,Go South Coast,Go South Coast 3882 Inbound,Stratford Road Grammar School - Burgate School,price_band_3.6@ChildReturn,3.6
WDBC_1903_Inbound_AdultSingle_d46597a9-440e-4c13-b49a-76a3986683d1_639196383234882725.xml,WDBC,Go South Coast,Go South Coast 1903 Inbound,Poole - Wimborne,price_band_3.0@AdultSingle,3.0
TDTR_7826_Outbound_ChildSingle_a9f4b9e2-e9ea-4456-80e3-47fe03b77367_639196410210335908.xml,TDTR,Go South Coast,Go South Coast 7826 Outbound,Draycot Foliat - Ridgeway School,price_band_3.3@ChildSingle,3.3
SWWD_3325_Inbound_ChildReturn_a9f4b9e2-e9ea-4456-80e3-47fe03b77367_639196394859392639.xml,SWWD,Go South Coast,Go South Coast 3325 Inbound,South Wilts Grammar School - Hindon,price_band_3.8@ChildReturn,3.8
WDBC_1811_Outbound_AdultReturn_a9f4b9e2-e9ea-4456-80e3-47fe03b77367_639196380068670495.xml,WDBC,Go South Coast,Go South Coast 1811 Outbound,Bournemouth - Somerford,price_band_4.2@AdultReturn,4.2
WDBC_1741_Inbound_ChildSingle_a9f4b9e2-e9ea-4456-80e3-47fe03b77367_639196379057798178.xml,WDBC,Go South Coast,Go South Coast 1741 Inbound,Sandbanks Ferry - Parkstone Grammar School,price_band_2.2@ChildSingle,2.2
WDBC_6043_Outbound_ChildSingle_a9f4b9e2-e9ea-4456-80e3-47fe03b77367_639196406305893325.xml,WDBC,Go South Coast,Go South Coast 6043 Outbound,County Gates - Parkstone Grammar School,price_band_2.2@ChildSingle,2.2
WDBC_1833_Outbound_AdultSingle_a9f4b9e2-e9ea-4456-80e3-47fe03b77367_639196381669392329.xml,WDBC,Go South Coast,Go South Coast 1833 Outbound,Alum Chine - Castlepoint,price_band_3.0@AdultSingle,3.0
TDTR_7552_Inbound_AdultSingle_a9f4b9e2-e9ea-4456-80e3-47fe03b77367_639196410069940964.xml,TDTR,Go South Coast,Go South Coast 7552 Inbound,Malmesbury - Cirencester College,price_band_5.2@AdultSingle,5.2
WDBC_6449_Outbound_ChildReturn_a9f4b9e2-e9ea-4456-80e3-47fe03b77367_639196406968851108.xml,WDBC,Go South Coast,Go South Coast 6449 Outbound,St Osmunds - Parkstone Grammar,price_band_3.5@ChildReturn,3.5
WDBC_2620_Inbound_AdultReturn_a9f4b9e2-e9ea-4456-80e3-47fe03b77367_639196387301837356.xml,WDBC,Go South Coast,Go South Coast 2620 Inbound,Thorney Hill - Brockenhurst College,price_band_7.9@AdultReturn,7.9
SWWD_3101_Outbound_AdultSingle_a9f4b9e2-e9ea-4456-80e3-47fe03b77367_639196391989170936.xml,SWWD,Go South Coast,Go South Coast 3101 Outbound,Devizes - Pewsey,price_band_2.0@AdultSingle,2.0
WDBC_6047_Outbound_ChildReturn_a9f4b9e2-e9ea-4456-80e3-47fe03b77367_639196406369321733.xml,WDBC,Go South Coast,Go South Coast 6047 Outbound,Ringwood Road - Parkstone Grammar School,price_band_5.7@ChildReturn,5.7
WDBC_6943_Inbound_ChildSingle_a9f4b9e2-e9ea-4456-80e3-47fe03b77367_639196407906147726.xml,WDBC,Go South Coast,Go South Coast 6943 Inbound,Lulworth - Weymouth,price_band_2.5@ChildSingle,2.5
SWWD_3405_Outbound_AdultSingle_a9f4b9e2-e9ea-4456-80e3-47fe03b77367_639196396690371802.xml,SWWD,Go South Coast,Go South Coast 3405 Outbound,Salisbury - Pewsey,price_band_3.0@AdultSingle,3.0
WDBC_2120_Outbound_ChildReturn_a9f4b9e2-e9ea-4456-80e3-47fe03b77367_639196386411266459.xml,WDBC,Go South Coast,Go South Coast 2120 Outbound,New Milton Tesco - Lymington,price_band_4.6@ChildReturn,4.6
WDBC_1040_Inbound_AdultSingle_d46597a9-440e-4c13-b49a-76a3986683d1_639196375017031291.xml,WDBC,Go South Coast,Go South Coast 1040 Inbound,Swanage - Poole,price_band_2.3@AdultSingle,2.3
BLUS_4401_Outbound_AdultSingle_a9f4b9e2-e9ea-4456-80e3-47fe03b77367_639196402856749046.xml,BLUS,Go South Coast,Go South Coast 4401 Outbound,Applemore - Hythe,price_band_2.5@AdultSingle,2.5
BLUS_4004_Outbound_AdultSingle_eed5e2e8-c472-41af-825e-db09ec887334_639196401175431105.xml,BLUS,Go South Coast,Go South Coast 4004 Outbound,Southampton - Romsey,price_band_1.0@AdultSingle,1.0
TDTR_7148_Inbound_AdultReturn_a9f4b9e2-e9ea-4456-80e3-47fe03b77367_639196409133361031.xml,TDTR,Go South Coast,Go South Coast 7148 Inbound,Swindon - Marlborough,price_band_6.0@AdultReturn,6.0
WDBC_8229_Outbound_ChildSingle_a9f4b9e2-e9ea-4456-80e3-47fe03b77367_639196410352701130.xml,WDBC,Go South Coast,Go South Coast 8229 Outbound,Lyndhurst - Ringwood RED,price_band_1.7@ChildSingle,1.7
WDBC_1805_Inbound_AdultReturn_a9f4b9e2-e9ea-4456-80e3-47fe03b77367_639196379753977529.xml,WDBC,Go South Coast,Go South Coast 1805 Inbound,Bournemouth - Kinson,price_band_4.7@AdultReturn,4.7
WDBC_1170_Inbound_AdultSingle_a9f4b9e2-e9ea-4456-80e3-47fe03b77367_639196378115976628.xml,WDBC,Go South Coast,Go South Coast 1170 Inbound,Rockley Park - Hengistbury Head,price_band_2.6@AdultSingle,2.6
SWWD_3137_Outbound_ChildReturn_a9f4b9e2-e9ea-4456-80e3-47fe03b77367_639196393481415769.xml,SWWD,Go South Coast,Go South Coast 3137 Outbound,Salisbury - West Dean,price_band_3.8@ChildReturn,3.8
SWWD_3763_Outbound_ChildReturn_a9f4b9e2-e9ea-4456-80e3-47fe03b77367_639196400519593475.xml,SWWD,Go South Coast,Go South Coast 3763 Outbound,Mount Pleasant Farm - Burgate School,price_band_2.1@ChildReturn,2.1
TDTR_7537_Inbound_ChildReturn_a9f4b9e2-e9ea-4456-80e3-47fe03b77367_639196409896400363.xml,TDTR,Go South Coast,Go South Coast 7537 Inbound,Highworth - Cirencester College,price_band_8.3@ChildReturn,8.3
SWWD_3125_Outbound_AdultReturn_a9f4b9e2-e9ea-4456-80e3-47fe03b77367_639196392943572625.xml,SWWD,Go South Coast,Go South Coast 3125 Outbound,South Wilts Grammar School - Hindon,price_band_4.5@AdultReturn,4.5
WDBC_1806_Outbound_ChildSingle_a9f4b9e2-e9ea-4456-80e3-47fe03b77367_639196379954878978.xml,WDBC,Go South Coast,Go South Coast 1806 Outbound,Bournemouth - Wimborne,price_band_2.1@ChildSingle,2.1
SWWD_3303_Inbound_ChildReturn_a9f4b9e2-e9ea-4456-80e3-47fe03b77367_639196394399484948.xml,SWWD,Go South Coast,Go South Coast 3303 Inbound,City Centre - Ditchampton,price_band_2.5@ChildReturn,2.5
SWWD_3684_Outbound_AdultReturn_a9f4b9e2-e9ea-4456-80e3-47fe03b77367_639196400285449956.xml,SWWD,Go South Coast,Go South Coast 3684 Outbound,Coombe Bissett - Burgate,price_band_5.0@AdultReturn,5.0
WDBC_1805_Outbound_ChildReturn_a9f4b9e2-e9ea-4456-80e3-47fe03b77367_639196379814868213.xml,WDBC,Go South Coast,Go South Coast 1805 Outbound,Bournemouth - Kinson,price_band_3.7@ChildReturn,3.7
SWWD_3402_Outbound_AdultReturn_a9f4b9e2-e9ea-4456-80e3-47fe03b77367_639196395933624667.xml,SWWD,Go South Coast,Go South Coast 3402 Outbound,Salisbury - Devizes,price_band_6.0@AdultReturn,6.0
WDBC_1741_Inbound_ChildReturn_a9f4b9e2-e9ea-4456-80e3-47fe03b77367_639196379050947352.xml,WDBC,Go South Coast,Go South Coast 1741 Inbound,Sandbanks Ferry - Parkstone Grammar School,price_band_2.3@ChildReturn,2.3
WDBC_2001_Outbound_ChildSingle_a9f4b9e2-e9ea-4456-80e3-47fe03b77367_639196384755784352.xml,WDBC,Go South Coast,Go South Coast 2001 Outbound,Bournemouth - Lymington,price_band_3.0@ChildSingle,3.0
SWWD_3102_Outbound_AdultReturn_a9f4b9e2-e9ea-4456-80e3-47fe03b77367_639196392182546296.xml,SWWD,Go South Coast,Go South Coast 3102 Outbound,Salisbury - Devizes,price_band_4.9@AdultReturn,4.9
BLUS_3135_Outbound_AdultReturn_a9f4b9e2-e9ea-4456-80e3-47fe03b77367_639196393311403033.xml,BLUS,Go South Coast,Go South Coast 3135 Outbound,Romsey - Braishfield,price_band_4.2@AdultReturn,4.2
SWWD_3040_Inbound_ChildSingle_a9f4b9e2-e9ea-4456-80e3-47fe03b77367_639196391508774743.xml,SWWD,Go South Coast,Go South Coast 3040 Inbound,Salisbury - Woodfalls,price_band_2.9@ChildSingle,2.9
SWWD_3302_Outbound_ChildReturn_a9f4b9e2-e9ea-4456-80e3-47fe03b77367_639196394365905886.xml,SWWD,Go South Coast,Go South Coast 3302 Outbound,City Centre - Bishopdown,price_band_3.6@ChildReturn,3.6
SWWD_3210_Inbound_ChildSingle_a9f4b9e2-e9ea-4456-80e3-47fe03b77367_639196394075595101.xml,SWWD,Go South Coast,Go South Coast 3210 Inbound,City Centre - St Peters Place,price_band_2.1@ChildSingle,2.1
SWWD_3087_Outbound_AdultSingle_a9f4b9e2-e9ea-4456-80e3-47fe03b77367_639196391808774665.xml,SWWD,Go South Coast,Go South Coast 3087 Outbound,South Wilts Grammar School - Lopcombe Corner,price_band_2.3@AdultSingle,2.3
BLUS_4128_Outbound_ChildReturn_a9f4b9e2-e9ea-4456-80e3-47fe03b77367_639196402806418956.xml,BLUS,Go South Coast,Go South Coast 4128 Outbound,Highfield - Southampton Science Park,price_band_2.6@ChildReturn,2.6
WDBC_1801_Inbound_ChildReturn_a9f4b9e2-e9ea-4456-80e3-47fe03b77367_639196379440228067.xml,WDBC,Go South Coast,Go South Coast 1801 Inbound,Bournemouth - Christchurch,price_band_3.7@ChildReturn,3.7
SWWD_3029_Inbound_ChildReturn_a9f4b9e2-e9ea-4456-80e3-47fe03b77367_639196391389453148.xml,SWWD,Go South Coast,Go South Coast 3029 Inbound,Salisbury - Shaftesbury,price_band_3.8@ChildReturn,3.8
SVCT_5003_Outbound_YoungAdSingle_a9f4b9e2-e9ea-4456-80e3-47fe03b77367_639196403799945930.xml,SVCT,Go South Coast,Go South Coast 5003 Outbound,Newport  - Ryde,price_band_3.0@YoungAdSingle,3.0
SVCT_5103_Inbound_YoungAdSingle_a9f4b9e2-e9ea-4456-80e3-47fe03b77367_639196404885272158.xml,SVCT,Go South Coast,Go South Coast 5103 Inbound,Ryde  - Newport,price_band_3.0@YoungAdSingle,3.0
SWWD_3404_Inbound_AdultReturn_a9f4b9e2-e9ea-4456-80e3-47fe03b77367_639196396083184380.xml,SWWD,Go South Coast,Go South Coast 3404 Inbound,Salisbury - Larkhill,price_band_4.5@AdultReturn,4.5
SWWD_3519_Outbound_AdultReturn_a9f4b9e2-e9ea-4456-80e3-47fe03b77367_639196399445824791.xml,SWWD,Go South Coast,Go South Coast 3519 Outbound,Milford Street - New Canal,price_band_6.0@AdultReturn,6.0
SWWD_7086_Inbound_AdultReturn_a9f4b9e2-e9ea-4456-80e3-47fe03b77367_639196408875917253.xml,SWWD,Go South Coast,Go South Coast 7086 Inbound,Ansty - Shaftesbury,price_band_3.6@AdultReturn,3.6
SWWD_3402_Outbound_ChildReturn_a9f4b9e2-e9ea-4456-80e3-47fe03b77367_639196396010784145.xml,SWWD,Go South Coast,Go South Coast 3402 Outbound,Salisbury - Devizes,price_band_2.5@ChildReturn,2.5
SWWD_3327_Inbound_ChildReturn_a9f4b9e2-e9ea-4456-80e3-47fe03b77367_639196395499310498.xml,SWWD,Go South Coast,Go South Coast 3327 Inbound,Salisbury - Shaftesbury,price_band_3.2@ChildReturn,3.2
SWWD_3325_Inbound_ChildReturn_a9f4b9e2-e9ea-4456-80e3-47fe03b77367_639196394859392639.xml,SWWD,Go South Coast,Go South Coast 3325 Inbound,South Wilts Grammar School - Hindon,price_band_4.5@ChildReturn,4.5
WDBC_1050_Inbound_AdultSingle_d46597a9-440e-4c13-b49a-76a3986683d1_639196375572348665.xml,WDBC,Go South Coast,Go South Coast 1050 Inbound,Bournemouth Station - Swanage,price_band_1.0@AdultSingle,1.0
SWWD_3515_Inbound_AdultReturn_a9f4b9e2-e9ea-4456-80e3-47fe03b77367_639196399281175508.xml,SWWD,Go South Coast,Go South Coast 3515 Inbound,City Centre - Petersfinger Park & Ride,price_band_3.5@AdultReturn,3.5
WDBC_1786_Inbound_ChildReturn_a9f4b9e2-e9ea-4456-80e3-47fe03b77367_639196379198187275.xml,WDBC,Go South Coast,Go South Coast 1786 Inbound,Park Gates - Bournemouth School for Girls,price_band_2.5@ChildReturn,2.5
BLUS_4001_Outbound_AdultSingle_a9f4b9e2-e9ea-4456-80e3-47fe03b77367_639196400978207096.xml,BLUS,Go South Coast,Go South Coast 4001 Outbound,Southampton - Winchester,price_band_3.0@AdultSingle,3.0
WDBC_1068_Outbound_ChildReturn_a9f4b9e2-e9ea-4456-80e3-47fe03b77367_639196376976070183.xml,WDBC,Go South Coast,Go South Coast 1068 Outbound,Poole - Poole Clockwise,price_band_3.7@ChildReturn,3.7
WDBC_1060_Outbound_ChildSingle_a9f4b9e2-e9ea-4456-80e3-47fe03b77367_639196376841491543.xml,WDBC,Go South Coast,Go South Coast 1060 Outbound,Rockley - Sandbanks,price_band_2.8@ChildSingle,2.8
WDBC_2003_Outbound_ChildSingle_a9f4b9e2-e9ea-4456-80e3-47fe03b77367_639196385983774623.xml,WDBC,Go South Coast,Go South Coast 2003 Outbound,Salisbury - Bournemouth,price_band_3.0@ChildSingle,3.0
DAMY_6487_Outbound_ChildReturn_a9f4b9e2-e9ea-4456-80e3-47fe03b77367_639196407147859780.xml,DAMY,Go South Coast,Go South Coast 6487 Outbound,Blandford - Dorchester,price_band_4.6@ChildReturn,4.6
WDBC_2120_Inbound_ChildReturn_a9f4b9e2-e9ea-4456-80e3-47fe03b77367_639196386391190830.xml,WDBC,Go South Coast,Go South Coast 2120 Inbound,New Milton Tesco - Lymington,price_band_3.6@ChildReturn,3.6
WDBC_2956_Inbound_ChildSingle_2f1f0c04-770d-4707-ab06-213c5a798ad7_639196389552915151.xml,WDBC,Go South Coast,Go South Coast 2956 Inbound,Ringwood - Bournemouth,price_band_1.0@ChildSingle,1.0
WDBC_2906_Inbound_ChildSingle_2f1f0c04-770d-4707-ab06-213c5a798ad7_639196388010827258.xml,WDBC,Go South Coast,Go South Coast 2906 Inbound,Poole - Ringwood,price_band_1.9@ChildSingle,1.9
SWWD_3886_Inbound_ChildReturn_a9f4b9e2-e9ea-4456-80e3-47fe03b77367_639196400848675025.xml,SWWD,Go South Coast,Go South Coast 3886 Inbound,St Peters Place  - Burgate School,price_band_4.5@ChildReturn,4.5
WDBC_1003_Outbound_ChildSingle_a9f4b9e2-e9ea-4456-80e3-47fe03b77367_639196370457953675.xml,WDBC,Go South Coast,Go South Coast 1003 Outbound,Poole - Wimborne,price_band_2.8@ChildSingle,2.8
WDBC_1016_Outbound_ChildReturn_a9f4b9e2-e9ea-4456-80e3-47fe03b77367_639196372343417653.xml,WDBC,Go South Coast,Go South Coast 1016 Outbound,Poole - Bournemouth,price_band_3.4@ChildReturn,3.4
SWWD_3978_Outbound_ChildReturn_a9f4b9e2-e9ea-4456-80e3-47fe03b77367_639196400935370174.xml,SWWD,Go South Coast,Go South Coast 3978 Outbound,Victoria Park - Laverstock Schools,price_band_2.6@ChildReturn,2.6
WDBC_6449_Outbound_AdultSingle_a9f4b9e2-e9ea-4456-80e3-47fe03b77367_639196406940282122.xml,WDBC,Go South Coast,Go South Coast 6449 Outbound,St Osmunds - Parkstone Grammar,price_band_2.2@AdultSingle,2.2
SWWD_3885_Inbound_ChildReturn_a9f4b9e2-e9ea-4456-80e3-47fe03b77367_639196400773713449.xml,SWWD,Go South Coast,Go South Coast 3885 Inbound,Whaddon - Burgate School,price_band_5.6@ChildReturn,5.6
SVCT_8503_Outbound_YoungAdSingle_a9f4b9e2-e9ea-4456-80e3-47fe03b77367_639196410659374934.xml,SVCT,Go South Coast,Go South Coast 8503 Outbound,Needles - Breezer,price_band_2.6@YoungAdSingle,2.6
SWWD_3511_Inbound_ChildReturn_a9f4b9e2-e9ea-4456-80e3-47fe03b77367_639196399107563074.xml,SWWD,Go South Coast,Go South Coast 3511 Inbound,Blue Boar Row - Old Sarum,price_band_2.5@ChildReturn,2.5
TDTR_7148_Outbound_AdultSingle_a9f4b9e2-e9ea-4456-80e3-47fe03b77367_639196409179812811.xml,TDTR,Go South Coast,Go South Coast 7148 Outbound,Swindon - Marlborough,price_band_2.6@AdultSingle,2.6
WDBC_1950_Outbound_AdultReturn_a9f4b9e2-e9ea-4456-80e3-47fe03b77367_639196383850316955.xml,WDBC,Go South Coast,Go South Coast 1950 Outbound,Bournemouth - Swanage,price_band_4.2@AdultReturn,4.2
BLUS_4018_Outbound_AdultSingle_f15d1b06-486f-433a-8991-95f1a97a87e0_639196402177646135.xml,BLUS,Go South Coast,Go South Coast 4018 Outbound,Millbrook - Thornhill,price_band_1.0@AdultSingle,1.0
UNIL_4712_Inbound_ChildSingle_f15d1b06-486f-433a-8991-95f1a97a87e0_639196403217143004.xml,UNIL,Go South Coast,Go South Coast 4712 Inbound,Bassett Green - Mayflower Halls,price_band_1.0@ChildSingle,1.0
SWWD_3525_Inbound_ChildReturn_a9f4b9e2-e9ea-4456-80e3-47fe03b77367_639196399501053497.xml,SWWD,Go South Coast,Go South Coast 3525 Inbound,City Centre - Petersfinger Park & Ride,price_band_6.0@ChildReturn,6.0
WDBC_1786_Outbound_ChildReturn_a9f4b9e2-e9ea-4456-80e3-47fe03b77367_639196379218850155.xml,WDBC,Go South Coast,Go South Coast 1786 Outbound,Park Gates - Bournemouth School for Girls,price_band_2.5@ChildReturn,2.5
BLUS_4005_Inbound_AdultSingle_a9f4b9e2-e9ea-4456-80e3-47fe03b77367_639196401198829499.xml,BLUS,Go South Coast,Go South Coast 4005 Inbound,Boyatt Wood - Romsey,price_band_2.5@AdultSingle,2.5
WDBC_1013_Outbound_ChildSingle_2f1f0c04-770d-4707-ab06-213c5a798ad7_639196371605999149.xml,WDBC,Go South Coast,Go South Coast 1013 Outbound,Bournemouth - Wimborne,price_band_2.5@ChildSingle,2.5
SWWD_3675_Inbound_ChildSingle_a9f4b9e2-e9ea-4456-80e3-47fe03b77367_639196400110369936.xml,SWWD,Go South Coast,Go South Coast 3675 Inbound,Castle Road - Amesbury,price_band_1.9@ChildSingle,1.9
WDBC_1837_Inbound_ChildSingle_a9f4b9e2-e9ea-4456-80e3-47fe03b77367_639196381856544957.xml,WDBC,Go South Coast,Go South Coast 1837 Inbound,Bournemouth - Bournemouth International Airport,price_band_2.8@ChildSingle,2.8
BLUS_4026_Outbound_AdultReturn_a9f4b9e2-e9ea-4456-80e3-47fe03b77367_639196402527304262.xml,BLUS,Go South Coast,Go South Coast 4026 Outbound,Southampton - Whiteley,price_band_6.0@AdultReturn,6.0
WDBC_1883_Outbound_ChildReturn_a9f4b9e2-e9ea-4456-80e3-47fe03b77367_639196382558488224.xml,WDBC,Go South Coast,Go South Coast 1883 Outbound,Alum Chine - Castlepoint,price_band_3.7@ChildReturn,3.7
WDBC_1846_Outbound_ChildSingle_a9f4b9e2-e9ea-4456-80e3-47fe03b77367_639196382438044864.xml,WDBC,Go South Coast,Go South Coast 1846 Outbound,Throop - Avonbourne Academy,price_band_2.9@ChildSingle,2.9
SWWD_3675_Inbound_ChildSingle_a9f4b9e2-e9ea-4456-80e3-47fe03b77367_639196400110369936.xml,SWWD,Go South Coast,Go South Coast 3675 Inbound,Castle Road - Amesbury,price_band_1.6@ChildSingle,1.6
WDBC_1788_Outbound_ChildReturn_a9f4b9e2-e9ea-4456-80e3-47fe03b77367_639196379266735554.xml,WDBC,Go South Coast,Go South Coast 1788 Outbound,Walkford - Bournemouth School for Girls,price_band_2.4@ChildReturn,2.4
WDBC_2620_Outbound_AdultReturn_a9f4b9e2-e9ea-4456-80e3-47fe03b77367_639196387347166763.xml,WDBC,Go South Coast,Go South Coast 2620 Outbound,Thorney Hill - Brockenhurst College,price_band_8.7@AdultReturn,8.7
WDBC_6903_Inbound_ChildReturn_a9f4b9e2-e9ea-4456-80e3-47fe03b77367_639196407501779126.xml,WDBC,Go South Coast,Go South Coast 6903 Inbound,Swanage - Lulworth,price_band_5.6@ChildReturn,5.6
WDBC_1837_Inbound_AdultSingle_d46597a9-440e-4c13-b49a-76a3986683d1_639196381887430945.xml,WDBC,Go South Coast,Go South Coast 1837 Inbound,Bournemouth - Bournemouth International Airport,price_band_2.3@AdultSingle,2.3
WDBC_2186_Inbound_ChildReturn_a9f4b9e2-e9ea-4456-80e3-47fe03b77367_639196386678698346.xml,WDBC,Go South Coast,Go South Coast 2186 Inbound,Southampton - Lymington,price_band_4.5@ChildReturn,4.5
WDBC_1806_Inbound_AdultSingle_2f1f0c04-770d-4707-ab06-213c5a798ad7_639196379892158756.xml,WDBC,Go South Coast,Go South Coast 1806 Inbound,Bournemouth - Wimborne,price_band_1.0@AdultSingle,1.0
TDTR_7046_Outbound_AdultSingle_a9f4b9e2-e9ea-4456-80e3-47fe03b77367_639196408426620170.xml,TDTR,Go South Coast,Go South Coast 7046 Outbound,Swindon - Hungerford,price_band_3.0@AdultSingle,3.0
SWWD_3266_Outbound_AdultSingle_a9f4b9e2-e9ea-4456-80e3-47fe03b77367_639196394226039482.xml,SWWD,Go South Coast,Go South Coast 3266 Outbound,South Wilts Grammar School - Idmiston,price_band_3.0@AdultSingle,3.0
SWWD_3301_Outbound_AdultSingle_a9f4b9e2-e9ea-4456-80e3-47fe03b77367_639196394319431150.xml,SWWD,Go South Coast,Go South Coast 3301 Outbound,District Hospital - Bemerton Heath,price_band_3.0@AdultSingle,3.0
WDBC_1002_Inbound_AdultSingle_2f1f0c04-770d-4707-ab06-213c5a798ad7_639196369931565379.xml,WDBC,Go South Coast,Go South Coast 1002 Inbound,Poole - Southbourne,price_band_1.0@AdultSingle,1.0
SWWD_3457_Inbound_ChildReturn_a9f4b9e2-e9ea-4456-80e3-47fe03b77367_639196398044057066.xml,SWWD,Go South Coast,Go South Coast 3457 Inbound,Salisbury - Southampton,price_band_2.5@ChildReturn,2.5
WDBC_1053_Inbound_ChildSingle_2f1f0c04-770d-4707-ab06-213c5a798ad7_639196376182498982.xml,WDBC,Go South Coast,Go South Coast 1053 Inbound,Bournemouth - Wimborne,price_band_1.9@ChildSingle,1.9
WDBC_1804_Outbound_ChildReturn_a9f4b9e2-e9ea-4456-80e3-47fe03b77367_639196379722214050.xml,WDBC,Go South Coast,Go South Coast 1804 Outbound,Bournemouth - Castlepoint,price_band_3.4@ChildReturn,3.4
WDBC_1741_Inbound_ChildReturn_a9f4b9e2-e9ea-4456-80e3-47fe03b77367_639196379050947352.xml,WDBC,Go South Coast,Go South Coast 1741 Inbound,Sandbanks Ferry - Parkstone Grammar School,price_band_5.2@ChildReturn,5.2
WDBC_1837_Outbound_ChildReturn_a9f4b9e2-e9ea-4456-80e3-47fe03b77367_639196381943039249.xml,WDBC,Go South Coast,Go South Coast 1837 Outbound,Bournemouth - Bournemouth International Airport,price_band_3.2@ChildReturn,3.2
WDBC_1052_Inbound_ChildSingle_a9f4b9e2-e9ea-4456-80e3-47fe03b77367_639196375821067974.xml,WDBC,Go South Coast,Go South Coast 1052 Inbound,Rockley - Sandbanks,price_band_2.1@ChildSingle,2.1
WDBC_1642_Inbound_UniIDReturn_a9f4b9e2-e9ea-4456-80e3-47fe03b77367_639196378791856454.xml,WDBC,Go South Coast,Go South Coast 1642 Inbound,Poole  - Talbot Campus,price_band_3.2@UniIDReturn,3.2
SWWD_3044_Outbound_ChildReturn_a9f4b9e2-e9ea-4456-80e3-47fe03b77367_639196391697596435.xml,SWWD,Go South Coast,Go South Coast 3044 Outbound,Salisbury - Woodfalls,price_band_4.0@ChildReturn,4.0
WDBC_1054_Outbound_ChildSingle_a9f4b9e2-e9ea-4456-80e3-47fe03b77367_639196376668519897.xml,WDBC,Go South Coast,Go South Coast 1054 Outbound,Poole - Wimborne,price_band_2.3@ChildSingle,2.3
SVCT_5249_Inbound_ChildSingle_a9f4b9e2-e9ea-4456-80e3-47fe03b77367_639196405541738854.xml,SVCT,Go South Coast,Go South Coast 5249 Inbound,Ryde - Newport,price_band_1.8@ChildSingle,1.8
TDTR_7148_Outbound_AdultSingle_a9f4b9e2-e9ea-4456-80e3-47fe03b77367_639196409179812811.xml,TDTR,Go South Coast,Go South Coast 7148 Outbound,Swindon - Marlborough,price_band_3.0@AdultSingle,3.0
WDBC_1053_Inbound_ChildReturn_a9f4b9e2-e9ea-4456-80e3-47fe03b77367_639196376058761639.xml,WDBC,Go South Coast,Go South Coast 1053 Inbound,Bournemouth - Wimborne,price_band_6.0@ChildReturn,6.0
WDBC_1001_Outbound_AdultSingle_2f1f0c04-770d-4707-ab06-213c5a798ad7_639196369632962223.xml,WDBC,Go South Coast,Go South Coast 1001 Outbound,Poole - Bournemouth Hospital,price_band_1.0@AdultSingle,1.0
SWWD_3002_Outbound_ChildSingle_a9f4b9e2-e9ea-4456-80e3-47fe03b77367_639196390466834568.xml,SWWD,Go South Coast,Go South Coast 3002 Outbound,Salisbury - Devizes,price_band_2.3@ChildSingle,2.3
WDBC_1052_Inbound_AdultSingle_2f1f0c04-770d-4707-ab06-213c5a798ad7_639196375837155746.xml,WDBC,Go South Coast,Go South Coast 1052 Inbound,Rockley - Sandbanks,price_band_1.0@AdultSingle,1.0
WDBC_1641_Outbound_UniIDReturn_a9f4b9e2-e9ea-4456-80e3-47fe03b77367_639196378758471199.xml,WDBC,Go South Coast,Go South Coast 1641 Outbound,Dorchester House  - Talbot Campus,price_band_3.2@UniIDReturn,3.2
TDTR_7155_Outbound_AdultSingle_a9f4b9e2-e9ea-4456-80e3-47fe03b77367_639196409283973419.xml,TDTR,Go South Coast,Go South Coast 7155 Outbound,Stratton Park - Ridgeway School,price_band_3.1@AdultSingle,3.1
WDBC_1013_Outbound_ChildSingle_2f1f0c04-770d-4707-ab06-213c5a798ad7_639196371605999149.xml,WDBC,Go South Coast,Go South Coast 1013 Outbound,Bournemouth - Wimborne,price_band_2.1@ChildSingle,2.1
WDBC_1170_Inbound_ChildReturn_a9f4b9e2-e9ea-4456-80e3-47fe03b77367_639196378241131175.xml,WDBC,Go South Coast,Go South Coast 1170 Inbound,Rockley Park - Hengistbury Head,price_band_2.9@ChildReturn,2.9
WDBC_1789_Inbound_AdultReturn_a9f4b9e2-e9ea-4456-80e3-47fe03b77367_639196379289700065.xml,WDBC,Go South Coast,Go South Coast 1789 Inbound,Bournemouth School for Girls - Lymington,price_band_4.4@AdultReturn,4.4
DAMY_6487_Outbound_ChildReturn_a9f4b9e2-e9ea-4456-80e3-47fe03b77367_639196407147859780.xml,DAMY,Go South Coast,Go South Coast 6487 Outbound,Blandford - Dorchester,price_band_4.1@ChildReturn,4.1
WDBC_1003_Outbound_AdultSingle_2f1f0c04-770d-4707-ab06-213c5a798ad7_639196370466753147.xml,WDBC,Go South Coast,Go South Coast 1003 Outbound,Poole - Wimborne,price_band_3.0@AdultSingle,3.0
BLUS_4019_Outbound_ChildSingle_f15d1b06-486f-433a-8991-95f1a97a87e0_639196402275566293.xml,BLUS,Go South Coast,Go South Coast 4019 Outbound,Thornhill - Lordshill,price_band_1.0@ChildSingle,1.0
WDBC_1950_Outbound_ChildSingle_d46597a9-440e-4c13-b49a-76a3986683d1_639196384069041292.xml,WDBC,Go South Coast,Go South Coast 1950 Outbound,Bournemouth - Swanage,price_band_1.9@ChildSingle,1.9
WDBC_6898_Outbound_ChildReturn_a9f4b9e2-e9ea-4456-80e3-47fe03b77367_639196407436161151.xml,WDBC,Go South Coast,Go South Coast 6898 Outbound,Poole  - ASDA,price_band_2.8@ChildReturn,2.8
DAMY_3183_Inbound_ChildReturn_a9f4b9e2-e9ea-4456-80e3-47fe03b77367_639196393827698517.xml,DAMY,Go South Coast,Go South Coast 3183 Inbound,Blandford - Weymouth,price_band_4.6@ChildReturn,4.6
SWWD_3266_Outbound_ChildReturn_a9f4b9e2-e9ea-4456-80e3-47fe03b77367_639196394247774086.xml,SWWD,Go South Coast,Go South Coast 3266 Outbound,South Wilts Grammar School - Idmiston,price_band_3.6@ChildReturn,3.6
WDBC_2001_Inbound_ChildReturn_a9f4b9e2-e9ea-4456-80e3-47fe03b77367_639196384347707226.xml,WDBC,Go South Coast,Go South Coast 2001 Inbound,Bournemouth - Lymington,price_band_3.7@ChildReturn,3.7
SVCT_5259_Outbound_AdultSingle_a9f4b9e2-e9ea-4456-80e3-47fe03b77367_639196405595153050.xml,SVCT,Go South Coast,Go South Coast 5259 Outbound,Carisbrooke - Bembridge,price_band_3.0@AdultSingle,3.0
BLUS_4203_Outbound_AdultSingle_a9f4b9e2-e9ea-4456-80e3-47fe03b77367_639196402813448594.xml,BLUS,Go South Coast,Go South Coast 4203 Outbound,Totton - Totton Clockwise,price_band_2.5@AdultSingle,2.5
SWWD_2615_Inbound_AdultSingle_a9f4b9e2-e9ea-4456-80e3-47fe03b77367_639196387158069862.xml,SWWD,Go South Coast,Go South Coast 2615 Inbound,Salisbury  - Brockenhurst College,price_band_4.4@AdultSingle,4.4
WDBC_2761_Inbound_ChildSingle_a9f4b9e2-e9ea-4456-80e3-47fe03b77367_639196387441241983.xml,WDBC,Go South Coast,Go South Coast 2761 Inbound,Bunkers Hill Cottage - Priestlands School,price_band_2.4@ChildSingle,2.4
WDBC_1802_Inbound_AdultSingle_d46597a9-440e-4c13-b49a-76a3986683d1_639196379581208324.xml,WDBC,Go South Coast,Go South Coast 1802 Inbound,Bournemouth - Castlepoint,price_band_1.0@AdultSingle,1.0
SWWD_3125_Inbound_AdultReturn_a9f4b9e2-e9ea-4456-80e3-47fe03b77367_639196392784009675.xml,SWWD,Go South Coast,Go South Coast 3125 Inbound,South Wilts Grammar School - Hindon,price_band_5.7@AdultReturn,5.7
WDBC_1003_Outbound_AdultSingle_d46597a9-440e-4c13-b49a-76a3986683d1_639196370476328230.xml,WDBC,Go South Coast,Go South Coast 1003 Outbound,Poole - Wimborne,price_band_2.3@AdultSingle,2.3
TDTR_7067_Outbound_AdultSingle_a9f4b9e2-e9ea-4456-80e3-47fe03b77367_639196408663329905.xml,TDTR,Go South Coast,Go South Coast 7067 Outbound,Penhill - Park South,price_band_2.8@AdultSingle,2.8
WDBC_1016_Outbound_AdultSingle_a9f4b9e2-e9ea-4456-80e3-47fe03b77367_639196372326430904.xml,WDBC,Go South Coast,Go South Coast 1016 Outbound,Poole - Bournemouth,price_band_2.8@AdultSingle,2.8
BLUS_4424_Outbound_ChildSingle_eed5e2e8-c472-41af-825e-db09ec887334_639196402905738460.xml,BLUS,Go South Coast,Go South Coast 4424 Outbound,Eastleigh - Hedge End,price_band_1.0@ChildSingle,1.0
WDBC_1053_Outbound_ChildSingle_2f1f0c04-770d-4707-ab06-213c5a798ad7_639196376421005259.xml,WDBC,Go South Coast,Go South Coast 1053 Outbound,Bournemouth - Wimborne,price_band_3.0@ChildSingle,3.0
TDTR_7080_Outbound_YoungPersonRtn_a9f4b9e2-e9ea-4456-80e3-47fe03b77367_639196408865610342.xml,TDTR,Go South Coast,Go South Coast 7080 Outbound,Swindon - Marlborough,price_band_4.0@YoungPersonRtn,4.0
WDBC_1786_Outbound_AdultReturn_a9f4b9e2-e9ea-4456-80e3-47fe03b77367_639196379210182800.xml,WDBC,Go South Coast,Go South Coast 1786 Outbound,Park Gates - Bournemouth School for Girls,price_band_5.4@AdultReturn,5.4
SWWD_3329_Outbound_ChildSingle_a9f4b9e2-e9ea-4456-80e3-47fe03b77367_639196395688036382.xml,SWWD,Go South Coast,Go South Coast 3329 Outbound,Salisbury - Broad Chalke,price_band_2.5@ChildSingle,2.5
TDTR_7017_Outbound_YoungPersonSgl_a9f4b9e2-e9ea-4456-80e3-47fe03b77367_639196408250441812.xml,TDTR,Go South Coast,Go South Coast 7017 Outbound,Penhill - Park South,price_band_2.2@YoungPersonSgl,2.2
WDBC_2762_Inbound_ChildReturn_a9f4b9e2-e9ea-4456-80e3-47fe03b77367_639196387465695948.xml,WDBC,Go South Coast,Go South Coast 2762 Inbound,Keyhaven Road  - Priestlands School,price_band_3.8@ChildReturn,3.8
WDBC_2120_Inbound_ChildReturn_a9f4b9e2-e9ea-4456-80e3-47fe03b77367_639196386391190830.xml,WDBC,Go South Coast,Go South Coast 2120 Inbound,New Milton Tesco - Lymington,price_band_2.3@ChildReturn,2.3
SWWD_3513_Inbound_AdultReturn_a9f4b9e2-e9ea-4456-80e3-47fe03b77367_639196399180162772.xml,SWWD,Go South Coast,Go South Coast 3513 Inbound,Blue Boar Row - Bulbridge Chantry Road,price_band_4.5@AdultReturn,4.5
WDBC_2002_Outbound_AdultSingle_2f1f0c04-770d-4707-ab06-213c5a798ad7_639196385539158703.xml,WDBC,Go South Coast,Go South Coast 2002 Outbound,Bournemouth - Lymington,price_band_3.0@AdultSingle,3.0
DAMY_6020_Inbound_AdultReturn_a9f4b9e2-e9ea-4456-80e3-47fe03b77367_639196406017983792.xml,DAMY,Go South Coast,Go South Coast 6020 Inbound,Salisbury - Blandford,price_band_6.0@AdultReturn,6.0
WDBC_2120_Inbound_AdultSingle_a9f4b9e2-e9ea-4456-80e3-47fe03b77367_639196386396682490.xml,WDBC,Go South Coast,Go South Coast 2120 Inbound,New Milton Tesco - Lymington,price_band_2.3@AdultSingle,2.3
DAMY_6020_Outbound_ChildReturn_a9f4b9e2-e9ea-4456-80e3-47fe03b77367_639196406158048579.xml,DAMY,Go South Coast,Go South Coast 6020 Outbound,Salisbury - Blandford,price_band_2.9@ChildReturn,2.9
SWWD_3886_Inbound_AdultReturn_a9f4b9e2-e9ea-4456-80e3-47fe03b77367_639196400873165727.xml,SWWD,Go South Coast,Go South Coast 3886 Inbound,St Peters Place  - Burgate School,price_band_3.6@AdultReturn,3.6
WDBC_1950_Inbound_AdultSingle_d46597a9-440e-4c13-b49a-76a3986683d1_639196383753375432.xml,WDBC,Go South Coast,Go South Coast 1950 Inbound,Bournemouth - Swanage,price_band_1.0@AdultSingle,1.0
WDBC_3882_Outbound_ChildSingle_a9f4b9e2-e9ea-4456-80e3-47fe03b77367_639196400658406968.xml,WDBC,Go South Coast,Go South Coast 3882 Outbound,Stratford Road Grammar School - Burgate School,price_band_1.9@ChildSingle,1.9
SWWD_3102_Outbound_ChildReturn_a9f4b9e2-e9ea-4456-80e3-47fe03b77367_639196392294832997.xml,SWWD,Go South Coast,Go South Coast 3102 Outbound,Salisbury - Devizes,price_band_3.6@ChildReturn,3.6
TDTR_7091_Outbound_YoungPersonSgl_a9f4b9e2-e9ea-4456-80e3-47fe03b77367_639196408948536679.xml,TDTR,Go South Coast,Go South Coast 7091 Outbound,Orbital Park - GW Hospital,price_band_2.2@YoungPersonSgl,2.2
TDTR_7080_Inbound_YoungPersonRtn_a9f4b9e2-e9ea-4456-80e3-47fe03b77367_639196408802237036.xml,TDTR,Go South Coast,Go South Coast 7080 Inbound,Swindon - Marlborough,price_band_2.5@YoungPersonRtn,2.5
WDBC_1053_Outbound_AdultReturn_a9f4b9e2-e9ea-4456-80e3-47fe03b77367_639196376245552313.xml,WDBC,Go South Coast,Go South Coast 1053 Outbound,Bournemouth - Wimborne,price_band_4.5@AdultReturn,4.5
BLUS_4011_Inbound_ChildSingle_a9f4b9e2-e9ea-4456-80e3-47fe03b77367_639196401701149240.xml,BLUS,Go South Coast,Go South Coast 4011 Inbound,Southampton - West Totton,price_band_2.5@ChildSingle,2.5
BLUS_4425_Inbound_AdultReturn_a9f4b9e2-e9ea-4456-80e3-47fe03b77367_639196402919489709.xml,BLUS,Go South Coast,Go South Coast 4425 Inbound,Eastleigh - Boorley Park,price_band_5.7@AdultReturn,5.7
DAMY_6920_Inbound_ChildReturn_a9f4b9e2-e9ea-4456-80e3-47fe03b77367_639196407771189759.xml,DAMY,Go South Coast,Go South Coast 6920 Inbound,Salisbury - Steam Fair,price_band_3.1@ChildReturn,3.1
SWWD_7920_Outbound_AdultSingle_a9f4b9e2-e9ea-4456-80e3-47fe03b77367_639196410236318925.xml,SWWD,Go South Coast,Go South Coast 7920 Outbound,Tidworth - Pewsey DRT,price_band_3.0@AdultSingle,3.0
WDBC_1789_Outbound_ChildReturn_a9f4b9e2-e9ea-4456-80e3-47fe03b77367_639196379399568118.xml,WDBC,Go South Coast,Go South Coast 1789 Outbound,Bournemouth School for Girls - Lymington,price_band_4.6@ChildReturn,4.6
SWWD_7086_Inbound_AdultSingle_a9f4b9e2-e9ea-4456-80e3-47fe03b77367_639196408869823674.xml,SWWD,Go South Coast,Go South Coast 7086 Inbound,Ansty - Shaftesbury,price_band_2.4@AdultSingle,2.4
BLUS_8461_Outbound_ChildReturn_a9f4b9e2-e9ea-4456-80e3-47fe03b77367_639196410552880843.xml,BLUS,Go South Coast,Go South Coast 8461 Outbound,Bevois Valley - Nursling Ind. Estate,price_band_2.6@ChildReturn,2.6
SWWD_3012_Inbound_ChildSingle_a9f4b9e2-e9ea-4456-80e3-47fe03b77367_639196391239373883.xml,SWWD,Go South Coast,Go South Coast 3012 Inbound,Salisbury - Stratford,price_band_2.3@ChildSingle,2.3
WDBC_1802_Outbound_AdultReturn_a9f4b9e2-e9ea-4456-80e3-47fe03b77367_639196379611497754.xml,WDBC,Go South Coast,Go South Coast 1802 Outbound,Bournemouth - Castlepoint,price_band_4.2@AdultReturn,4.2
SVCT_8503_Outbound_AdultSingle_a9f4b9e2-e9ea-4456-80e3-47fe03b77367_639196410649295032.xml,SVCT,Go South Coast,Go South Coast 8503 Outbound,Needles - Breezer,price_band_8.0@AdultSingle,8.0
WDBC_1114_Inbound_AdultSingle_a9f4b9e2-e9ea-4456-80e3-47fe03b77367_639196377598873181.xml,WDBC,Go South Coast,Go South Coast 1114 Inbound,Poole - RB Hospital,price_band_2.6@AdultSingle,2.6
SWWD_3101_Inbound_AdultSingle_a9f4b9e2-e9ea-4456-80e3-47fe03b77367_639196391978450697.xml,SWWD,Go South Coast,Go South Coast 3101 Inbound,Devizes - Pewsey,price_band_2.0@AdultSingle,2.0
WDBC_1931_Outbound_ChildReturn_a9f4b9e2-e9ea-4456-80e3-47fe03b77367_639196383527168660.xml,WDBC,Go South Coast,Go South Coast 1931 Outbound,Wool - Lulworth,price_band_4.2@ChildReturn,4.2
BLUS_3135_Outbound_ChildSingle_a9f4b9e2-e9ea-4456-80e3-47fe03b77367_639196393316257473.xml,BLUS,Go South Coast,Go South Coast 3135 Outbound,Romsey - Braishfield,price_band_2.5@ChildSingle,2.5
WDBC_1003_Inbound_AdultSingle_2f1f0c04-770d-4707-ab06-213c5a798ad7_639196370393706166.xml,WDBC,Go South Coast,Go South Coast 1003 Inbound,Poole - Wimborne,price_band_1.0@AdultSingle,1.0
WDBC_1804_Outbound_ChildSingle_a9f4b9e2-e9ea-4456-80e3-47fe03b77367_639196379717671390.xml,WDBC,Go South Coast,Go South Coast 1804 Outbound,Bournemouth - Castlepoint,price_band_2.5@ChildSingle,2.5
SWWD_3029_Outbound_ChildSingle_a9f4b9e2-e9ea-4456-80e3-47fe03b77367_639196391456912319.xml,SWWD,Go South Coast,Go South Coast 3029 Outbound,Salisbury - Shaftesbury,price_band_3.0@ChildSingle,3.0
WDBC_2001_Outbound_ChildSingle_d46597a9-440e-4c13-b49a-76a3986683d1_639196385011460081.xml,WDBC,Go South Coast,Go South Coast 2001 Outbound,Bournemouth - Lymington,price_band_1.0@ChildSingle,1.0
SWWD_3515_Inbound_ChildSingle_a9f4b9e2-e9ea-4456-80e3-47fe03b77367_639196399284624939.xml,SWWD,Go South Coast,Go South Coast 3515 Inbound,City Centre - Petersfinger Park & Ride,price_band_2.3@ChildSingle,2.3
SVCT_5272_Inbound_AdultSingle_a9f4b9e2-e9ea-4456-80e3-47fe03b77367_639196405685455056.xml,SVCT,Go South Coast,Go South Coast 5272 Inbound,Ryde - Ventnor,price_band_3.0@AdultSingle,3.0
TDTR_7562_Outbound_ChildSingle_a9f4b9e2-e9ea-4456-80e3-47fe03b77367_639196410148653514.xml,TDTR,Go South Coast,Go South Coast 7562 Outbound,Yate - Malmesbury,price_band_5.2@ChildSingle,5.2
WDBC_1021_Outbound_ChildReturn_a9f4b9e2-e9ea-4456-80e3-47fe03b77367_639196374187242002.xml,WDBC,Go South Coast,Go South Coast 1021 Outbound,Bournemouth - High Howe,price_band_3.2@ChildReturn,3.2
BLUS_4028_Inbound_AdultSingle_a9f4b9e2-e9ea-4456-80e3-47fe03b77367_639196402544874277.xml,BLUS,Go South Coast,Go South Coast 4028 Inbound,Southampton - Southampton Science Park,price_band_3.0@AdultSingle,3.0
SWWD_3125_Inbound_AdultReturn_a9f4b9e2-e9ea-4456-80e3-47fe03b77367_639196392784009675.xml,SWWD,Go South Coast,Go South Coast 3125 Inbound,South Wilts Grammar School - Hindon,price_band_4.5@AdultReturn,4.5
TDTR_7046_Inbound_AdultSingle_a9f4b9e2-e9ea-4456-80e3-47fe03b77367_639196408388353117.xml,TDTR,Go South Coast,Go South Coast 7046 Inbound,Swindon - Hungerford,price_band_2.1@AdultSingle,2.1
WDBC_1805_Inbound_ChildReturn_a9f4b9e2-e9ea-4456-80e3-47fe03b77367_639196379764165872.xml,WDBC,Go South Coast,Go South Coast 1805 Inbound,Bournemouth - Kinson,price_band_3.7@ChildReturn,3.7
SWWD_3040_Inbound_ChildReturn_a9f4b9e2-e9ea-4456-80e3-47fe03b77367_639196391517369137.xml,SWWD,Go South Coast,Go South Coast 3040 Inbound,Salisbury - Woodfalls,price_band_4.9@ChildReturn,4.9
TDTR_7531_Inbound_AdultReturn_a9f4b9e2-e9ea-4456-80e3-47fe03b77367_639196409752070390.xml,TDTR,Go South Coast,Go South Coast 7531 Inbound,Rushey Platt - Cirencester College,price_band_8.3@AdultReturn,8.3
BLUS_4008_Outbound_ChildSingle_eed5e2e8-c472-41af-825e-db09ec887334_639196401518662338.xml,BLUS,Go South Coast,Go South Coast 4008 Outbound,Southampton - Hythe,price_band_1.0@ChildSingle,1.0
WDBC_1805_Outbound_ChildReturn_a9f4b9e2-e9ea-4456-80e3-47fe03b77367_639196379814868213.xml,WDBC,Go South Coast,Go South Coast 1805 Outbound,Bournemouth - Kinson,price_band_3.2@ChildReturn,3.2
SWWD_3010_Inbound_ChildSingle_a9f4b9e2-e9ea-4456-80e3-47fe03b77367_639196391167898257.xml,SWWD,Go South Coast,Go South Coast 3010 Inbound,City Centre - St Peters Place,price_band_2.3@ChildSingle,2.3
WDBC_1038_Outbound_ChildReturn_a9f4b9e2-e9ea-4456-80e3-47fe03b77367_639196374712380593.xml,WDBC,Go South Coast,Go South Coast 1038 Outbound,Ferndown - Ringwood,price_band_4.0@ChildReturn,4.0
WDBC_1833_Outbound_ChildSingle_a9f4b9e2-e9ea-4456-80e3-47fe03b77367_639196381693130299.xml,WDBC,Go South Coast,Go South Coast 1833 Outbound,Alum Chine - Castlepoint,price_band_2.5@ChildSingle,2.5
BLUS_4009_Inbound_ChildReturn_a9f4b9e2-e9ea-4456-80e3-47fe03b77367_639196401546478686.xml,BLUS,Go South Coast,Go South Coast 4009 Inbound,Southampton - Langley/Fawley,price_band_4.0@ChildReturn,4.0
SWWD_3137_Inbound_ChildSingle_a9f4b9e2-e9ea-4456-80e3-47fe03b77367_639196393371572109.xml,SWWD,Go South Coast,Go South Coast 3137 Inbound,Salisbury - West Dean,price_band_2.5@ChildSingle,2.5
SWWD_3451_Outbound_ChildReturn_a9f4b9e2-e9ea-4456-80e3-47fe03b77367_639196397922008390.xml,SWWD,Go South Coast,Go South Coast 3451 Outbound,Salisbury - Sling - Larkhill,price_band_3.6@ChildReturn,3.6
SWWD_3883_Inbound_AdultReturn_a9f4b9e2-e9ea-4456-80e3-47fe03b77367_639196400675487921.xml,SWWD,Go South Coast,Go South Coast 3883 Inbound,Bishopdown Farm  - Burgate School,price_band_3.6@AdultReturn,3.6
BLUS_4017_Outbound_AdultSingle_f15d1b06-486f-433a-8991-95f1a97a87e0_639196402102742091.xml,BLUS,Go South Coast,Go South Coast 4017 Outbound,Weston - Adanac Park,price_band_1.0@AdultSingle,1.0
SWWD_3322_Outbound_ChildSingle_a9f4b9e2-e9ea-4456-80e3-47fe03b77367_639196394781332414.xml,SWWD,Go South Coast,Go South Coast 3322 Outbound,City Centre - Bishopdown,price_band_1.9@ChildSingle,1.9
WDBC_2620_Outbound_AdultSingle_a9f4b9e2-e9ea-4456-80e3-47fe03b77367_639196387323310170.xml,WDBC,Go South Coast,Go South Coast 2620 Outbound,Thorney Hill - Brockenhurst College,price_band_5.6@AdultSingle,5.6
BLUS_4026_Outbound_ChildSingle_eed5e2e8-c472-41af-825e-db09ec887334_639196402538362431.xml,BLUS,Go South Coast,Go South Coast 4026 Outbound,Southampton - Whiteley,price_band_1.0@ChildSingle,1.0
SWWD_3726_Inbound_AdultReturn_a9f4b9e2-e9ea-4456-80e3-47fe03b77367_639196400332138382.xml,SWWD,Go South Coast,Go South Coast 3726 Inbound,Salisbury - East Knoyle,price_band_4.2@AdultReturn,4.2
WDBC_1054_Outbound_AdultSingle_d46597a9-440e-4c13-b49a-76a3986683d1_639196376704755080.xml,WDBC,Go South Coast,Go South Coast 1054 Outbound,Poole - Wimborne,price_band_2.9@AdultSingle,2.9
WDBC_1011_Inbound_AdultSingle_a9f4b9e2-e9ea-4456-80e3-47fe03b77367_639196370990830787.xml,WDBC,Go South Coast,Go South Coast 1011 Inbound,Bournemouth - Canford Paddock,price_band_2.8@AdultSingle,2.8
WDBC_2612_Inbound_AdultReturn_a9f4b9e2-e9ea-4456-80e3-47fe03b77367_639196387066088729.xml,WDBC,Go South Coast,Go South Coast 2612 Inbound,Dibden Purlieu - Brockenhurst College,price_band_7.9@AdultReturn,7.9
WDBC_6419_Outbound_AdultSingle_a9f4b9e2-e9ea-4456-80e3-47fe03b77367_639196406811265190.xml,WDBC,Go South Coast,Go South Coast 6419 Outbound,Compton Avenue - Poole Grammar,price_band_2.2@AdultSingle,2.2
TDTR_7042_Outbound_ChildSingle_a9f4b9e2-e9ea-4456-80e3-47fe03b77367_639196408331477297.xml,TDTR,Go South Coast,Go South Coast 7042 Outbound,Calne - St John's School,price_band_0.8@ChildSingle,0.8
WDBC_6415_Inbound_ChildSingle_a9f4b9e2-e9ea-4456-80e3-47fe03b77367_639196406520735000.xml,WDBC,Go South Coast,Go South Coast 6415 Inbound,St Anns Hospital - Poole Grammar School,price_band_2.1@ChildSingle,2.1
SWWD_3125_Inbound_ChildSingle_a9f4b9e2-e9ea-4456-80e3-47fe03b77367_639196392807183154.xml,SWWD,Go South Coast,Go South Coast 3125 Inbound,South Wilts Grammar School - Hindon,price_band_2.5@ChildSingle,2.5
BLUS_4015_Outbound_ChildSingle_eed5e2e8-c472-41af-825e-db09ec887334_639196401970416860.xml,BLUS,Go South Coast,Go South Coast 4015 Outbound,Central Station - Hamble,price_band_1.0@ChildSingle,1.0
SVCT_8511_Inbound_YoungAdSingle_a9f4b9e2-e9ea-4456-80e3-47fe03b77367_639196410792597208.xml,SVCT,Go South Coast,Go South Coast 8511 Inbound,Island Coaster - East,price_band_3.4@YoungAdSingle,3.4
SWWD_3329_Outbound_AdultReturn_a9f4b9e2-e9ea-4456-80e3-47fe03b77367_639196395680614135.xml,SWWD,Go South Coast,Go South Coast 3329 Outbound,Salisbury - Broad Chalke,price_band_5.7@AdultReturn,5.7
SWWD_3301_Inbound_AdultReturn_a9f4b9e2-e9ea-4456-80e3-47fe03b77367_639196394295025650.xml,SWWD,Go South Coast,Go South Coast 3301 Inbound,District Hospital - Bemerton Heath,price_band_4.5@AdultReturn,4.5
WDBC_1950_Inbound_ChildReturn_a9f4b9e2-e9ea-4456-80e3-47fe03b77367_639196383626189776.xml,WDBC,Go South Coast,Go South Coast 1950 Inbound,Bournemouth - Swanage,price_band_2.8@ChildReturn,2.8
WDBC_1011_Outbound_ChildSingle_a9f4b9e2-e9ea-4456-80e3-47fe03b77367_639196371092939686.xml,WDBC,Go South Coast,Go South Coast 1011 Outbound,Bournemouth - Canford Paddock,price_band_2.2@ChildSingle,2.2
WDBC_1170_Outbound_ChildReturn_a9f4b9e2-e9ea-4456-80e3-47fe03b77367_639196378532441348.xml,WDBC,Go South Coast,Go South Coast 1170 Outbound,Rockley Park - Hengistbury Head,price_band_2.8@ChildReturn,2.8
WDBC_6903_Inbound_ChildSingle_a9f4b9e2-e9ea-4456-80e3-47fe03b77367_639196407469886969.xml,WDBC,Go South Coast,Go South Coast 6903 Inbound,Swanage - Lulworth,price_band_2.8@ChildSingle,2.8
WDBC_1818_Inbound_AdultReturn_a9f4b9e2-e9ea-4456-80e3-47fe03b77367_639196380160185369.xml,WDBC,Go South Coast,Go South Coast 1818 Inbound,Bournemouth - Broadstone,price_band_4.2@AdultReturn,4.2
SVCT_5107_Inbound_ChildSingle_a9f4b9e2-e9ea-4456-80e3-47fe03b77367_639196405124689692.xml,SVCT,Go South Coast,Go South Coast 5107 Inbound,Alum Bay  - Newport,price_band_3.0@ChildSingle,3.0
WDBC_1908_Outbound_AdultReturn_a9f4b9e2-e9ea-4456-80e3-47fe03b77367_639196383472494660.xml,WDBC,Go South Coast,Go South Coast 1908 Outbound,Poole - Blandford,price_band_4.2@AdultReturn,4.2
WDBC_1170_Inbound_AdultReturn_a9f4b9e2-e9ea-4456-80e3-47fe03b77367_639196378157465562.xml,WDBC,Go South Coast,Go South Coast 1170 Inbound,Rockley Park - Hengistbury Head,price_band_4.7@AdultReturn,4.7
WDBC_1951_Outbound_AdultSingle_a9f4b9e2-e9ea-4456-80e3-47fe03b77367_639196384185391493.xml,WDBC,Go South Coast,Go South Coast 1951 Outbound,Bournemouth - Sandbanks,price_band_3.0@AdultSingle,3.0
TDTR_7012_Inbound_AdultSingle_a9f4b9e2-e9ea-4456-80e3-47fe03b77367_639196408149481650.xml,TDTR,Go South Coast,Go South Coast 7012 Inbound,Oakhurst - Great Western Hospital,price_band_3.0@AdultSingle,3.0
SWWD_3138_Outbound_ChildReturn_a9f4b9e2-e9ea-4456-80e3-47fe03b77367_639196393543478045.xml,SWWD,Go South Coast,Go South Coast 3138 Outbound,West Dean  - Laverstock & Grammar,price_band_4.9@ChildReturn,4.9
SWWD_3087_Inbound_AdultSingle_a9f4b9e2-e9ea-4456-80e3-47fe03b77367_639196391730235399.xml,SWWD,Go South Coast,Go South Coast 3087 Inbound,South Wilts Grammar School - Lopcombe Corner,price_band_2.3@AdultSingle,2.3
WDBC_1017_Inbound_ChildSingle_a9f4b9e2-e9ea-4456-80e3-47fe03b77367_639196372642771553.xml,WDBC,Go South Coast,Go South Coast 1017 Inbound,Poole - Bournemouth,price_band_2.5@ChildSingle,2.5
SWWD_3303_Outbound_ChildSingle_a9f4b9e2-e9ea-4456-80e3-47fe03b77367_639196394465231158.xml,SWWD,Go South Coast,Go South Coast 3303 Outbound,City Centre - Ditchampton,price_band_2.5@ChildSingle,2.5
TDTR_7009_Inbound_YoungPersonSgl_a9f4b9e2-e9ea-4456-80e3-47fe03b77367_639196408105553320.xml,TDTR,Go South Coast,Go South Coast 7009 Inbound,Swindon - Wroughton,price_band_2.5@YoungPersonSgl,2.5
DAMY_6020_Outbound_ChildReturn_a9f4b9e2-e9ea-4456-80e3-47fe03b77367_639196406158048579.xml,DAMY,Go South Coast,Go South Coast 6020 Outbound,Salisbury - Blandford,price_band_2.5@ChildReturn,2.5
TDTR_7080_Outbound_AdultSingle_a9f4b9e2-e9ea-4456-80e3-47fe03b77367_639196408832630581.xml,TDTR,Go South Coast,Go South Coast 7080 Outbound,Swindon - Marlborough,price_band_2.2@AdultSingle,2.2
WDBC_1811_Outbound_ChildReturn_a9f4b9e2-e9ea-4456-80e3-47fe03b77367_639196380095499254.xml,WDBC,Go South Coast,Go South Coast 1811 Outbound,Bournemouth - Somerford,price_band_3.7@ChildReturn,3.7
WDBC_2186_Inbound_ChildSingle_a9f4b9e2-e9ea-4456-80e3-47fe03b77367_639196386719799011.xml,WDBC,Go South Coast,Go South Coast 2186 Inbound,Southampton - Lymington,price_band_2.5@ChildSingle,2.5
WDBC_1068_Outbound_ChildSingle_d46597a9-440e-4c13-b49a-76a3986683d1_639196377047191966.xml,WDBC,Go South Coast,Go South Coast 1068 Outbound,Poole - Poole Clockwise,price_band_1.0@ChildSingle,1.0
SWWD_3533_Inbound_ChildSingle_a9f4b9e2-e9ea-4456-80e3-47fe03b77367_639196399567890553.xml,SWWD,Go South Coast,Go South Coast 3533 Inbound,Dinton - City Centre,price_band_1.9@ChildSingle,1.9
DAMY_6487_Outbound_ChildSingle_a9f4b9e2-e9ea-4456-80e3-47fe03b77367_639196407161038133.xml,DAMY,Go South Coast,Go South Coast 6487 Outbound,Blandford - Dorchester,price_band_2.7@ChildSingle,2.7
WDBC_3882_Inbound_AdultSingle_a9f4b9e2-e9ea-4456-80e3-47fe03b77367_639196400623621146.xml,WDBC,Go South Coast,Go South Coast 3882 Inbound,Stratford Road Grammar School - Burgate School,price_band_2.3@AdultSingle,2.3
WDBC_1011_Outbound_ChildSingle_a9f4b9e2-e9ea-4456-80e3-47fe03b77367_639196371092939686.xml,WDBC,Go South Coast,Go South Coast 1011 Outbound,Bournemouth - Canford Paddock,price_band_1.9@ChildSingle,1.9
WDBC_2120_Outbound_ChildSingle_a9f4b9e2-e9ea-4456-80e3-47fe03b77367_639196386428993774.xml,WDBC,Go South Coast,Go South Coast 2120 Outbound,New Milton Tesco - Lymington,price_band_2.8@ChildSingle,2.8
WDBC_2956_Outbound_ChildSingle_a9f4b9e2-e9ea-4456-80e3-47fe03b77367_639196389678919503.xml,WDBC,Go South Coast,Go South Coast 2956 Outbound,Ringwood - Bournemouth,price_band_2.1@ChildSingle,2.1
SWWD_7086_Outbound_ChildSingle_a9f4b9e2-e9ea-4456-80e3-47fe03b77367_639196408903632613.xml,SWWD,Go South Coast,Go South Coast 7086 Outbound,Ansty - Shaftesbury,price_band_2.0@ChildSingle,2.0
TDTR_7180_Inbound_AdultReturn_a9f4b9e2-e9ea-4456-80e3-47fe03b77367_639196409498292008.xml,TDTR,Go South Coast,Go South Coast 7180 Inbound,Marlborough - Ludgershall,price_band_6.0@AdultReturn,6.0
WDBC_1786_Inbound_AdultSingle_a9f4b9e2-e9ea-4456-80e3-47fe03b77367_639196379193219072.xml,WDBC,Go South Coast,Go South Coast 1786 Inbound,Park Gates - Bournemouth School for Girls,price_band_3.3@AdultSingle,3.3
WDBC_2906_Inbound_ChildSingle_a9f4b9e2-e9ea-4456-80e3-47fe03b77367_639196387692353098.xml,WDBC,Go South Coast,Go South Coast 2906 Inbound,Poole - Ringwood,price_band_2.5@ChildSingle,2.5
WDBC_2762_Inbound_AdultReturn_a9f4b9e2-e9ea-4456-80e3-47fe03b77367_639196387458466874.xml,WDBC,Go South Coast,Go South Coast 2762 Inbound,Keyhaven Road  - Priestlands School,price_band_5.2@AdultReturn,5.2
BLUS_4004_Inbound_ChildSingle_f15d1b06-486f-433a-8991-95f1a97a87e0_639196401142601768.xml,BLUS,Go South Coast,Go South Coast 4004 Inbound,Southampton - Romsey,price_band_1.0@ChildSingle,1.0
SWWD_3667_Outbound_AdultSingle_a9f4b9e2-e9ea-4456-80e3-47fe03b77367_639196400063865651.xml,SWWD,Go South Coast,Go South Coast 3667 Outbound,Wilton & Barford Primary Sch  - Fugglestone,price_band_2.0@AdultSingle,2.0
SWWD_3102_Inbound_AdultReturn_a9f4b9e2-e9ea-4456-80e3-47fe03b77367_639196392017927741.xml,SWWD,Go South Coast,Go South Coast 3102 Inbound,Salisbury - Devizes,price_band_6.0@AdultReturn,6.0
WDBC_1011_Outbound_AdultSingle_a9f4b9e2-e9ea-4456-80e3-47fe03b77367_639196371070458652.xml,WDBC,Go South Coast,Go South Coast 1011 Outbound,Bournemouth - Canford Paddock,price_band_2.8@AdultSingle,2.8
SVCT_5109_Inbound_ChildSingle_a9f4b9e2-e9ea-4456-80e3-47fe03b77367_639196405267178783.xml,SVCT,Go South Coast,Go South Coast 5109 Inbound,Ryde  - Newport,price_band_1.8@ChildSingle,1.8
DAMY_6487_Inbound_ChildSingle_a9f4b9e2-e9ea-4456-80e3-47fe03b77367_639196407108213280.xml,DAMY,Go South Coast,Go South Coast 6487 Inbound,Blandford - Dorchester,price_band_1.9@ChildSingle,1.9
SWWD_3885_Outbound_AdultReturn_a9f4b9e2-e9ea-4456-80e3-47fe03b77367_639196400807148431.xml,SWWD,Go South Coast,Go South Coast 3885 Outbound,Whaddon - Burgate School,price_band_4.2@AdultReturn,4.2
BLUS_4002_Inbound_ChildSingle_f15d1b06-486f-433a-8991-95f1a97a87e0_639196401050268485.xml,BLUS,Go South Coast,Go South Coast 4002 Inbound,Southampton - Fair Oak,price_band_1.0@ChildSingle,1.0
WDBC_1788_Inbound_ChildSingle_a9f4b9e2-e9ea-4456-80e3-47fe03b77367_639196379249363002.xml,WDBC,Go South Coast,Go South Coast 1788 Inbound,Walkford - Bournemouth School for Girls,price_band_3.1@ChildSingle,3.1
WDBC_2633_Outbound_AdultSingle_a9f4b9e2-e9ea-4456-80e3-47fe03b77367_639196387427779345.xml,WDBC,Go South Coast,Go South Coast 2633 Outbound,Wimborne - Brockenhurst College,price_band_2.6@AdultSingle,2.6
WDBC_6418_Outbound_ChildReturn_a9f4b9e2-e9ea-4456-80e3-47fe03b77367_639196406749532960.xml,WDBC,Go South Coast,Go South Coast 6418 Outbound,Sandbanks Ferry - Poole Grammar School,price_band_3.7@ChildReturn,3.7
DAMY_6020_Outbound_AdultSingle_a9f4b9e2-e9ea-4456-80e3-47fe03b77367_639196406113514895.xml,DAMY,Go South Coast,Go South Coast 6020 Outbound,Salisbury - Blandford,price_band_3.0@AdultSingle,3.0
BLUS_4424_Inbound_AdultSingle_a9f4b9e2-e9ea-4456-80e3-47fe03b77367_639196402872942829.xml,BLUS,Go South Coast,Go South Coast 4424 Inbound,Eastleigh - Hedge End,price_band_2.8@AdultSingle,2.8
WDBC_1011_Outbound_ChildSingle_a9f4b9e2-e9ea-4456-80e3-47fe03b77367_639196371092939686.xml,WDBC,Go South Coast,Go South Coast 1011 Outbound,Bournemouth - Canford Paddock,price_band_2.8@ChildSingle,2.8
WDBC_6785_Outbound_ChildReturn_a9f4b9e2-e9ea-4456-80e3-47fe03b77367_639196407398807137.xml,WDBC,Go South Coast,Go South Coast 6785 Outbound,East Stoke - Purbeck School,price_band_6.9@ChildReturn,6.9
WDBC_1908_Outbound_ChildReturn_a9f4b9e2-e9ea-4456-80e3-47fe03b77367_639196383483420945.xml,WDBC,Go South Coast,Go South Coast 1908 Outbound,Poole - Blandford,price_band_5.6@ChildReturn,5.6
WDBC_1903_Inbound_ChildSingle_d46597a9-440e-4c13-b49a-76a3986683d1_639196383271165900.xml,WDBC,Go South Coast,Go South Coast 1903 Inbound,Poole - Wimborne,price_band_1.9@ChildSingle,1.9
WDBC_1050_Outbound_ChildSingle_d46597a9-440e-4c13-b49a-76a3986683d1_639196375757832533.xml,WDBC,Go South Coast,Go South Coast 1050 Outbound,Bournemouth Station - Swanage,price_band_3.0@ChildSingle,3.0
BLUS_4004_Outbound_AdultReturn_a9f4b9e2-e9ea-4456-80e3-47fe03b77367_639196401160156794.xml,BLUS,Go South Coast,Go South Coast 4004 Outbound,Southampton - Romsey,price_band_6.0@AdultReturn,6.0
BLUS_4503_Outbound_ChildReturn_a9f4b9e2-e9ea-4456-80e3-47fe03b77367_639196402968666557.xml,BLUS,Go South Coast,Go South Coast 4503 Outbound,Valley Park - Thornden,price_band_4.0@ChildReturn,4.0
SWWD_3509_Outbound_ChildSingle_a9f4b9e2-e9ea-4456-80e3-47fe03b77367_639196399085722230.xml,SWWD,Go South Coast,Go South Coast 3509 Outbound,Milford Street - New Canal,price_band_1.9@ChildSingle,1.9
WDBC_2633_Outbound_AdultReturn_a9f4b9e2-e9ea-4456-80e3-47fe03b77367_639196387416522704.xml,WDBC,Go South Coast,Go South Coast 2633 Outbound,Wimborne - Brockenhurst College,price_band_6.4@AdultReturn,6.4
SWWD_3726_Outbound_ChildReturn_a9f4b9e2-e9ea-4456-80e3-47fe03b77367_639196400436322760.xml,SWWD,Go South Coast,Go South Coast 3726 Outbound,Salisbury - East Knoyle,price_band_2.5@ChildReturn,2.5
SWWD_3651_Outbound_ChildSingle_a9f4b9e2-e9ea-4456-80e3-47fe03b77367_639196400007001362.xml,SWWD,Go South Coast,Go South Coast 3651 Outbound,Avon Valley College - Sling,price_band_2.1@ChildSingle,2.1
WDBC_1053_Outbound_ChildSingle_d46597a9-440e-4c13-b49a-76a3986683d1_639196376449410194.xml,WDBC,Go South Coast,Go South Coast 1053 Outbound,Bournemouth - Wimborne,price_band_1.9@ChildSingle,1.9
BLUS_4010_Outbound_ChildReturn_a9f4b9e2-e9ea-4456-80e3-47fe03b77367_639196401675632120.xml,BLUS,Go South Coast,Go South Coast 4010 Outbound,Southampton - Sholing,price_band_2.6@ChildReturn,2.6
WDBC_6419_Outbound_ChildSingle_a9f4b9e2-e9ea-4456-80e3-47fe03b77367_639196406825655245.xml,WDBC,Go South Coast,Go South Coast 6419 Outbound,Compton Avenue - Poole Grammar,price_band_2.4@ChildSingle,2.4
SWWD_3029_Inbound_ChildSingle_a9f4b9e2-e9ea-4456-80e3-47fe03b77367_639196391365576655.xml,SWWD,Go South Coast,Go South Coast 3029 Inbound,Salisbury - Shaftesbury,price_band_2.5@ChildSingle,2.5
WDBC_1755_Inbound_ChildSingle_a9f4b9e2-e9ea-4456-80e3-47fe03b77367_639196379123503150.xml,WDBC,Go South Coast,Go South Coast 1755 Inbound,Bournemouth Station - Bournemouth School for Girls,price_band_2.2@ChildSingle,2.2
BLUS_4001_Outbound_ChildSingle_a9f4b9e2-e9ea-4456-80e3-47fe03b77367_639196400987334517.xml,BLUS,Go South Coast,Go South Coast 4001 Outbound,Southampton - Winchester,price_band_2.5@ChildSingle,2.5
TDTR_7539_Inbound_AdultReturn_a9f4b9e2-e9ea-4456-80e3-47fe03b77367_639196409941799943.xml,TDTR,Go South Coast,Go South Coast 7539 Inbound,Wroughton - Cirencester College,price_band_8.3@AdultReturn,8.3
BLUS_4538_Outbound_ChildSingle_a9f4b9e2-e9ea-4456-80e3-47fe03b77367_639196403026986506.xml,BLUS,Go South Coast,Go South Coast 4538 Outbound,Rushington - Applemore College,price_band_2.5@ChildSingle,2.5
TDTR_7148_Outbound_ChildReturn_a9f4b9e2-e9ea-4456-80e3-47fe03b77367_639196409217318209.xml,TDTR,Go South Coast,Go South Coast 7148 Outbound,Swindon - Marlborough,price_band_3.0@ChildReturn,3.0
WDBC_1170_Inbound_ChildSingle_a9f4b9e2-e9ea-4456-80e3-47fe03b77367_639196378199693405.xml,WDBC,Go South Coast,Go South Coast 1170 Inbound,Rockley Park - Hengistbury Head,price_band_2.8@ChildSingle,2.8
WDBC_6415_Inbound_ChildSingle_a9f4b9e2-e9ea-4456-80e3-47fe03b77367_639196406520735000.xml,WDBC,Go South Coast,Go South Coast 6415 Inbound,St Anns Hospital - Poole Grammar School,price_band_3.4@ChildSingle,3.4
WDBC_2002_Inbound_ChildReturn_a9f4b9e2-e9ea-4456-80e3-47fe03b77367_639196385115015873.xml,WDBC,Go South Coast,Go South Coast 2002 Inbound,Bournemouth - Lymington,price_band_2.8@ChildReturn,2.8
WDBC_1010_Outbound_ChildReturn_a9f4b9e2-e9ea-4456-80e3-47fe03b77367_639196370973107163.xml,WDBC,Go South Coast,Go South Coast 1010 Outbound,Poole - Lytchett Matravers,price_band_3.7@ChildReturn,3.7
TDTR_7176_Outbound_AdultSingle_a9f4b9e2-e9ea-4456-80e3-47fe03b77367_639196409445999044.xml,TDTR,Go South Coast,Go South Coast 7176 Outbound,Calne - Bath,price_band_2.0@AdultSingle,2.0
SWWD_3726_Outbound_ChildSingle_a9f4b9e2-e9ea-4456-80e3-47fe03b77367_639196400421560426.xml,SWWD,Go South Coast,Go South Coast 3726 Outbound,Salisbury - East Knoyle,price_band_2.7@ChildSingle,2.7
WDBC_1035_Inbound_ChildReturn_a9f4b9e2-e9ea-4456-80e3-47fe03b77367_639196374621180380.xml,WDBC,Go South Coast,Go South Coast 1035 Inbound,Swanage - Wareham,price_band_4.0@ChildReturn,4.0
SWWD_3102_Outbound_ChildReturn_a9f4b9e2-e9ea-4456-80e3-47fe03b77367_639196392294832997.xml,SWWD,Go South Coast,Go South Coast 3102 Outbound,Salisbury - Devizes,price_band_4.9@ChildReturn,4.9
BLUS_4011_Inbound_ChildSingle_a9f4b9e2-e9ea-4456-80e3-47fe03b77367_639196401701149240.xml,BLUS,Go South Coast,Go South Coast 4011 Inbound,Southampton - West Totton,price_band_2.1@ChildSingle,2.1
WDBC_1789_Outbound_AdultSingle_a9f4b9e2-e9ea-4456-80e3-47fe03b77367_639196379381398294.xml,WDBC,Go South Coast,Go South Coast 1789 Outbound,Bournemouth School for Girls - Lymington,price_band_2.9@AdultSingle,2.9
SWWD_3110_Outbound_AdultSingle_a9f4b9e2-e9ea-4456-80e3-47fe03b77367_639196392735107718.xml,SWWD,Go South Coast,Go South Coast 3110 Outbound,Bedwyn - Marlborough,price_band_3.0@AdultSingle,3.0
BLUS_4815_Inbound_ChildSingle_eed5e2e8-c472-41af-825e-db09ec887334_639196403525005516.xml,BLUS,Go South Coast,Go South Coast 4815 Inbound,Boyatt Wood - Eastleigh,price_band_1.0@ChildSingle,1.0
BLUS_4009_Inbound_ChildSingle_f15d1b06-486f-433a-8991-95f1a97a87e0_639196401568664885.xml,BLUS,Go South Coast,Go South Coast 4009 Inbound,Southampton - Langley/Fawley,price_band_1.0@ChildSingle,1.0
WDBC_6449_Outbound_ChildSingle_a9f4b9e2-e9ea-4456-80e3-47fe03b77367_639196406959656211.xml,WDBC,Go South Coast,Go South Coast 6449 Outbound,St Osmunds - Parkstone Grammar,price_band_3.1@ChildSingle,3.1
SWWD_3010_Outbound_AdultReturn_a9f4b9e2-e9ea-4456-80e3-47fe03b77367_639196391185198302.xml,SWWD,Go South Coast,Go South Coast 3010 Outbound,City Centre - St Peters Place,price_band_4.5@AdultReturn,4.5
SWWD_3002_Inbound_AdultSingle_a9f4b9e2-e9ea-4456-80e3-47fe03b77367_639196390186545477.xml,SWWD,Go South Coast,Go South Coast 3002 Inbound,Salisbury - Devizes,price_band_2.3@AdultSingle,2.3
SWWD_3138_Inbound_ChildSingle_a9f4b9e2-e9ea-4456-80e3-47fe03b77367_639196393532839474.xml,SWWD,Go South Coast,Go South Coast 3138 Inbound,West Dean  - Laverstock & Grammar,price_band_3.0@ChildSingle,3.0
WDBC_1021_Inbound_AdultReturn_a9f4b9e2-e9ea-4456-80e3-47fe03b77367_639196374056536633.xml,WDBC,Go South Coast,Go South Coast 1021 Inbound,Bournemouth - High Howe,price_band_4.8@AdultReturn,4.8
WDBC_1744_Outbound_ChildReturn_a9f4b9e2-e9ea-4456-80e3-47fe03b77367_639196379106636805.xml,WDBC,Go South Coast,Go South Coast 1744 Outbound,Old Town - South Road Middle,price_band_3.4@ChildReturn,3.4
SWWD_3625_Inbound_ChildSingle_a9f4b9e2-e9ea-4456-80e3-47fe03b77367_639196399634381045.xml,SWWD,Go South Coast,Go South Coast 3625 Inbound,Mere - Gillingham,price_band_2.1@ChildSingle,2.1
BLUS_4021_Inbound_AdultSingle_f15d1b06-486f-433a-8991-95f1a97a87e0_639196402342423113.xml,BLUS,Go South Coast,Go South Coast 4021 Inbound,Southampton - Lordshill,price_band_1.0@AdultSingle,1.0
TDTR_7546_Outbound_ChildReturn_a9f4b9e2-e9ea-4456-80e3-47fe03b77367_639196410058319713.xml,TDTR,Go South Coast,Go South Coast 7546 Outbound,Shrivenham - Cirencester College,price_band_8.3@ChildReturn,8.3
SWWD_3402_Inbound_ChildReturn_a9f4b9e2-e9ea-4456-80e3-47fe03b77367_639196395908099026.xml,SWWD,Go South Coast,Go South Coast 3402 Inbound,Salisbury - Devizes,price_band_5.1@ChildReturn,5.1
WDBC_2001_Inbound_ChildSingle_a9f4b9e2-e9ea-4456-80e3-47fe03b77367_639196384385006027.xml,WDBC,Go South Coast,Go South Coast 2001 Inbound,Bournemouth - Lymington,price_band_2.5@ChildSingle,2.5
TDTR_7061_Inbound_YoungPersonSgl_a9f4b9e2-e9ea-4456-80e3-47fe03b77367_639196408613943169.xml,TDTR,Go South Coast,Go South Coast 7061 Inbound,Great Western Hospital - Middleleaze,price_band_2.2@YoungPersonSgl,2.2
WDBC_1017_Inbound_ChildSingle_a9f4b9e2-e9ea-4456-80e3-47fe03b77367_639196372642771553.xml,WDBC,Go South Coast,Go South Coast 1017 Inbound,Poole - Bournemouth,price_band_2.2@ChildSingle,2.2
WDBC_2024_Outbound_AdultSingle_a9f4b9e2-e9ea-4456-80e3-47fe03b77367_639196386238938482.xml,WDBC,Go South Coast,Go South Coast 2024 Outbound,Castlepoint - Christchurch,price_band_2.8@AdultSingle,2.8
WDBC_1001_Inbound_ChildSingle_2f1f0c04-770d-4707-ab06-213c5a798ad7_639196369330159637.xml,WDBC,Go South Coast,Go South Coast 1001 Inbound,Poole - Bournemouth Hospital,price_band_1.0@ChildSingle,1.0
WDBC_6672_Outbound_ChildSingle_a9f4b9e2-e9ea-4456-80e3-47fe03b77367_639196407285643885.xml,WDBC,Go South Coast,Go South Coast 6672 Outbound,Albert Road - Bloxworth,price_band_1.9@ChildSingle,1.9
WDBC_1011_Inbound_ChildSingle_a9f4b9e2-e9ea-4456-80e3-47fe03b77367_639196371010936977.xml,WDBC,Go South Coast,Go South Coast 1011 Inbound,Bournemouth - Canford Paddock,price_band_2.5@ChildSingle,2.5
WDBC_1013_Outbound_ChildSingle_d46597a9-440e-4c13-b49a-76a3986683d1_639196371637714285.xml,WDBC,Go South Coast,Go South Coast 1013 Outbound,Bournemouth - Wimborne,price_band_1.9@ChildSingle,1.9
WDBC_2002_Inbound_ChildSingle_2f1f0c04-770d-4707-ab06-213c5a798ad7_639196385280654281.xml,WDBC,Go South Coast,Go South Coast 2002 Inbound,Bournemouth - Lymington,price_band_2.1@ChildSingle,2.1
WDBC_8409_Outbound_AdultSingle_a9f4b9e2-e9ea-4456-80e3-47fe03b77367_639196410420358607.xml,WDBC,Go South Coast,Go South Coast 8409 Outbound,Lyndhurst - Exbury GREEN,price_band_5.7@AdultSingle,5.7
DAMY_6307_Inbound_ChildSingle_a9f4b9e2-e9ea-4456-80e3-47fe03b77367_639196406414235561.xml,DAMY,Go South Coast,Go South Coast 6307 Inbound,Blandford - Shaftesbury,price_band_1.3@ChildSingle,1.3
BLUS_4539_Inbound_AdultReturn_a9f4b9e2-e9ea-4456-80e3-47fe03b77367_639196403028652590.xml,BLUS,Go South Coast,Go South Coast 4539 Inbound,Rushington - Applemore College,price_band_4.9@AdultReturn,4.9
TDTR_7176_Inbound_AdultReturn_a9f4b9e2-e9ea-4456-80e3-47fe03b77367_639196409372244768.xml,TDTR,Go South Coast,Go South Coast 7176 Inbound,Calne - Bath,price_band_4.0@AdultReturn,4.0
SVCT_5002_Outbound_AdultSingle_a9f4b9e2-e9ea-4456-80e3-47fe03b77367_639196403635389990.xml,SVCT,Go South Coast,Go South Coast 5002 Outbound,Newport - Ryde,price_band_3.0@AdultSingle,3.0
SWWD_3507_Outbound_ChildSingle_a9f4b9e2-e9ea-4456-80e3-47fe03b77367_639196399054193002.xml,SWWD,Go South Coast,Go South Coast 3507 Outbound,City Centre - Lopcombe Corner,price_band_1.9@ChildSingle,1.9
WDBC_1170_Outbound_AdultReturn_a9f4b9e2-e9ea-4456-80e3-47fe03b77367_639196378445188342.xml,WDBC,Go South Coast,Go South Coast 1170 Outbound,Rockley Park - Hengistbury Head,price_band_4.7@AdultReturn,4.7
WDBC_6943_Outbound_ChildSingle_a9f4b9e2-e9ea-4456-80e3-47fe03b77367_639196408018644321.xml,WDBC,Go South Coast,Go South Coast 6943 Outbound,Lulworth - Weymouth,price_band_2.3@ChildSingle,2.3
SWWD_3457_Outbound_AdultSingle_a9f4b9e2-e9ea-4456-80e3-47fe03b77367_639196398186997020.xml,SWWD,Go South Coast,Go South Coast 3457 Outbound,Salisbury - Southampton,price_band_2.8@AdultSingle,2.8
WDBC_1903_Outbound_AdultSingle_2f1f0c04-770d-4707-ab06-213c5a798ad7_639196383359929184.xml,WDBC,Go South Coast,Go South Coast 1903 Outbound,Poole - Wimborne,price_band_2.3@AdultSingle,2.3
WDBC_1811_Inbound_ChildSingle_a9f4b9e2-e9ea-4456-80e3-47fe03b77367_639196380022763608.xml,WDBC,Go South Coast,Go South Coast 1811 Inbound,Bournemouth - Somerford,price_band_1.9@ChildSingle,1.9
WDBC_6449_Outbound_ChildSingle_a9f4b9e2-e9ea-4456-80e3-47fe03b77367_639196406959656211.xml,WDBC,Go South Coast,Go South Coast 6449 Outbound,St Osmunds - Parkstone Grammar,price_band_2.1@ChildSingle,2.1
SVCT_5262_Inbound_ChildSingle_a9f4b9e2-e9ea-4456-80e3-47fe03b77367_639196405597809487.xml,SVCT,Go South Coast,Go South Coast 5262 Inbound,Newport - Sandown,price_band_2.4@ChildSingle,2.4
WDBC_2761_Inbound_ChildSingle_a9f4b9e2-e9ea-4456-80e3-47fe03b77367_639196387441241983.xml,WDBC,Go South Coast,Go South Coast 2761 Inbound,Bunkers Hill Cottage - Priestlands School,price_band_3.0@ChildSingle,3.0
WDBC_6943_Inbound_AdultReturn_a9f4b9e2-e9ea-4456-80e3-47fe03b77367_639196407951881567.xml,WDBC,Go South Coast,Go South Coast 6943 Inbound,Lulworth - Weymouth,price_band_4.8@AdultReturn,4.8
WDBC_1020_Inbound_ChildSingle_a9f4b9e2-e9ea-4456-80e3-47fe03b77367_639196373307408516.xml,WDBC,Go South Coast,Go South Coast 1020 Inbound,Poole - Christchurch,price_band_2.3@ChildSingle,2.3
SWWD_7201_Inbound_AdultReturn_a9f4b9e2-e9ea-4456-80e3-47fe03b77367_639196409611567721.xml,SWWD,Go South Coast,Go South Coast 7201 Inbound,Figheldean - Salisbury,price_band_4.0@AdultReturn,4.0
WDBC_8209_Outbound_AdultSingle_a9f4b9e2-e9ea-4456-80e3-47fe03b77367_639196410338766567.xml,WDBC,Go South Coast,Go South Coast 8209 Outbound,Ringwood - Lyndhurst RED,price_band_6.0@AdultSingle,6.0
TDTR_7048_Inbound_AdultReturn_a9f4b9e2-e9ea-4456-80e3-47fe03b77367_639196408478077017.xml,TDTR,Go South Coast,Go South Coast 7048 Inbound,Swindon - Marlborough,price_band_6.0@AdultReturn,6.0
WDBC_1015_Inbound_ChildSingle_a9f4b9e2-e9ea-4456-80e3-47fe03b77367_639196371729607266.xml,WDBC,Go South Coast,Go South Coast 1015 Inbound,Poole - Bournemouth Hospital,price_band_1.9@ChildSingle,1.9
WDBC_1811_Inbound_ChildSingle_d46597a9-440e-4c13-b49a-76a3986683d1_639196380059451027.xml,WDBC,Go South Coast,Go South Coast 1811 Inbound,Bournemouth - Somerford,price_band_1.0@ChildSingle,1.0
WDBC_3882_Inbound_AdultSingle_a9f4b9e2-e9ea-4456-80e3-47fe03b77367_639196400623621146.xml,WDBC,Go South Coast,Go South Coast 3882 Inbound,Stratford Road Grammar School - Burgate School,price_band_2.1@AdultSingle,2.1
WDBC_1040_Outbound_ChildSingle_a9f4b9e2-e9ea-4456-80e3-47fe03b77367_639196375272862585.xml,WDBC,Go South Coast,Go South Coast 1040 Outbound,Swanage - Poole,price_band_1.9@ChildSingle,1.9
SWWD_3008_Outbound_ChildReturn_a9f4b9e2-e9ea-4456-80e3-47fe03b77367_639196391010248148.xml,SWWD,Go South Coast,Go South Coast 3008 Outbound,Salisbury - Zouch Estate,price_band_2.9@ChildReturn,2.9
WDBC_2176_Inbound_ChildReturn_a9f4b9e2-e9ea-4456-80e3-47fe03b77367_639196386527099334.xml,WDBC,Go South Coast,Go South Coast 2176 Inbound,Christchurch - Ringwood,price_band_2.9@ChildReturn,2.9
SWWD_3002_Inbound_ChildReturn_a9f4b9e2-e9ea-4456-80e3-47fe03b77367_639196390217555892.xml,SWWD,Go South Coast,Go South Coast 3002 Inbound,Salisbury - Devizes,price_band_2.5@ChildReturn,2.5
BLUS_4001_Outbound_ChildSingle_a9f4b9e2-e9ea-4456-80e3-47fe03b77367_639196400987334517.xml,BLUS,Go South Coast,Go South Coast 4001 Outbound,Southampton - Winchester,price_band_2.1@ChildSingle,2.1
WDBC_2906_Inbound_AdultReturn_a9f4b9e2-e9ea-4456-80e3-47fe03b77367_639196387645832397.xml,WDBC,Go South Coast,Go South Coast 2906 Inbound,Poole - Ringwood,price_band_5.1@AdultReturn,5.1
SWWD_3327_Inbound_ChildSingle_a9f4b9e2-e9ea-4456-80e3-47fe03b77367_639196395477382755.xml,SWWD,Go South Coast,Go South Coast 3327 Inbound,Salisbury - Shaftesbury,price_band_2.5@ChildSingle,2.5
WDBC_1642_Outbound_ChildSingle_a9f4b9e2-e9ea-4456-80e3-47fe03b77367_639196378828283826.xml,WDBC,Go South Coast,Go South Coast 1642 Outbound,Poole  - Talbot Campus,price_band_1.9@ChildSingle,1.9
SWWD_3125_Outbound_AdultReturn_a9f4b9e2-e9ea-4456-80e3-47fe03b77367_639196392943572625.xml,SWWD,Go South Coast,Go South Coast 3125 Outbound,South Wilts Grammar School - Hindon,price_band_5.4@AdultReturn,5.4
WDBC_1020_Outbound_ChildReturn_a9f4b9e2-e9ea-4456-80e3-47fe03b77367_639196373769580077.xml,WDBC,Go South Coast,Go South Coast 1020 Outbound,Poole - Christchurch,price_band_3.2@ChildReturn,3.2
SWWD_3126_Outbound_ChildSingle_a9f4b9e2-e9ea-4456-80e3-47fe03b77367_639196393222165369.xml,SWWD,Go South Coast,Go South Coast 3126 Outbound,Salisbury - Hindon,price_band_2.5@ChildSingle,2.5
WDBC_1837_Outbound_AdultReturn_a9f4b9e2-e9ea-4456-80e3-47fe03b77367_639196381925967925.xml,WDBC,Go South Coast,Go South Coast 1837 Outbound,Bournemouth - Bournemouth International Airport,price_band_5.5@AdultReturn,5.5
BLUS_4002_Inbound_AdultReturn_a9f4b9e2-e9ea-4456-80e3-47fe03b77367_639196401019715181.xml,BLUS,Go South Coast,Go South Coast 4002 Inbound,Southampton - Fair Oak,price_band_4.5@AdultReturn,4.5
WDBC_2953_Outbound_ChildSingle_a9f4b9e2-e9ea-4456-80e3-47fe03b77367_639196389041038966.xml,WDBC,Go South Coast,Go South Coast 2953 Outbound,Salisbury - Ringwood,price_band_3.0@ChildSingle,3.0
SWWD_3126_Inbound_AdultReturn_a9f4b9e2-e9ea-4456-80e3-47fe03b77367_639196393114062107.xml,SWWD,Go South Coast,Go South Coast 3126 Inbound,Salisbury - Hindon,price_band_6.0@AdultReturn,6.0
WDBC_1836_Inbound_AdultSingle_a9f4b9e2-e9ea-4456-80e3-47fe03b77367_639196381760751679.xml,WDBC,Go South Coast,Go South Coast 1836 Inbound,Talbot View - Kinson,price_band_3.0@AdultSingle,3.0
WDBC_2120_Outbound_AdultSingle_a9f4b9e2-e9ea-4456-80e3-47fe03b77367_639196386417843541.xml,WDBC,Go South Coast,Go South Coast 2120 Outbound,New Milton Tesco - Lymington,price_band_2.3@AdultSingle,2.3
BLUS_4002_Inbound_AdultReturn_a9f4b9e2-e9ea-4456-80e3-47fe03b77367_639196401019715181.xml,BLUS,Go South Coast,Go South Coast 4002 Inbound,Southampton - Fair Oak,price_band_5.7@AdultReturn,5.7
BLUS_4425_Outbound_ChildReturn_a9f4b9e2-e9ea-4456-80e3-47fe03b77367_639196402951252350.xml,BLUS,Go South Coast,Go South Coast 4425 Outbound,Eastleigh - Boorley Park,price_band_2.6@ChildReturn,2.6
SWWD_3102_Outbound_ChildSingle_a9f4b9e2-e9ea-4456-80e3-47fe03b77367_639196392204977181.xml,SWWD,Go South Coast,Go South Coast 3102 Outbound,Salisbury - Devizes,price_band_2.9@ChildSingle,2.9
BLUS_4008_Inbound_ChildSingle_a9f4b9e2-e9ea-4456-80e3-47fe03b77367_639196401437922564.xml,BLUS,Go South Coast,Go South Coast 4008 Inbound,Southampton - Hythe,price_band_2.5@ChildSingle,2.5
WDBC_2620_Outbound_AdultReturn_a9f4b9e2-e9ea-4456-80e3-47fe03b77367_639196387347166763.xml,WDBC,Go South Coast,Go South Coast 2620 Outbound,Thorney Hill - Brockenhurst College,price_band_4.0@AdultReturn,4.0
SVCT_5263_Outbound_ChildSingle_a9f4b9e2-e9ea-4456-80e3-47fe03b77367_639196405624160242.xml,SVCT,Go South Coast,Go South Coast 5263 Outbound,Newport - Ventnor,price_band_3.0@ChildSingle,3.0
WDBC_2186_Outbound_ChildSingle_eed5e2e8-c472-41af-825e-db09ec887334_639196386803407846.xml,WDBC,Go South Coast,Go South Coast 2186 Outbound,Southampton - Lymington,price_band_1.0@ChildSingle,1.0
WDBC_6786_Inbound_ChildReturn_a9f4b9e2-e9ea-4456-80e3-47fe03b77367_639196407402557444.xml,WDBC,Go South Coast,Go South Coast 6786 Inbound,Bere Regis - Purbeck School,price_band_6.9@ChildReturn,6.9
SWWD_3402_Outbound_ChildReturn_a9f4b9e2-e9ea-4456-80e3-47fe03b77367_639196396010784145.xml,SWWD,Go South Coast,Go South Coast 3402 Outbound,Salisbury - Devizes,price_band_5.1@ChildReturn,5.1
WDBC_1806_Outbound_ChildSingle_a9f4b9e2-e9ea-4456-80e3-47fe03b77367_639196379954878978.xml,WDBC,Go South Coast,Go South Coast 1806 Outbound,Bournemouth - Wimborne,price_band_2.5@ChildSingle,2.5
WDBC_2001_Outbound_AdultSingle_2f1f0c04-770d-4707-ab06-213c5a798ad7_639196384919067459.xml,WDBC,Go South Coast,Go South Coast 2001 Outbound,Bournemouth - Lymington,price_band_1.0@AdultSingle,1.0
BLUS_4103_Outbound_ChildReturn_a9f4b9e2-e9ea-4456-80e3-47fe03b77367_639196402674936574.xml,BLUS,Go South Coast,Go South Coast 4103 Outbound,Southampton - Eastleigh,price_band_2.6@ChildReturn,2.6
BLUS_8461_Inbound_ChildSingle_f15d1b06-486f-433a-8991-95f1a97a87e0_639196410542340331.xml,BLUS,Go South Coast,Go South Coast 8461 Inbound,Bevois Valley - Nursling Ind. Estate,price_band_1.0@ChildSingle,1.0
WDBC_6418_Outbound_ChildReturn_a9f4b9e2-e9ea-4456-80e3-47fe03b77367_639196406749532960.xml,WDBC,Go South Coast,Go South Coast 6418 Outbound,Sandbanks Ferry - Poole Grammar School,price_band_2.3@ChildReturn,2.3
WDBC_6185_Inbound_ChildSingle_a9f4b9e2-e9ea-4456-80e3-47fe03b77367_639196406393447886.xml,WDBC,Go South Coast,Go South Coast 6185 Inbound,Blandford - Blandford Sch,price_band_2.8@ChildSingle,2.8
TDTR_7076_Inbound_YoungPersonRtn_a9f4b9e2-e9ea-4456-80e3-47fe03b77367_639196408679877245.xml,TDTR,Go South Coast,Go South Coast 7076 Inbound,Marlborough - Bath,price_band_2.8@YoungPersonRtn,2.8
WDBC_6416_Inbound_AdultSingle_a9f4b9e2-e9ea-4456-80e3-47fe03b77367_639196406602363431.xml,WDBC,Go South Coast,Go South Coast 6416 Inbound,Penn Hill Avenue  - Poole Grammar School,price_band_3.5@AdultSingle,3.5
WDBC_1837_Inbound_ChildSingle_d46597a9-440e-4c13-b49a-76a3986683d1_639196381906882492.xml,WDBC,Go South Coast,Go South Coast 1837 Inbound,Bournemouth - Bournemouth International Airport,price_band_2.8@ChildSingle,2.8
SWWD_3525_Inbound_ChildSingle_a9f4b9e2-e9ea-4456-80e3-47fe03b77367_639196399495610199.xml,SWWD,Go South Coast,Go South Coast 3525 Inbound,City Centre - Petersfinger Park & Ride,price_band_2.9@ChildSingle,2.9
WDBC_1833_Outbound_ChildReturn_a9f4b9e2-e9ea-4456-80e3-47fe03b77367_639196381707335126.xml,WDBC,Go South Coast,Go South Coast 1833 Outbound,Alum Chine - Castlepoint,price_band_3.7@ChildReturn,3.7
BLUS_4015_Outbound_AdultReturn_a9f4b9e2-e9ea-4456-80e3-47fe03b77367_639196401947102480.xml,BLUS,Go South Coast,Go South Coast 4015 Outbound,Central Station - Hamble,price_band_6.0@AdultReturn,6.0
WDBC_1642_Inbound_AdultSingle_2f1f0c04-770d-4707-ab06-213c5a798ad7_639196378802945312.xml,WDBC,Go South Coast,Go South Coast 1642 Inbound,Poole  - Talbot Campus,price_band_1.0@AdultSingle,1.0
WDBC_2112_Inbound_AdultSingle_a9f4b9e2-e9ea-4456-80e3-47fe03b77367_639196386290708807.xml,WDBC,Go South Coast,Go South Coast 2112 Inbound,Hythe - Lymington,price_band_2.3@AdultSingle,2.3
WDBC_8600_Outbound_AdultSingle_a9f4b9e2-e9ea-4456-80e3-47fe03b77367_639196410825628036.xml,WDBC,Go South Coast,Go South Coast 8600 Outbound,Kings Park - Boscombe Pier,price_band_1.0@AdultSingle,1.0
WDBC_2612_Inbound_AdultReturn_a9f4b9e2-e9ea-4456-80e3-47fe03b77367_639196387066088729.xml,WDBC,Go South Coast,Go South Coast 2612 Inbound,Dibden Purlieu - Brockenhurst College,price_band_3.6@AdultReturn,3.6
WDBC_1011_Inbound_ChildSingle_a9f4b9e2-e9ea-4456-80e3-47fe03b77367_639196371010936977.xml,WDBC,Go South Coast,Go South Coast 1011 Inbound,Bournemouth - Canford Paddock,price_band_2.3@ChildSingle,2.3
SWWD_3126_Inbound_ChildReturn_a9f4b9e2-e9ea-4456-80e3-47fe03b77367_639196393154456719.xml,SWWD,Go South Coast,Go South Coast 3126 Inbound,Salisbury - Hindon,price_band_5.1@ChildReturn,5.1
WDBC_2112_Inbound_ChildSingle_a9f4b9e2-e9ea-4456-80e3-47fe03b77367_639196386324315955.xml,WDBC,Go South Coast,Go South Coast 2112 Inbound,Hythe - Lymington,price_band_2.3@ChildSingle,2.3
TDTR_7046_Inbound_YoungPersonSgl_a9f4b9e2-e9ea-4456-80e3-47fe03b77367_639196408418608166.xml,TDTR,Go South Coast,Go South Coast 7046 Inbound,Swindon - Hungerford,price_band_2.4@YoungPersonSgl,2.4
WDBC_1805_Inbound_AdultReturn_a9f4b9e2-e9ea-4456-80e3-47fe03b77367_639196379753977529.xml,WDBC,Go South Coast,Go South Coast 1805 Inbound,Bournemouth - Kinson,price_band_4.5@AdultReturn,4.5
WDBC_1833_Outbound_ChildReturn_a9f4b9e2-e9ea-4456-80e3-47fe03b77367_639196381707335126.xml,WDBC,Go South Coast,Go South Coast 1833 Outbound,Alum Chine - Castlepoint,price_band_3.1@ChildReturn,3.1
WDBC_2120_Outbound_ChildSingle_a9f4b9e2-e9ea-4456-80e3-47fe03b77367_639196386428993774.xml,WDBC,Go South Coast,Go South Coast 2120 Outbound,New Milton Tesco - Lymington,price_band_3.0@ChildSingle,3.0
SWWD_3645_Outbound_AdultReturn_a9f4b9e2-e9ea-4456-80e3-47fe03b77367_639196399873235960.xml,SWWD,Go South Coast,Go South Coast 3645 Outbound,Stratford Road Grammar School - Hamptworth Cuckoo,price_band_5.7@AdultReturn,5.7
WDBC_1804_Inbound_ChildSingle_a9f4b9e2-e9ea-4456-80e3-47fe03b77367_639196379669897960.xml,WDBC,Go South Coast,Go South Coast 1804 Inbound,Bournemouth - Castlepoint,price_band_1.9@ChildSingle,1.9
WDBC_1801_Inbound_ChildSingle_a9f4b9e2-e9ea-4456-80e3-47fe03b77367_639196379446634713.xml,WDBC,Go South Coast,Go South Coast 1801 Inbound,Bournemouth - Christchurch,price_band_2.5@ChildSingle,2.5
WDBC_1040_Inbound_ChildSingle_d46597a9-440e-4c13-b49a-76a3986683d1_639196375106224712.xml,WDBC,Go South Coast,Go South Coast 1040 Inbound,Swanage - Poole,price_band_1.0@ChildSingle,1.0
SWWD_3308_Outbound_ChildReturn_a9f4b9e2-e9ea-4456-80e3-47fe03b77367_639196394634038333.xml,SWWD,Go South Coast,Go South Coast 3308 Outbound,Blue Boar Row - Ditchampton,price_band_2.5@ChildReturn,2.5
WDBC_2604_Inbound_AdultReturn_a9f4b9e2-e9ea-4456-80e3-47fe03b77367_639196386983994727.xml,WDBC,Go South Coast,Go South Coast 2604 Inbound,Langley Farm - Brockenhurst College,price_band_5.8@AdultReturn,5.8
WDBC_2953_Outbound_ChildReturn_a9f4b9e2-e9ea-4456-80e3-47fe03b77367_639196388918636375.xml,WDBC,Go South Coast,Go South Coast 2953 Outbound,Salisbury - Ringwood,price_band_6.0@ChildReturn,6.0
SWWD_3210_Outbound_AdultReturn_a9f4b9e2-e9ea-4456-80e3-47fe03b77367_639196394087789252.xml,SWWD,Go South Coast,Go South Coast 3210 Outbound,City Centre - St Peters Place,price_band_4.2@AdultReturn,4.2
SWWD_3002_Outbound_ChildReturn_a9f4b9e2-e9ea-4456-80e3-47fe03b77367_639196390438312146.xml,SWWD,Go South Coast,Go South Coast 3002 Outbound,Salisbury - Devizes,price_band_2.7@ChildReturn,2.7
TDTR_7067_Inbound_AdultSingle_a9f4b9e2-e9ea-4456-80e3-47fe03b77367_639196408656790367.xml,TDTR,Go South Coast,Go South Coast 7067 Inbound,Penhill - Park South,price_band_2.8@AdultSingle,2.8
TDTR_7259_Inbound_AdultSingle_a9f4b9e2-e9ea-4456-80e3-47fe03b77367_639196409738279653.xml,TDTR,Go South Coast,Go South Coast 7259 Inbound,Town Centre - Ridgeway School,price_band_3.1@AdultSingle,3.1
WDBC_1013_Inbound_ChildSingle_a9f4b9e2-e9ea-4456-80e3-47fe03b77367_639196371262982949.xml,WDBC,Go South Coast,Go South Coast 1013 Inbound,Bournemouth - Wimborne,price_band_2.3@ChildSingle,2.3
TDTR_7046_Outbound_ChildReturn_a9f4b9e2-e9ea-4456-80e3-47fe03b77367_639196408448353921.xml,TDTR,Go South Coast,Go South Coast 7046 Outbound,Swindon - Hungerford,price_band_1.8@ChildReturn,1.8
WDBC_1035_Outbound_ChildReturn_a9f4b9e2-e9ea-4456-80e3-47fe03b77367_639196374680330806.xml,WDBC,Go South Coast,Go South Coast 1035 Outbound,Swanage - Wareham,price_band_6.0@ChildReturn,6.0
WDBC_1831_Outbound_AdultSingle_a9f4b9e2-e9ea-4456-80e3-47fe03b77367_639196381276077193.xml,WDBC,Go South Coast,Go South Coast 1831 Outbound,Bournemouth - Hunt Road and Somerford,price_band_2.5@AdultSingle,2.5
SVCT_5401_Outbound_AdultSingle_a9f4b9e2-e9ea-4456-80e3-47fe03b77367_639196405724591234.xml,SVCT,Go South Coast,Go South Coast 5401 Outbound,Newport - Cowes [N1],price_band_3.0@AdultSingle,3.0
WDBC_2604_Inbound_AdultSingle_a9f4b9e2-e9ea-4456-80e3-47fe03b77367_639196386987381722.xml,WDBC,Go South Coast,Go South Coast 2604 Inbound,Langley Farm - Brockenhurst College,price_band_4.0@AdultSingle,4.0
BLUS_4007_Outbound_AdultSingle_a9f4b9e2-e9ea-4456-80e3-47fe03b77367_639196401369667227.xml,BLUS,Go South Coast,Go South Coast 4007 Outbound,Lordshill - Sholing,price_band_2.6@AdultSingle,2.6
WDBC_2002_Outbound_ChildReturn_a9f4b9e2-e9ea-4456-80e3-47fe03b77367_639196385418186648.xml,WDBC,Go South Coast,Go South Coast 2002 Outbound,Bournemouth - Lymington,price_band_3.1@ChildReturn,3.1
BLUS_4424_Outbound_AdultSingle_a9f4b9e2-e9ea-4456-80e3-47fe03b77367_639196402891583442.xml,BLUS,Go South Coast,Go South Coast 4424 Outbound,Eastleigh - Hedge End,price_band_3.0@AdultSingle,3.0
WDBC_6943_Inbound_ChildReturn_a9f4b9e2-e9ea-4456-80e3-47fe03b77367_639196407994428424.xml,WDBC,Go South Coast,Go South Coast 6943 Inbound,Lulworth - Weymouth,price_band_3.9@ChildReturn,3.9
DAMY_6487_Inbound_ChildReturn_a9f4b9e2-e9ea-4456-80e3-47fe03b77367_639196407097431280.xml,DAMY,Go South Coast,Go South Coast 6487 Inbound,Blandford - Dorchester,price_band_2.1@ChildReturn,2.1
WDBC_2002_Inbound_ChildReturn_a9f4b9e2-e9ea-4456-80e3-47fe03b77367_639196385115015873.xml,WDBC,Go South Coast,Go South Coast 2002 Inbound,Bournemouth - Lymington,price_band_3.2@ChildReturn,3.2
WDBC_1006_Inbound_ChildSingle_2f1f0c04-770d-4707-ab06-213c5a798ad7_639196370767061661.xml,WDBC,Go South Coast,Go South Coast 1006 Inbound,Poole - Tower Park,price_band_1.0@ChildSingle,1.0
WDBC_1811_Inbound_ChildReturn_a9f4b9e2-e9ea-4456-80e3-47fe03b77367_639196380030509078.xml,WDBC,Go South Coast,Go South Coast 1811 Inbound,Bournemouth - Somerford,price_band_3.7@ChildReturn,3.7
SWWD_3886_Outbound_AdultReturn_a9f4b9e2-e9ea-4456-80e3-47fe03b77367_639196400901643893.xml,SWWD,Go South Coast,Go South Coast 3886 Outbound,St Peters Place  - Burgate School,price_band_5.1@AdultReturn,5.1
BLUS_4424_Outbound_AdultReturn_a9f4b9e2-e9ea-4456-80e3-47fe03b77367_639196402893927340.xml,BLUS,Go South Coast,Go South Coast 4424 Outbound,Eastleigh - Hedge End,price_band_6.0@AdultReturn,6.0
SWWD_3308_Inbound_AdultReturn_a9f4b9e2-e9ea-4456-80e3-47fe03b77367_639196394603250068.xml,SWWD,Go South Coast,Go South Coast 3308 Inbound,Blue Boar Row - Ditchampton,price_band_4.5@AdultReturn,4.5
WDBC_1016_Outbound_ChildReturn_a9f4b9e2-e9ea-4456-80e3-47fe03b77367_639196372343417653.xml,WDBC,Go South Coast,Go South Coast 1016 Outbound,Poole - Bournemouth,price_band_2.9@ChildReturn,2.9
SWWD_3102_Outbound_ChildReturn_a9f4b9e2-e9ea-4456-80e3-47fe03b77367_639196392294832997.xml,SWWD,Go South Coast,Go South Coast 3102 Outbound,Salisbury - Devizes,price_band_5.1@ChildReturn,5.1
TDTR_7158_Inbound_YoungPersonSgl_a9f4b9e2-e9ea-4456-80e3-47fe03b77367_639196409320256559.xml,TDTR,Go South Coast,Go South Coast 7158 Inbound,Great Western Hospital or Sun Inn - Ridgeway School,price_band_2.6@YoungPersonSgl,2.6
WDBC_1741_Inbound_ChildReturn_a9f4b9e2-e9ea-4456-80e3-47fe03b77367_639196379050947352.xml,WDBC,Go South Coast,Go South Coast 1741 Inbound,Sandbanks Ferry - Parkstone Grammar School,price_band_3.1@ChildReturn,3.1
DAMY_3183_Inbound_AdultSingle_a9f4b9e2-e9ea-4456-80e3-47fe03b77367_639196393781918403.xml,DAMY,Go South Coast,Go South Coast 3183 Inbound,Blandford - Weymouth,price_band_2.6@AdultSingle,2.6
WDBC_1903_Inbound_ChildSingle_2f1f0c04-770d-4707-ab06-213c5a798ad7_639196383252639639.xml,WDBC,Go South Coast,Go South Coast 1903 Inbound,Poole - Wimborne,price_band_1.0@ChildSingle,1.0
WDBC_1841_Inbound_ChildSingle_a9f4b9e2-e9ea-4456-80e3-47fe03b77367_639196381990492504.xml,WDBC,Go South Coast,Go South Coast 1841 Inbound,Bournemouth - Mudeford and Somerford,price_band_2.5@ChildSingle,2.5
UNIL_4742_Inbound_ChildSingle_a9f4b9e2-e9ea-4456-80e3-47fe03b77367_639196403342503511.xml,UNIL,Go South Coast,Go South Coast 4742 Inbound,Chamberlain Halls - Highfield,price_band_2.0@ChildSingle,2.0
SWWD_7901_Outbound_AdultSingle_a9f4b9e2-e9ea-4456-80e3-47fe03b77367_639196410225870462.xml,SWWD,Go South Coast,Go South Coast 7901 Outbound,Devizes - Pewsey DRT,price_band_3.0@AdultSingle,3.0
TDTR_7042_Inbound_ChildSingle_a9f4b9e2-e9ea-4456-80e3-47fe03b77367_639196408272961852.xml,TDTR,Go South Coast,Go South Coast 7042 Inbound,Calne - St John's School,price_band_1.3@ChildSingle,1.3
BLUS_4008_Inbound_ChildSingle_a9f4b9e2-e9ea-4456-80e3-47fe03b77367_639196401437922564.xml,BLUS,Go South Coast,Go South Coast 4008 Inbound,Southampton - Hythe,price_band_2.1@ChildSingle,2.1
SWWD_7086_Outbound_AdultReturn_a9f4b9e2-e9ea-4456-80e3-47fe03b77367_639196408898404039.xml,SWWD,Go South Coast,Go South Coast 7086 Outbound,Ansty - Shaftesbury,price_band_3.6@AdultReturn,3.6
WDBC_2906_Outbound_ChildReturn_a9f4b9e2-e9ea-4456-80e3-47fe03b77367_639196388242674616.xml,WDBC,Go South Coast,Go South Coast 2906 Outbound,Poole - Ringwood,price_band_3.1@ChildReturn,3.1
WDBC_1106_Inbound_AdultSingle_2f1f0c04-770d-4707-ab06-213c5a798ad7_639196377322396917.xml,WDBC,Go South Coast,Go South Coast 1106 Inbound,Poole - Tower Park,price_band_1.0@AdultSingle,1.0
WDBC_1644_Inbound_AdultSingle_a9f4b9e2-e9ea-4456-80e3-47fe03b77367_639196378933615908.xml,WDBC,Go South Coast,Go South Coast 1644 Inbound,Westbourne - Talbot Campus,price_band_2.4@AdultSingle,2.4
BLUS_4015_Outbound_AdultSingle_f15d1b06-486f-433a-8991-95f1a97a87e0_639196401958093424.xml,BLUS,Go South Coast,Go South Coast 4015 Outbound,Central Station - Hamble,price_band_1.0@AdultSingle,1.0
WDBC_2625_Inbound_AdultSingle_a9f4b9e2-e9ea-4456-80e3-47fe03b77367_639196387351280416.xml,WDBC,Go South Coast,Go South Coast 2625 Inbound,Brook - Brockenhurst College,price_band_5.2@AdultSingle,5.2
WDBC_1837_Inbound_AdultSingle_2f1f0c04-770d-4707-ab06-213c5a798ad7_639196381876655621.xml,WDBC,Go South Coast,Go South Coast 1837 Inbound,Bournemouth - Bournemouth International Airport,price_band_1.0@AdultSingle,1.0
SWWD_3087_Outbound_ChildReturn_a9f4b9e2-e9ea-4456-80e3-47fe03b77367_639196391819567596.xml,SWWD,Go South Coast,Go South Coast 3087 Outbound,South Wilts Grammar School - Lopcombe Corner,price_band_3.6@ChildReturn,3.6
SWWD_3029_Outbound_ChildReturn_a9f4b9e2-e9ea-4456-80e3-47fe03b77367_639196391480317502.xml,SWWD,Go South Coast,Go South Coast 3029 Outbound,Salisbury - Shaftesbury,price_band_6.0@ChildReturn,6.0
SWWD_7210_Inbound_AdultSingle_a9f4b9e2-e9ea-4456-80e3-47fe03b77367_639196409690309410.xml,SWWD,Go South Coast,Go South Coast 7210 Inbound,Figheldean - Devizes,price_band_2.0@AdultSingle,2.0
SWWD_3677_Inbound_AdultReturn_a9f4b9e2-e9ea-4456-80e3-47fe03b77367_639196400139571143.xml,SWWD,Go South Coast,Go South Coast 3677 Inbound,Stratford Road Grammar School - West Wellow,price_band_5.8@AdultReturn,5.8
WDBC_1050_Outbound_ChildReturn_a9f4b9e2-e9ea-4456-80e3-47fe03b77367_639196375675418878.xml,WDBC,Go South Coast,Go South Coast 1050 Outbound,Bournemouth Station - Swanage,price_band_5.4@ChildReturn,5.4
BLUS_4425_Inbound_AdultSingle_a9f4b9e2-e9ea-4456-80e3-47fe03b77367_639196402911038302.xml,BLUS,Go South Coast,Go South Coast 4425 Inbound,Eastleigh - Boorley Park,price_band_2.5@AdultSingle,2.5
WDBC_1886_Inbound_ChildSingle_a9f4b9e2-e9ea-4456-80e3-47fe03b77367_639196382862779897.xml,WDBC,Go South Coast,Go South Coast 1886 Inbound,Corfe Mullen - St Peters School,price_band_3.4@ChildSingle,3.4
SWWD_3407_Inbound_ChildSingle_a9f4b9e2-e9ea-4456-80e3-47fe03b77367_639196397053560369.xml,SWWD,Go South Coast,Go South Coast 3407 Inbound,Salisbury - Southampton,price_band_2.5@ChildSingle,2.5
WDBC_1811_Outbound_ChildReturn_a9f4b9e2-e9ea-4456-80e3-47fe03b77367_639196380095499254.xml,WDBC,Go South Coast,Go South Coast 1811 Outbound,Bournemouth - Somerford,price_band_3.2@ChildReturn,3.2
BLUS_4004_Inbound_ChildSingle_a9f4b9e2-e9ea-4456-80e3-47fe03b77367_639196401118361365.xml,BLUS,Go South Coast,Go South Coast 4004 Inbound,Southampton - Romsey,price_band_2.5@ChildSingle,2.5
DAMY_6006_Outbound_AdultReturn_a9f4b9e2-e9ea-4456-80e3-47fe03b77367_639196405936055605.xml,DAMY,Go South Coast,Go South Coast 6006 Outbound,Dorchester - Poundbury,price_band_4.2@AdultReturn,4.2
TDTR_7005_Outbound_YoungPersonSgl_a9f4b9e2-e9ea-4456-80e3-47fe03b77367_639196408099935104.xml,TDTR,Go South Coast,Go South Coast 7005 Outbound,Haydon Wick - Park North,price_band_2.5@YoungPersonSgl,2.5
SWWD_3303_Outbound_ChildSingle_a9f4b9e2-e9ea-4456-80e3-47fe03b77367_639196394465231158.xml,SWWD,Go South Coast,Go South Coast 3303 Outbound,City Centre - Ditchampton,price_band_1.9@ChildSingle,1.9
DAMY_6487_Inbound_AdultSingle_a9f4b9e2-e9ea-4456-80e3-47fe03b77367_639196407072227688.xml,DAMY,Go South Coast,Go South Coast 6487 Inbound,Blandford - Dorchester,price_band_1.7@AdultSingle,1.7
WDBC_1001_Inbound_AdultSingle_a9f4b9e2-e9ea-4456-80e3-47fe03b77367_639196369076849501.xml,WDBC,Go South Coast,Go South Coast 1001 Inbound,Poole - Bournemouth Hospital,price_band_2.6@AdultSingle,2.6
BLUS_4901_Outbound_AdultSingle_a9f4b9e2-e9ea-4456-80e3-47fe03b77367_639196403569655259.xml,BLUS,Go South Coast,Go South Coast 4901 Outbound,Southampton - Winchester,price_band_3.0@AdultSingle,3.0
SWWD_3166_Outbound_AdultReturn_a9f4b9e2-e9ea-4456-80e3-47fe03b77367_639196393688655752.xml,SWWD,Go South Coast,Go South Coast 3166 Outbound,South Wilts Grammar School - Idmiston,price_band_5.7@AdultReturn,5.7
SWWD_3102_Outbound_ChildSingle_a9f4b9e2-e9ea-4456-80e3-47fe03b77367_639196392204977181.xml,SWWD,Go South Coast,Go South Coast 3102 Outbound,Salisbury - Devizes,price_band_1.9@ChildSingle,1.9
SWWD_3407_Outbound_ChildReturn_a9f4b9e2-e9ea-4456-80e3-47fe03b77367_639196397524240595.xml,SWWD,Go South Coast,Go South Coast 3407 Outbound,Salisbury - Southampton,price_band_3.8@ChildReturn,3.8
SWWD_3087_Outbound_AdultReturn_a9f4b9e2-e9ea-4456-80e3-47fe03b77367_639196391795225168.xml,SWWD,Go South Coast,Go South Coast 3087 Outbound,South Wilts Grammar School - Lopcombe Corner,price_band_3.7@AdultReturn,3.7
DAMY_3183_Inbound_ChildSingle_a9f4b9e2-e9ea-4456-80e3-47fe03b77367_639196393811938325.xml,DAMY,Go South Coast,Go South Coast 3183 Inbound,Blandford - Weymouth,price_band_1.6@ChildSingle,1.6
SWWD_3457_Inbound_AdultReturn_a9f4b9e2-e9ea-4456-80e3-47fe03b77367_639196397980356456.xml,SWWD,Go South Coast,Go South Coast 3457 Inbound,Salisbury - Southampton,price_band_5.8@AdultReturn,5.8
BLUS_4014_Inbound_ChildSingle_eed5e2e8-c472-41af-825e-db09ec887334_639196401876551646.xml,BLUS,Go South Coast,Go South Coast 4014 Inbound,Southampton - Hedge End,price_band_1.0@ChildSingle,1.0
WDBC_1789_Inbound_AdultReturn_a9f4b9e2-e9ea-4456-80e3-47fe03b77367_639196379289700065.xml,WDBC,Go South Coast,Go South Coast 1789 Inbound,Bournemouth School for Girls - Lymington,price_band_5.4@AdultReturn,5.4
SWWD_3405_Outbound_ChildReturn_a9f4b9e2-e9ea-4456-80e3-47fe03b77367_639196396824976158.xml,SWWD,Go South Coast,Go South Coast 3405 Outbound,Salisbury - Pewsey,price_band_3.6@ChildReturn,3.6
SWWD_3002_Outbound_ChildReturn_a9f4b9e2-e9ea-4456-80e3-47fe03b77367_639196390438312146.xml,SWWD,Go South Coast,Go South Coast 3002 Outbound,Salisbury - Devizes,price_band_6.0@ChildReturn,6.0
WDBC_1040_Outbound_AdultSingle_a9f4b9e2-e9ea-4456-80e3-47fe03b77367_639196375189438964.xml,WDBC,Go South Coast,Go South Coast 1040 Outbound,Swanage - Poole,price_band_2.3@AdultSingle,2.3
WDBC_1006_Inbound_AdultReturn_a9f4b9e2-e9ea-4456-80e3-47fe03b77367_639196370708182851.xml,WDBC,Go South Coast,Go South Coast 1006 Inbound,Poole - Tower Park,price_band_4.2@AdultReturn,4.2
TDTR_7536_Inbound_AdultSingle_a9f4b9e2-e9ea-4456-80e3-47fe03b77367_639196409853133045.xml,TDTR,Go South Coast,Go South Coast 7536 Inbound,Stanford In The Vale - Shrivenham,price_band_5.2@AdultSingle,5.2
WDBC_1114_Outbound_ChildReturn_a9f4b9e2-e9ea-4456-80e3-47fe03b77367_639196377927570496.xml,WDBC,Go South Coast,Go South Coast 1114 Outbound,Poole - RB Hospital,price_band_3.1@ChildReturn,3.1
WDBC_2906_Outbound_ChildSingle_d46597a9-440e-4c13-b49a-76a3986683d1_639196388617865658.xml,WDBC,Go South Coast,Go South Coast 2906 Outbound,Poole - Ringwood,price_band_1.0@ChildSingle,1.0
BLUS_4022_Inbound_AdultSingle_a9f4b9e2-e9ea-4456-80e3-47fe03b77367_639196402378925874.xml,BLUS,Go South Coast,Go South Coast 4022 Inbound,Southampton - Shirley,price_band_2.6@AdultSingle,2.6
WDBC_1903_Inbound_AdultSingle_d46597a9-440e-4c13-b49a-76a3986683d1_639196383234882725.xml,WDBC,Go South Coast,Go South Coast 1903 Inbound,Poole - Wimborne,price_band_2.3@AdultSingle,2.3
WDBC_1951_Outbound_ChildSingle_a9f4b9e2-e9ea-4456-80e3-47fe03b77367_639196384206150700.xml,WDBC,Go South Coast,Go South Coast 1951 Outbound,Bournemouth - Sandbanks,price_band_2.1@ChildSingle,2.1
SWWD_3402_Outbound_ChildReturn_a9f4b9e2-e9ea-4456-80e3-47fe03b77367_639196396010784145.xml,SWWD,Go South Coast,Go South Coast 3402 Outbound,Salisbury - Devizes,price_band_2.7@ChildReturn,2.7
DAMY_6920_Inbound_AdultReturn_a9f4b9e2-e9ea-4456-80e3-47fe03b77367_639196407749894779.xml,DAMY,Go South Coast,Go South Coast 6920 Inbound,Salisbury - Steam Fair,price_band_4.2@AdultReturn,4.2
WDBC_6416_Inbound_ChildReturn_a9f4b9e2-e9ea-4456-80e3-47fe03b77367_639196406612122695.xml,WDBC,Go South Coast,Go South Coast 6416 Inbound,Penn Hill Avenue  - Poole Grammar School,price_band_5.7@ChildReturn,5.7
TDTR_7005_Outbound_AdultSingle_a9f4b9e2-e9ea-4456-80e3-47fe03b77367_639196408095091082.xml,TDTR,Go South Coast,Go South Coast 7005 Outbound,Haydon Wick - Park North,price_band_3.0@AdultSingle,3.0
SWWD_3883_Outbound_AdultReturn_a9f4b9e2-e9ea-4456-80e3-47fe03b77367_639196400696963986.xml,SWWD,Go South Coast,Go South Coast 3883 Outbound,Bishopdown Farm  - Burgate School,price_band_3.7@AdultReturn,3.7
WDBC_2003_Inbound_AdultSingle_a9f4b9e2-e9ea-4456-80e3-47fe03b77367_639196385644975215.xml,WDBC,Go South Coast,Go South Coast 2003 Inbound,Salisbury - Bournemouth,price_band_2.6@AdultSingle,2.6
WDBC_1802_Outbound_ChildSingle_a9f4b9e2-e9ea-4456-80e3-47fe03b77367_639196379618433909.xml,WDBC,Go South Coast,Go South Coast 1802 Outbound,Bournemouth - Castlepoint,price_band_2.1@ChildSingle,2.1
WDBC_2906_Outbound_ChildSingle_a9f4b9e2-e9ea-4456-80e3-47fe03b77367_639196388193779482.xml,WDBC,Go South Coast,Go South Coast 2906 Outbound,Poole - Ringwood,price_band_2.5@ChildSingle,2.5
SVCT_5257_Outbound_ChildSingle_a9f4b9e2-e9ea-4456-80e3-47fe03b77367_639196405570031007.xml,SVCT,Go South Coast,Go South Coast 5257 Outbound,Freshwater - Cowes,price_band_3.0@ChildSingle,3.0
BLUS_4020_Outbound_ChildSingle_eed5e2e8-c472-41af-825e-db09ec887334_639196402327148040.xml,BLUS,Go South Coast,Go South Coast 4020 Outbound,Southampton - Townhill Park,price_band_1.0@ChildSingle,1.0
WDBC_2186_Outbound_AdultSingle_a9f4b9e2-e9ea-4456-80e3-47fe03b77367_639196386787166326.xml,WDBC,Go South Coast,Go South Coast 2186 Outbound,Southampton - Lymington,price_band_3.0@AdultSingle,3.0
BLUS_4014_Inbound_AdultReturn_a9f4b9e2-e9ea-4456-80e3-47fe03b77367_639196401851763851.xml,BLUS,Go South Coast,Go South Coast 4014 Inbound,Southampton - Hedge End,price_band_5.7@AdultReturn,5.7
WDBC_1789_Outbound_ChildReturn_a9f4b9e2-e9ea-4456-80e3-47fe03b77367_639196379399568118.xml,WDBC,Go South Coast,Go South Coast 1789 Outbound,Bournemouth School for Girls - Lymington,price_band_5.2@ChildReturn,5.2
WDBC_1017_Outbound_ChildSingle_a9f4b9e2-e9ea-4456-80e3-47fe03b77367_639196372967059728.xml,WDBC,Go South Coast,Go South Coast 1017 Outbound,Poole - Bournemouth,price_band_2.8@ChildSingle,2.8
WDBC_1016_Inbound_ChildReturn_a9f4b9e2-e9ea-4456-80e3-47fe03b77367_639196372076738338.xml,WDBC,Go South Coast,Go South Coast 1016 Inbound,Poole - Bournemouth,price_band_2.8@ChildReturn,2.8
WDBC_1755_Inbound_ChildReturn_a9f4b9e2-e9ea-4456-80e3-47fe03b77367_639196379128472663.xml,WDBC,Go South Coast,Go South Coast 1755 Inbound,Bournemouth Station - Bournemouth School for Girls,price_band_2.4@ChildReturn,2.4
SWWD_3507_Outbound_ChildReturn_a9f4b9e2-e9ea-4456-80e3-47fe03b77367_639196399057037481.xml,SWWD,Go South Coast,Go South Coast 3507 Outbound,City Centre - Lopcombe Corner,price_band_3.6@ChildReturn,3.6
SWWD_3012_Inbound_AdultReturn_a9f4b9e2-e9ea-4456-80e3-47fe03b77367_639196391236259509.xml,SWWD,Go South Coast,Go South Coast 3012 Inbound,Salisbury - Stratford,price_band_4.2@AdultReturn,4.2
SWWD_7201_Outbound_ChildReturn_a9f4b9e2-e9ea-4456-80e3-47fe03b77367_639196409679715329.xml,SWWD,Go South Coast,Go South Coast 7201 Outbound,Figheldean - Salisbury,price_band_4.3@ChildReturn,4.3
SWWD_3533_Inbound_ChildReturn_a9f4b9e2-e9ea-4456-80e3-47fe03b77367_639196399578633562.xml,SWWD,Go South Coast,Go South Coast 3533 Inbound,Dinton - City Centre,price_band_3.8@ChildReturn,3.8
SWWD_3645_Inbound_ChildSingle_a9f4b9e2-e9ea-4456-80e3-47fe03b77367_639196399779822412.xml,SWWD,Go South Coast,Go South Coast 3645 Inbound,Stratford Road Grammar School - Hamptworth Cuckoo,price_band_2.1@ChildSingle,2.1
SWWD_3885_Outbound_ChildReturn_a9f4b9e2-e9ea-4456-80e3-47fe03b77367_639196400840543507.xml,SWWD,Go South Coast,Go South Coast 3885 Outbound,Whaddon - Burgate School,price_band_4.9@ChildReturn,4.9
WDBC_1641_Outbound_ChildSingle_a9f4b9e2-e9ea-4456-80e3-47fe03b77367_639196378754564572.xml,WDBC,Go South Coast,Go South Coast 1641 Outbound,Dorchester House  - Talbot Campus,price_band_2.1@ChildSingle,2.1
WDBC_1886_Inbound_AdultReturn_a9f4b9e2-e9ea-4456-80e3-47fe03b77367_639196382821927363.xml,WDBC,Go South Coast,Go South Coast 1886 Inbound,Corfe Mullen - St Peters School,price_band_5.8@AdultReturn,5.8
WDBC_1035_Inbound_AdultReturn_a9f4b9e2-e9ea-4456-80e3-47fe03b77367_639196374566213538.xml,WDBC,Go South Coast,Go South Coast 1035 Inbound,Swanage - Wareham,price_band_4.2@AdultReturn,4.2
TDTR_7537_Outbound_ChildReturn_a9f4b9e2-e9ea-4456-80e3-47fe03b77367_639196409905754542.xml,TDTR,Go South Coast,Go South Coast 7537 Outbound,Highworth - Cirencester College,price_band_8.3@ChildReturn,8.3
WDBC_6715_Inbound_ChildReturn_a9f4b9e2-e9ea-4456-80e3-47fe03b77367_639196407370777488.xml,WDBC,Go South Coast,Go South Coast 6715 Inbound,Verwood - QE School,price_band_5.4@ChildReturn,5.4
WDBC_6449_Inbound_ChildReturn_a9f4b9e2-e9ea-4456-80e3-47fe03b77367_639196406931268887.xml,WDBC,Go South Coast,Go South Coast 6449 Inbound,St Osmunds - Parkstone Grammar,price_band_1.9@ChildReturn,1.9
WDBC_6449_Inbound_ChildReturn_a9f4b9e2-e9ea-4456-80e3-47fe03b77367_639196406931268887.xml,WDBC,Go South Coast,Go South Coast 6449 Inbound,St Osmunds - Parkstone Grammar,price_band_5.7@ChildReturn,5.7
WDBC_1050_Inbound_ChildSingle_d46597a9-440e-4c13-b49a-76a3986683d1_639196375612020620.xml,WDBC,Go South Coast,Go South Coast 1050 Inbound,Bournemouth Station - Swanage,price_band_3.0@ChildSingle,3.0
WDBC_2906_Outbound_ChildSingle_2f1f0c04-770d-4707-ab06-213c5a798ad7_639196388570360857.xml,WDBC,Go South Coast,Go South Coast 2906 Outbound,Poole - Ringwood,price_band_2.5@ChildSingle,2.5
BLUS_4014_Outbound_ChildSingle_a9f4b9e2-e9ea-4456-80e3-47fe03b77367_639196401889378500.xml,BLUS,Go South Coast,Go South Coast 4014 Outbound,Southampton - Hedge End,price_band_2.5@ChildSingle,2.5
SWWD_3511_Outbound_AdultReturn_a9f4b9e2-e9ea-4456-80e3-47fe03b77367_639196399125751955.xml,SWWD,Go South Coast,Go South Coast 3511 Outbound,Blue Boar Row - Old Sarum,price_band_3.5@AdultReturn,3.5
WDBC_1021_Outbound_ChildSingle_a9f4b9e2-e9ea-4456-80e3-47fe03b77367_639196374173005308.xml,WDBC,Go South Coast,Go South Coast 1021 Outbound,Bournemouth - High Howe,price_band_2.8@ChildSingle,2.8
WDBC_6419_Outbound_ChildReturn_a9f4b9e2-e9ea-4456-80e3-47fe03b77367_639196406818586499.xml,WDBC,Go South Coast,Go South Coast 6419 Outbound,Compton Avenue - Poole Grammar,price_band_2.7@ChildReturn,2.7
BLUS_4103_Outbound_AdultSingle_eed5e2e8-c472-41af-825e-db09ec887334_639196402690028872.xml,BLUS,Go South Coast,Go South Coast 4103 Outbound,Southampton - Eastleigh,price_band_1.0@AdultSingle,1.0
SWWD_3885_Outbound_ChildSingle_a9f4b9e2-e9ea-4456-80e3-47fe03b77367_639196400823412285.xml,SWWD,Go South Coast,Go South Coast 3885 Outbound,Whaddon - Burgate School,price_band_2.3@ChildSingle,2.3
WDBC_3882_Inbound_AdultReturn_a9f4b9e2-e9ea-4456-80e3-47fe03b77367_639196400629782362.xml,WDBC,Go South Coast,Go South Coast 3882 Inbound,Stratford Road Grammar School - Burgate School,price_band_5.0@AdultReturn,5.0
WDBC_2906_Outbound_ChildSingle_d46597a9-440e-4c13-b49a-76a3986683d1_639196388617865658.xml,WDBC,Go South Coast,Go South Coast 2906 Outbound,Poole - Ringwood,price_band_2.6@ChildSingle,2.6
WDBC_1002_Inbound_ChildSingle_a9f4b9e2-e9ea-4456-80e3-47fe03b77367_639196369828755087.xml,WDBC,Go South Coast,Go South Coast 1002 Inbound,Poole - Southbourne,price_band_2.1@ChildSingle,2.1
TDTR_3620_Outbound_YoungPersonSgl_a9f4b9e2-e9ea-4456-80e3-47fe03b77367_639196399623229188.xml,TDTR,Go South Coast,Go South Coast 3620 Outbound,Hungerford Priory  - St Johns Sch,price_band_1.7@YoungPersonSgl,1.7
WDBC_2003_Outbound_ChildSingle_d46597a9-440e-4c13-b49a-76a3986683d1_639196386208147458.xml,WDBC,Go South Coast,Go South Coast 2003 Outbound,Salisbury - Bournemouth,price_band_1.9@ChildSingle,1.9
SWWD_3326_Inbound_AdultReturn_a9f4b9e2-e9ea-4456-80e3-47fe03b77367_639196395107086102.xml,SWWD,Go South Coast,Go South Coast 3326 Inbound,Salisbury - Hindon,price_band_5.4@AdultReturn,5.4
SWWD_3044_Inbound_AdultSingle_a9f4b9e2-e9ea-4456-80e3-47fe03b77367_639196391641837638.xml,SWWD,Go South Coast,Go South Coast 3044 Inbound,Salisbury - Woodfalls,price_band_3.0@AdultSingle,3.0
BLUS_4014_Inbound_ChildReturn_a9f4b9e2-e9ea-4456-80e3-47fe03b77367_639196401860257611.xml,BLUS,Go South Coast,Go South Coast 4014 Inbound,Southampton - Hedge End,price_band_4.0@ChildReturn,4.0
WDBC_6043_Outbound_AdultSingle_a9f4b9e2-e9ea-4456-80e3-47fe03b77367_639196406279242469.xml,WDBC,Go South Coast,Go South Coast 6043 Outbound,County Gates - Parkstone Grammar School,price_band_3.2@AdultSingle,3.2
WDBC_2002_Inbound_AdultReturn_a9f4b9e2-e9ea-4456-80e3-47fe03b77367_639196385062138118.xml,WDBC,Go South Coast,Go South Coast 2002 Inbound,Bournemouth - Lymington,price_band_5.5@AdultReturn,5.5
SVCT_5272_Inbound_YoungAdSingle_a9f4b9e2-e9ea-4456-80e3-47fe03b77367_639196405680842443.xml,SVCT,Go South Coast,Go South Coast 5272 Inbound,Ryde - Ventnor,price_band_3.0@YoungAdSingle,3.0
SWWD_3166_Inbound_AdultReturn_a9f4b9e2-e9ea-4456-80e3-47fe03b77367_639196393590483712.xml,SWWD,Go South Coast,Go South Coast 3166 Inbound,South Wilts Grammar School - Idmiston,price_band_6.0@AdultReturn,6.0
BLUS_4008_Outbound_ChildReturn_a9f4b9e2-e9ea-4456-80e3-47fe03b77367_639196401485158482.xml,BLUS,Go South Coast,Go South Coast 4008 Outbound,Southampton - Hythe,price_band_4.0@ChildReturn,4.0
SWWD_3102_Inbound_ChildReturn_a9f4b9e2-e9ea-4456-80e3-47fe03b77367_639196392142959391.xml,SWWD,Go South Coast,Go South Coast 3102 Inbound,Salisbury - Devizes,price_band_6.0@ChildReturn,6.0
WDBC_1054_Inbound_ChildReturn_a9f4b9e2-e9ea-4456-80e3-47fe03b77367_639196376502901644.xml,WDBC,Go South Coast,Go South Coast 1054 Inbound,Poole - Wimborne,price_band_2.8@ChildReturn,2.8
SWWD_3677_Inbound_AdultSingle_a9f4b9e2-e9ea-4456-80e3-47fe03b77367_639196400129073202.xml,SWWD,Go South Coast,Go South Coast 3677 Inbound,Stratford Road Grammar School - West Wellow,price_band_2.3@AdultSingle,2.3
WDBC_2953_Outbound_AdultReturn_a9f4b9e2-e9ea-4456-80e3-47fe03b77367_639196388978219889.xml,WDBC,Go South Coast,Go South Coast 2953 Outbound,Salisbury - Ringwood,price_band_5.1@AdultReturn,5.1
SWWD_3407_Inbound_AdultSingle_a9f4b9e2-e9ea-4456-80e3-47fe03b77367_639196396990341758.xml,SWWD,Go South Coast,Go South Coast 3407 Inbound,Salisbury - Southampton,price_band_3.0@AdultSingle,3.0
WDBC_2001_Inbound_ChildReturn_a9f4b9e2-e9ea-4456-80e3-47fe03b77367_639196384347707226.xml,WDBC,Go South Coast,Go South Coast 2001 Inbound,Bournemouth - Lymington,price_band_4.2@ChildReturn,4.2
WDBC_1020_Outbound_ChildReturn_a9f4b9e2-e9ea-4456-80e3-47fe03b77367_639196373769580077.xml,WDBC,Go South Coast,Go South Coast 1020 Outbound,Poole - Christchurch,price_band_2.8@ChildReturn,2.8
WDBC_2120_Inbound_ChildSingle_a9f4b9e2-e9ea-4456-80e3-47fe03b77367_639196386405901867.xml,WDBC,Go South Coast,Go South Coast 2120 Inbound,New Milton Tesco - Lymington,price_band_1.7@ChildSingle,1.7
WDBC_1170_Outbound_ChildReturn_a9f4b9e2-e9ea-4456-80e3-47fe03b77367_639196378532441348.xml,WDBC,Go South Coast,Go South Coast 1170 Outbound,Rockley Park - Hengistbury Head,price_band_3.2@ChildReturn,3.2
UNIL_4711_Inbound_ChildSingle_eed5e2e8-c472-41af-825e-db09ec887334_639196403198881488.xml,UNIL,Go South Coast,Go South Coast 4711 Inbound,Eastleigh - NOCS,price_band_1.0@ChildSingle,1.0
WDBC_8279_Outbound_AdultSingle_a9f4b9e2-e9ea-4456-80e3-47fe03b77367_639196410391571978.xml,WDBC,Go South Coast,Go South Coast 8279 Outbound,New Milton - Brockenhurst BLUE,price_band_3.0@AdultSingle,3.0
WDBC_2906_Inbound_ChildSingle_2f1f0c04-770d-4707-ab06-213c5a798ad7_639196388010827258.xml,WDBC,Go South Coast,Go South Coast 2906 Inbound,Poole - Ringwood,price_band_2.6@ChildSingle,2.6
SWWD_3137_Inbound_ChildSingle_a9f4b9e2-e9ea-4456-80e3-47fe03b77367_639196393371572109.xml,SWWD,Go South Coast,Go South Coast 3137 Inbound,Salisbury - West Dean,price_band_2.3@ChildSingle,2.3
WDBC_1052_Outbound_ChildSingle_a9f4b9e2-e9ea-4456-80e3-47fe03b77367_639196375937797115.xml,WDBC,Go South Coast,Go South Coast 1052 Outbound,Rockley - Sandbanks,price_band_2.8@ChildSingle,2.8
DAMY_3183_Outbound_ChildReturn_a9f4b9e2-e9ea-4456-80e3-47fe03b77367_639196393946141695.xml,DAMY,Go South Coast,Go South Coast 3183 Outbound,Blandford - Weymouth,price_band_4.0@ChildReturn,4.0
SWWD_3008_Outbound_AdultSingle_a9f4b9e2-e9ea-4456-80e3-47fe03b77367_639196390878122931.xml,SWWD,Go South Coast,Go South Coast 3008 Outbound,Salisbury - Zouch Estate,price_band_2.4@AdultSingle,2.4
WDBC_2953_Outbound_AdultReturn_a9f4b9e2-e9ea-4456-80e3-47fe03b77367_639196388978219889.xml,WDBC,Go South Coast,Go South Coast 2953 Outbound,Salisbury - Ringwood,price_band_6.0@AdultReturn,6.0
SWWD_3881_Inbound_AdultReturn_a9f4b9e2-e9ea-4456-80e3-47fe03b77367_639196400573837640.xml,SWWD,Go South Coast,Go South Coast 3881 Inbound,Wilton Road  - Burgate School,price_band_6.0@AdultReturn,6.0
SWWD_3010_Outbound_ChildReturn_a9f4b9e2-e9ea-4456-80e3-47fe03b77367_639196391192322213.xml,SWWD,Go South Coast,Go South Coast 3010 Outbound,City Centre - St Peters Place,price_band_2.5@ChildReturn,2.5
WDBC_1013_Inbound_ChildSingle_a9f4b9e2-e9ea-4456-80e3-47fe03b77367_639196371262982949.xml,WDBC,Go South Coast,Go South Coast 1013 Inbound,Bournemouth - Wimborne,price_band_2.2@ChildSingle,2.2
SWWD_3684_Inbound_AdultReturn_a9f4b9e2-e9ea-4456-80e3-47fe03b77367_639196400263021587.xml,SWWD,Go South Coast,Go South Coast 3684 Inbound,Coombe Bissett - Burgate,price_band_3.7@AdultReturn,3.7
SWWD_3885_Inbound_AdultReturn_a9f4b9e2-e9ea-4456-80e3-47fe03b77367_639196400739582598.xml,SWWD,Go South Coast,Go South Coast 3885 Inbound,Whaddon - Burgate School,price_band_5.0@AdultReturn,5.0
TDTR_3820_Outbound_AdultSingle_a9f4b9e2-e9ea-4456-80e3-47fe03b77367_639196400549738554.xml,TDTR,Go South Coast,Go South Coast 3820 Outbound,Marlborough - Newbury,price_band_3.7@AdultSingle,3.7
SWWD_3684_Outbound_AdultSingle_a9f4b9e2-e9ea-4456-80e3-47fe03b77367_639196400290660095.xml,SWWD,Go South Coast,Go South Coast 3684 Outbound,Coombe Bissett - Burgate,price_band_3.7@AdultSingle,3.7
SWWD_3266_Outbound_ChildReturn_a9f4b9e2-e9ea-4456-80e3-47fe03b77367_639196394247774086.xml,SWWD,Go South Coast,Go South Coast 3266 Outbound,South Wilts Grammar School - Idmiston,price_band_6.0@ChildReturn,6.0
BLUS_4013_Outbound_ChildSingle_eed5e2e8-c472-41af-825e-db09ec887334_639196401844268222.xml,BLUS,Go South Coast,Go South Coast 4013 Outbound,Southampton - Harefield,price_band_1.0@ChildSingle,1.0
WDBC_1054_Inbound_ChildReturn_a9f4b9e2-e9ea-4456-80e3-47fe03b77367_639196376502901644.xml,WDBC,Go South Coast,Go South Coast 1054 Inbound,Poole - Wimborne,price_band_3.7@ChildReturn,3.7
TDTR_7537_Inbound_AdultSingle_a9f4b9e2-e9ea-4456-80e3-47fe03b77367_639196409888012939.xml,TDTR,Go South Coast,Go South Coast 7537 Inbound,Highworth - Cirencester College,price_band_5.2@AdultSingle,5.2
WDBC_1811_Outbound_AdultReturn_a9f4b9e2-e9ea-4456-80e3-47fe03b77367_639196380068670495.xml,WDBC,Go South Coast,Go South Coast 1811 Outbound,Bournemouth - Somerford,price_band_4.5@AdultReturn,4.5
SWWD_3684_Outbound_AdultSingle_a9f4b9e2-e9ea-4456-80e3-47fe03b77367_639196400290660095.xml,SWWD,Go South Coast,Go South Coast 3684 Outbound,Coombe Bissett - Burgate,price_band_3.2@AdultSingle,3.2
BLUS_8206_Inbound_AdultReturn_a9f4b9e2-e9ea-4456-80e3-47fe03b77367_639196410325137253.xml,BLUS,Go South Coast,Go South Coast 8206 Inbound,Brockenhurst - New Park,price_band_2.0@AdultReturn,2.0
SVCT_5271_Inbound_ChildSingle_a9f4b9e2-e9ea-4456-80e3-47fe03b77367_639196405655144064.xml,SVCT,Go South Coast,Go South Coast 5271 Inbound,Ryde - Ventnor,price_band_3.0@ChildSingle,3.0
WDBC_2003_Outbound_ChildSingle_d46597a9-440e-4c13-b49a-76a3986683d1_639196386208147458.xml,WDBC,Go South Coast,Go South Coast 2003 Outbound,Salisbury - Bournemouth,price_band_1.0@ChildSingle,1.0
DAMY_6920_Outbound_AdultReturn_a9f4b9e2-e9ea-4456-80e3-47fe03b77367_639196407793510247.xml,DAMY,Go South Coast,Go South Coast 6920 Outbound,Salisbury - Steam Fair,price_band_4.2@AdultReturn,4.2
WDBC_2001_Outbound_ChildSingle_2f1f0c04-770d-4707-ab06-213c5a798ad7_639196384982936481.xml,WDBC,Go South Coast,Go South Coast 2001 Outbound,Bournemouth - Lymington,price_band_2.8@ChildSingle,2.8
WDBC_2956_Inbound_AdultReturn_a9f4b9e2-e9ea-4456-80e3-47fe03b77367_639196389259023042.xml,WDBC,Go South Coast,Go South Coast 2956 Inbound,Ringwood - Bournemouth,price_band_4.2@AdultReturn,4.2
SWWD_3029_Outbound_AdultReturn_a9f4b9e2-e9ea-4456-80e3-47fe03b77367_639196391434760536.xml,SWWD,Go South Coast,Go South Coast 3029 Outbound,Salisbury - Shaftesbury,price_band_6.0@AdultReturn,6.0
WDBC_6418_Inbound_AdultSingle_a9f4b9e2-e9ea-4456-80e3-47fe03b77367_639196406683670847.xml,WDBC,Go South Coast,Go South Coast 6418 Inbound,Sandbanks Ferry - Poole Grammar School,price_band_2.0@AdultSingle,2.0
WDBC_1016_Inbound_ChildSingle_d46597a9-440e-4c13-b49a-76a3986683d1_639196372230196773.xml,WDBC,Go South Coast,Go South Coast 1016 Inbound,Poole - Bournemouth,price_band_1.0@ChildSingle,1.0
UNIL_4721_Outbound_ChildSingle_eed5e2e8-c472-41af-825e-db09ec887334_639196403309729203.xml,UNIL,Go South Coast,Go South Coast 4721 Outbound,NOCS - Eastleigh,price_band_1.0@ChildSingle,1.0
WDBC_2002_Inbound_AdultReturn_a9f4b9e2-e9ea-4456-80e3-47fe03b77367_639196385062138118.xml,WDBC,Go South Coast,Go South Coast 2002 Inbound,Bournemouth - Lymington,price_band_4.7@AdultReturn,4.7
WDBC_1805_Outbound_ChildSingle_a9f4b9e2-e9ea-4456-80e3-47fe03b77367_639196379808489733.xml,WDBC,Go South Coast,Go South Coast 1805 Outbound,Bournemouth - Kinson,price_band_1.9@ChildSingle,1.9
WDBC_6123_Inbound_ChildSingle_a9f4b9e2-e9ea-4456-80e3-47fe03b77367_639196406372290693.xml,WDBC,Go South Coast,Go South Coast 6123 Inbound,Bere Regis - Lytchett Minster School,price_band_3.2@ChildSingle,3.2
WDBC_1789_Outbound_AdultReturn_a9f4b9e2-e9ea-4456-80e3-47fe03b77367_639196379362514665.xml,WDBC,Go South Coast,Go South Coast 1789 Outbound,Bournemouth School for Girls - Lymington,price_band_6.8@AdultReturn,6.8
SWWD_3008_Outbound_AdultSingle_a9f4b9e2-e9ea-4456-80e3-47fe03b77367_639196390878122931.xml,SWWD,Go South Coast,Go South Coast 3008 Outbound,Salisbury - Zouch Estate,price_band_2.3@AdultSingle,2.3
SWWD_3308_Inbound_AdultSingle_a9f4b9e2-e9ea-4456-80e3-47fe03b77367_639196394599571827.xml,SWWD,Go South Coast,Go South Coast 3308 Inbound,Blue Boar Row - Ditchampton,price_band_3.0@AdultSingle,3.0
SWWD_3645_Outbound_AdultReturn_a9f4b9e2-e9ea-4456-80e3-47fe03b77367_639196399873235960.xml,SWWD,Go South Coast,Go South Coast 3645 Outbound,Stratford Road Grammar School - Hamptworth Cuckoo,price_band_6.0@AdultReturn,6.0
WDBC_2193_Outbound_AdultReturn_a9f4b9e2-e9ea-4456-80e3-47fe03b77367_639196386882511926.xml,WDBC,Go South Coast,Go South Coast 2193 Outbound,New Milton - New Milton,price_band_5.1@AdultReturn,5.1
WDBC_2777_Inbound_AdultReturn_a9f4b9e2-e9ea-4456-80e3-47fe03b77367_639196387530750049.xml,WDBC,Go South Coast,Go South Coast 2777 Inbound,New Forest Drive - Lymington,price_band_4.3@AdultReturn,4.3
BLUS_4012_Outbound_ChildSingle_eed5e2e8-c472-41af-825e-db09ec887334_639196401785091014.xml,BLUS,Go South Coast,Go South Coast 4012 Outbound,Southampton - Calmore,price_band_1.0@ChildSingle,1.0
SWWD_3515_Outbound_AdultReturn_a9f4b9e2-e9ea-4456-80e3-47fe03b77367_639196399298999822.xml,SWWD,Go South Coast,Go South Coast 3515 Outbound,City Centre - Petersfinger Park & Ride,price_band_3.5@AdultReturn,3.5
WDBC_1903_Outbound_ChildSingle_a9f4b9e2-e9ea-4456-80e3-47fe03b77367_639196383342947421.xml,WDBC,Go South Coast,Go South Coast 1903 Outbound,Poole - Wimborne,price_band_2.3@ChildSingle,2.3
SWWD_3684_Inbound_ChildSingle_a9f4b9e2-e9ea-4456-80e3-47fe03b77367_639196400279500602.xml,SWWD,Go South Coast,Go South Coast 3684 Inbound,Coombe Bissett - Burgate,price_band_2.8@ChildSingle,2.8
SWWD_3507_Inbound_AdultReturn_a9f4b9e2-e9ea-4456-80e3-47fe03b77367_639196399034414596.xml,SWWD,Go South Coast,Go South Coast 3507 Inbound,City Centre - Lopcombe Corner,price_band_3.5@AdultReturn,3.5
WDBC_1741_Outbound_AdultReturn_a9f4b9e2-e9ea-4456-80e3-47fe03b77367_639196379066970173.xml,WDBC,Go South Coast,Go South Coast 1741 Outbound,Sandbanks Ferry - Parkstone Grammar School,price_band_4.4@AdultReturn,4.4
WDBC_6449_Outbound_AdultReturn_a9f4b9e2-e9ea-4456-80e3-47fe03b77367_639196406949990953.xml,WDBC,Go South Coast,Go South Coast 6449 Outbound,St Osmunds - Parkstone Grammar,price_band_4.3@AdultReturn,4.3
WDBC_6415_Inbound_AdultReturn_a9f4b9e2-e9ea-4456-80e3-47fe03b77367_639196406471757575.xml,WDBC,Go South Coast,Go South Coast 6415 Inbound,St Anns Hospital - Poole Grammar School,price_band_5.8@AdultReturn,5.8
BLUS_4001_Outbound_ChildReturn_a9f4b9e2-e9ea-4456-80e3-47fe03b77367_639196400991254536.xml,BLUS,Go South Coast,Go South Coast 4001 Outbound,Southampton - Winchester,price_band_4.0@ChildReturn,4.0
WDBC_1032_Inbound_ChildSingle_a9f4b9e2-e9ea-4456-80e3-47fe03b77367_639196374382108166.xml,WDBC,Go South Coast,Go South Coast 1032 Inbound,Poole - Bournemouth,price_band_2.3@ChildSingle,2.3
WDBC_1837_Outbound_ChildSingle_2f1f0c04-770d-4707-ab06-213c5a798ad7_639196381963734747.xml,WDBC,Go South Coast,Go South Coast 1837 Outbound,Bournemouth - Bournemouth International Airport,price_band_2.3@ChildSingle,2.3
WDBC_1002_Inbound_ChildSingle_d46597a9-440e-4c13-b49a-76a3986683d1_639196369988435205.xml,WDBC,Go South Coast,Go South Coast 1002 Inbound,Poole - Southbourne,price_band_1.0@ChildSingle,1.0
TDTR_7540_Outbound_ChildReturn_a9f4b9e2-e9ea-4456-80e3-47fe03b77367_639196409985870078.xml,TDTR,Go South Coast,Go South Coast 7540 Outbound,Lydiard Millicent - Cirencester College,price_band_8.3@ChildReturn,8.3
SWWD_3125_Outbound_AdultReturn_a9f4b9e2-e9ea-4456-80e3-47fe03b77367_639196392943572625.xml,SWWD,Go South Coast,Go South Coast 3125 Outbound,South Wilts Grammar School - Hindon,price_band_4.9@AdultReturn,4.9
WDBC_1021_Outbound_ChildSingle_2f1f0c04-770d-4707-ab06-213c5a798ad7_639196374224864973.xml,WDBC,Go South Coast,Go South Coast 1021 Outbound,Bournemouth - High Howe,price_band_1.0@ChildSingle,1.0
SWWD_3978_Inbound_ChildSingle_a9f4b9e2-e9ea-4456-80e3-47fe03b77367_639196400926208453.xml,SWWD,Go South Coast,Go South Coast 3978 Inbound,Victoria Park - Laverstock Schools,price_band_1.9@ChildSingle,1.9
SWWD_3525_Outbound_ChildSingle_a9f4b9e2-e9ea-4456-80e3-47fe03b77367_639196399524178096.xml,SWWD,Go South Coast,Go South Coast 3525 Outbound,City Centre - Petersfinger Park & Ride,price_band_1.9@ChildSingle,1.9
WDBC_1050_Inbound_ChildSingle_d46597a9-440e-4c13-b49a-76a3986683d1_639196375612020620.xml,WDBC,Go South Coast,Go South Coast 1050 Inbound,Bournemouth Station - Swanage,price_band_1.9@ChildSingle,1.9
BLUS_3135_Inbound_ChildSingle_a9f4b9e2-e9ea-4456-80e3-47fe03b77367_639196393299663085.xml,BLUS,Go South Coast,Go South Coast 3135 Inbound,Romsey - Braishfield,price_band_2.5@ChildSingle,2.5
WDBC_1804_Outbound_ChildReturn_a9f4b9e2-e9ea-4456-80e3-47fe03b77367_639196379722214050.xml,WDBC,Go South Coast,Go South Coast 1804 Outbound,Bournemouth - Castlepoint,price_band_3.1@ChildReturn,3.1
TDTR_7051_Inbound_YoungPersonSgl_a9f4b9e2-e9ea-4456-80e3-47fe03b77367_639196408568344532.xml,TDTR,Go South Coast,Go South Coast 7051 Inbound,Fleming Way - Deer's Leap,price_band_1.8@YoungPersonSgl,1.8
BLUS_4424_Inbound_AdultReturn_a9f4b9e2-e9ea-4456-80e3-47fe03b77367_639196402875610947.xml,BLUS,Go South Coast,Go South Coast 4424 Inbound,Eastleigh - Hedge End,price_band_4.2@AdultReturn,4.2
WDBC_1013_Inbound_AdultReturn_a9f4b9e2-e9ea-4456-80e3-47fe03b77367_639196371167533681.xml,WDBC,Go South Coast,Go South Coast 1013 Inbound,Bournemouth - Wimborne,price_band_4.8@AdultReturn,4.8
SVCT_5263_Inbound_YoungAdSingle_a9f4b9e2-e9ea-4456-80e3-47fe03b77367_639196405619066824.xml,SVCT,Go South Coast,Go South Coast 5263 Inbound,Newport - Ventnor,price_band_3.0@YoungAdSingle,3.0
WDBC_1015_Inbound_ChildSingle_2f1f0c04-770d-4707-ab06-213c5a798ad7_639196371802747569.xml,WDBC,Go South Coast,Go South Coast 1015 Inbound,Poole - Bournemouth Hospital,price_band_1.0@ChildSingle,1.0
UNIL_4741_Inbound_AdultSingle_f15d1b06-486f-433a-8991-95f1a97a87e0_639196403332597307.xml,UNIL,Go South Coast,Go South Coast 4741 Inbound,Wessex Lane - Highfield Campus,price_band_1.0@AdultSingle,1.0
SWWD_3883_Outbound_ChildReturn_a9f4b9e2-e9ea-4456-80e3-47fe03b77367_639196400706529365.xml,SWWD,Go South Coast,Go South Coast 3883 Outbound,Bishopdown Farm  - Burgate School,price_band_3.6@ChildReturn,3.6
WDBC_1641_Inbound_AdultSingle_2f1f0c04-770d-4707-ab06-213c5a798ad7_639196378741300590.xml,WDBC,Go South Coast,Go South Coast 1641 Inbound,Dorchester House  - Talbot Campus,price_band_1.0@AdultSingle,1.0
WDBC_2001_Inbound_AdultSingle_2f1f0c04-770d-4707-ab06-213c5a798ad7_639196384526786978.xml,WDBC,Go South Coast,Go South Coast 2001 Inbound,Bournemouth - Lymington,price_band_2.5@AdultSingle,2.5
BLUS_4001_Inbound_AdultSingle_a9f4b9e2-e9ea-4456-80e3-47fe03b77367_639196400939965268.xml,BLUS,Go South Coast,Go South Coast 4001 Inbound,Southampton - Winchester,price_band_2.6@AdultSingle,2.6
BLUS_2627_Inbound_AdultReturn_a9f4b9e2-e9ea-4456-80e3-47fe03b77367_639196387375365629.xml,BLUS,Go South Coast,Go South Coast 2627 Inbound,Totton - Marchwood,price_band_4.7@AdultReturn,4.7
SWWD_3533_Inbound_AdultReturn_a9f4b9e2-e9ea-4456-80e3-47fe03b77367_639196399556459866.xml,SWWD,Go South Coast,Go South Coast 3533 Inbound,Dinton - City Centre,price_band_6.0@AdultReturn,6.0
WDBC_6943_Outbound_AdultReturn_a9f4b9e2-e9ea-4456-80e3-47fe03b77367_639196408030521027.xml,WDBC,Go South Coast,Go South Coast 6943 Outbound,Lulworth - Weymouth,price_band_3.7@AdultReturn,3.7
SWWD_3675_Inbound_ChildReturn_a9f4b9e2-e9ea-4456-80e3-47fe03b77367_639196400089415816.xml,SWWD,Go South Coast,Go South Coast 3675 Inbound,Castle Road - Amesbury,price_band_2.5@ChildReturn,2.5
WDBC_1833_Inbound_ChildSingle_a9f4b9e2-e9ea-4456-80e3-47fe03b77367_639196381598838673.xml,WDBC,Go South Coast,Go South Coast 1833 Inbound,Alum Chine - Castlepoint,price_band_2.1@ChildSingle,2.1
WDBC_1053_Inbound_AdultReturn_a9f4b9e2-e9ea-4456-80e3-47fe03b77367_639196376027572776.xml,WDBC,Go South Coast,Go South Coast 1053 Inbound,Bournemouth - Wimborne,price_band_4.7@AdultReturn,4.7
WDBC_1801_Inbound_ChildSingle_2f1f0c04-770d-4707-ab06-213c5a798ad7_639196379467173244.xml,WDBC,Go South Coast,Go South Coast 1801 Inbound,Bournemouth - Christchurch,price_band_1.0@ChildSingle,1.0
WDBC_1032_Inbound_ChildReturn_a9f4b9e2-e9ea-4456-80e3-47fe03b77367_639196374348138290.xml,WDBC,Go South Coast,Go South Coast 1032 Inbound,Poole - Bournemouth,price_band_3.4@ChildReturn,3.4
SWWD_7201_Outbound_ChildReturn_a9f4b9e2-e9ea-4456-80e3-47fe03b77367_639196409679715329.xml,SWWD,Go South Coast,Go South Coast 7201 Outbound,Figheldean - Salisbury,price_band_4.6@ChildReturn,4.6
WDBC_1013_Inbound_ChildReturn_a9f4b9e2-e9ea-4456-80e3-47fe03b77367_639196371231761902.xml,WDBC,Go South Coast,Go South Coast 1013 Inbound,Bournemouth - Wimborne,price_band_3.2@ChildReturn,3.2
WDBC_1821_Outbound_ChildReturn_a9f4b9e2-e9ea-4456-80e3-47fe03b77367_639196381060424746.xml,WDBC,Go South Coast,Go South Coast 1821 Outbound,Bournemouth - Burton,price_band_3.1@ChildReturn,3.1
BLUS_4012_Inbound_AdultSingle_a9f4b9e2-e9ea-4456-80e3-47fe03b77367_639196401742045980.xml,BLUS,Go South Coast,Go South Coast 4012 Inbound,Southampton - Calmore,price_band_2.5@AdultSingle,2.5
WDBC_1003_Outbound_ChildSingle_d46597a9-440e-4c13-b49a-76a3986683d1_639196370492659200.xml,WDBC,Go South Coast,Go South Coast 1003 Outbound,Poole - Wimborne,price_band_3.0@ChildSingle,3.0
WDBC_1837_Outbound_ChildReturn_a9f4b9e2-e9ea-4456-80e3-47fe03b77367_639196381943039249.xml,WDBC,Go South Coast,Go South Coast 1837 Outbound,Bournemouth - Bournemouth International Airport,price_band_3.4@ChildReturn,3.4
BLUS_3634_Outbound_AdultSingle_a9f4b9e2-e9ea-4456-80e3-47fe03b77367_639196399678179226.xml,BLUS,Go South Coast,Go South Coast 3634 Outbound,East Wellow  - Romsey School,price_band_3.5@AdultSingle,3.5
BLUS_3135_Inbound_ChildReturn_a9f4b9e2-e9ea-4456-80e3-47fe03b77367_639196393303073855.xml,BLUS,Go South Coast,Go South Coast 3135 Inbound,Romsey - Braishfield,price_band_4.5@ChildReturn,4.5
WDBC_1789_Inbound_AdultReturn_a9f4b9e2-e9ea-4456-80e3-47fe03b77367_639196379289700065.xml,WDBC,Go South Coast,Go South Coast 1789 Inbound,Bournemouth School for Girls - Lymington,price_band_7.6@AdultReturn,7.6
WDBC_1837_Inbound_ChildReturn_a9f4b9e2-e9ea-4456-80e3-47fe03b77367_639196381865931691.xml,WDBC,Go South Coast,Go South Coast 1837 Inbound,Bournemouth - Bournemouth International Airport,price_band_3.4@ChildReturn,3.4
WDBC_1841_Inbound_AdultReturn_a9f4b9e2-e9ea-4456-80e3-47fe03b77367_639196382010911942.xml,WDBC,Go South Coast,Go South Coast 1841 Inbound,Bournemouth - Mudeford and Somerford,price_band_4.7@AdultReturn,4.7
BLUS_4002_Outbound_ChildSingle_f15d1b06-486f-433a-8991-95f1a97a87e0_639196401096594851.xml,BLUS,Go South Coast,Go South Coast 4002 Outbound,Southampton - Fair Oak,price_band_1.0@ChildSingle,1.0
TDTR_3820_Outbound_ChildSingle_a9f4b9e2-e9ea-4456-80e3-47fe03b77367_639196400556729284.xml,TDTR,Go South Coast,Go South Coast 3820 Outbound,Marlborough - Newbury,price_band_1.4@ChildSingle,1.4
WDBC_2176_Inbound_ChildSingle_a9f4b9e2-e9ea-4456-80e3-47fe03b77367_639196386517544843.xml,WDBC,Go South Coast,Go South Coast 2176 Inbound,Christchurch - Ringwood,price_band_2.9@ChildSingle,2.9
DAMY_6905_Outbound_ChildReturn_a9f4b9e2-e9ea-4456-80e3-47fe03b77367_639196407722599317.xml,DAMY,Go South Coast,Go South Coast 6905 Outbound,Warmwell - Dorchester,price_band_3.1@ChildReturn,3.1
WDBC_1011_Outbound_ChildSingle_a9f4b9e2-e9ea-4456-80e3-47fe03b77367_639196371092939686.xml,WDBC,Go South Coast,Go South Coast 1011 Outbound,Bournemouth - Canford Paddock,price_band_2.3@ChildSingle,2.3
TDTR_7146_Inbound_ChildReturn_a9f4b9e2-e9ea-4456-80e3-47fe03b77367_639196409044265171.xml,TDTR,Go South Coast,Go South Coast 7146 Inbound,Swindon - Hungerford,price_band_2.4@ChildReturn,2.4
WDBC_6903_Outbound_AdultReturn_a9f4b9e2-e9ea-4456-80e3-47fe03b77367_639196407632442021.xml,WDBC,Go South Coast,Go South Coast 6903 Outbound,Swanage - Lulworth,price_band_5.7@AdultReturn,5.7
BLUS_4566_Inbound_AdultSingle_a9f4b9e2-e9ea-4456-80e3-47fe03b77367_639196403049190693.xml,BLUS,Go South Coast,Go South Coast 4566 Inbound,Aldermoor - St Georges,price_band_2.6@AdultSingle,2.6
WDBC_6449_Outbound_ChildSingle_a9f4b9e2-e9ea-4456-80e3-47fe03b77367_639196406959656211.xml,WDBC,Go South Coast,Go South Coast 6449 Outbound,St Osmunds - Parkstone Grammar,price_band_2.2@ChildSingle,2.2
WDBC_1003_Inbound_AdultReturn_a9f4b9e2-e9ea-4456-80e3-47fe03b77367_639196370367861697.xml,WDBC,Go South Coast,Go South Coast 1003 Inbound,Poole - Wimborne,price_band_5.4@AdultReturn,5.4
SWWD_3407_Inbound_AdultSingle_f15d1b06-486f-433a-8991-95f1a97a87e0_639196397212314662.xml,SWWD,Go South Coast,Go South Coast 3407 Inbound,Salisbury - Southampton,price_band_3.0@AdultSingle,3.0
WDBC_1003_Inbound_AdultReturn_a9f4b9e2-e9ea-4456-80e3-47fe03b77367_639196370367861697.xml,WDBC,Go South Coast,Go South Coast 1003 Inbound,Poole - Wimborne,price_band_6.0@AdultReturn,6.0
WDBC_8229_Outbound_AdultSingle_a9f4b9e2-e9ea-4456-80e3-47fe03b77367_639196410358482826.xml,WDBC,Go South Coast,Go South Coast 8229 Outbound,Lyndhurst - Ringwood RED,price_band_5.0@AdultSingle,5.0
TDTR_7048_Inbound_AdultReturn_a9f4b9e2-e9ea-4456-80e3-47fe03b77367_639196408478077017.xml,TDTR,Go South Coast,Go South Coast 7048 Inbound,Swindon - Marlborough,price_band_2.6@AdultReturn,2.6
WDBC_6415_Inbound_ChildSingle_a9f4b9e2-e9ea-4456-80e3-47fe03b77367_639196406520735000.xml,WDBC,Go South Coast,Go South Coast 6415 Inbound,St Anns Hospital - Poole Grammar School,price_band_2.4@ChildSingle,2.4
SWWD_3126_Outbound_AdultReturn_a9f4b9e2-e9ea-4456-80e3-47fe03b77367_639196393210383237.xml,SWWD,Go South Coast,Go South Coast 3126 Outbound,Salisbury - Hindon,price_band_4.2@AdultReturn,4.2
WDBC_1811_Outbound_ChildSingle_a9f4b9e2-e9ea-4456-80e3-47fe03b77367_639196380086904887.xml,WDBC,Go South Coast,Go South Coast 1811 Outbound,Bournemouth - Somerford,price_band_1.9@ChildSingle,1.9
WDBC_2186_Inbound_AdultReturn_a9f4b9e2-e9ea-4456-80e3-47fe03b77367_639196386670547250.xml,WDBC,Go South Coast,Go South Coast 2186 Inbound,Southampton - Lymington,price_band_5.2@AdultReturn,5.2
WDBC_1170_Outbound_ChildReturn_a9f4b9e2-e9ea-4456-80e3-47fe03b77367_639196378532441348.xml,WDBC,Go South Coast,Go South Coast 1170 Outbound,Rockley Park - Hengistbury Head,price_band_3.7@ChildReturn,3.7
SWWD_3881_Inbound_AdultReturn_a9f4b9e2-e9ea-4456-80e3-47fe03b77367_639196400573837640.xml,SWWD,Go South Coast,Go South Coast 3881 Inbound,Wilton Road  - Burgate School,price_band_4.5@AdultReturn,4.5
BLUS_4204_Inbound_ChildSingle_a9f4b9e2-e9ea-4456-80e3-47fe03b77367_639196402834403507.xml,BLUS,Go South Coast,Go South Coast 4204 Inbound,Totton - Totton Anti-Clockwise,price_band_2.5@ChildSingle,2.5
TDTR_3820_Outbound_ChildReturn_a9f4b9e2-e9ea-4456-80e3-47fe03b77367_639196400559854465.xml,TDTR,Go South Coast,Go South Coast 3820 Outbound,Marlborough - Newbury,price_band_1.3@ChildReturn,1.3
SWWD_3645_Outbound_AdultSingle_a9f4b9e2-e9ea-4456-80e3-47fe03b77367_639196399858102265.xml,SWWD,Go South Coast,Go South Coast 3645 Outbound,Stratford Road Grammar School - Hamptworth Cuckoo,price_band_2.3@AdultSingle,2.3
WDBC_1801_Inbound_ChildReturn_a9f4b9e2-e9ea-4456-80e3-47fe03b77367_639196379440228067.xml,WDBC,Go South Coast,Go South Coast 1801 Inbound,Bournemouth - Christchurch,price_band_3.2@ChildReturn,3.2
WDBC_1833_Outbound_AdultReturn_a9f4b9e2-e9ea-4456-80e3-47fe03b77367_639196381680902456.xml,WDBC,Go South Coast,Go South Coast 1833 Outbound,Alum Chine - Castlepoint,price_band_4.5@AdultReturn,4.5
TDTR_7042_Outbound_ChildSingle_a9f4b9e2-e9ea-4456-80e3-47fe03b77367_639196408331477297.xml,TDTR,Go South Coast,Go South Coast 7042 Outbound,Calne - St John's School,price_band_2.0@ChildSingle,2.0
WDBC_1020_Outbound_ChildSingle_a9f4b9e2-e9ea-4456-80e3-47fe03b77367_639196373715081996.xml,WDBC,Go South Coast,Go South Coast 1020 Outbound,Poole - Christchurch,price_band_2.2@ChildSingle,2.2
WDBC_1806_Inbound_AdultReturn_a9f4b9e2-e9ea-4456-80e3-47fe03b77367_639196379860696326.xml,WDBC,Go South Coast,Go South Coast 1806 Inbound,Bournemouth - Wimborne,price_band_5.7@AdultReturn,5.7
WDBC_1040_Outbound_ChildSingle_2f1f0c04-770d-4707-ab06-213c5a798ad7_639196375405128204.xml,WDBC,Go South Coast,Go South Coast 1040 Outbound,Swanage - Poole,price_band_1.9@ChildSingle,1.9
BLUS_3635_Outbound_ChildReturn_a9f4b9e2-e9ea-4456-80e3-47fe03b77367_639196399740293897.xml,BLUS,Go South Coast,Go South Coast 3635 Outbound,Romsey - Ampfield,price_band_4.2@ChildReturn,4.2
TDTR_7148_Inbound_AdultReturn_a9f4b9e2-e9ea-4456-80e3-47fe03b77367_639196409133361031.xml,TDTR,Go South Coast,Go South Coast 7148 Inbound,Swindon - Marlborough,price_band_2.6@AdultReturn,2.6
WDBC_1833_Inbound_ChildReturn_a9f4b9e2-e9ea-4456-80e3-47fe03b77367_639196381609173020.xml,WDBC,Go South Coast,Go South Coast 1833 Inbound,Alum Chine - Castlepoint,price_band_3.7@ChildReturn,3.7
TDTR_7533_Outbound_ChildReturn_a9f4b9e2-e9ea-4456-80e3-47fe03b77367_639196409824305680.xml,TDTR,Go South Coast,Go South Coast 7533 Outbound,Oakhurst - Cirencester College,price_band_8.3@ChildReturn,8.3
WDBC_2001_Inbound_AdultSingle_d46597a9-440e-4c13-b49a-76a3986683d1_639196384561232347.xml,WDBC,Go South Coast,Go South Coast 2001 Inbound,Bournemouth - Lymington,price_band_3.0@AdultSingle,3.0
SWWD_3307_Outbound_AdultReturn_a9f4b9e2-e9ea-4456-80e3-47fe03b77367_639196394588117267.xml,SWWD,Go South Coast,Go South Coast 3307 Outbound,City Centre - Bishopdown Farm,price_band_4.2@AdultReturn,4.2
WDBC_1836_Inbound_ChildSingle_a9f4b9e2-e9ea-4456-80e3-47fe03b77367_639196381778704888.xml,WDBC,Go South Coast,Go South Coast 1836 Inbound,Talbot View - Kinson,price_band_1.9@ChildSingle,1.9
TDTR_3820_Outbound_ChildReturn_a9f4b9e2-e9ea-4456-80e3-47fe03b77367_639196400559854465.xml,TDTR,Go South Coast,Go South Coast 3820 Outbound,Marlborough - Newbury,price_band_2.2@ChildReturn,2.2
SWWD_3310_Outbound_AdultReturn_a9f4b9e2-e9ea-4456-80e3-47fe03b77367_639196394676898842.xml,SWWD,Go South Coast,Go South Coast 3310 Outbound,City Centre - St Peters Place,price_band_4.2@AdultReturn,4.2
SWWD_3044_Inbound_ChildSingle_a9f4b9e2-e9ea-4456-80e3-47fe03b77367_639196391667798972.xml,SWWD,Go South Coast,Go South Coast 3044 Inbound,Salisbury - Woodfalls,price_band_2.9@ChildSingle,2.9
SWWD_3651_Outbound_ChildReturn_a9f4b9e2-e9ea-4456-80e3-47fe03b77367_639196400009727198.xml,SWWD,Go South Coast,Go South Coast 3651 Outbound,Avon Valley College - Sling,price_band_3.2@ChildReturn,3.2
WDBC_1903_Outbound_AdultReturn_a9f4b9e2-e9ea-4456-80e3-47fe03b77367_639196383307648736.xml,WDBC,Go South Coast,Go South Coast 1903 Outbound,Poole - Wimborne,price_band_4.2@AdultReturn,4.2
WDBC_1903_Inbound_ChildReturn_a9f4b9e2-e9ea-4456-80e3-47fe03b77367_639196383139273932.xml,WDBC,Go South Coast,Go South Coast 1903 Inbound,Poole - Wimborne,price_band_3.4@ChildReturn,3.4
TDTR_7541_Inbound_AdultSingle_a9f4b9e2-e9ea-4456-80e3-47fe03b77367_639196409989563799.xml,TDTR,Go South Coast,Go South Coast 7541 Inbound,Coate - Cirencester College,price_band_5.2@AdultSingle,5.2
SWWD_3210_Inbound_ChildSingle_a9f4b9e2-e9ea-4456-80e3-47fe03b77367_639196394075595101.xml,SWWD,Go South Coast,Go South Coast 3210 Inbound,City Centre - St Peters Place,price_band_1.9@ChildSingle,1.9
BLUS_4009_Outbound_AdultReturn_a9f4b9e2-e9ea-4456-80e3-47fe03b77367_639196401589223450.xml,BLUS,Go South Coast,Go South Coast 4009 Outbound,Southampton - Langley/Fawley,price_band_6.0@AdultReturn,6.0
TDTR_7146_Inbound_ChildSingle_a9f4b9e2-e9ea-4456-80e3-47fe03b77367_639196409031966467.xml,TDTR,Go South Coast,Go South Coast 7146 Inbound,Swindon - Hungerford,price_band_1.4@ChildSingle,1.4
WDBC_1053_Outbound_ChildSingle_a9f4b9e2-e9ea-4456-80e3-47fe03b77367_639196376334244450.xml,WDBC,Go South Coast,Go South Coast 1053 Outbound,Bournemouth - Wimborne,price_band_2.2@ChildSingle,2.2
SWWD_3885_Outbound_ChildSingle_a9f4b9e2-e9ea-4456-80e3-47fe03b77367_639196400823412285.xml,SWWD,Go South Coast,Go South Coast 3885 Outbound,Whaddon - Burgate School,price_band_2.4@ChildSingle,2.4
UNIL_4709_Outbound_ChildSingle_f15d1b06-486f-433a-8991-95f1a97a87e0_639196403164843741.xml,UNIL,Go South Coast,Go South Coast 4709 Outbound,Townhill Park - General Hospital,price_band_1.0@ChildSingle,1.0
WDBC_1805_Outbound_ChildReturn_a9f4b9e2-e9ea-4456-80e3-47fe03b77367_639196379814868213.xml,WDBC,Go South Coast,Go South Coast 1805 Outbound,Bournemouth - Kinson,price_band_3.1@ChildReturn,3.1
WDBC_1837_Outbound_ChildSingle_d46597a9-440e-4c13-b49a-76a3986683d1_639196381971154071.xml,WDBC,Go South Coast,Go South Coast 1837 Outbound,Bournemouth - Bournemouth International Airport,price_band_2.5@ChildSingle,2.5
SVCT_5272_Inbound_ChildSingle_a9f4b9e2-e9ea-4456-80e3-47fe03b77367_639196405677385161.xml,SVCT,Go South Coast,Go South Coast 5272 Inbound,Ryde - Ventnor,price_band_1.8@ChildSingle,1.8
SWWD_3040_Outbound_AdultReturn_a9f4b9e2-e9ea-4456-80e3-47fe03b77367_639196391559199574.xml,SWWD,Go South Coast,Go South Coast 3040 Outbound,Salisbury - Woodfalls,price_band_6.0@AdultReturn,6.0
SWWD_3533_Inbound_ChildSingle_a9f4b9e2-e9ea-4456-80e3-47fe03b77367_639196399567890553.xml,SWWD,Go South Coast,Go South Coast 3533 Inbound,Dinton - City Centre,price_band_2.3@ChildSingle,2.3
BLUS_4815_Outbound_ChildReturn_a9f4b9e2-e9ea-4456-80e3-47fe03b77367_639196403541921837.xml,BLUS,Go South Coast,Go South Coast 4815 Outbound,Boyatt Wood - Eastleigh,price_band_4.5@ChildReturn,4.5
WDBC_2953_Inbound_ChildReturn_a9f4b9e2-e9ea-4456-80e3-47fe03b77367_639196388696796653.xml,WDBC,Go South Coast,Go South Coast 2953 Inbound,Salisbury - Ringwood,price_band_5.6@ChildReturn,5.6
WDBC_2002_Outbound_ChildReturn_a9f4b9e2-e9ea-4456-80e3-47fe03b77367_639196385418186648.xml,WDBC,Go South Coast,Go South Coast 2002 Outbound,Bournemouth - Lymington,price_band_5.6@ChildReturn,5.6
WDBC_2620_Inbound_AdultReturn_a9f4b9e2-e9ea-4456-80e3-47fe03b77367_639196387301837356.xml,WDBC,Go South Coast,Go South Coast 2620 Inbound,Thorney Hill - Brockenhurst College,price_band_8.7@AdultReturn,8.7
WDBC_1060_Inbound_ChildReturn_a9f4b9e2-e9ea-4456-80e3-47fe03b77367_639196376768665235.xml,WDBC,Go South Coast,Go South Coast 1060 Inbound,Rockley - Sandbanks,price_band_2.8@ChildReturn,2.8
SWWD_3312_Outbound_ChildSingle_a9f4b9e2-e9ea-4456-80e3-47fe03b77367_639196394747658990.xml,SWWD,Go South Coast,Go South Coast 3312 Outbound,City Centre - Bishopdown Farm,price_band_1.9@ChildSingle,1.9
SWWD_3008_Inbound_ChildReturn_a9f4b9e2-e9ea-4456-80e3-47fe03b77367_639196390712342619.xml,SWWD,Go South Coast,Go South Coast 3008 Inbound,Salisbury - Zouch Estate,price_band_4.8@ChildReturn,4.8
WDBC_1886_Outbound_AdultSingle_a9f4b9e2-e9ea-4456-80e3-47fe03b77367_639196382947976242.xml,WDBC,Go South Coast,Go South Coast 1886 Outbound,Corfe Mullen - St Peters School,price_band_3.4@AdultSingle,3.4
SWWD_7201_Outbound_ChildSingle_a9f4b9e2-e9ea-4456-80e3-47fe03b77367_639196409668297115.xml,SWWD,Go South Coast,Go South Coast 7201 Outbound,Figheldean - Salisbury,price_band_1.4@ChildSingle,1.4
BLUS_4004_Inbound_AdultReturn_a9f4b9e2-e9ea-4456-80e3-47fe03b77367_639196401112255915.xml,BLUS,Go South Coast,Go South Coast 4004 Inbound,Southampton - Romsey,price_band_4.5@AdultReturn,4.5
SWWD_3308_Inbound_AdultSingle_a9f4b9e2-e9ea-4456-80e3-47fe03b77367_639196394599571827.xml,SWWD,Go South Coast,Go South Coast 3308 Inbound,Blue Boar Row - Ditchampton,price_band_2.3@AdultSingle,2.3
WDBC_2906_Outbound_ChildSingle_d46597a9-440e-4c13-b49a-76a3986683d1_639196388617865658.xml,WDBC,Go South Coast,Go South Coast 2906 Outbound,Poole - Ringwood,price_band_2.5@ChildSingle,2.5
TDTR_7052_Outbound_YoungPersonSgl_a9f4b9e2-e9ea-4456-80e3-47fe03b77367_639196408590037838.xml,TDTR,Go South Coast,Go South Coast 7052 Outbound,Barnfield - Okus,price_band_1.8@YoungPersonSgl,1.8
WDBC_1837_Outbound_ChildSingle_d46597a9-440e-4c13-b49a-76a3986683d1_639196381971154071.xml,WDBC,Go South Coast,Go South Coast 1837 Outbound,Bournemouth - Bournemouth International Airport,price_band_2.1@ChildSingle,2.1
WDBC_1811_Outbound_ChildSingle_a9f4b9e2-e9ea-4456-80e3-47fe03b77367_639196380086904887.xml,WDBC,Go South Coast,Go South Coast 1811 Outbound,Bournemouth - Somerford,price_band_2.8@ChildSingle,2.8
SWWD_3029_Outbound_ChildReturn_a9f4b9e2-e9ea-4456-80e3-47fe03b77367_639196391480317502.xml,SWWD,Go South Coast,Go South Coast 3029 Outbound,Salisbury - Shaftesbury,price_band_2.5@ChildReturn,2.5
TDTR_7120_Inbound_AdultSingle_a9f4b9e2-e9ea-4456-80e3-47fe03b77367_639196408951729741.xml,TDTR,Go South Coast,Go South Coast 7120 Inbound,Marlborough - Hungerford,price_band_2.0@AdultSingle,2.0
SWWD_3108_Outbound_AdultSingle_a9f4b9e2-e9ea-4456-80e3-47fe03b77367_639196392367870068.xml,SWWD,Go South Coast,Go South Coast 3108 Outbound,Salisbury - Zouch Estate,price_band_2.4@AdultSingle,2.4
BLUS_4506_Outbound_AdultSingle_a9f4b9e2-e9ea-4456-80e3-47fe03b77367_639196403010455930.xml,BLUS,Go South Coast,Go South Coast 4506 Outbound,City Centre - Cantell School,price_band_2.3@AdultSingle,2.3
WDBC_1804_Inbound_ChildReturn_a9f4b9e2-e9ea-4456-80e3-47fe03b77367_639196379675050029.xml,WDBC,Go South Coast,Go South Coast 1804 Inbound,Bournemouth - Castlepoint,price_band_3.7@ChildReturn,3.7
SWWD_3326_Outbound_AdultReturn_a9f4b9e2-e9ea-4456-80e3-47fe03b77367_639196395281317520.xml,SWWD,Go South Coast,Go South Coast 3326 Outbound,Salisbury - Hindon,price_band_5.4@AdultReturn,5.4
WDBC_1011_Outbound_AdultSingle_a9f4b9e2-e9ea-4456-80e3-47fe03b77367_639196371070458652.xml,WDBC,Go South Coast,Go South Coast 1011 Outbound,Bournemouth - Canford Paddock,price_band_3.0@AdultSingle,3.0
WDBC_2219_Outbound_ChildSingle_a9f4b9e2-e9ea-4456-80e3-47fe03b77367_639196386952330574.xml,WDBC,Go South Coast,Go South Coast 2219 Outbound,Lymington  - New Milton,price_band_3.0@ChildSingle,3.0
UNIL_4741_Inbound_AdultSingle_a9f4b9e2-e9ea-4456-80e3-47fe03b77367_639196403328917054.xml,UNIL,Go South Coast,Go South Coast 4741 Inbound,Wessex Lane - Highfield Campus,price_band_2.6@AdultSingle,2.6
WDBC_2002_Inbound_AdultSingle_a9f4b9e2-e9ea-4456-80e3-47fe03b77367_639196385036836003.xml,WDBC,Go South Coast,Go South Coast 2002 Inbound,Bournemouth - Lymington,price_band_2.8@AdultSingle,2.8
TDTR_7146_Inbound_AdultReturn_a9f4b9e2-e9ea-4456-80e3-47fe03b77367_639196409021263564.xml,TDTR,Go South Coast,Go South Coast 7146 Inbound,Swindon - Hungerford,price_band_4.5@AdultReturn,4.5
WDBC_1841_Inbound_ChildReturn_a9f4b9e2-e9ea-4456-80e3-47fe03b77367_639196382001476704.xml,WDBC,Go South Coast,Go South Coast 1841 Inbound,Bournemouth - Mudeford and Somerford,price_band_3.1@ChildReturn,3.1
WDBC_1646_Outbound_UniIDSingle_d46597a9-440e-4c13-b49a-76a3986683d1_639196378999326114.xml,WDBC,Go South Coast,Go South Coast 1646 Outbound,Dorchester House  - Talbot Campus,price_band_1.0@UniIDSingle,1.0
WDBC_2613_Inbound_AdultSingle_a9f4b9e2-e9ea-4456-80e3-47fe03b77367_639196387100752560.xml,WDBC,Go South Coast,Go South Coast 2613 Inbound,Broadstone - Brockenhurst College,price_band_6.0@AdultSingle,6.0
WDBC_1641_Inbound_UniIDReturn_a9f4b9e2-e9ea-4456-80e3-47fe03b77367_639196378735703250.xml,WDBC,Go South Coast,Go South Coast 1641 Inbound,Dorchester House  - Talbot Campus,price_band_3.2@UniIDReturn,3.2
WDBC_1644_Outbound_AdultSingle_a9f4b9e2-e9ea-4456-80e3-47fe03b77367_639196378961933065.xml,WDBC,Go South Coast,Go South Coast 1644 Outbound,Westbourne - Talbot Campus,price_band_2.5@AdultSingle,2.5
SWWD_3645_Outbound_ChildSingle_a9f4b9e2-e9ea-4456-80e3-47fe03b77367_639196399890761097.xml,SWWD,Go South Coast,Go South Coast 3645 Outbound,Stratford Road Grammar School - Hamptworth Cuckoo,price_band_3.0@ChildSingle,3.0
WDBC_1831_Outbound_ChildSingle_d46597a9-440e-4c13-b49a-76a3986683d1_639196381565864618.xml,WDBC,Go South Coast,Go South Coast 1831 Outbound,Bournemouth - Hunt Road and Somerford,price_band_1.0@ChildSingle,1.0
SWWD_3126_Inbound_AdultReturn_a9f4b9e2-e9ea-4456-80e3-47fe03b77367_639196393114062107.xml,SWWD,Go South Coast,Go South Coast 3126 Inbound,Salisbury - Hindon,price_band_5.7@AdultReturn,5.7
TDTR_7040_Inbound_AdultSingle_a9f4b9e2-e9ea-4456-80e3-47fe03b77367_639196408252328157.xml,TDTR,Go South Coast,Go South Coast 7040 Inbound,Calne - Calne Tesco,price_band_1.3@AdultSingle,1.3
SVCT_5007_Outbound_ChildSingle_a9f4b9e2-e9ea-4456-80e3-47fe03b77367_639196404048053175.xml,SVCT,Go South Coast,Go South Coast 5007 Outbound,Newport  - Alum Bay,price_band_1.8@ChildSingle,1.8
BLUS_2607_Outbound_AdultReturn_a9f4b9e2-e9ea-4456-80e3-47fe03b77367_639196387047353722.xml,BLUS,Go South Coast,Go South Coast 2607 Outbound,North Baddesley - Brockenhurst College,price_band_4.0@AdultReturn,4.0
WDBC_6043_Inbound_AdultSingle_a9f4b9e2-e9ea-4456-80e3-47fe03b77367_639196406231945929.xml,WDBC,Go South Coast,Go South Coast 6043 Inbound,County Gates - Parkstone Grammar School,price_band_2.9@AdultSingle,2.9
WDBC_1801_Inbound_AdultReturn_a9f4b9e2-e9ea-4456-80e3-47fe03b77367_639196379426825397.xml,WDBC,Go South Coast,Go South Coast 1801 Inbound,Bournemouth - Christchurch,price_band_4.7@AdultReturn,4.7
SWWD_3726_Outbound_ChildReturn_a9f4b9e2-e9ea-4456-80e3-47fe03b77367_639196400436322760.xml,SWWD,Go South Coast,Go South Coast 3726 Outbound,Salisbury - East Knoyle,price_band_2.7@ChildReturn,2.7
WDBC_1821_Inbound_ChildSingle_a9f4b9e2-e9ea-4456-80e3-47fe03b77367_639196380835269732.xml,WDBC,Go South Coast,Go South Coast 1821 Inbound,Bournemouth - Burton,price_band_2.5@ChildSingle,2.5
TDTR_7016_Inbound_YoungPersonSgl_a9f4b9e2-e9ea-4456-80e3-47fe03b77367_639196408225882385.xml,TDTR,Go South Coast,Go South Coast 7016 Inbound,Bus Station - Blunsdon,price_band_2.5@YoungPersonSgl,2.5
SWWD_3040_Inbound_ChildReturn_a9f4b9e2-e9ea-4456-80e3-47fe03b77367_639196391517369137.xml,SWWD,Go South Coast,Go South Coast 3040 Inbound,Salisbury - Woodfalls,price_band_4.0@ChildReturn,4.0
SWWD_3125_Inbound_AdultReturn_a9f4b9e2-e9ea-4456-80e3-47fe03b77367_639196392784009675.xml,SWWD,Go South Coast,Go South Coast 3125 Inbound,South Wilts Grammar School - Hindon,price_band_6.0@AdultReturn,6.0
WDBC_1050_Outbound_AdultSingle_2f1f0c04-770d-4707-ab06-213c5a798ad7_639196375715920407.xml,WDBC,Go South Coast,Go South Coast 1050 Outbound,Bournemouth Station - Swanage,price_band_3.0@AdultSingle,3.0
TDTR_7080_Inbound_YoungPersonSgl_a9f4b9e2-e9ea-4456-80e3-47fe03b77367_639196408796693410.xml,TDTR,Go South Coast,Go South Coast 7080 Inbound,Swindon - Marlborough,price_band_1.4@YoungPersonSgl,1.4
BLUS_4005_Inbound_AdultSingle_f15d1b06-486f-433a-8991-95f1a97a87e0_639196401212396097.xml,BLUS,Go South Coast,Go South Coast 4005 Inbound,Boyatt Wood - Romsey,price_band_1.0@AdultSingle,1.0
SWWD_3511_Inbound_AdultSingle_a9f4b9e2-e9ea-4456-80e3-47fe03b77367_639196399096499816.xml,SWWD,Go South Coast,Go South Coast 3511 Inbound,Blue Boar Row - Old Sarum,price_band_3.0@AdultSingle,3.0
SWWD_3650_Outbound_AdultSingle_a9f4b9e2-e9ea-4456-80e3-47fe03b77367_639196399985795038.xml,SWWD,Go South Coast,Go South Coast 3650 Outbound,Laverstock Schools  - West Harnham,price_band_2.1@AdultSingle,2.1
SWWD_3002_Inbound_ChildSingle_a9f4b9e2-e9ea-4456-80e3-47fe03b77367_639196390247575616.xml,SWWD,Go South Coast,Go South Coast 3002 Inbound,Salisbury - Devizes,price_band_2.9@ChildSingle,2.9
SWWD_3301_Outbound_ChildSingle_a9f4b9e2-e9ea-4456-80e3-47fe03b77367_639196394331132769.xml,SWWD,Go South Coast,Go South Coast 3301 Outbound,District Hospital - Bemerton Heath,price_band_1.9@ChildSingle,1.9
TDTR_7002_Outbound_AdultSingle_a9f4b9e2-e9ea-4456-80e3-47fe03b77367_639196408077807807.xml,TDTR,Go South Coast,Go South Coast 7002 Outbound,Fleming Way - Covingham & Nythe,price_band_2.2@AdultSingle,2.2
WDBC_1762_Outbound_ChildSingle_a9f4b9e2-e9ea-4456-80e3-47fe03b77367_639196379178723324.xml,WDBC,Go South Coast,Go South Coast 1762 Outbound,Merley - Corfe Hills,price_band_1.9@ChildSingle,1.9
SWWD_3040_Inbound_ChildSingle_a9f4b9e2-e9ea-4456-80e3-47fe03b77367_639196391508774743.xml,SWWD,Go South Coast,Go South Coast 3040 Inbound,Salisbury - Woodfalls,price_band_2.1@ChildSingle,2.1
WDBC_6673_Outbound_AdultReturn_a9f4b9e2-e9ea-4456-80e3-47fe03b77367_639196407314672191.xml,WDBC,Go South Coast,Go South Coast 6673 Outbound,Albert Road - Tower Park,price_band_4.2@AdultReturn,4.2
WDBC_1050_Outbound_ChildSingle_a9f4b9e2-e9ea-4456-80e3-47fe03b77367_639196375696950415.xml,WDBC,Go South Coast,Go South Coast 1050 Outbound,Bournemouth Station - Swanage,price_band_3.0@ChildSingle,3.0
WDBC_6673_Outbound_AdultReturn_a9f4b9e2-e9ea-4456-80e3-47fe03b77367_639196407314672191.xml,WDBC,Go South Coast,Go South Coast 6673 Outbound,Albert Road - Tower Park,price_band_4.4@AdultReturn,4.4
WDBC_1831_Inbound_ChildSingle_d46597a9-440e-4c13-b49a-76a3986683d1_639196381238555218.xml,WDBC,Go South Coast,Go South Coast 1831 Inbound,Bournemouth - Hunt Road and Somerford,price_band_1.0@ChildSingle,1.0
TDTR_7531_Outbound_AdultSingle_a9f4b9e2-e9ea-4456-80e3-47fe03b77367_639196409762864173.xml,TDTR,Go South Coast,Go South Coast 7531 Outbound,Rushey Platt - Cirencester College,price_band_5.2@AdultSingle,5.2
SWWD_3040_Outbound_AdultReturn_a9f4b9e2-e9ea-4456-80e3-47fe03b77367_639196391559199574.xml,SWWD,Go South Coast,Go South Coast 3040 Outbound,Salisbury - Woodfalls,price_band_5.7@AdultReturn,5.7
WDBC_1068_Outbound_AdultSingle_a9f4b9e2-e9ea-4456-80e3-47fe03b77367_639196376923064179.xml,WDBC,Go South Coast,Go South Coast 1068 Outbound,Poole - Poole Clockwise,price_band_2.3@AdultSingle,2.3
SWWD_3881_Outbound_AdultReturn_a9f4b9e2-e9ea-4456-80e3-47fe03b77367_639196400602662314.xml,SWWD,Go South Coast,Go South Coast 3881 Outbound,Wilton Road  - Burgate School,price_band_4.2@AdultReturn,4.2
WDBC_2003_Outbound_AdultReturn_a9f4b9e2-e9ea-4456-80e3-47fe03b77367_639196385959424100.xml,WDBC,Go South Coast,Go South Coast 2003 Outbound,Salisbury - Bournemouth,price_band_6.0@AdultReturn,6.0
WDBC_2633_Inbound_AdultSingle_a9f4b9e2-e9ea-4456-80e3-47fe03b77367_639196387404256464.xml,WDBC,Go South Coast,Go South Coast 2633 Inbound,Wimborne - Brockenhurst College,price_band_3.0@AdultSingle,3.0
WDBC_6418_Outbound_ChildReturn_a9f4b9e2-e9ea-4456-80e3-47fe03b77367_639196406749532960.xml,WDBC,Go South Coast,Go South Coast 6418 Outbound,Sandbanks Ferry - Poole Grammar School,price_band_2.1@ChildReturn,2.1
BLUS_4001_Inbound_ChildReturn_a9f4b9e2-e9ea-4456-80e3-47fe03b77367_639196400955707393.xml,BLUS,Go South Coast,Go South Coast 4001 Inbound,Southampton - Winchester,price_band_4.0@ChildReturn,4.0
WDBC_1883_Outbound_AdultReturn_a9f4b9e2-e9ea-4456-80e3-47fe03b77367_639196382548015258.xml,WDBC,Go South Coast,Go South Coast 1883 Outbound,Alum Chine - Castlepoint,price_band_4.2@AdultReturn,4.2
WDBC_1903_Inbound_ChildSingle_a9f4b9e2-e9ea-4456-80e3-47fe03b77367_639196383195113160.xml,WDBC,Go South Coast,Go South Coast 1903 Inbound,Poole - Wimborne,price_band_1.9@ChildSingle,1.9
TDTR_7148_Inbound_ChildReturn_a9f4b9e2-e9ea-4456-80e3-47fe03b77367_639196409158228761.xml,TDTR,Go South Coast,Go South Coast 7148 Inbound,Swindon - Marlborough,price_band_4.7@ChildReturn,4.7
SVCT_8503_Outbound_ChildReturn_a9f4b9e2-e9ea-4456-80e3-47fe03b77367_639196410668515081.xml,SVCT,Go South Coast,Go South Coast 8503 Outbound,Needles - Breezer,price_band_4.2@ChildReturn,4.2
WDBC_1040_Outbound_ChildSingle_d46597a9-440e-4c13-b49a-76a3986683d1_639196375449463659.xml,WDBC,Go South Coast,Go South Coast 1040 Outbound,Swanage - Poole,price_band_2.5@ChildSingle,2.5
WDBC_6449_Outbound_ChildReturn_a9f4b9e2-e9ea-4456-80e3-47fe03b77367_639196406968851108.xml,WDBC,Go South Coast,Go South Coast 6449 Outbound,St Osmunds - Parkstone Grammar,price_band_5.2@ChildReturn,5.2
SWWD_3883_Inbound_ChildSingle_a9f4b9e2-e9ea-4456-80e3-47fe03b77367_639196400680560363.xml,SWWD,Go South Coast,Go South Coast 3883 Inbound,Bishopdown Farm  - Burgate School,price_band_2.3@ChildSingle,2.3
WDBC_1950_Inbound_ChildSingle_2f1f0c04-770d-4707-ab06-213c5a798ad7_639196383777030793.xml,WDBC,Go South Coast,Go South Coast 1950 Inbound,Bournemouth - Swanage,price_band_1.0@ChildSingle,1.0
SVCT_8505_Outbound_ChildSingle_a9f4b9e2-e9ea-4456-80e3-47fe03b77367_639196410729291903.xml,SVCT,Go South Coast,Go South Coast 8505 Outbound,Shanklin - Shuttle,price_band_1.8@ChildSingle,1.8
BLUS_2607_Inbound_AdultReturn_a9f4b9e2-e9ea-4456-80e3-47fe03b77367_639196387028054686.xml,BLUS,Go South Coast,Go South Coast 2607 Inbound,North Baddesley - Brockenhurst College,price_band_7.9@AdultReturn,7.9
WDBC_1755_Outbound_AdultSingle_a9f4b9e2-e9ea-4456-80e3-47fe03b77367_639196379133464980.xml,WDBC,Go South Coast,Go South Coast 1755 Outbound,Bournemouth Station - Bournemouth School for Girls,price_band_3.4@AdultSingle,3.4
SWWD_3044_Outbound_ChildReturn_a9f4b9e2-e9ea-4456-80e3-47fe03b77367_639196391697596435.xml,SWWD,Go South Coast,Go South Coast 3044 Outbound,Salisbury - Woodfalls,price_band_2.6@ChildReturn,2.6
SWWD_3726_Outbound_AdultSingle_a9f4b9e2-e9ea-4456-80e3-47fe03b77367_639196400396841031.xml,SWWD,Go South Coast,Go South Coast 3726 Outbound,Salisbury - East Knoyle,price_band_2.3@AdultSingle,2.3
WDBC_1804_Inbound_ChildReturn_a9f4b9e2-e9ea-4456-80e3-47fe03b77367_639196379675050029.xml,WDBC,Go South Coast,Go South Coast 1804 Inbound,Bournemouth - Castlepoint,price_band_3.1@ChildReturn,3.1
SVCT_5106_Inbound_YoungAdSingle_a9f4b9e2-e9ea-4456-80e3-47fe03b77367_639196405076471531.xml,SVCT,Go South Coast,Go South Coast 5106 Inbound,Ventnor  - Newport,price_band_3.0@YoungAdSingle,3.0
WDBC_1805_Outbound_AdultReturn_a9f4b9e2-e9ea-4456-80e3-47fe03b77367_639196379801758404.xml,WDBC,Go South Coast,Go South Coast 1805 Outbound,Bournemouth - Kinson,price_band_4.7@AdultReturn,4.7
SWWD_3040_Inbound_AdultSingle_a9f4b9e2-e9ea-4456-80e3-47fe03b77367_639196391498399089.xml,SWWD,Go South Coast,Go South Coast 3040 Inbound,Salisbury - Woodfalls,price_band_3.0@AdultSingle,3.0
WDBC_6898_Outbound_AdultSingle_a9f4b9e2-e9ea-4456-80e3-47fe03b77367_639196407428650584.xml,WDBC,Go South Coast,Go South Coast 6898 Outbound,Poole  - ASDA,price_band_2.3@AdultSingle,2.3
SWWD_3885_Outbound_ChildReturn_a9f4b9e2-e9ea-4456-80e3-47fe03b77367_639196400840543507.xml,SWWD,Go South Coast,Go South Coast 3885 Outbound,Whaddon - Burgate School,price_band_3.8@ChildReturn,3.8
SWWD_3726_Inbound_ChildReturn_a9f4b9e2-e9ea-4456-80e3-47fe03b77367_639196400360478429.xml,SWWD,Go South Coast,Go South Coast 3726 Inbound,Salisbury - East Knoyle,price_band_2.7@ChildReturn,2.7
WDBC_1053_Inbound_ChildReturn_a9f4b9e2-e9ea-4456-80e3-47fe03b77367_639196376058761639.xml,WDBC,Go South Coast,Go South Coast 1053 Inbound,Bournemouth - Wimborne,price_band_4.6@ChildReturn,4.6
SWWD_7210_Outbound_AdultSingle_a9f4b9e2-e9ea-4456-80e3-47fe03b77367_639196409711683855.xml,SWWD,Go South Coast,Go South Coast 7210 Outbound,Figheldean - Devizes,price_band_2.0@AdultSingle,2.0
TDTR_7076_Outbound_YoungPersonRtn_a9f4b9e2-e9ea-4456-80e3-47fe03b77367_639196408736218992.xml,TDTR,Go South Coast,Go South Coast 7076 Outbound,Marlborough - Bath,price_band_3.3@YoungPersonRtn,3.3
WDBC_2003_Inbound_ChildSingle_2f1f0c04-770d-4707-ab06-213c5a798ad7_639196385881155247.xml,WDBC,Go South Coast,Go South Coast 2003 Inbound,Salisbury - Bournemouth,price_band_1.9@ChildSingle,1.9
TDTR_7042_Outbound_ChildReturn_a9f4b9e2-e9ea-4456-80e3-47fe03b77367_639196408348218188.xml,TDTR,Go South Coast,Go South Coast 7042 Outbound,Calne - St John's School,price_band_3.0@ChildReturn,3.0
SWWD_3266_Outbound_ChildReturn_a9f4b9e2-e9ea-4456-80e3-47fe03b77367_639196394247774086.xml,SWWD,Go South Coast,Go South Coast 3266 Outbound,South Wilts Grammar School - Idmiston,price_band_4.5@ChildReturn,4.5
WDBC_1052_Outbound_ChildReturn_a9f4b9e2-e9ea-4456-80e3-47fe03b77367_639196375919604408.xml,WDBC,Go South Coast,Go South Coast 1052 Outbound,Rockley - Sandbanks,price_band_2.8@ChildReturn,2.8
BLUS_4805_Inbound_AdultReturn_a9f4b9e2-e9ea-4456-80e3-47fe03b77367_639196403360329895.xml,BLUS,Go South Coast,Go South Coast 4805 Inbound,Boyatt Wood - Shootash,price_band_4.9@AdultReturn,4.9
TDTR_7148_Inbound_ChildSingle_a9f4b9e2-e9ea-4456-80e3-47fe03b77367_639196409147058480.xml,TDTR,Go South Coast,Go South Coast 7148 Inbound,Swindon - Marlborough,price_band_1.4@ChildSingle,1.4
SWWD_3125_Inbound_AdultReturn_a9f4b9e2-e9ea-4456-80e3-47fe03b77367_639196392784009675.xml,SWWD,Go South Coast,Go South Coast 3125 Inbound,South Wilts Grammar School - Hindon,price_band_4.9@AdultReturn,4.9
BLUS_4424_Inbound_AdultReturn_a9f4b9e2-e9ea-4456-80e3-47fe03b77367_639196402875610947.xml,BLUS,Go South Coast,Go South Coast 4424 Inbound,Eastleigh - Hedge End,price_band_4.7@AdultReturn,4.7
WDBC_2403_Inbound_ChildReturn_a9f4b9e2-e9ea-4456-80e3-47fe03b77367_639196386976127478.xml,WDBC,Go South Coast,Go South Coast 2403 Inbound,Verwood - Ferndown Upper,price_band_5.4@ChildReturn,5.4
WDBC_1950_Inbound_ChildSingle_2f1f0c04-770d-4707-ab06-213c5a798ad7_639196383777030793.xml,WDBC,Go South Coast,Go South Coast 1950 Inbound,Bournemouth - Swanage,price_band_2.8@ChildSingle,2.8
SWWD_7601_Outbound_AdultSingle_a9f4b9e2-e9ea-4456-80e3-47fe03b77367_639196410155286063.xml,SWWD,Go South Coast,Go South Coast 7601 Outbound,Stratford Road - Stratford sub Castle School,price_band_1.8@AdultSingle,1.8
WDBC_6418_Inbound_AdultSingle_a9f4b9e2-e9ea-4456-80e3-47fe03b77367_639196406683670847.xml,WDBC,Go South Coast,Go South Coast 6418 Inbound,Sandbanks Ferry - Poole Grammar School,price_band_3.5@AdultSingle,3.5
WDBC_1050_Inbound_ChildSingle_2f1f0c04-770d-4707-ab06-213c5a798ad7_639196375591808267.xml,WDBC,Go South Coast,Go South Coast 1050 Inbound,Bournemouth Station - Swanage,price_band_3.0@ChildSingle,3.0
SWWD_3495_Inbound_ChildReturn_a9f4b9e2-e9ea-4456-80e3-47fe03b77367_639196398829248740.xml,SWWD,Go South Coast,Go South Coast 3495 Inbound,Swindon - Pewsey,price_band_4.3@ChildReturn,4.3
SWWD_3137_Outbound_ChildSingle_a9f4b9e2-e9ea-4456-80e3-47fe03b77367_639196393472012919.xml,SWWD,Go South Coast,Go South Coast 3137 Outbound,Salisbury - West Dean,price_band_3.0@ChildSingle,3.0
SWWD_3684_Inbound_ChildReturn_a9f4b9e2-e9ea-4456-80e3-47fe03b77367_639196400273843845.xml,SWWD,Go South Coast,Go South Coast 3684 Inbound,Coombe Bissett - Burgate,price_band_3.7@ChildReturn,3.7
WDBC_1011_Outbound_ChildSingle_a9f4b9e2-e9ea-4456-80e3-47fe03b77367_639196371092939686.xml,WDBC,Go South Coast,Go South Coast 1011 Outbound,Bournemouth - Canford Paddock,price_band_3.0@ChildSingle,3.0
WDBC_1170_Outbound_ChildSingle_a9f4b9e2-e9ea-4456-80e3-47fe03b77367_639196378486419292.xml,WDBC,Go South Coast,Go South Coast 1170 Outbound,Rockley Park - Hengistbury Head,price_band_2.8@ChildSingle,2.8
WDBC_1805_Outbound_ChildSingle_2f1f0c04-770d-4707-ab06-213c5a798ad7_639196379833725556.xml,WDBC,Go South Coast,Go South Coast 1805 Outbound,Bournemouth - Kinson,price_band_1.0@ChildSingle,1.0
DAMY_6307_Outbound_AdultSingle_a9f4b9e2-e9ea-4456-80e3-47fe03b77367_639196406435350986.xml,DAMY,Go South Coast,Go South Coast 6307 Outbound,Blandford - Shaftesbury,price_band_2.3@AdultSingle,2.3
WDBC_2176_Inbound_AdultReturn_a9f4b9e2-e9ea-4456-80e3-47fe03b77367_639196386508659951.xml,WDBC,Go South Coast,Go South Coast 2176 Inbound,Christchurch - Ringwood,price_band_6.0@AdultReturn,6.0
WDBC_2002_Inbound_AdultReturn_a9f4b9e2-e9ea-4456-80e3-47fe03b77367_639196385062138118.xml,WDBC,Go South Coast,Go South Coast 2002 Inbound,Bournemouth - Lymington,price_band_5.1@AdultReturn,5.1
SWWD_7201_Outbound_ChildSingle_a9f4b9e2-e9ea-4456-80e3-47fe03b77367_639196409668297115.xml,SWWD,Go South Coast,Go South Coast 7201 Outbound,Figheldean - Salisbury,price_band_1.8@ChildSingle,1.8
WDBC_1016_Outbound_ChildReturn_a9f4b9e2-e9ea-4456-80e3-47fe03b77367_639196372343417653.xml,WDBC,Go South Coast,Go South Coast 1016 Outbound,Poole - Bournemouth,price_band_3.7@ChildReturn,3.7
WDBC_1105_Outbound_AdultReturn_a9f4b9e2-e9ea-4456-80e3-47fe03b77367_639196377237675379.xml,WDBC,Go South Coast,Go South Coast 1105 Outbound,Poole - Tower Park,price_band_4.2@AdultReturn,4.2
BLUS_4002_Inbound_ChildSingle_eed5e2e8-c472-41af-825e-db09ec887334_639196401055737628.xml,BLUS,Go South Coast,Go South Coast 4002 Inbound,Southampton - Fair Oak,price_band_1.0@ChildSingle,1.0
SWWD_3407_Outbound_AdultReturn_a9f4b9e2-e9ea-4456-80e3-47fe03b77367_639196397463452948.xml,SWWD,Go South Coast,Go South Coast 3407 Outbound,Salisbury - Southampton,price_band_4.9@AdultReturn,4.9
WDBC_1020_Inbound_ChildSingle_d46597a9-440e-4c13-b49a-76a3986683d1_639196373622375453.xml,WDBC,Go South Coast,Go South Coast 1020 Inbound,Poole - Christchurch,price_band_1.0@ChildSingle,1.0
SWWD_3312_Outbound_ChildSingle_a9f4b9e2-e9ea-4456-80e3-47fe03b77367_639196394747658990.xml,SWWD,Go South Coast,Go South Coast 3312 Outbound,City Centre - Bishopdown Farm,price_band_2.3@ChildSingle,2.3
SWWD_3677_Outbound_ChildSingle_a9f4b9e2-e9ea-4456-80e3-47fe03b77367_639196400235205687.xml,SWWD,Go South Coast,Go South Coast 3677 Outbound,Stratford Road Grammar School - West Wellow,price_band_2.3@ChildSingle,2.3
BLUS_4024_Outbound_ChildSingle_a9f4b9e2-e9ea-4456-80e3-47fe03b77367_639196402471205530.xml,BLUS,Go South Coast,Go South Coast 4024 Outbound,Eastleigh - Hedge End,price_band_2.5@ChildSingle,2.5
SWWD_3166_Inbound_AdultReturn_a9f4b9e2-e9ea-4456-80e3-47fe03b77367_639196393590483712.xml,SWWD,Go South Coast,Go South Coast 3166 Inbound,South Wilts Grammar School - Idmiston,price_band_4.2@AdultReturn,4.2
WDBC_1885_Outbound_AdultReturn_a9f4b9e2-e9ea-4456-80e3-47fe03b77367_639196382698511908.xml,WDBC,Go South Coast,Go South Coast 1885 Outbound,Bournemouth University - St Peters School,price_band_5.8@AdultReturn,5.8
WDBC_1170_Inbound_AdultSingle_a9f4b9e2-e9ea-4456-80e3-47fe03b77367_639196378115976628.xml,WDBC,Go South Coast,Go South Coast 1170 Inbound,Rockley Park - Hengistbury Head,price_band_2.8@AdultSingle,2.8
BLUS_4008_Outbound_AdultSingle_a9f4b9e2-e9ea-4456-80e3-47fe03b77367_639196401470948784.xml,BLUS,Go South Coast,Go South Coast 4008 Outbound,Southampton - Hythe,price_band_3.0@AdultSingle,3.0
TDTR_7541_Outbound_ChildSingle_a9f4b9e2-e9ea-4456-80e3-47fe03b77367_639196410019999054.xml,TDTR,Go South Coast,Go South Coast 7541 Outbound,Coate - Cirencester College,price_band_5.2@ChildSingle,5.2
WDBC_1002_Inbound_AdultSingle_a9f4b9e2-e9ea-4456-80e3-47fe03b77367_639196369790091357.xml,WDBC,Go South Coast,Go South Coast 1002 Inbound,Poole - Southbourne,price_band_2.6@AdultSingle,2.6
SWWD_3881_Outbound_ChildReturn_a9f4b9e2-e9ea-4456-80e3-47fe03b77367_639196400617952320.xml,SWWD,Go South Coast,Go South Coast 3881 Outbound,Wilton Road  - Burgate School,price_band_4.5@ChildReturn,4.5
BLUS_3634_Outbound_AdultSingle_a9f4b9e2-e9ea-4456-80e3-47fe03b77367_639196399678179226.xml,BLUS,Go South Coast,Go South Coast 3634 Outbound,East Wellow  - Romsey School,price_band_2.1@AdultSingle,2.1
SWWD_3886_Outbound_ChildReturn_a9f4b9e2-e9ea-4456-80e3-47fe03b77367_639196400881003393.xml,SWWD,Go South Coast,Go South Coast 3886 Outbound,St Peters Place  - Burgate School,price_band_6.0@ChildReturn,6.0
SWWD_3650_Outbound_ChildReturn_a9f4b9e2-e9ea-4456-80e3-47fe03b77367_639196399996677162.xml,SWWD,Go South Coast,Go South Coast 3650 Outbound,Laverstock Schools  - West Harnham,price_band_3.6@ChildReturn,3.6
WDBC_6449_Outbound_AdultReturn_a9f4b9e2-e9ea-4456-80e3-47fe03b77367_639196406949990953.xml,WDBC,Go South Coast,Go South Coast 6449 Outbound,St Osmunds - Parkstone Grammar,price_band_3.8@AdultReturn,3.8
SWWD_3513_Inbound_ChildSingle_a9f4b9e2-e9ea-4456-80e3-47fe03b77367_639196399162407532.xml,SWWD,Go South Coast,Go South Coast 3513 Inbound,Blue Boar Row - Bulbridge Chantry Road,price_band_2.3@ChildSingle,2.3
WDBC_2003_Outbound_ChildSingle_2f1f0c04-770d-4707-ab06-213c5a798ad7_639196386182254413.xml,WDBC,Go South Coast,Go South Coast 2003 Outbound,Salisbury - Bournemouth,price_band_1.9@ChildSingle,1.9
WDBC_6043_Outbound_AdultReturn_a9f4b9e2-e9ea-4456-80e3-47fe03b77367_639196406267589367.xml,WDBC,Go South Coast,Go South Coast 6043 Outbound,County Gates - Parkstone Grammar School,price_band_4.4@AdultReturn,4.4
SWWD_3886_Outbound_AdultSingle_a9f4b9e2-e9ea-4456-80e3-47fe03b77367_639196400888306245.xml,SWWD,Go South Coast,Go South Coast 3886 Outbound,St Peters Place  - Burgate School,price_band_2.3@AdultSingle,2.3
TDTR_7048_Inbound_AdultSingle_a9f4b9e2-e9ea-4456-80e3-47fe03b77367_639196408466591234.xml,TDTR,Go South Coast,Go South Coast 7048 Inbound,Swindon - Marlborough,price_band_2.9@AdultSingle,2.9
WDBC_1908_Inbound_ChildSingle_d46597a9-440e-4c13-b49a-76a3986683d1_639196383460484098.xml,WDBC,Go South Coast,Go South Coast 1908 Inbound,Poole - Blandford,price_band_3.0@ChildSingle,3.0
SWWD_3327_Outbound_AdultReturn_a9f4b9e2-e9ea-4456-80e3-47fe03b77367_639196395585882115.xml,SWWD,Go South Coast,Go South Coast 3327 Outbound,Salisbury - Shaftesbury,price_band_5.7@AdultReturn,5.7
SWWD_3645_Outbound_ChildReturn_a9f4b9e2-e9ea-4456-80e3-47fe03b77367_639196399905237155.xml,SWWD,Go South Coast,Go South Coast 3645 Outbound,Stratford Road Grammar School - Hamptworth Cuckoo,price_band_2.5@ChildReturn,2.5
BLUS_8438_Inbound_AdultSingle_a9f4b9e2-e9ea-4456-80e3-47fe03b77367_639196410440447816.xml,BLUS,Go South Coast,Go South Coast 8438 Inbound,Winchester - Petersfield,price_band_2.0@AdultSingle,2.0
TDTR_7048_Inbound_ChildReturn_a9f4b9e2-e9ea-4456-80e3-47fe03b77367_639196408499728756.xml,TDTR,Go South Coast,Go South Coast 7048 Inbound,Swindon - Marlborough,price_band_3.3@ChildReturn,3.3
TDTR_7148_Outbound_ChildSingle_a9f4b9e2-e9ea-4456-80e3-47fe03b77367_639196409205118335.xml,TDTR,Go South Coast,Go South Coast 7148 Outbound,Swindon - Marlborough,price_band_2.4@ChildSingle,2.4
SVCT_5108_Inbound_AdultSingle_a9f4b9e2-e9ea-4456-80e3-47fe03b77367_639196405172544500.xml,SVCT,Go South Coast,Go South Coast 5108 Inbound,Ryde  - Newport,price_band_3.0@AdultSingle,3.0
SWWD_3663_Inbound_AdultSingle_a9f4b9e2-e9ea-4456-80e3-47fe03b77367_639196400015665151.xml,SWWD,Go South Coast,Go South Coast 3663 Inbound,Wilton Road  - Laverstock Schools,price_band_3.0@AdultSingle,3.0
SWWD_3008_Outbound_AdultSingle_a9f4b9e2-e9ea-4456-80e3-47fe03b77367_639196390878122931.xml,SWWD,Go South Coast,Go South Coast 3008 Outbound,Salisbury - Zouch Estate,price_band_2.7@AdultSingle,2.7
WDBC_2001_Outbound_ChildSingle_d46597a9-440e-4c13-b49a-76a3986683d1_639196385011460081.xml,WDBC,Go South Coast,Go South Coast 2001 Outbound,Bournemouth - Lymington,price_band_2.1@ChildSingle,2.1
WDBC_2003_Inbound_AdultSingle_d46597a9-440e-4c13-b49a-76a3986683d1_639196385855772675.xml,WDBC,Go South Coast,Go South Coast 2003 Inbound,Salisbury - Bournemouth,price_band_2.3@AdultSingle,2.3
WDBC_6415_Inbound_ChildReturn_a9f4b9e2-e9ea-4456-80e3-47fe03b77367_639196406505178677.xml,WDBC,Go South Coast,Go South Coast 6415 Inbound,St Anns Hospital - Poole Grammar School,price_band_2.3@ChildReturn,2.3
WDBC_1053_Outbound_AdultSingle_2f1f0c04-770d-4707-ab06-213c5a798ad7_639196376366142529.xml,WDBC,Go South Coast,Go South Coast 1053 Outbound,Bournemouth - Wimborne,price_band_3.0@AdultSingle,3.0
SWWD_3684_Outbound_ChildSingle_a9f4b9e2-e9ea-4456-80e3-47fe03b77367_639196400301590510.xml,SWWD,Go South Coast,Go South Coast 3684 Outbound,Coombe Bissett - Burgate,price_band_3.5@ChildSingle,3.5
WDBC_1017_Inbound_ChildSingle_a9f4b9e2-e9ea-4456-80e3-47fe03b77367_639196372642771553.xml,WDBC,Go South Coast,Go South Coast 1017 Inbound,Poole - Bournemouth,price_band_1.9@ChildSingle,1.9
BLUS_4024_Outbound_AdultReturn_a9f4b9e2-e9ea-4456-80e3-47fe03b77367_639196402468761071.xml,BLUS,Go South Coast,Go South Coast 4024 Outbound,Eastleigh - Hedge End,price_band_6.0@AdultReturn,6.0
TDTR_7080_Outbound_YoungPersonSgl_a9f4b9e2-e9ea-4456-80e3-47fe03b77367_639196408849535299.xml,TDTR,Go South Coast,Go South Coast 7080 Outbound,Swindon - Marlborough,price_band_1.7@YoungPersonSgl,1.7
SWWD_3726_Outbound_AdultReturn_a9f4b9e2-e9ea-4456-80e3-47fe03b77367_639196400408884012.xml,SWWD,Go South Coast,Go South Coast 3726 Outbound,Salisbury - East Knoyle,price_band_5.4@AdultReturn,5.4
BLUS_4014_Inbound_AdultReturn_a9f4b9e2-e9ea-4456-80e3-47fe03b77367_639196401851763851.xml,BLUS,Go South Coast,Go South Coast 4014 Inbound,Southampton - Hedge End,price_band_6.0@AdultReturn,6.0
WDBC_2953_Outbound_AdultSingle_a9f4b9e2-e9ea-4456-80e3-47fe03b77367_639196389007625816.xml,WDBC,Go South Coast,Go South Coast 2953 Outbound,Salisbury - Ringwood,price_band_3.0@AdultSingle,3.0
UNIL_4716_Inbound_ChildSingle_f15d1b06-486f-433a-8991-95f1a97a87e0_639196403244227103.xml,UNIL,Go South Coast,Go South Coast 4716 Inbound,General Hospital - NOCS,price_band_1.0@ChildSingle,1.0
SWWD_3166_Outbound_ChildSingle_a9f4b9e2-e9ea-4456-80e3-47fe03b77367_639196393733270388.xml,SWWD,Go South Coast,Go South Coast 3166 Outbound,South Wilts Grammar School - Idmiston,price_band_1.9@ChildSingle,1.9
DAMY_6505_Inbound_AdultReturn_a9f4b9e2-e9ea-4456-80e3-47fe03b77367_639196407177192280.xml,DAMY,Go South Coast,Go South Coast 6505 Inbound,Weymouth - Dorchester,price_band_4.4@AdultReturn,4.4
BLUS_4002_Outbound_AdultSingle_eed5e2e8-c472-41af-825e-db09ec887334_639196401090813733.xml,BLUS,Go South Coast,Go South Coast 4002 Outbound,Southampton - Fair Oak,price_band_1.0@AdultSingle,1.0
BLUS_4539_Outbound_AdultSingle_a9f4b9e2-e9ea-4456-80e3-47fe03b77367_639196403037806853.xml,BLUS,Go South Coast,Go South Coast 4539 Outbound,Rushington - Applemore College,price_band_3.0@AdultSingle,3.0
SWWD_3519_Outbound_ChildReturn_a9f4b9e2-e9ea-4456-80e3-47fe03b77367_639196399474844920.xml,SWWD,Go South Coast,Go South Coast 3519 Outbound,Milford Street - New Canal,price_band_2.6@ChildReturn,2.6
WDBC_1801_Outbound_AdultReturn_a9f4b9e2-e9ea-4456-80e3-47fe03b77367_639196379483946217.xml,WDBC,Go South Coast,Go South Coast 1801 Outbound,Bournemouth - Christchurch,price_band_4.2@AdultReturn,4.2
BLUS_4001_Inbound_ChildReturn_a9f4b9e2-e9ea-4456-80e3-47fe03b77367_639196400955707393.xml,BLUS,Go South Coast,Go South Coast 4001 Inbound,Southampton - Winchester,price_band_2.6@ChildReturn,2.6
WDBC_1016_Outbound_AdultSingle_a9f4b9e2-e9ea-4456-80e3-47fe03b77367_639196372326430904.xml,WDBC,Go South Coast,Go South Coast 1016 Outbound,Poole - Bournemouth,price_band_2.6@AdultSingle,2.6
WDBC_1831_Inbound_AdultReturn_a9f4b9e2-e9ea-4456-80e3-47fe03b77367_639196381184840642.xml,WDBC,Go South Coast,Go South Coast 1831 Inbound,Bournemouth - Hunt Road and Somerford,price_band_4.2@AdultReturn,4.2
WDBC_1903_Inbound_AdultSingle_a9f4b9e2-e9ea-4456-80e3-47fe03b77367_639196383177690294.xml,WDBC,Go South Coast,Go South Coast 1903 Inbound,Poole - Wimborne,price_band_2.3@AdultSingle,2.3
TDTR_7052_Outbound_AdultSingle_a9f4b9e2-e9ea-4456-80e3-47fe03b77367_639196408586385881.xml,TDTR,Go South Coast,Go South Coast 7052 Outbound,Barnfield - Okus,price_band_2.2@AdultSingle,2.2
SWWD_8333_Inbound_AdultSingle_a9f4b9e2-e9ea-4456-80e3-47fe03b77367_639196410407383855.xml,SWWD,Go South Coast,Go South Coast 8333 Inbound,Salisbury Railway Station - Stonehenge,price_band_10.0@AdultSingle,10.0
WDBC_1003_Outbound_AdultReturn_a9f4b9e2-e9ea-4456-80e3-47fe03b77367_639196370438778224.xml,WDBC,Go South Coast,Go South Coast 1003 Outbound,Poole - Wimborne,price_band_5.4@AdultReturn,5.4
WDBC_1762_Outbound_ChildReturn_a9f4b9e2-e9ea-4456-80e3-47fe03b77367_639196379183472900.xml,WDBC,Go South Coast,Go South Coast 1762 Outbound,Merley - Corfe Hills,price_band_4.2@ChildReturn,4.2
WDBC_1017_Outbound_ChildSingle_a9f4b9e2-e9ea-4456-80e3-47fe03b77367_639196372967059728.xml,WDBC,Go South Coast,Go South Coast 1017 Outbound,Poole - Bournemouth,price_band_1.9@ChildSingle,1.9
BLUS_4539_Outbound_ChildReturn_a9f4b9e2-e9ea-4456-80e3-47fe03b77367_639196403039492332.xml,BLUS,Go South Coast,Go South Coast 4539 Outbound,Rushington - Applemore College,price_band_4.6@ChildReturn,4.6
WDBC_1013_Outbound_AdultSingle_a9f4b9e2-e9ea-4456-80e3-47fe03b77367_639196371448131963.xml,WDBC,Go South Coast,Go South Coast 1013 Outbound,Bournemouth - Wimborne,price_band_2.6@AdultSingle,2.6
WDBC_1011_Outbound_AdultReturn_a9f4b9e2-e9ea-4456-80e3-47fe03b77367_639196371057801478.xml,WDBC,Go South Coast,Go South Coast 1011 Outbound,Bournemouth - Canford Paddock,price_band_4.5@AdultReturn,4.5
TDTR_7180_Outbound_YoungPersonSgl_a9f4b9e2-e9ea-4456-80e3-47fe03b77367_639196409581102181.xml,TDTR,Go South Coast,Go South Coast 7180 Outbound,Marlborough - Ludgershall,price_band_1.4@YoungPersonSgl,1.4
SWWD_2615_Inbound_AdultReturn_a9f4b9e2-e9ea-4456-80e3-47fe03b77367_639196387141963722.xml,SWWD,Go South Coast,Go South Coast 2615 Inbound,Salisbury  - Brockenhurst College,price_band_7.8@AdultReturn,7.8
TDTR_7002_Outbound_AdultSingle_a9f4b9e2-e9ea-4456-80e3-47fe03b77367_639196408077807807.xml,TDTR,Go South Coast,Go South Coast 7002 Outbound,Fleming Way - Covingham & Nythe,price_band_3.0@AdultSingle,3.0
WDBC_1053_Outbound_AdultReturn_a9f4b9e2-e9ea-4456-80e3-47fe03b77367_639196376245552313.xml,WDBC,Go South Coast,Go South Coast 1053 Outbound,Bournemouth - Wimborne,price_band_5.1@AdultReturn,5.1
TDTR_7048_Inbound_ChildSingle_a9f4b9e2-e9ea-4456-80e3-47fe03b77367_639196408488570662.xml,TDTR,Go South Coast,Go South Coast 7048 Inbound,Swindon - Marlborough,price_band_1.8@ChildSingle,1.8
WDBC_1762_Outbound_ChildReturn_a9f4b9e2-e9ea-4456-80e3-47fe03b77367_639196379183472900.xml,WDBC,Go South Coast,Go South Coast 1762 Outbound,Merley - Corfe Hills,price_band_2.9@ChildReturn,2.9
WDBC_1821_Inbound_ChildReturn_a9f4b9e2-e9ea-4456-80e3-47fe03b77367_639196380870295753.xml,WDBC,Go South Coast,Go South Coast 1821 Inbound,Bournemouth - Burton,price_band_3.1@ChildReturn,3.1
BLUS_4805_Inbound_AdultReturn_a9f4b9e2-e9ea-4456-80e3-47fe03b77367_639196403360329895.xml,BLUS,Go South Coast,Go South Coast 4805 Inbound,Boyatt Wood - Shootash,price_band_5.8@AdultReturn,5.8
SWWD_3301_Inbound_ChildSingle_a9f4b9e2-e9ea-4456-80e3-47fe03b77367_639196394300033020.xml,SWWD,Go South Coast,Go South Coast 3301 Inbound,District Hospital - Bemerton Heath,price_band_2.3@ChildSingle,2.3
WDBC_1114_Inbound_AdultSingle_d46597a9-440e-4c13-b49a-76a3986683d1_639196377744763937.xml,WDBC,Go South Coast,Go South Coast 1114 Inbound,Poole - RB Hospital,price_band_1.0@AdultSingle,1.0
SWWD_3885_Inbound_ChildReturn_a9f4b9e2-e9ea-4456-80e3-47fe03b77367_639196400773713449.xml,SWWD,Go South Coast,Go South Coast 3885 Inbound,Whaddon - Burgate School,price_band_5.8@ChildReturn,5.8
WDBC_1054_Inbound_ChildSingle_2f1f0c04-770d-4707-ab06-213c5a798ad7_639196376576496022.xml,WDBC,Go South Coast,Go South Coast 1054 Inbound,Poole - Wimborne,price_band_2.2@ChildSingle,2.2
SWWD_3819_Inbound_ChildSingle_a9f4b9e2-e9ea-4456-80e3-47fe03b77367_639196400526427340.xml,SWWD,Go South Coast,Go South Coast 3819 Inbound,Marlborough - Burbage,price_band_1.0@ChildSingle,1.0
SWWD_3407_Inbound_AdultSingle_a9f4b9e2-e9ea-4456-80e3-47fe03b77367_639196396990341758.xml,SWWD,Go South Coast,Go South Coast 3407 Inbound,Salisbury - Southampton,price_band_2.3@AdultSingle,2.3
WDBC_1013_Outbound_AdultReturn_a9f4b9e2-e9ea-4456-80e3-47fe03b77367_639196371418225698.xml,WDBC,Go South Coast,Go South Coast 1013 Outbound,Bournemouth - Wimborne,price_band_4.5@AdultReturn,4.5
WDBC_1801_Inbound_AdultSingle_a9f4b9e2-e9ea-4456-80e3-47fe03b77367_639196379433491531.xml,WDBC,Go South Coast,Go South Coast 1801 Inbound,Bournemouth - Christchurch,price_band_2.6@AdultSingle,2.6
TDTR_7001_Outbound_YoungPersonSgl_a9f4b9e2-e9ea-4456-80e3-47fe03b77367_639196408069348592.xml,TDTR,Go South Coast,Go South Coast 7001 Outbound,Middleleaze - Great Western Hospital,price_band_2.2@YoungPersonSgl,2.2
SWWD_3881_Outbound_AdultReturn_a9f4b9e2-e9ea-4456-80e3-47fe03b77367_639196400602662314.xml,SWWD,Go South Coast,Go South Coast 3881 Outbound,Wilton Road  - Burgate School,price_band_3.7@AdultReturn,3.7
WDBC_1837_Inbound_ChildReturn_a9f4b9e2-e9ea-4456-80e3-47fe03b77367_639196381865931691.xml,WDBC,Go South Coast,Go South Coast 1837 Inbound,Bournemouth - Bournemouth International Airport,price_band_3.1@ChildReturn,3.1
WDBC_1050_Inbound_AdultReturn_a9f4b9e2-e9ea-4456-80e3-47fe03b77367_639196375470037211.xml,WDBC,Go South Coast,Go South Coast 1050 Inbound,Bournemouth Station - Swanage,price_band_1.0@AdultReturn,1.0
WDBC_8409_Outbound_AdultSingle_a9f4b9e2-e9ea-4456-80e3-47fe03b77367_639196410420358607.xml,WDBC,Go South Coast,Go South Coast 8409 Outbound,Lyndhurst - Exbury GREEN,price_band_3.5@AdultSingle,3.5
WDBC_1020_Outbound_AdultSingle_a9f4b9e2-e9ea-4456-80e3-47fe03b77367_639196373819711913.xml,WDBC,Go South Coast,Go South Coast 1020 Outbound,Poole - Christchurch,price_band_2.8@AdultSingle,2.8
SWWD_3166_Inbound_ChildReturn_a9f4b9e2-e9ea-4456-80e3-47fe03b77367_639196393606592112.xml,SWWD,Go South Coast,Go South Coast 3166 Inbound,South Wilts Grammar School - Idmiston,price_band_3.6@ChildReturn,3.6
BLUS_4022_Inbound_ChildSingle_f15d1b06-486f-433a-8991-95f1a97a87e0_639196402392310556.xml,BLUS,Go South Coast,Go South Coast 4022 Inbound,Southampton - Shirley,price_band_1.0@ChildSingle,1.0
WDBC_1789_Outbound_ChildReturn_a9f4b9e2-e9ea-4456-80e3-47fe03b77367_639196379399568118.xml,WDBC,Go South Coast,Go South Coast 1789 Outbound,Bournemouth School for Girls - Lymington,price_band_2.4@ChildReturn,2.4
WDBC_6418_Inbound_ChildReturn_a9f4b9e2-e9ea-4456-80e3-47fe03b77367_639196406697275955.xml,WDBC,Go South Coast,Go South Coast 6418 Inbound,Sandbanks Ferry - Poole Grammar School,price_band_3.4@ChildReturn,3.4
WDBC_1806_Inbound_AdultReturn_a9f4b9e2-e9ea-4456-80e3-47fe03b77367_639196379860696326.xml,WDBC,Go South Coast,Go South Coast 1806 Inbound,Bournemouth - Wimborne,price_band_4.5@AdultReturn,4.5
WDBC_1052_Inbound_ChildSingle_a9f4b9e2-e9ea-4456-80e3-47fe03b77367_639196375821067974.xml,WDBC,Go South Coast,Go South Coast 1052 Inbound,Rockley - Sandbanks,price_band_2.5@ChildSingle,2.5
WDBC_1053_Inbound_ChildSingle_a9f4b9e2-e9ea-4456-80e3-47fe03b77367_639196376118157824.xml,WDBC,Go South Coast,Go South Coast 1053 Inbound,Bournemouth - Wimborne,price_band_2.2@ChildSingle,2.2
BLUS_4805_Inbound_ChildReturn_a9f4b9e2-e9ea-4456-80e3-47fe03b77367_639196403369196820.xml,BLUS,Go South Coast,Go South Coast 4805 Inbound,Boyatt Wood - Shootash,price_band_3.7@ChildReturn,3.7
BLUS_4013_Inbound_ChildSingle_a9f4b9e2-e9ea-4456-80e3-47fe03b77367_639196401794836952.xml,BLUS,Go South Coast,Go South Coast 4013 Inbound,Southampton - Harefield,price_band_2.1@ChildSingle,2.1
SWWD_3763_Outbound_ChildReturn_a9f4b9e2-e9ea-4456-80e3-47fe03b77367_639196400519593475.xml,SWWD,Go South Coast,Go South Coast 3763 Outbound,Mount Pleasant Farm - Burgate School,price_band_4.9@ChildReturn,4.9
DAMY_6505_Outbound_AdultReturn_a9f4b9e2-e9ea-4456-80e3-47fe03b77367_639196407214953151.xml,DAMY,Go South Coast,Go South Coast 6505 Outbound,Weymouth - Dorchester,price_band_4.2@AdultReturn,4.2
SWWD_3137_Inbound_AdultSingle_a9f4b9e2-e9ea-4456-80e3-47fe03b77367_639196393338785099.xml,SWWD,Go South Coast,Go South Coast 3137 Inbound,Salisbury - West Dean,price_band_2.3@AdultSingle,2.3
TDTR_7533_Inbound_AdultSingle_a9f4b9e2-e9ea-4456-80e3-47fe03b77367_639196409806082560.xml,TDTR,Go South Coast,Go South Coast 7533 Inbound,Oakhurst - Cirencester College,price_band_5.2@AdultSingle,5.2
SWWD_3011_Inbound_AdultReturn_a9f4b9e2-e9ea-4456-80e3-47fe03b77367_639196391203782385.xml,SWWD,Go South Coast,Go South Coast 3011 Inbound,City Centre - Old Sarum,price_band_4.2@AdultReturn,4.2
BLUS_4007_Outbound_AdultSingle_f15d1b06-486f-433a-8991-95f1a97a87e0_639196401390028716.xml,BLUS,Go South Coast,Go South Coast 4007 Outbound,Lordshill - Sholing,price_band_1.0@AdultSingle,1.0
WDBC_1003_Outbound_AdultReturn_a9f4b9e2-e9ea-4456-80e3-47fe03b77367_639196370438778224.xml,WDBC,Go South Coast,Go South Coast 1003 Outbound,Poole - Wimborne,price_band_4.5@AdultReturn,4.5
BLUS_4010_Inbound_ChildSingle_f15d1b06-486f-433a-8991-95f1a97a87e0_639196401657273307.xml,BLUS,Go South Coast,Go South Coast 4010 Inbound,Southampton - Sholing,price_band_1.0@ChildSingle,1.0
BLUS_4005_Outbound_ChildSingle_f15d1b06-486f-433a-8991-95f1a97a87e0_639196401258651421.xml,BLUS,Go South Coast,Go South Coast 4005 Outbound,Boyatt Wood - Romsey,price_band_1.0@ChildSingle,1.0
WDBC_1054_Outbound_ChildSingle_2f1f0c04-770d-4707-ab06-213c5a798ad7_639196376721792201.xml,WDBC,Go South Coast,Go South Coast 1054 Outbound,Poole - Wimborne,price_band_3.0@ChildSingle,3.0
BLUS_4001_Inbound_ChildSingle_f15d1b06-486f-433a-8991-95f1a97a87e0_639196400969249203.xml,BLUS,Go South Coast,Go South Coast 4001 Inbound,Southampton - Winchester,price_band_1.0@ChildSingle,1.0
BLUS_4008_Inbound_AdultReturn_a9f4b9e2-e9ea-4456-80e3-47fe03b77367_639196401424733857.xml,BLUS,Go South Coast,Go South Coast 4008 Inbound,Southampton - Hythe,price_band_4.5@AdultReturn,4.5
SWWD_3011_Inbound_ChildSingle_a9f4b9e2-e9ea-4456-80e3-47fe03b77367_639196391210734403.xml,SWWD,Go South Coast,Go South Coast 3011 Inbound,City Centre - Old Sarum,price_band_2.3@ChildSingle,2.3
UNIL_4711_Inbound_AdultSingle_a9f4b9e2-e9ea-4456-80e3-47fe03b77367_639196403174125635.xml,UNIL,Go South Coast,Go South Coast 4711 Inbound,Eastleigh - NOCS,price_band_2.6@AdultSingle,2.6
WDBC_2002_Inbound_ChildSingle_d46597a9-440e-4c13-b49a-76a3986683d1_639196385309242072.xml,WDBC,Go South Coast,Go South Coast 2002 Inbound,Bournemouth - Lymington,price_band_1.0@ChildSingle,1.0
WDBC_1788_Inbound_AdultSingle_a9f4b9e2-e9ea-4456-80e3-47fe03b77367_639196379238273293.xml,WDBC,Go South Coast,Go South Coast 1788 Inbound,Walkford - Bournemouth School for Girls,price_band_4.4@AdultSingle,4.4
WDBC_1841_Outbound_ChildSingle_2f1f0c04-770d-4707-ab06-213c5a798ad7_639196382362197521.xml,WDBC,Go South Coast,Go South Coast 1841 Outbound,Bournemouth - Mudeford and Somerford,price_band_1.0@ChildSingle,1.0
WDBC_1641_Outbound_ChildSingle_d46597a9-440e-4c13-b49a-76a3986683d1_639196378771186309.xml,WDBC,Go South Coast,Go South Coast 1641 Outbound,Dorchester House  - Talbot Campus,price_band_1.0@ChildSingle,1.0
BLUS_4014_Outbound_AdultSingle_a9f4b9e2-e9ea-4456-80e3-47fe03b77367_639196401880614465.xml,BLUS,Go South Coast,Go South Coast 4014 Outbound,Southampton - Hedge End,price_band_3.0@AdultSingle,3.0
WDBC_2620_Inbound_AdultSingle_a9f4b9e2-e9ea-4456-80e3-47fe03b77367_639196387279229743.xml,WDBC,Go South Coast,Go South Coast 2620 Inbound,Thorney Hill - Brockenhurst College,price_band_2.0@AdultSingle,2.0
WDBC_1950_Inbound_ChildSingle_2f1f0c04-770d-4707-ab06-213c5a798ad7_639196383777030793.xml,WDBC,Go South Coast,Go South Coast 1950 Inbound,Bournemouth - Swanage,price_band_3.0@ChildSingle,3.0
WDBC_6415_Inbound_ChildReturn_a9f4b9e2-e9ea-4456-80e3-47fe03b77367_639196406505178677.xml,WDBC,Go South Coast,Go South Coast 6415 Inbound,St Anns Hospital - Poole Grammar School,price_band_3.3@ChildReturn,3.3
WDBC_2906_Inbound_ChildSingle_a9f4b9e2-e9ea-4456-80e3-47fe03b77367_639196387692353098.xml,WDBC,Go South Coast,Go South Coast 2906 Inbound,Poole - Ringwood,price_band_2.3@ChildSingle,2.3
BLUS_4425_Outbound_AdultSingle_a9f4b9e2-e9ea-4456-80e3-47fe03b77367_639196402932458361.xml,BLUS,Go South Coast,Go South Coast 4425 Outbound,Eastleigh - Boorley Park,price_band_2.8@AdultSingle,2.8
TDTR_7042_Outbound_AdultReturn_a9f4b9e2-e9ea-4456-80e3-47fe03b77367_639196408380457205.xml,TDTR,Go South Coast,Go South Coast 7042 Outbound,Calne - St John's School,price_band_4.0@AdultReturn,4.0
BLUS_4203_Outbound_ChildSingle_a9f4b9e2-e9ea-4456-80e3-47fe03b77367_639196402819894384.xml,BLUS,Go South Coast,Go South Coast 4203 Outbound,Totton - Totton Clockwise,price_band_2.5@ChildSingle,2.5
WDBC_1811_Outbound_ChildSingle_a9f4b9e2-e9ea-4456-80e3-47fe03b77367_639196380086904887.xml,WDBC,Go South Coast,Go South Coast 1811 Outbound,Bournemouth - Somerford,price_band_2.5@ChildSingle,2.5
WDBC_1050_Outbound_ChildSingle_a9f4b9e2-e9ea-4456-80e3-47fe03b77367_639196375696950415.xml,WDBC,Go South Coast,Go South Coast 1050 Outbound,Bournemouth Station - Swanage,price_band_2.5@ChildSingle,2.5
WDBC_1005_Inbound_ChildSingle_2f1f0c04-770d-4707-ab06-213c5a798ad7_639196370562738904.xml,WDBC,Go South Coast,Go South Coast 1005 Inbound,Poole - Tower Park,price_band_1.0@ChildSingle,1.0
WDBC_1950_Outbound_AdultSingle_2f1f0c04-770d-4707-ab06-213c5a798ad7_639196383999741715.xml,WDBC,Go South Coast,Go South Coast 1950 Outbound,Bournemouth - Swanage,price_band_3.0@AdultSingle,3.0
SWWD_3206_Outbound_ChildReturn_a9f4b9e2-e9ea-4456-80e3-47fe03b77367_639196394037095458.xml,SWWD,Go South Coast,Go South Coast 3206 Outbound,Allington - Blue Boar Row,price_band_6.0@ChildReturn,6.0
WDBC_1642_Outbound_UniIDSingle_a9f4b9e2-e9ea-4456-80e3-47fe03b77367_639196378832196393.xml,WDBC,Go South Coast,Go South Coast 1642 Outbound,Poole  - Talbot Campus,price_band_2.0@UniIDSingle,2.0
WDBC_2953_Inbound_AdultSingle_a9f4b9e2-e9ea-4456-80e3-47fe03b77367_639196388777580852.xml,WDBC,Go South Coast,Go South Coast 2953 Inbound,Salisbury - Ringwood,price_band_3.0@AdultSingle,3.0
WDBC_2633_Outbound_AdultReturn_a9f4b9e2-e9ea-4456-80e3-47fe03b77367_639196387416522704.xml,WDBC,Go South Coast,Go South Coast 2633 Outbound,Wimborne - Brockenhurst College,price_band_6.0@AdultReturn,6.0
WDBC_2616_Inbound_AdultSingle_a9f4b9e2-e9ea-4456-80e3-47fe03b77367_639196387190271681.xml,WDBC,Go South Coast,Go South Coast 2616 Inbound,Ringwood - Brockenhurst College,price_band_4.5@AdultSingle,4.5
BLUS_4425_Inbound_AdultReturn_a9f4b9e2-e9ea-4456-80e3-47fe03b77367_639196402919489709.xml,BLUS,Go South Coast,Go South Coast 4425 Inbound,Eastleigh - Boorley Park,price_band_4.7@AdultReturn,4.7
SWWD_3651_Outbound_AdultSingle_a9f4b9e2-e9ea-4456-80e3-47fe03b77367_639196399999646061.xml,SWWD,Go South Coast,Go South Coast 3651 Outbound,Avon Valley College - Sling,price_band_3.0@AdultSingle,3.0
WDBC_1788_Outbound_AdultSingle_a9f4b9e2-e9ea-4456-80e3-47fe03b77367_639196379261422382.xml,WDBC,Go South Coast,Go South Coast 1788 Outbound,Walkford - Bournemouth School for Girls,price_band_4.4@AdultSingle,4.4
BLUS_4017_Outbound_ChildSingle_f15d1b06-486f-433a-8991-95f1a97a87e0_639196402115555191.xml,BLUS,Go South Coast,Go South Coast 4017 Outbound,Weston - Adanac Park,price_band_1.0@ChildSingle,1.0
BLUS_4805_Inbound_AdultSingle_f15d1b06-486f-433a-8991-95f1a97a87e0_639196403407139696.xml,BLUS,Go South Coast,Go South Coast 4805 Inbound,Boyatt Wood - Shootash,price_band_1.0@AdultSingle,1.0
BLUS_4103_Inbound_ChildSingle_a9f4b9e2-e9ea-4456-80e3-47fe03b77367_639196402605960696.xml,BLUS,Go South Coast,Go South Coast 4103 Inbound,Southampton - Eastleigh,price_band_2.1@ChildSingle,2.1
SWWD_7201_Inbound_ChildSingle_a9f4b9e2-e9ea-4456-80e3-47fe03b77367_639196409621895930.xml,SWWD,Go South Coast,Go South Coast 7201 Inbound,Figheldean - Salisbury,price_band_2.4@ChildSingle,2.4
BLUS_4015_Inbound_AdultReturn_a9f4b9e2-e9ea-4456-80e3-47fe03b77367_639196401917312852.xml,BLUS,Go South Coast,Go South Coast 4015 Inbound,Central Station - Hamble,price_band_5.1@AdultReturn,5.1
WDBC_1755_Inbound_AdultSingle_a9f4b9e2-e9ea-4456-80e3-47fe03b77367_639196379113481579.xml,WDBC,Go South Coast,Go South Coast 1755 Inbound,Bournemouth Station - Bournemouth School for Girls,price_band_3.4@AdultSingle,3.4
DAMY_6505_Outbound_ChildReturn_a9f4b9e2-e9ea-4456-80e3-47fe03b77367_639196407235345589.xml,DAMY,Go South Coast,Go South Coast 6505 Outbound,Weymouth - Dorchester,price_band_3.1@ChildReturn,3.1
TDTR_7180_Inbound_YoungPersonRtn_a9f4b9e2-e9ea-4456-80e3-47fe03b77367_639196409480175907.xml,TDTR,Go South Coast,Go South Coast 7180 Inbound,Marlborough - Ludgershall,price_band_4.1@YoungPersonRtn,4.1
SWWD_3125_Outbound_ChildSingle_a9f4b9e2-e9ea-4456-80e3-47fe03b77367_639196392967358719.xml,SWWD,Go South Coast,Go South Coast 3125 Outbound,South Wilts Grammar School - Hindon,price_band_3.0@ChildSingle,3.0
WDBC_6043_Inbound_ChildReturn_a9f4b9e2-e9ea-4456-80e3-47fe03b77367_639196406244960901.xml,WDBC,Go South Coast,Go South Coast 6043 Inbound,County Gates - Parkstone Grammar School,price_band_3.1@ChildReturn,3.1
WDBC_1032_Outbound_ChildReturn_a9f4b9e2-e9ea-4456-80e3-47fe03b77367_639196374493340861.xml,WDBC,Go South Coast,Go South Coast 1032 Outbound,Poole - Bournemouth,price_band_2.8@ChildReturn,2.8
BLUS_4026_Inbound_ChildReturn_a9f4b9e2-e9ea-4456-80e3-47fe03b77367_639196402511691514.xml,BLUS,Go South Coast,Go South Coast 4026 Inbound,Southampton - Whiteley,price_band_2.6@ChildReturn,2.6
SWWD_3325_Outbound_ChildReturn_a9f4b9e2-e9ea-4456-80e3-47fe03b77367_639196394994539816.xml,SWWD,Go South Coast,Go South Coast 3325 Outbound,South Wilts Grammar School - Hindon,price_band_5.1@ChildReturn,5.1
SWWD_3088_Outbound_AdultReturn_a9f4b9e2-e9ea-4456-80e3-47fe03b77367_639196391924474140.xml,SWWD,Go South Coast,Go South Coast 3088 Outbound,Salisbury - Winterslow Gunville Stockbridge Turn,price_band_4.2@AdultReturn,4.2
WDBC_1804_Inbound_ChildReturn_a9f4b9e2-e9ea-4456-80e3-47fe03b77367_639196379675050029.xml,WDBC,Go South Coast,Go South Coast 1804 Inbound,Bournemouth - Castlepoint,price_band_3.4@ChildReturn,3.4
WDBC_1951_Outbound_ChildSingle_a9f4b9e2-e9ea-4456-80e3-47fe03b77367_639196384206150700.xml,WDBC,Go South Coast,Go South Coast 1951 Outbound,Bournemouth - Sandbanks,price_band_3.0@ChildSingle,3.0
SWWD_3303_Outbound_ChildReturn_a9f4b9e2-e9ea-4456-80e3-47fe03b77367_639196394453251173.xml,SWWD,Go South Coast,Go South Coast 3303 Outbound,City Centre - Ditchampton,price_band_3.6@ChildReturn,3.6
WDBC_1005_Inbound_AdultReturn_a9f4b9e2-e9ea-4456-80e3-47fe03b77367_639196370506494949.xml,WDBC,Go South Coast,Go South Coast 1005 Inbound,Poole - Tower Park,price_band_4.2@AdultReturn,4.2
WDBC_2625_Inbound_AdultReturn_a9f4b9e2-e9ea-4456-80e3-47fe03b77367_639196387357062061.xml,WDBC,Go South Coast,Go South Coast 2625 Inbound,Brook - Brockenhurst College,price_band_5.8@AdultReturn,5.8
TDTR_7002_Outbound_YoungPersonSgl_a9f4b9e2-e9ea-4456-80e3-47fe03b77367_639196408080506351.xml,TDTR,Go South Coast,Go South Coast 7002 Outbound,Fleming Way - Covingham & Nythe,price_band_2.5@YoungPersonSgl,2.5
WDBC_1060_Inbound_AdultReturn_a9f4b9e2-e9ea-4456-80e3-47fe03b77367_639196376749091852.xml,WDBC,Go South Coast,Go South Coast 1060 Inbound,Rockley - Sandbanks,price_band_4.2@AdultReturn,4.2
WDBC_1950_Inbound_AdultReturn_a9f4b9e2-e9ea-4456-80e3-47fe03b77367_639196383576385953.xml,WDBC,Go South Coast,Go South Coast 1950 Inbound,Bournemouth - Swanage,price_band_4.2@AdultReturn,4.2
SWWD_3883_Outbound_ChildSingle_a9f4b9e2-e9ea-4456-80e3-47fe03b77367_639196400701528975.xml,SWWD,Go South Coast,Go South Coast 3883 Outbound,Bishopdown Farm  - Burgate School,price_band_1.8@ChildSingle,1.8
SWWD_3308_Outbound_ChildSingle_a9f4b9e2-e9ea-4456-80e3-47fe03b77367_639196394629802012.xml,SWWD,Go South Coast,Go South Coast 3308 Outbound,Blue Boar Row - Ditchampton,price_band_2.5@ChildSingle,2.5
WDBC_6903_Outbound_ChildReturn_a9f4b9e2-e9ea-4456-80e3-47fe03b77367_639196407677198414.xml,WDBC,Go South Coast,Go South Coast 6903 Outbound,Swanage - Lulworth,price_band_4.1@ChildReturn,4.1
SWWD_3675_Inbound_ChildReturn_a9f4b9e2-e9ea-4456-80e3-47fe03b77367_639196400089415816.xml,SWWD,Go South Coast,Go South Coast 3675 Inbound,Castle Road - Amesbury,price_band_2.6@ChildReturn,2.6
WDBC_2112_Outbound_AdultSingle_a9f4b9e2-e9ea-4456-80e3-47fe03b77367_639196386355093738.xml,WDBC,Go South Coast,Go South Coast 2112 Outbound,Hythe - Lymington,price_band_2.3@AdultSingle,2.3
SWWD_3010_Outbound_ChildReturn_a9f4b9e2-e9ea-4456-80e3-47fe03b77367_639196391192322213.xml,SWWD,Go South Coast,Go South Coast 3010 Outbound,City Centre - St Peters Place,price_band_3.6@ChildReturn,3.6
WDBC_2633_Inbound_AdultSingle_a9f4b9e2-e9ea-4456-80e3-47fe03b77367_639196387404256464.xml,WDBC,Go South Coast,Go South Coast 2633 Inbound,Wimborne - Brockenhurst College,price_band_4.4@AdultSingle,4.4
WDBC_1806_Inbound_AdultSingle_2f1f0c04-770d-4707-ab06-213c5a798ad7_639196379892158756.xml,WDBC,Go South Coast,Go South Coast 1806 Inbound,Bournemouth - Wimborne,price_band_2.2@AdultSingle,2.2
WDBC_1951_Inbound_ChildSingle_2f1f0c04-770d-4707-ab06-213c5a798ad7_639196384149509579.xml,WDBC,Go South Coast,Go South Coast 1951 Inbound,Bournemouth - Sandbanks,price_band_1.0@ChildSingle,1.0
WDBC_2762_Inbound_AdultReturn_a9f4b9e2-e9ea-4456-80e3-47fe03b77367_639196387458466874.xml,WDBC,Go South Coast,Go South Coast 2762 Inbound,Keyhaven Road  - Priestlands School,price_band_5.0@AdultReturn,5.0
SWWD_3684_Inbound_ChildReturn_a9f4b9e2-e9ea-4456-80e3-47fe03b77367_639196400273843845.xml,SWWD,Go South Coast,Go South Coast 3684 Inbound,Coombe Bissett - Burgate,price_band_2.5@ChildReturn,2.5
WDBC_2956_Outbound_ChildReturn_a9f4b9e2-e9ea-4456-80e3-47fe03b77367_639196389720442579.xml,WDBC,Go South Coast,Go South Coast 2956 Outbound,Ringwood - Bournemouth,price_band_3.4@ChildReturn,3.4
WDBC_1015_Outbound_ChildSingle_a9f4b9e2-e9ea-4456-80e3-47fe03b77367_639196371920220477.xml,WDBC,Go South Coast,Go South Coast 1015 Outbound,Poole - Bournemouth Hospital,price_band_2.1@ChildSingle,2.1
WDBC_6416_Inbound_ChildSingle_a9f4b9e2-e9ea-4456-80e3-47fe03b77367_639196406622564929.xml,WDBC,Go South Coast,Go South Coast 6416 Inbound,Penn Hill Avenue  - Poole Grammar School,price_band_1.6@ChildSingle,1.6
WDBC_1724_Outbound_ChildSingle_a9f4b9e2-e9ea-4456-80e3-47fe03b77367_639196379014632116.xml,WDBC,Go South Coast,Go South Coast 1724 Outbound,Bloxworth - Lytchett Minster School,price_band_4.2@ChildSingle,4.2
WDBC_1017_Inbound_ChildReturn_a9f4b9e2-e9ea-4456-80e3-47fe03b77367_639196372622500146.xml,WDBC,Go South Coast,Go South Coast 1017 Inbound,Poole - Bournemouth,price_band_3.4@ChildReturn,3.4
WDBC_1806_Outbound_ChildReturn_a9f4b9e2-e9ea-4456-80e3-47fe03b77367_639196379964545373.xml,WDBC,Go South Coast,Go South Coast 1806 Outbound,Bournemouth - Wimborne,price_band_3.1@ChildReturn,3.1
DAMY_6487_Outbound_ChildSingle_a9f4b9e2-e9ea-4456-80e3-47fe03b77367_639196407161038133.xml,DAMY,Go South Coast,Go South Coast 6487 Outbound,Blandford - Dorchester,price_band_2.1@ChildSingle,2.1
TDTR_7140_Outbound_ChildReturn_a9f4b9e2-e9ea-4456-80e3-47fe03b77367_639196408988345105.xml,TDTR,Go South Coast,Go South Coast 7140 Outbound,Calne - Calne Tesco,price_band_1.2@ChildReturn,1.2
DAMY_3183_Outbound_ChildReturn_a9f4b9e2-e9ea-4456-80e3-47fe03b77367_639196393946141695.xml,DAMY,Go South Coast,Go South Coast 3183 Outbound,Blandford - Weymouth,price_band_6.0@ChildReturn,6.0
TDTR_7180_Inbound_AdultSingle_a9f4b9e2-e9ea-4456-80e3-47fe03b77367_639196409462181321.xml,TDTR,Go South Coast,Go South Coast 7180 Inbound,Marlborough - Ludgershall,price_band_2.6@AdultSingle,2.6
SVCT_5101_Inbound_ChildSingle_a9f4b9e2-e9ea-4456-80e3-47fe03b77367_639196404701677908.xml,SVCT,Go South Coast,Go South Coast 5101 Inbound,Cowes - Newport,price_band_1.8@ChildSingle,1.8
WDBC_1052_Inbound_ChildSingle_a9f4b9e2-e9ea-4456-80e3-47fe03b77367_639196375821067974.xml,WDBC,Go South Coast,Go South Coast 1052 Inbound,Rockley - Sandbanks,price_band_2.8@ChildSingle,2.8
SVCT_8501_Outbound_AdultSingle_a9f4b9e2-e9ea-4456-80e3-47fe03b77367_639196410586924471.xml,SVCT,Go South Coast,Go South Coast 8501 Outbound,Island Coaster - West,price_band_3.2@AdultSingle,3.2
TDTR_7080_Outbound_YoungPersonRtn_a9f4b9e2-e9ea-4456-80e3-47fe03b77367_639196408865610342.xml,TDTR,Go South Coast,Go South Coast 7080 Outbound,Swindon - Marlborough,price_band_5.0@YoungPersonRtn,5.0
WDBC_2002_Inbound_AdultSingle_a9f4b9e2-e9ea-4456-80e3-47fe03b77367_639196385036836003.xml,WDBC,Go South Coast,Go South Coast 2002 Inbound,Bournemouth - Lymington,price_band_2.3@AdultSingle,2.3
SWWD_3311_Inbound_ChildReturn_a9f4b9e2-e9ea-4456-80e3-47fe03b77367_639196394722371011.xml,SWWD,Go South Coast,Go South Coast 3311 Inbound,Coronation Road - Ditchampton,price_band_3.6@ChildReturn,3.6
WDBC_2906_Outbound_ChildSingle_2f1f0c04-770d-4707-ab06-213c5a798ad7_639196388570360857.xml,WDBC,Go South Coast,Go South Coast 2906 Outbound,Poole - Ringwood,price_band_1.9@ChildSingle,1.9
SVCT_5101_Inbound_YoungAdSingle_a9f4b9e2-e9ea-4456-80e3-47fe03b77367_639196404710284025.xml,SVCT,Go South Coast,Go South Coast 5101 Inbound,Cowes - Newport,price_band_1.9@YoungAdSingle,1.9
WDBC_1642_Outbound_AdultReturn_a9f4b9e2-e9ea-4456-80e3-47fe03b77367_639196378819703113.xml,WDBC,Go South Coast,Go South Coast 1642 Outbound,Poole  - Talbot Campus,price_band_4.2@AdultReturn,4.2
WDBC_8259_Outbound_ChildSingle_a9f4b9e2-e9ea-4456-80e3-47fe03b77367_639196410365595708.xml,WDBC,Go South Coast,Go South Coast 8259 Outbound,Brockenhurst - New Milton BLUE,price_band_3.9@ChildSingle,3.9
WDBC_2001_Outbound_ChildReturn_a9f4b9e2-e9ea-4456-80e3-47fe03b77367_639196384725076307.xml,WDBC,Go South Coast,Go South Coast 2001 Outbound,Bournemouth - Lymington,price_band_3.0@ChildReturn,3.0
WDBC_6418_Outbound_AdultReturn_a9f4b9e2-e9ea-4456-80e3-47fe03b77367_639196406722279593.xml,WDBC,Go South Coast,Go South Coast 6418 Outbound,Sandbanks Ferry - Poole Grammar School,price_band_5.8@AdultReturn,5.8
SVCT_5008_Outbound_ChildSingle_a9f4b9e2-e9ea-4456-80e3-47fe03b77367_639196404128572938.xml,SVCT,Go South Coast,Go South Coast 5008 Outbound,Newport  - Ryde,price_band_1.8@ChildSingle,1.8
TDTR_7061_Inbound_AdultSingle_a9f4b9e2-e9ea-4456-80e3-47fe03b77367_639196408608005271.xml,TDTR,Go South Coast,Go South Coast 7061 Inbound,Great Western Hospital - Middleleaze,price_band_2.8@AdultSingle,2.8
WDBC_2616_Outbound_AdultSingle_a9f4b9e2-e9ea-4456-80e3-47fe03b77367_639196387193303918.xml,WDBC,Go South Coast,Go South Coast 2616 Outbound,Ringwood - Brockenhurst College,price_band_5.6@AdultSingle,5.6
WDBC_2775_Outbound_AdultReturn_a9f4b9e2-e9ea-4456-80e3-47fe03b77367_639196387499276152.xml,WDBC,Go South Coast,Go South Coast 2775 Outbound,Milford on Sea - Priestlands School,price_band_6.0@AdultReturn,6.0
TDTR_7176_Inbound_YoungPersonSgl_a9f4b9e2-e9ea-4456-80e3-47fe03b77367_639196409358263186.xml,TDTR,Go South Coast,Go South Coast 7176 Inbound,Calne - Bath,price_band_1.2@YoungPersonSgl,1.2
WDBC_6903_Inbound_ChildSingle_a9f4b9e2-e9ea-4456-80e3-47fe03b77367_639196407469886969.xml,WDBC,Go South Coast,Go South Coast 6903 Inbound,Swanage - Lulworth,price_band_3.0@ChildSingle,3.0
BLUS_4022_Inbound_ChildReturn_a9f4b9e2-e9ea-4456-80e3-47fe03b77367_639196402398238584.xml,BLUS,Go South Coast,Go South Coast 4022 Inbound,Southampton - Shirley,price_band_2.6@ChildReturn,2.6
WDBC_1050_Inbound_ChildSingle_2f1f0c04-770d-4707-ab06-213c5a798ad7_639196375591808267.xml,WDBC,Go South Coast,Go South Coast 1050 Inbound,Bournemouth Station - Swanage,price_band_2.9@ChildSingle,2.9
WDBC_2775_Outbound_AdultSingle_a9f4b9e2-e9ea-4456-80e3-47fe03b77367_639196387501619945.xml,WDBC,Go South Coast,Go South Coast 2775 Outbound,Milford on Sea - Priestlands School,price_band_2.5@AdultSingle,2.5
TDTR_7063_Outbound_AdultSingle_a9f4b9e2-e9ea-4456-80e3-47fe03b77367_639196408637125705.xml,TDTR,Go South Coast,Go South Coast 7063 Outbound,Town Centre - Eldene,price_band_3.0@AdultSingle,3.0
BLUS_4026_Inbound_ChildSingle_eed5e2e8-c472-41af-825e-db09ec887334_639196402508973147.xml,BLUS,Go South Coast,Go South Coast 4026 Inbound,Southampton - Whiteley,price_band_1.0@ChildSingle,1.0
WDBC_1052_Outbound_AdultSingle_a9f4b9e2-e9ea-4456-80e3-47fe03b77367_639196375905103694.xml,WDBC,Go South Coast,Go South Coast 1052 Outbound,Rockley - Sandbanks,price_band_2.6@AdultSingle,2.6
SWWD_3650_Inbound_AdultReturn_a9f4b9e2-e9ea-4456-80e3-47fe03b77367_639196399970801325.xml,SWWD,Go South Coast,Go South Coast 3650 Inbound,Laverstock Schools  - West Harnham,price_band_4.2@AdultReturn,4.2
SWWD_3266_Outbound_AdultReturn_a9f4b9e2-e9ea-4456-80e3-47fe03b77367_639196394203616363.xml,SWWD,Go South Coast,Go South Coast 3266 Outbound,South Wilts Grammar School - Idmiston,price_band_4.5@AdultReturn,4.5
WDBC_2604_Outbound_AdultSingle_a9f4b9e2-e9ea-4456-80e3-47fe03b77367_639196386994638705.xml,WDBC,Go South Coast,Go South Coast 2604 Outbound,Langley Farm - Brockenhurst College,price_band_2.6@AdultSingle,2.6
TDTR_7146_Outbound_AdultReturn_a9f4b9e2-e9ea-4456-80e3-47fe03b77367_639196409076247496.xml,TDTR,Go South Coast,Go South Coast 7146 Outbound,Swindon - Hungerford,price_band_5.0@AdultReturn,5.0
WDBC_1011_Inbound_ChildReturn_a9f4b9e2-e9ea-4456-80e3-47fe03b77367_639196371001216345.xml,WDBC,Go South Coast,Go South Coast 1011 Inbound,Bournemouth - Canford Paddock,price_band_3.1@ChildReturn,3.1
SWWD_3883_Inbound_ChildSingle_a9f4b9e2-e9ea-4456-80e3-47fe03b77367_639196400680560363.xml,SWWD,Go South Coast,Go South Coast 3883 Inbound,Bishopdown Farm  - Burgate School,price_band_2.4@ChildSingle,2.4
WDBC_1050_Inbound_ChildSingle_a9f4b9e2-e9ea-4456-80e3-47fe03b77367_639196375531808668.xml,WDBC,Go South Coast,Go South Coast 1050 Inbound,Bournemouth Station - Swanage,price_band_2.9@ChildSingle,2.9
WDBC_2219_Inbound_AdultSingle_a9f4b9e2-e9ea-4456-80e3-47fe03b77367_639196386904883180.xml,WDBC,Go South Coast,Go South Coast 2219 Inbound,Lymington  - New Milton,price_band_2.5@AdultSingle,2.5
WDBC_2219_Inbound_ChildReturn_a9f4b9e2-e9ea-4456-80e3-47fe03b77367_639196386912029581.xml,WDBC,Go South Coast,Go South Coast 2219 Inbound,Lymington  - New Milton,price_band_3.7@ChildReturn,3.7
WDBC_1836_Inbound_AdultSingle_a9f4b9e2-e9ea-4456-80e3-47fe03b77367_639196381760751679.xml,WDBC,Go South Coast,Go South Coast 1836 Inbound,Talbot View - Kinson,price_band_2.8@AdultSingle,2.8
SWWD_3087_Outbound_AdultReturn_a9f4b9e2-e9ea-4456-80e3-47fe03b77367_639196391795225168.xml,SWWD,Go South Coast,Go South Coast 3087 Outbound,South Wilts Grammar School - Lopcombe Corner,price_band_4.2@AdultReturn,4.2
WDBC_6737_Outbound_ChildReturn_a9f4b9e2-e9ea-4456-80e3-47fe03b77367_639196407387781765.xml,WDBC,Go South Coast,Go South Coast 6737 Outbound,Verwood - Ferndown Upper School,price_band_5.4@ChildReturn,5.4
WDBC_1811_Outbound_ChildSingle_a9f4b9e2-e9ea-4456-80e3-47fe03b77367_639196380086904887.xml,WDBC,Go South Coast,Go South Coast 1811 Outbound,Bournemouth - Somerford,price_band_2.2@ChildSingle,2.2
WDBC_2001_Outbound_AdultSingle_a9f4b9e2-e9ea-4456-80e3-47fe03b77367_639196384694964461.xml,WDBC,Go South Coast,Go South Coast 2001 Outbound,Bournemouth - Lymington,price_band_3.0@AdultSingle,3.0
WDBC_1021_Inbound_AdultSingle_a9f4b9e2-e9ea-4456-80e3-47fe03b77367_639196374044867753.xml,WDBC,Go South Coast,Go South Coast 1021 Inbound,Bournemouth - High Howe,price_band_2.6@AdultSingle,2.6
SWWD_3405_Outbound_ChildSingle_a9f4b9e2-e9ea-4456-80e3-47fe03b77367_639196396786684282.xml,SWWD,Go South Coast,Go South Coast 3405 Outbound,Salisbury - Pewsey,price_band_3.0@ChildSingle,3.0
WDBC_1724_Outbound_ChildSingle_a9f4b9e2-e9ea-4456-80e3-47fe03b77367_639196379014632116.xml,WDBC,Go South Coast,Go South Coast 1724 Outbound,Bloxworth - Lytchett Minster School,price_band_3.3@ChildSingle,3.3
TDTR_7148_Outbound_ChildReturn_a9f4b9e2-e9ea-4456-80e3-47fe03b77367_639196409217318209.xml,TDTR,Go South Coast,Go South Coast 7148 Outbound,Swindon - Marlborough,price_band_4.1@ChildReturn,4.1
TDTR_7893_Outbound_AdultSingle_a9f4b9e2-e9ea-4456-80e3-47fe03b77367_639196410222432724.xml,TDTR,Go South Coast,Go South Coast 7893 Outbound,St Andrews Ridge - Warneford School,price_band_3.3@AdultSingle,3.3
WDBC_6448_Inbound_ChildReturn_a9f4b9e2-e9ea-4456-80e3-47fe03b77367_639196406858116661.xml,WDBC,Go South Coast,Go South Coast 6448 Inbound,Furnell Road - Parkstone Grammar,price_band_4.5@ChildReturn,4.5
TDTR_7001_Inbound_YoungPersonSgl_a9f4b9e2-e9ea-4456-80e3-47fe03b77367_639196408055378134.xml,TDTR,Go South Coast,Go South Coast 7001 Inbound,Middleleaze - Great Western Hospital,price_band_2.2@YoungPersonSgl,2.2
WDBC_1054_Inbound_ChildSingle_a9f4b9e2-e9ea-4456-80e3-47fe03b77367_639196376520950971.xml,WDBC,Go South Coast,Go South Coast 1054 Inbound,Poole - Wimborne,price_band_2.3@ChildSingle,2.3
BLUS_3634_Outbound_AdultReturn_a9f4b9e2-e9ea-4456-80e3-47fe03b77367_639196399687526061.xml,BLUS,Go South Coast,Go South Coast 3634 Outbound,East Wellow  - Romsey School,price_band_5.4@AdultReturn,5.4
TDTR_7076_Inbound_YoungPersonSgl_a9f4b9e2-e9ea-4456-80e3-47fe03b77367_639196408693831771.xml,TDTR,Go South Coast,Go South Coast 7076 Inbound,Marlborough - Bath,price_band_1.7@YoungPersonSgl,1.7
WDBC_2762_Inbound_ChildSingle_a9f4b9e2-e9ea-4456-80e3-47fe03b77367_639196387468944842.xml,WDBC,Go South Coast,Go South Coast 2762 Inbound,Keyhaven Road  - Priestlands School,price_band_2.3@ChildSingle,2.3
TDTR_7180_Inbound_YoungPersonSgl_a9f4b9e2-e9ea-4456-80e3-47fe03b77367_639196409516467218.xml,TDTR,Go South Coast,Go South Coast 7180 Inbound,Marlborough - Ludgershall,price_band_3.0@YoungPersonSgl,3.0
WDBC_1643_Outbound_UniIDSingle_a9f4b9e2-e9ea-4456-80e3-47fe03b77367_639196378907686584.xml,WDBC,Go South Coast,Go South Coast 1643 Outbound,Fishermans Walk - Talbot Campus,price_band_2.0@UniIDSingle,2.0
SWWD_3404_Outbound_ChildSingle_a9f4b9e2-e9ea-4456-80e3-47fe03b77367_639196396341061238.xml,SWWD,Go South Coast,Go South Coast 3404 Outbound,Salisbury - Larkhill,price_band_2.5@ChildSingle,2.5
BLUS_4008_Outbound_ChildSingle_f15d1b06-486f-433a-8991-95f1a97a87e0_639196401511630582.xml,BLUS,Go South Coast,Go South Coast 4008 Outbound,Southampton - Hythe,price_band_1.0@ChildSingle,1.0
WDBC_6786_Outbound_ChildReturn_a9f4b9e2-e9ea-4456-80e3-47fe03b77367_639196407407986536.xml,WDBC,Go South Coast,Go South Coast 6786 Outbound,Bere Regis - Purbeck School,price_band_6.9@ChildReturn,6.9
WDBC_2176_Outbound_ChildSingle_a9f4b9e2-e9ea-4456-80e3-47fe03b77367_639196386600673694.xml,WDBC,Go South Coast,Go South Coast 2176 Outbound,Christchurch - Ringwood,price_band_2.3@ChildSingle,2.3
WDBC_1641_Inbound_ChildSingle_2f1f0c04-770d-4707-ab06-213c5a798ad7_639196378745654454.xml,WDBC,Go South Coast,Go South Coast 1641 Inbound,Dorchester House  - Talbot Campus,price_band_1.0@ChildSingle,1.0
WDBC_1053_Outbound_ChildSingle_d46597a9-440e-4c13-b49a-76a3986683d1_639196376449410194.xml,WDBC,Go South Coast,Go South Coast 1053 Outbound,Bournemouth - Wimborne,price_band_3.0@ChildSingle,3.0
SWWD_3326_Inbound_AdultReturn_a9f4b9e2-e9ea-4456-80e3-47fe03b77367_639196395107086102.xml,SWWD,Go South Coast,Go South Coast 3326 Inbound,Salisbury - Hindon,price_band_6.0@AdultReturn,6.0
TDTR_7080_Inbound_YoungPersonSgl_a9f4b9e2-e9ea-4456-80e3-47fe03b77367_639196408796693410.xml,TDTR,Go South Coast,Go South Coast 7080 Inbound,Swindon - Marlborough,price_band_1.7@YoungPersonSgl,1.7
WDBC_1805_Inbound_ChildSingle_d46597a9-440e-4c13-b49a-76a3986683d1_639196379789418867.xml,WDBC,Go South Coast,Go South Coast 1805 Inbound,Bournemouth - Kinson,price_band_1.0@ChildSingle,1.0
BLUS_4503_Inbound_ChildSingle_a9f4b9e2-e9ea-4456-80e3-47fe03b77367_639196402954065006.xml,BLUS,Go South Coast,Go South Coast 4503 Inbound,Valley Park - Thornden,price_band_2.5@ChildSingle,2.5
WDBC_1415_Inbound_ChildSingle_a9f4b9e2-e9ea-4456-80e3-47fe03b77367_639196378702472364.xml,WDBC,Go South Coast,Go South Coast 1415 Inbound,Poole High - Canford Heath,price_band_1.9@ChildSingle,1.9
TDTR_7080_Inbound_AdultSingle_a9f4b9e2-e9ea-4456-80e3-47fe03b77367_639196408790442872.xml,TDTR,Go South Coast,Go South Coast 7080 Inbound,Swindon - Marlborough,price_band_2.2@AdultSingle,2.2
WDBC_1050_Inbound_ChildReturn_a9f4b9e2-e9ea-4456-80e3-47fe03b77367_639196375512524519.xml,WDBC,Go South Coast,Go South Coast 1050 Inbound,Bournemouth Station - Swanage,price_band_5.1@ChildReturn,5.1
SWWD_3495_Inbound_ChildReturn_a9f4b9e2-e9ea-4456-80e3-47fe03b77367_639196398829248740.xml,SWWD,Go South Coast,Go South Coast 3495 Inbound,Swindon - Pewsey,price_band_5.0@ChildReturn,5.0
WDBC_2120_Outbound_ChildReturn_a9f4b9e2-e9ea-4456-80e3-47fe03b77367_639196386411266459.xml,WDBC,Go South Coast,Go South Coast 2120 Outbound,New Milton Tesco - Lymington,price_band_3.6@ChildReturn,3.6
WDBC_1806_Outbound_ChildReturn_a9f4b9e2-e9ea-4456-80e3-47fe03b77367_639196379964545373.xml,WDBC,Go South Coast,Go South Coast 1806 Outbound,Bournemouth - Wimborne,price_band_3.2@ChildReturn,3.2
WDBC_1836_Inbound_ChildReturn_a9f4b9e2-e9ea-4456-80e3-47fe03b77367_639196381789321857.xml,WDBC,Go South Coast,Go South Coast 1836 Inbound,Talbot View - Kinson,price_band_3.7@ChildReturn,3.7
WDBC_1836_Outbound_ChildReturn_a9f4b9e2-e9ea-4456-80e3-47fe03b77367_639196381828910612.xml,WDBC,Go South Coast,Go South Coast 1836 Outbound,Talbot View - Kinson,price_band_2.8@ChildReturn,2.8
BLUS_4011_Inbound_AdultSingle_f15d1b06-486f-433a-8991-95f1a97a87e0_639196401704450341.xml,BLUS,Go South Coast,Go South Coast 4011 Inbound,Southampton - West Totton,price_band_1.0@AdultSingle,1.0
SWWD_7201_Inbound_ChildSingle_a9f4b9e2-e9ea-4456-80e3-47fe03b77367_639196409621895930.xml,SWWD,Go South Coast,Go South Coast 7201 Inbound,Figheldean - Salisbury,price_band_2.6@ChildSingle,2.6
SVCT_5273_Outbound_ChildSingle_a9f4b9e2-e9ea-4456-80e3-47fe03b77367_639196405705889504.xml,SVCT,Go South Coast,Go South Coast 5273 Outbound,Newport - Ventnor,price_band_1.8@ChildSingle,1.8
DAMY_6920_Inbound_AdultReturn_a9f4b9e2-e9ea-4456-80e3-47fe03b77367_639196407749894779.xml,DAMY,Go South Coast,Go South Coast 6920 Inbound,Salisbury - Steam Fair,price_band_6.0@AdultReturn,6.0
WDBC_2002_Outbound_ChildSingle_d46597a9-440e-4c13-b49a-76a3986683d1_639196385621493533.xml,WDBC,Go South Coast,Go South Coast 2002 Outbound,Bournemouth - Lymington,price_band_2.1@ChildSingle,2.1
WDBC_6419_Inbound_AdultSingle_a9f4b9e2-e9ea-4456-80e3-47fe03b77367_639196406779974725.xml,WDBC,Go South Coast,Go South Coast 6419 Inbound,Compton Avenue - Poole Grammar,price_band_2.5@AdultSingle,2.5
SWWD_3044_Inbound_ChildReturn_a9f4b9e2-e9ea-4456-80e3-47fe03b77367_639196391654830182.xml,SWWD,Go South Coast,Go South Coast 3044 Inbound,Salisbury - Woodfalls,price_band_4.9@ChildReturn,4.9
BLUS_4005_Outbound_AdultReturn_a9f4b9e2-e9ea-4456-80e3-47fe03b77367_639196401231112026.xml,BLUS,Go South Coast,Go South Coast 4005 Outbound,Boyatt Wood - Romsey,price_band_4.9@AdultReturn,4.9
SWWD_3684_Outbound_AdultSingle_a9f4b9e2-e9ea-4456-80e3-47fe03b77367_639196400290660095.xml,SWWD,Go South Coast,Go South Coast 3684 Outbound,Coombe Bissett - Burgate,price_band_2.0@AdultSingle,2.0
SWWD_3684_Outbound_ChildSingle_a9f4b9e2-e9ea-4456-80e3-47fe03b77367_639196400301590510.xml,SWWD,Go South Coast,Go South Coast 3684 Outbound,Coombe Bissett - Burgate,price_band_4.9@ChildSingle,4.9
TDTR_7048_Outbound_AdultReturn_a9f4b9e2-e9ea-4456-80e3-47fe03b77367_639196408530239677.xml,TDTR,Go South Coast,Go South Coast 7048 Outbound,Swindon - Marlborough,price_band_4.1@AdultReturn,4.1
WDBC_1883_Inbound_ChildReturn_a9f4b9e2-e9ea-4456-80e3-47fe03b77367_639196382512904232.xml,WDBC,Go South Coast,Go South Coast 1883 Inbound,Alum Chine - Castlepoint,price_band_3.4@ChildReturn,3.4
WDBC_1806_Outbound_AdultReturn_a9f4b9e2-e9ea-4456-80e3-47fe03b77367_639196379944928892.xml,WDBC,Go South Coast,Go South Coast 1806 Outbound,Bournemouth - Wimborne,price_band_4.7@AdultReturn,4.7
WDBC_1821_Inbound_AdultSingle_d46597a9-440e-4c13-b49a-76a3986683d1_639196380949760255.xml,WDBC,Go South Coast,Go South Coast 1821 Inbound,Bournemouth - Burton,price_band_1.0@AdultSingle,1.0
TDTR_7046_Inbound_ChildReturn_a9f4b9e2-e9ea-4456-80e3-47fe03b77367_639196408411798946.xml,TDTR,Go South Coast,Go South Coast 7046 Inbound,Swindon - Hungerford,price_band_2.4@ChildReturn,2.4
WDBC_6449_Outbound_AdultSingle_a9f4b9e2-e9ea-4456-80e3-47fe03b77367_639196406940282122.xml,WDBC,Go South Coast,Go South Coast 6449 Outbound,St Osmunds - Parkstone Grammar,price_band_3.2@AdultSingle,3.2
SWWD_3457_Outbound_ChildSingle_a9f4b9e2-e9ea-4456-80e3-47fe03b77367_639196398247122010.xml,SWWD,Go South Coast,Go South Coast 3457 Outbound,Salisbury - Southampton,price_band_2.9@ChildSingle,2.9
WDBC_1951_Outbound_ChildSingle_d46597a9-440e-4c13-b49a-76a3986683d1_639196384239202343.xml,WDBC,Go South Coast,Go South Coast 1951 Outbound,Bournemouth - Sandbanks,price_band_1.0@ChildSingle,1.0
TDTR_7553_Inbound_ChildReturn_a9f4b9e2-e9ea-4456-80e3-47fe03b77367_639196410108049449.xml,TDTR,Go South Coast,Go South Coast 7553 Inbound,Royal Wootton Bassett - Cirencester College,price_band_8.3@ChildReturn,8.3
SWWD_3517_Outbound_ChildSingle_a9f4b9e2-e9ea-4456-80e3-47fe03b77367_639196399396120341.xml,SWWD,Go South Coast,Go South Coast 3517 Outbound,New Canal  - Lopcombe Corner,price_band_3.0@ChildSingle,3.0
WDBC_1805_Inbound_ChildSingle_2f1f0c04-770d-4707-ab06-213c5a798ad7_639196379782444191.xml,WDBC,Go South Coast,Go South Coast 1805 Inbound,Bournemouth - Kinson,price_band_1.0@ChildSingle,1.0
TDTR_3820_Outbound_AdultSingle_a9f4b9e2-e9ea-4456-80e3-47fe03b77367_639196400549738554.xml,TDTR,Go South Coast,Go South Coast 3820 Outbound,Marlborough - Newbury,price_band_2.4@AdultSingle,2.4
BLUS_3135_Outbound_AdultReturn_a9f4b9e2-e9ea-4456-80e3-47fe03b77367_639196393311403033.xml,BLUS,Go South Coast,Go South Coast 3135 Outbound,Romsey - Braishfield,price_band_4.9@AdultReturn,4.9
WDBC_1170_Outbound_ChildReturn_a9f4b9e2-e9ea-4456-80e3-47fe03b77367_639196378532441348.xml,WDBC,Go South Coast,Go South Coast 1170 Outbound,Rockley Park - Hengistbury Head,price_band_2.9@ChildReturn,2.9
SWWD_3125_Outbound_ChildSingle_a9f4b9e2-e9ea-4456-80e3-47fe03b77367_639196392967358719.xml,SWWD,Go South Coast,Go South Coast 3125 Outbound,South Wilts Grammar School - Hindon,price_band_1.8@ChildSingle,1.8
SWWD_3102_Inbound_ChildSingle_a9f4b9e2-e9ea-4456-80e3-47fe03b77367_639196392041860066.xml,SWWD,Go South Coast,Go South Coast 3102 Inbound,Salisbury - Devizes,price_band_2.5@ChildSingle,2.5
SWWD_3513_Outbound_AdultSingle_a9f4b9e2-e9ea-4456-80e3-47fe03b77367_639196399209141775.xml,SWWD,Go South Coast,Go South Coast 3513 Outbound,Blue Boar Row - Bulbridge Chantry Road,price_band_3.0@AdultSingle,3.0
SWWD_3125_Inbound_ChildSingle_a9f4b9e2-e9ea-4456-80e3-47fe03b77367_639196392807183154.xml,SWWD,Go South Coast,Go South Coast 3125 Inbound,South Wilts Grammar School - Hindon,price_band_1.9@ChildSingle,1.9
WDBC_2003_Outbound_ChildReturn_a9f4b9e2-e9ea-4456-80e3-47fe03b77367_639196386007497361.xml,WDBC,Go South Coast,Go South Coast 2003 Outbound,Salisbury - Bournemouth,price_band_4.6@ChildReturn,4.6
BLUS_4424_Outbound_AdultReturn_a9f4b9e2-e9ea-4456-80e3-47fe03b77367_639196402893927340.xml,BLUS,Go South Coast,Go South Coast 4424 Outbound,Eastleigh - Hedge End,price_band_4.5@AdultReturn,4.5
WDBC_1114_Inbound_ChildSingle_d46597a9-440e-4c13-b49a-76a3986683d1_639196377807176643.xml,WDBC,Go South Coast,Go South Coast 1114 Inbound,Poole - RB Hospital,price_band_1.0@ChildSingle,1.0
WDBC_1801_Inbound_AdultSingle_a9f4b9e2-e9ea-4456-80e3-47fe03b77367_639196379433491531.xml,WDBC,Go South Coast,Go South Coast 1801 Inbound,Bournemouth - Christchurch,price_band_2.3@AdultSingle,2.3
TDTR_7155_Outbound_YoungPersonSgl_a9f4b9e2-e9ea-4456-80e3-47fe03b77367_639196409287921318.xml,TDTR,Go South Coast,Go South Coast 7155 Outbound,Stratton Park - Ridgeway School,price_band_2.6@YoungPersonSgl,2.6
WDBC_1170_Outbound_ChildReturn_a9f4b9e2-e9ea-4456-80e3-47fe03b77367_639196378532441348.xml,WDBC,Go South Coast,Go South Coast 1170 Outbound,Rockley Park - Hengistbury Head,price_band_3.4@ChildReturn,3.4
BLUS_4012_Inbound_ChildReturn_a9f4b9e2-e9ea-4456-80e3-47fe03b77367_639196401745764677.xml,BLUS,Go South Coast,Go South Coast 4012 Inbound,Southampton - Calmore,price_band_2.6@ChildReturn,2.6
SVCT_5259_Inbound_YoungAdSingle_a9f4b9e2-e9ea-4456-80e3-47fe03b77367_639196405582583069.xml,SVCT,Go South Coast,Go South Coast 5259 Inbound,Carisbrooke - Bembridge,price_band_2.4@YoungAdSingle,2.4
BLUS_4023_Outbound_AdultReturn_a9f4b9e2-e9ea-4456-80e3-47fe03b77367_639196402425952910.xml,BLUS,Go South Coast,Go South Coast 4023 Outbound,Eastleigh - Velmore,price_band_4.9@AdultReturn,4.9
WDBC_1908_Inbound_AdultSingle_d46597a9-440e-4c13-b49a-76a3986683d1_639196383448804845.xml,WDBC,Go South Coast,Go South Coast 1908 Inbound,Poole - Blandford,price_band_2.5@AdultSingle,2.5
WDBC_1035_Outbound_AdultSingle_a9f4b9e2-e9ea-4456-80e3-47fe03b77367_639196374639756272.xml,WDBC,Go South Coast,Go South Coast 1035 Outbound,Swanage - Wareham,price_band_2.3@AdultSingle,2.3
WDBC_8270_Outbound_ChildSingle_a9f4b9e2-e9ea-4456-80e3-47fe03b77367_639196410383586703.xml,WDBC,Go South Coast,Go South Coast 8270 Outbound,Brockenhurst - New Park,price_band_5.0@ChildSingle,5.0
WDBC_1837_Inbound_AdultSingle_a9f4b9e2-e9ea-4456-80e3-47fe03b77367_639196381838266030.xml,WDBC,Go South Coast,Go South Coast 1837 Inbound,Bournemouth - Bournemouth International Airport,price_band_3.0@AdultSingle,3.0
TDTR_7076_Inbound_AdultSingle_a9f4b9e2-e9ea-4456-80e3-47fe03b77367_639196408721773337.xml,TDTR,Go South Coast,Go South Coast 7076 Inbound,Marlborough - Bath,price_band_2.0@AdultSingle,2.0
TDTR_7180_Outbound_YoungPersonRtn_a9f4b9e2-e9ea-4456-80e3-47fe03b77367_639196409548679878.xml,TDTR,Go South Coast,Go South Coast 7180 Outbound,Marlborough - Ludgershall,price_band_4.5@YoungPersonRtn,4.5
SVCT_5004_Outbound_YoungAdSingle_a9f4b9e2-e9ea-4456-80e3-47fe03b77367_639196403865009601.xml,SVCT,Go South Coast,Go South Coast 5004 Outbound,Ryde  - East Cowes,price_band_2.4@YoungAdSingle,2.4
BLUS_4203_Outbound_AdultSingle_a9f4b9e2-e9ea-4456-80e3-47fe03b77367_639196402813448594.xml,BLUS,Go South Coast,Go South Coast 4203 Outbound,Totton - Totton Clockwise,price_band_3.0@AdultSingle,3.0
WDBC_1831_Inbound_AdultSingle_d46597a9-440e-4c13-b49a-76a3986683d1_639196381210748304.xml,WDBC,Go South Coast,Go South Coast 1831 Inbound,Bournemouth - Hunt Road and Somerford,price_band_1.0@AdultSingle,1.0
SWWD_7201_Outbound_ChildSingle_a9f4b9e2-e9ea-4456-80e3-47fe03b77367_639196409668297115.xml,SWWD,Go South Coast,Go South Coast 7201 Outbound,Figheldean - Salisbury,price_band_3.0@ChildSingle,3.0
BLUS_4004_Inbound_AdultReturn_a9f4b9e2-e9ea-4456-80e3-47fe03b77367_639196401112255915.xml,BLUS,Go South Coast,Go South Coast 4004 Inbound,Southampton - Romsey,price_band_4.9@AdultReturn,4.9
SWWD_3008_Outbound_AdultReturn_a9f4b9e2-e9ea-4456-80e3-47fe03b77367_639196390919631158.xml,SWWD,Go South Coast,Go South Coast 3008 Outbound,Salisbury - Zouch Estate,price_band_4.5@AdultReturn,4.5
WDBC_1114_Inbound_ChildSingle_a9f4b9e2-e9ea-4456-80e3-47fe03b77367_639196377653627154.xml,WDBC,Go South Coast,Go South Coast 1114 Inbound,Poole - RB Hospital,price_band_2.5@ChildSingle,2.5
WDBC_1011_Outbound_ChildSingle_2f1f0c04-770d-4707-ab06-213c5a798ad7_639196371125185445.xml,WDBC,Go South Coast,Go South Coast 1011 Outbound,Bournemouth - Canford Paddock,price_band_1.0@ChildSingle,1.0
WDBC_2176_Inbound_ChildSingle_a9f4b9e2-e9ea-4456-80e3-47fe03b77367_639196386517544843.xml,WDBC,Go South Coast,Go South Coast 2176 Inbound,Christchurch - Ringwood,price_band_3.0@ChildSingle,3.0
WDBC_6903_Inbound_AdultReturn_a9f4b9e2-e9ea-4456-80e3-47fe03b77367_639196407486328935.xml,WDBC,Go South Coast,Go South Coast 6903 Inbound,Swanage - Lulworth,price_band_5.1@AdultReturn,5.1
SWWD_3029_Inbound_AdultReturn_a9f4b9e2-e9ea-4456-80e3-47fe03b77367_639196391342117362.xml,SWWD,Go South Coast,Go South Coast 3029 Inbound,Salisbury - Shaftesbury,price_band_4.2@AdultReturn,4.2
SWWD_3302_Outbound_ChildReturn_a9f4b9e2-e9ea-4456-80e3-47fe03b77367_639196394365905886.xml,SWWD,Go South Coast,Go South Coast 3302 Outbound,City Centre - Bishopdown,price_band_2.5@ChildReturn,2.5
BLUS_4002_Outbound_WyvernSchRtn_995d91fb-b0e5-4533-aa2a-6427dd49f7a7_639196401081056330.xml,BLUS,Go South Coast,Go South Coast 4002 Outbound,Southampton - Fair Oak,price_band_3.0@WyvernSchRtn,3.0
SWWD_3525_Outbound_AdultReturn_a9f4b9e2-e9ea-4456-80e3-47fe03b77367_639196399520980984.xml,SWWD,Go South Coast,Go South Coast 3525 Outbound,City Centre - Petersfinger Park & Ride,price_band_4.2@AdultReturn,4.2
WDBC_2186_Inbound_AdultSingle_a9f4b9e2-e9ea-4456-80e3-47fe03b77367_639196386687841833.xml,WDBC,Go South Coast,Go South Coast 2186 Inbound,Southampton - Lymington,price_band_2.6@AdultSingle,2.6
DAMY_3183_Inbound_ChildSingle_a9f4b9e2-e9ea-4456-80e3-47fe03b77367_639196393811938325.xml,DAMY,Go South Coast,Go South Coast 3183 Inbound,Blandford - Weymouth,price_band_2.9@ChildSingle,2.9
SWWD_3405_Inbound_AdultReturn_a9f4b9e2-e9ea-4456-80e3-47fe03b77367_639196396518445505.xml,SWWD,Go South Coast,Go South Coast 3405 Inbound,Salisbury - Pewsey,price_band_4.5@AdultReturn,4.5
WDBC_1903_Outbound_ChildSingle_a9f4b9e2-e9ea-4456-80e3-47fe03b77367_639196383342947421.xml,WDBC,Go South Coast,Go South Coast 1903 Outbound,Poole - Wimborne,price_band_2.5@ChildSingle,2.5
SWWD_3525_Inbound_ChildSingle_a9f4b9e2-e9ea-4456-80e3-47fe03b77367_639196399495610199.xml,SWWD,Go South Coast,Go South Coast 3525 Inbound,City Centre - Petersfinger Park & Ride,price_band_1.9@ChildSingle,1.9
DAMY_6307_Inbound_ChildSingle_a9f4b9e2-e9ea-4456-80e3-47fe03b77367_639196406414235561.xml,DAMY,Go South Coast,Go South Coast 6307 Inbound,Blandford - Shaftesbury,price_band_2.1@ChildSingle,2.1
DAMY_3183_Inbound_ChildReturn_a9f4b9e2-e9ea-4456-80e3-47fe03b77367_639196393827698517.xml,DAMY,Go South Coast,Go South Coast 3183 Inbound,Blandford - Weymouth,price_band_4.1@ChildReturn,4.1
TDTR_7046_Outbound_AdultReturn_a9f4b9e2-e9ea-4456-80e3-47fe03b77367_639196408433106157.xml,TDTR,Go South Coast,Go South Coast 7046 Outbound,Swindon - Hungerford,price_band_6.0@AdultReturn,6.0
WDBC_1054_Inbound_AdultSingle_2f1f0c04-770d-4707-ab06-213c5a798ad7_639196376540230414.xml,WDBC,Go South Coast,Go South Coast 1054 Inbound,Poole - Wimborne,price_band_2.9@AdultSingle,2.9
WDBC_8209_Outbound_AdultSingle_a9f4b9e2-e9ea-4456-80e3-47fe03b77367_639196410338766567.xml,WDBC,Go South Coast,Go South Coast 8209 Outbound,Ringwood - Lyndhurst RED,price_band_3.5@AdultSingle,3.5
WDBC_1053_Inbound_ChildSingle_d46597a9-440e-4c13-b49a-76a3986683d1_639196376215004487.xml,WDBC,Go South Coast,Go South Coast 1053 Inbound,Bournemouth - Wimborne,price_band_2.1@ChildSingle,2.1
WDBC_1054_Outbound_AdultReturn_a9f4b9e2-e9ea-4456-80e3-47fe03b77367_639196376610637280.xml,WDBC,Go South Coast,Go South Coast 1054 Outbound,Poole - Wimborne,price_band_4.5@AdultReturn,4.5
WDBC_6416_Inbound_ChildSingle_a9f4b9e2-e9ea-4456-80e3-47fe03b77367_639196406622564929.xml,WDBC,Go South Coast,Go South Coast 6416 Inbound,Penn Hill Avenue  - Poole Grammar School,price_band_1.9@ChildSingle,1.9
DAMY_3183_Inbound_ChildReturn_a9f4b9e2-e9ea-4456-80e3-47fe03b77367_639196393827698517.xml,DAMY,Go South Coast,Go South Coast 3183 Inbound,Blandford - Weymouth,price_band_5.7@ChildReturn,5.7
WDBC_6416_Outbound_AdultSingle_a9f4b9e2-e9ea-4456-80e3-47fe03b77367_639196406641168017.xml,WDBC,Go South Coast,Go South Coast 6416 Outbound,Penn Hill Avenue  - Poole Grammar School,price_band_3.2@AdultSingle,3.2
WDBC_2112_Outbound_AdultReturn_a9f4b9e2-e9ea-4456-80e3-47fe03b77367_639196386339679969.xml,WDBC,Go South Coast,Go South Coast 2112 Outbound,Hythe - Lymington,price_band_5.5@AdultReturn,5.5
WDBC_1011_Inbound_AdultReturn_a9f4b9e2-e9ea-4456-80e3-47fe03b77367_639196370982106913.xml,WDBC,Go South Coast,Go South Coast 1011 Inbound,Bournemouth - Canford Paddock,price_band_3.0@AdultReturn,3.0
WDBC_1040_Outbound_ChildReturn_a9f4b9e2-e9ea-4456-80e3-47fe03b77367_639196375231293356.xml,WDBC,Go South Coast,Go South Coast 1040 Outbound,Swanage - Poole,price_band_5.1@ChildReturn,5.1
WDBC_2762_Outbound_ChildSingle_a9f4b9e2-e9ea-4456-80e3-47fe03b77367_639196387482762843.xml,WDBC,Go South Coast,Go South Coast 2762 Outbound,Keyhaven Road  - Priestlands School,price_band_3.0@ChildSingle,3.0
SVCT_5008_Outbound_AdultSingle_a9f4b9e2-e9ea-4456-80e3-47fe03b77367_639196404101117391.xml,SVCT,Go South Coast,Go South Coast 5008 Outbound,Newport  - Ryde,price_band_3.0@AdultSingle,3.0
BLUS_4024_Inbound_AdultReturn_a9f4b9e2-e9ea-4456-80e3-47fe03b77367_639196402445638378.xml,BLUS,Go South Coast,Go South Coast 4024 Inbound,Eastleigh - Hedge End,price_band_6.0@AdultReturn,6.0
WDBC_2024_Outbound_ChildSingle_a9f4b9e2-e9ea-4456-80e3-47fe03b77367_639196386250426749.xml,WDBC,Go South Coast,Go South Coast 2024 Outbound,Castlepoint - Christchurch,price_band_2.2@ChildSingle,2.2
SWWD_3102_Inbound_ChildReturn_a9f4b9e2-e9ea-4456-80e3-47fe03b77367_639196392142959391.xml,SWWD,Go South Coast,Go South Coast 3102 Inbound,Salisbury - Devizes,price_band_3.6@ChildReturn,3.6
SWWD_3405_Inbound_AdultReturn_a9f4b9e2-e9ea-4456-80e3-47fe03b77367_639196396518445505.xml,SWWD,Go South Coast,Go South Coast 3405 Inbound,Salisbury - Pewsey,price_band_4.9@AdultReturn,4.9
WDBC_2906_Inbound_ChildSingle_2f1f0c04-770d-4707-ab06-213c5a798ad7_639196388010827258.xml,WDBC,Go South Coast,Go South Coast 2906 Inbound,Poole - Ringwood,price_band_2.2@ChildSingle,2.2
TDTR_3620_Outbound_AdultSingle_a9f4b9e2-e9ea-4456-80e3-47fe03b77367_639196399619448040.xml,TDTR,Go South Coast,Go South Coast 3620 Outbound,Hungerford Priory  - St Johns Sch,price_band_2.6@AdultSingle,2.6
WDBC_6715_Inbound_ChildSingle_a9f4b9e2-e9ea-4456-80e3-47fe03b77367_639196407366245853.xml,WDBC,Go South Coast,Go South Coast 6715 Inbound,Verwood - QE School,price_band_3.5@ChildSingle,3.5
WDBC_6419_Inbound_ChildSingle_a9f4b9e2-e9ea-4456-80e3-47fe03b77367_639196406796721247.xml,WDBC,Go South Coast,Go South Coast 6419 Inbound,Compton Avenue - Poole Grammar,price_band_3.1@ChildSingle,3.1
SWWD_3885_Outbound_ChildReturn_a9f4b9e2-e9ea-4456-80e3-47fe03b77367_639196400840543507.xml,SWWD,Go South Coast,Go South Coast 3885 Outbound,Whaddon - Burgate School,price_band_4.0@ChildReturn,4.0
WDBC_2604_Outbound_AdultReturn_a9f4b9e2-e9ea-4456-80e3-47fe03b77367_639196386990506976.xml,WDBC,Go South Coast,Go South Coast 2604 Outbound,Langley Farm - Brockenhurst College,price_band_7.9@AdultReturn,7.9
TDTR_3620_Inbound_YoungPersonSgl_a9f4b9e2-e9ea-4456-80e3-47fe03b77367_639196399608178223.xml,TDTR,Go South Coast,Go South Coast 3620 Inbound,Hungerford Priory  - St Johns Sch,price_band_2.4@YoungPersonSgl,2.4
SWWD_3407_Inbound_ChildReturn_a9f4b9e2-e9ea-4456-80e3-47fe03b77367_639196397082357240.xml,SWWD,Go South Coast,Go South Coast 3407 Inbound,Salisbury - Southampton,price_band_2.5@ChildReturn,2.5
SWWD_3102_Outbound_ChildReturn_a9f4b9e2-e9ea-4456-80e3-47fe03b77367_639196392294832997.xml,SWWD,Go South Coast,Go South Coast 3102 Outbound,Salisbury - Devizes,price_band_3.8@ChildReturn,3.8
SWWD_3325_Inbound_ChildReturn_a9f4b9e2-e9ea-4456-80e3-47fe03b77367_639196394859392639.xml,SWWD,Go South Coast,Go South Coast 3325 Inbound,South Wilts Grammar School - Hindon,price_band_5.1@ChildReturn,5.1
WDBC_1804_Outbound_ChildSingle_a9f4b9e2-e9ea-4456-80e3-47fe03b77367_639196379717671390.xml,WDBC,Go South Coast,Go South Coast 1804 Outbound,Bournemouth - Castlepoint,price_band_2.3@ChildSingle,2.3
WDBC_2176_Outbound_AdultSingle_a9f4b9e2-e9ea-4456-80e3-47fe03b77367_639196386573414742.xml,WDBC,Go South Coast,Go South Coast 2176 Outbound,Christchurch - Ringwood,price_band_2.3@AdultSingle,2.3
SWWD_3525_Inbound_ChildReturn_a9f4b9e2-e9ea-4456-80e3-47fe03b77367_639196399501053497.xml,SWWD,Go South Coast,Go South Coast 3525 Inbound,City Centre - Petersfinger Park & Ride,price_band_5.6@ChildReturn,5.6
SWWD_3457_Outbound_ChildReturn_a9f4b9e2-e9ea-4456-80e3-47fe03b77367_639196398318067462.xml,SWWD,Go South Coast,Go South Coast 3457 Outbound,Salisbury - Southampton,price_band_3.8@ChildReturn,3.8
TDTR_7176_Inbound_YoungPersonRtn_a9f4b9e2-e9ea-4456-80e3-47fe03b77367_639196409343005529.xml,TDTR,Go South Coast,Go South Coast 7176 Inbound,Calne - Bath,price_band_3.9@YoungPersonRtn,3.9
WDBC_3882_Outbound_ChildSingle_a9f4b9e2-e9ea-4456-80e3-47fe03b77367_639196400658406968.xml,WDBC,Go South Coast,Go South Coast 3882 Outbound,Stratford Road Grammar School - Burgate School,price_band_2.4@ChildSingle,2.4
SWWD_3451_Outbound_AdultReturn_a9f4b9e2-e9ea-4456-80e3-47fe03b77367_639196397896872194.xml,SWWD,Go South Coast,Go South Coast 3451 Outbound,Salisbury - Sling - Larkhill,price_band_4.9@AdultReturn,4.9
TDTR_7015_Inbound_YoungPersonSgl_a9f4b9e2-e9ea-4456-80e3-47fe03b77367_639196408206539734.xml,TDTR,Go South Coast,Go South Coast 7015 Inbound,Haydon Wick - Bus Station,price_band_1.8@YoungPersonSgl,1.8
SWWD_3651_Outbound_AdultSingle_a9f4b9e2-e9ea-4456-80e3-47fe03b77367_639196399999646061.xml,SWWD,Go South Coast,Go South Coast 3651 Outbound,Avon Valley College - Sling,price_band_2.4@AdultSingle,2.4
BLUS_4815_Outbound_AdultReturn_a9f4b9e2-e9ea-4456-80e3-47fe03b77367_639196403538361956.xml,BLUS,Go South Coast,Go South Coast 4815 Outbound,Boyatt Wood - Eastleigh,price_band_4.9@AdultReturn,4.9
WDBC_2776_Inbound_AdultReturn_a9f4b9e2-e9ea-4456-80e3-47fe03b77367_639196387510719282.xml,WDBC,Go South Coast,Go South Coast 2776 Inbound,Lyndhurst - Priestlands School,price_band_6.0@AdultReturn,6.0
SWWD_7201_Inbound_ChildReturn_a9f4b9e2-e9ea-4456-80e3-47fe03b77367_639196409634398062.xml,SWWD,Go South Coast,Go South Coast 7201 Inbound,Figheldean - Salisbury,price_band_4.6@ChildReturn,4.6
UNIL_4721_Outbound_ChildSingle_a9f4b9e2-e9ea-4456-80e3-47fe03b77367_639196403290886390.xml,UNIL,Go South Coast,Go South Coast 4721 Outbound,NOCS - Eastleigh,price_band_2.0@ChildSingle,2.0
SWWD_7086_Inbound_AdultReturn_a9f4b9e2-e9ea-4456-80e3-47fe03b77367_639196408875917253.xml,SWWD,Go South Coast,Go South Coast 7086 Inbound,Ansty - Shaftesbury,price_band_6.0@AdultReturn,6.0
WDBC_6448_Inbound_AdultReturn_a9f4b9e2-e9ea-4456-80e3-47fe03b77367_639196406841589346.xml,WDBC,Go South Coast,Go South Coast 6448 Inbound,Furnell Road - Parkstone Grammar,price_band_4.5@AdultReturn,4.5
WDBC_1903_Inbound_ChildSingle_d46597a9-440e-4c13-b49a-76a3986683d1_639196383271165900.xml,WDBC,Go South Coast,Go South Coast 1903 Inbound,Poole - Wimborne,price_band_1.0@ChildSingle,1.0
WDBC_1644_Inbound_AdultSingle_a9f4b9e2-e9ea-4456-80e3-47fe03b77367_639196378933615908.xml,WDBC,Go South Coast,Go South Coast 1644 Inbound,Westbourne - Talbot Campus,price_band_2.5@AdultSingle,2.5
WDBC_1811_Inbound_ChildSingle_a9f4b9e2-e9ea-4456-80e3-47fe03b77367_639196380022763608.xml,WDBC,Go South Coast,Go South Coast 1811 Inbound,Bournemouth - Somerford,price_band_2.1@ChildSingle,2.1
WDBC_1053_Outbound_AdultReturn_a9f4b9e2-e9ea-4456-80e3-47fe03b77367_639196376245552313.xml,WDBC,Go South Coast,Go South Coast 1053 Outbound,Bournemouth - Wimborne,price_band_4.8@AdultReturn,4.8
SWWD_3126_Outbound_AdultReturn_a9f4b9e2-e9ea-4456-80e3-47fe03b77367_639196393210383237.xml,SWWD,Go South Coast,Go South Coast 3126 Outbound,Salisbury - Hindon,price_band_5.7@AdultReturn,5.7
WDBC_2761_Outbound_AdultReturn_a9f4b9e2-e9ea-4456-80e3-47fe03b77367_639196387445336314.xml,WDBC,Go South Coast,Go South Coast 2761 Outbound,Bunkers Hill Cottage - Priestlands School,price_band_6.2@AdultReturn,6.2
WDBC_3882_Inbound_ChildSingle_a9f4b9e2-e9ea-4456-80e3-47fe03b77367_639196400635634338.xml,WDBC,Go South Coast,Go South Coast 3882 Inbound,Stratford Road Grammar School - Burgate School,price_band_2.4@ChildSingle,2.4
SWWD_3402_Inbound_AdultReturn_a9f4b9e2-e9ea-4456-80e3-47fe03b77367_639196395826887922.xml,SWWD,Go South Coast,Go South Coast 3402 Inbound,Salisbury - Devizes,price_band_4.2@AdultReturn,4.2
SWWD_3325_Inbound_AdultSingle_a9f4b9e2-e9ea-4456-80e3-47fe03b77367_639196394801223104.xml,SWWD,Go South Coast,Go South Coast 3325 Inbound,South Wilts Grammar School - Hindon,price_band_3.0@AdultSingle,3.0
WDBC_2956_Inbound_AdultSingle_2f1f0c04-770d-4707-ab06-213c5a798ad7_639196389464549393.xml,WDBC,Go South Coast,Go South Coast 2956 Inbound,Ringwood - Bournemouth,price_band_1.0@AdultSingle,1.0
BLUS_4424_Inbound_AdultSingle_eed5e2e8-c472-41af-825e-db09ec887334_639196402880191283.xml,BLUS,Go South Coast,Go South Coast 4424 Inbound,Eastleigh - Hedge End,price_band_1.0@AdultSingle,1.0
WDBC_1021_Outbound_ChildSingle_a9f4b9e2-e9ea-4456-80e3-47fe03b77367_639196374173005308.xml,WDBC,Go South Coast,Go South Coast 1021 Outbound,Bournemouth - High Howe,price_band_2.3@ChildSingle,2.3
WDBC_1011_Inbound_AdultSingle_a9f4b9e2-e9ea-4456-80e3-47fe03b77367_639196370990830787.xml,WDBC,Go South Coast,Go South Coast 1011 Inbound,Bournemouth - Canford Paddock,price_band_3.0@AdultSingle,3.0
WDBC_1951_Inbound_AdultSingle_a9f4b9e2-e9ea-4456-80e3-47fe03b77367_639196384099992419.xml,WDBC,Go South Coast,Go South Coast 1951 Inbound,Bournemouth - Sandbanks,price_band_3.0@AdultSingle,3.0
WDBC_1006_Inbound_AdultSingle_a9f4b9e2-e9ea-4456-80e3-47fe03b77367_639196370715966426.xml,WDBC,Go South Coast,Go South Coast 1006 Inbound,Poole - Tower Park,price_band_3.0@AdultSingle,3.0
BLUS_4424_Outbound_AdultReturn_a9f4b9e2-e9ea-4456-80e3-47fe03b77367_639196402893927340.xml,BLUS,Go South Coast,Go South Coast 4424 Outbound,Eastleigh - Hedge End,price_band_5.7@AdultReturn,5.7
WDBC_2186_Inbound_AdultReturn_a9f4b9e2-e9ea-4456-80e3-47fe03b77367_639196386670547250.xml,WDBC,Go South Coast,Go South Coast 2186 Inbound,Southampton - Lymington,price_band_4.9@AdultReturn,4.9
WDBC_1060_Inbound_AdultSingle_a9f4b9e2-e9ea-4456-80e3-47fe03b77367_639196376779273976.xml,WDBC,Go South Coast,Go South Coast 1060 Inbound,Rockley - Sandbanks,price_band_2.3@AdultSingle,2.3
BLUS_4015_Outbound_AdultSingle_a9f4b9e2-e9ea-4456-80e3-47fe03b77367_639196401943346044.xml,BLUS,Go South Coast,Go South Coast 4015 Outbound,Central Station - Hamble,price_band_3.0@AdultSingle,3.0
WDBC_1762_Outbound_AdultReturn_a9f4b9e2-e9ea-4456-80e3-47fe03b77367_639196379173979700.xml,WDBC,Go South Coast,Go South Coast 1762 Outbound,Merley - Corfe Hills,price_band_6.7@AdultReturn,6.7
WDBC_2953_Outbound_AdultReturn_a9f4b9e2-e9ea-4456-80e3-47fe03b77367_639196388978219889.xml,WDBC,Go South Coast,Go South Coast 2953 Outbound,Salisbury - Ringwood,price_band_3.5@AdultReturn,3.5
WDBC_1038_Inbound_ChildReturn_a9f4b9e2-e9ea-4456-80e3-47fe03b77367_639196374693950538.xml,WDBC,Go South Coast,Go South Coast 1038 Inbound,Ferndown - Ringwood,price_band_6.0@ChildReturn,6.0
WDBC_2112_Inbound_ChildReturn_a9f4b9e2-e9ea-4456-80e3-47fe03b77367_639196386308053625.xml,WDBC,Go South Coast,Go South Coast 2112 Inbound,Hythe - Lymington,price_band_4.1@ChildReturn,4.1
WDBC_6449_Inbound_AdultSingle_a9f4b9e2-e9ea-4456-80e3-47fe03b77367_639196406904386428.xml,WDBC,Go South Coast,Go South Coast 6449 Inbound,St Osmunds - Parkstone Grammar,price_band_2.2@AdultSingle,2.2
WDBC_1013_Inbound_ChildSingle_a9f4b9e2-e9ea-4456-80e3-47fe03b77367_639196371262982949.xml,WDBC,Go South Coast,Go South Coast 1013 Inbound,Bournemouth - Wimborne,price_band_2.8@ChildSingle,2.8
BLUS_3635_Outbound_AdultReturn_a9f4b9e2-e9ea-4456-80e3-47fe03b77367_639196399731120557.xml,BLUS,Go South Coast,Go South Coast 3635 Outbound,Romsey - Ampfield,price_band_4.8@AdultReturn,4.8
BLUS_4002_Inbound_AdultReturn_a9f4b9e2-e9ea-4456-80e3-47fe03b77367_639196401019715181.xml,BLUS,Go South Coast,Go South Coast 4002 Inbound,Southampton - Fair Oak,price_band_6.0@AdultReturn,6.0
WDBC_2761_Outbound_AdultReturn_a9f4b9e2-e9ea-4456-80e3-47fe03b77367_639196387445336314.xml,WDBC,Go South Coast,Go South Coast 2761 Outbound,Bunkers Hill Cottage - Priestlands School,price_band_3.9@AdultReturn,3.9
WDBC_1050_Outbound_ChildSingle_2f1f0c04-770d-4707-ab06-213c5a798ad7_639196375745990312.xml,WDBC,Go South Coast,Go South Coast 1050 Outbound,Bournemouth Station - Swanage,price_band_1.9@ChildSingle,1.9
WDBC_1836_Inbound_ChildReturn_a9f4b9e2-e9ea-4456-80e3-47fe03b77367_639196381789321857.xml,WDBC,Go South Coast,Go South Coast 1836 Inbound,Talbot View - Kinson,price_band_3.4@ChildReturn,3.4
SWWD_3684_Inbound_ChildReturn_a9f4b9e2-e9ea-4456-80e3-47fe03b77367_639196400273843845.xml,SWWD,Go South Coast,Go South Coast 3684 Inbound,Coombe Bissett - Burgate,price_band_4.2@ChildReturn,4.2
WDBC_1038_Inbound_AdultReturn_a9f4b9e2-e9ea-4456-80e3-47fe03b77367_639196374684360430.xml,WDBC,Go South Coast,Go South Coast 1038 Inbound,Ferndown - Ringwood,price_band_5.1@AdultReturn,5.1
BLUS_4004_Inbound_AdultSingle_a9f4b9e2-e9ea-4456-80e3-47fe03b77367_639196401107568054.xml,BLUS,Go South Coast,Go South Coast 4004 Inbound,Southampton - Romsey,price_band_2.6@AdultSingle,2.6
WDBC_6673_Outbound_ChildReturn_a9f4b9e2-e9ea-4456-80e3-47fe03b77367_639196407339461359.xml,WDBC,Go South Coast,Go South Coast 6673 Outbound,Albert Road - Tower Park,price_band_3.2@ChildReturn,3.2
SVCT_5108_Inbound_ChildSingle_a9f4b9e2-e9ea-4456-80e3-47fe03b77367_639196405197904812.xml,SVCT,Go South Coast,Go South Coast 5108 Inbound,Ryde  - Newport,price_band_2.4@ChildSingle,2.4
WDBC_1038_Outbound_ChildReturn_a9f4b9e2-e9ea-4456-80e3-47fe03b77367_639196374712380593.xml,WDBC,Go South Coast,Go South Coast 1038 Outbound,Ferndown - Ringwood,price_band_3.1@ChildReturn,3.1
WDBC_1643_Inbound_UniIDSingle_2f1f0c04-770d-4707-ab06-213c5a798ad7_639196378880321516.xml,WDBC,Go South Coast,Go South Coast 1643 Inbound,Fishermans Walk - Talbot Campus,price_band_1.0@UniIDSingle,1.0
TDTR_7893_Inbound_AdultSingle_a9f4b9e2-e9ea-4456-80e3-47fe03b77367_639196410216907774.xml,TDTR,Go South Coast,Go South Coast 7893 Inbound,St Andrews Ridge - Warneford School,price_band_3.3@AdultSingle,3.3
TDTR_7042_Outbound_ChildReturn_a9f4b9e2-e9ea-4456-80e3-47fe03b77367_639196408348218188.xml,TDTR,Go South Coast,Go South Coast 7042 Outbound,Calne - St John's School,price_band_2.2@ChildReturn,2.2
SVCT_8511_Inbound_ChildSingle_a9f4b9e2-e9ea-4456-80e3-47fe03b77367_639196410803534184.xml,SVCT,Go South Coast,Go South Coast 8511 Inbound,Island Coaster - East,price_band_4.2@ChildSingle,4.2
SVCT_5262_Inbound_AdultSingle_a9f4b9e2-e9ea-4456-80e3-47fe03b77367_639196405604231288.xml,SVCT,Go South Coast,Go South Coast 5262 Inbound,Newport - Sandown,price_band_3.0@AdultSingle,3.0
WDBC_1001_Outbound_AdultSingle_a9f4b9e2-e9ea-4456-80e3-47fe03b77367_639196369460255754.xml,WDBC,Go South Coast,Go South Coast 1001 Outbound,Poole - Bournemouth Hospital,price_band_2.6@AdultSingle,2.6
WDBC_2024_Outbound_AdultReturn_a9f4b9e2-e9ea-4456-80e3-47fe03b77367_639196386245091584.xml,WDBC,Go South Coast,Go South Coast 2024 Outbound,Castlepoint - Christchurch,price_band_4.5@AdultReturn,4.5
SWWD_3012_Inbound_AdultSingle_a9f4b9e2-e9ea-4456-80e3-47fe03b77367_639196391232361075.xml,SWWD,Go South Coast,Go South Coast 3012 Inbound,Salisbury - Stratford,price_band_3.0@AdultSingle,3.0
WDBC_1887_Outbound_AdultSingle_a9f4b9e2-e9ea-4456-80e3-47fe03b77367_639196383101132991.xml,WDBC,Go South Coast,Go South Coast 1887 Outbound,Charminster - St Peters School,price_band_3.4@AdultSingle,3.4
WDBC_6673_Outbound_AdultSingle_a9f4b9e2-e9ea-4456-80e3-47fe03b77367_639196407302650768.xml,WDBC,Go South Coast,Go South Coast 6673 Outbound,Albert Road - Tower Park,price_band_2.8@AdultSingle,2.8
TDTR_7042_Inbound_AdultReturn_a9f4b9e2-e9ea-4456-80e3-47fe03b77367_639196408316008683.xml,TDTR,Go South Coast,Go South Coast 7042 Inbound,Calne - St John's School,price_band_3.0@AdultReturn,3.0
WDBC_1170_Outbound_ChildSingle_2f1f0c04-770d-4707-ab06-213c5a798ad7_639196378646261013.xml,WDBC,Go South Coast,Go South Coast 1170 Outbound,Rockley Park - Hengistbury Head,price_band_1.0@ChildSingle,1.0
WDBC_1006_Outbound_AdultSingle_2f1f0c04-770d-4707-ab06-213c5a798ad7_639196370850147751.xml,WDBC,Go South Coast,Go South Coast 1006 Outbound,Poole - Tower Park,price_band_1.0@AdultSingle,1.0
BLUS_4815_Outbound_AdultSingle_f15d1b06-486f-433a-8991-95f1a97a87e0_639196403555912971.xml,BLUS,Go South Coast,Go South Coast 4815 Outbound,Boyatt Wood - Eastleigh,price_band_1.0@AdultSingle,1.0
WDBC_1035_Outbound_AdultReturn_a9f4b9e2-e9ea-4456-80e3-47fe03b77367_639196374657278579.xml,WDBC,Go South Coast,Go South Coast 1035 Outbound,Swanage - Wareham,price_band_5.1@AdultReturn,5.1
WDBC_1643_Outbound_AdultSingle_2f1f0c04-770d-4707-ab06-213c5a798ad7_639196378920344780.xml,WDBC,Go South Coast,Go South Coast 1643 Outbound,Fishermans Walk - Talbot Campus,price_band_1.0@AdultSingle,1.0
WDBC_2761_Inbound_ChildReturn_a9f4b9e2-e9ea-4456-80e3-47fe03b77367_639196387438273023.xml,WDBC,Go South Coast,Go South Coast 2761 Inbound,Bunkers Hill Cottage - Priestlands School,price_band_3.7@ChildReturn,3.7
BLUS_4015_Inbound_ChildSingle_eed5e2e8-c472-41af-825e-db09ec887334_639196401939646544.xml,BLUS,Go South Coast,Go South Coast 4015 Inbound,Central Station - Hamble,price_band_1.0@ChildSingle,1.0
SWWD_3266_Outbound_AdultReturn_a9f4b9e2-e9ea-4456-80e3-47fe03b77367_639196394203616363.xml,SWWD,Go South Coast,Go South Coast 3266 Outbound,South Wilts Grammar School - Idmiston,price_band_4.2@AdultReturn,4.2
WDBC_1831_Outbound_ChildReturn_a9f4b9e2-e9ea-4456-80e3-47fe03b77367_639196381356634629.xml,WDBC,Go South Coast,Go South Coast 1831 Outbound,Bournemouth - Hunt Road and Somerford,price_band_3.1@ChildReturn,3.1
WDBC_2176_Inbound_ChildReturn_a9f4b9e2-e9ea-4456-80e3-47fe03b77367_639196386527099334.xml,WDBC,Go South Coast,Go South Coast 2176 Inbound,Christchurch - Ringwood,price_band_5.6@ChildReturn,5.6
WDBC_6416_Inbound_ChildSingle_a9f4b9e2-e9ea-4456-80e3-47fe03b77367_639196406622564929.xml,WDBC,Go South Coast,Go South Coast 6416 Inbound,Penn Hill Avenue  - Poole Grammar School,price_band_1.7@ChildSingle,1.7
BLUS_4805_Inbound_ChildSingle_a9f4b9e2-e9ea-4456-80e3-47fe03b77367_639196403379160465.xml,BLUS,Go South Coast,Go South Coast 4805 Inbound,Boyatt Wood - Shootash,price_band_2.9@ChildSingle,2.9
WDBC_1837_Outbound_AdultReturn_a9f4b9e2-e9ea-4456-80e3-47fe03b77367_639196381925967925.xml,WDBC,Go South Coast,Go South Coast 1837 Outbound,Bournemouth - Bournemouth International Airport,price_band_4.8@AdultReturn,4.8
WDBC_1050_Outbound_AdultSingle_2f1f0c04-770d-4707-ab06-213c5a798ad7_639196375715920407.xml,WDBC,Go South Coast,Go South Coast 1050 Outbound,Bournemouth Station - Swanage,price_band_2.3@AdultSingle,2.3
WDBC_1741_Outbound_AdultReturn_a9f4b9e2-e9ea-4456-80e3-47fe03b77367_639196379066970173.xml,WDBC,Go South Coast,Go South Coast 1741 Outbound,Sandbanks Ferry - Parkstone Grammar School,price_band_5.8@AdultReturn,5.8
SWWD_3002_Inbound_AdultReturn_a9f4b9e2-e9ea-4456-80e3-47fe03b77367_639196390155406939.xml,SWWD,Go South Coast,Go South Coast 3002 Inbound,Salisbury - Devizes,price_band_6.0@AdultReturn,6.0
WDBC_1053_Outbound_AdultSingle_a9f4b9e2-e9ea-4456-80e3-47fe03b77367_639196376305645321.xml,WDBC,Go South Coast,Go South Coast 1053 Outbound,Bournemouth - Wimborne,price_band_2.6@AdultSingle,2.6
WDBC_3882_Outbound_ChildReturn_a9f4b9e2-e9ea-4456-80e3-47fe03b77367_639196400664305477.xml,WDBC,Go South Coast,Go South Coast 3882 Outbound,Stratford Road Grammar School - Burgate School,price_band_6.0@ChildReturn,6.0
SWWD_3407_Outbound_ChildSingle_f15d1b06-486f-433a-8991-95f1a97a87e0_639196397730711306.xml,SWWD,Go South Coast,Go South Coast 3407 Outbound,Salisbury - Southampton,price_band_2.5@ChildSingle,2.5
WDBC_3882_Outbound_ChildSingle_a9f4b9e2-e9ea-4456-80e3-47fe03b77367_639196400658406968.xml,WDBC,Go South Coast,Go South Coast 3882 Outbound,Stratford Road Grammar School - Burgate School,price_band_2.9@ChildSingle,2.9
UNIL_4712_Inbound_AdultSingle_f15d1b06-486f-433a-8991-95f1a97a87e0_639196403210259101.xml,UNIL,Go South Coast,Go South Coast 4712 Inbound,Bassett Green - Mayflower Halls,price_band_1.0@AdultSingle,1.0
WDBC_1837_Outbound_AdultSingle_a9f4b9e2-e9ea-4456-80e3-47fe03b77367_639196381915789362.xml,WDBC,Go South Coast,Go South Coast 1837 Outbound,Bournemouth - Bournemouth International Airport,price_band_2.3@AdultSingle,2.3
DAMY_6920_Outbound_ChildSingle_a9f4b9e2-e9ea-4456-80e3-47fe03b77367_639196407806502366.xml,DAMY,Go South Coast,Go South Coast 6920 Outbound,Salisbury - Steam Fair,price_band_2.3@ChildSingle,2.3
SWWD_3405_Inbound_AdultSingle_a9f4b9e2-e9ea-4456-80e3-47fe03b77367_639196396496890437.xml,SWWD,Go South Coast,Go South Coast 3405 Inbound,Salisbury - Pewsey,price_band_2.3@AdultSingle,2.3
SWWD_3885_Inbound_ChildReturn_a9f4b9e2-e9ea-4456-80e3-47fe03b77367_639196400773713449.xml,SWWD,Go South Coast,Go South Coast 3885 Inbound,Whaddon - Burgate School,price_band_5.2@ChildReturn,5.2
WDBC_8259_Outbound_AdultSingle_a9f4b9e2-e9ea-4456-80e3-47fe03b77367_639196410361764361.xml,WDBC,Go South Coast,Go South Coast 8259 Outbound,Brockenhurst - New Milton BLUE,price_band_4.0@AdultSingle,4.0
WDBC_2003_Outbound_AdultSingle_d46597a9-440e-4c13-b49a-76a3986683d1_639196386156272372.xml,WDBC,Go South Coast,Go South Coast 2003 Outbound,Salisbury - Bournemouth,price_band_1.0@AdultSingle,1.0
SVCT_5022_Inbound_ChildSingle_a9f4b9e2-e9ea-4456-80e3-47fe03b77367_639196404294179463.xml,SVCT,Go South Coast,Go South Coast 5022 Inbound,Shanklin - Community Route 22,price_band_1.8@ChildSingle,1.8
TDTR_7048_Inbound_AdultReturn_a9f4b9e2-e9ea-4456-80e3-47fe03b77367_639196408478077017.xml,TDTR,Go South Coast,Go South Coast 7048 Inbound,Swindon - Marlborough,price_band_4.1@AdultReturn,4.1
WDBC_1903_Outbound_ChildSingle_2f1f0c04-770d-4707-ab06-213c5a798ad7_639196383394568640.xml,WDBC,Go South Coast,Go South Coast 1903 Outbound,Poole - Wimborne,price_band_2.8@ChildSingle,2.8
BLUS_4002_Inbound_AdultReturn_a9f4b9e2-e9ea-4456-80e3-47fe03b77367_639196401019715181.xml,BLUS,Go South Coast,Go South Coast 4002 Inbound,Southampton - Fair Oak,price_band_4.9@AdultReturn,4.9
SWWD_3327_Outbound_ChildSingle_a9f4b9e2-e9ea-4456-80e3-47fe03b77367_639196395609603542.xml,SWWD,Go South Coast,Go South Coast 3327 Outbound,Salisbury - Shaftesbury,price_band_2.7@ChildSingle,2.7
SVCT_5189_Inbound_YoungAdSingle_a9f4b9e2-e9ea-4456-80e3-47fe03b77367_639196405539359467.xml,SVCT,Go South Coast,Go South Coast 5189 Inbound,Ryde  - Newport,price_band_2.4@YoungAdSingle,2.4
WDBC_1908_Outbound_ChildReturn_a9f4b9e2-e9ea-4456-80e3-47fe03b77367_639196383483420945.xml,WDBC,Go South Coast,Go South Coast 1908 Outbound,Poole - Blandford,price_band_3.7@ChildReturn,3.7
SWWD_7201_Outbound_ChildSingle_a9f4b9e2-e9ea-4456-80e3-47fe03b77367_639196409668297115.xml,SWWD,Go South Coast,Go South Coast 7201 Outbound,Figheldean - Salisbury,price_band_1.5@ChildSingle,1.5
DAMY_6487_Inbound_ChildSingle_a9f4b9e2-e9ea-4456-80e3-47fe03b77367_639196407108213280.xml,DAMY,Go South Coast,Go South Coast 6487 Inbound,Blandford - Dorchester,price_band_2.3@ChildSingle,2.3
WDBC_1644_Inbound_UniIDSingle_2f1f0c04-770d-4707-ab06-213c5a798ad7_639196378944441251.xml,WDBC,Go South Coast,Go South Coast 1644 Inbound,Westbourne - Talbot Campus,price_band_1.0@UniIDSingle,1.0
BLUS_4028_Outbound_AdultSingle_eed5e2e8-c472-41af-825e-db09ec887334_639196402573192000.xml,BLUS,Go South Coast,Go South Coast 4028 Outbound,Southampton - Southampton Science Park,price_band_1.0@AdultSingle,1.0
WDBC_1951_Inbound_ChildSingle_a9f4b9e2-e9ea-4456-80e3-47fe03b77367_639196384120568027.xml,WDBC,Go South Coast,Go South Coast 1951 Inbound,Bournemouth - Sandbanks,price_band_3.0@ChildSingle,3.0
WDBC_6047_Inbound_ChildReturn_a9f4b9e2-e9ea-4456-80e3-47fe03b77367_639196406336174687.xml,WDBC,Go South Coast,Go South Coast 6047 Inbound,Ringwood Road - Parkstone Grammar School,price_band_3.1@ChildReturn,3.1
BLUS_4005_Inbound_AdultSingle_eed5e2e8-c472-41af-825e-db09ec887334_639196401217396500.xml,BLUS,Go South Coast,Go South Coast 4005 Inbound,Boyatt Wood - Romsey,price_band_1.0@AdultSingle,1.0
SWWD_3457_Outbound_AdultReturn_a9f4b9e2-e9ea-4456-80e3-47fe03b77367_639196398219453971.xml,SWWD,Go South Coast,Go South Coast 3457 Outbound,Salisbury - Southampton,price_band_5.8@AdultReturn,5.8
WDBC_1841_Inbound_AdultSingle_a9f4b9e2-e9ea-4456-80e3-47fe03b77367_639196381980968349.xml,WDBC,Go South Coast,Go South Coast 1841 Inbound,Bournemouth - Mudeford and Somerford,price_band_2.3@AdultSingle,2.3
WDBC_8229_Outbound_ChildSingle_a9f4b9e2-e9ea-4456-80e3-47fe03b77367_639196410352701130.xml,WDBC,Go South Coast,Go South Coast 8229 Outbound,Lyndhurst - Ringwood RED,price_band_3.3@ChildSingle,3.3
WDBC_1908_Outbound_ChildSingle_a9f4b9e2-e9ea-4456-80e3-47fe03b77367_639196383478287392.xml,WDBC,Go South Coast,Go South Coast 1908 Outbound,Poole - Blandford,price_band_2.5@ChildSingle,2.5
SWWD_3126_Inbound_ChildSingle_a9f4b9e2-e9ea-4456-80e3-47fe03b77367_639196393128381437.xml,SWWD,Go South Coast,Go South Coast 3126 Inbound,Salisbury - Hindon,price_band_2.5@ChildSingle,2.5
SWWD_3885_Outbound_AdultReturn_a9f4b9e2-e9ea-4456-80e3-47fe03b77367_639196400807148431.xml,SWWD,Go South Coast,Go South Coast 3885 Outbound,Whaddon - Burgate School,price_band_5.7@AdultReturn,5.7
SWWD_3645_Outbound_AdultReturn_a9f4b9e2-e9ea-4456-80e3-47fe03b77367_639196399873235960.xml,SWWD,Go South Coast,Go South Coast 3645 Outbound,Stratford Road Grammar School - Hamptworth Cuckoo,price_band_4.5@AdultReturn,4.5
DAMY_6787_Outbound_ChildReturn_a9f4b9e2-e9ea-4456-80e3-47fe03b77367_639196407418381318.xml,DAMY,Go South Coast,Go South Coast 6787 Outbound,Winfrith Newburgh - Purbeck School,price_band_6.9@ChildReturn,6.9
SWWD_3402_Inbound_AdultSingle_a9f4b9e2-e9ea-4456-80e3-47fe03b77367_639196395891494140.xml,SWWD,Go South Coast,Go South Coast 3402 Inbound,Salisbury - Devizes,price_band_3.0@AdultSingle,3.0
WDBC_1054_Outbound_ChildReturn_a9f4b9e2-e9ea-4456-80e3-47fe03b77367_639196376649545363.xml,WDBC,Go South Coast,Go South Coast 1054 Outbound,Poole - Wimborne,price_band_3.4@ChildReturn,3.4
WDBC_1053_Inbound_AdultReturn_a9f4b9e2-e9ea-4456-80e3-47fe03b77367_639196376027572776.xml,WDBC,Go South Coast,Go South Coast 1053 Inbound,Bournemouth - Wimborne,price_band_5.7@AdultReturn,5.7
SWWD_3266_Inbound_AdultSingle_a9f4b9e2-e9ea-4456-80e3-47fe03b77367_639196394132682634.xml,SWWD,Go South Coast,Go South Coast 3266 Inbound,South Wilts Grammar School - Idmiston,price_band_2.3@AdultSingle,2.3
WDBC_1003_Outbound_ChildSingle_d46597a9-440e-4c13-b49a-76a3986683d1_639196370492659200.xml,WDBC,Go South Coast,Go South Coast 1003 Outbound,Poole - Wimborne,price_band_1.9@ChildSingle,1.9
TDTR_7146_Outbound_ChildSingle_a9f4b9e2-e9ea-4456-80e3-47fe03b77367_639196409087562810.xml,TDTR,Go South Coast,Go South Coast 7146 Outbound,Swindon - Hungerford,price_band_2.4@ChildSingle,2.4
BLUS_4023_Outbound_AdultSingle_eed5e2e8-c472-41af-825e-db09ec887334_639196402435829588.xml,BLUS,Go South Coast,Go South Coast 4023 Outbound,Eastleigh - Velmore,price_band_1.0@AdultSingle,1.0
WDBC_6671_Outbound_ChildSingle_a9f4b9e2-e9ea-4456-80e3-47fe03b77367_639196407255551212.xml,WDBC,Go South Coast,Go South Coast 6671 Outbound,Albert Road - Alderney West,price_band_2.2@ChildSingle,2.2
BLUS_8461_Outbound_ChildSingle_a9f4b9e2-e9ea-4456-80e3-47fe03b77367_639196410556704929.xml,BLUS,Go South Coast,Go South Coast 8461 Outbound,Bevois Valley - Nursling Ind. Estate,price_band_2.1@ChildSingle,2.1
WDBC_6943_Inbound_AdultReturn_a9f4b9e2-e9ea-4456-80e3-47fe03b77367_639196407951881567.xml,WDBC,Go South Coast,Go South Coast 6943 Inbound,Lulworth - Weymouth,price_band_3.7@AdultReturn,3.7
TDTR_7146_Outbound_AdultSingle_a9f4b9e2-e9ea-4456-80e3-47fe03b77367_639196409066386614.xml,TDTR,Go South Coast,Go South Coast 7146 Outbound,Swindon - Hungerford,price_band_2.2@AdultSingle,2.2
SWWD_3519_Outbound_AdultReturn_a9f4b9e2-e9ea-4456-80e3-47fe03b77367_639196399445824791.xml,SWWD,Go South Coast,Go South Coast 3519 Outbound,Milford Street - New Canal,price_band_3.5@AdultReturn,3.5
DAMY_6020_Inbound_ChildReturn_a9f4b9e2-e9ea-4456-80e3-47fe03b77367_639196406048919444.xml,DAMY,Go South Coast,Go South Coast 6020 Inbound,Salisbury - Blandford,price_band_6.0@ChildReturn,6.0
WDBC_1114_Outbound_ChildSingle_a9f4b9e2-e9ea-4456-80e3-47fe03b77367_639196377897167239.xml,WDBC,Go South Coast,Go South Coast 1114 Outbound,Poole - RB Hospital,price_band_2.3@ChildSingle,2.3
WDBC_2956_Inbound_AdultSingle_d46597a9-440e-4c13-b49a-76a3986683d1_639196389508353628.xml,WDBC,Go South Coast,Go South Coast 2956 Inbound,Ringwood - Bournemouth,price_band_1.0@AdultSingle,1.0
WDBC_1741_Inbound_AdultReturn_a9f4b9e2-e9ea-4456-80e3-47fe03b77367_639196379035050717.xml,WDBC,Go South Coast,Go South Coast 1741 Inbound,Sandbanks Ferry - Parkstone Grammar School,price_band_3.8@AdultReturn,3.8
SWWD_7201_Inbound_AdultReturn_a9f4b9e2-e9ea-4456-80e3-47fe03b77367_639196409611567721.xml,SWWD,Go South Coast,Go South Coast 7201 Inbound,Figheldean - Salisbury,price_band_6.0@AdultReturn,6.0
WDBC_1908_Outbound_AdultSingle_d46597a9-440e-4c13-b49a-76a3986683d1_639196383494647937.xml,WDBC,Go South Coast,Go South Coast 1908 Outbound,Poole - Blandford,price_band_1.0@AdultSingle,1.0
WDBC_6043_Inbound_ChildReturn_a9f4b9e2-e9ea-4456-80e3-47fe03b77367_639196406244960901.xml,WDBC,Go South Coast,Go South Coast 6043 Inbound,County Gates - Parkstone Grammar School,price_band_5.2@ChildReturn,5.2
WDBC_1804_Inbound_AdultSingle_d46597a9-440e-4c13-b49a-76a3986683d1_639196379687932924.xml,WDBC,Go South Coast,Go South Coast 1804 Inbound,Bournemouth - Castlepoint,price_band_1.0@AdultSingle,1.0
WDBC_1804_Inbound_ChildSingle_a9f4b9e2-e9ea-4456-80e3-47fe03b77367_639196379669897960.xml,WDBC,Go South Coast,Go South Coast 1804 Inbound,Bournemouth - Castlepoint,price_band_2.2@ChildSingle,2.2
BLUS_4503_Outbound_AdultReturn_a9f4b9e2-e9ea-4456-80e3-47fe03b77367_639196402966391270.xml,BLUS,Go South Coast,Go South Coast 4503 Outbound,Valley Park - Thornden,price_band_4.5@AdultReturn,4.5
TDTR_7154_Inbound_AdultSingle_a9f4b9e2-e9ea-4456-80e3-47fe03b77367_639196409258567980.xml,TDTR,Go South Coast,Go South Coast 7154 Inbound,Ramleaze (Orkney Close) - Ridgeway School,price_band_3.1@AdultSingle,3.1
WDBC_2186_Outbound_ChildSingle_a9f4b9e2-e9ea-4456-80e3-47fe03b77367_639196386819927165.xml,WDBC,Go South Coast,Go South Coast 2186 Outbound,Southampton - Lymington,price_band_2.5@ChildSingle,2.5
WDBC_2002_Inbound_ChildSingle_2f1f0c04-770d-4707-ab06-213c5a798ad7_639196385280654281.xml,WDBC,Go South Coast,Go South Coast 2002 Inbound,Bournemouth - Lymington,price_band_1.0@ChildSingle,1.0
WDBC_1951_Inbound_AdultSingle_d46597a9-440e-4c13-b49a-76a3986683d1_639196384142334893.xml,WDBC,Go South Coast,Go South Coast 1951 Inbound,Bournemouth - Sandbanks,price_band_1.0@AdultSingle,1.0
SWWD_3885_Inbound_AdultReturn_a9f4b9e2-e9ea-4456-80e3-47fe03b77367_639196400739582598.xml,SWWD,Go South Coast,Go South Coast 3885 Inbound,Whaddon - Burgate School,price_band_3.8@AdultReturn,3.8
SWWD_3978_Outbound_ChildReturn_a9f4b9e2-e9ea-4456-80e3-47fe03b77367_639196400935370174.xml,SWWD,Go South Coast,Go South Coast 3978 Outbound,Victoria Park - Laverstock Schools,price_band_3.6@ChildReturn,3.6
WDBC_1806_Inbound_AdultSingle_d46597a9-440e-4c13-b49a-76a3986683d1_639196379905713674.xml,WDBC,Go South Coast,Go South Coast 1806 Inbound,Bournemouth - Wimborne,price_band_3.0@AdultSingle,3.0
TDTR_7146_Inbound_AdultSingle_a9f4b9e2-e9ea-4456-80e3-47fe03b77367_639196409009778914.xml,TDTR,Go South Coast,Go South Coast 7146 Inbound,Swindon - Hungerford,price_band_2.6@AdultSingle,2.6
WDBC_1841_Outbound_ChildReturn_a9f4b9e2-e9ea-4456-80e3-47fe03b77367_639196382205951328.xml,WDBC,Go South Coast,Go South Coast 1841 Outbound,Bournemouth - Mudeford and Somerford,price_band_3.1@ChildReturn,3.1
SWWD_3525_Inbound_AdultReturn_a9f4b9e2-e9ea-4456-80e3-47fe03b77367_639196399487608567.xml,SWWD,Go South Coast,Go South Coast 3525 Inbound,City Centre - Petersfinger Park & Ride,price_band_5.8@AdultReturn,5.8
WDBC_1021_Inbound_AdultSingle_a9f4b9e2-e9ea-4456-80e3-47fe03b77367_639196374044867753.xml,WDBC,Go South Coast,Go South Coast 1021 Inbound,Bournemouth - High Howe,price_band_2.3@AdultSingle,2.3
WDBC_1040_Inbound_ChildReturn_a9f4b9e2-e9ea-4456-80e3-47fe03b77367_639196374887739308.xml,WDBC,Go South Coast,Go South Coast 1040 Inbound,Swanage - Poole,price_band_4.6@ChildReturn,4.6
TDTR_7048_Outbound_ChildReturn_a9f4b9e2-e9ea-4456-80e3-47fe03b77367_639196408550634722.xml,TDTR,Go South Coast,Go South Coast 7048 Outbound,Swindon - Marlborough,price_band_3.0@ChildReturn,3.0
DAMY_3183_Outbound_ChildReturn_a9f4b9e2-e9ea-4456-80e3-47fe03b77367_639196393946141695.xml,DAMY,Go South Coast,Go South Coast 3183 Outbound,Blandford - Weymouth,price_band_4.1@ChildReturn,4.1
WDBC_1741_Outbound_ChildSingle_a9f4b9e2-e9ea-4456-80e3-47fe03b77367_639196379093690645.xml,WDBC,Go South Coast,Go South Coast 1741 Outbound,Sandbanks Ferry - Parkstone Grammar School,price_band_2.2@ChildSingle,2.2
WDBC_1644_Outbound_AdultSingle_a9f4b9e2-e9ea-4456-80e3-47fe03b77367_639196378961933065.xml,WDBC,Go South Coast,Go South Coast 1644 Outbound,Westbourne - Talbot Campus,price_band_2.4@AdultSingle,2.4
WDBC_6943_Inbound_AdultReturn_a9f4b9e2-e9ea-4456-80e3-47fe03b77367_639196407951881567.xml,WDBC,Go South Coast,Go South Coast 6943 Inbound,Lulworth - Weymouth,price_band_4.2@AdultReturn,4.2
WDBC_6415_Outbound_AdultReturn_a9f4b9e2-e9ea-4456-80e3-47fe03b77367_639196406537134513.xml,WDBC,Go South Coast,Go South Coast 6415 Outbound,St Anns Hospital - Poole Grammar School,price_band_5.8@AdultReturn,5.8
BLUS_3135_Outbound_AdultReturn_a9f4b9e2-e9ea-4456-80e3-47fe03b77367_639196393311403033.xml,BLUS,Go South Coast,Go South Coast 3135 Outbound,Romsey - Braishfield,price_band_6.0@AdultReturn,6.0
WDBC_1011_Outbound_AdultReturn_a9f4b9e2-e9ea-4456-80e3-47fe03b77367_639196371057801478.xml,WDBC,Go South Coast,Go South Coast 1011 Outbound,Bournemouth - Canford Paddock,price_band_3.0@AdultReturn,3.0
SWWD_3684_Outbound_ChildSingle_a9f4b9e2-e9ea-4456-80e3-47fe03b77367_639196400301590510.xml,SWWD,Go South Coast,Go South Coast 3684 Outbound,Coombe Bissett - Burgate,price_band_2.8@ChildSingle,2.8
SWWD_3519_Outbound_AdultReturn_a9f4b9e2-e9ea-4456-80e3-47fe03b77367_639196399445824791.xml,SWWD,Go South Coast,Go South Coast 3519 Outbound,Milford Street - New Canal,price_band_5.6@AdultReturn,5.6
WDBC_2002_Outbound_ChildSingle_a9f4b9e2-e9ea-4456-80e3-47fe03b77367_639196385390206070.xml,WDBC,Go South Coast,Go South Coast 2002 Outbound,Bournemouth - Lymington,price_band_2.1@ChildSingle,2.1
WDBC_6701_Inbound_ChildReturn_a9f4b9e2-e9ea-4456-80e3-47fe03b77367_639196407344934980.xml,WDBC,Go South Coast,Go South Coast 6701 Inbound,Queen Elizabeth's School - Kinson,price_band_7.4@ChildReturn,7.4
WDBC_1804_Inbound_ChildReturn_a9f4b9e2-e9ea-4456-80e3-47fe03b77367_639196379675050029.xml,WDBC,Go South Coast,Go South Coast 1804 Inbound,Bournemouth - Castlepoint,price_band_2.8@ChildReturn,2.8
WDBC_1010_Outbound_AdultSingle_a9f4b9e2-e9ea-4456-80e3-47fe03b77367_639196370909253056.xml,WDBC,Go South Coast,Go South Coast 1010 Outbound,Poole - Lytchett Matravers,price_band_3.0@AdultSingle,3.0
SVCT_5104_Inbound_YoungAdSingle_a9f4b9e2-e9ea-4456-80e3-47fe03b77367_639196404948130309.xml,SVCT,Go South Coast,Go South Coast 5104 Inbound,East Cowes - Ryde,price_band_3.0@YoungAdSingle,3.0
WDBC_2775_Outbound_ChildSingle_a9f4b9e2-e9ea-4456-80e3-47fe03b77367_639196387508181043.xml,WDBC,Go South Coast,Go South Coast 2775 Outbound,Milford on Sea - Priestlands School,price_band_2.2@ChildSingle,2.2
WDBC_1001_Outbound_ChildSingle_2f1f0c04-770d-4707-ab06-213c5a798ad7_639196369674427339.xml,WDBC,Go South Coast,Go South Coast 1001 Outbound,Poole - Bournemouth Hospital,price_band_1.0@ChildSingle,1.0
WDBC_2112_Outbound_ChildSingle_a9f4b9e2-e9ea-4456-80e3-47fe03b77367_639196386385776673.xml,WDBC,Go South Coast,Go South Coast 2112 Outbound,Hythe - Lymington,price_band_1.9@ChildSingle,1.9
SWWD_3306_Outbound_ChildReturn_a9f4b9e2-e9ea-4456-80e3-47fe03b77367_639196394556295106.xml,SWWD,Go South Coast,Go South Coast 3306 Outbound,Endless Street - Blue Boar Row,price_band_2.5@ChildReturn,2.5
SWWD_3404_Outbound_ChildSingle_a9f4b9e2-e9ea-4456-80e3-47fe03b77367_639196396341061238.xml,SWWD,Go South Coast,Go South Coast 3404 Outbound,Salisbury - Larkhill,price_band_2.2@ChildSingle,2.2
SWWD_3763_Inbound_AdultSingle_a9f4b9e2-e9ea-4456-80e3-47fe03b77367_639196400467321605.xml,SWWD,Go South Coast,Go South Coast 3763 Inbound,Mount Pleasant Farm - Burgate School,price_band_5.2@AdultSingle,5.2
TDTR_7064_Outbound_AdultSingle_a9f4b9e2-e9ea-4456-80e3-47fe03b77367_639196408649577066.xml,TDTR,Go South Coast,Go South Coast 7064 Outbound,Town Centre - Eldene,price_band_3.0@AdultSingle,3.0
DAMY_6487_Outbound_ChildReturn_a9f4b9e2-e9ea-4456-80e3-47fe03b77367_639196407147859780.xml,DAMY,Go South Coast,Go South Coast 6487 Outbound,Blandford - Dorchester,price_band_5.4@ChildReturn,5.4
BLUS_4001_Inbound_AdultSingle_f15d1b06-486f-433a-8991-95f1a97a87e0_639196400960082761.xml,BLUS,Go South Coast,Go South Coast 4001 Inbound,Southampton - Winchester,price_band_1.0@AdultSingle,1.0
WDBC_1788_Outbound_AdultSingle_a9f4b9e2-e9ea-4456-80e3-47fe03b77367_639196379261422382.xml,WDBC,Go South Coast,Go South Coast 1788 Outbound,Walkford - Bournemouth School for Girls,price_band_2.9@AdultSingle,2.9
BLUS_4203_Outbound_AdultReturn_a9f4b9e2-e9ea-4456-80e3-47fe03b77367_639196402810010819.xml,BLUS,Go South Coast,Go South Coast 4203 Outbound,Totton - Totton Clockwise,price_band_6.0@AdultReturn,6.0
WDBC_1908_Outbound_ChildSingle_2f1f0c04-770d-4707-ab06-213c5a798ad7_639196383499614451.xml,WDBC,Go South Coast,Go South Coast 1908 Outbound,Poole - Blandford,price_band_1.9@ChildSingle,1.9
WDBC_2193_Outbound_ChildReturn_a9f4b9e2-e9ea-4456-80e3-47fe03b77367_639196386888022281.xml,WDBC,Go South Coast,Go South Coast 2193 Outbound,New Milton - New Milton,price_band_2.9@ChildReturn,2.9
BLUS_4203_Outbound_AdultReturn_a9f4b9e2-e9ea-4456-80e3-47fe03b77367_639196402810010819.xml,BLUS,Go South Coast,Go South Coast 4203 Outbound,Totton - Totton Clockwise,price_band_5.2@AdultReturn,5.2
WDBC_2762_Outbound_ChildSingle_a9f4b9e2-e9ea-4456-80e3-47fe03b77367_639196387482762843.xml,WDBC,Go South Coast,Go South Coast 2762 Outbound,Keyhaven Road  - Priestlands School,price_band_2.3@ChildSingle,2.3
WDBC_6450_Inbound_ChildReturn_a9f4b9e2-e9ea-4456-80e3-47fe03b77367_639196407004109424.xml,WDBC,Go South Coast,Go South Coast 6450 Inbound,Wallisdown - Parkstone Grammar,price_band_3.8@ChildReturn,3.8
SWWD_3533_Inbound_ChildReturn_a9f4b9e2-e9ea-4456-80e3-47fe03b77367_639196399578633562.xml,SWWD,Go South Coast,Go South Coast 3533 Inbound,Dinton - City Centre,price_band_4.5@ChildReturn,4.5
SWWD_3525_Outbound_AdultSingle_a9f4b9e2-e9ea-4456-80e3-47fe03b77367_639196399518614037.xml,SWWD,Go South Coast,Go South Coast 3525 Outbound,City Centre - Petersfinger Park & Ride,price_band_2.3@AdultSingle,2.3
SWWD_3008_Outbound_ChildReturn_a9f4b9e2-e9ea-4456-80e3-47fe03b77367_639196391010248148.xml,SWWD,Go South Coast,Go South Coast 3008 Outbound,Salisbury - Zouch Estate,price_band_2.5@ChildReturn,2.5
BLUS_4203_Outbound_ChildSingle_a9f4b9e2-e9ea-4456-80e3-47fe03b77367_639196402819894384.xml,BLUS,Go South Coast,Go South Coast 4203 Outbound,Totton - Totton Clockwise,price_band_2.1@ChildSingle,2.1
WDBC_6419_Outbound_ChildSingle_a9f4b9e2-e9ea-4456-80e3-47fe03b77367_639196406825655245.xml,WDBC,Go South Coast,Go South Coast 6419 Outbound,Compton Avenue - Poole Grammar,price_band_3.1@ChildSingle,3.1
WDBC_1833_Inbound_ChildSingle_a9f4b9e2-e9ea-4456-80e3-47fe03b77367_639196381598838673.xml,WDBC,Go South Coast,Go South Coast 1833 Inbound,Alum Chine - Castlepoint,price_band_2.5@ChildSingle,2.5
BLUS_4009_Outbound_AdultSingle_a9f4b9e2-e9ea-4456-80e3-47fe03b77367_639196401582700322.xml,BLUS,Go South Coast,Go South Coast 4009 Outbound,Southampton - Langley/Fawley,price_band_2.6@AdultSingle,2.6
WDBC_1804_Outbound_AdultSingle_d46597a9-440e-4c13-b49a-76a3986683d1_639196379731667992.xml,WDBC,Go South Coast,Go South Coast 1804 Outbound,Bournemouth - Castlepoint,price_band_1.0@AdultSingle,1.0
TDTR_3820_Inbound_ChildSingle_a9f4b9e2-e9ea-4456-80e3-47fe03b77367_639196400543008094.xml,TDTR,Go South Coast,Go South Coast 3820 Inbound,Marlborough - Newbury,price_band_2.1@ChildSingle,2.1
SWWD_3883_Inbound_AdultSingle_a9f4b9e2-e9ea-4456-80e3-47fe03b77367_639196400670087903.xml,SWWD,Go South Coast,Go South Coast 3883 Inbound,Bishopdown Farm  - Burgate School,price_band_2.6@AdultSingle,2.6
WDBC_1836_Outbound_AdultReturn_a9f4b9e2-e9ea-4456-80e3-47fe03b77367_639196381809134692.xml,WDBC,Go South Coast,Go South Coast 1836 Outbound,Talbot View - Kinson,price_band_4.5@AdultReturn,4.5
TDTR_7148_Inbound_AdultSingle_a9f4b9e2-e9ea-4456-80e3-47fe03b77367_639196409121321976.xml,TDTR,Go South Coast,Go South Coast 7148 Inbound,Swindon - Marlborough,price_band_2.6@AdultSingle,2.6
SWWD_3002_Outbound_ChildReturn_a9f4b9e2-e9ea-4456-80e3-47fe03b77367_639196390438312146.xml,SWWD,Go South Coast,Go South Coast 3002 Outbound,Salisbury - Devizes,price_band_4.9@ChildReturn,4.9
TDTR_7012_Outbound_AdultSingle_a9f4b9e2-e9ea-4456-80e3-47fe03b77367_639196408164635063.xml,TDTR,Go South Coast,Go South Coast 7012 Outbound,Oakhurst - Great Western Hospital,price_band_2.8@AdultSingle,2.8
TDTR_7051_Outbound_YoungPersonSgl_a9f4b9e2-e9ea-4456-80e3-47fe03b77367_639196408574438717.xml,TDTR,Go South Coast,Go South Coast 7051 Outbound,Fleming Way - Deer's Leap,price_band_1.5@YoungPersonSgl,1.5
TDTR_7063_Inbound_YoungPersonSgl_a9f4b9e2-e9ea-4456-80e3-47fe03b77367_639196408634034594.xml,TDTR,Go South Coast,Go South Coast 7063 Inbound,Town Centre - Eldene,price_band_1.8@YoungPersonSgl,1.8
BLUS_4024_Outbound_ChildSingle_f15d1b06-486f-433a-8991-95f1a97a87e0_639196402482131556.xml,BLUS,Go South Coast,Go South Coast 4024 Outbound,Eastleigh - Hedge End,price_band_1.0@ChildSingle,1.0
SVCT_5268_Outbound_YoungAdSingle_a9f4b9e2-e9ea-4456-80e3-47fe03b77367_639196405647357303.xml,SVCT,Go South Coast,Go South Coast 5268 Outbound,Carisbrooke - St Helens,price_band_3.0@YoungAdSingle,3.0
WDBC_1836_Outbound_ChildSingle_a9f4b9e2-e9ea-4456-80e3-47fe03b77367_639196381818689568.xml,WDBC,Go South Coast,Go South Coast 1836 Outbound,Talbot View - Kinson,price_band_2.5@ChildSingle,2.5
SWWD_3881_Inbound_AdultReturn_a9f4b9e2-e9ea-4456-80e3-47fe03b77367_639196400573837640.xml,SWWD,Go South Coast,Go South Coast 3881 Inbound,Wilton Road  - Burgate School,price_band_3.7@AdultReturn,3.7
SWWD_3881_Inbound_ChildReturn_a9f4b9e2-e9ea-4456-80e3-47fe03b77367_639196400588231467.xml,SWWD,Go South Coast,Go South Coast 3881 Inbound,Wilton Road  - Burgate School,price_band_5.1@ChildReturn,5.1
BLUS_4009_Outbound_AdultSingle_a9f4b9e2-e9ea-4456-80e3-47fe03b77367_639196401582700322.xml,BLUS,Go South Coast,Go South Coast 4009 Outbound,Southampton - Langley/Fawley,price_band_3.0@AdultSingle,3.0
WDBC_2176_Inbound_ChildReturn_a9f4b9e2-e9ea-4456-80e3-47fe03b77367_639196386527099334.xml,WDBC,Go South Coast,Go South Coast 2176 Inbound,Christchurch - Ringwood,price_band_3.6@ChildReturn,3.6
WDBC_1789_Inbound_ChildReturn_a9f4b9e2-e9ea-4456-80e3-47fe03b77367_639196379325905462.xml,WDBC,Go South Coast,Go South Coast 1789 Inbound,Bournemouth School for Girls - Lymington,price_band_4.6@ChildReturn,4.6
WDBC_6047_Inbound_ChildSingle_a9f4b9e2-e9ea-4456-80e3-47fe03b77367_639196406328101822.xml,WDBC,Go South Coast,Go South Coast 6047 Inbound,Ringwood Road - Parkstone Grammar School,price_band_3.1@ChildSingle,3.1
DAMY_6920_Inbound_ChildReturn_a9f4b9e2-e9ea-4456-80e3-47fe03b77367_639196407771189759.xml,DAMY,Go South Coast,Go South Coast 6920 Inbound,Salisbury - Steam Fair,price_band_2.8@ChildReturn,2.8
DAMY_6487_Inbound_ChildReturn_a9f4b9e2-e9ea-4456-80e3-47fe03b77367_639196407097431280.xml,DAMY,Go South Coast,Go South Coast 6487 Inbound,Blandford - Dorchester,price_band_2.8@ChildReturn,2.8
WDBC_8120_Inbound_AdultReturn_a9f4b9e2-e9ea-4456-80e3-47fe03b77367_639196410259199368.xml,WDBC,Go South Coast,Go South Coast 8120 Inbound,Poole - Bournemoputh International Airport,price_band_6.0@AdultReturn,6.0
DAMY_6020_Outbound_ChildReturn_a9f4b9e2-e9ea-4456-80e3-47fe03b77367_639196406158048579.xml,DAMY,Go South Coast,Go South Coast 6020 Outbound,Salisbury - Blandford,price_band_4.3@ChildReturn,4.3
WDBC_1950_Inbound_ChildReturn_a9f4b9e2-e9ea-4456-80e3-47fe03b77367_639196383626189776.xml,WDBC,Go South Coast,Go South Coast 1950 Inbound,Bournemouth - Swanage,price_band_3.7@ChildReturn,3.7
BLUS_4539_Outbound_ChildSingle_a9f4b9e2-e9ea-4456-80e3-47fe03b77367_639196403041367493.xml,BLUS,Go South Coast,Go South Coast 4539 Outbound,Rushington - Applemore College,price_band_2.5@ChildSingle,2.5
SVCT_5004_Outbound_ChildSingle_a9f4b9e2-e9ea-4456-80e3-47fe03b77367_639196403841830166.xml,SVCT,Go South Coast,Go South Coast 5004 Outbound,Ryde  - East Cowes,price_band_1.8@ChildSingle,1.8
WDBC_2219_Inbound_ChildReturn_a9f4b9e2-e9ea-4456-80e3-47fe03b77367_639196386912029581.xml,WDBC,Go South Coast,Go South Coast 2219 Inbound,Lymington  - New Milton,price_band_6.0@ChildReturn,6.0
DAMY_6020_Inbound_AdultReturn_a9f4b9e2-e9ea-4456-80e3-47fe03b77367_639196406017983792.xml,DAMY,Go South Coast,Go South Coast 6020 Inbound,Salisbury - Blandford,price_band_4.2@AdultReturn,4.2
TDTR_7176_Inbound_YoungPersonRtn_a9f4b9e2-e9ea-4456-80e3-47fe03b77367_639196409343005529.xml,TDTR,Go South Coast,Go South Coast 7176 Inbound,Calne - Bath,price_band_2.3@YoungPersonRtn,2.3
SWWD_3327_Inbound_AdultReturn_a9f4b9e2-e9ea-4456-80e3-47fe03b77367_639196395455571575.xml,SWWD,Go South Coast,Go South Coast 3327 Inbound,Salisbury - Shaftesbury,price_band_6.0@AdultReturn,6.0
SWWD_3305_Outbound_ChildReturn_a9f4b9e2-e9ea-4456-80e3-47fe03b77367_639196394530409496.xml,SWWD,Go South Coast,Go South Coast 3305 Outbound,City Centre - West Harnham,price_band_2.5@ChildReturn,2.5
TDTR_3820_Outbound_ChildReturn_a9f4b9e2-e9ea-4456-80e3-47fe03b77367_639196400559854465.xml,TDTR,Go South Coast,Go South Coast 3820 Outbound,Marlborough - Newbury,price_band_3.9@ChildReturn,3.9
SWWD_3407_Outbound_AdultSingle_a9f4b9e2-e9ea-4456-80e3-47fe03b77367_639196397432920360.xml,SWWD,Go South Coast,Go South Coast 3407 Outbound,Salisbury - Southampton,price_band_2.6@AdultSingle,2.6
WDBC_1054_Inbound_ChildSingle_d46597a9-440e-4c13-b49a-76a3986683d1_639196376593709307.xml,WDBC,Go South Coast,Go South Coast 1054 Inbound,Poole - Wimborne,price_band_3.0@ChildSingle,3.0
SWWD_3326_Inbound_ChildReturn_a9f4b9e2-e9ea-4456-80e3-47fe03b77367_639196395157852986.xml,SWWD,Go South Coast,Go South Coast 3326 Inbound,Salisbury - Hindon,price_band_4.5@ChildReturn,4.5
DAMY_6487_Outbound_AdultReturn_a9f4b9e2-e9ea-4456-80e3-47fe03b77367_639196407135008067.xml,DAMY,Go South Coast,Go South Coast 6487 Outbound,Blandford - Dorchester,price_band_4.7@AdultReturn,4.7
WDBC_2613_Inbound_AdultReturn_a9f4b9e2-e9ea-4456-80e3-47fe03b77367_639196387088472717.xml,WDBC,Go South Coast,Go South Coast 2613 Inbound,Broadstone - Brockenhurst College,price_band_9.1@AdultReturn,9.1
BLUS_4005_Outbound_ChildReturn_a9f4b9e2-e9ea-4456-80e3-47fe03b77367_639196401240242442.xml,BLUS,Go South Coast,Go South Coast 4005 Outbound,Boyatt Wood - Romsey,price_band_4.5@ChildReturn,4.5
WDBC_3882_Outbound_AdultReturn_a9f4b9e2-e9ea-4456-80e3-47fe03b77367_639196400652373018.xml,WDBC,Go South Coast,Go South Coast 3882 Outbound,Stratford Road Grammar School - Burgate School,price_band_6.0@AdultReturn,6.0
BLUS_4024_Outbound_ChildSingle_eed5e2e8-c472-41af-825e-db09ec887334_639196402485100578.xml,BLUS,Go South Coast,Go South Coast 4024 Outbound,Eastleigh - Hedge End,price_band_1.0@ChildSingle,1.0
WDBC_2618_Inbound_AdultReturn_a9f4b9e2-e9ea-4456-80e3-47fe03b77367_639196387209198526.xml,WDBC,Go South Coast,Go South Coast 2618 Inbound,Cooper Dean - Brockenhurst College,price_band_9.1@AdultReturn,9.1
SWWD_3029_Outbound_ChildSingle_a9f4b9e2-e9ea-4456-80e3-47fe03b77367_639196391456912319.xml,SWWD,Go South Coast,Go South Coast 3029 Outbound,Salisbury - Shaftesbury,price_band_1.9@ChildSingle,1.9
BLUS_4424_Inbound_ChildSingle_a9f4b9e2-e9ea-4456-80e3-47fe03b77367_639196402882233976.xml,BLUS,Go South Coast,Go South Coast 4424 Inbound,Eastleigh - Hedge End,price_band_2.5@ChildSingle,2.5
WDBC_1052_Inbound_ChildSingle_d46597a9-440e-4c13-b49a-76a3986683d1_639196375878259894.xml,WDBC,Go South Coast,Go South Coast 1052 Inbound,Rockley - Sandbanks,price_band_1.0@ChildSingle,1.0
WDBC_1644_Inbound_AdultSingle_2f1f0c04-770d-4707-ab06-213c5a798ad7_639196378949463817.xml,WDBC,Go South Coast,Go South Coast 1644 Inbound,Westbourne - Talbot Campus,price_band_1.0@AdultSingle,1.0
WDBC_1841_Inbound_ChildSingle_a9f4b9e2-e9ea-4456-80e3-47fe03b77367_639196381990492504.xml,WDBC,Go South Coast,Go South Coast 1841 Inbound,Bournemouth - Mudeford and Somerford,price_band_1.9@ChildSingle,1.9
BLUS_4016_Outbound_AdultSingle_f15d1b06-486f-433a-8991-95f1a97a87e0_639196402010410703.xml,BLUS,Go South Coast,Go South Coast 4016 Outbound,Southampton - Townhill Park,price_band_1.0@AdultSingle,1.0
TDTR_7017_Outbound_AdultSingle_a9f4b9e2-e9ea-4456-80e3-47fe03b77367_639196408247304483.xml,TDTR,Go South Coast,Go South Coast 7017 Outbound,Penhill - Park South,price_band_3.0@AdultSingle,3.0
BLUS_4024_Outbound_AdultReturn_a9f4b9e2-e9ea-4456-80e3-47fe03b77367_639196402468761071.xml,BLUS,Go South Coast,Go South Coast 4024 Outbound,Eastleigh - Hedge End,price_band_4.2@AdultReturn,4.2
TDTR_7154_Outbound_YoungPersonSgl_a9f4b9e2-e9ea-4456-80e3-47fe03b77367_639196409276307350.xml,TDTR,Go South Coast,Go South Coast 7154 Outbound,Ramleaze (Orkney Close) - Ridgeway School,price_band_2.6@YoungPersonSgl,2.6
SWWD_3087_Outbound_ChildSingle_a9f4b9e2-e9ea-4456-80e3-47fe03b77367_639196391831007211.xml,SWWD,Go South Coast,Go South Coast 3087 Outbound,South Wilts Grammar School - Lopcombe Corner,price_band_3.0@ChildSingle,3.0
TDTR_7148_Inbound_AdultSingle_a9f4b9e2-e9ea-4456-80e3-47fe03b77367_639196409121321976.xml,TDTR,Go South Coast,Go South Coast 7148 Inbound,Swindon - Marlborough,price_band_2.2@AdultSingle,2.2
WDBC_1053_Inbound_ChildSingle_d46597a9-440e-4c13-b49a-76a3986683d1_639196376215004487.xml,WDBC,Go South Coast,Go South Coast 1053 Inbound,Bournemouth - Wimborne,price_band_2.3@ChildSingle,2.3
DAMY_6020_Outbound_ChildReturn_a9f4b9e2-e9ea-4456-80e3-47fe03b77367_639196406158048579.xml,DAMY,Go South Coast,Go South Coast 6020 Outbound,Salisbury - Blandford,price_band_4.6@ChildReturn,4.6
WDBC_1725_Inbound_ChildReturn_a9f4b9e2-e9ea-4456-80e3-47fe03b77367_639196379023342063.xml,WDBC,Go South Coast,Go South Coast 1725 Inbound,Wareham - Lytchett Minster School,price_band_2.4@ChildReturn,2.4
WDBC_1415_Outbound_ChildSingle_a9f4b9e2-e9ea-4456-80e3-47fe03b77367_639196378718434393.xml,WDBC,Go South Coast,Go South Coast 1415 Outbound,Poole High - Canford Heath,price_band_1.9@ChildSingle,1.9
SWWD_3684_Inbound_ChildSingle_a9f4b9e2-e9ea-4456-80e3-47fe03b77367_639196400279500602.xml,SWWD,Go South Coast,Go South Coast 3684 Inbound,Coombe Bissett - Burgate,price_band_2.5@ChildSingle,2.5
SWWD_3002_Outbound_ChildReturn_a9f4b9e2-e9ea-4456-80e3-47fe03b77367_639196390438312146.xml,SWWD,Go South Coast,Go South Coast 3002 Outbound,Salisbury - Devizes,price_band_4.5@ChildReturn,4.5
WDBC_1050_Inbound_ChildSingle_a9f4b9e2-e9ea-4456-80e3-47fe03b77367_639196375531808668.xml,WDBC,Go South Coast,Go South Coast 1050 Inbound,Bournemouth Station - Swanage,price_band_1.9@ChildSingle,1.9
SWWD_3886_Inbound_ChildReturn_a9f4b9e2-e9ea-4456-80e3-47fe03b77367_639196400848675025.xml,SWWD,Go South Coast,Go South Coast 3886 Inbound,St Peters Place  - Burgate School,price_band_3.6@ChildReturn,3.6
WDBC_6416_Inbound_AdultReturn_a9f4b9e2-e9ea-4456-80e3-47fe03b77367_639196406593034448.xml,WDBC,Go South Coast,Go South Coast 6416 Inbound,Penn Hill Avenue  - Poole Grammar School,price_band_5.8@AdultReturn,5.8
SWWD_3883_Inbound_ChildSingle_a9f4b9e2-e9ea-4456-80e3-47fe03b77367_639196400680560363.xml,SWWD,Go South Coast,Go South Coast 3883 Inbound,Bishopdown Farm  - Burgate School,price_band_1.9@ChildSingle,1.9
WDBC_6701_Outbound_ChildReturn_a9f4b9e2-e9ea-4456-80e3-47fe03b77367_639196407355147956.xml,WDBC,Go South Coast,Go South Coast 6701 Outbound,Queen Elizabeth's School - Kinson,price_band_5.2@ChildReturn,5.2
WDBC_1050_Outbound_AdultSingle_a9f4b9e2-e9ea-4456-80e3-47fe03b77367_639196375652925815.xml,WDBC,Go South Coast,Go South Coast 1050 Outbound,Bournemouth Station - Swanage,price_band_2.6@AdultSingle,2.6
WDBC_1642_Inbound_AdultSingle_a9f4b9e2-e9ea-4456-80e3-47fe03b77367_639196378780844486.xml,WDBC,Go South Coast,Go South Coast 1642 Inbound,Poole  - Talbot Campus,price_band_2.5@AdultSingle,2.5
WDBC_6043_Inbound_ChildSingle_a9f4b9e2-e9ea-4456-80e3-47fe03b77367_639196406256748189.xml,WDBC,Go South Coast,Go South Coast 6043 Inbound,County Gates - Parkstone Grammar School,price_band_2.0@ChildSingle,2.0
WDBC_1755_Inbound_ChildSingle_a9f4b9e2-e9ea-4456-80e3-47fe03b77367_639196379123503150.xml,WDBC,Go South Coast,Go South Coast 1755 Inbound,Bournemouth Station - Bournemouth School for Girls,price_band_3.1@ChildSingle,3.1
WDBC_1035_Inbound_ChildReturn_a9f4b9e2-e9ea-4456-80e3-47fe03b77367_639196374621180380.xml,WDBC,Go South Coast,Go South Coast 1035 Inbound,Swanage - Wareham,price_band_3.5@ChildReturn,3.5
WDBC_1837_Outbound_ChildSingle_d46597a9-440e-4c13-b49a-76a3986683d1_639196381971154071.xml,WDBC,Go South Coast,Go South Coast 1837 Outbound,Bournemouth - Bournemouth International Airport,price_band_1.0@ChildSingle,1.0
WDBC_1050_Outbound_AdultReturn_a9f4b9e2-e9ea-4456-80e3-47fe03b77367_639196375631431393.xml,WDBC,Go South Coast,Go South Coast 1050 Outbound,Bournemouth Station - Swanage,price_band_4.2@AdultReturn,4.2
TDTR_7148_Inbound_ChildSingle_a9f4b9e2-e9ea-4456-80e3-47fe03b77367_639196409147058480.xml,TDTR,Go South Coast,Go South Coast 7148 Inbound,Swindon - Marlborough,price_band_1.0@ChildSingle,1.0
TDTR_7076_Inbound_YoungPersonRtn_a9f4b9e2-e9ea-4456-80e3-47fe03b77367_639196408679877245.xml,TDTR,Go South Coast,Go South Coast 7076 Inbound,Marlborough - Bath,price_band_1.4@YoungPersonRtn,1.4
WDBC_1053_Inbound_ChildReturn_a9f4b9e2-e9ea-4456-80e3-47fe03b77367_639196376058761639.xml,WDBC,Go South Coast,Go South Coast 1053 Inbound,Bournemouth - Wimborne,price_band_3.4@ChildReturn,3.4
WDBC_1060_Inbound_ChildSingle_d46597a9-440e-4c13-b49a-76a3986683d1_639196376821824109.xml,WDBC,Go South Coast,Go South Coast 1060 Inbound,Rockley - Sandbanks,price_band_1.0@ChildSingle,1.0
WDBC_6449_Outbound_ChildSingle_a9f4b9e2-e9ea-4456-80e3-47fe03b77367_639196406959656211.xml,WDBC,Go South Coast,Go South Coast 6449 Outbound,St Osmunds - Parkstone Grammar,price_band_2.0@ChildSingle,2.0
WDBC_6715_Outbound_ChildSingle_a9f4b9e2-e9ea-4456-80e3-47fe03b77367_639196407376224299.xml,WDBC,Go South Coast,Go South Coast 6715 Outbound,Verwood - QE School,price_band_3.5@ChildSingle,3.5
WDBC_1805_Inbound_ChildSingle_a9f4b9e2-e9ea-4456-80e3-47fe03b77367_639196379759134214.xml,WDBC,Go South Coast,Go South Coast 1805 Inbound,Bournemouth - Kinson,price_band_2.5@ChildSingle,2.5
SWWD_3301_Inbound_AdultSingle_a9f4b9e2-e9ea-4456-80e3-47fe03b77367_639196394287997990.xml,SWWD,Go South Coast,Go South Coast 3301 Inbound,District Hospital - Bemerton Heath,price_band_2.3@AdultSingle,2.3
TDTR_7148_Outbound_AdultReturn_a9f4b9e2-e9ea-4456-80e3-47fe03b77367_639196409191504641.xml,TDTR,Go South Coast,Go South Coast 7148 Outbound,Swindon - Marlborough,price_band_5.0@AdultReturn,5.0
WDBC_2776_Outbound_AdultReturn_a9f4b9e2-e9ea-4456-80e3-47fe03b77367_639196387520106038.xml,WDBC,Go South Coast,Go South Coast 2776 Outbound,Lyndhurst - Priestlands School,price_band_4.5@AdultReturn,4.5
WDBC_1788_Outbound_AdultSingle_a9f4b9e2-e9ea-4456-80e3-47fe03b77367_639196379261422382.xml,WDBC,Go South Coast,Go South Coast 1788 Outbound,Walkford - Bournemouth School for Girls,price_band_2.2@AdultSingle,2.2
SWWD_3511_Outbound_ChildSingle_a9f4b9e2-e9ea-4456-80e3-47fe03b77367_639196399130399618.xml,SWWD,Go South Coast,Go South Coast 3511 Outbound,Blue Boar Row - Old Sarum,price_band_1.9@ChildSingle,1.9
SWWD_3108_Outbound_AdultReturn_a9f4b9e2-e9ea-4456-80e3-47fe03b77367_639196392421329513.xml,SWWD,Go South Coast,Go South Coast 3108 Outbound,Salisbury - Zouch Estate,price_band_6.0@AdultReturn,6.0
WDBC_1032_Outbound_AdultSingle_a9f4b9e2-e9ea-4456-80e3-47fe03b77367_639196374454033630.xml,WDBC,Go South Coast,Go South Coast 1032 Outbound,Poole - Bournemouth,price_band_2.3@AdultSingle,2.3
WDBC_1013_Inbound_ChildReturn_a9f4b9e2-e9ea-4456-80e3-47fe03b77367_639196371231761902.xml,WDBC,Go South Coast,Go South Coast 1013 Inbound,Bournemouth - Wimborne,price_band_3.0@ChildReturn,3.0
WDBC_6415_Inbound_AdultSingle_a9f4b9e2-e9ea-4456-80e3-47fe03b77367_639196406488668465.xml,WDBC,Go South Coast,Go South Coast 6415 Inbound,St Anns Hospital - Poole Grammar School,price_band_3.2@AdultSingle,3.2
BLUS_4538_Inbound_AdultSingle_a9f4b9e2-e9ea-4456-80e3-47fe03b77367_639196403012487325.xml,BLUS,Go South Coast,Go South Coast 4538 Inbound,Rushington - Applemore College,price_band_3.0@AdultSingle,3.0
WDBC_2953_Outbound_ChildSingle_a9f4b9e2-e9ea-4456-80e3-47fe03b77367_639196389041038966.xml,WDBC,Go South Coast,Go South Coast 2953 Outbound,Salisbury - Ringwood,price_band_2.8@ChildSingle,2.8
BLUS_4020_Outbound_ChildReturn_a9f4b9e2-e9ea-4456-80e3-47fe03b77367_639196402315461793.xml,BLUS,Go South Coast,Go South Coast 4020 Outbound,Southampton - Townhill Park,price_band_2.6@ChildReturn,2.6
WDBC_6672_Outbound_ChildReturn_a9f4b9e2-e9ea-4456-80e3-47fe03b77367_639196407292033504.xml,WDBC,Go South Coast,Go South Coast 6672 Outbound,Albert Road - Bloxworth,price_band_2.9@ChildReturn,2.9
WDBC_1833_Inbound_AdultSingle_2f1f0c04-770d-4707-ab06-213c5a798ad7_639196381620275935.xml,WDBC,Go South Coast,Go South Coast 1833 Inbound,Alum Chine - Castlepoint,price_band_1.0@AdultSingle,1.0
WDBC_2956_Outbound_ChildSingle_a9f4b9e2-e9ea-4456-80e3-47fe03b77367_639196389678919503.xml,WDBC,Go South Coast,Go South Coast 2956 Outbound,Ringwood - Bournemouth,price_band_3.0@ChildSingle,3.0
SWWD_3405_Outbound_ChildSingle_a9f4b9e2-e9ea-4456-80e3-47fe03b77367_639196396786684282.xml,SWWD,Go South Coast,Go South Coast 3405 Outbound,Salisbury - Pewsey,price_band_2.5@ChildSingle,2.5
BLUS_2607_Outbound_AdultSingle_a9f4b9e2-e9ea-4456-80e3-47fe03b77367_639196387057478163.xml,BLUS,Go South Coast,Go South Coast 2607 Outbound,North Baddesley - Brockenhurst College,price_band_5.2@AdultSingle,5.2
SWWD_3517_Outbound_AdultSingle_a9f4b9e2-e9ea-4456-80e3-47fe03b77367_639196399378054055.xml,SWWD,Go South Coast,Go South Coast 3517 Outbound,New Canal  - Lopcombe Corner,price_band_3.0@AdultSingle,3.0
SWWD_3108_Outbound_ChildReturn_a9f4b9e2-e9ea-4456-80e3-47fe03b77367_639196392538848351.xml,SWWD,Go South Coast,Go South Coast 3108 Outbound,Salisbury - Zouch Estate,price_band_2.5@ChildReturn,2.5
TDTR_7146_Inbound_ChildSingle_a9f4b9e2-e9ea-4456-80e3-47fe03b77367_639196409031966467.xml,TDTR,Go South Coast,Go South Coast 7146 Inbound,Swindon - Hungerford,price_band_1.8@ChildSingle,1.8
BLUS_4401_Outbound_AdultReturn_a9f4b9e2-e9ea-4456-80e3-47fe03b77367_639196402858624204.xml,BLUS,Go South Coast,Go South Coast 4401 Outbound,Applemore - Hythe,price_band_4.5@AdultReturn,4.5
DAMY_6505_Inbound_ChildReturn_a9f4b9e2-e9ea-4456-80e3-47fe03b77367_639196407196013441.xml,DAMY,Go South Coast,Go South Coast 6505 Inbound,Weymouth - Dorchester,price_band_4.7@ChildReturn,4.7
TDTR_7176_Outbound_YoungPersonRtn_a9f4b9e2-e9ea-4456-80e3-47fe03b77367_639196409401708869.xml,TDTR,Go South Coast,Go South Coast 7176 Outbound,Calne - Bath,price_band_3.9@YoungPersonRtn,3.9
SWWD_7601_Outbound_ChildReturn_a9f4b9e2-e9ea-4456-80e3-47fe03b77367_639196410161242384.xml,SWWD,Go South Coast,Go South Coast 7601 Outbound,Stratford Road - Stratford sub Castle School,price_band_2.0@ChildReturn,2.0
BLUS_4815_Inbound_AdultSingle_a9f4b9e2-e9ea-4456-80e3-47fe03b77367_639196403535037754.xml,BLUS,Go South Coast,Go South Coast 4815 Inbound,Boyatt Wood - Eastleigh,price_band_3.0@AdultSingle,3.0
WDBC_2604_Outbound_AdultSingle_a9f4b9e2-e9ea-4456-80e3-47fe03b77367_639196386994638705.xml,WDBC,Go South Coast,Go South Coast 2604 Outbound,Langley Farm - Brockenhurst College,price_band_4.0@AdultSingle,4.0
BLUS_8206_Inbound_ChildReturn_a9f4b9e2-e9ea-4456-80e3-47fe03b77367_639196410322518772.xml,BLUS,Go South Coast,Go South Coast 8206 Inbound,Brockenhurst - New Park,price_band_1.0@ChildReturn,1.0
WDBC_6416_Outbound_AdultReturn_a9f4b9e2-e9ea-4456-80e3-47fe03b77367_639196406631663757.xml,WDBC,Go South Coast,Go South Coast 6416 Outbound,Penn Hill Avenue  - Poole Grammar School,price_band_5.8@AdultReturn,5.8
WDBC_1903_Inbound_AdultReturn_a9f4b9e2-e9ea-4456-80e3-47fe03b77367_639196383158516479.xml,WDBC,Go South Coast,Go South Coast 1903 Inbound,Poole - Wimborne,price_band_4.2@AdultReturn,4.2
WDBC_6898_Inbound_AdultSingle_a9f4b9e2-e9ea-4456-80e3-47fe03b77367_639196407419943949.xml,WDBC,Go South Coast,Go South Coast 6898 Inbound,Poole  - ASDA,price_band_2.3@AdultSingle,2.3
TDTR_7153_Outbound_AdultSingle_a9f4b9e2-e9ea-4456-80e3-47fe03b77367_639196409249447343.xml,TDTR,Go South Coast,Go South Coast 7153 Outbound,Oakhurst (All Stops) - Ridgeway School,price_band_3.1@AdultSingle,3.1
SWWD_8332_Outbound_AdultSingle_a9f4b9e2-e9ea-4456-80e3-47fe03b77367_639196410405196167.xml,SWWD,Go South Coast,Go South Coast 8332 Outbound,Salisbury City Centre - Stonehenge,price_band_10.0@AdultSingle,10.0
SWWD_3102_Inbound_ChildReturn_a9f4b9e2-e9ea-4456-80e3-47fe03b77367_639196392142959391.xml,SWWD,Go South Coast,Go South Coast 3102 Inbound,Salisbury - Devizes,price_band_4.5@ChildReturn,4.5
BLUS_4805_Inbound_ChildSingle_a9f4b9e2-e9ea-4456-80e3-47fe03b77367_639196403379160465.xml,BLUS,Go South Coast,Go South Coast 4805 Inbound,Boyatt Wood - Shootash,price_band_2.3@ChildSingle,2.3
SWWD_3327_Inbound_ChildReturn_a9f4b9e2-e9ea-4456-80e3-47fe03b77367_639196395499310498.xml,SWWD,Go South Coast,Go South Coast 3327 Inbound,Salisbury - Shaftesbury,price_band_2.5@ChildReturn,2.5
SWWD_3885_Inbound_ChildReturn_a9f4b9e2-e9ea-4456-80e3-47fe03b77367_639196400773713449.xml,SWWD,Go South Coast,Go South Coast 3885 Inbound,Whaddon - Burgate School,price_band_6.0@ChildReturn,6.0
WDBC_6415_Inbound_AdultSingle_a9f4b9e2-e9ea-4456-80e3-47fe03b77367_639196406488668465.xml,WDBC,Go South Coast,Go South Coast 6415 Inbound,St Anns Hospital - Poole Grammar School,price_band_2.0@AdultSingle,2.0
SWWD_3166_Inbound_ChildSingle_a9f4b9e2-e9ea-4456-80e3-47fe03b77367_639196393620514087.xml,SWWD,Go South Coast,Go South Coast 3166 Inbound,South Wilts Grammar School - Idmiston,price_band_1.9@ChildSingle,1.9
BLUS_3635_Inbound_AdultReturn_a9f4b9e2-e9ea-4456-80e3-47fe03b77367_639196399712837020.xml,BLUS,Go South Coast,Go South Coast 3635 Inbound,Romsey - Ampfield,price_band_4.4@AdultReturn,4.4
BLUS_4026_Outbound_ChildSingle_a9f4b9e2-e9ea-4456-80e3-47fe03b77367_639196402530429469.xml,BLUS,Go South Coast,Go South Coast 4026 Outbound,Southampton - Whiteley,price_band_2.1@ChildSingle,2.1
SWWD_3301_Outbound_AdultSingle_a9f4b9e2-e9ea-4456-80e3-47fe03b77367_639196394319431150.xml,SWWD,Go South Coast,Go South Coast 3301 Outbound,District Hospital - Bemerton Heath,price_band_2.3@AdultSingle,2.3
WDBC_1006_Inbound_AdultSingle_d46597a9-440e-4c13-b49a-76a3986683d1_639196370759437826.xml,WDBC,Go South Coast,Go South Coast 1006 Inbound,Poole - Tower Park,price_band_1.0@AdultSingle,1.0
UNIL_4719_Inbound_ChildSingle_eed5e2e8-c472-41af-825e-db09ec887334_639196403281103620.xml,UNIL,Go South Coast,Go South Coast 4719 Inbound,General Hospital - Townhill Park,price_band_1.0@ChildSingle,1.0
SWWD_3126_Inbound_ChildSingle_a9f4b9e2-e9ea-4456-80e3-47fe03b77367_639196393128381437.xml,SWWD,Go South Coast,Go South Coast 3126 Inbound,Salisbury - Hindon,price_band_1.9@ChildSingle,1.9
DAMY_3183_Inbound_ChildReturn_a9f4b9e2-e9ea-4456-80e3-47fe03b77367_639196393827698517.xml,DAMY,Go South Coast,Go South Coast 3183 Inbound,Blandford - Weymouth,price_band_4.0@ChildReturn,4.0
BLUS_4015_Inbound_AdultReturn_a9f4b9e2-e9ea-4456-80e3-47fe03b77367_639196401917312852.xml,BLUS,Go South Coast,Go South Coast 4015 Inbound,Central Station - Hamble,price_band_4.5@AdultReturn,4.5
WDBC_1789_Outbound_AdultSingle_a9f4b9e2-e9ea-4456-80e3-47fe03b77367_639196379381398294.xml,WDBC,Go South Coast,Go South Coast 1789 Outbound,Bournemouth School for Girls - Lymington,price_band_5.4@AdultSingle,5.4
SWWD_7201_Inbound_ChildSingle_a9f4b9e2-e9ea-4456-80e3-47fe03b77367_639196409621895930.xml,SWWD,Go South Coast,Go South Coast 7201 Inbound,Figheldean - Salisbury,price_band_2.0@ChildSingle,2.0
WDBC_1811_Inbound_AdultSingle_a9f4b9e2-e9ea-4456-80e3-47fe03b77367_639196380015744500.xml,WDBC,Go South Coast,Go South Coast 1811 Inbound,Bournemouth - Somerford,price_band_2.8@AdultSingle,2.8
SWWD_3002_Outbound_AdultReturn_a9f4b9e2-e9ea-4456-80e3-47fe03b77367_639196390378537219.xml,SWWD,Go South Coast,Go South Coast 3002 Outbound,Salisbury - Devizes,price_band_4.2@AdultReturn,4.2
TDTR_7042_Outbound_AdultSingle_a9f4b9e2-e9ea-4456-80e3-47fe03b77367_639196408363317556.xml,TDTR,Go South Coast,Go South Coast 7042 Outbound,Calne - St John's School,price_band_2.0@AdultSingle,2.0
DAMY_6020_Inbound_ChildSingle_a9f4b9e2-e9ea-4456-80e3-47fe03b77367_639196406032203739.xml,DAMY,Go South Coast,Go South Coast 6020 Inbound,Salisbury - Blandford,price_band_2.3@ChildSingle,2.3
WDBC_1762_Inbound_ChildSingle_a9f4b9e2-e9ea-4456-80e3-47fe03b77367_639196379158862028.xml,WDBC,Go South Coast,Go South Coast 1762 Inbound,Merley - Corfe Hills,price_band_1.9@ChildSingle,1.9
TDTR_7014_Inbound_YoungPersonSgl_a9f4b9e2-e9ea-4456-80e3-47fe03b77367_639196408191195596.xml,TDTR,Go South Coast,Go South Coast 7014 Inbound,Fleming Way - Eldene,price_band_2.5@YoungPersonSgl,2.5
WDBC_1744_Outbound_AdultSingle_a9f4b9e2-e9ea-4456-80e3-47fe03b77367_639196379105074165.xml,WDBC,Go South Coast,Go South Coast 1744 Outbound,Old Town - South Road Middle,price_band_2.7@AdultSingle,2.7
SVCT_5022_Inbound_YoungAdSingle_a9f4b9e2-e9ea-4456-80e3-47fe03b77367_639196404296367081.xml,SVCT,Go South Coast,Go South Coast 5022 Inbound,Shanklin - Community Route 22,price_band_3.0@YoungAdSingle,3.0
WDBC_1010_Outbound_ChildReturn_a9f4b9e2-e9ea-4456-80e3-47fe03b77367_639196370973107163.xml,WDBC,Go South Coast,Go South Coast 1010 Outbound,Poole - Lytchett Matravers,price_band_5.6@ChildReturn,5.6
WDBC_2186_Outbound_AdultReturn_a9f4b9e2-e9ea-4456-80e3-47fe03b77367_639196386768264192.xml,WDBC,Go South Coast,Go South Coast 2186 Outbound,Southampton - Lymington,price_band_4.5@AdultReturn,4.5
SWWD_3517_Inbound_AdultReturn_a9f4b9e2-e9ea-4456-80e3-47fe03b77367_639196399331085267.xml,SWWD,Go South Coast,Go South Coast 3517 Inbound,New Canal  - Lopcombe Corner,price_band_4.9@AdultReturn,4.9
SWWD_3108_Outbound_ChildSingle_a9f4b9e2-e9ea-4456-80e3-47fe03b77367_639196392478885861.xml,SWWD,Go South Coast,Go South Coast 3108 Outbound,Salisbury - Zouch Estate,price_band_3.0@ChildSingle,3.0
WDBC_6415_Outbound_AdultReturn_a9f4b9e2-e9ea-4456-80e3-47fe03b77367_639196406537134513.xml,WDBC,Go South Coast,Go South Coast 6415 Outbound,St Anns Hospital - Poole Grammar School,price_band_4.3@AdultReturn,4.3
SWWD_3002_Outbound_AdultReturn_a9f4b9e2-e9ea-4456-80e3-47fe03b77367_639196390378537219.xml,SWWD,Go South Coast,Go South Coast 3002 Outbound,Salisbury - Devizes,price_band_4.5@AdultReturn,4.5
WDBC_1811_Inbound_ChildReturn_a9f4b9e2-e9ea-4456-80e3-47fe03b77367_639196380030509078.xml,WDBC,Go South Coast,Go South Coast 1811 Inbound,Bournemouth - Somerford,price_band_3.4@ChildReturn,3.4
SWWD_3040_Outbound_ChildReturn_a9f4b9e2-e9ea-4456-80e3-47fe03b77367_639196391587779883.xml,SWWD,Go South Coast,Go South Coast 3040 Outbound,Salisbury - Woodfalls,price_band_2.6@ChildReturn,2.6
WDBC_1060_Inbound_AdultSingle_a9f4b9e2-e9ea-4456-80e3-47fe03b77367_639196376779273976.xml,WDBC,Go South Coast,Go South Coast 1060 Inbound,Rockley - Sandbanks,price_band_3.0@AdultSingle,3.0
SWWD_3366_Outbound_AdultReturn_a9f4b9e2-e9ea-4456-80e3-47fe03b77367_639196395728983544.xml,SWWD,Go South Coast,Go South Coast 3366 Outbound,South Wilts Grammar School - Idmiston,price_band_5.7@AdultReturn,5.7
DAMY_6307_Inbound_ChildReturn_a9f4b9e2-e9ea-4456-80e3-47fe03b77367_639196406428329780.xml,DAMY,Go South Coast,Go South Coast 6307 Inbound,Blandford - Shaftesbury,price_band_3.7@ChildReturn,3.7
WDBC_2906_Outbound_AdultSingle_2f1f0c04-770d-4707-ab06-213c5a798ad7_639196388476753346.xml,WDBC,Go South Coast,Go South Coast 2906 Outbound,Poole - Ringwood,price_band_1.0@AdultSingle,1.0
WDBC_2002_Inbound_ChildReturn_a9f4b9e2-e9ea-4456-80e3-47fe03b77367_639196385115015873.xml,WDBC,Go South Coast,Go South Coast 2002 Inbound,Bournemouth - Lymington,price_band_3.1@ChildReturn,3.1
SWWD_3663_Outbound_ChildSingle_a9f4b9e2-e9ea-4456-80e3-47fe03b77367_639196400043584586.xml,SWWD,Go South Coast,Go South Coast 3663 Outbound,Wilton Road  - Laverstock Schools,price_band_2.3@ChildSingle,2.3
DAMY_6001_Outbound_AdultReturn_a9f4b9e2-e9ea-4456-80e3-47fe03b77367_639196405906223450.xml,DAMY,Go South Coast,Go South Coast 6001 Outbound,Dorchester  - Dorchester,price_band_4.2@AdultReturn,4.2
SWWD_3002_Inbound_ChildReturn_a9f4b9e2-e9ea-4456-80e3-47fe03b77367_639196390217555892.xml,SWWD,Go South Coast,Go South Coast 3002 Inbound,Salisbury - Devizes,price_band_4.9@ChildReturn,4.9
SWWD_3726_Outbound_ChildSingle_a9f4b9e2-e9ea-4456-80e3-47fe03b77367_639196400421560426.xml,SWWD,Go South Coast,Go South Coast 3726 Outbound,Salisbury - East Knoyle,price_band_3.0@ChildSingle,3.0
BLUS_3634_Outbound_AdultSingle_a9f4b9e2-e9ea-4456-80e3-47fe03b77367_639196399678179226.xml,BLUS,Go South Coast,Go South Coast 3634 Outbound,East Wellow  - Romsey School,price_band_6.6@AdultSingle,6.6
SWWD_7086_Inbound_AdultReturn_a9f4b9e2-e9ea-4456-80e3-47fe03b77367_639196408875917253.xml,SWWD,Go South Coast,Go South Coast 7086 Inbound,Ansty - Shaftesbury,price_band_5.8@AdultReturn,5.8
TDTR_3820_Outbound_AdultSingle_a9f4b9e2-e9ea-4456-80e3-47fe03b77367_639196400549738554.xml,TDTR,Go South Coast,Go South Coast 3820 Outbound,Marlborough - Newbury,price_band_1.8@AdultSingle,1.8
SWWD_3451_Outbound_AdultReturn_a9f4b9e2-e9ea-4456-80e3-47fe03b77367_639196397896872194.xml,SWWD,Go South Coast,Go South Coast 3451 Outbound,Salisbury - Sling - Larkhill,price_band_5.5@AdultReturn,5.5
WDBC_1013_Inbound_AdultSingle_a9f4b9e2-e9ea-4456-80e3-47fe03b77367_639196371199580017.xml,WDBC,Go South Coast,Go South Coast 1013 Inbound,Bournemouth - Wimborne,price_band_2.8@AdultSingle,2.8
SWWD_3329_Outbound_AdultReturn_a9f4b9e2-e9ea-4456-80e3-47fe03b77367_639196395680614135.xml,SWWD,Go South Coast,Go South Coast 3329 Outbound,Salisbury - Broad Chalke,price_band_4.2@AdultReturn,4.2
TDTR_7080_Outbound_AdultSingle_a9f4b9e2-e9ea-4456-80e3-47fe03b77367_639196408832630581.xml,TDTR,Go South Coast,Go South Coast 7080 Outbound,Swindon - Marlborough,price_band_2.4@AdultSingle,2.4
WDBC_1951_Inbound_ChildReturn_a9f4b9e2-e9ea-4456-80e3-47fe03b77367_639196384076851000.xml,WDBC,Go South Coast,Go South Coast 1951 Inbound,Bournemouth - Sandbanks,price_band_3.1@ChildReturn,3.1
WDBC_1054_Outbound_AdultSingle_d46597a9-440e-4c13-b49a-76a3986683d1_639196376704755080.xml,WDBC,Go South Coast,Go South Coast 1054 Outbound,Poole - Wimborne,price_band_2.2@AdultSingle,2.2
WDBC_1950_Outbound_ChildSingle_2f1f0c04-770d-4707-ab06-213c5a798ad7_639196384045180142.xml,WDBC,Go South Coast,Go South Coast 1950 Outbound,Bournemouth - Swanage,price_band_2.8@ChildSingle,2.8
SWWD_3326_Outbound_AdultSingle_a9f4b9e2-e9ea-4456-80e3-47fe03b77367_639196395258781588.xml,SWWD,Go South Coast,Go South Coast 3326 Outbound,Salisbury - Hindon,price_band_2.7@AdultSingle,2.7
SWWD_3533_Inbound_ChildReturn_a9f4b9e2-e9ea-4456-80e3-47fe03b77367_639196399578633562.xml,SWWD,Go South Coast,Go South Coast 3533 Inbound,Dinton - City Centre,price_band_4.3@ChildReturn,4.3
WDBC_1837_Outbound_ChildSingle_a9f4b9e2-e9ea-4456-80e3-47fe03b77367_639196381935312133.xml,WDBC,Go South Coast,Go South Coast 1837 Outbound,Bournemouth - Bournemouth International Airport,price_band_2.2@ChildSingle,2.2
SWWD_3886_Outbound_ChildReturn_a9f4b9e2-e9ea-4456-80e3-47fe03b77367_639196400881003393.xml,SWWD,Go South Coast,Go South Coast 3886 Outbound,St Peters Place  - Burgate School,price_band_4.5@ChildReturn,4.5
UNIL_4711_Inbound_AdultSingle_eed5e2e8-c472-41af-825e-db09ec887334_639196403189942660.xml,UNIL,Go South Coast,Go South Coast 4711 Inbound,Eastleigh - NOCS,price_band_1.0@AdultSingle,1.0
WDBC_1002_Outbound_AdultSingle_d46597a9-440e-4c13-b49a-76a3986683d1_639196370241100058.xml,WDBC,Go South Coast,Go South Coast 1002 Outbound,Poole - Southbourne,price_band_1.0@AdultSingle,1.0
BLUS_3634_Outbound_ChildReturn_a9f4b9e2-e9ea-4456-80e3-47fe03b77367_639196399704054492.xml,BLUS,Go South Coast,Go South Coast 3634 Outbound,East Wellow  - Romsey School,price_band_2.5@ChildReturn,2.5
BLUS_4024_Inbound_AdultSingle_a9f4b9e2-e9ea-4456-80e3-47fe03b77367_639196402442825650.xml,BLUS,Go South Coast,Go South Coast 4024 Inbound,Eastleigh - Hedge End,price_band_2.8@AdultSingle,2.8
WDBC_1908_Inbound_ChildSingle_2f1f0c04-770d-4707-ab06-213c5a798ad7_639196383454951234.xml,WDBC,Go South Coast,Go South Coast 1908 Inbound,Poole - Blandford,price_band_3.0@ChildSingle,3.0
SWWD_3650_Outbound_ChildSingle_a9f4b9e2-e9ea-4456-80e3-47fe03b77367_639196399992398548.xml,SWWD,Go South Coast,Go South Coast 3650 Outbound,Laverstock Schools  - West Harnham,price_band_1.9@ChildSingle,1.9
TDTR_7091_Outbound_YoungPersonSgl_a9f4b9e2-e9ea-4456-80e3-47fe03b77367_639196408948536679.xml,TDTR,Go South Coast,Go South Coast 7091 Outbound,Orbital Park - GW Hospital,price_band_2.5@YoungPersonSgl,2.5
TDTR_7013_Outbound_YoungPersonSgl_a9f4b9e2-e9ea-4456-80e3-47fe03b77367_639196408184465048.xml,TDTR,Go South Coast,Go South Coast 7013 Outbound,Fleming Way - Eldene,price_band_1.8@YoungPersonSgl,1.8
SWWD_3407_Inbound_ChildSingle_eed5e2e8-c472-41af-825e-db09ec887334_639196397292729766.xml,SWWD,Go South Coast,Go South Coast 3407 Inbound,Salisbury - Southampton,price_band_2.3@ChildSingle,2.3
WDBC_1801_Outbound_ChildSingle_a9f4b9e2-e9ea-4456-80e3-47fe03b77367_639196379506331845.xml,WDBC,Go South Coast,Go South Coast 1801 Outbound,Bournemouth - Christchurch,price_band_2.5@ChildSingle,2.5
SWWD_3517_Inbound_AdultSingle_a9f4b9e2-e9ea-4456-80e3-47fe03b77367_639196399319753370.xml,SWWD,Go South Coast,Go South Coast 3517 Inbound,New Canal  - Lopcombe Corner,price_band_2.3@AdultSingle,2.3
SWWD_3044_Inbound_ChildReturn_a9f4b9e2-e9ea-4456-80e3-47fe03b77367_639196391654830182.xml,SWWD,Go South Coast,Go South Coast 3044 Inbound,Salisbury - Woodfalls,price_band_5.6@ChildReturn,5.6
WDBC_1003_Inbound_ChildSingle_a9f4b9e2-e9ea-4456-80e3-47fe03b77367_639196370385475012.xml,WDBC,Go South Coast,Go South Coast 1003 Inbound,Poole - Wimborne,price_band_2.8@ChildSingle,2.8
SWWD_7086_Inbound_AdultSingle_a9f4b9e2-e9ea-4456-80e3-47fe03b77367_639196408869823674.xml,SWWD,Go South Coast,Go South Coast 7086 Inbound,Ansty - Shaftesbury,price_band_3.0@AdultSingle,3.0
WDBC_1806_Outbound_ChildReturn_a9f4b9e2-e9ea-4456-80e3-47fe03b77367_639196379964545373.xml,WDBC,Go South Coast,Go South Coast 1806 Outbound,Bournemouth - Wimborne,price_band_3.9@ChildReturn,3.9
WDBC_1013_Inbound_ChildSingle_a9f4b9e2-e9ea-4456-80e3-47fe03b77367_639196371262982949.xml,WDBC,Go South Coast,Go South Coast 1013 Inbound,Bournemouth - Wimborne,price_band_2.1@ChildSingle,2.1
WDBC_1802_Outbound_AdultSingle_2f1f0c04-770d-4707-ab06-213c5a798ad7_639196379633028790.xml,WDBC,Go South Coast,Go South Coast 1802 Outbound,Bournemouth - Castlepoint,price_band_1.0@AdultSingle,1.0
SWWD_3886_Inbound_AdultReturn_a9f4b9e2-e9ea-4456-80e3-47fe03b77367_639196400873165727.xml,SWWD,Go South Coast,Go South Coast 3886 Inbound,St Peters Place  - Burgate School,price_band_4.5@AdultReturn,4.5
TDTR_7180_Inbound_AdultReturn_a9f4b9e2-e9ea-4456-80e3-47fe03b77367_639196409498292008.xml,TDTR,Go South Coast,Go South Coast 7180 Inbound,Marlborough - Ludgershall,price_band_4.1@AdultReturn,4.1
WDBC_1013_Inbound_ChildReturn_a9f4b9e2-e9ea-4456-80e3-47fe03b77367_639196371231761902.xml,WDBC,Go South Coast,Go South Coast 1013 Inbound,Bournemouth - Wimborne,price_band_3.1@ChildReturn,3.1
SWWD_3372_Outbound_ChildSingle_a9f4b9e2-e9ea-4456-80e3-47fe03b77367_639196395801189302.xml,SWWD,Go South Coast,Go South Coast 3372 Outbound,City Centre - Bishopdown,price_band_2.3@ChildSingle,2.3
UNIL_4702_Outbound_AdultSingle_a9f4b9e2-e9ea-4456-80e3-47fe03b77367_639196403089929134.xml,UNIL,Go South Coast,Go South Coast 4702 Outbound,Mayflower Halls - Bassett Green,price_band_2.6@AdultSingle,2.6
WDBC_2112_Inbound_AdultReturn_a9f4b9e2-e9ea-4456-80e3-47fe03b77367_639196386272766907.xml,WDBC,Go South Coast,Go South Coast 2112 Inbound,Hythe - Lymington,price_band_6.0@AdultReturn,6.0
SWWD_7210_Outbound_ChildSingle_a9f4b9e2-e9ea-4456-80e3-47fe03b77367_639196409722132137.xml,SWWD,Go South Coast,Go South Coast 7210 Outbound,Figheldean - Devizes,price_band_1.5@ChildSingle,1.5
UNIL_4709_Outbound_AdultSingle_f15d1b06-486f-433a-8991-95f1a97a87e0_639196403156065890.xml,UNIL,Go South Coast,Go South Coast 4709 Outbound,Townhill Park - General Hospital,price_band_1.0@AdultSingle,1.0
WDBC_2002_Outbound_AdultReturn_a9f4b9e2-e9ea-4456-80e3-47fe03b77367_639196385363795459.xml,WDBC,Go South Coast,Go South Coast 2002 Outbound,Bournemouth - Lymington,price_band_4.2@AdultReturn,4.2
SWWD_3726_Inbound_AdultReturn_a9f4b9e2-e9ea-4456-80e3-47fe03b77367_639196400332138382.xml,SWWD,Go South Coast,Go South Coast 3726 Inbound,Salisbury - East Knoyle,price_band_5.4@AdultReturn,5.4
TDTR_7533_Outbound_ChildSingle_a9f4b9e2-e9ea-4456-80e3-47fe03b77367_639196409821024186.xml,TDTR,Go South Coast,Go South Coast 7533 Outbound,Oakhurst - Cirencester College,price_band_5.2@ChildSingle,5.2
SVCT_5104_Inbound_ChildSingle_a9f4b9e2-e9ea-4456-80e3-47fe03b77367_639196404928055440.xml,SVCT,Go South Coast,Go South Coast 5104 Inbound,East Cowes - Ryde,price_band_1.8@ChildSingle,1.8
SVCT_5006_Outbound_AdultSingle_a9f4b9e2-e9ea-4456-80e3-47fe03b77367_639196403949520488.xml,SVCT,Go South Coast,Go South Coast 5006 Outbound,Newport  - Ventnor,price_band_3.0@AdultSingle,3.0
SVCT_5271_Outbound_YoungAdSingle_a9f4b9e2-e9ea-4456-80e3-47fe03b77367_639196405669692140.xml,SVCT,Go South Coast,Go South Coast 5271 Outbound,Ryde - Ventnor,price_band_3.0@YoungAdSingle,3.0
SWWD_3087_Inbound_ChildReturn_a9f4b9e2-e9ea-4456-80e3-47fe03b77367_639196391743039552.xml,SWWD,Go South Coast,Go South Coast 3087 Inbound,South Wilts Grammar School - Lopcombe Corner,price_band_4.9@ChildReturn,4.9
WDBC_2001_Outbound_AdultSingle_d46597a9-440e-4c13-b49a-76a3986683d1_639196384950837973.xml,WDBC,Go South Coast,Go South Coast 2001 Outbound,Bournemouth - Lymington,price_band_3.0@AdultSingle,3.0
WDBC_6416_Outbound_AdultSingle_a9f4b9e2-e9ea-4456-80e3-47fe03b77367_639196406641168017.xml,WDBC,Go South Coast,Go South Coast 6416 Outbound,Penn Hill Avenue  - Poole Grammar School,price_band_3.5@AdultSingle,3.5
BLUS_4005_Outbound_AdultReturn_a9f4b9e2-e9ea-4456-80e3-47fe03b77367_639196401231112026.xml,BLUS,Go South Coast,Go South Coast 4005 Outbound,Boyatt Wood - Romsey,price_band_4.5@AdultReturn,4.5
BLUS_4005_Inbound_AdultReturn_a9f4b9e2-e9ea-4456-80e3-47fe03b77367_639196401194786333.xml,BLUS,Go South Coast,Go South Coast 4005 Inbound,Boyatt Wood - Romsey,price_band_4.9@AdultReturn,4.9
WDBC_1646_Outbound_ChildSingle_d46597a9-440e-4c13-b49a-76a3986683d1_639196379007131887.xml,WDBC,Go South Coast,Go South Coast 1646 Outbound,Dorchester House  - Talbot Campus,price_band_1.0@ChildSingle,1.0
WDBC_6419_Outbound_ChildReturn_a9f4b9e2-e9ea-4456-80e3-47fe03b77367_639196406818586499.xml,WDBC,Go South Coast,Go South Coast 6419 Outbound,Compton Avenue - Poole Grammar,price_band_2.9@ChildReturn,2.9
WDBC_3882_Outbound_ChildSingle_a9f4b9e2-e9ea-4456-80e3-47fe03b77367_639196400658406968.xml,WDBC,Go South Coast,Go South Coast 3882 Outbound,Stratford Road Grammar School - Burgate School,price_band_2.3@ChildSingle,2.3
WDBC_2761_Inbound_AdultSingle_a9f4b9e2-e9ea-4456-80e3-47fe03b77367_639196387434425384.xml,WDBC,Go South Coast,Go South Coast 2761 Inbound,Bunkers Hill Cottage - Priestlands School,price_band_4.1@AdultSingle,4.1
WDBC_1801_Inbound_ChildReturn_a9f4b9e2-e9ea-4456-80e3-47fe03b77367_639196379440228067.xml,WDBC,Go South Coast,Go South Coast 1801 Inbound,Bournemouth - Christchurch,price_band_3.1@ChildReturn,3.1
SWWD_3125_Outbound_AdultReturn_a9f4b9e2-e9ea-4456-80e3-47fe03b77367_639196392943572625.xml,SWWD,Go South Coast,Go South Coast 3125 Outbound,South Wilts Grammar School - Hindon,price_band_6.0@AdultReturn,6.0
