source_file,operator_ref,operator_name,line_name,line_description,price_id,amount_gbp
TDTR_7538_Inbound_AdultSingle_a9f4b9e2-e9ea-4456-80e3-47fe03b77367_639196409909129812.xml,TDTR,Go South Coast,Go South Coast 7538 Inbound,Bridgemead - Cirencester College,price_band_5.2@AdultSingle,5.2
WDBC_2001_Inbound_AdultSingle_d46597a9-440e-4c13-b49a-76a3986683d1_639196384561232347.xml,WDBC,Go South Coast,Go South Coast 2001 Inbound,Bournemouth - Lymington,price_band_2.5@AdultSingle,2.5
WDBC_2761_Outbound_AdultSingle_a9f4b9e2-e9ea-4456-80e3-47fe03b77367_639196387448312966.xml,WDBC,Go South Coast,Go South Coast 2761 Outbound,Bunkers Hill Cottage - Priestlands School,price_band_4.1@AdultSingle,4.1
WDBC_2191_Outbound_ChildReturn_a9f4b9e2-e9ea-4456-80e3-47fe03b77367_639196386878224070.xml,WDBC,Go South Coast,Go South Coast 2191 Outbound,New Milton - New Milton,price_band_3.8@ChildReturn,3.8
SWWD_3885_Outbound_ChildReturn_a9f4b9e2-e9ea-4456-80e3-47fe03b77367_639196400840543507.xml,SWWD,Go South Coast,Go South Coast 3885 Outbound,Whaddon - Burgate School,price_band_2.5@ChildReturn,2.5
WDBC_1801_Outbound_ChildSingle_a9f4b9e2-e9ea-4456-80e3-47fe03b77367_639196379506331845.xml,WDBC,Go South Coast,Go South Coast 1801 Outbound,Bournemouth - Christchurch,price_band_1.9@ChildSingle,1.9
BLUS_4805_Inbound_AdultReturn_a9f4b9e2-e9ea-4456-80e3-47fe03b77367_639196403360329895.xml,BLUS,Go South Coast,Go South Coast 4805 Inbound,Boyatt Wood - Shootash,price_band_6.0@AdultReturn,6.0
WDBC_1003_Inbound_AdultSingle_d46597a9-440e-4c13-b49a-76a3986683d1_639196370402684632.xml,WDBC,Go South Coast,Go South Coast 1003 Inbound,Poole - Wimborne,price_band_2.3@AdultSingle,2.3
WDBC_6448_Inbound_AdultReturn_a9f4b9e2-e9ea-4456-80e3-47fe03b77367_639196406841589346.xml,WDBC,Go South Coast,Go South Coast 6448 Inbound,Furnell Road - Parkstone Grammar,price_band_5.1@AdultReturn,5.1
WDBC_1833_Inbound_ChildSingle_a9f4b9e2-e9ea-4456-80e3-47fe03b77367_639196381598838673.xml,WDBC,Go South Coast,Go South Coast 1833 Inbound,Alum Chine - Castlepoint,price_band_2.3@ChildSingle,2.3
WDBC_6943_Inbound_ChildReturn_a9f4b9e2-e9ea-4456-80e3-47fe03b77367_639196407994428424.xml,WDBC,Go South Coast,Go South Coast 6943 Inbound,Lulworth - Weymouth,price_band_4.0@ChildReturn,4.0
SWWD_3451_Outbound_ChildReturn_a9f4b9e2-e9ea-4456-80e3-47fe03b77367_639196397922008390.xml,SWWD,Go South Coast,Go South Coast 3451 Outbound,Salisbury - Sling - Larkhill,price_band_5.3@ChildReturn,5.3
SWWD_3008_Outbound_AdultReturn_a9f4b9e2-e9ea-4456-80e3-47fe03b77367_639196390919631158.xml,SWWD,Go South Coast,Go South Coast 3008 Outbound,Salisbury - Zouch Estate,price_band_4.9@AdultReturn,4.9
WDBC_1950_Outbound_AdultSingle_d46597a9-440e-4c13-b49a-76a3986683d1_639196384021056214.xml,WDBC,Go South Coast,Go South Coast 1950 Outbound,Bournemouth - Swanage,price_band_1.0@AdultSingle,1.0
WDBC_2176_Outbound_ChildSingle_a9f4b9e2-e9ea-4456-80e3-47fe03b77367_639196386600673694.xml,WDBC,Go South Coast,Go South Coast 2176 Outbound,Christchurch - Ringwood,price_band_2.1@ChildSingle,2.1
SWWD_3883_Outbound_AdultSingle_a9f4b9e2-e9ea-4456-80e3-47fe03b77367_639196400690757195.xml,SWWD,Go South Coast,Go South Coast 3883 Outbound,Bishopdown Farm  - Burgate School,price_band_2.6@AdultSingle,2.6
SWWD_3325_Outbound_AdultSingle_a9f4b9e2-e9ea-4456-80e3-47fe03b77367_639196394942240928.xml,SWWD,Go South Coast,Go South Coast 3325 Outbound,South Wilts Grammar School - Hindon,price_band_2.3@AdultSingle,2.3
WDBC_1789_Inbound_ChildSingle_a9f4b9e2-e9ea-4456-80e3-47fe03b77367_639196379342289488.xml,WDBC,Go South Coast,Go South Coast 1789 Inbound,Bournemouth School for Girls - Lymington,price_band_3.5@ChildSingle,3.5
WDBC_2762_Inbound_ChildReturn_a9f4b9e2-e9ea-4456-80e3-47fe03b77367_639196387465695948.xml,WDBC,Go South Coast,Go South Coast 2762 Inbound,Keyhaven Road  - Priestlands School,price_band_4.0@ChildReturn,4.0
WDBC_1017_Outbound_ChildReturn_a9f4b9e2-e9ea-4456-80e3-47fe03b77367_639196372944669512.xml,WDBC,Go South Coast,Go South Coast 1017 Outbound,Poole - Bournemouth,price_band_2.8@ChildReturn,2.8
WDBC_1054_Inbound_ChildSingle_a9f4b9e2-e9ea-4456-80e3-47fe03b77367_639196376520950971.xml,WDBC,Go South Coast,Go South Coast 1054 Inbound,Poole - Wimborne,price_band_2.8@ChildSingle,2.8
WDBC_1762_Inbound_ChildSingle_a9f4b9e2-e9ea-4456-80e3-47fe03b77367_639196379158862028.xml,WDBC,Go South Coast,Go South Coast 1762 Inbound,Merley - Corfe Hills,price_band_2.1@ChildSingle,2.1
WDBC_2762_Inbound_ChildSingle_a9f4b9e2-e9ea-4456-80e3-47fe03b77367_639196387468944842.xml,WDBC,Go South Coast,Go South Coast 2762 Inbound,Keyhaven Road  - Priestlands School,price_band_3.0@ChildSingle,3.0
WDBC_1013_Inbound_ChildSingle_d46597a9-440e-4c13-b49a-76a3986683d1_639196371388291411.xml,WDBC,Go South Coast,Go South Coast 1013 Inbound,Bournemouth - Wimborne,price_band_1.9@ChildSingle,1.9
WDBC_6450_Outbound_ChildSingle_a9f4b9e2-e9ea-4456-80e3-47fe03b77367_639196407036120823.xml,WDBC,Go South Coast,Go South Coast 6450 Outbound,Wallisdown - Parkstone Grammar,price_band_1.9@ChildSingle,1.9
WDBC_1013_Outbound_ChildSingle_a9f4b9e2-e9ea-4456-80e3-47fe03b77367_639196371513119631.xml,WDBC,Go South Coast,Go South Coast 1013 Outbound,Bournemouth - Wimborne,price_band_2.8@ChildSingle,2.8
WDBC_1013_Outbound_ChildSingle_2f1f0c04-770d-4707-ab06-213c5a798ad7_639196371605999149.xml,WDBC,Go South Coast,Go South Coast 1013 Outbound,Bournemouth - Wimborne,price_band_2.8@ChildSingle,2.8
WDBC_1038_Outbound_AdultReturn_a9f4b9e2-e9ea-4456-80e3-47fe03b77367_639196374702209593.xml,WDBC,Go South Coast,Go South Coast 1038 Outbound,Ferndown - Ringwood,price_band_4.5@AdultReturn,4.5
SWWD_3533_Inbound_ChildReturn_a9f4b9e2-e9ea-4456-80e3-47fe03b77367_639196399578633562.xml,SWWD,Go South Coast,Go South Coast 3533 Inbound,Dinton - City Centre,price_band_3.5@ChildReturn,3.5
WDBC_1011_Inbound_ChildSingle_a9f4b9e2-e9ea-4456-80e3-47fe03b77367_639196371010936977.xml,WDBC,Go South Coast,Go South Coast 1011 Inbound,Bournemouth - Canford Paddock,price_band_2.2@ChildSingle,2.2
SWWD_3726_Inbound_ChildReturn_a9f4b9e2-e9ea-4456-80e3-47fe03b77367_639196400360478429.xml,SWWD,Go South Coast,Go South Coast 3726 Inbound,Salisbury - East Knoyle,price_band_3.2@ChildReturn,3.2
WDBC_1762_Outbound_ChildReturn_a9f4b9e2-e9ea-4456-80e3-47fe03b77367_639196379183472900.xml,WDBC,Go South Coast,Go South Coast 1762 Outbound,Merley - Corfe Hills,price_band_3.3@ChildReturn,3.3
TDTR_7537_Inbound_ChildSingle_a9f4b9e2-e9ea-4456-80e3-47fe03b77367_639196409893275105.xml,TDTR,Go South Coast,Go South Coast 7537 Inbound,Highworth - Cirencester College,price_band_5.2@ChildSingle,5.2
SWWD_3102_Outbound_AdultReturn_a9f4b9e2-e9ea-4456-80e3-47fe03b77367_639196392182546296.xml,SWWD,Go South Coast,Go South Coast 3102 Outbound,Salisbury - Devizes,price_band_5.4@AdultReturn,5.4
DAMY_6020_Inbound_ChildReturn_a9f4b9e2-e9ea-4456-80e3-47fe03b77367_639196406048919444.xml,DAMY,Go South Coast,Go South Coast 6020 Inbound,Salisbury - Blandford,price_band_2.5@ChildReturn,2.5
SWWD_3885_Outbound_ChildReturn_a9f4b9e2-e9ea-4456-80e3-47fe03b77367_639196400840543507.xml,SWWD,Go South Coast,Go South Coast 3885 Outbound,Whaddon - Burgate School,price_band_2.6@ChildReturn,2.6
BLUS_4009_Outbound_AdultReturn_a9f4b9e2-e9ea-4456-80e3-47fe03b77367_639196401589223450.xml,BLUS,Go South Coast,Go South Coast 4009 Outbound,Southampton - Langley/Fawley,price_band_4.5@AdultReturn,4.5
WDBC_1811_Inbound_AdultSingle_a9f4b9e2-e9ea-4456-80e3-47fe03b77367_639196380015744500.xml,WDBC,Go South Coast,Go South Coast 1811 Inbound,Bournemouth - Somerford,price_band_3.0@AdultSingle,3.0
TDTR_7217_Outbound_AdultSingle_a9f4b9e2-e9ea-4456-80e3-47fe03b77367_639196409724944833.xml,TDTR,Go South Coast,Go South Coast 7217 Outbound,Marlborough - Marlborough,price_band_2.0@AdultSingle,2.0
TDTR_7012_Inbound_YoungPersonSgl_a9f4b9e2-e9ea-4456-80e3-47fe03b77367_639196408157786588.xml,TDTR,Go South Coast,Go South Coast 7012 Inbound,Oakhurst - Great Western Hospital,price_band_2.2@YoungPersonSgl,2.2
BLUS_3634_Outbound_ChildSingle_a9f4b9e2-e9ea-4456-80e3-47fe03b77367_639196399696272220.xml,BLUS,Go South Coast,Go South Coast 3634 Outbound,East Wellow  - Romsey School,price_band_3.1@ChildSingle,3.1
SWWD_3885_Outbound_AdultReturn_a9f4b9e2-e9ea-4456-80e3-47fe03b77367_639196400807148431.xml,SWWD,Go South Coast,Go South Coast 3885 Outbound,Whaddon - Burgate School,price_band_3.7@AdultReturn,3.7
WDBC_1013_Inbound_AdultSingle_2f1f0c04-770d-4707-ab06-213c5a798ad7_639196371296367843.xml,WDBC,Go South Coast,Go South Coast 1013 Inbound,Bournemouth - Wimborne,price_band_1.0@AdultSingle,1.0
WDBC_1170_Outbound_AdultReturn_a9f4b9e2-e9ea-4456-80e3-47fe03b77367_639196378445188342.xml,WDBC,Go South Coast,Go South Coast 1170 Outbound,Rockley Park - Hengistbury Head,price_band_4.2@AdultReturn,4.2
WDBC_1833_Outbound_ChildReturn_a9f4b9e2-e9ea-4456-80e3-47fe03b77367_639196381707335126.xml,WDBC,Go South Coast,Go South Coast 1833 Outbound,Alum Chine - Castlepoint,price_band_3.4@ChildReturn,3.4
SVCT_5263_Outbound_ChildSingle_a9f4b9e2-e9ea-4456-80e3-47fe03b77367_639196405624160242.xml,SVCT,Go South Coast,Go South Coast 5263 Outbound,Newport - Ventnor,price_band_1.8@ChildSingle,1.8
WDBC_6415_Outbound_ChildReturn_a9f4b9e2-e9ea-4456-80e3-47fe03b77367_639196406567395495.xml,WDBC,Go South Coast,Go South Coast 6415 Outbound,St Anns Hospital - Poole Grammar School,price_band_2.3@ChildReturn,2.3
TDTR_7533_Outbound_AdultSingle_a9f4b9e2-e9ea-4456-80e3-47fe03b77367_639196409816686734.xml,TDTR,Go South Coast,Go South Coast 7533 Outbound,Oakhurst - Cirencester College,price_band_5.2@AdultSingle,5.2
SWWD_3326_Inbound_AdultSingle_a9f4b9e2-e9ea-4456-80e3-47fe03b77367_639196395080759962.xml,SWWD,Go South Coast,Go South Coast 3326 Inbound,Salisbury - Hindon,price_band_3.0@AdultSingle,3.0
WDBC_2953_Outbound_ChildReturn_a9f4b9e2-e9ea-4456-80e3-47fe03b77367_639196388918636375.xml,WDBC,Go South Coast,Go South Coast 2953 Outbound,Salisbury - Ringwood,price_band_4.6@ChildReturn,4.6
SVCT_5262_Outbound_YoungAdSingle_a9f4b9e2-e9ea-4456-80e3-47fe03b77367_639196405610628824.xml,SVCT,Go South Coast,Go South Coast 5262 Outbound,Newport - Sandown,price_band_2.4@YoungAdSingle,2.4
TDTR_7148_Outbound_AdultReturn_a9f4b9e2-e9ea-4456-80e3-47fe03b77367_639196409191504641.xml,TDTR,Go South Coast,Go South Coast 7148 Outbound,Swindon - Marlborough,price_band_3.6@AdultReturn,3.6
BLUS_4004_Outbound_ChildSingle_a9f4b9e2-e9ea-4456-80e3-47fe03b77367_639196401164102651.xml,BLUS,Go South Coast,Go South Coast 4004 Outbound,Southampton - Romsey,price_band_2.5@ChildSingle,2.5
WDBC_6943_Outbound_AdultSingle_a9f4b9e2-e9ea-4456-80e3-47fe03b77367_639196408006358807.xml,WDBC,Go South Coast,Go South Coast 6943 Outbound,Lulworth - Weymouth,price_band_3.0@AdultSingle,3.0
WDBC_1170_Inbound_ChildSingle_a9f4b9e2-e9ea-4456-80e3-47fe03b77367_639196378199693405.xml,WDBC,Go South Coast,Go South Coast 1170 Inbound,Rockley Park - Hengistbury Head,price_band_1.9@ChildSingle,1.9
TDTR_7148_Inbound_ChildReturn_a9f4b9e2-e9ea-4456-80e3-47fe03b77367_639196409158228761.xml,TDTR,Go South Coast,Go South Coast 7148 Inbound,Swindon - Marlborough,price_band_1.8@ChildReturn,1.8
WDBC_2906_Outbound_ChildSingle_d46597a9-440e-4c13-b49a-76a3986683d1_639196388617865658.xml,WDBC,Go South Coast,Go South Coast 2906 Outbound,Poole - Ringwood,price_band_1.9@ChildSingle,1.9
BLUS_4011_Inbound_ChildReturn_a9f4b9e2-e9ea-4456-80e3-47fe03b77367_639196401698648584.xml,BLUS,Go South Coast,Go South Coast 4011 Inbound,Southampton - West Totton,price_band_2.6@ChildReturn,2.6
WDBC_1642_Inbound_AdultSingle_a9f4b9e2-e9ea-4456-80e3-47fe03b77367_639196378780844486.xml,WDBC,Go South Coast,Go South Coast 1642 Inbound,Poole  - Talbot Campus,price_band_2.4@AdultSingle,2.4
WDBC_1806_Inbound_AdultSingle_a9f4b9e2-e9ea-4456-80e3-47fe03b77367_639196379849661818.xml,WDBC,Go South Coast,Go South Coast 1806 Inbound,Bournemouth - Wimborne,price_band_2.8@AdultSingle,2.8
SWWD_3883_Outbound_ChildReturn_a9f4b9e2-e9ea-4456-80e3-47fe03b77367_639196400706529365.xml,SWWD,Go South Coast,Go South Coast 3883 Outbound,Bishopdown Farm  - Burgate School,price_band_2.4@ChildReturn,2.4
WDBC_1951_Outbound_ChildReturn_a9f4b9e2-e9ea-4456-80e3-47fe03b77367_639196384165233519.xml,WDBC,Go South Coast,Go South Coast 1951 Outbound,Bournemouth - Sandbanks,price_band_3.1@ChildReturn,3.1
WDBC_1016_Outbound_ChildSingle_a9f4b9e2-e9ea-4456-80e3-47fe03b77367_639196372360236986.xml,WDBC,Go South Coast,Go South Coast 1016 Outbound,Poole - Bournemouth,price_band_2.1@ChildSingle,2.1
SWWD_3883_Outbound_AdultReturn_a9f4b9e2-e9ea-4456-80e3-47fe03b77367_639196400696963986.xml,SWWD,Go South Coast,Go South Coast 3883 Outbound,Bishopdown Farm  - Burgate School,price_band_6.0@AdultReturn,6.0
WDBC_1951_Inbound_AdultSingle_2f1f0c04-770d-4707-ab06-213c5a798ad7_639196384135641515.xml,WDBC,Go South Coast,Go South Coast 1951 Inbound,Bournemouth - Sandbanks,price_band_1.0@AdultSingle,1.0
WDBC_1818_Outbound_AdultReturn_a9f4b9e2-e9ea-4456-80e3-47fe03b77367_639196380399900307.xml,WDBC,Go South Coast,Go South Coast 1818 Outbound,Bournemouth - Broadstone,price_band_4.2@AdultReturn,4.2
WDBC_1818_Inbound_ChildSingle_a9f4b9e2-e9ea-4456-80e3-47fe03b77367_639196380178151392.xml,WDBC,Go South Coast,Go South Coast 1818 Inbound,Bournemouth - Broadstone,price_band_2.2@ChildSingle,2.2
BLUS_4805_Inbound_AdultSingle_a9f4b9e2-e9ea-4456-80e3-47fe03b77367_639196403425183950.xml,BLUS,Go South Coast,Go South Coast 4805 Inbound,Boyatt Wood - Shootash,price_band_2.5@AdultSingle,2.5
WDBC_1755_Inbound_AdultReturn_a9f4b9e2-e9ea-4456-80e3-47fe03b77367_639196379118491872.xml,WDBC,Go South Coast,Go South Coast 1755 Inbound,Bournemouth Station - Bournemouth School for Girls,price_band_5.4@AdultReturn,5.4
WDBC_1050_Outbound_ChildReturn_a9f4b9e2-e9ea-4456-80e3-47fe03b77367_639196375675418878.xml,WDBC,Go South Coast,Go South Coast 1050 Outbound,Bournemouth Station - Swanage,price_band_1.0@ChildReturn,1.0
BLUS_8438_Outbound_AdultReturn_a9f4b9e2-e9ea-4456-80e3-47fe03b77367_639196410472239547.xml,BLUS,Go South Coast,Go South Coast 8438 Outbound,Winchester - Petersfield,price_band_4.2@AdultReturn,4.2
WDBC_2618_Outbound_AdultSingle_a9f4b9e2-e9ea-4456-80e3-47fe03b77367_639196387257164916.xml,WDBC,Go South Coast,Go South Coast 2618 Outbound,Cooper Dean - Brockenhurst College,price_band_6.0@AdultSingle,6.0
UNIL_4716_Inbound_ChildSingle_a9f4b9e2-e9ea-4456-80e3-47fe03b77367_639196403228888554.xml,UNIL,Go South Coast,Go South Coast 4716 Inbound,General Hospital - NOCS,price_band_2.0@ChildSingle,2.0
WDBC_1003_Outbound_ChildSingle_d46597a9-440e-4c13-b49a-76a3986683d1_639196370492659200.xml,WDBC,Go South Coast,Go South Coast 1003 Outbound,Poole - Wimborne,price_band_1.0@ChildSingle,1.0
SWWD_3405_Inbound_ChildReturn_a9f4b9e2-e9ea-4456-80e3-47fe03b77367_639196396561961188.xml,SWWD,Go South Coast,Go South Coast 3405 Inbound,Salisbury - Pewsey,price_band_4.8@ChildReturn,4.8
SVCT_8502_Outbound_YoungAdSingle_a9f4b9e2-e9ea-4456-80e3-47fe03b77367_639196410644293578.xml,SVCT,Go South Coast,Go South Coast 8502 Outbound,Downs - Breezer,price_band_4.4@YoungAdSingle,4.4
WDBC_1101_Outbound_AdultSingle_a9f4b9e2-e9ea-4456-80e3-47fe03b77367_639196377219768451.xml,WDBC,Go South Coast,Go South Coast 1101 Outbound,Poole - Poole Town Circular,price_band_1.9@AdultSingle,1.9
SVCT_5103_Inbound_ChildSingle_a9f4b9e2-e9ea-4456-80e3-47fe03b77367_639196404851672867.xml,SVCT,Go South Coast,Go South Coast 5103 Inbound,Ryde  - Newport,price_band_2.4@ChildSingle,2.4
BLUS_4805_Outbound_AdultSingle_f15d1b06-486f-433a-8991-95f1a97a87e0_639196403486013807.xml,BLUS,Go South Coast,Go South Coast 4805 Outbound,Boyatt Wood - Shootash,price_band_1.0@AdultSingle,1.0
BLUS_4103_Inbound_ChildSingle_eed5e2e8-c472-41af-825e-db09ec887334_639196402644060673.xml,BLUS,Go South Coast,Go South Coast 4103 Inbound,Southampton - Eastleigh,price_band_1.0@ChildSingle,1.0
WDBC_1789_Inbound_AdultSingle_a9f4b9e2-e9ea-4456-80e3-47fe03b77367_639196379307254639.xml,WDBC,Go South Coast,Go South Coast 1789 Inbound,Bournemouth School for Girls - Lymington,price_band_4.8@AdultSingle,4.8
WDBC_1886_Inbound_AdultReturn_a9f4b9e2-e9ea-4456-80e3-47fe03b77367_639196382821927363.xml,WDBC,Go South Coast,Go South Coast 1886 Inbound,Corfe Mullen - St Peters School,price_band_6.6@AdultReturn,6.6
WDBC_1818_Inbound_AdultReturn_a9f4b9e2-e9ea-4456-80e3-47fe03b77367_639196380160185369.xml,WDBC,Go South Coast,Go South Coast 1818 Inbound,Bournemouth - Broadstone,price_band_4.5@AdultReturn,4.5
SWWD_3407_Outbound_ChildReturn_a9f4b9e2-e9ea-4456-80e3-47fe03b77367_639196397524240595.xml,SWWD,Go South Coast,Go South Coast 3407 Outbound,Salisbury - Southampton,price_band_2.6@ChildReturn,2.6
WDBC_1003_Outbound_ChildSingle_a9f4b9e2-e9ea-4456-80e3-47fe03b77367_639196370457953675.xml,WDBC,Go South Coast,Go South Coast 1003 Outbound,Poole - Wimborne,price_band_1.9@ChildSingle,1.9
WDBC_1069_Outbound_ChildReturn_a9f4b9e2-e9ea-4456-80e3-47fe03b77367_639196377114762445.xml,WDBC,Go South Coast,Go South Coast 1069 Outbound,Poole - Poole Anti-Clockwise,price_band_3.7@ChildReturn,3.7
TDTR_7046_Outbound_ChildSingle_a9f4b9e2-e9ea-4456-80e3-47fe03b77367_639196408440599274.xml,TDTR,Go South Coast,Go South Coast 7046 Outbound,Swindon - Hungerford,price_band_1.0@ChildSingle,1.0
TDTR_7076_Inbound_YoungPersonRtn_a9f4b9e2-e9ea-4456-80e3-47fe03b77367_639196408679877245.xml,TDTR,Go South Coast,Go South Coast 7076 Inbound,Marlborough - Bath,price_band_4.0@YoungPersonRtn,4.0
SWWD_7201_Inbound_AdultSingle_a9f4b9e2-e9ea-4456-80e3-47fe03b77367_639196409599041023.xml,SWWD,Go South Coast,Go South Coast 7201 Inbound,Figheldean - Salisbury,price_band_2.5@AdultSingle,2.5
SWWD_3040_Inbound_AdultReturn_a9f4b9e2-e9ea-4456-80e3-47fe03b77367_639196391489247669.xml,SWWD,Go South Coast,Go South Coast 3040 Inbound,Salisbury - Woodfalls,price_band_5.7@AdultReturn,5.7
BLUS_4504_Inbound_ChildReturn_a9f4b9e2-e9ea-4456-80e3-47fe03b77367_639196402976971014.xml,BLUS,Go South Coast,Go South Coast 4504 Inbound,Lordshill - Mountbatten School,price_band_2.7@ChildReturn,2.7
SWWD_3651_Outbound_ChildSingle_a9f4b9e2-e9ea-4456-80e3-47fe03b77367_639196400007001362.xml,SWWD,Go South Coast,Go South Coast 3651 Outbound,Avon Valley College - Sling,price_band_1.9@ChildSingle,1.9
TDTR_7176_Inbound_YoungPersonSgl_a9f4b9e2-e9ea-4456-80e3-47fe03b77367_639196409358263186.xml,TDTR,Go South Coast,Go South Coast 7176 Inbound,Calne - Bath,price_band_1.7@YoungPersonSgl,1.7
WDBC_1114_Outbound_ChildReturn_a9f4b9e2-e9ea-4456-80e3-47fe03b77367_639196377927570496.xml,WDBC,Go South Coast,Go South Coast 1114 Outbound,Poole - RB Hospital,price_band_2.8@ChildReturn,2.8
TDTR_7155_Inbound_YoungPersonSgl_a9f4b9e2-e9ea-4456-80e3-47fe03b77367_639196409281046616.xml,TDTR,Go South Coast,Go South Coast 7155 Inbound,Stratton Park - Ridgeway School,price_band_2.6@YoungPersonSgl,2.6
WDBC_1755_Outbound_AdultReturn_a9f4b9e2-e9ea-4456-80e3-47fe03b77367_639196379138502871.xml,WDBC,Go South Coast,Go South Coast 1755 Outbound,Bournemouth Station - Bournemouth School for Girls,price_band_4.4@AdultReturn,4.4
BLUS_4504_Inbound_ChildSingle_a9f4b9e2-e9ea-4456-80e3-47fe03b77367_639196402973510625.xml,BLUS,Go South Coast,Go South Coast 4504 Inbound,Lordshill - Mountbatten School,price_band_2.1@ChildSingle,2.1
WDBC_1040_Outbound_AdultSingle_2f1f0c04-770d-4707-ab06-213c5a798ad7_639196375314828207.xml,WDBC,Go South Coast,Go South Coast 1040 Outbound,Swanage - Poole,price_band_3.0@AdultSingle,3.0
SWWD_3645_Outbound_ChildReturn_a9f4b9e2-e9ea-4456-80e3-47fe03b77367_639196399905237155.xml,SWWD,Go South Coast,Go South Coast 3645 Outbound,Stratford Road Grammar School - Hamptworth Cuckoo,price_band_3.6@ChildReturn,3.6
SVCT_5411_Inbound_AdultSingle_a9f4b9e2-e9ea-4456-80e3-47fe03b77367_639196405818505708.xml,SVCT,Go South Coast,Go South Coast 5411 Inbound,Cowes - Newport [N1],price_band_3.0@AdultSingle,3.0
DAMY_6307_Outbound_AdultReturn_a9f4b9e2-e9ea-4456-80e3-47fe03b77367_639196406448411072.xml,DAMY,Go South Coast,Go South Coast 6307 Outbound,Blandford - Shaftesbury,price_band_4.2@AdultReturn,4.2
WDBC_1021_Inbound_ChildSingle_a9f4b9e2-e9ea-4456-80e3-47fe03b77367_639196374068758049.xml,WDBC,Go South Coast,Go South Coast 1021 Inbound,Bournemouth - High Howe,price_band_2.2@ChildSingle,2.2
WDBC_1818_Outbound_AdultSingle_a9f4b9e2-e9ea-4456-80e3-47fe03b77367_639196380357272956.xml,WDBC,Go South Coast,Go South Coast 1818 Outbound,Bournemouth - Broadstone,price_band_3.0@AdultSingle,3.0
WDBC_1951_Inbound_ChildSingle_d46597a9-440e-4c13-b49a-76a3986683d1_639196384157133037.xml,WDBC,Go South Coast,Go South Coast 1951 Inbound,Bournemouth - Sandbanks,price_band_1.0@ChildSingle,1.0
SWWD_3327_Outbound_ChildReturn_a9f4b9e2-e9ea-4456-80e3-47fe03b77367_639196395634987743.xml,SWWD,Go South Coast,Go South Coast 3327 Outbound,Salisbury - Shaftesbury,price_band_5.1@ChildReturn,5.1
UNIL_4742_Inbound_AdultSingle_f15d1b06-486f-433a-8991-95f1a97a87e0_639196403344847417.xml,UNIL,Go South Coast,Go South Coast 4742 Inbound,Chamberlain Halls - Highfield,price_band_1.0@AdultSingle,1.0
SWWD_3763_Inbound_ChildSingle_a9f4b9e2-e9ea-4456-80e3-47fe03b77367_639196400481757004.xml,SWWD,Go South Coast,Go South Coast 3763 Inbound,Mount Pleasant Farm - Burgate School,price_band_2.9@ChildSingle,2.9
DAMY_6002_Outbound_ChildReturn_a9f4b9e2-e9ea-4456-80e3-47fe03b77367_639196405928923087.xml,DAMY,Go South Coast,Go South Coast 6002 Outbound,Dorchester  - Dorchester,price_band_3.1@ChildReturn,3.1
SWWD_3308_Inbound_AdultReturn_a9f4b9e2-e9ea-4456-80e3-47fe03b77367_639196394603250068.xml,SWWD,Go South Coast,Go South Coast 3308 Inbound,Blue Boar Row - Ditchampton,price_band_4.2@AdultReturn,4.2
SVCT_5273_Inbound_ChildSingle_a9f4b9e2-e9ea-4456-80e3-47fe03b77367_639196405698451705.xml,SVCT,Go South Coast,Go South Coast 5273 Inbound,Newport - Ventnor,price_band_2.4@ChildSingle,2.4
WDBC_1806_Outbound_AdultReturn_a9f4b9e2-e9ea-4456-80e3-47fe03b77367_639196379944928892.xml,WDBC,Go South Coast,Go South Coast 1806 Outbound,Bournemouth - Wimborne,price_band_4.8@AdultReturn,4.8
WDBC_1112_Inbound_AdultSingle_632675e4-dba2-4cc0-a834-063c3c99ec5d_639196377476650418.xml,WDBC,Go South Coast,Go South Coast 1112 Inbound,Poole  - Christchurch,price_band_3.0@AdultSingle,3.0
TDTR_7001_Outbound_AdultSingle_a9f4b9e2-e9ea-4456-80e3-47fe03b77367_639196408061379278.xml,TDTR,Go South Coast,Go South Coast 7001 Outbound,Middleleaze - Great Western Hospital,price_band_2.8@AdultSingle,2.8
SWWD_3886_Outbound_AdultReturn_a9f4b9e2-e9ea-4456-80e3-47fe03b77367_639196400901643893.xml,SWWD,Go South Coast,Go South Coast 3886 Outbound,St Peters Place  - Burgate School,price_band_3.6@AdultReturn,3.6
TDTR_3620_Outbound_AdultReturn_a9f4b9e2-e9ea-4456-80e3-47fe03b77367_639196399616168175.xml,TDTR,Go South Coast,Go South Coast 3620 Outbound,Hungerford Priory  - St Johns Sch,price_band_4.5@AdultReturn,4.5
WDBC_1837_Outbound_AdultSingle_d46597a9-440e-4c13-b49a-76a3986683d1_639196381957484376.xml,WDBC,Go South Coast,Go South Coast 1837 Outbound,Bournemouth - Bournemouth International Airport,price_band_2.3@AdultSingle,2.3
WDBC_1789_Outbound_ChildSingle_a9f4b9e2-e9ea-4456-80e3-47fe03b77367_639196379418716693.xml,WDBC,Go South Coast,Go South Coast 1789 Outbound,Bournemouth School for Girls - Lymington,price_band_2.5@ChildSingle,2.5
SWWD_7086_Outbound_ChildReturn_a9f4b9e2-e9ea-4456-80e3-47fe03b77367_639196408909906075.xml,SWWD,Go South Coast,Go South Coast 7086 Outbound,Ansty - Shaftesbury,price_band_3.1@ChildReturn,3.1
BLUS_4815_Outbound_ChildSingle_a9f4b9e2-e9ea-4456-80e3-47fe03b77367_639196403545506906.xml,BLUS,Go South Coast,Go South Coast 4815 Outbound,Boyatt Wood - Eastleigh,price_band_2.5@ChildSingle,2.5
WDBC_2762_Outbound_AdultReturn_a9f4b9e2-e9ea-4456-80e3-47fe03b77367_639196387472070091.xml,WDBC,Go South Coast,Go South Coast 2762 Outbound,Keyhaven Road  - Priestlands School,price_band_4.2@AdultReturn,4.2
WDBC_1038_Inbound_ChildSingle_a9f4b9e2-e9ea-4456-80e3-47fe03b77367_639196374698013422.xml,WDBC,Go South Coast,Go South Coast 1038 Inbound,Ferndown - Ringwood,price_band_2.9@ChildSingle,2.9
SVCT_5022_Inbound_AdultSingle_a9f4b9e2-e9ea-4456-80e3-47fe03b77367_639196404291522962.xml,SVCT,Go South Coast,Go South Coast 5022 Inbound,Shanklin - Community Route 22,price_band_3.0@AdultSingle,3.0
TDTR_7823_Inbound_AdultSingle_a9f4b9e2-e9ea-4456-80e3-47fe03b77367_639196410173691839.xml,TDTR,Go South Coast,Go South Coast 7823 Inbound,Bishopstone (Pond) - Ridgeway School,price_band_3.3@AdultSingle,3.3
DAMY_3183_Outbound_AdultSingle_a9f4b9e2-e9ea-4456-80e3-47fe03b77367_639196393896036878.xml,DAMY,Go South Coast,Go South Coast 3183 Outbound,Blandford - Weymouth,price_band_2.6@AdultSingle,2.6
BLUS_4026_Outbound_AdultReturn_a9f4b9e2-e9ea-4456-80e3-47fe03b77367_639196402527304262.xml,BLUS,Go South Coast,Go South Coast 4026 Outbound,Southampton - Whiteley,price_band_5.4@AdultReturn,5.4
TDTR_7001_Inbound_AdultSingle_a9f4b9e2-e9ea-4456-80e3-47fe03b77367_639196408047885475.xml,TDTR,Go South Coast,Go South Coast 7001 Inbound,Middleleaze - Great Western Hospital,price_band_2.8@AdultSingle,2.8
SWWD_3886_Outbound_ChildReturn_a9f4b9e2-e9ea-4456-80e3-47fe03b77367_639196400881003393.xml,SWWD,Go South Coast,Go South Coast 3886 Outbound,St Peters Place  - Burgate School,price_band_3.6@ChildReturn,3.6
WDBC_1006_Inbound_AdultSingle_2f1f0c04-770d-4707-ab06-213c5a798ad7_639196370752303786.xml,WDBC,Go South Coast,Go South Coast 1006 Inbound,Poole - Tower Park,price_band_1.0@AdultSingle,1.0
BLUS_4021_Outbound_ChildSingle_a9f4b9e2-e9ea-4456-80e3-47fe03b77367_639196402361033059.xml,BLUS,Go South Coast,Go South Coast 4021 Outbound,Southampton - Lordshill,price_band_2.1@ChildSingle,2.1
SWWD_3307_Outbound_AdultSingle_a9f4b9e2-e9ea-4456-80e3-47fe03b77367_639196394585077574.xml,SWWD,Go South Coast,Go South Coast 3307 Outbound,City Centre - Bishopdown Farm,price_band_3.0@AdultSingle,3.0
WDBC_2906_Outbound_AdultSingle_d46597a9-440e-4c13-b49a-76a3986683d1_639196388523393548.xml,WDBC,Go South Coast,Go South Coast 2906 Outbound,Poole - Ringwood,price_band_2.3@AdultSingle,2.3
WDBC_1050_Inbound_ChildReturn_a9f4b9e2-e9ea-4456-80e3-47fe03b77367_639196375512524519.xml,WDBC,Go South Coast,Go South Coast 1050 Inbound,Bournemouth Station - Swanage,price_band_3.1@ChildReturn,3.1
WDBC_1038_Outbound_AdultSingle_a9f4b9e2-e9ea-4456-80e3-47fe03b77367_639196374706428715.xml,WDBC,Go South Coast,Go South Coast 1038 Outbound,Ferndown - Ringwood,price_band_3.0@AdultSingle,3.0
SWWD_3102_Outbound_AdultReturn_a9f4b9e2-e9ea-4456-80e3-47fe03b77367_639196392182546296.xml,SWWD,Go South Coast,Go South Coast 3102 Outbound,Salisbury - Devizes,price_band_6.0@AdultReturn,6.0
SWWD_3405_Outbound_ChildReturn_a9f4b9e2-e9ea-4456-80e3-47fe03b77367_639196396824976158.xml,SWWD,Go South Coast,Go South Coast 3405 Outbound,Salisbury - Pewsey,price_band_2.5@ChildReturn,2.5
BLUS_4008_Outbound_AdultSingle_eed5e2e8-c472-41af-825e-db09ec887334_639196401504195006.xml,BLUS,Go South Coast,Go South Coast 4008 Outbound,Southampton - Hythe,price_band_1.0@AdultSingle,1.0
WDBC_1883_Outbound_AdultSingle_a9f4b9e2-e9ea-4456-80e3-47fe03b77367_639196382569978481.xml,WDBC,Go South Coast,Go South Coast 1883 Outbound,Alum Chine - Castlepoint,price_band_2.8@AdultSingle,2.8
WDBC_6043_Outbound_AdultReturn_a9f4b9e2-e9ea-4456-80e3-47fe03b77367_639196406267589367.xml,WDBC,Go South Coast,Go South Coast 6043 Outbound,County Gates - Parkstone Grammar School,price_band_5.8@AdultReturn,5.8
SWWD_3402_Inbound_ChildSingle_a9f4b9e2-e9ea-4456-80e3-47fe03b77367_639196395840858699.xml,SWWD,Go South Coast,Go South Coast 3402 Inbound,Salisbury - Devizes,price_band_1.9@ChildSingle,1.9
WDBC_1908_Inbound_ChildSingle_2f1f0c04-770d-4707-ab06-213c5a798ad7_639196383454951234.xml,WDBC,Go South Coast,Go South Coast 1908 Inbound,Poole - Blandford,price_band_2.1@ChildSingle,2.1
SVCT_8502_Outbound_YoungAdSingle_a9f4b9e2-e9ea-4456-80e3-47fe03b77367_639196410644293578.xml,SVCT,Go South Coast,Go South Coast 8502 Outbound,Downs - Breezer,price_band_12.7@YoungAdSingle,12.7
WDBC_6448_Inbound_ChildReturn_a9f4b9e2-e9ea-4456-80e3-47fe03b77367_639196406858116661.xml,WDBC,Go South Coast,Go South Coast 6448 Inbound,Furnell Road - Parkstone Grammar,price_band_2.4@ChildReturn,2.4
SWWD_3307_Inbound_ChildReturn_a9f4b9e2-e9ea-4456-80e3-47fe03b77367_639196394565771960.xml,SWWD,Go South Coast,Go South Coast 3307 Inbound,City Centre - Bishopdown Farm,price_band_2.5@ChildReturn,2.5
WDBC_1170_Outbound_AdultSingle_a9f4b9e2-e9ea-4456-80e3-47fe03b77367_639196378421741130.xml,WDBC,Go South Coast,Go South Coast 1170 Outbound,Rockley Park - Hengistbury Head,price_band_2.3@AdultSingle,2.3
SWWD_3166_Inbound_ChildReturn_a9f4b9e2-e9ea-4456-80e3-47fe03b77367_639196393606592112.xml,SWWD,Go South Coast,Go South Coast 3166 Inbound,South Wilts Grammar School - Idmiston,price_band_6.0@ChildReturn,6.0
WDBC_2761_Inbound_AdultReturn_a9f4b9e2-e9ea-4456-80e3-47fe03b77367_639196387430904619.xml,WDBC,Go South Coast,Go South Coast 2761 Inbound,Bunkers Hill Cottage - Priestlands School,price_band_3.9@AdultReturn,3.9
BLUS_4019_Inbound_ChildSingle_eed5e2e8-c472-41af-825e-db09ec887334_639196402235885347.xml,BLUS,Go South Coast,Go South Coast 4019 Inbound,Thornhill - Lordshill,price_band_1.0@ChildSingle,1.0
WDBC_6448_Outbound_ChildSingle_a9f4b9e2-e9ea-4456-80e3-47fe03b77367_639196406886163468.xml,WDBC,Go South Coast,Go South Coast 6448 Outbound,Furnell Road - Parkstone Grammar,price_band_1.7@ChildSingle,1.7
SWWD_3407_Inbound_ChildSingle_a9f4b9e2-e9ea-4456-80e3-47fe03b77367_639196397053560369.xml,SWWD,Go South Coast,Go South Coast 3407 Inbound,Salisbury - Southampton,price_band_2.1@ChildSingle,2.1
SWWD_3407_Inbound_ChildSingle_eed5e2e8-c472-41af-825e-db09ec887334_639196397292729766.xml,SWWD,Go South Coast,Go South Coast 3407 Inbound,Salisbury - Southampton,price_band_1.9@ChildSingle,1.9
SWWD_3677_Outbound_ChildSingle_a9f4b9e2-e9ea-4456-80e3-47fe03b77367_639196400235205687.xml,SWWD,Go South Coast,Go South Coast 3677 Outbound,Stratford Road Grammar School - West Wellow,price_band_2.9@ChildSingle,2.9
WDBC_6047_Inbound_AdultReturn_a9f4b9e2-e9ea-4456-80e3-47fe03b77367_639196406320416927.xml,WDBC,Go South Coast,Go South Coast 6047 Inbound,Ringwood Road - Parkstone Grammar School,price_band_5.8@AdultReturn,5.8
SWWD_3110_Inbound_ChildSingle_a9f4b9e2-e9ea-4456-80e3-47fe03b77367_639196392729725546.xml,SWWD,Go South Coast,Go South Coast 3110 Inbound,Bedwyn - Marlborough,price_band_1.0@ChildSingle,1.0
WDBC_1032_Outbound_ChildSingle_a9f4b9e2-e9ea-4456-80e3-47fe03b77367_639196374529394266.xml,WDBC,Go South Coast,Go South Coast 1032 Outbound,Poole - Bournemouth,price_band_1.9@ChildSingle,1.9
WDBC_2761_Inbound_ChildReturn_a9f4b9e2-e9ea-4456-80e3-47fe03b77367_639196387438273023.xml,WDBC,Go South Coast,Go South Coast 2761 Inbound,Bunkers Hill Cottage - Priestlands School,price_band_2.7@ChildReturn,2.7
SWWD_3325_Inbound_AdultReturn_a9f4b9e2-e9ea-4456-80e3-47fe03b77367_639196394820782745.xml,SWWD,Go South Coast,Go South Coast 3325 Inbound,South Wilts Grammar School - Hindon,price_band_5.7@AdultReturn,5.7
WDBC_6903_Inbound_ChildReturn_a9f4b9e2-e9ea-4456-80e3-47fe03b77367_639196407501779126.xml,WDBC,Go South Coast,Go South Coast 6903 Inbound,Swanage - Lulworth,price_band_4.1@ChildReturn,4.1
SWWD_3108_Outbound_ChildReturn_a9f4b9e2-e9ea-4456-80e3-47fe03b77367_639196392538848351.xml,SWWD,Go South Coast,Go South Coast 3108 Outbound,Salisbury - Zouch Estate,price_band_4.8@ChildReturn,4.8
SWWD_3029_Outbound_ChildSingle_a9f4b9e2-e9ea-4456-80e3-47fe03b77367_639196391456912319.xml,SWWD,Go South Coast,Go South Coast 3029 Outbound,Salisbury - Shaftesbury,price_band_2.7@ChildSingle,2.7
WDBC_1642_Outbound_ChildSingle_a9f4b9e2-e9ea-4456-80e3-47fe03b77367_639196378828283826.xml,WDBC,Go South Coast,Go South Coast 1642 Outbound,Poole  - Talbot Campus,price_band_2.8@ChildSingle,2.8
WDBC_2024_Inbound_ChildSingle_a9f4b9e2-e9ea-4456-80e3-47fe03b77367_639196386227697926.xml,WDBC,Go South Coast,Go South Coast 2024 Inbound,Castlepoint - Christchurch,price_band_2.2@ChildSingle,2.2
WDBC_2002_Inbound_AdultReturn_a9f4b9e2-e9ea-4456-80e3-47fe03b77367_639196385062138118.xml,WDBC,Go South Coast,Go South Coast 2002 Inbound,Bournemouth - Lymington,price_band_6.0@AdultReturn,6.0
SWWD_7201_Outbound_ChildSingle_a9f4b9e2-e9ea-4456-80e3-47fe03b77367_639196409668297115.xml,SWWD,Go South Coast,Go South Coast 7201 Outbound,Figheldean - Salisbury,price_band_2.4@ChildSingle,2.4
WDBC_2956_Outbound_ChildSingle_2f1f0c04-770d-4707-ab06-213c5a798ad7_639196390079407062.xml,WDBC,Go South Coast,Go South Coast 2956 Outbound,Ringwood - Bournemouth,price_band_1.0@ChildSingle,1.0
WDBC_8600_Inbound_ChildSingle_a9f4b9e2-e9ea-4456-80e3-47fe03b77367_639196410820783972.xml,WDBC,Go South Coast,Go South Coast 8600 Inbound,Kings Park - Boscombe Pier,price_band_0.75@ChildSingle,0.75
SWWD_7086_Outbound_ChildReturn_a9f4b9e2-e9ea-4456-80e3-47fe03b77367_639196408909906075.xml,SWWD,Go South Coast,Go South Coast 7086 Outbound,Ansty - Shaftesbury,price_band_3.0@ChildReturn,3.0
SWWD_3366_Outbound_ChildReturn_a9f4b9e2-e9ea-4456-80e3-47fe03b77367_639196395757701610.xml,SWWD,Go South Coast,Go South Coast 3366 Outbound,South Wilts Grammar School - Idmiston,price_band_4.5@ChildReturn,4.5
DAMY_6920_Outbound_ChildSingle_a9f4b9e2-e9ea-4456-80e3-47fe03b77367_639196407806502366.xml,DAMY,Go South Coast,Go South Coast 6920 Outbound,Salisbury - Steam Fair,price_band_3.0@ChildSingle,3.0
TDTR_7080_Outbound_YoungPersonRtn_a9f4b9e2-e9ea-4456-80e3-47fe03b77367_639196408865610342.xml,TDTR,Go South Coast,Go South Coast 7080 Outbound,Swindon - Marlborough,price_band_3.3@YoungPersonRtn,3.3
SWWD_3326_Outbound_ChildReturn_a9f4b9e2-e9ea-4456-80e3-47fe03b77367_639196395329090036.xml,SWWD,Go South Coast,Go South Coast 3326 Outbound,Salisbury - Hindon,price_band_3.6@ChildReturn,3.6
WDBC_1841_Outbound_AdultReturn_a9f4b9e2-e9ea-4456-80e3-47fe03b77367_639196382243224035.xml,WDBC,Go South Coast,Go South Coast 1841 Outbound,Bournemouth - Mudeford and Somerford,price_band_4.7@AdultReturn,4.7
WDBC_1015_Inbound_ChildSingle_a9f4b9e2-e9ea-4456-80e3-47fe03b77367_639196371729607266.xml,WDBC,Go South Coast,Go South Coast 1015 Inbound,Poole - Bournemouth Hospital,price_band_2.5@ChildSingle,2.5
SVCT_8511_Inbound_ChildSingle_a9f4b9e2-e9ea-4456-80e3-47fe03b77367_639196410803534184.xml,SVCT,Go South Coast,Go South Coast 8511 Inbound,Island Coaster - East,price_band_1.8@ChildSingle,1.8
TDTR_7080_Outbound_YoungPersonRtn_a9f4b9e2-e9ea-4456-80e3-47fe03b77367_639196408865610342.xml,TDTR,Go South Coast,Go South Coast 7080 Outbound,Swindon - Marlborough,price_band_3.0@YoungPersonRtn,3.0
WDBC_2002_Outbound_AdultReturn_a9f4b9e2-e9ea-4456-80e3-47fe03b77367_639196385363795459.xml,WDBC,Go South Coast,Go South Coast 2002 Outbound,Bournemouth - Lymington,price_band_4.7@AdultReturn,4.7
BLUS_4020_Inbound_AdultSingle_f15d1b06-486f-433a-8991-95f1a97a87e0_639196402295391759.xml,BLUS,Go South Coast,Go South Coast 4020 Inbound,Southampton - Townhill Park,price_band_1.0@AdultSingle,1.0
SWWD_3002_Inbound_AdultReturn_a9f4b9e2-e9ea-4456-80e3-47fe03b77367_639196390155406939.xml,SWWD,Go South Coast,Go South Coast 3002 Inbound,Salisbury - Devizes,price_band_4.9@AdultReturn,4.9
WDBC_2613_Outbound_AdultSingle_a9f4b9e2-e9ea-4456-80e3-47fe03b77367_639196387127437651.xml,WDBC,Go South Coast,Go South Coast 2613 Outbound,Broadstone - Brockenhurst College,price_band_1.9@AdultSingle,1.9
BLUS_4004_Inbound_AdultSingle_f15d1b06-486f-433a-8991-95f1a97a87e0_639196401130875795.xml,BLUS,Go South Coast,Go South Coast 4004 Inbound,Southampton - Romsey,price_band_1.0@AdultSingle,1.0
WDBC_1017_Outbound_ChildSingle_d46597a9-440e-4c13-b49a-76a3986683d1_639196373130767836.xml,WDBC,Go South Coast,Go South Coast 1017 Outbound,Poole - Bournemouth,price_band_1.0@ChildSingle,1.0
WDBC_2633_Inbound_AdultReturn_a9f4b9e2-e9ea-4456-80e3-47fe03b77367_639196387391976789.xml,WDBC,Go South Coast,Go South Coast 2633 Inbound,Wimborne - Brockenhurst College,price_band_9.1@AdultReturn,9.1
TDTR_7180_Outbound_YoungPersonSgl_a9f4b9e2-e9ea-4456-80e3-47fe03b77367_639196409581102181.xml,TDTR,Go South Coast,Go South Coast 7180 Outbound,Marlborough - Ludgershall,price_band_1.8@YoungPersonSgl,1.8
TDTR_7540_Inbound_AdultReturn_a9f4b9e2-e9ea-4456-80e3-47fe03b77367_639196409966527607.xml,TDTR,Go South Coast,Go South Coast 7540 Inbound,Lydiard Millicent - Cirencester College,price_band_8.3@AdultReturn,8.3
SWWD_3327_Inbound_AdultReturn_a9f4b9e2-e9ea-4456-80e3-47fe03b77367_639196395455571575.xml,SWWD,Go South Coast,Go South Coast 3327 Inbound,Salisbury - Shaftesbury,price_band_5.7@AdultReturn,5.7
TDTR_3620_Outbound_YoungPersonRtn_a9f4b9e2-e9ea-4456-80e3-47fe03b77367_639196399628380399.xml,TDTR,Go South Coast,Go South Coast 3620 Outbound,Hungerford Priory  - St Johns Sch,price_band_2.4@YoungPersonRtn,2.4
SWWD_3883_Inbound_AdultReturn_a9f4b9e2-e9ea-4456-80e3-47fe03b77367_639196400675487921.xml,SWWD,Go South Coast,Go South Coast 3883 Inbound,Bishopdown Farm  - Burgate School,price_band_5.0@AdultReturn,5.0
BLUS_3634_Inbound_AdultReturn_a9f4b9e2-e9ea-4456-80e3-47fe03b77367_639196399657109726.xml,BLUS,Go South Coast,Go South Coast 3634 Inbound,East Wellow  - Romsey School,price_band_3.7@AdultReturn,3.7
WDBC_2003_Inbound_AdultSingle_a9f4b9e2-e9ea-4456-80e3-47fe03b77367_639196385644975215.xml,WDBC,Go South Coast,Go South Coast 2003 Inbound,Salisbury - Bournemouth,price_band_3.0@AdultSingle,3.0
BLUS_4119_Inbound_ChildSingle_a9f4b9e2-e9ea-4456-80e3-47fe03b77367_639196402737403652.xml,BLUS,Go South Coast,Go South Coast 4119 Inbound,Thornhill - Lordshill,price_band_2.1@ChildSingle,2.1
WDBC_2001_Outbound_ChildSingle_d46597a9-440e-4c13-b49a-76a3986683d1_639196385011460081.xml,WDBC,Go South Coast,Go South Coast 2001 Outbound,Bournemouth - Lymington,price_band_3.0@ChildSingle,3.0
WDBC_1908_Inbound_AdultSingle_d46597a9-440e-4c13-b49a-76a3986683d1_639196383448804845.xml,WDBC,Go South Coast,Go South Coast 1908 Inbound,Poole - Blandford,price_band_1.0@AdultSingle,1.0
WDBC_1038_Outbound_ChildReturn_a9f4b9e2-e9ea-4456-80e3-47fe03b77367_639196374712380593.xml,WDBC,Go South Coast,Go South Coast 1038 Outbound,Ferndown - Ringwood,price_band_5.1@ChildReturn,5.1
TDTR_7048_Inbound_AdultSingle_a9f4b9e2-e9ea-4456-80e3-47fe03b77367_639196408466591234.xml,TDTR,Go South Coast,Go South Coast 7048 Inbound,Swindon - Marlborough,price_band_1.5@AdultSingle,1.5
TDTR_7017_Outbound_AdultSingle_a9f4b9e2-e9ea-4456-80e3-47fe03b77367_639196408247304483.xml,TDTR,Go South Coast,Go South Coast 7017 Outbound,Penhill - Park South,price_band_2.2@AdultSingle,2.2
WDBC_6903_Inbound_ChildSingle_a9f4b9e2-e9ea-4456-80e3-47fe03b77367_639196407469886969.xml,WDBC,Go South Coast,Go South Coast 6903 Inbound,Swanage - Lulworth,price_band_2.5@ChildSingle,2.5
WDBC_1013_Inbound_ChildSingle_a9f4b9e2-e9ea-4456-80e3-47fe03b77367_639196371262982949.xml,WDBC,Go South Coast,Go South Coast 1013 Inbound,Bournemouth - Wimborne,price_band_1.9@ChildSingle,1.9
WDBC_1802_Inbound_AdultSingle_a9f4b9e2-e9ea-4456-80e3-47fe03b77367_639196379545479857.xml,WDBC,Go South Coast,Go South Coast 1802 Inbound,Bournemouth - Castlepoint,price_band_3.0@AdultSingle,3.0
SWWD_3886_Inbound_ChildSingle_a9f4b9e2-e9ea-4456-80e3-47fe03b77367_639196400866248604.xml,SWWD,Go South Coast,Go South Coast 3886 Inbound,St Peters Place  - Burgate School,price_band_2.9@ChildSingle,2.9
SWWD_3137_Inbound_ChildReturn_a9f4b9e2-e9ea-4456-80e3-47fe03b77367_639196393388117836.xml,SWWD,Go South Coast,Go South Coast 3137 Inbound,Salisbury - West Dean,price_band_4.5@ChildReturn,4.5
SWWD_7086_Outbound_ChildSingle_a9f4b9e2-e9ea-4456-80e3-47fe03b77367_639196408903632613.xml,SWWD,Go South Coast,Go South Coast 7086 Outbound,Ansty - Shaftesbury,price_band_2.1@ChildSingle,2.1
WDBC_2186_Outbound_AdultReturn_a9f4b9e2-e9ea-4456-80e3-47fe03b77367_639196386768264192.xml,WDBC,Go South Coast,Go South Coast 2186 Outbound,Southampton - Lymington,price_band_6.0@AdultReturn,6.0
WDBC_1903_Outbound_ChildSingle_2f1f0c04-770d-4707-ab06-213c5a798ad7_639196383394568640.xml,WDBC,Go South Coast,Go South Coast 1903 Outbound,Poole - Wimborne,price_band_1.0@ChildSingle,1.0
UNIL_4742_Inbound_ChildSingle_eed5e2e8-c472-41af-825e-db09ec887334_639196403350327640.xml,UNIL,Go South Coast,Go South Coast 4742 Inbound,Chamberlain Halls - Highfield,price_band_1.0@ChildSingle,1.0
WDBC_1786_Outbound_AdultReturn_a9f4b9e2-e9ea-4456-80e3-47fe03b77367_639196379210182800.xml,WDBC,Go South Coast,Go South Coast 1786 Outbound,Park Gates - Bournemouth School for Girls,price_band_6.3@AdultReturn,6.3
WDBC_1011_Inbound_ChildSingle_2f1f0c04-770d-4707-ab06-213c5a798ad7_639196371041410020.xml,WDBC,Go South Coast,Go South Coast 1011 Inbound,Bournemouth - Canford Paddock,price_band_1.0@ChildSingle,1.0
WDBC_2186_Outbound_ChildSingle_f15d1b06-486f-433a-8991-95f1a97a87e0_639196386795799225.xml,WDBC,Go South Coast,Go South Coast 2186 Outbound,Southampton - Lymington,price_band_1.0@ChildSingle,1.0
SVCT_8501_Outbound_ChildSingle_a9f4b9e2-e9ea-4456-80e3-47fe03b77367_639196410602290032.xml,SVCT,Go South Coast,Go South Coast 8501 Outbound,Island Coaster - West,price_band_4.2@ChildSingle,4.2
WDBC_1106_Inbound_ChildReturn_a9f4b9e2-e9ea-4456-80e3-47fe03b77367_639196377316888269.xml,WDBC,Go South Coast,Go South Coast 1106 Inbound,Poole - Tower Park,price_band_3.7@ChildReturn,3.7
BLUS_8438_Outbound_AdultSingle_a9f4b9e2-e9ea-4456-80e3-47fe03b77367_639196410461754451.xml,BLUS,Go South Coast,Go South Coast 8438 Outbound,Winchester - Petersfield,price_band_2.6@AdultSingle,2.6
WDBC_2001_Inbound_ChildSingle_2f1f0c04-770d-4707-ab06-213c5a798ad7_639196384597498916.xml,WDBC,Go South Coast,Go South Coast 2001 Inbound,Bournemouth - Lymington,price_band_3.0@ChildSingle,3.0
WDBC_2003_Outbound_AdultSingle_2f1f0c04-770d-4707-ab06-213c5a798ad7_639196386129326473.xml,WDBC,Go South Coast,Go South Coast 2003 Outbound,Salisbury - Bournemouth,price_band_3.0@AdultSingle,3.0
WDBC_2613_Outbound_AdultReturn_a9f4b9e2-e9ea-4456-80e3-47fe03b77367_639196387115374821.xml,WDBC,Go South Coast,Go South Coast 2613 Outbound,Broadstone - Brockenhurst College,price_band_6.4@AdultReturn,6.4
SWWD_3885_Inbound_AdultSingle_a9f4b9e2-e9ea-4456-80e3-47fe03b77367_639196400722751492.xml,SWWD,Go South Coast,Go South Coast 3885 Inbound,Whaddon - Burgate School,price_band_2.9@AdultSingle,2.9
WDBC_1050_Inbound_AdultReturn_a9f4b9e2-e9ea-4456-80e3-47fe03b77367_639196375470037211.xml,WDBC,Go South Coast,Go South Coast 1050 Inbound,Bournemouth Station - Swanage,price_band_4.5@AdultReturn,4.5
SWWD_3206_Outbound_ChildSingle_a9f4b9e2-e9ea-4456-80e3-47fe03b77367_639196394044612563.xml,SWWD,Go South Coast,Go South Coast 3206 Outbound,Allington - Blue Boar Row,price_band_3.0@ChildSingle,3.0
SWWD_3266_Inbound_ChildSingle_a9f4b9e2-e9ea-4456-80e3-47fe03b77367_639196394110608357.xml,SWWD,Go South Coast,Go South Coast 3266 Inbound,South Wilts Grammar School - Idmiston,price_band_1.9@ChildSingle,1.9
WDBC_6673_Outbound_ChildReturn_a9f4b9e2-e9ea-4456-80e3-47fe03b77367_639196407339461359.xml,WDBC,Go South Coast,Go South Coast 6673 Outbound,Albert Road - Tower Park,price_band_2.9@ChildReturn,2.9
SWWD_3726_Outbound_AdultReturn_a9f4b9e2-e9ea-4456-80e3-47fe03b77367_639196400408884012.xml,SWWD,Go South Coast,Go South Coast 3726 Outbound,Salisbury - East Knoyle,price_band_4.9@AdultReturn,4.9
WDBC_6903_Outbound_ChildSingle_a9f4b9e2-e9ea-4456-80e3-47fe03b77367_639196407590298414.xml,WDBC,Go South Coast,Go South Coast 6903 Outbound,Swanage - Lulworth,price_band_2.5@ChildSingle,2.5
WDBC_1016_Inbound_AdultSingle_a9f4b9e2-e9ea-4456-80e3-47fe03b77367_639196372057609765.xml,WDBC,Go South Coast,Go South Coast 1016 Inbound,Poole - Bournemouth,price_band_3.0@AdultSingle,3.0
WDBC_2777_Outbound_ChildSingle_a9f4b9e2-e9ea-4456-80e3-47fe03b77367_639196387552368634.xml,WDBC,Go South Coast,Go South Coast 2777 Outbound,New Forest Drive - Lymington,price_band_2.2@ChildSingle,2.2
SVCT_5257_Inbound_ChildSingle_a9f4b9e2-e9ea-4456-80e3-47fe03b77367_639196405560644309.xml,SVCT,Go South Coast,Go South Coast 5257 Inbound,Freshwater - Cowes,price_band_1.8@ChildSingle,1.8
DAMY_6920_Inbound_AdultSingle_a9f4b9e2-e9ea-4456-80e3-47fe03b77367_639196407739422760.xml,DAMY,Go South Coast,Go South Coast 6920 Inbound,Salisbury - Steam Fair,price_band_2.7@AdultSingle,2.7
DAMY_6307_Outbound_AdultSingle_a9f4b9e2-e9ea-4456-80e3-47fe03b77367_639196406435350986.xml,DAMY,Go South Coast,Go South Coast 6307 Outbound,Blandford - Shaftesbury,price_band_1.7@AdultSingle,1.7
WDBC_1038_Inbound_AdultReturn_a9f4b9e2-e9ea-4456-80e3-47fe03b77367_639196374684360430.xml,WDBC,Go South Coast,Go South Coast 1038 Inbound,Ferndown - Ringwood,price_band_6.0@AdultReturn,6.0
WDBC_2604_Inbound_AdultReturn_a9f4b9e2-e9ea-4456-80e3-47fe03b77367_639196386983994727.xml,WDBC,Go South Coast,Go South Coast 2604 Inbound,Langley Farm - Brockenhurst College,price_band_7.9@AdultReturn,7.9
SWWD_3519_Outbound_AdultSingle_a9f4b9e2-e9ea-4456-80e3-47fe03b77367_639196399430295321.xml,SWWD,Go South Coast,Go South Coast 3519 Outbound,Milford Street - New Canal,price_band_3.0@AdultSingle,3.0
SWWD_2615_Outbound_AdultReturn_a9f4b9e2-e9ea-4456-80e3-47fe03b77367_639196387171351940.xml,SWWD,Go South Coast,Go South Coast 2615 Outbound,Salisbury  - Brockenhurst College,price_band_9.1@AdultReturn,9.1
WDBC_6416_Inbound_ChildReturn_a9f4b9e2-e9ea-4456-80e3-47fe03b77367_639196406612122695.xml,WDBC,Go South Coast,Go South Coast 6416 Inbound,Penn Hill Avenue  - Poole Grammar School,price_band_2.7@ChildReturn,2.7
WDBC_2625_Outbound_AdultReturn_a9f4b9e2-e9ea-4456-80e3-47fe03b77367_639196387367552573.xml,WDBC,Go South Coast,Go South Coast 2625 Outbound,Brook - Brockenhurst College,price_band_7.9@AdultReturn,7.9
WDBC_8270_Inbound_ChildReturn_a9f4b9e2-e9ea-4456-80e3-47fe03b77367_639196410370908625.xml,WDBC,Go South Coast,Go South Coast 8270 Inbound,Brockenhurst - New Park,price_band_7.5@ChildReturn,7.5
WDBC_2956_Inbound_ChildSingle_a9f4b9e2-e9ea-4456-80e3-47fe03b77367_639196389166362355.xml,WDBC,Go South Coast,Go South Coast 2956 Inbound,Ringwood - Bournemouth,price_band_2.1@ChildSingle,2.1
WDBC_2777_Outbound_AdultSingle_a9f4b9e2-e9ea-4456-80e3-47fe03b77367_639196387546859518.xml,WDBC,Go South Coast,Go South Coast 2777 Outbound,New Forest Drive - Lymington,price_band_2.9@AdultSingle,2.9
SWWD_3663_Inbound_AdultReturn_a9f4b9e2-e9ea-4456-80e3-47fe03b77367_639196400019722767.xml,SWWD,Go South Coast,Go South Coast 3663 Inbound,Wilton Road  - Laverstock Schools,price_band_4.2@AdultReturn,4.2
BLUS_4017_Inbound_ChildSingle_eed5e2e8-c472-41af-825e-db09ec887334_639196402070179419.xml,BLUS,Go South Coast,Go South Coast 4017 Inbound,Weston - Adanac Park,price_band_1.0@ChildSingle,1.0
BLUS_4001_Inbound_AdultSingle_a9f4b9e2-e9ea-4456-80e3-47fe03b77367_639196400939965268.xml,BLUS,Go South Coast,Go South Coast 4001 Inbound,Southampton - Winchester,price_band_3.0@AdultSingle,3.0
TDTR_7040_Inbound_ChildReturn_a9f4b9e2-e9ea-4456-80e3-47fe03b77367_639196408259246908.xml,TDTR,Go South Coast,Go South Coast 7040 Inbound,Calne - Calne Tesco,price_band_1.2@ChildReturn,1.2
WDBC_1003_Inbound_ChildSingle_d46597a9-440e-4c13-b49a-76a3986683d1_639196370420901638.xml,WDBC,Go South Coast,Go South Coast 1003 Inbound,Poole - Wimborne,price_band_2.3@ChildSingle,2.3
WDBC_6701_Outbound_ChildReturn_a9f4b9e2-e9ea-4456-80e3-47fe03b77367_639196407355147956.xml,WDBC,Go South Coast,Go South Coast 6701 Outbound,Queen Elizabeth's School - Kinson,price_band_7.4@ChildReturn,7.4
WDBC_6419_Inbound_ChildReturn_a9f4b9e2-e9ea-4456-80e3-47fe03b77367_639196406787885234.xml,WDBC,Go South Coast,Go South Coast 6419 Inbound,Compton Avenue - Poole Grammar,price_band_3.7@ChildReturn,3.7
WDBC_1011_Outbound_AdultSingle_2f1f0c04-770d-4707-ab06-213c5a798ad7_639196371102784128.xml,WDBC,Go South Coast,Go South Coast 1011 Outbound,Bournemouth - Canford Paddock,price_band_1.0@AdultSingle,1.0
SWWD_3402_Outbound_AdultReturn_a9f4b9e2-e9ea-4456-80e3-47fe03b77367_639196395933624667.xml,SWWD,Go South Coast,Go South Coast 3402 Outbound,Salisbury - Devizes,price_band_4.9@AdultReturn,4.9
SWWD_3125_Inbound_ChildReturn_a9f4b9e2-e9ea-4456-80e3-47fe03b77367_639196392828778045.xml,SWWD,Go South Coast,Go South Coast 3125 Inbound,South Wilts Grammar School - Hindon,price_band_4.3@ChildReturn,4.3
WDBC_6043_Inbound_ChildSingle_a9f4b9e2-e9ea-4456-80e3-47fe03b77367_639196406256748189.xml,WDBC,Go South Coast,Go South Coast 6043 Inbound,County Gates - Parkstone Grammar School,price_band_2.2@ChildSingle,2.2
WDBC_1114_Inbound_AdultSingle_a9f4b9e2-e9ea-4456-80e3-47fe03b77367_639196377598873181.xml,WDBC,Go South Coast,Go South Coast 1114 Inbound,Poole - RB Hospital,price_band_3.0@AdultSingle,3.0
WDBC_1908_Inbound_ChildSingle_d46597a9-440e-4c13-b49a-76a3986683d1_639196383460484098.xml,WDBC,Go South Coast,Go South Coast 1908 Inbound,Poole - Blandford,price_band_1.0@ChildSingle,1.0
SWWD_3138_Outbound_AdultSingle_a9f4b9e2-e9ea-4456-80e3-47fe03b77367_639196393548082702.xml,SWWD,Go South Coast,Go South Coast 3138 Outbound,West Dean  - Laverstock & Grammar,price_band_3.0@AdultSingle,3.0
UNIL_4711_Inbound_ChildSingle_f15d1b06-486f-433a-8991-95f1a97a87e0_639196403194506158.xml,UNIL,Go South Coast,Go South Coast 4711 Inbound,Eastleigh - NOCS,price_band_1.0@ChildSingle,1.0
WDBC_2002_Inbound_AdultSingle_a9f4b9e2-e9ea-4456-80e3-47fe03b77367_639196385036836003.xml,WDBC,Go South Coast,Go South Coast 2002 Inbound,Bournemouth - Lymington,price_band_2.5@AdultSingle,2.5
WDBC_1038_Outbound_ChildReturn_a9f4b9e2-e9ea-4456-80e3-47fe03b77367_639196374712380593.xml,WDBC,Go South Coast,Go South Coast 1038 Outbound,Ferndown - Ringwood,price_band_2.9@ChildReturn,2.9
BLUS_4504_Outbound_ChildSingle_a9f4b9e2-e9ea-4456-80e3-47fe03b77367_639196402982765833.xml,BLUS,Go South Coast,Go South Coast 4504 Outbound,Lordshill - Mountbatten School,price_band_2.1@ChildSingle,2.1
WDBC_6943_Outbound_ChildSingle_a9f4b9e2-e9ea-4456-80e3-47fe03b77367_639196408018644321.xml,WDBC,Go South Coast,Go South Coast 6943 Outbound,Lulworth - Weymouth,price_band_2.5@ChildSingle,2.5
BLUS_4805_Inbound_ChildReturn_a9f4b9e2-e9ea-4456-80e3-47fe03b77367_639196403369196820.xml,BLUS,Go South Coast,Go South Coast 4805 Inbound,Boyatt Wood - Shootash,price_band_4.5@ChildReturn,4.5
BLUS_4019_Inbound_ChildReturn_a9f4b9e2-e9ea-4456-80e3-47fe03b77367_639196402211778524.xml,BLUS,Go South Coast,Go South Coast 4019 Inbound,Thornhill - Lordshill,price_band_2.6@ChildReturn,2.6
TDTR_7148_Outbound_ChildSingle_a9f4b9e2-e9ea-4456-80e3-47fe03b77367_639196409205118335.xml,TDTR,Go South Coast,Go South Coast 7148 Outbound,Swindon - Marlborough,price_band_2.0@ChildSingle,2.0
BLUS_4007_Outbound_ChildSingle_eed5e2e8-c472-41af-825e-db09ec887334_639196401410501191.xml,BLUS,Go South Coast,Go South Coast 4007 Outbound,Lordshill - Sholing,price_band_1.0@ChildSingle,1.0
SWWD_3040_Inbound_ChildSingle_a9f4b9e2-e9ea-4456-80e3-47fe03b77367_639196391508774743.xml,SWWD,Go South Coast,Go South Coast 3040 Inbound,Salisbury - Woodfalls,price_band_2.3@ChildSingle,2.3
BLUS_3635_Outbound_ChildReturn_a9f4b9e2-e9ea-4456-80e3-47fe03b77367_639196399740293897.xml,BLUS,Go South Coast,Go South Coast 3635 Outbound,Romsey - Ampfield,price_band_3.0@ChildReturn,3.0
WDBC_2906_Outbound_ChildSingle_a9f4b9e2-e9ea-4456-80e3-47fe03b77367_639196388193779482.xml,WDBC,Go South Coast,Go South Coast 2906 Outbound,Poole - Ringwood,price_band_3.0@ChildSingle,3.0
TDTR_7009_Inbound_AdultSingle_a9f4b9e2-e9ea-4456-80e3-47fe03b77367_639196408102271866.xml,TDTR,Go South Coast,Go South Coast 7009 Inbound,Swindon - Wroughton,price_band_2.2@AdultSingle,2.2
WDBC_1013_Inbound_AdultSingle_2f1f0c04-770d-4707-ab06-213c5a798ad7_639196371296367843.xml,WDBC,Go South Coast,Go South Coast 1013 Inbound,Bournemouth - Wimborne,price_band_2.8@AdultSingle,2.8
WDBC_6415_Outbound_AdultSingle_a9f4b9e2-e9ea-4456-80e3-47fe03b77367_639196406551733639.xml,WDBC,Go South Coast,Go South Coast 6415 Outbound,St Anns Hospital - Poole Grammar School,price_band_2.5@AdultSingle,2.5
WDBC_2775_Inbound_ChildSingle_a9f4b9e2-e9ea-4456-80e3-47fe03b77367_639196387496783052.xml,WDBC,Go South Coast,Go South Coast 2775 Inbound,Milford on Sea - Priestlands School,price_band_2.2@ChildSingle,2.2
WDBC_1789_Outbound_AdultSingle_a9f4b9e2-e9ea-4456-80e3-47fe03b77367_639196379381398294.xml,WDBC,Go South Coast,Go South Coast 1789 Outbound,Bournemouth School for Girls - Lymington,price_band_4.8@AdultSingle,4.8
SWWD_3407_Outbound_ChildSingle_eed5e2e8-c472-41af-825e-db09ec887334_639196397762912632.xml,SWWD,Go South Coast,Go South Coast 3407 Outbound,Salisbury - Southampton,price_band_2.9@ChildSingle,2.9
TDTR_7562_Inbound_AdultReturn_a9f4b9e2-e9ea-4456-80e3-47fe03b77367_639196410128514864.xml,TDTR,Go South Coast,Go South Coast 7562 Inbound,Yate - Malmesbury,price_band_8.3@AdultReturn,8.3
SWWD_3519_Outbound_ChildSingle_a9f4b9e2-e9ea-4456-80e3-47fe03b77367_639196399460083561.xml,SWWD,Go South Coast,Go South Coast 3519 Outbound,Milford Street - New Canal,price_band_2.9@ChildSingle,2.9
SWWD_3044_Outbound_AdultReturn_a9f4b9e2-e9ea-4456-80e3-47fe03b77367_639196391677734087.xml,SWWD,Go South Coast,Go South Coast 3044 Outbound,Salisbury - Woodfalls,price_band_6.0@AdultReturn,6.0
SVCT_5004_Outbound_AdultSingle_a9f4b9e2-e9ea-4456-80e3-47fe03b77367_639196403821283803.xml,SVCT,Go South Coast,Go South Coast 5004 Outbound,Ryde  - East Cowes,price_band_3.0@AdultSingle,3.0
TDTR_7076_Inbound_YoungPersonRtn_a9f4b9e2-e9ea-4456-80e3-47fe03b77367_639196408679877245.xml,TDTR,Go South Coast,Go South Coast 7076 Inbound,Marlborough - Bath,price_band_3.3@YoungPersonRtn,3.3
BLUS_4425_Inbound_ChildSingle_f15d1b06-486f-433a-8991-95f1a97a87e0_639196402924490072.xml,BLUS,Go South Coast,Go South Coast 4425 Inbound,Eastleigh - Boorley Park,price_band_1.0@ChildSingle,1.0
SWWD_3210_Outbound_ChildSingle_a9f4b9e2-e9ea-4456-80e3-47fe03b77367_639196394099973626.xml,SWWD,Go South Coast,Go South Coast 3210 Outbound,City Centre - St Peters Place,price_band_2.3@ChildSingle,2.3
SWWD_7086_Outbound_AdultReturn_a9f4b9e2-e9ea-4456-80e3-47fe03b77367_639196408898404039.xml,SWWD,Go South Coast,Go South Coast 7086 Outbound,Ansty - Shaftesbury,price_band_5.6@AdultReturn,5.6
WDBC_1114_Inbound_ChildReturn_a9f4b9e2-e9ea-4456-80e3-47fe03b77367_639196377684555116.xml,WDBC,Go South Coast,Go South Coast 1114 Inbound,Poole - RB Hospital,price_band_3.7@ChildReturn,3.7
WDBC_1020_Outbound_AdultReturn_a9f4b9e2-e9ea-4456-80e3-47fe03b77367_639196373663947034.xml,WDBC,Go South Coast,Go South Coast 1020 Outbound,Poole - Christchurch,price_band_4.5@AdultReturn,4.5
WDBC_1105_Outbound_ChildSingle_d46597a9-440e-4c13-b49a-76a3986683d1_639196377290837710.xml,WDBC,Go South Coast,Go South Coast 1105 Outbound,Poole - Tower Park,price_band_1.0@ChildSingle,1.0
SVCT_5272_Outbound_ChildSingle_a9f4b9e2-e9ea-4456-80e3-47fe03b77367_639196405689071524.xml,SVCT,Go South Coast,Go South Coast 5272 Outbound,Ryde - Ventnor,price_band_2.4@ChildSingle,2.4
SWWD_3327_Inbound_ChildReturn_a9f4b9e2-e9ea-4456-80e3-47fe03b77367_639196395499310498.xml,SWWD,Go South Coast,Go South Coast 3327 Inbound,Salisbury - Shaftesbury,price_band_6.0@ChildReturn,6.0
SWWD_3325_Inbound_AdultSingle_a9f4b9e2-e9ea-4456-80e3-47fe03b77367_639196394801223104.xml,SWWD,Go South Coast,Go South Coast 3325 Inbound,South Wilts Grammar School - Hindon,price_band_2.3@AdultSingle,2.3
WDBC_2112_Outbound_ChildReturn_a9f4b9e2-e9ea-4456-80e3-47fe03b77367_639196386369738702.xml,WDBC,Go South Coast,Go South Coast 2112 Outbound,Hythe - Lymington,price_band_2.5@ChildReturn,2.5
WDBC_2024_Outbound_ChildReturn_a9f4b9e2-e9ea-4456-80e3-47fe03b77367_639196386257031263.xml,WDBC,Go South Coast,Go South Coast 2024 Outbound,Castlepoint - Christchurch,price_band_2.8@ChildReturn,2.8
SVCT_5405_Outbound_AdultSingle_a9f4b9e2-e9ea-4456-80e3-47fe03b77367_639196405791713077.xml,SVCT,Go South Coast,Go South Coast 5405 Outbound,Newport  - East Cowes [N5],price_band_3.0@AdultSingle,3.0
WDBC_1805_Outbound_ChildSingle_a9f4b9e2-e9ea-4456-80e3-47fe03b77367_639196379808489733.xml,WDBC,Go South Coast,Go South Coast 1805 Outbound,Bournemouth - Kinson,price_band_2.2@ChildSingle,2.2
BLUS_4815_Outbound_AdultSingle_eed5e2e8-c472-41af-825e-db09ec887334_639196403559038199.xml,BLUS,Go South Coast,Go South Coast 4815 Outbound,Boyatt Wood - Eastleigh,price_band_1.0@AdultSingle,1.0
SWWD_3044_Inbound_ChildReturn_a9f4b9e2-e9ea-4456-80e3-47fe03b77367_639196391654830182.xml,SWWD,Go South Coast,Go South Coast 3044 Inbound,Salisbury - Woodfalls,price_band_2.5@ChildReturn,2.5
WDBC_6943_Inbound_AdultReturn_a9f4b9e2-e9ea-4456-80e3-47fe03b77367_639196407951881567.xml,WDBC,Go South Coast,Go South Coast 6943 Inbound,Lulworth - Weymouth,price_band_4.4@AdultReturn,4.4
WDBC_1806_Inbound_ChildSingle_a9f4b9e2-e9ea-4456-80e3-47fe03b77367_639196379870848354.xml,WDBC,Go South Coast,Go South Coast 1806 Inbound,Bournemouth - Wimborne,price_band_2.1@ChildSingle,2.1
WDBC_1115_Outbound_AdultSingle_632675e4-dba2-4cc0-a834-063c3c99ec5d_639196378063127862.xml,WDBC,Go South Coast,Go South Coast 1115 Outbound,Bournemouth - Bournemouth University,price_band_3.0@AdultSingle,3.0
SWWD_3108_Outbound_AdultReturn_a9f4b9e2-e9ea-4456-80e3-47fe03b77367_639196392421329513.xml,SWWD,Go South Coast,Go South Coast 3108 Outbound,Salisbury - Zouch Estate,price_band_5.5@AdultReturn,5.5
WDBC_2024_Inbound_AdultSingle_a9f4b9e2-e9ea-4456-80e3-47fe03b77367_639196386213616519.xml,WDBC,Go South Coast,Go South Coast 2024 Inbound,Castlepoint - Christchurch,price_band_3.0@AdultSingle,3.0
WDBC_1003_Inbound_ChildSingle_d46597a9-440e-4c13-b49a-76a3986683d1_639196370420901638.xml,WDBC,Go South Coast,Go South Coast 1003 Inbound,Poole - Wimborne,price_band_1.0@ChildSingle,1.0
SWWD_3008_Outbound_ChildReturn_a9f4b9e2-e9ea-4456-80e3-47fe03b77367_639196391010248148.xml,SWWD,Go South Coast,Go South Coast 3008 Outbound,Salisbury - Zouch Estate,price_band_3.5@ChildReturn,3.5
BLUS_4103_Outbound_ChildSingle_a9f4b9e2-e9ea-4456-80e3-47fe03b77367_639196402666255348.xml,BLUS,Go South Coast,Go South Coast 4103 Outbound,Southampton - Eastleigh,price_band_2.5@ChildSingle,2.5
SWWD_3645_Inbound_ChildSingle_a9f4b9e2-e9ea-4456-80e3-47fe03b77367_639196399779822412.xml,SWWD,Go South Coast,Go South Coast 3645 Inbound,Stratford Road Grammar School - Hamptworth Cuckoo,price_band_3.0@ChildSingle,3.0
SWWD_7201_Inbound_ChildSingle_a9f4b9e2-e9ea-4456-80e3-47fe03b77367_639196409621895930.xml,SWWD,Go South Coast,Go South Coast 7201 Inbound,Figheldean - Salisbury,price_band_1.8@ChildSingle,1.8
WDBC_1038_Outbound_ChildSingle_a9f4b9e2-e9ea-4456-80e3-47fe03b77367_639196374719725195.xml,WDBC,Go South Coast,Go South Coast 1038 Outbound,Ferndown - Ringwood,price_band_2.6@ChildSingle,2.6
SWWD_3108_Outbound_AdultReturn_a9f4b9e2-e9ea-4456-80e3-47fe03b77367_639196392421329513.xml,SWWD,Go South Coast,Go South Coast 3108 Outbound,Salisbury - Zouch Estate,price_band_4.2@AdultReturn,4.2
BLUS_4539_Outbound_AdultReturn_a9f4b9e2-e9ea-4456-80e3-47fe03b77367_639196403036065159.xml,BLUS,Go South Coast,Go South Coast 4539 Outbound,Rushington - Applemore College,price_band_4.9@AdultReturn,4.9
WDBC_1053_Inbound_ChildSingle_2f1f0c04-770d-4707-ab06-213c5a798ad7_639196376182498982.xml,WDBC,Go South Coast,Go South Coast 1053 Inbound,Bournemouth - Wimborne,price_band_2.3@ChildSingle,2.3
WDBC_1003_Inbound_ChildReturn_a9f4b9e2-e9ea-4456-80e3-47fe03b77367_639196370376596603.xml,WDBC,Go South Coast,Go South Coast 1003 Inbound,Poole - Wimborne,price_band_2.8@ChildReturn,2.8
SWWD_8302_Inbound_AdultSingle_a9f4b9e2-e9ea-4456-80e3-47fe03b77367_639196410395055228.xml,SWWD,Go South Coast,Go South Coast 8302 Inbound,Salisbury R/Station - Salisbury via Stones,price_band_3.0@AdultSingle,3.0
DAMY_6505_Inbound_ChildSingle_a9f4b9e2-e9ea-4456-80e3-47fe03b77367_639196407186444847.xml,DAMY,Go South Coast,Go South Coast 6505 Inbound,Weymouth - Dorchester,price_band_3.0@ChildSingle,3.0
BLUS_4425_Inbound_ChildSingle_eed5e2e8-c472-41af-825e-db09ec887334_639196402927290822.xml,BLUS,Go South Coast,Go South Coast 4425 Inbound,Eastleigh - Boorley Park,price_band_1.0@ChildSingle,1.0
SWWD_3684_Inbound_ChildReturn_a9f4b9e2-e9ea-4456-80e3-47fe03b77367_639196400273843845.xml,SWWD,Go South Coast,Go South Coast 3684 Inbound,Coombe Bissett - Burgate,price_band_2.2@ChildReturn,2.2
WDBC_1106_Inbound_ChildSingle_2f1f0c04-770d-4707-ab06-213c5a798ad7_639196377336933856.xml,WDBC,Go South Coast,Go South Coast 1106 Inbound,Poole - Tower Park,price_band_1.0@ChildSingle,1.0
WDBC_2777_Inbound_ChildReturn_a9f4b9e2-e9ea-4456-80e3-47fe03b77367_639196387537427030.xml,WDBC,Go South Coast,Go South Coast 2777 Inbound,New Forest Drive - Lymington,price_band_3.4@ChildReturn,3.4
WDBC_1802_Inbound_AdultReturn_a9f4b9e2-e9ea-4456-80e3-47fe03b77367_639196379551365673.xml,WDBC,Go South Coast,Go South Coast 1802 Inbound,Bournemouth - Castlepoint,price_band_4.2@AdultReturn,4.2
SWWD_3763_Inbound_AdultSingle_a9f4b9e2-e9ea-4456-80e3-47fe03b77367_639196400467321605.xml,SWWD,Go South Coast,Go South Coast 3763 Inbound,Mount Pleasant Farm - Burgate School,price_band_2.0@AdultSingle,2.0
TDTR_7048_Outbound_ChildSingle_a9f4b9e2-e9ea-4456-80e3-47fe03b77367_639196408540389430.xml,TDTR,Go South Coast,Go South Coast 7048 Outbound,Swindon - Marlborough,price_band_1.0@ChildSingle,1.0
WDBC_1015_Inbound_AdultSingle_a9f4b9e2-e9ea-4456-80e3-47fe03b77367_639196371683321933.xml,WDBC,Go South Coast,Go South Coast 1015 Inbound,Poole - Bournemouth Hospital,price_band_2.8@AdultSingle,2.8
WDBC_2613_Outbound_AdultReturn_a9f4b9e2-e9ea-4456-80e3-47fe03b77367_639196387115374821.xml,WDBC,Go South Coast,Go South Coast 2613 Outbound,Broadstone - Brockenhurst College,price_band_4.6@AdultReturn,4.6
SWWD_3087_Outbound_ChildSingle_a9f4b9e2-e9ea-4456-80e3-47fe03b77367_639196391831007211.xml,SWWD,Go South Coast,Go South Coast 3087 Outbound,South Wilts Grammar School - Lopcombe Corner,price_band_1.9@ChildSingle,1.9
WDBC_6448_Inbound_ChildSingle_a9f4b9e2-e9ea-4456-80e3-47fe03b77367_639196406849977314.xml,WDBC,Go South Coast,Go South Coast 6448 Inbound,Furnell Road - Parkstone Grammar,price_band_1.6@ChildSingle,1.6
WDBC_2002_Inbound_AdultSingle_2f1f0c04-770d-4707-ab06-213c5a798ad7_639196385228949871.xml,WDBC,Go South Coast,Go South Coast 2002 Inbound,Bournemouth - Lymington,price_band_1.0@AdultSingle,1.0
SWWD_3457_Outbound_ChildReturn_a9f4b9e2-e9ea-4456-80e3-47fe03b77367_639196398318067462.xml,SWWD,Go South Coast,Go South Coast 3457 Outbound,Salisbury - Southampton,price_band_3.6@ChildReturn,3.6
WDBC_1015_Inbound_AdultSingle_a9f4b9e2-e9ea-4456-80e3-47fe03b77367_639196371683321933.xml,WDBC,Go South Coast,Go South Coast 1015 Inbound,Poole - Bournemouth Hospital,price_band_2.6@AdultSingle,2.6
WDBC_6943_Outbound_ChildSingle_a9f4b9e2-e9ea-4456-80e3-47fe03b77367_639196408018644321.xml,WDBC,Go South Coast,Go South Coast 6943 Outbound,Lulworth - Weymouth,price_band_2.8@ChildSingle,2.8
SWWD_3883_Inbound_ChildReturn_a9f4b9e2-e9ea-4456-80e3-47fe03b77367_639196400686049945.xml,SWWD,Go South Coast,Go South Coast 3883 Inbound,Bishopdown Farm  - Burgate School,price_band_2.5@ChildReturn,2.5
SWWD_3513_Inbound_ChildReturn_a9f4b9e2-e9ea-4456-80e3-47fe03b77367_639196399171113761.xml,SWWD,Go South Coast,Go South Coast 3513 Inbound,Blue Boar Row - Bulbridge Chantry Road,price_band_3.8@ChildReturn,3.8
BLUS_4538_Inbound_AdultReturn_a9f4b9e2-e9ea-4456-80e3-47fe03b77367_639196403014674972.xml,BLUS,Go South Coast,Go South Coast 4538 Inbound,Rushington - Applemore College,price_band_6.0@AdultReturn,6.0
SWWD_3407_Outbound_ChildSingle_eed5e2e8-c472-41af-825e-db09ec887334_639196397762912632.xml,SWWD,Go South Coast,Go South Coast 3407 Outbound,Salisbury - Southampton,price_band_3.0@ChildSingle,3.0
SWWD_3266_Inbound_ChildReturn_a9f4b9e2-e9ea-4456-80e3-47fe03b77367_639196394144115453.xml,SWWD,Go South Coast,Go South Coast 3266 Inbound,South Wilts Grammar School - Idmiston,price_band_6.0@ChildReturn,6.0
SWWD_3138_Inbound_ChildSingle_a9f4b9e2-e9ea-4456-80e3-47fe03b77367_639196393532839474.xml,SWWD,Go South Coast,Go South Coast 3138 Inbound,West Dean  - Laverstock & Grammar,price_band_2.3@ChildSingle,2.3
WDBC_1831_Outbound_ChildSingle_a9f4b9e2-e9ea-4456-80e3-47fe03b77367_639196381315872156.xml,WDBC,Go South Coast,Go South Coast 1831 Outbound,Bournemouth - Hunt Road and Somerford,price_band_2.2@ChildSingle,2.2
BLUS_4103_Outbound_AdultSingle_f15d1b06-486f-433a-8991-95f1a97a87e0_639196402681368493.xml,BLUS,Go South Coast,Go South Coast 4103 Outbound,Southampton - Eastleigh,price_band_1.0@AdultSingle,1.0
TDTR_7080_Outbound_YoungPersonRtn_a9f4b9e2-e9ea-4456-80e3-47fe03b77367_639196408865610342.xml,TDTR,Go South Coast,Go South Coast 7080 Outbound,Swindon - Marlborough,price_band_3.5@YoungPersonRtn,3.5
SVCT_5001_Outbound_AdultReturn_3671b4f4-9506-487f-90cc-04a86e0aac39_639196403603366532.xml,SVCT,Go South Coast,Go South Coast 5001 Outbound,Newport - Cowes,price_band_6.0@AdultReturn,6.0
SWWD_3102_Inbound_AdultReturn_a9f4b9e2-e9ea-4456-80e3-47fe03b77367_639196392017927741.xml,SWWD,Go South Coast,Go South Coast 3102 Inbound,Salisbury - Devizes,price_band_4.9@AdultReturn,4.9
TDTR_7146_Outbound_AdultReturn_a9f4b9e2-e9ea-4456-80e3-47fe03b77367_639196409076247496.xml,TDTR,Go South Coast,Go South Coast 7146 Outbound,Swindon - Hungerford,price_band_2.6@AdultReturn,2.6
BLUS_4015_Outbound_AdultSingle_eed5e2e8-c472-41af-825e-db09ec887334_639196401961374942.xml,BLUS,Go South Coast,Go South Coast 4015 Outbound,Central Station - Hamble,price_band_1.0@AdultSingle,1.0
SWWD_3312_Outbound_AdultSingle_a9f4b9e2-e9ea-4456-80e3-47fe03b77367_639196394742570959.xml,SWWD,Go South Coast,Go South Coast 3312 Outbound,City Centre - Bishopdown Farm,price_band_3.0@AdultSingle,3.0
WDBC_1011_Outbound_AdultSingle_a9f4b9e2-e9ea-4456-80e3-47fe03b77367_639196371070458652.xml,WDBC,Go South Coast,Go South Coast 1011 Outbound,Bournemouth - Canford Paddock,price_band_2.0@AdultSingle,2.0
SWWD_3457_Outbound_ChildReturn_a9f4b9e2-e9ea-4456-80e3-47fe03b77367_639196398318067462.xml,SWWD,Go South Coast,Go South Coast 3457 Outbound,Salisbury - Southampton,price_band_2.6@ChildReturn,2.6
WDBC_1017_Outbound_ChildReturn_a9f4b9e2-e9ea-4456-80e3-47fe03b77367_639196372944669512.xml,WDBC,Go South Coast,Go South Coast 1017 Outbound,Poole - Bournemouth,price_band_2.9@ChildReturn,2.9
BLUS_3635_Inbound_AdultSingle_a9f4b9e2-e9ea-4456-80e3-47fe03b77367_639196399708590250.xml,BLUS,Go South Coast,Go South Coast 3635 Inbound,Romsey - Ampfield,price_band_3.0@AdultSingle,3.0
SWWD_3509_Inbound_ChildReturn_a9f4b9e2-e9ea-4456-80e3-47fe03b77367_639196399074188624.xml,SWWD,Go South Coast,Go South Coast 3509 Inbound,Milford Street - New Canal,price_band_3.6@ChildReturn,3.6
DAMY_3183_Inbound_ChildReturn_a9f4b9e2-e9ea-4456-80e3-47fe03b77367_639196393827698517.xml,DAMY,Go South Coast,Go South Coast 3183 Inbound,Blandford - Weymouth,price_band_2.9@ChildReturn,2.9
SWWD_3451_Outbound_ChildSingle_a9f4b9e2-e9ea-4456-80e3-47fe03b77367_639196397907893326.xml,SWWD,Go South Coast,Go South Coast 3451 Outbound,Salisbury - Sling - Larkhill,price_band_3.0@ChildSingle,3.0
TDTR_7080_Outbound_YoungPersonSgl_a9f4b9e2-e9ea-4456-80e3-47fe03b77367_639196408849535299.xml,TDTR,Go South Coast,Go South Coast 7080 Outbound,Swindon - Marlborough,price_band_2.0@YoungPersonSgl,2.0
WDBC_8209_Outbound_AdultSingle_a9f4b9e2-e9ea-4456-80e3-47fe03b77367_639196410338766567.xml,WDBC,Go South Coast,Go South Coast 8209 Outbound,Ringwood - Lyndhurst RED,price_band_3.0@AdultSingle,3.0
WDBC_1015_Outbound_ChildSingle_d46597a9-440e-4c13-b49a-76a3986683d1_639196372018817021.xml,WDBC,Go South Coast,Go South Coast 1015 Outbound,Poole - Bournemouth Hospital,price_band_1.0@ChildSingle,1.0
SWWD_3663_Outbound_AdultSingle_a9f4b9e2-e9ea-4456-80e3-47fe03b77367_639196400034637084.xml,SWWD,Go South Coast,Go South Coast 3663 Outbound,Wilton Road  - Laverstock Schools,price_band_2.3@AdultSingle,2.3
WDBC_1950_Outbound_ChildSingle_d46597a9-440e-4c13-b49a-76a3986683d1_639196384069041292.xml,WDBC,Go South Coast,Go South Coast 1950 Outbound,Bournemouth - Swanage,price_band_1.0@ChildSingle,1.0
TDTR_7155_Inbound_AdultSingle_a9f4b9e2-e9ea-4456-80e3-47fe03b77367_639196409278807526.xml,TDTR,Go South Coast,Go South Coast 7155 Inbound,Stratton Park - Ridgeway School,price_band_3.1@AdultSingle,3.1
WDBC_1883_Outbound_ChildSingle_a9f4b9e2-e9ea-4456-80e3-47fe03b77367_639196382583495729.xml,WDBC,Go South Coast,Go South Coast 1883 Outbound,Alum Chine - Castlepoint,price_band_1.9@ChildSingle,1.9
BLUS_4016_Inbound_ChildSingle_a9f4b9e2-e9ea-4456-80e3-47fe03b77367_639196401984166379.xml,BLUS,Go South Coast,Go South Coast 4016 Inbound,Southampton - Townhill Park,price_band_2.1@ChildSingle,2.1
WDBC_6448_Inbound_ChildReturn_a9f4b9e2-e9ea-4456-80e3-47fe03b77367_639196406858116661.xml,WDBC,Go South Coast,Go South Coast 6448 Inbound,Furnell Road - Parkstone Grammar,price_band_2.7@ChildReturn,2.7
WDBC_1950_Outbound_AdultSingle_2f1f0c04-770d-4707-ab06-213c5a798ad7_639196383999741715.xml,WDBC,Go South Coast,Go South Coast 1950 Outbound,Bournemouth - Swanage,price_band_2.3@AdultSingle,2.3
SWWD_3125_Outbound_AdultSingle_a9f4b9e2-e9ea-4456-80e3-47fe03b77367_639196392921027229.xml,SWWD,Go South Coast,Go South Coast 3125 Outbound,South Wilts Grammar School - Hindon,price_band_3.0@AdultSingle,3.0
SWWD_3651_Outbound_ChildReturn_a9f4b9e2-e9ea-4456-80e3-47fe03b77367_639196400009727198.xml,SWWD,Go South Coast,Go South Coast 3651 Outbound,Avon Valley College - Sling,price_band_3.8@ChildReturn,3.8
TDTR_7048_Outbound_YoungPersonSgl_a9f4b9e2-e9ea-4456-80e3-47fe03b77367_639196408560033162.xml,TDTR,Go South Coast,Go South Coast 7048 Outbound,Swindon - Marlborough,price_band_1.7@YoungPersonSgl,1.7
WDBC_1643_Inbound_ChildSingle_a9f4b9e2-e9ea-4456-80e3-47fe03b77367_639196378869641694.xml,WDBC,Go South Coast,Go South Coast 1643 Inbound,Fishermans Walk - Talbot Campus,price_band_2.1@ChildSingle,2.1
WDBC_1053_Outbound_ChildSingle_a9f4b9e2-e9ea-4456-80e3-47fe03b77367_639196376334244450.xml,WDBC,Go South Coast,Go South Coast 1053 Outbound,Bournemouth - Wimborne,price_band_2.1@ChildSingle,2.1
SVCT_5006_Outbound_YoungAdSingle_a9f4b9e2-e9ea-4456-80e3-47fe03b77367_639196403997781994.xml,SVCT,Go South Coast,Go South Coast 5006 Outbound,Newport  - Ventnor,price_band_2.4@YoungAdSingle,2.4
SWWD_7201_Inbound_ChildSingle_a9f4b9e2-e9ea-4456-80e3-47fe03b77367_639196409621895930.xml,SWWD,Go South Coast,Go South Coast 7201 Inbound,Figheldean - Salisbury,price_band_3.0@ChildSingle,3.0
WDBC_1786_Inbound_ChildSingle_a9f4b9e2-e9ea-4456-80e3-47fe03b77367_639196379203343948.xml,WDBC,Go South Coast,Go South Coast 1786 Inbound,Park Gates - Bournemouth School for Girls,price_band_3.7@ChildSingle,3.7
WDBC_1831_Inbound_AdultSingle_a9f4b9e2-e9ea-4456-80e3-47fe03b77367_639196381148799421.xml,WDBC,Go South Coast,Go South Coast 1831 Inbound,Bournemouth - Hunt Road and Somerford,price_band_2.8@AdultSingle,2.8
UNIL_4716_Inbound_AdultSingle_eed5e2e8-c472-41af-825e-db09ec887334_639196403238827118.xml,UNIL,Go South Coast,Go South Coast 4716 Inbound,General Hospital - NOCS,price_band_1.0@AdultSingle,1.0
UNIL_4712_Inbound_ChildSingle_a9f4b9e2-e9ea-4456-80e3-47fe03b77367_639196403207084137.xml,UNIL,Go South Coast,Go South Coast 4712 Inbound,Bassett Green - Mayflower Halls,price_band_2.0@ChildSingle,2.0
SWWD_3210_Inbound_ChildReturn_a9f4b9e2-e9ea-4456-80e3-47fe03b77367_639196394069344671.xml,SWWD,Go South Coast,Go South Coast 3210 Inbound,City Centre - St Peters Place,price_band_2.5@ChildReturn,2.5
UNIL_4722_Outbound_ChildSingle_a9f4b9e2-e9ea-4456-80e3-47fe03b77367_639196403316218414.xml,UNIL,Go South Coast,Go South Coast 4722 Outbound,Mayflower Halls - Highfield Campus,price_band_2.0@ChildSingle,2.0
WDBC_1053_Outbound_AdultSingle_2f1f0c04-770d-4707-ab06-213c5a798ad7_639196376366142529.xml,WDBC,Go South Coast,Go South Coast 1053 Outbound,Bournemouth - Wimborne,price_band_2.3@AdultSingle,2.3
BLUS_4506_Outbound_ChildReturn_a9f4b9e2-e9ea-4456-80e3-47fe03b77367_639196403006109756.xml,BLUS,Go South Coast,Go South Coast 4506 Outbound,City Centre - Cantell School,price_band_2.5@ChildReturn,2.5
WDBC_2003_Inbound_ChildReturn_a9f4b9e2-e9ea-4456-80e3-47fe03b77367_639196385719101629.xml,WDBC,Go South Coast,Go South Coast 2003 Inbound,Salisbury - Bournemouth,price_band_2.8@ChildReturn,2.8
SWWD_3166_Outbound_AdultSingle_a9f4b9e2-e9ea-4456-80e3-47fe03b77367_639196393668265716.xml,SWWD,Go South Coast,Go South Coast 3166 Outbound,South Wilts Grammar School - Idmiston,price_band_2.3@AdultSingle,2.3
WDBC_6898_Outbound_AdultReturn_a9f4b9e2-e9ea-4456-80e3-47fe03b77367_639196407433490789.xml,WDBC,Go South Coast,Go South Coast 6898 Outbound,Poole  - ASDA,price_band_4.2@AdultReturn,4.2
WDBC_2176_Outbound_AdultReturn_a9f4b9e2-e9ea-4456-80e3-47fe03b77367_639196386587781987.xml,WDBC,Go South Coast,Go South Coast 2176 Outbound,Christchurch - Ringwood,price_band_4.5@AdultReturn,4.5
TDTR_7080_Outbound_AdultSingle_a9f4b9e2-e9ea-4456-80e3-47fe03b77367_639196408832630581.xml,TDTR,Go South Coast,Go South Coast 7080 Outbound,Swindon - Marlborough,price_band_3.0@AdultSingle,3.0
WDBC_1106_Inbound_AdultSingle_d46597a9-440e-4c13-b49a-76a3986683d1_639196377329549131.xml,WDBC,Go South Coast,Go South Coast 1106 Inbound,Poole - Tower Park,price_band_1.0@AdultSingle,1.0
SWWD_3677_Inbound_ChildReturn_a9f4b9e2-e9ea-4456-80e3-47fe03b77367_639196400161512315.xml,SWWD,Go South Coast,Go South Coast 3677 Inbound,Stratford Road Grammar School - West Wellow,price_band_2.5@ChildReturn,2.5
WDBC_2001_Outbound_ChildSingle_2f1f0c04-770d-4707-ab06-213c5a798ad7_639196384982936481.xml,WDBC,Go South Coast,Go South Coast 2001 Outbound,Bournemouth - Lymington,price_band_3.0@ChildSingle,3.0
BLUS_4010_Outbound_ChildSingle_f15d1b06-486f-433a-8991-95f1a97a87e0_639196401686761534.xml,BLUS,Go South Coast,Go South Coast 4010 Outbound,Southampton - Sholing,price_band_1.0@ChildSingle,1.0
WDBC_1762_Inbound_AdultReturn_a9f4b9e2-e9ea-4456-80e3-47fe03b77367_639196379155438245.xml,WDBC,Go South Coast,Go South Coast 1762 Inbound,Merley - Corfe Hills,price_band_5.1@AdultReturn,5.1
WDBC_1831_Inbound_ChildReturn_a9f4b9e2-e9ea-4456-80e3-47fe03b77367_639196381172420581.xml,WDBC,Go South Coast,Go South Coast 1831 Inbound,Bournemouth - Hunt Road and Somerford,price_band_2.8@ChildReturn,2.8
WDBC_1003_Inbound_AdultReturn_a9f4b9e2-e9ea-4456-80e3-47fe03b77367_639196370367861697.xml,WDBC,Go South Coast,Go South Coast 1003 Inbound,Poole - Wimborne,price_band_4.2@AdultReturn,4.2
WDBC_2112_Outbound_ChildSingle_a9f4b9e2-e9ea-4456-80e3-47fe03b77367_639196386385776673.xml,WDBC,Go South Coast,Go South Coast 2112 Outbound,Hythe - Lymington,price_band_2.9@ChildSingle,2.9
TDTR_7242_Outbound_ChildSingle_a9f4b9e2-e9ea-4456-80e3-47fe03b77367_639196409731131931.xml,TDTR,Go South Coast,Go South Coast 7242 Outbound,Barton Park - St John's School,price_band_0.7@ChildSingle,0.7
TDTR_7180_Outbound_AdultReturn_a9f4b9e2-e9ea-4456-80e3-47fe03b77367_639196409565432156.xml,TDTR,Go South Coast,Go South Coast 7180 Outbound,Marlborough - Ludgershall,price_band_4.1@AdultReturn,4.1
BLUS_4019_Outbound_ChildSingle_eed5e2e8-c472-41af-825e-db09ec887334_639196402280430705.xml,BLUS,Go South Coast,Go South Coast 4019 Outbound,Thornhill - Lordshill,price_band_1.0@ChildSingle,1.0
TDTR_3820_Outbound_AdultSingle_a9f4b9e2-e9ea-4456-80e3-47fe03b77367_639196400549738554.xml,TDTR,Go South Coast,Go South Coast 3820 Outbound,Marlborough - Newbury,price_band_2.2@AdultSingle,2.2
SWWD_3684_Outbound_ChildSingle_a9f4b9e2-e9ea-4456-80e3-47fe03b77367_639196400301590510.xml,SWWD,Go South Coast,Go South Coast 3684 Outbound,Coombe Bissett - Burgate,price_band_1.9@ChildSingle,1.9
WDBC_6043_Outbound_ChildReturn_a9f4b9e2-e9ea-4456-80e3-47fe03b77367_639196406291518594.xml,WDBC,Go South Coast,Go South Coast 6043 Outbound,County Gates - Parkstone Grammar School,price_band_5.7@ChildReturn,5.7
WDBC_1950_Inbound_AdultSingle_a9f4b9e2-e9ea-4456-80e3-47fe03b77367_639196383550449814.xml,WDBC,Go South Coast,Go South Coast 1950 Inbound,Bournemouth - Swanage,price_band_2.3@AdultSingle,2.3
WDBC_1846_Inbound_AdultReturn_a9f4b9e2-e9ea-4456-80e3-47fe03b77367_639196382430079875.xml,WDBC,Go South Coast,Go South Coast 1846 Inbound,Throop - Avonbourne Academy,price_band_6.0@AdultReturn,6.0
DAMY_6505_Inbound_ChildSingle_a9f4b9e2-e9ea-4456-80e3-47fe03b77367_639196407186444847.xml,DAMY,Go South Coast,Go South Coast 6505 Inbound,Weymouth - Dorchester,price_band_2.3@ChildSingle,2.3
TDTR_7552_Outbound_AdultSingle_a9f4b9e2-e9ea-4456-80e3-47fe03b77367_639196410086316565.xml,TDTR,Go South Coast,Go South Coast 7552 Outbound,Malmesbury - Cirencester College,price_band_5.2@AdultSingle,5.2
SVCT_5271_Inbound_AdultSingle_a9f4b9e2-e9ea-4456-80e3-47fe03b77367_639196405661867858.xml,SVCT,Go South Coast,Go South Coast 5271 Inbound,Ryde - Ventnor,price_band_3.0@AdultSingle,3.0
WDBC_1052_Outbound_AdultSingle_a9f4b9e2-e9ea-4456-80e3-47fe03b77367_639196375905103694.xml,WDBC,Go South Coast,Go South Coast 1052 Outbound,Rockley - Sandbanks,price_band_3.0@AdultSingle,3.0
BLUS_4005_Inbound_ChildSingle_f15d1b06-486f-433a-8991-95f1a97a87e0_639196401221392951.xml,BLUS,Go South Coast,Go South Coast 4005 Inbound,Boyatt Wood - Romsey,price_band_1.0@ChildSingle,1.0
SWWD_3088_Outbound_ChildSingle_a9f4b9e2-e9ea-4456-80e3-47fe03b77367_639196391954079983.xml,SWWD,Go South Coast,Go South Coast 3088 Outbound,Salisbury - Winterslow Gunville Stockbridge Turn,price_band_1.9@ChildSingle,1.9
SWWD_3886_Outbound_ChildReturn_a9f4b9e2-e9ea-4456-80e3-47fe03b77367_639196400881003393.xml,SWWD,Go South Coast,Go South Coast 3886 Outbound,St Peters Place  - Burgate School,price_band_2.5@ChildReturn,2.5
BLUS_4425_Inbound_AdultSingle_eed5e2e8-c472-41af-825e-db09ec887334_639196402916989562.xml,BLUS,Go South Coast,Go South Coast 4425 Inbound,Eastleigh - Boorley Park,price_band_1.0@AdultSingle,1.0
DAMY_6020_Inbound_ChildSingle_a9f4b9e2-e9ea-4456-80e3-47fe03b77367_639196406032203739.xml,DAMY,Go South Coast,Go South Coast 6020 Inbound,Salisbury - Blandford,price_band_2.8@ChildSingle,2.8
WDBC_1806_Outbound_AdultSingle_2f1f0c04-770d-4707-ab06-213c5a798ad7_639196379972888931.xml,WDBC,Go South Coast,Go South Coast 1806 Outbound,Bournemouth - Wimborne,price_band_2.2@AdultSingle,2.2
SVCT_5263_Inbound_AdultSingle_a9f4b9e2-e9ea-4456-80e3-47fe03b77367_639196405621347548.xml,SVCT,Go South Coast,Go South Coast 5263 Inbound,Newport - Ventnor,price_band_3.0@AdultSingle,3.0
WDBC_1003_Inbound_AdultSingle_a9f4b9e2-e9ea-4456-80e3-47fe03b77367_639196370358799980.xml,WDBC,Go South Coast,Go South Coast 1003 Inbound,Poole - Wimborne,price_band_2.3@AdultSingle,2.3
TDTR_7540_Outbound_ChildSingle_a9f4b9e2-e9ea-4456-80e3-47fe03b77367_639196409981763565.xml,TDTR,Go South Coast,Go South Coast 7540 Outbound,Lydiard Millicent - Cirencester College,price_band_5.2@ChildSingle,5.2
TDTR_7052_Inbound_AdultSingle_a9f4b9e2-e9ea-4456-80e3-47fe03b77367_639196408577731550.xml,TDTR,Go South Coast,Go South Coast 7052 Inbound,Barnfield - Okus,price_band_3.0@AdultSingle,3.0
WDBC_1415_Inbound_AdultSingle_a9f4b9e2-e9ea-4456-80e3-47fe03b77367_639196378706110581.xml,WDBC,Go South Coast,Go South Coast 1415 Inbound,Poole High - Canford Heath,price_band_2.3@AdultSingle,2.3
WDBC_1951_Outbound_AdultSingle_a9f4b9e2-e9ea-4456-80e3-47fe03b77367_639196384185391493.xml,WDBC,Go South Coast,Go South Coast 1951 Outbound,Bournemouth - Sandbanks,price_band_2.3@AdultSingle,2.3
SWWD_3509_Inbound_ChildSingle_a9f4b9e2-e9ea-4456-80e3-47fe03b77367_639196399071375891.xml,SWWD,Go South Coast,Go South Coast 3509 Inbound,Milford Street - New Canal,price_band_1.9@ChildSingle,1.9
WDBC_1802_Inbound_AdultSingle_a9f4b9e2-e9ea-4456-80e3-47fe03b77367_639196379545479857.xml,WDBC,Go South Coast,Go South Coast 1802 Inbound,Bournemouth - Castlepoint,price_band_2.8@AdultSingle,2.8
BLUS_4204_Inbound_AdultReturn_a9f4b9e2-e9ea-4456-80e3-47fe03b77367_639196402823175871.xml,BLUS,Go South Coast,Go South Coast 4204 Inbound,Totton - Totton Anti-Clockwise,price_band_6.0@AdultReturn,6.0
WDBC_2604_Inbound_AdultReturn_a9f4b9e2-e9ea-4456-80e3-47fe03b77367_639196386983994727.xml,WDBC,Go South Coast,Go South Coast 2604 Inbound,Langley Farm - Brockenhurst College,price_band_7.5@AdultReturn,7.5
SVCT_5249_Inbound_AdultSingle_a9f4b9e2-e9ea-4456-80e3-47fe03b77367_639196405548004730.xml,SVCT,Go South Coast,Go South Coast 5249 Inbound,Ryde - Newport,price_band_3.0@AdultSingle,3.0
WDBC_6903_Inbound_ChildReturn_a9f4b9e2-e9ea-4456-80e3-47fe03b77367_639196407501779126.xml,WDBC,Go South Coast,Go South Coast 6903 Inbound,Swanage - Lulworth,price_band_5.1@ChildReturn,5.1
WDBC_1806_Outbound_ChildSingle_2f1f0c04-770d-4707-ab06-213c5a798ad7_639196379991984104.xml,WDBC,Go South Coast,Go South Coast 1806 Outbound,Bournemouth - Wimborne,price_band_1.8@ChildSingle,1.8
SWWD_3451_Outbound_ChildSingle_a9f4b9e2-e9ea-4456-80e3-47fe03b77367_639196397907893326.xml,SWWD,Go South Coast,Go South Coast 3451 Outbound,Salisbury - Sling - Larkhill,price_band_2.3@ChildSingle,2.3
TDTR_7001_Outbound_YoungPersonSgl_a9f4b9e2-e9ea-4456-80e3-47fe03b77367_639196408069348592.xml,TDTR,Go South Coast,Go South Coast 7001 Outbound,Middleleaze - Great Western Hospital,price_band_2.5@YoungPersonSgl,2.5
SWWD_3402_Inbound_ChildSingle_a9f4b9e2-e9ea-4456-80e3-47fe03b77367_639196395840858699.xml,SWWD,Go South Coast,Go South Coast 3402 Inbound,Salisbury - Devizes,price_band_2.2@ChildSingle,2.2
SWWD_3405_Outbound_ChildReturn_a9f4b9e2-e9ea-4456-80e3-47fe03b77367_639196396824976158.xml,SWWD,Go South Coast,Go South Coast 3405 Outbound,Salisbury - Pewsey,price_band_2.9@ChildReturn,2.9
WDBC_1950_Outbound_AdultSingle_a9f4b9e2-e9ea-4456-80e3-47fe03b77367_639196383827164618.xml,WDBC,Go South Coast,Go South Coast 1950 Outbound,Bournemouth - Swanage,price_band_2.3@AdultSingle,2.3
WDBC_2003_Outbound_ChildSingle_a9f4b9e2-e9ea-4456-80e3-47fe03b77367_639196385983774623.xml,WDBC,Go South Coast,Go South Coast 2003 Outbound,Salisbury - Bournemouth,price_band_2.1@ChildSingle,2.1
WDBC_1016_Outbound_AdultReturn_a9f4b9e2-e9ea-4456-80e3-47fe03b77367_639196372308043726.xml,WDBC,Go South Coast,Go South Coast 1016 Outbound,Poole - Bournemouth,price_band_4.7@AdultReturn,4.7
SWWD_7086_Inbound_ChildReturn_a9f4b9e2-e9ea-4456-80e3-47fe03b77367_639196408886307715.xml,SWWD,Go South Coast,Go South Coast 7086 Inbound,Ansty - Shaftesbury,price_band_1.7@ChildReturn,1.7
TDTR_7148_Outbound_AdultSingle_a9f4b9e2-e9ea-4456-80e3-47fe03b77367_639196409179812811.xml,TDTR,Go South Coast,Go South Coast 7148 Outbound,Swindon - Marlborough,price_band_2.9@AdultSingle,2.9
DAMY_6905_Outbound_AdultReturn_a9f4b9e2-e9ea-4456-80e3-47fe03b77367_639196407708914715.xml,DAMY,Go South Coast,Go South Coast 6905 Outbound,Warmwell - Dorchester,price_band_4.2@AdultReturn,4.2
WDBC_2176_Outbound_AdultReturn_a9f4b9e2-e9ea-4456-80e3-47fe03b77367_639196386587781987.xml,WDBC,Go South Coast,Go South Coast 2176 Outbound,Christchurch - Ringwood,price_band_6.0@AdultReturn,6.0
SVCT_5272_Outbound_AdultSingle_a9f4b9e2-e9ea-4456-80e3-47fe03b77367_639196405696420273.xml,SVCT,Go South Coast,Go South Coast 5272 Outbound,Ryde - Ventnor,price_band_3.0@AdultSingle,3.0
WDBC_1040_Inbound_ChildSingle_d46597a9-440e-4c13-b49a-76a3986683d1_639196375106224712.xml,WDBC,Go South Coast,Go South Coast 1040 Inbound,Swanage - Poole,price_band_3.0@ChildSingle,3.0
BLUS_4017_Inbound_AdultSingle_eed5e2e8-c472-41af-825e-db09ec887334_639196402057523172.xml,BLUS,Go South Coast,Go South Coast 4017 Inbound,Weston - Adanac Park,price_band_1.0@AdultSingle,1.0
WDBC_6903_Outbound_AdultReturn_a9f4b9e2-e9ea-4456-80e3-47fe03b77367_639196407632442021.xml,WDBC,Go South Coast,Go South Coast 6903 Outbound,Swanage - Lulworth,price_band_5.1@AdultReturn,5.1
WDBC_6449_Outbound_ChildReturn_a9f4b9e2-e9ea-4456-80e3-47fe03b77367_639196406968851108.xml,WDBC,Go South Coast,Go South Coast 6449 Outbound,St Osmunds - Parkstone Grammar,price_band_2.5@ChildReturn,2.5
SWWD_3684_Outbound_ChildReturn_a9f4b9e2-e9ea-4456-80e3-47fe03b77367_639196400296909605.xml,SWWD,Go South Coast,Go South Coast 3684 Outbound,Coombe Bissett - Burgate,price_band_2.5@ChildReturn,2.5
SVCT_5108_Inbound_ChildSingle_a9f4b9e2-e9ea-4456-80e3-47fe03b77367_639196405197904812.xml,SVCT,Go South Coast,Go South Coast 5108 Inbound,Ryde  - Newport,price_band_1.8@ChildSingle,1.8
WDBC_1068_Outbound_AdultSingle_a9f4b9e2-e9ea-4456-80e3-47fe03b77367_639196376923064179.xml,WDBC,Go South Coast,Go South Coast 1068 Outbound,Poole - Poole Clockwise,price_band_3.0@AdultSingle,3.0
SWWD_3326_Inbound_ChildSingle_a9f4b9e2-e9ea-4456-80e3-47fe03b77367_639196395131968093.xml,SWWD,Go South Coast,Go South Coast 3326 Inbound,Salisbury - Hindon,price_band_1.9@ChildSingle,1.9
SVCT_5268_Inbound_YoungAdSingle_a9f4b9e2-e9ea-4456-80e3-47fe03b77367_639196405636955998.xml,SVCT,Go South Coast,Go South Coast 5268 Inbound,Carisbrooke - St Helens,price_band_3.0@YoungAdSingle,3.0
WDBC_2633_Outbound_AdultSingle_a9f4b9e2-e9ea-4456-80e3-47fe03b77367_639196387427779345.xml,WDBC,Go South Coast,Go South Coast 2633 Outbound,Wimborne - Brockenhurst College,price_band_4.5@AdultSingle,4.5
SWWD_3327_Inbound_AdultReturn_a9f4b9e2-e9ea-4456-80e3-47fe03b77367_639196395455571575.xml,SWWD,Go South Coast,Go South Coast 3327 Inbound,Salisbury - Shaftesbury,price_band_4.9@AdultReturn,4.9
TDTR_7180_Inbound_YoungPersonSgl_a9f4b9e2-e9ea-4456-80e3-47fe03b77367_639196409516467218.xml,TDTR,Go South Coast,Go South Coast 7180 Inbound,Marlborough - Ludgershall,price_band_2.4@YoungPersonSgl,2.4
DAMY_6905_Outbound_ChildSingle_a9f4b9e2-e9ea-4456-80e3-47fe03b77367_639196407716727735.xml,DAMY,Go South Coast,Go South Coast 6905 Outbound,Warmwell - Dorchester,price_band_2.3@ChildSingle,2.3
WDBC_1841_Outbound_AdultSingle_a9f4b9e2-e9ea-4456-80e3-47fe03b77367_639196382130631696.xml,WDBC,Go South Coast,Go South Coast 1841 Outbound,Bournemouth - Mudeford and Somerford,price_band_3.0@AdultSingle,3.0
WDBC_1053_Outbound_ChildSingle_2f1f0c04-770d-4707-ab06-213c5a798ad7_639196376421005259.xml,WDBC,Go South Coast,Go South Coast 1053 Outbound,Bournemouth - Wimborne,price_band_1.0@ChildSingle,1.0
WDBC_1016_Inbound_AdultSingle_d46597a9-440e-4c13-b49a-76a3986683d1_639196372193959597.xml,WDBC,Go South Coast,Go South Coast 1016 Inbound,Poole - Bournemouth,price_band_1.0@AdultSingle,1.0
WDBC_2003_Outbound_ChildSingle_2f1f0c04-770d-4707-ab06-213c5a798ad7_639196386182254413.xml,WDBC,Go South Coast,Go South Coast 2003 Outbound,Salisbury - Bournemouth,price_band_2.5@ChildSingle,2.5
TDTR_7120_Inbound_YoungPersonSgl_a9f4b9e2-e9ea-4456-80e3-47fe03b77367_639196408959866011.xml,TDTR,Go South Coast,Go South Coast 7120 Inbound,Marlborough - Hungerford,price_band_1.0@YoungPersonSgl,1.0
WDBC_2906_Inbound_ChildSingle_a9f4b9e2-e9ea-4456-80e3-47fe03b77367_639196387692353098.xml,WDBC,Go South Coast,Go South Coast 2906 Inbound,Poole - Ringwood,price_band_2.8@ChildSingle,2.8
SWWD_3008_Outbound_ChildReturn_a9f4b9e2-e9ea-4456-80e3-47fe03b77367_639196391010248148.xml,SWWD,Go South Coast,Go South Coast 3008 Outbound,Salisbury - Zouch Estate,price_band_4.8@ChildReturn,4.8
BLUS_4023_Outbound_AdultSingle_a9f4b9e2-e9ea-4456-80e3-47fe03b77367_639196402422323518.xml,BLUS,Go South Coast,Go South Coast 4023 Outbound,Eastleigh - Velmore,price_band_2.5@AdultSingle,2.5
WDBC_1050_Inbound_ChildSingle_a9f4b9e2-e9ea-4456-80e3-47fe03b77367_639196375531808668.xml,WDBC,Go South Coast,Go South Coast 1050 Inbound,Bournemouth Station - Swanage,price_band_2.1@ChildSingle,2.1
SWWD_3008_Inbound_ChildReturn_a9f4b9e2-e9ea-4456-80e3-47fe03b77367_639196390712342619.xml,SWWD,Go South Coast,Go South Coast 3008 Inbound,Salisbury - Zouch Estate,price_band_4.5@ChildReturn,4.5
WDBC_2906_Outbound_AdultSingle_2f1f0c04-770d-4707-ab06-213c5a798ad7_639196388476753346.xml,WDBC,Go South Coast,Go South Coast 2906 Outbound,Poole - Ringwood,price_band_3.0@AdultSingle,3.0
TDTR_7048_Inbound_ChildSingle_a9f4b9e2-e9ea-4456-80e3-47fe03b77367_639196408488570662.xml,TDTR,Go South Coast,Go South Coast 7048 Inbound,Swindon - Marlborough,price_band_1.0@ChildSingle,1.0
SVCT_8502_Outbound_ChildSingle_a9f4b9e2-e9ea-4456-80e3-47fe03b77367_639196410636142625.xml,SVCT,Go South Coast,Go South Coast 8502 Outbound,Downs - Breezer,price_band_4.2@ChildSingle,4.2
TDTR_7076_Outbound_YoungPersonSgl_a9f4b9e2-e9ea-4456-80e3-47fe03b77367_639196408750618859.xml,TDTR,Go South Coast,Go South Coast 7076 Outbound,Marlborough - Bath,price_band_1.0@YoungPersonSgl,1.0
WDBC_1841_Outbound_ChildReturn_a9f4b9e2-e9ea-4456-80e3-47fe03b77367_639196382205951328.xml,WDBC,Go South Coast,Go South Coast 1841 Outbound,Bournemouth - Mudeford and Somerford,price_band_2.8@ChildReturn,2.8
TDTR_7148_Inbound_AdultSingle_a9f4b9e2-e9ea-4456-80e3-47fe03b77367_639196409121321976.xml,TDTR,Go South Coast,Go South Coast 7148 Inbound,Swindon - Marlborough,price_band_2.9@AdultSingle,2.9
BLUS_4004_Outbound_AdultSingle_a9f4b9e2-e9ea-4456-80e3-47fe03b77367_639196401155060211.xml,BLUS,Go South Coast,Go South Coast 4004 Outbound,Southampton - Romsey,price_band_2.5@AdultSingle,2.5
WDBC_1789_Inbound_AdultReturn_a9f4b9e2-e9ea-4456-80e3-47fe03b77367_639196379289700065.xml,WDBC,Go South Coast,Go South Coast 1789 Inbound,Bournemouth School for Girls - Lymington,price_band_6.4@AdultReturn,6.4
WDBC_1114_Outbound_AdultSingle_d46597a9-440e-4c13-b49a-76a3986683d1_639196377988058445.xml,WDBC,Go South Coast,Go South Coast 1114 Outbound,Poole - RB Hospital,price_band_1.0@AdultSingle,1.0
DAMY_3183_Inbound_ChildReturn_a9f4b9e2-e9ea-4456-80e3-47fe03b77367_639196393827698517.xml,DAMY,Go South Coast,Go South Coast 3183 Inbound,Blandford - Weymouth,price_band_3.6@ChildReturn,3.6
WDBC_1011_Inbound_ChildSingle_a9f4b9e2-e9ea-4456-80e3-47fe03b77367_639196371010936977.xml,WDBC,Go South Coast,Go South Coast 1011 Inbound,Bournemouth - Canford Paddock,price_band_2.8@ChildSingle,2.8
TDTR_7176_Outbound_YoungPersonRtn_a9f4b9e2-e9ea-4456-80e3-47fe03b77367_639196409401708869.xml,TDTR,Go South Coast,Go South Coast 7176 Outbound,Calne - Bath,price_band_4.0@YoungPersonRtn,4.0
TDTR_7013_Inbound_AdultSingle_a9f4b9e2-e9ea-4456-80e3-47fe03b77367_639196408174581705.xml,TDTR,Go South Coast,Go South Coast 7013 Inbound,Fleming Way - Eldene,price_band_2.2@AdultSingle,2.2
TDTR_7531_Outbound_ChildReturn_a9f4b9e2-e9ea-4456-80e3-47fe03b77367_639196409775953633.xml,TDTR,Go South Coast,Go South Coast 7531 Outbound,Rushey Platt - Cirencester College,price_band_8.3@ChildReturn,8.3
SWWD_3515_Outbound_AdultSingle_a9f4b9e2-e9ea-4456-80e3-47fe03b77367_639196399295991344.xml,SWWD,Go South Coast,Go South Coast 3515 Outbound,City Centre - Petersfinger Park & Ride,price_band_3.0@AdultSingle,3.0
WDBC_1802_Outbound_AdultSingle_a9f4b9e2-e9ea-4456-80e3-47fe03b77367_639196379602934648.xml,WDBC,Go South Coast,Go South Coast 1802 Outbound,Bournemouth - Castlepoint,price_band_2.8@AdultSingle,2.8
WDBC_2762_Outbound_ChildReturn_a9f4b9e2-e9ea-4456-80e3-47fe03b77367_639196387479626175.xml,WDBC,Go South Coast,Go South Coast 2762 Outbound,Keyhaven Road  - Priestlands School,price_band_4.0@ChildReturn,4.0
BLUS_4402_Inbound_ChildReturn_a9f4b9e2-e9ea-4456-80e3-47fe03b77367_639196402870755171.xml,BLUS,Go South Coast,Go South Coast 4402 Inbound,Hythe - Applemore,price_band_3.3@ChildReturn,3.3
TDTR_7531_Outbound_AdultReturn_a9f4b9e2-e9ea-4456-80e3-47fe03b77367_639196409767984290.xml,TDTR,Go South Coast,Go South Coast 7531 Outbound,Rushey Platt - Cirencester College,price_band_8.3@AdultReturn,8.3
WDBC_1841_Inbound_ChildReturn_a9f4b9e2-e9ea-4456-80e3-47fe03b77367_639196382001476704.xml,WDBC,Go South Coast,Go South Coast 1841 Inbound,Bournemouth - Mudeford and Somerford,price_band_2.8@ChildReturn,2.8
WDBC_1053_Inbound_ChildReturn_a9f4b9e2-e9ea-4456-80e3-47fe03b77367_639196376058761639.xml,WDBC,Go South Coast,Go South Coast 1053 Inbound,Bournemouth - Wimborne,price_band_3.0@ChildReturn,3.0
SVCT_5007_Outbound_ChildSingle_a9f4b9e2-e9ea-4456-80e3-47fe03b77367_639196404048053175.xml,SVCT,Go South Coast,Go South Coast 5007 Outbound,Newport  - Alum Bay,price_band_2.4@ChildSingle,2.4
BLUS_4024_Inbound_AdultReturn_a9f4b9e2-e9ea-4456-80e3-47fe03b77367_639196402445638378.xml,BLUS,Go South Coast,Go South Coast 4024 Inbound,Eastleigh - Hedge End,price_band_4.5@AdultReturn,4.5
WDBC_2024_Inbound_ChildSingle_a9f4b9e2-e9ea-4456-80e3-47fe03b77367_639196386227697926.xml,WDBC,Go South Coast,Go South Coast 2024 Inbound,Castlepoint - Christchurch,price_band_1.9@ChildSingle,1.9
BLUS_4015_Outbound_ChildSingle_f15d1b06-486f-433a-8991-95f1a97a87e0_639196401966499763.xml,BLUS,Go South Coast,Go South Coast 4015 Outbound,Central Station - Hamble,price_band_1.0@ChildSingle,1.0
TDTR_3620_Inbound_AdultSingle_a9f4b9e2-e9ea-4456-80e3-47fe03b77367_639196399604584211.xml,TDTR,Go South Coast,Go South Coast 3620 Inbound,Hungerford Priory  - St Johns Sch,price_band_2.6@AdultSingle,2.6
SWWD_3677_Inbound_ChildReturn_a9f4b9e2-e9ea-4456-80e3-47fe03b77367_639196400161512315.xml,SWWD,Go South Coast,Go South Coast 3677 Inbound,Stratford Road Grammar School - West Wellow,price_band_3.8@ChildReturn,3.8
DAMY_3183_Inbound_ChildSingle_a9f4b9e2-e9ea-4456-80e3-47fe03b77367_639196393811938325.xml,DAMY,Go South Coast,Go South Coast 3183 Inbound,Blandford - Weymouth,price_band_2.1@ChildSingle,2.1
WDBC_1762_Outbound_AdultReturn_a9f4b9e2-e9ea-4456-80e3-47fe03b77367_639196379173979700.xml,WDBC,Go South Coast,Go South Coast 1762 Outbound,Merley - Corfe Hills,price_band_3.8@AdultReturn,3.8
TDTR_7148_Outbound_ChildSingle_a9f4b9e2-e9ea-4456-80e3-47fe03b77367_639196409205118335.xml,TDTR,Go South Coast,Go South Coast 7148 Outbound,Swindon - Marlborough,price_band_1.5@ChildSingle,1.5
SWWD_3404_Inbound_ChildSingle_a9f4b9e2-e9ea-4456-80e3-47fe03b77367_639196396114116022.xml,SWWD,Go South Coast,Go South Coast 3404 Inbound,Salisbury - Larkhill,price_band_3.0@ChildSingle,3.0
SWWD_3325_Inbound_ChildSingle_a9f4b9e2-e9ea-4456-80e3-47fe03b77367_639196394840182380.xml,SWWD,Go South Coast,Go South Coast 3325 Inbound,South Wilts Grammar School - Hindon,price_band_2.9@ChildSingle,2.9
BLUS_4008_Outbound_AdultReturn_a9f4b9e2-e9ea-4456-80e3-47fe03b77367_639196401477892302.xml,BLUS,Go South Coast,Go South Coast 4008 Outbound,Southampton - Hythe,price_band_4.9@AdultReturn,4.9
WDBC_1114_Outbound_AdultSingle_a9f4b9e2-e9ea-4456-80e3-47fe03b77367_639196377839210680.xml,WDBC,Go South Coast,Go South Coast 1114 Outbound,Poole - RB Hospital,price_band_2.3@AdultSingle,2.3
WDBC_2001_Inbound_ChildSingle_2f1f0c04-770d-4707-ab06-213c5a798ad7_639196384597498916.xml,WDBC,Go South Coast,Go South Coast 2001 Inbound,Bournemouth - Lymington,price_band_2.5@ChildSingle,2.5
WDBC_1017_Inbound_AdultSingle_a9f4b9e2-e9ea-4456-80e3-47fe03b77367_639196372599574249.xml,WDBC,Go South Coast,Go South Coast 1017 Inbound,Poole - Bournemouth,price_band_2.6@AdultSingle,2.6
WDBC_6416_Outbound_AdultSingle_a9f4b9e2-e9ea-4456-80e3-47fe03b77367_639196406641168017.xml,WDBC,Go South Coast,Go South Coast 6416 Outbound,Penn Hill Avenue  - Poole Grammar School,price_band_2.7@AdultSingle,2.7
WDBC_1762_Inbound_ChildSingle_a9f4b9e2-e9ea-4456-80e3-47fe03b77367_639196379158862028.xml,WDBC,Go South Coast,Go South Coast 1762 Inbound,Merley - Corfe Hills,price_band_2.0@ChildSingle,2.0
TDTR_7046_Outbound_AdultSingle_a9f4b9e2-e9ea-4456-80e3-47fe03b77367_639196408426620170.xml,TDTR,Go South Coast,Go South Coast 7046 Outbound,Swindon - Hungerford,price_band_1.5@AdultSingle,1.5
SWWD_3301_Outbound_ChildReturn_a9f4b9e2-e9ea-4456-80e3-47fe03b77367_639196394336695821.xml,SWWD,Go South Coast,Go South Coast 3301 Outbound,District Hospital - Bemerton Heath,price_band_3.6@ChildReturn,3.6
SWWD_3327_Inbound_ChildReturn_a9f4b9e2-e9ea-4456-80e3-47fe03b77367_639196395499310498.xml,SWWD,Go South Coast,Go South Coast 3327 Inbound,Salisbury - Shaftesbury,price_band_2.7@ChildReturn,2.7
WDBC_6419_Outbound_AdultReturn_a9f4b9e2-e9ea-4456-80e3-47fe03b77367_639196406803608483.xml,WDBC,Go South Coast,Go South Coast 6419 Outbound,Compton Avenue - Poole Grammar,price_band_5.8@AdultReturn,5.8
SWWD_2615_Outbound_AdultSingle_a9f4b9e2-e9ea-4456-80e3-47fe03b77367_639196387187302723.xml,SWWD,Go South Coast,Go South Coast 2615 Outbound,Salisbury  - Brockenhurst College,price_band_4.4@AdultSingle,4.4
SWWD_3525_Inbound_ChildReturn_a9f4b9e2-e9ea-4456-80e3-47fe03b77367_639196399501053497.xml,SWWD,Go South Coast,Go South Coast 3525 Inbound,City Centre - Petersfinger Park & Ride,price_band_3.6@ChildReturn,3.6
TDTR_7533_Inbound_ChildReturn_a9f4b9e2-e9ea-4456-80e3-47fe03b77367_639196409813652389.xml,TDTR,Go South Coast,Go South Coast 7533 Inbound,Oakhurst - Cirencester College,price_band_8.3@ChildReturn,8.3
TDTR_3820_Inbound_AdultReturn_a9f4b9e2-e9ea-4456-80e3-47fe03b77367_639196400540210961.xml,TDTR,Go South Coast,Go South Coast 3820 Inbound,Marlborough - Newbury,price_band_3.6@AdultReturn,3.6
SWWD_3040_Inbound_ChildSingle_a9f4b9e2-e9ea-4456-80e3-47fe03b77367_639196391508774743.xml,SWWD,Go South Coast,Go South Coast 3040 Inbound,Salisbury - Woodfalls,price_band_3.0@ChildSingle,3.0
SWWD_3137_Inbound_ChildSingle_a9f4b9e2-e9ea-4456-80e3-47fe03b77367_639196393371572109.xml,SWWD,Go South Coast,Go South Coast 3137 Inbound,Salisbury - West Dean,price_band_2.9@ChildSingle,2.9
DAMY_6787_Inbound_ChildSingle_a9f4b9e2-e9ea-4456-80e3-47fe03b77367_639196407410174191.xml,DAMY,Go South Coast,Go South Coast 6787 Inbound,Winfrith Newburgh - Purbeck School,price_band_4.7@ChildSingle,4.7
BLUS_4504_Outbound_AdultReturn_a9f4b9e2-e9ea-4456-80e3-47fe03b77367_639196402980721815.xml,BLUS,Go South Coast,Go South Coast 4504 Outbound,Lordshill - Mountbatten School,price_band_6.0@AdultReturn,6.0
TDTR_7180_Outbound_YoungPersonRtn_a9f4b9e2-e9ea-4456-80e3-47fe03b77367_639196409548679878.xml,TDTR,Go South Coast,Go South Coast 7180 Outbound,Marlborough - Ludgershall,price_band_5.0@YoungPersonRtn,5.0
TDTR_7014_Inbound_YoungPersonSgl_a9f4b9e2-e9ea-4456-80e3-47fe03b77367_639196408191195596.xml,TDTR,Go South Coast,Go South Coast 7014 Inbound,Fleming Way - Eldene,price_band_1.8@YoungPersonSgl,1.8
WDBC_1908_Inbound_AdultSingle_d46597a9-440e-4c13-b49a-76a3986683d1_639196383448804845.xml,WDBC,Go South Coast,Go South Coast 1908 Inbound,Poole - Blandford,price_band_2.3@AdultSingle,2.3
WDBC_2001_Inbound_AdultSingle_a9f4b9e2-e9ea-4456-80e3-47fe03b77367_639196384311200184.xml,WDBC,Go South Coast,Go South Coast 2001 Inbound,Bournemouth - Lymington,price_band_2.5@AdultSingle,2.5
WDBC_6943_Inbound_ChildReturn_a9f4b9e2-e9ea-4456-80e3-47fe03b77367_639196407994428424.xml,WDBC,Go South Coast,Go South Coast 6943 Inbound,Lulworth - Weymouth,price_band_4.1@ChildReturn,4.1
SWWD_3326_Outbound_ChildSingle_a9f4b9e2-e9ea-4456-80e3-47fe03b77367_639196395306226571.xml,SWWD,Go South Coast,Go South Coast 3326 Outbound,Salisbury - Hindon,price_band_2.9@ChildSingle,2.9
SWWD_2615_Inbound_AdultReturn_a9f4b9e2-e9ea-4456-80e3-47fe03b77367_639196387141963722.xml,SWWD,Go South Coast,Go South Coast 2615 Inbound,Salisbury  - Brockenhurst College,price_band_8.7@AdultReturn,8.7
WDBC_1931_Outbound_AdultReturn_a9f4b9e2-e9ea-4456-80e3-47fe03b77367_639196383520967748.xml,WDBC,Go South Coast,Go South Coast 1931 Outbound,Wool - Lulworth,price_band_5.7@AdultReturn,5.7
WDBC_1802_Outbound_AdultReturn_a9f4b9e2-e9ea-4456-80e3-47fe03b77367_639196379611497754.xml,WDBC,Go South Coast,Go South Coast 1802 Outbound,Bournemouth - Castlepoint,price_band_4.7@AdultReturn,4.7
WDBC_2762_Inbound_AdultSingle_a9f4b9e2-e9ea-4456-80e3-47fe03b77367_639196387461435802.xml,WDBC,Go South Coast,Go South Coast 2762 Inbound,Keyhaven Road  - Priestlands School,price_band_3.0@AdultSingle,3.0
BLUS_8439_Outbound_AdultReturn_a9f4b9e2-e9ea-4456-80e3-47fe03b77367_639196410508023577.xml,BLUS,Go South Coast,Go South Coast 8439 Outbound,Romsey - Andover,price_band_6.0@AdultReturn,6.0
SWWD_3763_Inbound_AdultReturn_a9f4b9e2-e9ea-4456-80e3-47fe03b77367_639196400474836937.xml,SWWD,Go South Coast,Go South Coast 3763 Inbound,Mount Pleasant Farm - Burgate School,price_band_7.6@AdultReturn,7.6
TDTR_7001_Inbound_YoungPersonSgl_a9f4b9e2-e9ea-4456-80e3-47fe03b77367_639196408055378134.xml,TDTR,Go South Coast,Go South Coast 7001 Inbound,Middleleaze - Great Western Hospital,price_band_2.5@YoungPersonSgl,2.5
WDBC_1040_Inbound_AdultSingle_a9f4b9e2-e9ea-4456-80e3-47fe03b77367_639196374839079692.xml,WDBC,Go South Coast,Go South Coast 1040 Inbound,Swanage - Poole,price_band_3.0@AdultSingle,3.0
WDBC_1903_Inbound_ChildSingle_d46597a9-440e-4c13-b49a-76a3986683d1_639196383271165900.xml,WDBC,Go South Coast,Go South Coast 1903 Inbound,Poole - Wimborne,price_band_2.8@ChildSingle,2.8
WDBC_3882_Outbound_ChildReturn_a9f4b9e2-e9ea-4456-80e3-47fe03b77367_639196400664305477.xml,WDBC,Go South Coast,Go South Coast 3882 Outbound,Stratford Road Grammar School - Burgate School,price_band_3.8@ChildReturn,3.8
SWWD_3002_Outbound_ChildSingle_a9f4b9e2-e9ea-4456-80e3-47fe03b77367_639196390466834568.xml,SWWD,Go South Coast,Go South Coast 3002 Outbound,Salisbury - Devizes,price_band_2.9@ChildSingle,2.9
SWWD_3885_Outbound_ChildSingle_a9f4b9e2-e9ea-4456-80e3-47fe03b77367_639196400823412285.xml,SWWD,Go South Coast,Go South Coast 3885 Outbound,Whaddon - Burgate School,price_band_3.0@ChildSingle,3.0
TDTR_7042_Inbound_ChildReturn_a9f4b9e2-e9ea-4456-80e3-47fe03b77367_639196408287052126.xml,TDTR,Go South Coast,Go South Coast 7042 Inbound,Calne - St John's School,price_band_2.0@ChildReturn,2.0
TDTR_7180_Outbound_YoungPersonRtn_a9f4b9e2-e9ea-4456-80e3-47fe03b77367_639196409548679878.xml,TDTR,Go South Coast,Go South Coast 7180 Outbound,Marlborough - Ludgershall,price_band_6.0@YoungPersonRtn,6.0
SWWD_3166_Inbound_AdultReturn_a9f4b9e2-e9ea-4456-80e3-47fe03b77367_639196393590483712.xml,SWWD,Go South Coast,Go South Coast 3166 Inbound,South Wilts Grammar School - Idmiston,price_band_4.5@AdultReturn,4.5
SWWD_3301_Outbound_ChildReturn_a9f4b9e2-e9ea-4456-80e3-47fe03b77367_639196394336695821.xml,SWWD,Go South Coast,Go South Coast 3301 Outbound,District Hospital - Bemerton Heath,price_band_2.5@ChildReturn,2.5
WDBC_1053_Inbound_ChildReturn_a9f4b9e2-e9ea-4456-80e3-47fe03b77367_639196376058761639.xml,WDBC,Go South Coast,Go South Coast 1053 Inbound,Bournemouth - Wimborne,price_band_2.8@ChildReturn,2.8
SWWD_3308_Outbound_AdultReturn_a9f4b9e2-e9ea-4456-80e3-47fe03b77367_639196394626338918.xml,SWWD,Go South Coast,Go South Coast 3308 Outbound,Blue Boar Row - Ditchampton,price_band_4.2@AdultReturn,4.2
SWWD_3088_Outbound_AdultSingle_a9f4b9e2-e9ea-4456-80e3-47fe03b77367_639196391935375021.xml,SWWD,Go South Coast,Go South Coast 3088 Outbound,Salisbury - Winterslow Gunville Stockbridge Turn,price_band_3.0@AdultSingle,3.0
BLUS_4008_Inbound_AdultSingle_a9f4b9e2-e9ea-4456-80e3-47fe03b77367_639196401417535583.xml,BLUS,Go South Coast,Go South Coast 4008 Inbound,Southampton - Hythe,price_band_3.0@AdultSingle,3.0
WDBC_1035_Inbound_AdultReturn_a9f4b9e2-e9ea-4456-80e3-47fe03b77367_639196374566213538.xml,WDBC,Go South Coast,Go South Coast 1035 Inbound,Swanage - Wareham,price_band_6.0@AdultReturn,6.0
WDBC_2001_Outbound_ChildSingle_a9f4b9e2-e9ea-4456-80e3-47fe03b77367_639196384755784352.xml,WDBC,Go South Coast,Go South Coast 2001 Outbound,Bournemouth - Lymington,price_band_2.8@ChildSingle,2.8
WDBC_2003_Outbound_AdultSingle_d46597a9-440e-4c13-b49a-76a3986683d1_639196386156272372.xml,WDBC,Go South Coast,Go South Coast 2003 Outbound,Salisbury - Bournemouth,price_band_3.0@AdultSingle,3.0
WDBC_1908_Inbound_ChildReturn_a9f4b9e2-e9ea-4456-80e3-47fe03b77367_639196383436933791.xml,WDBC,Go South Coast,Go South Coast 1908 Inbound,Poole - Blandford,price_band_3.7@ChildReturn,3.7
SWWD_3883_Outbound_ChildReturn_a9f4b9e2-e9ea-4456-80e3-47fe03b77367_639196400706529365.xml,SWWD,Go South Coast,Go South Coast 3883 Outbound,Bishopdown Farm  - Burgate School,price_band_5.1@ChildReturn,5.1
SWWD_3533_Inbound_AdultReturn_a9f4b9e2-e9ea-4456-80e3-47fe03b77367_639196399556459866.xml,SWWD,Go South Coast,Go South Coast 3533 Inbound,Dinton - City Centre,price_band_5.7@AdultReturn,5.7
WDBC_1642_Outbound_UniIDSingle_2f1f0c04-770d-4707-ab06-213c5a798ad7_639196378840669373.xml,WDBC,Go South Coast,Go South Coast 1642 Outbound,Poole  - Talbot Campus,price_band_1.0@UniIDSingle,1.0
SWWD_3126_Inbound_ChildSingle_a9f4b9e2-e9ea-4456-80e3-47fe03b77367_639196393128381437.xml,SWWD,Go South Coast,Go South Coast 3126 Inbound,Salisbury - Hindon,price_band_2.3@ChildSingle,2.3
WDBC_1015_Outbound_AdultSingle_d46597a9-440e-4c13-b49a-76a3986683d1_639196371968465467.xml,WDBC,Go South Coast,Go South Coast 1015 Outbound,Poole - Bournemouth Hospital,price_band_1.0@AdultSingle,1.0
WDBC_2136_Outbound_ChildSingle_a9f4b9e2-e9ea-4456-80e3-47fe03b77367_639196386440335838.xml,WDBC,Go South Coast,Go South Coast 2136 Outbound,Ringwood - Ringwood,price_band_1.9@ChildSingle,1.9
BLUS_4504_Inbound_ChildReturn_a9f4b9e2-e9ea-4456-80e3-47fe03b77367_639196402976971014.xml,BLUS,Go South Coast,Go South Coast 4504 Inbound,Lordshill - Mountbatten School,price_band_4.5@ChildReturn,4.5
TDTR_7562_Outbound_ChildReturn_a9f4b9e2-e9ea-4456-80e3-47fe03b77367_639196410152629377.xml,TDTR,Go South Coast,Go South Coast 7562 Outbound,Yate - Malmesbury,price_band_8.3@ChildReturn,8.3
WDBC_6943_Outbound_ChildReturn_a9f4b9e2-e9ea-4456-80e3-47fe03b77367_639196408041685500.xml,WDBC,Go South Coast,Go South Coast 6943 Outbound,Lulworth - Weymouth,price_band_6.0@ChildReturn,6.0
WDBC_2604_Inbound_AdultSingle_a9f4b9e2-e9ea-4456-80e3-47fe03b77367_639196386987381722.xml,WDBC,Go South Coast,Go South Coast 2604 Inbound,Langley Farm - Brockenhurst College,price_band_5.2@AdultSingle,5.2
SWWD_3726_Outbound_AdultReturn_a9f4b9e2-e9ea-4456-80e3-47fe03b77367_639196400408884012.xml,SWWD,Go South Coast,Go South Coast 3726 Outbound,Salisbury - East Knoyle,price_band_6.0@AdultReturn,6.0
WDBC_1801_Outbound_ChildSingle_d46597a9-440e-4c13-b49a-76a3986683d1_639196379537952962.xml,WDBC,Go South Coast,Go South Coast 1801 Outbound,Bournemouth - Christchurch,price_band_1.0@ChildSingle,1.0
WDBC_2906_Inbound_ChildSingle_d46597a9-440e-4c13-b49a-76a3986683d1_639196388050132362.xml,WDBC,Go South Coast,Go South Coast 2906 Inbound,Poole - Ringwood,price_band_2.2@ChildSingle,2.2
WDBC_1786_Inbound_ChildReturn_a9f4b9e2-e9ea-4456-80e3-47fe03b77367_639196379198187275.xml,WDBC,Go South Coast,Go South Coast 1786 Inbound,Park Gates - Bournemouth School for Girls,price_band_5.4@ChildReturn,5.4
TDTR_7146_Outbound_AdultReturn_a9f4b9e2-e9ea-4456-80e3-47fe03b77367_639196409076247496.xml,TDTR,Go South Coast,Go South Coast 7146 Outbound,Swindon - Hungerford,price_band_4.5@AdultReturn,4.5
WDBC_1841_Outbound_ChildReturn_a9f4b9e2-e9ea-4456-80e3-47fe03b77367_639196382205951328.xml,WDBC,Go South Coast,Go South Coast 1841 Outbound,Bournemouth - Mudeford and Somerford,price_band_3.2@ChildReturn,3.2
BLUS_4015_Outbound_AdultSingle_a9f4b9e2-e9ea-4456-80e3-47fe03b77367_639196401943346044.xml,BLUS,Go South Coast,Go South Coast 4015 Outbound,Central Station - Hamble,price_band_2.8@AdultSingle,2.8
SWWD_3404_Inbound_ChildReturn_a9f4b9e2-e9ea-4456-80e3-47fe03b77367_639196396143086831.xml,SWWD,Go South Coast,Go South Coast 3404 Inbound,Salisbury - Larkhill,price_band_3.6@ChildReturn,3.6
WDBC_1806_Outbound_AdultReturn_a9f4b9e2-e9ea-4456-80e3-47fe03b77367_639196379944928892.xml,WDBC,Go South Coast,Go South Coast 1806 Outbound,Bournemouth - Wimborne,price_band_5.7@AdultReturn,5.7
BLUS_4805_Outbound_ChildReturn_a9f4b9e2-e9ea-4456-80e3-47fe03b77367_639196403445813195.xml,BLUS,Go South Coast,Go South Coast 4805 Outbound,Boyatt Wood - Shootash,price_band_2.5@ChildReturn,2.5
WDBC_1032_Inbound_ChildReturn_a9f4b9e2-e9ea-4456-80e3-47fe03b77367_639196374348138290.xml,WDBC,Go South Coast,Go South Coast 1032 Inbound,Poole - Bournemouth,price_band_3.1@ChildReturn,3.1
WDBC_1006_Outbound_ChildSingle_a9f4b9e2-e9ea-4456-80e3-47fe03b77367_639196370807924324.xml,WDBC,Go South Coast,Go South Coast 1006 Outbound,Poole - Tower Park,price_band_1.9@ChildSingle,1.9
BLUS_4815_Inbound_ChildSingle_f15d1b06-486f-433a-8991-95f1a97a87e0_639196403521104844.xml,BLUS,Go South Coast,Go South Coast 4815 Inbound,Boyatt Wood - Eastleigh,price_band_1.0@ChildSingle,1.0
BLUS_4805_Inbound_ChildSingle_a9f4b9e2-e9ea-4456-80e3-47fe03b77367_639196403379160465.xml,BLUS,Go South Coast,Go South Coast 4805 Inbound,Boyatt Wood - Shootash,price_band_2.5@ChildSingle,2.5
WDBC_1115_Inbound_AdultSingle_c8ecdd78-25f4-44ca-849f-b46b34af3909_639196378058370196.xml,WDBC,Go South Coast,Go South Coast 1115 Inbound,Bournemouth - Bournemouth University,price_band_3.0@AdultSingle,3.0
SWWD_3102_Inbound_AdultReturn_a9f4b9e2-e9ea-4456-80e3-47fe03b77367_639196392017927741.xml,SWWD,Go South Coast,Go South Coast 3102 Inbound,Salisbury - Devizes,price_band_4.5@AdultReturn,4.5
WDBC_1811_Outbound_ChildSingle_2f1f0c04-770d-4707-ab06-213c5a798ad7_639196380120718122.xml,WDBC,Go South Coast,Go South Coast 1811 Outbound,Bournemouth - Somerford,price_band_1.0@ChildSingle,1.0
BLUS_4011_Outbound_ChildSingle_eed5e2e8-c472-41af-825e-db09ec887334_639196401736507877.xml,BLUS,Go South Coast,Go South Coast 4011 Outbound,Southampton - West Totton,price_band_1.0@ChildSingle,1.0
BLUS_4028_Inbound_ChildSingle_f15d1b06-486f-433a-8991-95f1a97a87e0_639196402555952859.xml,BLUS,Go South Coast,Go South Coast 4028 Inbound,Southampton - Southampton Science Park,price_band_1.0@ChildSingle,1.0
BLUS_8461_Inbound_ChildSingle_a9f4b9e2-e9ea-4456-80e3-47fe03b77367_639196410530216373.xml,BLUS,Go South Coast,Go South Coast 8461 Inbound,Bevois Valley - Nursling Ind. Estate,price_band_2.1@ChildSingle,2.1
WDBC_6448_Outbound_ChildReturn_a9f4b9e2-e9ea-4456-80e3-47fe03b77367_639196406895676567.xml,WDBC,Go South Coast,Go South Coast 6448 Outbound,Furnell Road - Parkstone Grammar,price_band_2.1@ChildReturn,2.1
BLUS_4805_Inbound_AdultReturn_a9f4b9e2-e9ea-4456-80e3-47fe03b77367_639196403360329895.xml,BLUS,Go South Coast,Go South Coast 4805 Inbound,Boyatt Wood - Shootash,price_band_4.2@AdultReturn,4.2
BLUS_4004_Outbound_AdultSingle_a9f4b9e2-e9ea-4456-80e3-47fe03b77367_639196401155060211.xml,BLUS,Go South Coast,Go South Coast 4004 Outbound,Southampton - Romsey,price_band_2.6@AdultSingle,2.6
SWWD_3900_Outbound_ChildSingle_a9f4b9e2-e9ea-4456-80e3-47fe03b77367_639196400912661337.xml,SWWD,Go South Coast,Go South Coast 3900 Outbound,Devizes - Marlborough,price_band_1.5@ChildSingle,1.5
SWWD_3517_Inbound_AdultReturn_a9f4b9e2-e9ea-4456-80e3-47fe03b77367_639196399331085267.xml,SWWD,Go South Coast,Go South Coast 3517 Inbound,New Canal  - Lopcombe Corner,price_band_4.5@AdultReturn,4.5
WDBC_1038_Inbound_AdultReturn_a9f4b9e2-e9ea-4456-80e3-47fe03b77367_639196374684360430.xml,WDBC,Go South Coast,Go South Coast 1038 Inbound,Ferndown - Ringwood,price_band_4.2@AdultReturn,4.2
WDBC_1050_Inbound_ChildReturn_a9f4b9e2-e9ea-4456-80e3-47fe03b77367_639196375512524519.xml,WDBC,Go South Coast,Go South Coast 1050 Inbound,Bournemouth Station - Swanage,price_band_1.0@ChildReturn,1.0
WDBC_1811_Outbound_AdultSingle_a9f4b9e2-e9ea-4456-80e3-47fe03b77367_639196380076014890.xml,WDBC,Go South Coast,Go South Coast 1811 Outbound,Bournemouth - Somerford,price_band_2.3@AdultSingle,2.3
WDBC_6047_Outbound_ChildReturn_a9f4b9e2-e9ea-4456-80e3-47fe03b77367_639196406369321733.xml,WDBC,Go South Coast,Go South Coast 6047 Outbound,Ringwood Road - Parkstone Grammar School,price_band_2.4@ChildReturn,2.4
WDBC_1821_Outbound_AdultReturn_a9f4b9e2-e9ea-4456-80e3-47fe03b77367_639196381026493911.xml,WDBC,Go South Coast,Go South Coast 1821 Outbound,Bournemouth - Burton,price_band_4.5@AdultReturn,4.5
SWWD_3763_Outbound_ChildReturn_a9f4b9e2-e9ea-4456-80e3-47fe03b77367_639196400519593475.xml,SWWD,Go South Coast,Go South Coast 3763 Outbound,Mount Pleasant Farm - Burgate School,price_band_4.1@ChildReturn,4.1
SWWD_3329_Outbound_AdultSingle_a9f4b9e2-e9ea-4456-80e3-47fe03b77367_639196395695235751.xml,SWWD,Go South Coast,Go South Coast 3329 Outbound,Salisbury - Broad Chalke,price_band_3.0@AdultSingle,3.0
TDTR_7076_Inbound_YoungPersonRtn_a9f4b9e2-e9ea-4456-80e3-47fe03b77367_639196408679877245.xml,TDTR,Go South Coast,Go South Coast 7076 Inbound,Marlborough - Bath,price_band_2.0@YoungPersonRtn,2.0
BLUS_4004_Outbound_AdultSingle_a9f4b9e2-e9ea-4456-80e3-47fe03b77367_639196401155060211.xml,BLUS,Go South Coast,Go South Coast 4004 Outbound,Southampton - Romsey,price_band_3.0@AdultSingle,3.0
BLUS_4004_Outbound_ChildSingle_a9f4b9e2-e9ea-4456-80e3-47fe03b77367_639196401164102651.xml,BLUS,Go South Coast,Go South Coast 4004 Outbound,Southampton - Romsey,price_band_2.1@ChildSingle,2.1
WDBC_1881_Outbound_AdultSingle_a9f4b9e2-e9ea-4456-80e3-47fe03b77367_639196382486749366.xml,WDBC,Go South Coast,Go South Coast 1881 Outbound,Charminster - Avonbourne Academy,price_band_4.0@AdultSingle,4.0
TDTR_7042_Outbound_AdultSingle_a9f4b9e2-e9ea-4456-80e3-47fe03b77367_639196408363317556.xml,TDTR,Go South Coast,Go South Coast 7042 Outbound,Calne - St John's School,price_band_1.3@AdultSingle,1.3
WDBC_2001_Inbound_ChildReturn_a9f4b9e2-e9ea-4456-80e3-47fe03b77367_639196384347707226.xml,WDBC,Go South Coast,Go South Coast 2001 Inbound,Bournemouth - Lymington,price_band_2.8@ChildReturn,2.8
DAMY_3183_Outbound_AdultReturn_a9f4b9e2-e9ea-4456-80e3-47fe03b77367_639196393911267969.xml,DAMY,Go South Coast,Go South Coast 3183 Outbound,Blandford - Weymouth,price_band_6.0@AdultReturn,6.0
WDBC_1052_Inbound_ChildReturn_a9f4b9e2-e9ea-4456-80e3-47fe03b77367_639196375806553070.xml,WDBC,Go South Coast,Go South Coast 1052 Inbound,Rockley - Sandbanks,price_band_3.7@ChildReturn,3.7
BLUS_4022_Outbound_AdultSingle_eed5e2e8-c472-41af-825e-db09ec887334_639196402406786038.xml,BLUS,Go South Coast,Go South Coast 4022 Outbound,Southampton - Shirley,price_band_1.0@AdultSingle,1.0
SWWD_3088_Outbound_ChildReturn_a9f4b9e2-e9ea-4456-80e3-47fe03b77367_639196391944347279.xml,SWWD,Go South Coast,Go South Coast 3088 Outbound,Salisbury - Winterslow Gunville Stockbridge Turn,price_band_4.9@ChildReturn,4.9
WDBC_2024_Outbound_ChildReturn_a9f4b9e2-e9ea-4456-80e3-47fe03b77367_639196386257031263.xml,WDBC,Go South Coast,Go South Coast 2024 Outbound,Castlepoint - Christchurch,price_band_3.4@ChildReturn,3.4
DAMY_6905_Inbound_ChildReturn_a9f4b9e2-e9ea-4456-80e3-47fe03b77367_639196407696318462.xml,DAMY,Go South Coast,Go South Coast 6905 Inbound,Warmwell - Dorchester,price_band_4.7@ChildReturn,4.7
WDBC_1908_Outbound_ChildReturn_a9f4b9e2-e9ea-4456-80e3-47fe03b77367_639196383483420945.xml,WDBC,Go South Coast,Go South Coast 1908 Outbound,Poole - Blandford,price_band_3.9@ChildReturn,3.9
WDBC_1741_Outbound_ChildReturn_a9f4b9e2-e9ea-4456-80e3-47fe03b77367_639196379085427524.xml,WDBC,Go South Coast,Go South Coast 1741 Outbound,Sandbanks Ferry - Parkstone Grammar School,price_band_3.1@ChildReturn,3.1
SWWD_7201_Outbound_AdultReturn_a9f4b9e2-e9ea-4456-80e3-47fe03b77367_639196409656757382.xml,SWWD,Go South Coast,Go South Coast 7201 Outbound,Figheldean - Salisbury,price_band_4.0@AdultReturn,4.0
WDBC_6415_Inbound_AdultSingle_a9f4b9e2-e9ea-4456-80e3-47fe03b77367_639196406488668465.xml,WDBC,Go South Coast,Go South Coast 6415 Inbound,St Anns Hospital - Poole Grammar School,price_band_2.5@AdultSingle,2.5
WDBC_1401_Inbound_ChildReturn_a9f4b9e2-e9ea-4456-80e3-47fe03b77367_639196378678686540.xml,WDBC,Go South Coast,Go South Coast 1401 Inbound,Poole High - Branksome,price_band_3.1@ChildReturn,3.1
BLUS_4015_Inbound_ChildSingle_a9f4b9e2-e9ea-4456-80e3-47fe03b77367_639196401920937575.xml,BLUS,Go South Coast,Go South Coast 4015 Inbound,Central Station - Hamble,price_band_2.1@ChildSingle,2.1
WDBC_1053_Inbound_AdultReturn_a9f4b9e2-e9ea-4456-80e3-47fe03b77367_639196376027572776.xml,WDBC,Go South Coast,Go South Coast 1053 Inbound,Bournemouth - Wimborne,price_band_4.8@AdultReturn,4.8
WDBC_2776_Outbound_AdultReturn_a9f4b9e2-e9ea-4456-80e3-47fe03b77367_639196387520106038.xml,WDBC,Go South Coast,Go South Coast 2776 Outbound,Lyndhurst - Priestlands School,price_band_6.0@AdultReturn,6.0
SWWD_3675_Inbound_AdultReturn_a9f4b9e2-e9ea-4456-80e3-47fe03b77367_639196400099596482.xml,SWWD,Go South Coast,Go South Coast 3675 Inbound,Castle Road - Amesbury,price_band_4.2@AdultReturn,4.2
SWWD_3513_Outbound_ChildSingle_a9f4b9e2-e9ea-4456-80e3-47fe03b77367_639196399221650173.xml,SWWD,Go South Coast,Go South Coast 3513 Outbound,Blue Boar Row - Bulbridge Chantry Road,price_band_2.3@ChildSingle,2.3
TDTR_3620_Outbound_YoungPersonSgl_a9f4b9e2-e9ea-4456-80e3-47fe03b77367_639196399623229188.xml,TDTR,Go South Coast,Go South Coast 3620 Outbound,Hungerford Priory  - St Johns Sch,price_band_2.4@YoungPersonSgl,2.4
WDBC_1170_Outbound_ChildSingle_a9f4b9e2-e9ea-4456-80e3-47fe03b77367_639196378486419292.xml,WDBC,Go South Coast,Go South Coast 1170 Outbound,Rockley Park - Hengistbury Head,price_band_2.1@ChildSingle,2.1
WDBC_2620_Outbound_AdultSingle_a9f4b9e2-e9ea-4456-80e3-47fe03b77367_639196387323310170.xml,WDBC,Go South Coast,Go South Coast 2620 Outbound,Thorney Hill - Brockenhurst College,price_band_2.6@AdultSingle,2.6
WDBC_1016_Outbound_ChildReturn_a9f4b9e2-e9ea-4456-80e3-47fe03b77367_639196372343417653.xml,WDBC,Go South Coast,Go South Coast 1016 Outbound,Poole - Bournemouth,price_band_3.2@ChildReturn,3.2
SWWD_3883_Outbound_ChildSingle_a9f4b9e2-e9ea-4456-80e3-47fe03b77367_639196400701528975.xml,SWWD,Go South Coast,Go South Coast 3883 Outbound,Bishopdown Farm  - Burgate School,price_band_2.4@ChildSingle,2.4
WDBC_1789_Outbound_AdultReturn_a9f4b9e2-e9ea-4456-80e3-47fe03b77367_639196379362514665.xml,WDBC,Go South Coast,Go South Coast 1789 Outbound,Bournemouth School for Girls - Lymington,price_band_4.4@AdultReturn,4.4
SWWD_3885_Inbound_ChildSingle_a9f4b9e2-e9ea-4456-80e3-47fe03b77367_639196400756565050.xml,SWWD,Go South Coast,Go South Coast 3885 Inbound,Whaddon - Burgate School,price_band_2.5@ChildSingle,2.5
SWWD_7201_Outbound_ChildSingle_a9f4b9e2-e9ea-4456-80e3-47fe03b77367_639196409668297115.xml,SWWD,Go South Coast,Go South Coast 7201 Outbound,Figheldean - Salisbury,price_band_2.0@ChildSingle,2.0
WDBC_1040_Outbound_AdultSingle_2f1f0c04-770d-4707-ab06-213c5a798ad7_639196375314828207.xml,WDBC,Go South Coast,Go South Coast 1040 Outbound,Swanage - Poole,price_band_2.3@AdultSingle,2.3
WDBC_2906_Inbound_ChildSingle_2f1f0c04-770d-4707-ab06-213c5a798ad7_639196388010827258.xml,WDBC,Go South Coast,Go South Coast 2906 Inbound,Poole - Ringwood,price_band_3.0@ChildSingle,3.0
WDBC_1105_Outbound_AdultSingle_2f1f0c04-770d-4707-ab06-213c5a798ad7_639196377267908459.xml,WDBC,Go South Coast,Go South Coast 1105 Outbound,Poole - Tower Park,price_band_1.0@AdultSingle,1.0
SWWD_3002_Inbound_ChildSingle_a9f4b9e2-e9ea-4456-80e3-47fe03b77367_639196390247575616.xml,SWWD,Go South Coast,Go South Coast 3002 Inbound,Salisbury - Devizes,price_band_1.9@ChildSingle,1.9
TDTR_7063_Inbound_AdultSingle_a9f4b9e2-e9ea-4456-80e3-47fe03b77367_639196408630731091.xml,TDTR,Go South Coast,Go South Coast 7063 Inbound,Town Centre - Eldene,price_band_2.2@AdultSingle,2.2
SWWD_3308_Outbound_ChildSingle_a9f4b9e2-e9ea-4456-80e3-47fe03b77367_639196394629802012.xml,SWWD,Go South Coast,Go South Coast 3308 Outbound,Blue Boar Row - Ditchampton,price_band_2.3@ChildSingle,2.3
DAMY_3183_Inbound_ChildReturn_a9f4b9e2-e9ea-4456-80e3-47fe03b77367_639196393827698517.xml,DAMY,Go South Coast,Go South Coast 3183 Inbound,Blandford - Weymouth,price_band_3.1@ChildReturn,3.1
SWWD_3625_Outbound_ChildSingle_a9f4b9e2-e9ea-4456-80e3-47fe03b77367_639196399641651085.xml,SWWD,Go South Coast,Go South Coast 3625 Outbound,Mere - Gillingham,price_band_2.1@ChildSingle,2.1
BLUS_4009_Outbound_AdultSingle_f15d1b06-486f-433a-8991-95f1a97a87e0_639196401610360299.xml,BLUS,Go South Coast,Go South Coast 4009 Outbound,Southampton - Langley/Fawley,price_band_1.0@AdultSingle,1.0
WDBC_1801_Outbound_ChildReturn_a9f4b9e2-e9ea-4456-80e3-47fe03b77367_639196379499943625.xml,WDBC,Go South Coast,Go South Coast 1801 Outbound,Bournemouth - Christchurch,price_band_2.8@ChildReturn,2.8
SVCT_5022_Inbound_YoungAdSingle_a9f4b9e2-e9ea-4456-80e3-47fe03b77367_639196404296367081.xml,SVCT,Go South Coast,Go South Coast 5022 Inbound,Shanklin - Community Route 22,price_band_2.4@YoungAdSingle,2.4
WDBC_1013_Inbound_ChildSingle_2f1f0c04-770d-4707-ab06-213c5a798ad7_639196371357692822.xml,WDBC,Go South Coast,Go South Coast 1013 Inbound,Bournemouth - Wimborne,price_band_3.0@ChildSingle,3.0
WDBC_1011_Outbound_ChildReturn_a9f4b9e2-e9ea-4456-80e3-47fe03b77367_639196371081628281.xml,WDBC,Go South Coast,Go South Coast 1011 Outbound,Bournemouth - Canford Paddock,price_band_3.7@ChildReturn,3.7
WDBC_2761_Outbound_ChildReturn_a9f4b9e2-e9ea-4456-80e3-47fe03b77367_639196387451111130.xml,WDBC,Go South Coast,Go South Coast 2761 Outbound,Bunkers Hill Cottage - Priestlands School,price_band_3.7@ChildReturn,3.7
WDBC_2762_Inbound_ChildReturn_a9f4b9e2-e9ea-4456-80e3-47fe03b77367_639196387465695948.xml,WDBC,Go South Coast,Go South Coast 2762 Inbound,Keyhaven Road  - Priestlands School,price_band_4.6@ChildReturn,4.6
SWWD_3509_Outbound_AdultReturn_a9f4b9e2-e9ea-4456-80e3-47fe03b77367_639196399082909561.xml,SWWD,Go South Coast,Go South Coast 3509 Outbound,Milford Street - New Canal,price_band_4.5@AdultReturn,4.5
WDBC_2633_Outbound_AdultReturn_a9f4b9e2-e9ea-4456-80e3-47fe03b77367_639196387416522704.xml,WDBC,Go South Coast,Go South Coast 2633 Outbound,Wimborne - Brockenhurst College,price_band_5.0@AdultReturn,5.0
WDBC_1950_Inbound_ChildSingle_d46597a9-440e-4c13-b49a-76a3986683d1_639196383803681087.xml,WDBC,Go South Coast,Go South Coast 1950 Inbound,Bournemouth - Swanage,price_band_1.0@ChildSingle,1.0
WDBC_6449_Inbound_ChildReturn_a9f4b9e2-e9ea-4456-80e3-47fe03b77367_639196406931268887.xml,WDBC,Go South Coast,Go South Coast 6449 Inbound,St Osmunds - Parkstone Grammar,price_band_3.5@ChildReturn,3.5
WDBC_1032_Inbound_ChildReturn_a9f4b9e2-e9ea-4456-80e3-47fe03b77367_639196374348138290.xml,WDBC,Go South Coast,Go South Coast 1032 Inbound,Poole - Bournemouth,price_band_4.6@ChildReturn,4.6
BLUS_4424_Outbound_ChildReturn_a9f4b9e2-e9ea-4456-80e3-47fe03b77367_639196402908538165.xml,BLUS,Go South Coast,Go South Coast 4424 Outbound,Eastleigh - Hedge End,price_band_4.0@ChildReturn,4.0
WDBC_2120_Outbound_ChildSingle_a9f4b9e2-e9ea-4456-80e3-47fe03b77367_639196386428993774.xml,WDBC,Go South Coast,Go South Coast 2120 Outbound,New Milton Tesco - Lymington,price_band_1.7@ChildSingle,1.7
SWWD_3883_Inbound_ChildReturn_a9f4b9e2-e9ea-4456-80e3-47fe03b77367_639196400686049945.xml,SWWD,Go South Coast,Go South Coast 3883 Inbound,Bishopdown Farm  - Burgate School,price_band_6.0@ChildReturn,6.0
BLUS_3634_Inbound_AdultSingle_a9f4b9e2-e9ea-4456-80e3-47fe03b77367_639196399650031455.xml,BLUS,Go South Coast,Go South Coast 3634 Inbound,East Wellow  - Romsey School,price_band_6.6@AdultSingle,6.6
WDBC_1003_Outbound_ChildSingle_a9f4b9e2-e9ea-4456-80e3-47fe03b77367_639196370457953675.xml,WDBC,Go South Coast,Go South Coast 1003 Outbound,Poole - Wimborne,price_band_2.5@ChildSingle,2.5
WDBC_1005_Outbound_ChildSingle_a9f4b9e2-e9ea-4456-80e3-47fe03b77367_639196370621622529.xml,WDBC,Go South Coast,Go South Coast 1005 Outbound,Poole - Tower Park,price_band_2.5@ChildSingle,2.5
WDBC_1908_Inbound_ChildSingle_2f1f0c04-770d-4707-ab06-213c5a798ad7_639196383454951234.xml,WDBC,Go South Coast,Go South Coast 1908 Inbound,Poole - Blandford,price_band_2.5@ChildSingle,2.5
WDBC_8279_Outbound_ChildSingle_a9f4b9e2-e9ea-4456-80e3-47fe03b77367_639196410387977963.xml,WDBC,Go South Coast,Go South Coast 8279 Outbound,New Milton - Brockenhurst BLUE,price_band_1.8@ChildSingle,1.8
TDTR_7642_Outbound_ChildReturn_a9f4b9e2-e9ea-4456-80e3-47fe03b77367_639196410169810560.xml,TDTR,Go South Coast,Go South Coast 7642 Outbound,Hilmarton - Calne,price_band_1.5@ChildReturn,1.5
SVCT_5262_Outbound_YoungAdSingle_a9f4b9e2-e9ea-4456-80e3-47fe03b77367_639196405610628824.xml,SVCT,Go South Coast,Go South Coast 5262 Outbound,Newport - Sandown,price_band_3.0@YoungAdSingle,3.0
SWWD_3726_Outbound_ChildReturn_a9f4b9e2-e9ea-4456-80e3-47fe03b77367_639196400436322760.xml,SWWD,Go South Coast,Go South Coast 3726 Outbound,Salisbury - East Knoyle,price_band_3.2@ChildReturn,3.2
BLUS_4402_Inbound_AdultReturn_a9f4b9e2-e9ea-4456-80e3-47fe03b77367_639196402867004903.xml,BLUS,Go South Coast,Go South Coast 4402 Inbound,Hythe - Applemore,price_band_4.5@AdultReturn,4.5
SWWD_3881_Outbound_ChildReturn_a9f4b9e2-e9ea-4456-80e3-47fe03b77367_639196400617952320.xml,SWWD,Go South Coast,Go South Coast 3881 Outbound,Wilton Road  - Burgate School,price_band_6.0@ChildReturn,6.0
WDBC_2002_Outbound_AdultSingle_a9f4b9e2-e9ea-4456-80e3-47fe03b77367_639196385337486110.xml,WDBC,Go South Coast,Go South Coast 2002 Outbound,Bournemouth - Lymington,price_band_2.5@AdultSingle,2.5
BLUS_4805_Inbound_ChildSingle_eed5e2e8-c472-41af-825e-db09ec887334_639196403397502812.xml,BLUS,Go South Coast,Go South Coast 4805 Inbound,Boyatt Wood - Shootash,price_band_1.0@ChildSingle,1.0
WDBC_1053_Inbound_AdultReturn_a9f4b9e2-e9ea-4456-80e3-47fe03b77367_639196376027572776.xml,WDBC,Go South Coast,Go South Coast 1053 Inbound,Bournemouth - Wimborne,price_band_5.5@AdultReturn,5.5
SVCT_5101_Inbound_AdultSingle_a9f4b9e2-e9ea-4456-80e3-47fe03b77367_639196404699177727.xml,SVCT,Go South Coast,Go South Coast 5101 Inbound,Cowes - Newport,price_band_2.0@AdultSingle,2.0
BLUS_4023_Outbound_ChildReturn_a9f4b9e2-e9ea-4456-80e3-47fe03b77367_639196402430222512.xml,BLUS,Go South Coast,Go South Coast 4023 Outbound,Eastleigh - Velmore,price_band_4.0@ChildReturn,4.0
SVCT_5101_Inbound_AdultSingle_a9f4b9e2-e9ea-4456-80e3-47fe03b77367_639196404699177727.xml,SVCT,Go South Coast,Go South Coast 5101 Inbound,Cowes - Newport,price_band_3.0@AdultSingle,3.0
UNIL_4741_Inbound_ChildSingle_a9f4b9e2-e9ea-4456-80e3-47fe03b77367_639196403330621680.xml,UNIL,Go South Coast,Go South Coast 4741 Inbound,Wessex Lane - Highfield Campus,price_band_2.0@ChildSingle,2.0
WDBC_1068_Outbound_ChildSingle_a9f4b9e2-e9ea-4456-80e3-47fe03b77367_639196376958321450.xml,WDBC,Go South Coast,Go South Coast 1068 Outbound,Poole - Poole Clockwise,price_band_1.9@ChildSingle,1.9
TDTR_7015_Outbound_AdultSingle_a9f4b9e2-e9ea-4456-80e3-47fe03b77367_639196408210445735.xml,TDTR,Go South Coast,Go South Coast 7015 Outbound,Haydon Wick - Bus Station,price_band_2.2@AdultSingle,2.2
WDBC_2001_Inbound_ChildSingle_a9f4b9e2-e9ea-4456-80e3-47fe03b77367_639196384385006027.xml,WDBC,Go South Coast,Go South Coast 2001 Inbound,Bournemouth - Lymington,price_band_1.9@ChildSingle,1.9
WDBC_6449_Outbound_ChildReturn_a9f4b9e2-e9ea-4456-80e3-47fe03b77367_639196406968851108.xml,WDBC,Go South Coast,Go South Coast 6449 Outbound,St Osmunds - Parkstone Grammar,price_band_1.9@ChildReturn,1.9
SWWD_3684_Outbound_ChildReturn_a9f4b9e2-e9ea-4456-80e3-47fe03b77367_639196400296909605.xml,SWWD,Go South Coast,Go South Coast 3684 Outbound,Coombe Bissett - Burgate,price_band_7.3@ChildReturn,7.3
DAMY_6020_Outbound_ChildReturn_a9f4b9e2-e9ea-4456-80e3-47fe03b77367_639196406158048579.xml,DAMY,Go South Coast,Go South Coast 6020 Outbound,Salisbury - Blandford,price_band_4.9@ChildReturn,4.9
WDBC_1802_Outbound_AdultSingle_d46597a9-440e-4c13-b49a-76a3986683d1_639196379640572077.xml,WDBC,Go South Coast,Go South Coast 1802 Outbound,Bournemouth - Castlepoint,price_band_1.0@AdultSingle,1.0
SVCT_5259_Inbound_YoungAdSingle_a9f4b9e2-e9ea-4456-80e3-47fe03b77367_639196405582583069.xml,SVCT,Go South Coast,Go South Coast 5259 Inbound,Carisbrooke - Bembridge,price_band_3.0@YoungAdSingle,3.0
SWWD_3726_Inbound_ChildSingle_a9f4b9e2-e9ea-4456-80e3-47fe03b77367_639196400346811942.xml,SWWD,Go South Coast,Go South Coast 3726 Inbound,Salisbury - East Knoyle,price_band_2.7@ChildSingle,2.7
WDBC_1951_Inbound_ChildReturn_a9f4b9e2-e9ea-4456-80e3-47fe03b77367_639196384076851000.xml,WDBC,Go South Coast,Go South Coast 1951 Inbound,Bournemouth - Sandbanks,price_band_3.7@ChildReturn,3.7
SWWD_3322_Outbound_AdultSingle_a9f4b9e2-e9ea-4456-80e3-47fe03b77367_639196394776175793.xml,SWWD,Go South Coast,Go South Coast 3322 Outbound,City Centre - Bishopdown,price_band_3.0@AdultSingle,3.0
SWWD_3372_Outbound_AdultSingle_a9f4b9e2-e9ea-4456-80e3-47fe03b77367_639196395806345886.xml,SWWD,Go South Coast,Go South Coast 3372 Outbound,City Centre - Bishopdown,price_band_3.0@AdultSingle,3.0
SVCT_5273_Outbound_AdultSingle_a9f4b9e2-e9ea-4456-80e3-47fe03b77367_639196405710108558.xml,SVCT,Go South Coast,Go South Coast 5273 Outbound,Newport - Ventnor,price_band_3.0@AdultSingle,3.0
WDBC_6449_Outbound_ChildReturn_a9f4b9e2-e9ea-4456-80e3-47fe03b77367_639196406968851108.xml,WDBC,Go South Coast,Go South Coast 6449 Outbound,St Osmunds - Parkstone Grammar,price_band_2.2@ChildReturn,2.2
WDBC_2775_Inbound_AdultReturn_a9f4b9e2-e9ea-4456-80e3-47fe03b77367_639196387487214543.xml,WDBC,Go South Coast,Go South Coast 2775 Inbound,Milford on Sea - Priestlands School,price_band_4.2@AdultReturn,4.2
WDBC_2906_Outbound_ChildReturn_a9f4b9e2-e9ea-4456-80e3-47fe03b77367_639196388242674616.xml,WDBC,Go South Coast,Go South Coast 2906 Outbound,Poole - Ringwood,price_band_3.7@ChildReturn,3.7
SWWD_3978_Outbound_ChildSingle_a9f4b9e2-e9ea-4456-80e3-47fe03b77367_639196400931208794.xml,SWWD,Go South Coast,Go South Coast 3978 Outbound,Victoria Park - Laverstock Schools,price_band_1.9@ChildSingle,1.9
SWWD_3366_Outbound_AdultReturn_a9f4b9e2-e9ea-4456-80e3-47fe03b77367_639196395728983544.xml,SWWD,Go South Coast,Go South Coast 3366 Outbound,South Wilts Grammar School - Idmiston,price_band_4.2@AdultReturn,4.2
SWWD_3008_Inbound_AdultReturn_a9f4b9e2-e9ea-4456-80e3-47fe03b77367_639196390636624051.xml,SWWD,Go South Coast,Go South Coast 3008 Inbound,Salisbury - Zouch Estate,price_band_4.9@AdultReturn,4.9
UNIL_4712_Inbound_AdultSingle_a9f4b9e2-e9ea-4456-80e3-47fe03b77367_639196403203497281.xml,UNIL,Go South Coast,Go South Coast 4712 Inbound,Bassett Green - Mayflower Halls,price_band_2.6@AdultSingle,2.6
SWWD_3457_Inbound_AdultSingle_a9f4b9e2-e9ea-4456-80e3-47fe03b77367_639196397949522505.xml,SWWD,Go South Coast,Go South Coast 3457 Inbound,Salisbury - Southampton,price_band_2.3@AdultSingle,2.3
SWWD_3402_Outbound_ChildReturn_a9f4b9e2-e9ea-4456-80e3-47fe03b77367_639196396010784145.xml,SWWD,Go South Coast,Go South Coast 3402 Outbound,Salisbury - Devizes,price_band_3.8@ChildReturn,3.8
BLUS_4006_Outbound_AdultSingle_eed5e2e8-c472-41af-825e-db09ec887334_639196401290591136.xml,BLUS,Go South Coast,Go South Coast 4006 Outbound,Southampton - Townhill Park,price_band_1.0@AdultSingle,1.0
SWWD_3002_Inbound_AdultReturn_a9f4b9e2-e9ea-4456-80e3-47fe03b77367_639196390155406939.xml,SWWD,Go South Coast,Go South Coast 3002 Inbound,Salisbury - Devizes,price_band_4.2@AdultReturn,4.2
WDBC_6449_Outbound_AdultSingle_a9f4b9e2-e9ea-4456-80e3-47fe03b77367_639196406940282122.xml,WDBC,Go South Coast,Go South Coast 6449 Outbound,St Osmunds - Parkstone Grammar,price_band_2.5@AdultSingle,2.5
BLUS_4204_Inbound_AdultSingle_a9f4b9e2-e9ea-4456-80e3-47fe03b77367_639196402826651028.xml,BLUS,Go South Coast,Go South Coast 4204 Inbound,Totton - Totton Anti-Clockwise,price_band_3.0@AdultSingle,3.0
WDBC_2002_Outbound_AdultReturn_a9f4b9e2-e9ea-4456-80e3-47fe03b77367_639196385363795459.xml,WDBC,Go South Coast,Go South Coast 2002 Outbound,Bournemouth - Lymington,price_band_5.5@AdultReturn,5.5
SWWD_3684_Outbound_ChildSingle_a9f4b9e2-e9ea-4456-80e3-47fe03b77367_639196400301590510.xml,SWWD,Go South Coast,Go South Coast 3684 Outbound,Coombe Bissett - Burgate,price_band_2.5@ChildSingle,2.5
BLUS_4011_Inbound_ChildSingle_f15d1b06-486f-433a-8991-95f1a97a87e0_639196401709450541.xml,BLUS,Go South Coast,Go South Coast 4011 Inbound,Southampton - West Totton,price_band_1.0@ChildSingle,1.0
SWWD_3044_Outbound_ChildSingle_a9f4b9e2-e9ea-4456-80e3-47fe03b77367_639196391706881165.xml,SWWD,Go South Coast,Go South Coast 3044 Outbound,Salisbury - Woodfalls,price_band_3.0@ChildSingle,3.0
WDBC_1003_Inbound_ChildSingle_d46597a9-440e-4c13-b49a-76a3986683d1_639196370420901638.xml,WDBC,Go South Coast,Go South Coast 1003 Inbound,Poole - Wimborne,price_band_3.0@ChildSingle,3.0
TDTR_7152_Outbound_YoungPersonSgl_a9f4b9e2-e9ea-4456-80e3-47fe03b77367_639196409239895961.xml,TDTR,Go South Coast,Go South Coast 7152 Outbound,Coate Water - Ridgeway School,price_band_2.6@YoungPersonSgl,2.6
SWWD_3525_Inbound_ChildSingle_a9f4b9e2-e9ea-4456-80e3-47fe03b77367_639196399495610199.xml,SWWD,Go South Coast,Go South Coast 3525 Inbound,City Centre - Petersfinger Park & Ride,price_band_2.3@ChildSingle,2.3
WDBC_1415_Outbound_ChildReturn_a9f4b9e2-e9ea-4456-80e3-47fe03b77367_639196378713539726.xml,WDBC,Go South Coast,Go South Coast 1415 Outbound,Poole High - Canford Heath,price_band_2.8@ChildReturn,2.8
WDBC_1020_Inbound_AdultReturn_a9f4b9e2-e9ea-4456-80e3-47fe03b77367_639196373252002073.xml,WDBC,Go South Coast,Go South Coast 1020 Inbound,Poole - Christchurch,price_band_4.7@AdultReturn,4.7
SWWD_3126_Inbound_AdultReturn_a9f4b9e2-e9ea-4456-80e3-47fe03b77367_639196393114062107.xml,SWWD,Go South Coast,Go South Coast 3126 Inbound,Salisbury - Hindon,price_band_4.2@AdultReturn,4.2
WDBC_2001_Inbound_AdultReturn_a9f4b9e2-e9ea-4456-80e3-47fe03b77367_639196384273526245.xml,WDBC,Go South Coast,Go South Coast 2001 Inbound,Bournemouth - Lymington,price_band_5.1@AdultReturn,5.1
WDBC_1114_Inbound_AdultSingle_a9f4b9e2-e9ea-4456-80e3-47fe03b77367_639196377598873181.xml,WDBC,Go South Coast,Go South Coast 1114 Inbound,Poole - RB Hospital,price_band_2.8@AdultSingle,2.8
SWWD_3308_Inbound_ChildSingle_a9f4b9e2-e9ea-4456-80e3-47fe03b77367_639196394608090747.xml,SWWD,Go South Coast,Go South Coast 3308 Inbound,Blue Boar Row - Ditchampton,price_band_2.5@ChildSingle,2.5
TDTR_7146_Inbound_AdultReturn_a9f4b9e2-e9ea-4456-80e3-47fe03b77367_639196409021263564.xml,TDTR,Go South Coast,Go South Coast 7146 Inbound,Swindon - Hungerford,price_band_6.0@AdultReturn,6.0
SVCT_5262_Outbound_ChildSingle_a9f4b9e2-e9ea-4456-80e3-47fe03b77367_639196405607602332.xml,SVCT,Go South Coast,Go South Coast 5262 Outbound,Newport - Sandown,price_band_1.8@ChildSingle,1.8
WDBC_2906_Outbound_ChildSingle_a9f4b9e2-e9ea-4456-80e3-47fe03b77367_639196388193779482.xml,WDBC,Go South Coast,Go South Coast 2906 Outbound,Poole - Ringwood,price_band_2.2@ChildSingle,2.2
WDBC_1804_Outbound_AdultReturn_a9f4b9e2-e9ea-4456-80e3-47fe03b77367_639196379713124426.xml,WDBC,Go South Coast,Go South Coast 1804 Outbound,Bournemouth - Castlepoint,price_band_4.8@AdultReturn,4.8
WDBC_1903_Inbound_ChildSingle_2f1f0c04-770d-4707-ab06-213c5a798ad7_639196383252639639.xml,WDBC,Go South Coast,Go South Coast 1903 Inbound,Poole - Wimborne,price_band_1.9@ChildSingle,1.9
WDBC_1053_Outbound_AdultSingle_d46597a9-440e-4c13-b49a-76a3986683d1_639196376394081112.xml,WDBC,Go South Coast,Go South Coast 1053 Outbound,Bournemouth - Wimborne,price_band_2.3@AdultSingle,2.3
SWWD_3301_Inbound_ChildReturn_a9f4b9e2-e9ea-4456-80e3-47fe03b77367_639196394305457949.xml,SWWD,Go South Coast,Go South Coast 3301 Inbound,District Hospital - Bemerton Heath,price_band_3.6@ChildReturn,3.6
WDBC_2002_Outbound_AdultReturn_a9f4b9e2-e9ea-4456-80e3-47fe03b77367_639196385363795459.xml,WDBC,Go South Coast,Go South Coast 2002 Outbound,Bournemouth - Lymington,price_band_5.7@AdultReturn,5.7
WDBC_1060_Inbound_AdultSingle_a9f4b9e2-e9ea-4456-80e3-47fe03b77367_639196376779273976.xml,WDBC,Go South Coast,Go South Coast 1060 Inbound,Rockley - Sandbanks,price_band_2.6@AdultSingle,2.6
WDBC_6418_Outbound_AdultSingle_a9f4b9e2-e9ea-4456-80e3-47fe03b77367_639196406735669010.xml,WDBC,Go South Coast,Go South Coast 6418 Outbound,Sandbanks Ferry - Poole Grammar School,price_band_2.8@AdultSingle,2.8
BLUS_4008_Outbound_ChildSingle_a9f4b9e2-e9ea-4456-80e3-47fe03b77367_639196401491526480.xml,BLUS,Go South Coast,Go South Coast 4008 Outbound,Southampton - Hythe,price_band_2.1@ChildSingle,2.1
SWWD_3495_Outbound_ChildReturn_a9f4b9e2-e9ea-4456-80e3-47fe03b77367_639196398999976967.xml,SWWD,Go South Coast,Go South Coast 3495 Outbound,Swindon - Pewsey,price_band_6.0@ChildReturn,6.0
SWWD_7201_Inbound_ChildSingle_a9f4b9e2-e9ea-4456-80e3-47fe03b77367_639196409621895930.xml,SWWD,Go South Coast,Go South Coast 7201 Inbound,Figheldean - Salisbury,price_band_1.5@ChildSingle,1.5
WDBC_1013_Outbound_AdultSingle_2f1f0c04-770d-4707-ab06-213c5a798ad7_639196371544618816.xml,WDBC,Go South Coast,Go South Coast 1013 Outbound,Bournemouth - Wimborne,price_band_3.0@AdultSingle,3.0
BLUS_4015_Inbound_AdultSingle_f15d1b06-486f-433a-8991-95f1a97a87e0_639196401928664951.xml,BLUS,Go South Coast,Go South Coast 4015 Inbound,Central Station - Hamble,price_band_1.0@AdultSingle,1.0
SWWD_3125_Inbound_ChildReturn_a9f4b9e2-e9ea-4456-80e3-47fe03b77367_639196392828778045.xml,SWWD,Go South Coast,Go South Coast 3125 Inbound,South Wilts Grammar School - Hindon,price_band_5.1@ChildReturn,5.1
SVCT_5403_Outbound_AdultSingle_a9f4b9e2-e9ea-4456-80e3-47fe03b77367_639196405767745543.xml,SVCT,Go South Coast,Go South Coast 5403 Outbound,Newport  - Ryde [N3],price_band_3.0@AdultSingle,3.0
WDBC_1052_Outbound_ChildSingle_a9f4b9e2-e9ea-4456-80e3-47fe03b77367_639196375937797115.xml,WDBC,Go South Coast,Go South Coast 1052 Outbound,Rockley - Sandbanks,price_band_3.0@ChildSingle,3.0
SWWD_3301_Inbound_ChildReturn_a9f4b9e2-e9ea-4456-80e3-47fe03b77367_639196394305457949.xml,SWWD,Go South Coast,Go South Coast 3301 Inbound,District Hospital - Bemerton Heath,price_band_2.5@ChildReturn,2.5
BLUS_4909_Outbound_AdultSingle_a9f4b9e2-e9ea-4456-80e3-47fe03b77367_639196403580622397.xml,BLUS,Go South Coast,Go South Coast 4909 Outbound,Southampton - Langley,price_band_3.0@AdultSingle,3.0
BLUS_4538_Outbound_ChildReturn_a9f4b9e2-e9ea-4456-80e3-47fe03b77367_639196403025212675.xml,BLUS,Go South Coast,Go South Coast 4538 Outbound,Rushington - Applemore College,price_band_4.6@ChildReturn,4.6
WDBC_1811_Outbound_AdultSingle_a9f4b9e2-e9ea-4456-80e3-47fe03b77367_639196380076014890.xml,WDBC,Go South Coast,Go South Coast 1811 Outbound,Bournemouth - Somerford,price_band_2.6@AdultSingle,2.6
BLUS_4401_Outbound_ChildSingle_a9f4b9e2-e9ea-4456-80e3-47fe03b77367_639196402860655598.xml,BLUS,Go South Coast,Go South Coast 4401 Outbound,Applemore - Hythe,price_band_2.1@ChildSingle,2.1
UNIL_4709_Outbound_ChildSingle_a9f4b9e2-e9ea-4456-80e3-47fe03b77367_639196403150284212.xml,UNIL,Go South Coast,Go South Coast 4709 Outbound,Townhill Park - General Hospital,price_band_2.0@ChildSingle,2.0
SWWD_3883_Inbound_ChildSingle_a9f4b9e2-e9ea-4456-80e3-47fe03b77367_639196400680560363.xml,SWWD,Go South Coast,Go South Coast 3883 Inbound,Bishopdown Farm  - Burgate School,price_band_1.8@ChildSingle,1.8
BLUS_4128_Inbound_ChildReturn_a9f4b9e2-e9ea-4456-80e3-47fe03b77367_639196402795563236.xml,BLUS,Go South Coast,Go South Coast 4128 Inbound,Highfield - Southampton Science Park,price_band_2.6@ChildReturn,2.6
WDBC_6419_Outbound_AdultSingle_a9f4b9e2-e9ea-4456-80e3-47fe03b77367_639196406811265190.xml,WDBC,Go South Coast,Go South Coast 6419 Outbound,Compton Avenue - Poole Grammar,price_band_2.0@AdultSingle,2.0
BLUS_3135_Outbound_ChildSingle_a9f4b9e2-e9ea-4456-80e3-47fe03b77367_639196393316257473.xml,BLUS,Go South Coast,Go South Coast 3135 Outbound,Romsey - Braishfield,price_band_2.1@ChildSingle,2.1
WDBC_1802_Inbound_ChildSingle_2f1f0c04-770d-4707-ab06-213c5a798ad7_639196379589191552.xml,WDBC,Go South Coast,Go South Coast 1802 Inbound,Bournemouth - Castlepoint,price_band_1.0@ChildSingle,1.0
WDBC_2953_Outbound_AdultReturn_a9f4b9e2-e9ea-4456-80e3-47fe03b77367_639196388978219889.xml,WDBC,Go South Coast,Go South Coast 2953 Outbound,Salisbury - Ringwood,price_band_4.5@AdultReturn,4.5
DAMY_6920_Outbound_ChildReturn_a9f4b9e2-e9ea-4456-80e3-47fe03b77367_639196407818029503.xml,DAMY,Go South Coast,Go South Coast 6920 Outbound,Salisbury - Steam Fair,price_band_2.5@ChildReturn,2.5
SWWD_3405_Outbound_ChildSingle_a9f4b9e2-e9ea-4456-80e3-47fe03b77367_639196396786684282.xml,SWWD,Go South Coast,Go South Coast 3405 Outbound,Salisbury - Pewsey,price_band_2.3@ChildSingle,2.3
SWWD_3405_Outbound_ChildReturn_a9f4b9e2-e9ea-4456-80e3-47fe03b77367_639196396824976158.xml,SWWD,Go South Coast,Go South Coast 3405 Outbound,Salisbury - Pewsey,price_band_5.3@ChildReturn,5.3
TDTR_7532_Outbound_AdultSingle_a9f4b9e2-e9ea-4456-80e3-47fe03b77367_639196409792262861.xml,TDTR,Go South Coast,Go South Coast 7532 Outbound,Link Centre - Cirencester College,price_band_5.2@AdultSingle,5.2
WDBC_1789_Outbound_ChildReturn_a9f4b9e2-e9ea-4456-80e3-47fe03b77367_639196379399568118.xml,WDBC,Go South Coast,Go South Coast 1789 Outbound,Bournemouth School for Girls - Lymington,price_band_5.4@ChildReturn,5.4
SWWD_3495_Outbound_ChildReturn_a9f4b9e2-e9ea-4456-80e3-47fe03b77367_639196398999976967.xml,SWWD,Go South Coast,Go South Coast 3495 Outbound,Swindon - Pewsey,price_band_4.3@ChildReturn,4.3
BLUS_4002_Outbound_AdultSingle_a9f4b9e2-e9ea-4456-80e3-47fe03b77367_639196401060697239.xml,BLUS,Go South Coast,Go South Coast 4002 Outbound,Southampton - Fair Oak,price_band_2.5@AdultSingle,2.5
WDBC_1005_Outbound_ChildSingle_a9f4b9e2-e9ea-4456-80e3-47fe03b77367_639196370621622529.xml,WDBC,Go South Coast,Go South Coast 1005 Outbound,Poole - Tower Park,price_band_1.9@ChildSingle,1.9
SWWD_3303_Inbound_AdultReturn_a9f4b9e2-e9ea-4456-80e3-47fe03b77367_639196394392677512.xml,SWWD,Go South Coast,Go South Coast 3303 Inbound,City Centre - Ditchampton,price_band_5.4@AdultReturn,5.4
WDBC_1011_Outbound_ChildSingle_a9f4b9e2-e9ea-4456-80e3-47fe03b77367_639196371092939686.xml,WDBC,Go South Coast,Go South Coast 1011 Outbound,Bournemouth - Canford Paddock,price_band_1.6@ChildSingle,1.6
WDBC_1053_Inbound_AdultSingle_d46597a9-440e-4c13-b49a-76a3986683d1_639196376155853258.xml,WDBC,Go South Coast,Go South Coast 1053 Inbound,Bournemouth - Wimborne,price_band_1.0@AdultSingle,1.0
WDBC_2618_Outbound_AdultSingle_a9f4b9e2-e9ea-4456-80e3-47fe03b77367_639196387257164916.xml,WDBC,Go South Coast,Go South Coast 2618 Outbound,Cooper Dean - Brockenhurst College,price_band_5.6@AdultSingle,5.6
WDBC_1811_Inbound_AdultSingle_2f1f0c04-770d-4707-ab06-213c5a798ad7_639196380036782258.xml,WDBC,Go South Coast,Go South Coast 1811 Inbound,Bournemouth - Somerford,price_band_1.0@AdultSingle,1.0
TDTR_7080_Outbound_YoungPersonRtn_a9f4b9e2-e9ea-4456-80e3-47fe03b77367_639196408865610342.xml,TDTR,Go South Coast,Go South Coast 7080 Outbound,Swindon - Marlborough,price_band_5.8@YoungPersonRtn,5.8
BLUS_4103_Inbound_AdultSingle_a9f4b9e2-e9ea-4456-80e3-47fe03b77367_639196402595704733.xml,BLUS,Go South Coast,Go South Coast 4103 Inbound,Southampton - Eastleigh,price_band_2.6@AdultSingle,2.6
SWWD_3166_Outbound_ChildSingle_a9f4b9e2-e9ea-4456-80e3-47fe03b77367_639196393733270388.xml,SWWD,Go South Coast,Go South Coast 3166 Outbound,South Wilts Grammar School - Idmiston,price_band_3.0@ChildSingle,3.0
WDBC_1052_Inbound_ChildSingle_a9f4b9e2-e9ea-4456-80e3-47fe03b77367_639196375821067974.xml,WDBC,Go South Coast,Go South Coast 1052 Inbound,Rockley - Sandbanks,price_band_1.9@ChildSingle,1.9
WDBC_1017_Outbound_AdultReturn_a9f4b9e2-e9ea-4456-80e3-47fe03b77367_639196372899475743.xml,WDBC,Go South Coast,Go South Coast 1017 Outbound,Poole - Bournemouth,price_band_4.8@AdultReturn,4.8
WDBC_1020_Outbound_ChildSingle_2f1f0c04-770d-4707-ab06-213c5a798ad7_639196373979458241.xml,WDBC,Go South Coast,Go South Coast 1020 Outbound,Poole - Christchurch,price_band_1.0@ChildSingle,1.0
SWWD_3977_Outbound_ChildReturn_a9f4b9e2-e9ea-4456-80e3-47fe03b77367_639196400923955572.xml,SWWD,Go South Coast,Go South Coast 3977 Outbound,Victoria Park - Laverstock Schools,price_band_2.6@ChildReturn,2.6
WDBC_1818_Outbound_ChildSingle_d46597a9-440e-4c13-b49a-76a3986683d1_639196380723604333.xml,WDBC,Go South Coast,Go South Coast 1818 Outbound,Bournemouth - Broadstone,price_band_1.0@ChildSingle,1.0
WDBC_1789_Outbound_ChildReturn_a9f4b9e2-e9ea-4456-80e3-47fe03b77367_639196379399568118.xml,WDBC,Go South Coast,Go South Coast 1789 Outbound,Bournemouth School for Girls - Lymington,price_band_4.7@ChildReturn,4.7
DAMY_6487_Outbound_ChildSingle_a9f4b9e2-e9ea-4456-80e3-47fe03b77367_639196407161038133.xml,DAMY,Go South Coast,Go South Coast 6487 Outbound,Blandford - Dorchester,price_band_1.9@ChildSingle,1.9
WDBC_1837_Outbound_AdultReturn_a9f4b9e2-e9ea-4456-80e3-47fe03b77367_639196381925967925.xml,WDBC,Go South Coast,Go South Coast 1837 Outbound,Bournemouth - Bournemouth International Airport,price_band_4.7@AdultReturn,4.7
SWWD_3663_Outbound_AdultReturn_a9f4b9e2-e9ea-4456-80e3-47fe03b77367_639196400038881428.xml,SWWD,Go South Coast,Go South Coast 3663 Outbound,Wilton Road  - Laverstock Schools,price_band_4.2@AdultReturn,4.2
WDBC_1003_Outbound_AdultReturn_a9f4b9e2-e9ea-4456-80e3-47fe03b77367_639196370438778224.xml,WDBC,Go South Coast,Go South Coast 1003 Outbound,Poole - Wimborne,price_band_6.0@AdultReturn,6.0
WDBC_1032_Outbound_ChildSingle_a9f4b9e2-e9ea-4456-80e3-47fe03b77367_639196374529394266.xml,WDBC,Go South Coast,Go South Coast 1032 Outbound,Poole - Bournemouth,price_band_2.1@ChildSingle,2.1
TDTR_7042_Outbound_AdultReturn_a9f4b9e2-e9ea-4456-80e3-47fe03b77367_639196408380457205.xml,TDTR,Go South Coast,Go South Coast 7042 Outbound,Calne - St John's School,price_band_2.5@AdultReturn,2.5
SWWD_3126_Outbound_AdultReturn_a9f4b9e2-e9ea-4456-80e3-47fe03b77367_639196393210383237.xml,SWWD,Go South Coast,Go South Coast 3126 Outbound,Salisbury - Hindon,price_band_4.9@AdultReturn,4.9
WDBC_6943_Inbound_ChildReturn_a9f4b9e2-e9ea-4456-80e3-47fe03b77367_639196407994428424.xml,WDBC,Go South Coast,Go South Coast 6943 Inbound,Lulworth - Weymouth,price_band_5.6@ChildReturn,5.6
BLUS_4805_Inbound_ChildReturn_a9f4b9e2-e9ea-4456-80e3-47fe03b77367_639196403369196820.xml,BLUS,Go South Coast,Go South Coast 4805 Inbound,Boyatt Wood - Shootash,price_band_4.0@ChildReturn,4.0
WDBC_2186_Outbound_ChildReturn_a9f4b9e2-e9ea-4456-80e3-47fe03b77367_639196386777685999.xml,WDBC,Go South Coast,Go South Coast 2186 Outbound,Southampton - Lymington,price_band_4.5@ChildReturn,4.5
WDBC_1053_Inbound_ChildSingle_d46597a9-440e-4c13-b49a-76a3986683d1_639196376215004487.xml,WDBC,Go South Coast,Go South Coast 1053 Inbound,Bournemouth - Wimborne,price_band_3.0@ChildSingle,3.0
BLUS_2605_Outbound_AdultSingle_a9f4b9e2-e9ea-4456-80e3-47fe03b77367_639196387017390165.xml,BLUS,Go South Coast,Go South Coast 2605 Outbound,Wellow - Brockenhurst College,price_band_5.2@AdultSingle,5.2
SWWD_3533_Inbound_ChildSingle_a9f4b9e2-e9ea-4456-80e3-47fe03b77367_639196399567890553.xml,SWWD,Go South Coast,Go South Coast 3533 Inbound,Dinton - City Centre,price_band_2.5@ChildSingle,2.5
SWWD_3138_Outbound_AdultSingle_a9f4b9e2-e9ea-4456-80e3-47fe03b77367_639196393548082702.xml,SWWD,Go South Coast,Go South Coast 3138 Outbound,West Dean  - Laverstock & Grammar,price_band_2.3@AdultSingle,2.3
WDBC_1020_Inbound_AdultSingle_a9f4b9e2-e9ea-4456-80e3-47fe03b77367_639196373411086075.xml,WDBC,Go South Coast,Go South Coast 1020 Inbound,Poole - Christchurch,price_band_2.3@AdultSingle,2.3
WDBC_2024_Outbound_AdultReturn_a9f4b9e2-e9ea-4456-80e3-47fe03b77367_639196386245091584.xml,WDBC,Go South Coast,Go South Coast 2024 Outbound,Castlepoint - Christchurch,price_band_4.2@AdultReturn,4.2
SWWD_3137_Inbound_ChildSingle_a9f4b9e2-e9ea-4456-80e3-47fe03b77367_639196393371572109.xml,SWWD,Go South Coast,Go South Coast 3137 Inbound,Salisbury - West Dean,price_band_3.0@ChildSingle,3.0
WDBC_1016_Inbound_AdultReturn_a9f4b9e2-e9ea-4456-80e3-47fe03b77367_639196372039758899.xml,WDBC,Go South Coast,Go South Coast 1016 Inbound,Poole - Bournemouth,price_band_4.2@AdultReturn,4.2
BLUS_8438_Outbound_AdultReturn_a9f4b9e2-e9ea-4456-80e3-47fe03b77367_639196410472239547.xml,BLUS,Go South Coast,Go South Coast 8438 Outbound,Winchester - Petersfield,price_band_6.0@AdultReturn,6.0
WDBC_1837_Outbound_AdultReturn_a9f4b9e2-e9ea-4456-80e3-47fe03b77367_639196381925967925.xml,WDBC,Go South Coast,Go South Coast 1837 Outbound,Bournemouth - Bournemouth International Airport,price_band_4.2@AdultReturn,4.2
WDBC_1806_Inbound_AdultSingle_a9f4b9e2-e9ea-4456-80e3-47fe03b77367_639196379849661818.xml,WDBC,Go South Coast,Go South Coast 1806 Inbound,Bournemouth - Wimborne,price_band_2.3@AdultSingle,2.3
UNIL_4742_Inbound_AdultSingle_a9f4b9e2-e9ea-4456-80e3-47fe03b77367_639196403340905534.xml,UNIL,Go South Coast,Go South Coast 4742 Inbound,Chamberlain Halls - Highfield,price_band_2.6@AdultSingle,2.6
WDBC_1788_Inbound_ChildReturn_a9f4b9e2-e9ea-4456-80e3-47fe03b77367_639196379244026628.xml,WDBC,Go South Coast,Go South Coast 1788 Inbound,Walkford - Bournemouth School for Girls,price_band_2.4@ChildReturn,2.4
BLUS_4009_Outbound_ChildReturn_a9f4b9e2-e9ea-4456-80e3-47fe03b77367_639196401603484794.xml,BLUS,Go South Coast,Go South Coast 4009 Outbound,Southampton - Langley/Fawley,price_band_4.5@ChildReturn,4.5
WDBC_1741_Inbound_ChildSingle_a9f4b9e2-e9ea-4456-80e3-47fe03b77367_639196379057798178.xml,WDBC,Go South Coast,Go South Coast 1741 Inbound,Sandbanks Ferry - Parkstone Grammar School,price_band_3.1@ChildSingle,3.1
TDTR_7180_Inbound_YoungPersonSgl_a9f4b9e2-e9ea-4456-80e3-47fe03b77367_639196409516467218.xml,TDTR,Go South Coast,Go South Coast 7180 Inbound,Marlborough - Ludgershall,price_band_2.7@YoungPersonSgl,2.7
WDBC_2176_Outbound_AdultSingle_a9f4b9e2-e9ea-4456-80e3-47fe03b77367_639196386573414742.xml,WDBC,Go South Coast,Go South Coast 2176 Outbound,Christchurch - Ringwood,price_band_3.0@AdultSingle,3.0
BLUS_4009_Inbound_AdultReturn_a9f4b9e2-e9ea-4456-80e3-47fe03b77367_639196401532199584.xml,BLUS,Go South Coast,Go South Coast 4009 Inbound,Southampton - Langley/Fawley,price_band_6.0@AdultReturn,6.0
SWWD_3407_Outbound_ChildSingle_eed5e2e8-c472-41af-825e-db09ec887334_639196397762912632.xml,SWWD,Go South Coast,Go South Coast 3407 Outbound,Salisbury - Southampton,price_band_2.3@ChildSingle,2.3
SWWD_3513_Inbound_ChildSingle_a9f4b9e2-e9ea-4456-80e3-47fe03b77367_639196399162407532.xml,SWWD,Go South Coast,Go South Coast 3513 Inbound,Blue Boar Row - Bulbridge Chantry Road,price_band_1.9@ChildSingle,1.9
WDBC_1789_Outbound_AdultReturn_a9f4b9e2-e9ea-4456-80e3-47fe03b77367_639196379362514665.xml,WDBC,Go South Coast,Go South Coast 1789 Outbound,Bournemouth School for Girls - Lymington,price_band_6.9@AdultReturn,6.9
SWWD_7910_Outbound_AdultSingle_a9f4b9e2-e9ea-4456-80e3-47fe03b77367_639196410229620757.xml,SWWD,Go South Coast,Go South Coast 7910 Outbound,Marlborough - Hungerford DRT,price_band_3.0@AdultSingle,3.0
BLUS_4024_Outbound_AdultReturn_a9f4b9e2-e9ea-4456-80e3-47fe03b77367_639196402468761071.xml,BLUS,Go South Coast,Go South Coast 4024 Outbound,Eastleigh - Hedge End,price_band_4.7@AdultReturn,4.7
BLUS_2627_Inbound_AdultSingle_a9f4b9e2-e9ea-4456-80e3-47fe03b77367_639196387371146569.xml,BLUS,Go South Coast,Go South Coast 2627 Inbound,Totton - Marchwood,price_band_3.0@AdultSingle,3.0
SWWD_3137_Inbound_ChildSingle_a9f4b9e2-e9ea-4456-80e3-47fe03b77367_639196393371572109.xml,SWWD,Go South Coast,Go South Coast 3137 Inbound,Salisbury - West Dean,price_band_1.9@ChildSingle,1.9
BLUS_3634_Inbound_ChildSingle_a9f4b9e2-e9ea-4456-80e3-47fe03b77367_639196399662541611.xml,BLUS,Go South Coast,Go South Coast 3634 Inbound,East Wellow  - Romsey School,price_band_2.6@ChildSingle,2.6
WDBC_1054_Outbound_ChildSingle_d46597a9-440e-4c13-b49a-76a3986683d1_639196376739744176.xml,WDBC,Go South Coast,Go South Coast 1054 Outbound,Poole - Wimborne,price_band_1.8@ChildSingle,1.8
TDTR_7067_Outbound_YoungPersonSgl_a9f4b9e2-e9ea-4456-80e3-47fe03b77367_639196408667080182.xml,TDTR,Go South Coast,Go South Coast 7067 Outbound,Penhill - Park South,price_band_1.8@YoungPersonSgl,1.8
SWWD_3495_Outbound_AdultReturn_a9f4b9e2-e9ea-4456-80e3-47fe03b77367_639196398985590044.xml,SWWD,Go South Coast,Go South Coast 3495 Outbound,Swindon - Pewsey,price_band_4.9@AdultReturn,4.9
WDBC_1016_Inbound_AdultReturn_a9f4b9e2-e9ea-4456-80e3-47fe03b77367_639196372039758899.xml,WDBC,Go South Coast,Go South Coast 1016 Inbound,Poole - Bournemouth,price_band_4.5@AdultReturn,4.5
TDTR_7157_Inbound_AdultSingle_a9f4b9e2-e9ea-4456-80e3-47fe03b77367_639196409307112023.xml,TDTR,Go South Coast,Go South Coast 7157 Inbound,Bishopstone (Pond) - Ridgeway School,price_band_3.1@AdultSingle,3.1
WDBC_1811_Outbound_ChildSingle_a9f4b9e2-e9ea-4456-80e3-47fe03b77367_639196380086904887.xml,WDBC,Go South Coast,Go South Coast 1811 Outbound,Bournemouth - Somerford,price_band_2.3@ChildSingle,2.3
TDTR_7180_Outbound_YoungPersonRtn_a9f4b9e2-e9ea-4456-80e3-47fe03b77367_639196409548679878.xml,TDTR,Go South Coast,Go South Coast 7180 Outbound,Marlborough - Ludgershall,price_band_5.8@YoungPersonRtn,5.8
WDBC_3882_Outbound_AdultSingle_a9f4b9e2-e9ea-4456-80e3-47fe03b77367_639196400647091595.xml,WDBC,Go South Coast,Go South Coast 3882 Outbound,Stratford Road Grammar School - Burgate School,price_band_3.0@AdultSingle,3.0
WDBC_1050_Inbound_ChildReturn_a9f4b9e2-e9ea-4456-80e3-47fe03b77367_639196375512524519.xml,WDBC,Go South Coast,Go South Coast 1050 Inbound,Bournemouth Station - Swanage,price_band_3.7@ChildReturn,3.7
WDBC_1053_Outbound_AdultSingle_d46597a9-440e-4c13-b49a-76a3986683d1_639196376394081112.xml,WDBC,Go South Coast,Go South Coast 1053 Outbound,Bournemouth - Wimborne,price_band_2.8@AdultSingle,2.8
WDBC_1789_Inbound_ChildReturn_a9f4b9e2-e9ea-4456-80e3-47fe03b77367_639196379325905462.xml,WDBC,Go South Coast,Go South Coast 1789 Inbound,Bournemouth School for Girls - Lymington,price_band_5.4@ChildReturn,5.4
WDBC_1802_Inbound_AdultSingle_a9f4b9e2-e9ea-4456-80e3-47fe03b77367_639196379545479857.xml,WDBC,Go South Coast,Go South Coast 1802 Inbound,Bournemouth - Castlepoint,price_band_2.6@AdultSingle,2.6
DAMY_6505_Inbound_AdultReturn_a9f4b9e2-e9ea-4456-80e3-47fe03b77367_639196407177192280.xml,DAMY,Go South Coast,Go South Coast 6505 Inbound,Weymouth - Dorchester,price_band_4.8@AdultReturn,4.8
WDBC_1762_Outbound_ChildReturn_a9f4b9e2-e9ea-4456-80e3-47fe03b77367_639196379183472900.xml,WDBC,Go South Coast,Go South Coast 1762 Outbound,Merley - Corfe Hills,price_band_4.3@ChildReturn,4.3
WDBC_1806_Inbound_ChildSingle_d46597a9-440e-4c13-b49a-76a3986683d1_639196379924894842.xml,WDBC,Go South Coast,Go South Coast 1806 Inbound,Bournemouth - Wimborne,price_band_2.2@ChildSingle,2.2
WDBC_6418_Inbound_AdultSingle_a9f4b9e2-e9ea-4456-80e3-47fe03b77367_639196406683670847.xml,WDBC,Go South Coast,Go South Coast 6418 Inbound,Sandbanks Ferry - Poole Grammar School,price_band_2.8@AdultSingle,2.8
BLUS_3634_Inbound_ChildReturn_a9f4b9e2-e9ea-4456-80e3-47fe03b77367_639196399668588501.xml,BLUS,Go South Coast,Go South Coast 3634 Inbound,East Wellow  - Romsey School,price_band_6.2@ChildReturn,6.2
UNIL_4702_Outbound_ChildSingle_eed5e2e8-c472-41af-825e-db09ec887334_639196403106032499.xml,UNIL,Go South Coast,Go South Coast 4702 Outbound,Mayflower Halls - Bassett Green,price_band_1.0@ChildSingle,1.0
WDBC_1821_Inbound_ChildSingle_a9f4b9e2-e9ea-4456-80e3-47fe03b77367_639196380835269732.xml,WDBC,Go South Coast,Go South Coast 1821 Inbound,Bournemouth - Burton,price_band_2.3@ChildSingle,2.3
WDBC_3882_Inbound_AdultSingle_a9f4b9e2-e9ea-4456-80e3-47fe03b77367_639196400623621146.xml,WDBC,Go South Coast,Go South Coast 3882 Inbound,Stratford Road Grammar School - Burgate School,price_band_2.9@AdultSingle,2.9
SVCT_5112_Inbound_YoungAdSingle_a9f4b9e2-e9ea-4456-80e3-47fe03b77367_639196405352737871.xml,SVCT,Go South Coast,Go South Coast 5112 Inbound,Alum Bay - Newport,price_band_2.4@YoungAdSingle,2.4
TDTR_7061_Outbound_AdultSingle_a9f4b9e2-e9ea-4456-80e3-47fe03b77367_639196408619937469.xml,TDTR,Go South Coast,Go South Coast 7061 Outbound,Great Western Hospital - Middleleaze,price_band_2.8@AdultSingle,2.8
WDBC_3882_Outbound_ChildReturn_a9f4b9e2-e9ea-4456-80e3-47fe03b77367_639196400664305477.xml,WDBC,Go South Coast,Go South Coast 3882 Outbound,Stratford Road Grammar School - Burgate School,price_band_2.5@ChildReturn,2.5
WDBC_1032_Inbound_ChildSingle_a9f4b9e2-e9ea-4456-80e3-47fe03b77367_639196374382108166.xml,WDBC,Go South Coast,Go South Coast 1032 Inbound,Poole - Bournemouth,price_band_3.0@ChildSingle,3.0
SWWD_3044_Outbound_AdultSingle_a9f4b9e2-e9ea-4456-80e3-47fe03b77367_639196391687434182.xml,SWWD,Go South Coast,Go South Coast 3044 Outbound,Salisbury - Woodfalls,price_band_3.0@AdultSingle,3.0
WDBC_6418_Inbound_ChildReturn_a9f4b9e2-e9ea-4456-80e3-47fe03b77367_639196406697275955.xml,WDBC,Go South Coast,Go South Coast 6418 Inbound,Sandbanks Ferry - Poole Grammar School,price_band_2.3@ChildReturn,2.3
TDTR_7146_Outbound_AdultSingle_a9f4b9e2-e9ea-4456-80e3-47fe03b77367_639196409066386614.xml,TDTR,Go South Coast,Go South Coast 7146 Outbound,Swindon - Hungerford,price_band_2.6@AdultSingle,2.6
SWWD_3404_Outbound_ChildReturn_a9f4b9e2-e9ea-4456-80e3-47fe03b77367_639196396371448456.xml,SWWD,Go South Coast,Go South Coast 3404 Outbound,Salisbury - Larkhill,price_band_4.9@ChildReturn,4.9
WDBC_1833_Outbound_ChildReturn_a9f4b9e2-e9ea-4456-80e3-47fe03b77367_639196381707335126.xml,WDBC,Go South Coast,Go South Coast 1833 Outbound,Alum Chine - Castlepoint,price_band_2.8@ChildReturn,2.8
WDBC_2001_Outbound_AdultSingle_a9f4b9e2-e9ea-4456-80e3-47fe03b77367_639196384694964461.xml,WDBC,Go South Coast,Go South Coast 2001 Outbound,Bournemouth - Lymington,price_band_2.8@AdultSingle,2.8
SVCT_5272_Inbound_YoungAdSingle_a9f4b9e2-e9ea-4456-80e3-47fe03b77367_639196405680842443.xml,SVCT,Go South Coast,Go South Coast 5272 Inbound,Ryde - Ventnor,price_band_2.4@YoungAdSingle,2.4
WDBC_1003_Inbound_ChildSingle_2f1f0c04-770d-4707-ab06-213c5a798ad7_639196370411361395.xml,WDBC,Go South Coast,Go South Coast 1003 Inbound,Poole - Wimborne,price_band_3.0@ChildSingle,3.0
TDTR_7048_Outbound_AdultSingle_a9f4b9e2-e9ea-4456-80e3-47fe03b77367_639196408520228081.xml,TDTR,Go South Coast,Go South Coast 7048 Outbound,Swindon - Marlborough,price_band_2.1@AdultSingle,2.1
SWWD_3011_Inbound_AdultSingle_a9f4b9e2-e9ea-4456-80e3-47fe03b77367_639196391207764467.xml,SWWD,Go South Coast,Go South Coast 3011 Inbound,City Centre - Old Sarum,price_band_3.0@AdultSingle,3.0
WDBC_2186_Inbound_ChildSingle_f15d1b06-486f-433a-8991-95f1a97a87e0_639196386695660045.xml,WDBC,Go South Coast,Go South Coast 2186 Inbound,Southampton - Lymington,price_band_1.0@ChildSingle,1.0
WDBC_8270_Inbound_AdultSingle_a9f4b9e2-e9ea-4456-80e3-47fe03b77367_639196410367627089.xml,WDBC,Go South Coast,Go South Coast 8270 Inbound,Brockenhurst - New Park,price_band_5.0@AdultSingle,5.0
WDBC_2002_Outbound_ChildSingle_a9f4b9e2-e9ea-4456-80e3-47fe03b77367_639196385390206070.xml,WDBC,Go South Coast,Go South Coast 2002 Outbound,Bournemouth - Lymington,price_band_2.3@ChildSingle,2.3
TDTR_7146_Outbound_AdultReturn_a9f4b9e2-e9ea-4456-80e3-47fe03b77367_639196409076247496.xml,TDTR,Go South Coast,Go South Coast 7146 Outbound,Swindon - Hungerford,price_band_3.6@AdultReturn,3.6
SWWD_3457_Inbound_ChildSingle_a9f4b9e2-e9ea-4456-80e3-47fe03b77367_639196398011492336.xml,SWWD,Go South Coast,Go South Coast 3457 Inbound,Salisbury - Southampton,price_band_1.9@ChildSingle,1.9
WDBC_1016_Outbound_ChildSingle_a9f4b9e2-e9ea-4456-80e3-47fe03b77367_639196372360236986.xml,WDBC,Go South Coast,Go South Coast 1016 Outbound,Poole - Bournemouth,price_band_2.2@ChildSingle,2.2
SWWD_3166_Outbound_ChildReturn_a9f4b9e2-e9ea-4456-80e3-47fe03b77367_639196393710875224.xml,SWWD,Go South Coast,Go South Coast 3166 Outbound,South Wilts Grammar School - Idmiston,price_band_3.6@ChildReturn,3.6
WDBC_3882_Inbound_ChildSingle_a9f4b9e2-e9ea-4456-80e3-47fe03b77367_639196400635634338.xml,WDBC,Go South Coast,Go South Coast 3882 Inbound,Stratford Road Grammar School - Burgate School,price_band_2.9@ChildSingle,2.9
WDBC_2002_Outbound_AdultSingle_d46597a9-440e-4c13-b49a-76a3986683d1_639196385566711431.xml,WDBC,Go South Coast,Go South Coast 2002 Outbound,Bournemouth - Lymington,price_band_1.0@AdultSingle,1.0
TDTR_7535_Inbound_AdultSingle_a9f4b9e2-e9ea-4456-80e3-47fe03b77367_639196409827727616.xml,TDTR,Go South Coast,Go South Coast 7535 Inbound,Wanborough - Cirencester College,price_band_5.2@AdultSingle,5.2
WDBC_1837_Outbound_ChildSingle_2f1f0c04-770d-4707-ab06-213c5a798ad7_639196381963734747.xml,WDBC,Go South Coast,Go South Coast 1837 Outbound,Bournemouth - Bournemouth International Airport,price_band_2.5@ChildSingle,2.5
SWWD_3495_Outbound_ChildSingle_a9f4b9e2-e9ea-4456-80e3-47fe03b77367_639196399012648638.xml,SWWD,Go South Coast,Go South Coast 3495 Outbound,Swindon - Pewsey,price_band_2.3@ChildSingle,2.3
WDBC_2762_Inbound_ChildSingle_a9f4b9e2-e9ea-4456-80e3-47fe03b77367_639196387468944842.xml,WDBC,Go South Coast,Go South Coast 2762 Inbound,Keyhaven Road  - Priestlands School,price_band_2.2@ChildSingle,2.2
TDTR_7242_Outbound_ChildReturn_a9f4b9e2-e9ea-4456-80e3-47fe03b77367_639196409735830985.xml,TDTR,Go South Coast,Go South Coast 7242 Outbound,Barton Park - St John's School,price_band_1.2@ChildReturn,1.2
WDBC_1020_Outbound_ChildReturn_a9f4b9e2-e9ea-4456-80e3-47fe03b77367_639196373769580077.xml,WDBC,Go South Coast,Go South Coast 1020 Outbound,Poole - Christchurch,price_band_3.1@ChildReturn,3.1
WDBC_1114_Inbound_ChildReturn_a9f4b9e2-e9ea-4456-80e3-47fe03b77367_639196377684555116.xml,WDBC,Go South Coast,Go South Coast 1114 Inbound,Poole - RB Hospital,price_band_3.4@ChildReturn,3.4
TDTR_7532_Inbound_ChildSingle_a9f4b9e2-e9ea-4456-80e3-47fe03b77367_639196409786059288.xml,TDTR,Go South Coast,Go South Coast 7532 Inbound,Link Centre - Cirencester College,price_band_5.2@ChildSingle,5.2
WDBC_1821_Inbound_ChildReturn_a9f4b9e2-e9ea-4456-80e3-47fe03b77367_639196380870295753.xml,WDBC,Go South Coast,Go South Coast 1821 Inbound,Bournemouth - Burton,price_band_3.2@ChildReturn,3.2
BLUS_4009_Outbound_AdultSingle_a9f4b9e2-e9ea-4456-80e3-47fe03b77367_639196401582700322.xml,BLUS,Go South Coast,Go South Coast 4009 Outbound,Southampton - Langley/Fawley,price_band_2.5@AdultSingle,2.5
TDTR_7009_Outbound_YoungPersonSgl_a9f4b9e2-e9ea-4456-80e3-47fe03b77367_639196408110399079.xml,TDTR,Go South Coast,Go South Coast 7009 Outbound,Swindon - Wroughton,price_band_2.2@YoungPersonSgl,2.2
TDTR_7146_Inbound_ChildSingle_a9f4b9e2-e9ea-4456-80e3-47fe03b77367_639196409031966467.xml,TDTR,Go South Coast,Go South Coast 7146 Inbound,Swindon - Hungerford,price_band_1.0@ChildSingle,1.0
WDBC_2001_Inbound_AdultSingle_a9f4b9e2-e9ea-4456-80e3-47fe03b77367_639196384311200184.xml,WDBC,Go South Coast,Go South Coast 2001 Inbound,Bournemouth - Lymington,price_band_2.6@AdultSingle,2.6
BLUS_3635_Outbound_ChildSingle_a9f4b9e2-e9ea-4456-80e3-47fe03b77367_639196399736368414.xml,BLUS,Go South Coast,Go South Coast 3635 Outbound,Romsey - Ampfield,price_band_2.0@ChildSingle,2.0
SWWD_3513_Inbound_AdultSingle_a9f4b9e2-e9ea-4456-80e3-47fe03b77367_639196399153475552.xml,SWWD,Go South Coast,Go South Coast 3513 Inbound,Blue Boar Row - Bulbridge Chantry Road,price_band_3.0@AdultSingle,3.0
SWWD_3900_Inbound_ChildSingle_a9f4b9e2-e9ea-4456-80e3-47fe03b77367_639196400907817222.xml,SWWD,Go South Coast,Go South Coast 3900 Inbound,Devizes - Marlborough,price_band_1.5@ChildSingle,1.5
WDBC_2906_Outbound_ChildReturn_a9f4b9e2-e9ea-4456-80e3-47fe03b77367_639196388242674616.xml,WDBC,Go South Coast,Go South Coast 2906 Outbound,Poole - Ringwood,price_band_5.6@ChildReturn,5.6
WDBC_1883_Outbound_AdultSingle_a9f4b9e2-e9ea-4456-80e3-47fe03b77367_639196382569978481.xml,WDBC,Go South Coast,Go South Coast 1883 Outbound,Alum Chine - Castlepoint,price_band_3.0@AdultSingle,3.0
DAMY_3183_Outbound_ChildReturn_a9f4b9e2-e9ea-4456-80e3-47fe03b77367_639196393946141695.xml,DAMY,Go South Coast,Go South Coast 3183 Outbound,Blandford - Weymouth,price_band_5.7@ChildReturn,5.7
SWWD_3405_Outbound_AdultReturn_a9f4b9e2-e9ea-4456-80e3-47fe03b77367_639196396742191077.xml,SWWD,Go South Coast,Go South Coast 3405 Outbound,Salisbury - Pewsey,price_band_6.0@AdultReturn,6.0
WDBC_6047_Inbound_AdultReturn_a9f4b9e2-e9ea-4456-80e3-47fe03b77367_639196406320416927.xml,WDBC,Go South Coast,Go South Coast 6047 Inbound,Ringwood Road - Parkstone Grammar School,price_band_4.4@AdultReturn,4.4
WDBC_1841_Outbound_AdultSingle_a9f4b9e2-e9ea-4456-80e3-47fe03b77367_639196382130631696.xml,WDBC,Go South Coast,Go South Coast 1841 Outbound,Bournemouth - Mudeford and Somerford,price_band_2.5@AdultSingle,2.5
WDBC_1806_Outbound_AdultSingle_a9f4b9e2-e9ea-4456-80e3-47fe03b77367_639196379934140419.xml,WDBC,Go South Coast,Go South Coast 1806 Outbound,Bournemouth - Wimborne,price_band_2.8@AdultSingle,2.8
SWWD_3675_Inbound_AdultSingle_a9f4b9e2-e9ea-4456-80e3-47fe03b77367_639196400080226521.xml,SWWD,Go South Coast,Go South Coast 3675 Inbound,Castle Road - Amesbury,price_band_2.7@AdultSingle,2.7
SWWD_3327_Outbound_AdultReturn_a9f4b9e2-e9ea-4456-80e3-47fe03b77367_639196395585882115.xml,SWWD,Go South Coast,Go South Coast 3327 Outbound,Salisbury - Shaftesbury,price_band_6.0@AdultReturn,6.0
WDBC_1013_Inbound_ChildSingle_d46597a9-440e-4c13-b49a-76a3986683d1_639196371388291411.xml,WDBC,Go South Coast,Go South Coast 1013 Inbound,Bournemouth - Wimborne,price_band_2.5@ChildSingle,2.5
WDBC_6418_Inbound_ChildSingle_a9f4b9e2-e9ea-4456-80e3-47fe03b77367_639196406709584634.xml,WDBC,Go South Coast,Go South Coast 6418 Inbound,Sandbanks Ferry - Poole Grammar School,price_band_2.1@ChildSingle,2.1
TDTR_7546_Inbound_AdultReturn_a9f4b9e2-e9ea-4456-80e3-47fe03b77367_639196410045075528.xml,TDTR,Go South Coast,Go South Coast 7546 Inbound,Shrivenham - Cirencester College,price_band_8.3@AdultReturn,8.3
WDBC_1040_Inbound_AdultSingle_a9f4b9e2-e9ea-4456-80e3-47fe03b77367_639196374839079692.xml,WDBC,Go South Coast,Go South Coast 1040 Inbound,Swanage - Poole,price_band_2.3@AdultSingle,2.3
WDBC_1006_Outbound_AdultReturn_a9f4b9e2-e9ea-4456-80e3-47fe03b77367_639196370813650060.xml,WDBC,Go South Coast,Go South Coast 1006 Outbound,Poole - Tower Park,price_band_4.2@AdultReturn,4.2
WDBC_1885_Inbound_AdultReturn_a9f4b9e2-e9ea-4456-80e3-47fe03b77367_639196382623472442.xml,WDBC,Go South Coast,Go South Coast 1885 Inbound,Bournemouth University - St Peters School,price_band_5.8@AdultReturn,5.8
WDBC_1881_Inbound_AdultSingle_a9f4b9e2-e9ea-4456-80e3-47fe03b77367_639196382470706089.xml,WDBC,Go South Coast,Go South Coast 1881 Inbound,Charminster - Avonbourne Academy,price_band_4.0@AdultSingle,4.0
WDBC_2001_Inbound_AdultSingle_a9f4b9e2-e9ea-4456-80e3-47fe03b77367_639196384311200184.xml,WDBC,Go South Coast,Go South Coast 2001 Inbound,Bournemouth - Lymington,price_band_2.3@AdultSingle,2.3
TDTR_7146_Inbound_ChildSingle_a9f4b9e2-e9ea-4456-80e3-47fe03b77367_639196409031966467.xml,TDTR,Go South Coast,Go South Coast 7146 Inbound,Swindon - Hungerford,price_band_1.5@ChildSingle,1.5
WDBC_1762_Inbound_AdultReturn_a9f4b9e2-e9ea-4456-80e3-47fe03b77367_639196379155438245.xml,WDBC,Go South Coast,Go South Coast 1762 Inbound,Merley - Corfe Hills,price_band_4.3@AdultReturn,4.3
WDBC_1040_Outbound_ChildReturn_a9f4b9e2-e9ea-4456-80e3-47fe03b77367_639196375231293356.xml,WDBC,Go South Coast,Go South Coast 1040 Outbound,Swanage - Poole,price_band_2.8@ChildReturn,2.8
WDBC_1050_Inbound_AdultSingle_a9f4b9e2-e9ea-4456-80e3-47fe03b77367_639196375491852261.xml,WDBC,Go South Coast,Go South Coast 1050 Inbound,Bournemouth Station - Swanage,price_band_3.0@AdultSingle,3.0
SWWD_2615_Inbound_AdultSingle_a9f4b9e2-e9ea-4456-80e3-47fe03b77367_639196387158069862.xml,SWWD,Go South Coast,Go South Coast 2615 Inbound,Salisbury  - Brockenhurst College,price_band_5.4@AdultSingle,5.4
TDTR_7091_Inbound_YoungPersonSgl_a9f4b9e2-e9ea-4456-80e3-47fe03b77367_639196408929816814.xml,TDTR,Go South Coast,Go South Coast 7091 Inbound,Orbital Park - GW Hospital,price_band_2.2@YoungPersonSgl,2.2
SWWD_3645_Outbound_ChildReturn_a9f4b9e2-e9ea-4456-80e3-47fe03b77367_639196399905237155.xml,SWWD,Go South Coast,Go South Coast 3645 Outbound,Stratford Road Grammar School - Hamptworth Cuckoo,price_band_4.0@ChildReturn,4.0
WDBC_1052_Inbound_ChildSingle_2f1f0c04-770d-4707-ab06-213c5a798ad7_639196375864622726.xml,WDBC,Go South Coast,Go South Coast 1052 Inbound,Rockley - Sandbanks,price_band_1.0@ChildSingle,1.0
WDBC_1054_Outbound_AdultReturn_a9f4b9e2-e9ea-4456-80e3-47fe03b77367_639196376610637280.xml,WDBC,Go South Coast,Go South Coast 1054 Outbound,Poole - Wimborne,price_band_6.0@AdultReturn,6.0
WDBC_1013_Inbound_ChildSingle_d46597a9-440e-4c13-b49a-76a3986683d1_639196371388291411.xml,WDBC,Go South Coast,Go South Coast 1013 Inbound,Bournemouth - Wimborne,price_band_2.3@ChildSingle,2.3
TDTR_7180_Inbound_AdultSingle_a9f4b9e2-e9ea-4456-80e3-47fe03b77367_639196409462181321.xml,TDTR,Go South Coast,Go South Coast 7180 Inbound,Marlborough - Ludgershall,price_band_2.4@AdultSingle,2.4
WDBC_1013_Inbound_AdultSingle_d46597a9-440e-4c13-b49a-76a3986683d1_639196371327948124.xml,WDBC,Go South Coast,Go South Coast 1013 Inbound,Bournemouth - Wimborne,price_band_3.0@AdultSingle,3.0
SWWD_3886_Outbound_ChildSingle_a9f4b9e2-e9ea-4456-80e3-47fe03b77367_639196400895237132.xml,SWWD,Go South Coast,Go South Coast 3886 Outbound,St Peters Place  - Burgate School,price_band_1.9@ChildSingle,1.9
DAMY_3183_Outbound_AdultReturn_a9f4b9e2-e9ea-4456-80e3-47fe03b77367_639196393911267969.xml,DAMY,Go South Coast,Go South Coast 3183 Outbound,Blandford - Weymouth,price_band_4.5@AdultReturn,4.5
BLUS_4424_Inbound_ChildSingle_f15d1b06-486f-433a-8991-95f1a97a87e0_639196402885202959.xml,BLUS,Go South Coast,Go South Coast 4424 Inbound,Eastleigh - Hedge End,price_band_1.0@ChildSingle,1.0
WDBC_8120_Outbound_AdultSingle_a9f4b9e2-e9ea-4456-80e3-47fe03b77367_639196410289993832.xml,WDBC,Go South Coast,Go South Coast 8120 Outbound,Poole - Bournemoputh International Airport,price_band_3.0@AdultSingle,3.0
WDBC_6450_Inbound_ChildSingle_a9f4b9e2-e9ea-4456-80e3-47fe03b77367_639196406996752516.xml,WDBC,Go South Coast,Go South Coast 6450 Inbound,Wallisdown - Parkstone Grammar,price_band_2.0@ChildSingle,2.0
WDBC_2775_Outbound_ChildSingle_a9f4b9e2-e9ea-4456-80e3-47fe03b77367_639196387508181043.xml,WDBC,Go South Coast,Go South Coast 2775 Outbound,Milford on Sea - Priestlands School,price_band_3.0@ChildSingle,3.0
SWWD_7210_Inbound_AdultSingle_a9f4b9e2-e9ea-4456-80e3-47fe03b77367_639196409690309410.xml,SWWD,Go South Coast,Go South Coast 7210 Inbound,Figheldean - Devizes,price_band_3.0@AdultSingle,3.0
BLUS_4028_Outbound_ChildSingle_a9f4b9e2-e9ea-4456-80e3-47fe03b77367_639196402576027922.xml,BLUS,Go South Coast,Go South Coast 4028 Outbound,Southampton - Southampton Science Park,price_band_2.1@ChildSingle,2.1
WDBC_1038_Inbound_ChildReturn_a9f4b9e2-e9ea-4456-80e3-47fe03b77367_639196374693950538.xml,WDBC,Go South Coast,Go South Coast 1038 Inbound,Ferndown - Ringwood,price_band_3.5@ChildReturn,3.5
WDBC_1789_Outbound_ChildSingle_a9f4b9e2-e9ea-4456-80e3-47fe03b77367_639196379418716693.xml,WDBC,Go South Coast,Go South Coast 1789 Outbound,Bournemouth School for Girls - Lymington,price_band_3.1@ChildSingle,3.1
BLUS_3634_Outbound_ChildReturn_a9f4b9e2-e9ea-4456-80e3-47fe03b77367_639196399704054492.xml,BLUS,Go South Coast,Go South Coast 3634 Outbound,East Wellow  - Romsey School,price_band_6.2@ChildReturn,6.2
WDBC_1903_Inbound_AdultReturn_a9f4b9e2-e9ea-4456-80e3-47fe03b77367_639196383158516479.xml,WDBC,Go South Coast,Go South Coast 1903 Inbound,Poole - Wimborne,price_band_6.0@AdultReturn,6.0
WDBC_1908_Outbound_ChildSingle_d46597a9-440e-4c13-b49a-76a3986683d1_639196383504614848.xml,WDBC,Go South Coast,Go South Coast 1908 Outbound,Poole - Blandford,price_band_1.9@ChildSingle,1.9
DAMY_3183_Inbound_AdultSingle_a9f4b9e2-e9ea-4456-80e3-47fe03b77367_639196393781918403.xml,DAMY,Go South Coast,Go South Coast 3183 Inbound,Blandford - Weymouth,price_band_2.8@AdultSingle,2.8
SWWD_3138_Inbound_ChildReturn_a9f4b9e2-e9ea-4456-80e3-47fe03b77367_639196393522017998.xml,SWWD,Go South Coast,Go South Coast 3138 Inbound,West Dean  - Laverstock & Grammar,price_band_2.5@ChildReturn,2.5
SWWD_3305_Outbound_ChildSingle_a9f4b9e2-e9ea-4456-80e3-47fe03b77367_639196394523411184.xml,SWWD,Go South Coast,Go South Coast 3305 Outbound,City Centre - West Harnham,price_band_2.3@ChildSingle,2.3
WDBC_2003_Inbound_ChildSingle_d46597a9-440e-4c13-b49a-76a3986683d1_639196385907911848.xml,WDBC,Go South Coast,Go South Coast 2003 Inbound,Salisbury - Bournemouth,price_band_2.5@ChildSingle,2.5
TDTR_7562_Inbound_AdultSingle_a9f4b9e2-e9ea-4456-80e3-47fe03b77367_639196410124608334.xml,TDTR,Go South Coast,Go South Coast 7562 Inbound,Yate - Malmesbury,price_band_5.2@AdultSingle,5.2
SWWD_3675_Inbound_ChildSingle_a9f4b9e2-e9ea-4456-80e3-47fe03b77367_639196400110369936.xml,SWWD,Go South Coast,Go South Coast 3675 Inbound,Castle Road - Amesbury,price_band_2.2@ChildSingle,2.2
BLUS_4103_Inbound_AdultReturn_a9f4b9e2-e9ea-4456-80e3-47fe03b77367_639196402601017629.xml,BLUS,Go South Coast,Go South Coast 4103 Inbound,Southampton - Eastleigh,price_band_5.7@AdultReturn,5.7
SVCT_5401_Outbound_AdultSingle_a9f4b9e2-e9ea-4456-80e3-47fe03b77367_639196405724591234.xml,SVCT,Go South Coast,Go South Coast 5401 Outbound,Newport - Cowes [N1],price_band_2.0@AdultSingle,2.0
WDBC_1821_Outbound_AdultSingle_a9f4b9e2-e9ea-4456-80e3-47fe03b77367_639196381009151378.xml,WDBC,Go South Coast,Go South Coast 1821 Outbound,Bournemouth - Burton,price_band_2.6@AdultSingle,2.6
BLUS_8438_Inbound_ChildReturn_a9f4b9e2-e9ea-4456-80e3-47fe03b77367_639196410457222812.xml,BLUS,Go South Coast,Go South Coast 8438 Inbound,Winchester - Petersfield,price_band_3.2@ChildReturn,3.2
SWWD_3002_Outbound_ChildSingle_a9f4b9e2-e9ea-4456-80e3-47fe03b77367_639196390466834568.xml,SWWD,Go South Coast,Go South Coast 3002 Outbound,Salisbury - Devizes,price_band_2.2@ChildSingle,2.2
SWWD_3645_Inbound_AdultSingle_a9f4b9e2-e9ea-4456-80e3-47fe03b77367_639196399753723601.xml,SWWD,Go South Coast,Go South Coast 3645 Inbound,Stratford Road Grammar School - Hamptworth Cuckoo,price_band_3.0@AdultSingle,3.0
WDBC_2001_Inbound_ChildReturn_a9f4b9e2-e9ea-4456-80e3-47fe03b77367_639196384347707226.xml,WDBC,Go South Coast,Go South Coast 2001 Inbound,Bournemouth - Lymington,price_band_6.0@ChildReturn,6.0
SWWD_3327_Outbound_AdultSingle_a9f4b9e2-e9ea-4456-80e3-47fe03b77367_639196395560986714.xml,SWWD,Go South Coast,Go South Coast 3327 Outbound,Salisbury - Shaftesbury,price_band_2.3@AdultSingle,2.3
DAMY_3183_Outbound_ChildSingle_a9f4b9e2-e9ea-4456-80e3-47fe03b77367_639196393928196536.xml,DAMY,Go South Coast,Go South Coast 3183 Outbound,Blandford - Weymouth,price_band_2.1@ChildSingle,2.1
SWWD_3886_Inbound_ChildReturn_a9f4b9e2-e9ea-4456-80e3-47fe03b77367_639196400848675025.xml,SWWD,Go South Coast,Go South Coast 3886 Inbound,St Peters Place  - Burgate School,price_band_3.8@ChildReturn,3.8
WDBC_2024_Outbound_AdultSingle_a9f4b9e2-e9ea-4456-80e3-47fe03b77367_639196386238938482.xml,WDBC,Go South Coast,Go South Coast 2024 Outbound,Castlepoint - Christchurch,price_band_2.5@AdultSingle,2.5
SVCT_8503_Outbound_ChildSingle_a9f4b9e2-e9ea-4456-80e3-47fe03b77367_639196410654466348.xml,SVCT,Go South Coast,Go South Coast 8503 Outbound,Needles - Breezer,price_band_2.4@ChildSingle,2.4
WDBC_6943_Inbound_ChildSingle_a9f4b9e2-e9ea-4456-80e3-47fe03b77367_639196407906147726.xml,WDBC,Go South Coast,Go South Coast 6943 Inbound,Lulworth - Weymouth,price_band_2.3@ChildSingle,2.3
WDBC_1789_Inbound_ChildSingle_a9f4b9e2-e9ea-4456-80e3-47fe03b77367_639196379342289488.xml,WDBC,Go South Coast,Go South Coast 1789 Inbound,Bournemouth School for Girls - Lymington,price_band_3.1@ChildSingle,3.1
WDBC_2761_Outbound_AdultReturn_a9f4b9e2-e9ea-4456-80e3-47fe03b77367_639196387445336314.xml,WDBC,Go South Coast,Go South Coast 2761 Outbound,Bunkers Hill Cottage - Priestlands School,price_band_4.9@AdultReturn,4.9
WDBC_1804_Inbound_AdultSingle_2f1f0c04-770d-4707-ab06-213c5a798ad7_639196379682427822.xml,WDBC,Go South Coast,Go South Coast 1804 Inbound,Bournemouth - Castlepoint,price_band_1.0@AdultSingle,1.0
WDBC_1641_Outbound_AdultSingle_a9f4b9e2-e9ea-4456-80e3-47fe03b77367_639196378750665785.xml,WDBC,Go South Coast,Go South Coast 1641 Outbound,Dorchester House  - Talbot Campus,price_band_2.4@AdultSingle,2.4
SWWD_3308_Inbound_ChildReturn_a9f4b9e2-e9ea-4456-80e3-47fe03b77367_639196394611227461.xml,SWWD,Go South Coast,Go South Coast 3308 Inbound,Blue Boar Row - Ditchampton,price_band_2.5@ChildReturn,2.5
WDBC_1050_Outbound_ChildReturn_a9f4b9e2-e9ea-4456-80e3-47fe03b77367_639196375675418878.xml,WDBC,Go South Coast,Go South Coast 1050 Outbound,Bournemouth Station - Swanage,price_band_3.7@ChildReturn,3.7
WDBC_1016_Outbound_AdultReturn_a9f4b9e2-e9ea-4456-80e3-47fe03b77367_639196372308043726.xml,WDBC,Go South Coast,Go South Coast 1016 Outbound,Poole - Bournemouth,price_band_4.5@AdultReturn,4.5
BLUS_4566_Outbound_ChildSingle_a9f4b9e2-e9ea-4456-80e3-47fe03b77367_639196403053266959.xml,BLUS,Go South Coast,Go South Coast 4566 Outbound,Aldermoor - St Georges,price_band_2.0@ChildSingle,2.0
WDBC_1053_Outbound_ChildReturn_a9f4b9e2-e9ea-4456-80e3-47fe03b77367_639196376275393422.xml,WDBC,Go South Coast,Go South Coast 1053 Outbound,Bournemouth - Wimborne,price_band_4.0@ChildReturn,4.0
TDTR_3620_Inbound_YoungPersonRtn_a9f4b9e2-e9ea-4456-80e3-47fe03b77367_639196399611303455.xml,TDTR,Go South Coast,Go South Coast 3620 Inbound,Hungerford Priory  - St Johns Sch,price_band_1.4@YoungPersonRtn,1.4
TDTR_7076_Inbound_YoungPersonSgl_a9f4b9e2-e9ea-4456-80e3-47fe03b77367_639196408693831771.xml,TDTR,Go South Coast,Go South Coast 7076 Inbound,Marlborough - Bath,price_band_0.9@YoungPersonSgl,0.9
WDBC_1806_Inbound_ChildSingle_d46597a9-440e-4c13-b49a-76a3986683d1_639196379924894842.xml,WDBC,Go South Coast,Go South Coast 1806 Inbound,Bournemouth - Wimborne,price_band_2.7@ChildSingle,2.7
UNIL_4911_Inbound_AdultSingle_a9f4b9e2-e9ea-4456-80e3-47fe03b77367_639196403583906337.xml,UNIL,Go South Coast,Go South Coast 4911 Inbound,Civic Centre - Wessex Lane,price_band_3.0@AdultSingle,3.0
WDBC_1950_Outbound_AdultReturn_a9f4b9e2-e9ea-4456-80e3-47fe03b77367_639196383850316955.xml,WDBC,Go South Coast,Go South Coast 1950 Outbound,Bournemouth - Swanage,price_band_6.0@AdultReturn,6.0
WDBC_6047_Inbound_ChildSingle_a9f4b9e2-e9ea-4456-80e3-47fe03b77367_639196406328101822.xml,WDBC,Go South Coast,Go South Coast 6047 Inbound,Ringwood Road - Parkstone Grammar School,price_band_3.4@ChildSingle,3.4
WDBC_6043_Outbound_ChildSingle_a9f4b9e2-e9ea-4456-80e3-47fe03b77367_639196406305893325.xml,WDBC,Go South Coast,Go South Coast 6043 Outbound,County Gates - Parkstone Grammar School,price_band_3.1@ChildSingle,3.1
WDBC_1013_Outbound_ChildReturn_a9f4b9e2-e9ea-4456-80e3-47fe03b77367_639196371479454355.xml,WDBC,Go South Coast,Go South Coast 1013 Outbound,Bournemouth - Wimborne,price_band_3.7@ChildReturn,3.7
WDBC_1005_Inbound_ChildReturn_a9f4b9e2-e9ea-4456-80e3-47fe03b77367_639196370512796500.xml,WDBC,Go South Coast,Go South Coast 1005 Inbound,Poole - Tower Park,price_band_2.8@ChildReturn,2.8
BLUS_3634_Outbound_AdultSingle_a9f4b9e2-e9ea-4456-80e3-47fe03b77367_639196399678179226.xml,BLUS,Go South Coast,Go South Coast 3634 Outbound,East Wellow  - Romsey School,price_band_5.0@AdultSingle,5.0
SVCT_5003_Outbound_ChildSingle_a9f4b9e2-e9ea-4456-80e3-47fe03b77367_639196403764389810.xml,SVCT,Go South Coast,Go South Coast 5003 Outbound,Newport  - Ryde,price_band_1.8@ChildSingle,1.8
WDBC_1811_Inbound_AdultReturn_a9f4b9e2-e9ea-4456-80e3-47fe03b77367_639196380008712671.xml,WDBC,Go South Coast,Go South Coast 1811 Inbound,Bournemouth - Somerford,price_band_4.7@AdultReturn,4.7
WDBC_1789_Inbound_ChildReturn_a9f4b9e2-e9ea-4456-80e3-47fe03b77367_639196379325905462.xml,WDBC,Go South Coast,Go South Coast 1789 Inbound,Bournemouth School for Girls - Lymington,price_band_3.1@ChildReturn,3.1
WDBC_1114_Inbound_ChildReturn_a9f4b9e2-e9ea-4456-80e3-47fe03b77367_639196377684555116.xml,WDBC,Go South Coast,Go South Coast 1114 Inbound,Poole - RB Hospital,price_band_2.8@ChildReturn,2.8
WDBC_1788_Inbound_AdultSingle_a9f4b9e2-e9ea-4456-80e3-47fe03b77367_639196379238273293.xml,WDBC,Go South Coast,Go South Coast 1788 Inbound,Walkford - Bournemouth School for Girls,price_band_4.7@AdultSingle,4.7
WDBC_6450_Inbound_AdultReturn_a9f4b9e2-e9ea-4456-80e3-47fe03b77367_639196406978172843.xml,WDBC,Go South Coast,Go South Coast 6450 Inbound,Wallisdown - Parkstone Grammar,price_band_5.9@AdultReturn,5.9
SWWD_3881_Inbound_ChildSingle_a9f4b9e2-e9ea-4456-80e3-47fe03b77367_639196400580339402.xml,SWWD,Go South Coast,Go South Coast 3881 Inbound,Wilton Road  - Burgate School,price_band_3.0@ChildSingle,3.0
BLUS_8461_Inbound_AdultSingle_f15d1b06-486f-433a-8991-95f1a97a87e0_639196410534894495.xml,BLUS,Go South Coast,Go South Coast 8461 Inbound,Bevois Valley - Nursling Ind. Estate,price_band_1.0@AdultSingle,1.0
WDBC_8429_Outbound_ChildSingle_a9f4b9e2-e9ea-4456-80e3-47fe03b77367_639196410434706459.xml,WDBC,Go South Coast,Go South Coast 8429 Outbound,Exbury - Lyndhurst GREEN,price_band_3.5@ChildSingle,3.5
DAMY_3183_Inbound_AdultReturn_a9f4b9e2-e9ea-4456-80e3-47fe03b77367_639196393797551416.xml,DAMY,Go South Coast,Go South Coast 3183 Inbound,Blandford - Weymouth,price_band_3.7@AdultReturn,3.7
SWWD_3126_Outbound_ChildReturn_a9f4b9e2-e9ea-4456-80e3-47fe03b77367_639196393248019592.xml,SWWD,Go South Coast,Go South Coast 3126 Outbound,Salisbury - Hindon,price_band_5.1@ChildReturn,5.1
TDTR_7158_Outbound_AdultSingle_a9f4b9e2-e9ea-4456-80e3-47fe03b77367_639196409323428938.xml,TDTR,Go South Coast,Go South Coast 7158 Outbound,Great Western Hospital or Sun Inn - Ridgeway School,price_band_3.1@AdultSingle,3.1
WDBC_2219_Outbound_AdultReturn_a9f4b9e2-e9ea-4456-80e3-47fe03b77367_639196386928858086.xml,WDBC,Go South Coast,Go South Coast 2219 Outbound,Lymington  - New Milton,price_band_6.0@AdultReturn,6.0
TDTR_7064_Inbound_YoungPersonSgl_a9f4b9e2-e9ea-4456-80e3-47fe03b77367_639196408647019947.xml,TDTR,Go South Coast,Go South Coast 7064 Inbound,Town Centre - Eldene,price_band_1.8@YoungPersonSgl,1.8
TDTR_7080_Inbound_YoungPersonRtn_a9f4b9e2-e9ea-4456-80e3-47fe03b77367_639196408802237036.xml,TDTR,Go South Coast,Go South Coast 7080 Inbound,Swindon - Marlborough,price_band_3.5@YoungPersonRtn,3.5
WDBC_6943_Outbound_ChildReturn_a9f4b9e2-e9ea-4456-80e3-47fe03b77367_639196408041685500.xml,WDBC,Go South Coast,Go South Coast 6943 Outbound,Lulworth - Weymouth,price_band_4.7@ChildReturn,4.7
SWWD_3495_Inbound_AdultReturn_a9f4b9e2-e9ea-4456-80e3-47fe03b77367_639196398698725282.xml,SWWD,Go South Coast,Go South Coast 3495 Inbound,Swindon - Pewsey,price_band_4.2@AdultReturn,4.2
SWWD_3684_Inbound_AdultReturn_a9f4b9e2-e9ea-4456-80e3-47fe03b77367_639196400263021587.xml,SWWD,Go South Coast,Go South Coast 3684 Inbound,Coombe Bissett - Burgate,price_band_6.2@AdultReturn,6.2
TDTR_7823_Inbound_ChildSingle_a9f4b9e2-e9ea-4456-80e3-47fe03b77367_639196410177754614.xml,TDTR,Go South Coast,Go South Coast 7823 Inbound,Bishopstone (Pond) - Ridgeway School,price_band_3.3@ChildSingle,3.3
SWWD_3885_Inbound_AdultReturn_a9f4b9e2-e9ea-4456-80e3-47fe03b77367_639196400739582598.xml,SWWD,Go South Coast,Go South Coast 3885 Inbound,Whaddon - Burgate School,price_band_4.4@AdultReturn,4.4
SWWD_3325_Inbound_AdultReturn_a9f4b9e2-e9ea-4456-80e3-47fe03b77367_639196394820782745.xml,SWWD,Go South Coast,Go South Coast 3325 Inbound,South Wilts Grammar School - Hindon,price_band_5.4@AdultReturn,5.4
DAMY_6487_Outbound_ChildReturn_a9f4b9e2-e9ea-4456-80e3-47fe03b77367_639196407147859780.xml,DAMY,Go South Coast,Go South Coast 6487 Outbound,Blandford - Dorchester,price_band_2.1@ChildReturn,2.1
SWWD_7210_Inbound_ChildSingle_a9f4b9e2-e9ea-4456-80e3-47fe03b77367_639196409701517472.xml,SWWD,Go South Coast,Go South Coast 7210 Inbound,Figheldean - Devizes,price_band_1.0@ChildSingle,1.0
SWWD_3886_Inbound_ChildSingle_a9f4b9e2-e9ea-4456-80e3-47fe03b77367_639196400866248604.xml,SWWD,Go South Coast,Go South Coast 3886 Inbound,St Peters Place  - Burgate School,price_band_2.6@ChildSingle,2.6
SWWD_3525_Inbound_AdultReturn_a9f4b9e2-e9ea-4456-80e3-47fe03b77367_639196399487608567.xml,SWWD,Go South Coast,Go South Coast 3525 Inbound,City Centre - Petersfinger Park & Ride,price_band_4.9@AdultReturn,4.9
SWWD_3125_Outbound_ChildSingle_a9f4b9e2-e9ea-4456-80e3-47fe03b77367_639196392967358719.xml,SWWD,Go South Coast,Go South Coast 3125 Outbound,South Wilts Grammar School - Hindon,price_band_1.9@ChildSingle,1.9
SWWD_3125_Inbound_ChildSingle_a9f4b9e2-e9ea-4456-80e3-47fe03b77367_639196392807183154.xml,SWWD,Go South Coast,Go South Coast 3125 Inbound,South Wilts Grammar School - Hindon,price_band_2.9@ChildSingle,2.9
WDBC_1038_Inbound_ChildReturn_a9f4b9e2-e9ea-4456-80e3-47fe03b77367_639196374693950538.xml,WDBC,Go South Coast,Go South Coast 1038 Inbound,Ferndown - Ringwood,price_band_3.1@ChildReturn,3.1
WDBC_2002_Inbound_ChildSingle_2f1f0c04-770d-4707-ab06-213c5a798ad7_639196385280654281.xml,WDBC,Go South Coast,Go South Coast 2002 Inbound,Bournemouth - Lymington,price_band_2.8@ChildSingle,2.8
WDBC_1950_Outbound_ChildSingle_d46597a9-440e-4c13-b49a-76a3986683d1_639196384069041292.xml,WDBC,Go South Coast,Go South Coast 1950 Outbound,Bournemouth - Swanage,price_band_2.8@ChildSingle,2.8
WDBC_1908_Inbound_AdultSingle_a9f4b9e2-e9ea-4456-80e3-47fe03b77367_639196383419377298.xml,WDBC,Go South Coast,Go South Coast 1908 Inbound,Poole - Blandford,price_band_2.3@AdultSingle,2.3
SVCT_5259_Outbound_ChildSingle_a9f4b9e2-e9ea-4456-80e3-47fe03b77367_639196405588573336.xml,SVCT,Go South Coast,Go South Coast 5259 Outbound,Carisbrooke - Bembridge,price_band_1.8@ChildSingle,1.8
WDBC_1170_Outbound_AdultSingle_a9f4b9e2-e9ea-4456-80e3-47fe03b77367_639196378421741130.xml,WDBC,Go South Coast,Go South Coast 1170 Outbound,Rockley Park - Hengistbury Head,price_band_2.6@AdultSingle,2.6
BLUS_4012_Outbound_AdultSingle_a9f4b9e2-e9ea-4456-80e3-47fe03b77367_639196401768786666.xml,BLUS,Go South Coast,Go South Coast 4012 Outbound,Southampton - Calmore,price_band_2.5@AdultSingle,2.5
WDBC_1170_Inbound_ChildReturn_a9f4b9e2-e9ea-4456-80e3-47fe03b77367_639196378241131175.xml,WDBC,Go South Coast,Go South Coast 1170 Inbound,Rockley Park - Hengistbury Head,price_band_2.8@ChildReturn,2.8
BLUS_3635_Outbound_ChildSingle_a9f4b9e2-e9ea-4456-80e3-47fe03b77367_639196399736368414.xml,BLUS,Go South Coast,Go South Coast 3635 Outbound,Romsey - Ampfield,price_band_2.5@ChildSingle,2.5
SVCT_8501_Outbound_AdultSingle_a9f4b9e2-e9ea-4456-80e3-47fe03b77367_639196410586924471.xml,SVCT,Go South Coast,Go South Coast 8501 Outbound,Island Coaster - West,price_band_5.6@AdultSingle,5.6
SWWD_3405_Outbound_ChildReturn_a9f4b9e2-e9ea-4456-80e3-47fe03b77367_639196396824976158.xml,SWWD,Go South Coast,Go South Coast 3405 Outbound,Salisbury - Pewsey,price_band_4.8@ChildReturn,4.8
SWWD_3326_Outbound_AdultReturn_a9f4b9e2-e9ea-4456-80e3-47fe03b77367_639196395281317520.xml,SWWD,Go South Coast,Go South Coast 3326 Outbound,Salisbury - Hindon,price_band_5.7@AdultReturn,5.7
SWWD_3327_Inbound_ChildSingle_a9f4b9e2-e9ea-4456-80e3-47fe03b77367_639196395477382755.xml,SWWD,Go South Coast,Go South Coast 3327 Inbound,Salisbury - Shaftesbury,price_band_2.3@ChildSingle,2.3
TDTR_7067_Outbound_YoungPersonSgl_a9f4b9e2-e9ea-4456-80e3-47fe03b77367_639196408667080182.xml,TDTR,Go South Coast,Go South Coast 7067 Outbound,Penhill - Park South,price_band_2.2@YoungPersonSgl,2.2
WDBC_2612_Inbound_AdultSingle_a9f4b9e2-e9ea-4456-80e3-47fe03b77367_639196387061228418.xml,WDBC,Go South Coast,Go South Coast 2612 Inbound,Dibden Purlieu - Brockenhurst College,price_band_2.0@AdultSingle,2.0
WDBC_1053_Outbound_ChildSingle_2f1f0c04-770d-4707-ab06-213c5a798ad7_639196376421005259.xml,WDBC,Go South Coast,Go South Coast 1053 Outbound,Bournemouth - Wimborne,price_band_2.2@ChildSingle,2.2
BLUS_8438_Inbound_AdultSingle_a9f4b9e2-e9ea-4456-80e3-47fe03b77367_639196410440447816.xml,BLUS,Go South Coast,Go South Coast 8438 Inbound,Winchester - Petersfield,price_band_2.6@AdultSingle,2.6
DAMY_6905_Inbound_AdultReturn_a9f4b9e2-e9ea-4456-80e3-47fe03b77367_639196407683247362.xml,DAMY,Go South Coast,Go South Coast 6905 Inbound,Warmwell - Dorchester,price_band_6.0@AdultReturn,6.0
SVCT_5268_Inbound_YoungAdSingle_a9f4b9e2-e9ea-4456-80e3-47fe03b77367_639196405636955998.xml,SVCT,Go South Coast,Go South Coast 5268 Inbound,Carisbrooke - St Helens,price_band_2.4@YoungAdSingle,2.4
TDTR_7014_Inbound_AdultSingle_a9f4b9e2-e9ea-4456-80e3-47fe03b77367_639196408188022245.xml,TDTR,Go South Coast,Go South Coast 7014 Inbound,Fleming Way - Eldene,price_band_2.2@AdultSingle,2.2
WDBC_2112_Outbound_ChildSingle_a9f4b9e2-e9ea-4456-80e3-47fe03b77367_639196386385776673.xml,WDBC,Go South Coast,Go South Coast 2112 Outbound,Hythe - Lymington,price_band_2.3@ChildSingle,2.3
SWWD_3407_Inbound_AdultSingle_a9f4b9e2-e9ea-4456-80e3-47fe03b77367_639196396990341758.xml,SWWD,Go South Coast,Go South Coast 3407 Inbound,Salisbury - Southampton,price_band_2.6@AdultSingle,2.6
WDBC_2112_Outbound_ChildReturn_a9f4b9e2-e9ea-4456-80e3-47fe03b77367_639196386369738702.xml,WDBC,Go South Coast,Go South Coast 2112 Outbound,Hythe - Lymington,price_band_4.1@ChildReturn,4.1
TDTR_7042_Inbound_AdultReturn_a9f4b9e2-e9ea-4456-80e3-47fe03b77367_639196408316008683.xml,TDTR,Go South Coast,Go South Coast 7042 Inbound,Calne - St John's School,price_band_2.3@AdultReturn,2.3
WDBC_2762_Outbound_AdultReturn_a9f4b9e2-e9ea-4456-80e3-47fe03b77367_639196387472070091.xml,WDBC,Go South Coast,Go South Coast 2762 Outbound,Keyhaven Road  - Priestlands School,price_band_5.2@AdultReturn,5.2
BLUS_4128_Outbound_ChildSingle_a9f4b9e2-e9ea-4456-80e3-47fe03b77367_639196402802762527.xml,BLUS,Go South Coast,Go South Coast 4128 Outbound,Highfield - Southampton Science Park,price_band_2.1@ChildSingle,2.1
SWWD_3509_Outbound_AdultSingle_a9f4b9e2-e9ea-4456-80e3-47fe03b77367_639196399080553989.xml,SWWD,Go South Coast,Go South Coast 3509 Outbound,Milford Street - New Canal,price_band_3.0@AdultSingle,3.0
WDBC_1788_Outbound_ChildSingle_a9f4b9e2-e9ea-4456-80e3-47fe03b77367_639196379271894228.xml,WDBC,Go South Coast,Go South Coast 1788 Outbound,Walkford - Bournemouth School for Girls,price_band_4.0@ChildSingle,4.0
WDBC_1015_Outbound_ChildReturn_a9f4b9e2-e9ea-4456-80e3-47fe03b77367_639196371897513613.xml,WDBC,Go South Coast,Go South Coast 1015 Outbound,Poole - Bournemouth Hospital,price_band_3.7@ChildReturn,3.7
TDTR_7180_Inbound_YoungPersonRtn_a9f4b9e2-e9ea-4456-80e3-47fe03b77367_639196409480175907.xml,TDTR,Go South Coast,Go South Coast 7180 Inbound,Marlborough - Ludgershall,price_band_4.5@YoungPersonRtn,4.5
BLUS_4204_Inbound_ChildReturn_a9f4b9e2-e9ea-4456-80e3-47fe03b77367_639196402829776336.xml,BLUS,Go South Coast,Go South Coast 4204 Inbound,Totton - Totton Anti-Clockwise,price_band_2.6@ChildReturn,2.6
WDBC_1003_Outbound_AdultSingle_a9f4b9e2-e9ea-4456-80e3-47fe03b77367_639196370430002317.xml,WDBC,Go South Coast,Go South Coast 1003 Outbound,Poole - Wimborne,price_band_3.0@AdultSingle,3.0
BLUS_4002_Outbound_AdultSingle_f15d1b06-486f-433a-8991-95f1a97a87e0_639196401086570561.xml,BLUS,Go South Coast,Go South Coast 4002 Outbound,Southampton - Fair Oak,price_band_1.0@AdultSingle,1.0
WDBC_6903_Inbound_AdultReturn_a9f4b9e2-e9ea-4456-80e3-47fe03b77367_639196407486328935.xml,WDBC,Go South Coast,Go South Coast 6903 Inbound,Swanage - Lulworth,price_band_5.7@AdultReturn,5.7
SVCT_5259_Inbound_ChildSingle_a9f4b9e2-e9ea-4456-80e3-47fe03b77367_639196405579839302.xml,SVCT,Go South Coast,Go South Coast 5259 Inbound,Carisbrooke - Bembridge,price_band_1.8@ChildSingle,1.8
BLUS_4119_Inbound_ChildReturn_a9f4b9e2-e9ea-4456-80e3-47fe03b77367_639196402731088588.xml,BLUS,Go South Coast,Go South Coast 4119 Inbound,Thornhill - Lordshill,price_band_2.6@ChildReturn,2.6
SWWD_3008_Outbound_ChildReturn_a9f4b9e2-e9ea-4456-80e3-47fe03b77367_639196391010248148.xml,SWWD,Go South Coast,Go South Coast 3008 Outbound,Salisbury - Zouch Estate,price_band_5.6@ChildReturn,5.6
SWWD_3402_Inbound_ChildReturn_a9f4b9e2-e9ea-4456-80e3-47fe03b77367_639196395908099026.xml,SWWD,Go South Coast,Go South Coast 3402 Inbound,Salisbury - Devizes,price_band_3.6@ChildReturn,3.6
SWWD_3029_Outbound_ChildReturn_a9f4b9e2-e9ea-4456-80e3-47fe03b77367_639196391480317502.xml,SWWD,Go South Coast,Go South Coast 3029 Outbound,Salisbury - Shaftesbury,price_band_3.8@ChildReturn,3.8
WDBC_2618_Inbound_AdultSingle_a9f4b9e2-e9ea-4456-80e3-47fe03b77367_639196387226189113.xml,WDBC,Go South Coast,Go South Coast 2618 Inbound,Cooper Dean - Brockenhurst College,price_band_4.5@AdultSingle,4.5
WDBC_1841_Inbound_ChildSingle_a9f4b9e2-e9ea-4456-80e3-47fe03b77367_639196381990492504.xml,WDBC,Go South Coast,Go South Coast 1841 Inbound,Bournemouth - Mudeford and Somerford,price_band_2.1@ChildSingle,2.1
SWWD_3509_Outbound_ChildSingle_a9f4b9e2-e9ea-4456-80e3-47fe03b77367_639196399085722230.xml,SWWD,Go South Coast,Go South Coast 3509 Outbound,Milford Street - New Canal,price_band_2.3@ChildSingle,2.3
WDBC_2620_Outbound_AdultReturn_a9f4b9e2-e9ea-4456-80e3-47fe03b77367_639196387347166763.xml,WDBC,Go South Coast,Go South Coast 2620 Outbound,Thorney Hill - Brockenhurst College,price_band_3.6@AdultReturn,3.6
BLUS_4103_Inbound_ChildReturn_a9f4b9e2-e9ea-4456-80e3-47fe03b77367_639196402616304625.xml,BLUS,Go South Coast,Go South Coast 4103 Inbound,Southampton - Eastleigh,price_band_2.6@ChildReturn,2.6
WDBC_1021_Inbound_ChildReturn_a9f4b9e2-e9ea-4456-80e3-47fe03b77367_639196374080460327.xml,WDBC,Go South Coast,Go South Coast 1021 Inbound,Bournemouth - High Howe,price_band_2.8@ChildReturn,2.8
WDBC_1013_Outbound_ChildSingle_a9f4b9e2-e9ea-4456-80e3-47fe03b77367_639196371513119631.xml,WDBC,Go South Coast,Go South Coast 1013 Outbound,Bournemouth - Wimborne,price_band_1.9@ChildSingle,1.9
DAMY_3183_Outbound_ChildReturn_a9f4b9e2-e9ea-4456-80e3-47fe03b77367_639196393946141695.xml,DAMY,Go South Coast,Go South Coast 3183 Outbound,Blandford - Weymouth,price_band_5.4@ChildReturn,5.4
BLUS_4010_Outbound_ChildSingle_a9f4b9e2-e9ea-4456-80e3-47fe03b77367_639196401671636174.xml,BLUS,Go South Coast,Go South Coast 4010 Outbound,Southampton - Sholing,price_band_2.1@ChildSingle,2.1
BLUS_4805_Outbound_ChildReturn_a9f4b9e2-e9ea-4456-80e3-47fe03b77367_639196403445813195.xml,BLUS,Go South Coast,Go South Coast 4805 Outbound,Boyatt Wood - Shootash,price_band_6.0@ChildReturn,6.0
WDBC_1040_Inbound_AdultSingle_2f1f0c04-770d-4707-ab06-213c5a798ad7_639196374975511293.xml,WDBC,Go South Coast,Go South Coast 1040 Inbound,Swanage - Poole,price_band_2.3@AdultSingle,2.3
SWWD_3507_Outbound_AdultReturn_a9f4b9e2-e9ea-4456-80e3-47fe03b77367_639196399050911494.xml,SWWD,Go South Coast,Go South Coast 3507 Outbound,City Centre - Lopcombe Corner,price_band_3.5@AdultReturn,3.5
BLUS_4024_Outbound_AdultReturn_a9f4b9e2-e9ea-4456-80e3-47fe03b77367_639196402468761071.xml,BLUS,Go South Coast,Go South Coast 4024 Outbound,Eastleigh - Hedge End,price_band_4.5@AdultReturn,4.5
BLUS_4203_Outbound_ChildReturn_a9f4b9e2-e9ea-4456-80e3-47fe03b77367_639196402816925386.xml,BLUS,Go South Coast,Go South Coast 4203 Outbound,Totton - Totton Clockwise,price_band_3.3@ChildReturn,3.3
WDBC_1837_Inbound_ChildSingle_d46597a9-440e-4c13-b49a-76a3986683d1_639196381906882492.xml,WDBC,Go South Coast,Go South Coast 1837 Inbound,Bournemouth - Bournemouth International Airport,price_band_1.9@ChildSingle,1.9
WDBC_2002_Outbound_ChildReturn_a9f4b9e2-e9ea-4456-80e3-47fe03b77367_639196385418186648.xml,WDBC,Go South Coast,Go South Coast 2002 Outbound,Bournemouth - Lymington,price_band_6.0@ChildReturn,6.0
WDBC_1821_Outbound_AdultSingle_a9f4b9e2-e9ea-4456-80e3-47fe03b77367_639196381009151378.xml,WDBC,Go South Coast,Go South Coast 1821 Outbound,Bournemouth - Burton,price_band_2.3@AdultSingle,2.3
DAMY_6920_Outbound_AdultReturn_a9f4b9e2-e9ea-4456-80e3-47fe03b77367_639196407793510247.xml,DAMY,Go South Coast,Go South Coast 6920 Outbound,Salisbury - Steam Fair,price_band_5.5@AdultReturn,5.5
WDBC_6450_Inbound_ChildReturn_a9f4b9e2-e9ea-4456-80e3-47fe03b77367_639196407004109424.xml,WDBC,Go South Coast,Go South Coast 6450 Inbound,Wallisdown - Parkstone Grammar,price_band_5.7@ChildReturn,5.7
WDBC_1741_Outbound_AdultSingle_a9f4b9e2-e9ea-4456-80e3-47fe03b77367_639196379075274914.xml,WDBC,Go South Coast,Go South Coast 1741 Outbound,Sandbanks Ferry - Parkstone Grammar School,price_band_2.8@AdultSingle,2.8
WDBC_1724_Outbound_ChildSingle_a9f4b9e2-e9ea-4456-80e3-47fe03b77367_639196379014632116.xml,WDBC,Go South Coast,Go South Coast 1724 Outbound,Bloxworth - Lytchett Minster School,price_band_2.2@ChildSingle,2.2
BLUS_4028_Outbound_AdultSingle_f15d1b06-486f-433a-8991-95f1a97a87e0_639196402570365249.xml,BLUS,Go South Coast,Go South Coast 4028 Outbound,Southampton - Southampton Science Park,price_band_1.0@AdultSingle,1.0
WDBC_6903_Outbound_ChildReturn_a9f4b9e2-e9ea-4456-80e3-47fe03b77367_639196407677198414.xml,WDBC,Go South Coast,Go South Coast 6903 Outbound,Swanage - Lulworth,price_band_5.1@ChildReturn,5.1
SWWD_3513_Outbound_ChildReturn_a9f4b9e2-e9ea-4456-80e3-47fe03b77367_639196399235935183.xml,SWWD,Go South Coast,Go South Coast 3513 Outbound,Blue Boar Row - Bulbridge Chantry Road,price_band_2.5@ChildReturn,2.5
WDBC_1020_Outbound_ChildSingle_a9f4b9e2-e9ea-4456-80e3-47fe03b77367_639196373715081996.xml,WDBC,Go South Coast,Go South Coast 1020 Outbound,Poole - Christchurch,price_band_2.1@ChildSingle,2.1
SVCT_5262_Outbound_ChildSingle_a9f4b9e2-e9ea-4456-80e3-47fe03b77367_639196405607602332.xml,SVCT,Go South Coast,Go South Coast 5262 Outbound,Newport - Sandown,price_band_3.0@ChildSingle,3.0
SWWD_3029_Inbound_ChildReturn_a9f4b9e2-e9ea-4456-80e3-47fe03b77367_639196391389453148.xml,SWWD,Go South Coast,Go South Coast 3029 Inbound,Salisbury - Shaftesbury,price_band_6.0@ChildReturn,6.0
WDBC_2219_Outbound_ChildReturn_a9f4b9e2-e9ea-4456-80e3-47fe03b77367_639196386945648021.xml,WDBC,Go South Coast,Go South Coast 2219 Outbound,Lymington  - New Milton,price_band_5.6@ChildReturn,5.6
SWWD_3404_Inbound_ChildReturn_a9f4b9e2-e9ea-4456-80e3-47fe03b77367_639196396143086831.xml,SWWD,Go South Coast,Go South Coast 3404 Inbound,Salisbury - Larkhill,price_band_3.8@ChildReturn,3.8
WDBC_6415_Outbound_ChildReturn_a9f4b9e2-e9ea-4456-80e3-47fe03b77367_639196406567395495.xml,WDBC,Go South Coast,Go South Coast 6415 Outbound,St Anns Hospital - Poole Grammar School,price_band_5.7@ChildReturn,5.7
TDTR_3820_Outbound_ChildSingle_a9f4b9e2-e9ea-4456-80e3-47fe03b77367_639196400556729284.xml,TDTR,Go South Coast,Go South Coast 3820 Outbound,Marlborough - Newbury,price_band_1.6@ChildSingle,1.6
SWWD_3507_Inbound_ChildSingle_a9f4b9e2-e9ea-4456-80e3-47fe03b77367_639196399037624959.xml,SWWD,Go South Coast,Go South Coast 3507 Inbound,City Centre - Lopcombe Corner,price_band_2.3@ChildSingle,2.3
WDBC_6448_Outbound_AdultReturn_a9f4b9e2-e9ea-4456-80e3-47fe03b77367_639196406876950563.xml,WDBC,Go South Coast,Go South Coast 6448 Outbound,Furnell Road - Parkstone Grammar,price_band_5.2@AdultReturn,5.2
WDBC_1908_Outbound_AdultSingle_2f1f0c04-770d-4707-ab06-213c5a798ad7_639196383489312439.xml,WDBC,Go South Coast,Go South Coast 1908 Outbound,Poole - Blandford,price_band_2.3@AdultSingle,2.3
SWWD_3404_Outbound_ChildReturn_a9f4b9e2-e9ea-4456-80e3-47fe03b77367_639196396371448456.xml,SWWD,Go South Coast,Go South Coast 3404 Outbound,Salisbury - Larkhill,price_band_4.8@ChildReturn,4.8
WDBC_1040_Outbound_ChildSingle_2f1f0c04-770d-4707-ab06-213c5a798ad7_639196375405128204.xml,WDBC,Go South Coast,Go South Coast 1040 Outbound,Swanage - Poole,price_band_2.8@ChildSingle,2.8
WDBC_2002_Outbound_ChildSingle_2f1f0c04-770d-4707-ab06-213c5a798ad7_639196385595886681.xml,WDBC,Go South Coast,Go South Coast 2002 Outbound,Bournemouth - Lymington,price_band_2.1@ChildSingle,2.1
SVCT_5027_Outbound_ChildSingle_a9f4b9e2-e9ea-4456-80e3-47fe03b77367_639196404385061445.xml,SVCT,Go South Coast,Go South Coast 5027 Outbound,Newport  - Yarmouth,price_band_1.8@ChildSingle,1.8
WDBC_1786_Outbound_AdultSingle_a9f4b9e2-e9ea-4456-80e3-47fe03b77367_639196379214564608.xml,WDBC,Go South Coast,Go South Coast 1786 Outbound,Park Gates - Bournemouth School for Girls,price_band_2.9@AdultSingle,2.9
SWWD_3372_Outbound_AdultReturn_a9f4b9e2-e9ea-4456-80e3-47fe03b77367_639196395796680397.xml,SWWD,Go South Coast,Go South Coast 3372 Outbound,City Centre - Bishopdown,price_band_4.5@AdultReturn,4.5
WDBC_1642_Inbound_UniIDSingle_2f1f0c04-770d-4707-ab06-213c5a798ad7_639196378795601161.xml,WDBC,Go South Coast,Go South Coast 1642 Inbound,Poole  - Talbot Campus,price_band_1.0@UniIDSingle,1.0
WDBC_1003_Inbound_AdultSingle_2f1f0c04-770d-4707-ab06-213c5a798ad7_639196370393706166.xml,WDBC,Go South Coast,Go South Coast 1003 Inbound,Poole - Wimborne,price_band_3.0@AdultSingle,3.0
SWWD_3404_Inbound_ChildReturn_a9f4b9e2-e9ea-4456-80e3-47fe03b77367_639196396143086831.xml,SWWD,Go South Coast,Go South Coast 3404 Inbound,Salisbury - Larkhill,price_band_2.5@ChildReturn,2.5
WDBC_6701_Inbound_ChildReturn_a9f4b9e2-e9ea-4456-80e3-47fe03b77367_639196407344934980.xml,WDBC,Go South Coast,Go South Coast 6701 Inbound,Queen Elizabeth's School - Kinson,price_band_2.4@ChildReturn,2.4
WDBC_1841_Outbound_ChildSingle_a9f4b9e2-e9ea-4456-80e3-47fe03b77367_639196382165873871.xml,WDBC,Go South Coast,Go South Coast 1841 Outbound,Bournemouth - Mudeford and Somerford,price_band_2.5@ChildSingle,2.5
WDBC_1908_Outbound_ChildSingle_d46597a9-440e-4c13-b49a-76a3986683d1_639196383504614848.xml,WDBC,Go South Coast,Go South Coast 1908 Outbound,Poole - Blandford,price_band_3.0@ChildSingle,3.0
WDBC_1908_Outbound_AdultSingle_d46597a9-440e-4c13-b49a-76a3986683d1_639196383494647937.xml,WDBC,Go South Coast,Go South Coast 1908 Outbound,Poole - Blandford,price_band_3.0@AdultSingle,3.0
BLUS_8438_Outbound_ChildSingle_a9f4b9e2-e9ea-4456-80e3-47fe03b77367_639196410467395411.xml,BLUS,Go South Coast,Go South Coast 8438 Outbound,Winchester - Petersfield,price_band_2.2@ChildSingle,2.2
WDBC_1053_Outbound_ChildReturn_a9f4b9e2-e9ea-4456-80e3-47fe03b77367_639196376275393422.xml,WDBC,Go South Coast,Go South Coast 1053 Outbound,Bournemouth - Wimborne,price_band_2.8@ChildReturn,2.8
BLUS_4402_Inbound_ChildSingle_a9f4b9e2-e9ea-4456-80e3-47fe03b77367_639196402869036292.xml,BLUS,Go South Coast,Go South Coast 4402 Inbound,Hythe - Applemore,price_band_2.1@ChildSingle,2.1
DAMY_6307_Inbound_AdultReturn_a9f4b9e2-e9ea-4456-80e3-47fe03b77367_639196406421197807.xml,DAMY,Go South Coast,Go South Coast 6307 Inbound,Blandford - Shaftesbury,price_band_4.2@AdultReturn,4.2
TDTR_7042_Outbound_ChildSingle_a9f4b9e2-e9ea-4456-80e3-47fe03b77367_639196408331477297.xml,TDTR,Go South Coast,Go South Coast 7042 Outbound,Calne - St John's School,price_band_1.0@ChildSingle,1.0
SVCT_5262_Inbound_ChildSingle_a9f4b9e2-e9ea-4456-80e3-47fe03b77367_639196405597809487.xml,SVCT,Go South Coast,Go South Coast 5262 Inbound,Newport - Sandown,price_band_1.8@ChildSingle,1.8
SWWD_3304_Outbound_ChildReturn_a9f4b9e2-e9ea-4456-80e3-47fe03b77367_639196394498950436.xml,SWWD,Go South Coast,Go South Coast 3304 Outbound,City Centre - Paul's Dene,price_band_3.6@ChildReturn,3.6
SWWD_3525_Inbound_ChildSingle_a9f4b9e2-e9ea-4456-80e3-47fe03b77367_639196399495610199.xml,SWWD,Go South Coast,Go South Coast 3525 Inbound,City Centre - Petersfinger Park & Ride,price_band_2.2@ChildSingle,2.2
WDBC_6419_Outbound_ChildReturn_a9f4b9e2-e9ea-4456-80e3-47fe03b77367_639196406818586499.xml,WDBC,Go South Coast,Go South Coast 6419 Outbound,Compton Avenue - Poole Grammar,price_band_5.2@ChildReturn,5.2
WDBC_6047_Inbound_AdultReturn_a9f4b9e2-e9ea-4456-80e3-47fe03b77367_639196406320416927.xml,WDBC,Go South Coast,Go South Coast 6047 Inbound,Ringwood Road - Parkstone Grammar School,price_band_3.8@AdultReturn,3.8
WDBC_1821_Inbound_AdultReturn_a9f4b9e2-e9ea-4456-80e3-47fe03b77367_639196380789042650.xml,WDBC,Go South Coast,Go South Coast 1821 Inbound,Bournemouth - Burton,price_band_4.5@AdultReturn,4.5
SWWD_3885_Inbound_ChildReturn_a9f4b9e2-e9ea-4456-80e3-47fe03b77367_639196400773713449.xml,SWWD,Go South Coast,Go South Coast 3885 Inbound,Whaddon - Burgate School,price_band_3.6@ChildReturn,3.6
SVCT_5415_Inbound_AdultSingle_a9f4b9e2-e9ea-4456-80e3-47fe03b77367_639196405879021244.xml,SVCT,Go South Coast,Go South Coast 5415 Inbound,East Cowes - Newport [N5],price_band_3.0@AdultSingle,3.0
DAMY_6487_Inbound_AdultSingle_a9f4b9e2-e9ea-4456-80e3-47fe03b77367_639196407072227688.xml,DAMY,Go South Coast,Go South Coast 6487 Inbound,Blandford - Dorchester,price_band_2.2@AdultSingle,2.2
WDBC_1831_Inbound_ChildSingle_a9f4b9e2-e9ea-4456-80e3-47fe03b77367_639196381160862354.xml,WDBC,Go South Coast,Go South Coast 1831 Inbound,Bournemouth - Hunt Road and Somerford,price_band_2.3@ChildSingle,2.3
SVCT_5259_Inbound_ChildSingle_a9f4b9e2-e9ea-4456-80e3-47fe03b77367_639196405579839302.xml,SVCT,Go South Coast,Go South Coast 5259 Inbound,Carisbrooke - Bembridge,price_band_2.4@ChildSingle,2.4
DAMY_6487_Outbound_AdultSingle_a9f4b9e2-e9ea-4456-80e3-47fe03b77367_639196407121808034.xml,DAMY,Go South Coast,Go South Coast 6487 Outbound,Blandford - Dorchester,price_band_1.7@AdultSingle,1.7
SWWD_3010_Outbound_AdultSingle_a9f4b9e2-e9ea-4456-80e3-47fe03b77367_639196391181389458.xml,SWWD,Go South Coast,Go South Coast 3010 Outbound,City Centre - St Peters Place,price_band_2.3@AdultSingle,2.3
WDBC_3882_Inbound_ChildSingle_a9f4b9e2-e9ea-4456-80e3-47fe03b77367_639196400635634338.xml,WDBC,Go South Coast,Go South Coast 3882 Inbound,Stratford Road Grammar School - Burgate School,price_band_1.9@ChildSingle,1.9
WDBC_1642_Outbound_AdultSingle_2f1f0c04-770d-4707-ab06-213c5a798ad7_639196378849554946.xml,WDBC,Go South Coast,Go South Coast 1642 Outbound,Poole  - Talbot Campus,price_band_1.0@AdultSingle,1.0
DAMY_6307_Inbound_ChildSingle_a9f4b9e2-e9ea-4456-80e3-47fe03b77367_639196406414235561.xml,DAMY,Go South Coast,Go South Coast 6307 Inbound,Blandford - Shaftesbury,price_band_3.0@ChildSingle,3.0
WDBC_2002_Inbound_AdultReturn_a9f4b9e2-e9ea-4456-80e3-47fe03b77367_639196385062138118.xml,WDBC,Go South Coast,Go South Coast 2002 Inbound,Bournemouth - Lymington,price_band_4.2@AdultReturn,4.2
SWWD_3125_Outbound_ChildReturn_a9f4b9e2-e9ea-4456-80e3-47fe03b77367_639196392988098341.xml,SWWD,Go South Coast,Go South Coast 3125 Outbound,South Wilts Grammar School - Hindon,price_band_2.5@ChildReturn,2.5
WDBC_6415_Inbound_ChildSingle_a9f4b9e2-e9ea-4456-80e3-47fe03b77367_639196406520735000.xml,WDBC,Go South Coast,Go South Coast 6415 Inbound,St Anns Hospital - Poole Grammar School,price_band_1.6@ChildSingle,1.6
SVCT_5262_Outbound_ChildSingle_a9f4b9e2-e9ea-4456-80e3-47fe03b77367_639196405607602332.xml,SVCT,Go South Coast,Go South Coast 5262 Outbound,Newport - Sandown,price_band_2.4@ChildSingle,2.4
SWWD_3307_Inbound_ChildSingle_a9f4b9e2-e9ea-4456-80e3-47fe03b77367_639196394572702999.xml,SWWD,Go South Coast,Go South Coast 3307 Inbound,City Centre - Bishopdown Farm,price_band_2.3@ChildSingle,2.3
SVCT_5249_Outbound_YoungAdSingle_a9f4b9e2-e9ea-4456-80e3-47fe03b77367_639196405553803606.xml,SVCT,Go South Coast,Go South Coast 5249 Outbound,Ryde - Newport,price_band_2.4@YoungAdSingle,2.4
WDBC_1170_Outbound_ChildReturn_a9f4b9e2-e9ea-4456-80e3-47fe03b77367_639196378532441348.xml,WDBC,Go South Coast,Go South Coast 1170 Outbound,Rockley Park - Hengistbury Head,price_band_3.1@ChildReturn,3.1
SWWD_3040_Inbound_AdultReturn_a9f4b9e2-e9ea-4456-80e3-47fe03b77367_639196391489247669.xml,SWWD,Go South Coast,Go South Coast 3040 Inbound,Salisbury - Woodfalls,price_band_6.0@AdultReturn,6.0
TDTR_7538_Inbound_ChildSingle_a9f4b9e2-e9ea-4456-80e3-47fe03b77367_639196409916630377.xml,TDTR,Go South Coast,Go South Coast 7538 Inbound,Bridgemead - Cirencester College,price_band_5.2@ChildSingle,5.2
WDBC_1831_Inbound_ChildSingle_a9f4b9e2-e9ea-4456-80e3-47fe03b77367_639196381160862354.xml,WDBC,Go South Coast,Go South Coast 1831 Inbound,Bournemouth - Hunt Road and Somerford,price_band_2.1@ChildSingle,2.1
TDTR_7146_Inbound_ChildReturn_a9f4b9e2-e9ea-4456-80e3-47fe03b77367_639196409044265171.xml,TDTR,Go South Coast,Go South Coast 7146 Inbound,Swindon - Hungerford,price_band_4.7@ChildReturn,4.7
WDBC_1725_Outbound_ChildSingle_a9f4b9e2-e9ea-4456-80e3-47fe03b77367_639196379025529781.xml,WDBC,Go South Coast,Go South Coast 1725 Outbound,Wareham - Lytchett Minster School,price_band_3.3@ChildSingle,3.3
WDBC_1818_Inbound_ChildReturn_a9f4b9e2-e9ea-4456-80e3-47fe03b77367_639196380196017237.xml,WDBC,Go South Coast,Go South Coast 1818 Inbound,Bournemouth - Broadstone,price_band_3.2@ChildReturn,3.2
SWWD_3533_Inbound_ChildReturn_a9f4b9e2-e9ea-4456-80e3-47fe03b77367_639196399578633562.xml,SWWD,Go South Coast,Go South Coast 3533 Inbound,Dinton - City Centre,price_band_3.6@ChildReturn,3.6
WDBC_1011_Inbound_ChildSingle_a9f4b9e2-e9ea-4456-80e3-47fe03b77367_639196371010936977.xml,WDBC,Go South Coast,Go South Coast 1011 Inbound,Bournemouth - Canford Paddock,price_band_3.0@ChildSingle,3.0
WDBC_6047_Outbound_AdultReturn_a9f4b9e2-e9ea-4456-80e3-47fe03b77367_639196406352906636.xml,WDBC,Go South Coast,Go South Coast 6047 Outbound,Ringwood Road - Parkstone Grammar School,price_band_3.8@AdultReturn,3.8
WDBC_1114_Inbound_ChildSingle_a9f4b9e2-e9ea-4456-80e3-47fe03b77367_639196377653627154.xml,WDBC,Go South Coast,Go South Coast 1114 Inbound,Poole - RB Hospital,price_band_2.1@ChildSingle,2.1
SWWD_3327_Outbound_AdultReturn_a9f4b9e2-e9ea-4456-80e3-47fe03b77367_639196395585882115.xml,SWWD,Go South Coast,Go South Coast 3327 Outbound,Salisbury - Shaftesbury,price_band_4.9@AdultReturn,4.9
TDTR_7051_Outbound_YoungPersonSgl_a9f4b9e2-e9ea-4456-80e3-47fe03b77367_639196408574438717.xml,TDTR,Go South Coast,Go South Coast 7051 Outbound,Fleming Way - Deer's Leap,price_band_2.5@YoungPersonSgl,2.5
SWWD_8302_Inbound_AdultSingle_a9f4b9e2-e9ea-4456-80e3-47fe03b77367_639196410395055228.xml,SWWD,Go South Coast,Go South Coast 8302 Inbound,Salisbury R/Station - Salisbury via Stones,price_band_11.0@AdultSingle,11.0
SWWD_3405_Inbound_ChildReturn_a9f4b9e2-e9ea-4456-80e3-47fe03b77367_639196396561961188.xml,SWWD,Go South Coast,Go South Coast 3405 Inbound,Salisbury - Pewsey,price_band_2.5@ChildReturn,2.5
WDBC_1069_Outbound_ChildSingle_d46597a9-440e-4c13-b49a-76a3986683d1_639196377190728939.xml,WDBC,Go South Coast,Go South Coast 1069 Outbound,Poole - Poole Anti-Clockwise,price_band_1.0@ChildSingle,1.0
WDBC_1114_Outbound_ChildReturn_a9f4b9e2-e9ea-4456-80e3-47fe03b77367_639196377927570496.xml,WDBC,Go South Coast,Go South Coast 1114 Outbound,Poole - RB Hospital,price_band_3.2@ChildReturn,3.2
SVCT_5273_Outbound_YoungAdSingle_a9f4b9e2-e9ea-4456-80e3-47fe03b77367_639196405708077203.xml,SVCT,Go South Coast,Go South Coast 5273 Outbound,Newport - Ventnor,price_band_3.0@YoungAdSingle,3.0
WDBC_1053_Outbound_AdultSingle_d46597a9-440e-4c13-b49a-76a3986683d1_639196376394081112.xml,WDBC,Go South Coast,Go South Coast 1053 Outbound,Bournemouth - Wimborne,price_band_3.0@AdultSingle,3.0
SWWD_3266_Inbound_ChildReturn_a9f4b9e2-e9ea-4456-80e3-47fe03b77367_639196394144115453.xml,SWWD,Go South Coast,Go South Coast 3266 Inbound,South Wilts Grammar School - Idmiston,price_band_4.5@ChildReturn,4.5
SWWD_3266_Outbound_ChildReturn_a9f4b9e2-e9ea-4456-80e3-47fe03b77367_639196394247774086.xml,SWWD,Go South Coast,Go South Coast 3266 Outbound,South Wilts Grammar School - Idmiston,price_band_2.5@ChildReturn,2.5
WDBC_1821_Inbound_ChildSingle_a9f4b9e2-e9ea-4456-80e3-47fe03b77367_639196380835269732.xml,WDBC,Go South Coast,Go South Coast 1821 Inbound,Bournemouth - Burton,price_band_2.8@ChildSingle,2.8
WDBC_1170_Inbound_ChildSingle_a9f4b9e2-e9ea-4456-80e3-47fe03b77367_639196378199693405.xml,WDBC,Go South Coast,Go South Coast 1170 Inbound,Rockley Park - Hengistbury Head,price_band_2.1@ChildSingle,2.1
SWWD_3029_Outbound_ChildReturn_a9f4b9e2-e9ea-4456-80e3-47fe03b77367_639196391480317502.xml,SWWD,Go South Coast,Go South Coast 3029 Outbound,Salisbury - Shaftesbury,price_band_3.0@ChildReturn,3.0
SWWD_3011_Outbound_AdultSingle_a9f4b9e2-e9ea-4456-80e3-47fe03b77367_639196391221130673.xml,SWWD,Go South Coast,Go South Coast 3011 Outbound,City Centre - Old Sarum,price_band_3.0@AdultSingle,3.0
BLUS_4103_Inbound_AdultReturn_a9f4b9e2-e9ea-4456-80e3-47fe03b77367_639196402601017629.xml,BLUS,Go South Coast,Go South Coast 4103 Inbound,Southampton - Eastleigh,price_band_5.4@AdultReturn,5.4
SWWD_3726_Outbound_ChildReturn_a9f4b9e2-e9ea-4456-80e3-47fe03b77367_639196400436322760.xml,SWWD,Go South Coast,Go South Coast 3726 Outbound,Salisbury - East Knoyle,price_band_5.1@ChildReturn,5.1
WDBC_3882_Inbound_AdultReturn_a9f4b9e2-e9ea-4456-80e3-47fe03b77367_639196400629782362.xml,WDBC,Go South Coast,Go South Coast 3882 Inbound,Stratford Road Grammar School - Burgate School,price_band_4.2@AdultReturn,4.2
SWWD_3513_Outbound_ChildReturn_a9f4b9e2-e9ea-4456-80e3-47fe03b77367_639196399235935183.xml,SWWD,Go South Coast,Go South Coast 3513 Outbound,Blue Boar Row - Bulbridge Chantry Road,price_band_3.8@ChildReturn,3.8
WDBC_1804_Inbound_AdultSingle_a9f4b9e2-e9ea-4456-80e3-47fe03b77367_639196379659286517.xml,WDBC,Go South Coast,Go South Coast 1804 Inbound,Bournemouth - Castlepoint,price_band_3.0@AdultSingle,3.0
DAMY_3183_Inbound_AdultReturn_a9f4b9e2-e9ea-4456-80e3-47fe03b77367_639196393797551416.xml,DAMY,Go South Coast,Go South Coast 3183 Inbound,Blandford - Weymouth,price_band_5.5@AdultReturn,5.5
SVCT_5272_Inbound_ChildSingle_a9f4b9e2-e9ea-4456-80e3-47fe03b77367_639196405677385161.xml,SVCT,Go South Coast,Go South Coast 5272 Inbound,Ryde - Ventnor,price_band_3.0@ChildSingle,3.0
SVCT_8501_Outbound_YoungAdSingle_a9f4b9e2-e9ea-4456-80e3-47fe03b77367_639196410618467672.xml,SVCT,Go South Coast,Go South Coast 8501 Outbound,Island Coaster - West,price_band_2.6@YoungAdSingle,2.6
BLUS_4018_Outbound_ChildReturn_a9f4b9e2-e9ea-4456-80e3-47fe03b77367_639196402168701124.xml,BLUS,Go South Coast,Go South Coast 4018 Outbound,Millbrook - Thornhill,price_band_2.6@ChildReturn,2.6
SVCT_5268_Outbound_AdultSingle_a9f4b9e2-e9ea-4456-80e3-47fe03b77367_639196405650844345.xml,SVCT,Go South Coast,Go South Coast 5268 Outbound,Carisbrooke - St Helens,price_band_3.0@AdultSingle,3.0
DAMY_6505_Outbound_ChildReturn_a9f4b9e2-e9ea-4456-80e3-47fe03b77367_639196407235345589.xml,DAMY,Go South Coast,Go South Coast 6505 Outbound,Weymouth - Dorchester,price_band_4.7@ChildReturn,4.7
SWWD_3763_Outbound_AdultReturn_a9f4b9e2-e9ea-4456-80e3-47fe03b77367_639196400504674444.xml,SWWD,Go South Coast,Go South Coast 3763 Outbound,Mount Pleasant Farm - Burgate School,price_band_3.7@AdultReturn,3.7
WDBC_1789_Inbound_AdultSingle_a9f4b9e2-e9ea-4456-80e3-47fe03b77367_639196379307254639.xml,WDBC,Go South Coast,Go South Coast 1789 Inbound,Bournemouth School for Girls - Lymington,price_band_4.7@AdultSingle,4.7
SWWD_7086_Inbound_ChildReturn_a9f4b9e2-e9ea-4456-80e3-47fe03b77367_639196408886307715.xml,SWWD,Go South Coast,Go South Coast 7086 Inbound,Ansty - Shaftesbury,price_band_2.6@ChildReturn,2.6
BLUS_4815_Inbound_AdultSingle_f15d1b06-486f-433a-8991-95f1a97a87e0_639196403528131998.xml,BLUS,Go South Coast,Go South Coast 4815 Inbound,Boyatt Wood - Eastleigh,price_band_1.0@AdultSingle,1.0
WDBC_1801_Outbound_ChildSingle_a9f4b9e2-e9ea-4456-80e3-47fe03b77367_639196379506331845.xml,WDBC,Go South Coast,Go South Coast 1801 Outbound,Bournemouth - Christchurch,price_band_2.1@ChildSingle,2.1
WDBC_1805_Inbound_AdultReturn_a9f4b9e2-e9ea-4456-80e3-47fe03b77367_639196379753977529.xml,WDBC,Go South Coast,Go South Coast 1805 Inbound,Bournemouth - Kinson,price_band_4.8@AdultReturn,4.8
UNIL_4741_Inbound_ChildSingle_f15d1b06-486f-433a-8991-95f1a97a87e0_639196403337202713.xml,UNIL,Go South Coast,Go South Coast 4741 Inbound,Wessex Lane - Highfield Campus,price_band_1.0@ChildSingle,1.0
SWWD_3402_Inbound_AdultSingle_a9f4b9e2-e9ea-4456-80e3-47fe03b77367_639196395891494140.xml,SWWD,Go South Coast,Go South Coast 3402 Inbound,Salisbury - Devizes,price_band_2.3@AdultSingle,2.3
WDBC_2953_Inbound_ChildSingle_a9f4b9e2-e9ea-4456-80e3-47fe03b77367_639196388808872945.xml,WDBC,Go South Coast,Go South Coast 2953 Inbound,Salisbury - Ringwood,price_band_3.0@ChildSingle,3.0
WDBC_1017_Inbound_AdultSingle_a9f4b9e2-e9ea-4456-80e3-47fe03b77367_639196372599574249.xml,WDBC,Go South Coast,Go South Coast 1017 Inbound,Poole - Bournemouth,price_band_2.3@AdultSingle,2.3
SVCT_5106_Inbound_YoungAdSingle_a9f4b9e2-e9ea-4456-80e3-47fe03b77367_639196405076471531.xml,SVCT,Go South Coast,Go South Coast 5106 Inbound,Ventnor  - Newport,price_band_2.4@YoungAdSingle,2.4
WDBC_1836_Outbound_ChildSingle_a9f4b9e2-e9ea-4456-80e3-47fe03b77367_639196381818689568.xml,WDBC,Go South Coast,Go South Coast 1836 Outbound,Talbot View - Kinson,price_band_1.9@ChildSingle,1.9
SWWD_3885_Inbound_ChildReturn_a9f4b9e2-e9ea-4456-80e3-47fe03b77367_639196400773713449.xml,SWWD,Go South Coast,Go South Coast 3885 Inbound,Whaddon - Burgate School,price_band_2.5@ChildReturn,2.5
DAMY_3183_Inbound_AdultReturn_a9f4b9e2-e9ea-4456-80e3-47fe03b77367_639196393797551416.xml,DAMY,Go South Coast,Go South Coast 3183 Inbound,Blandford - Weymouth,price_band_4.3@AdultReturn,4.3
WDBC_1806_Inbound_ChildSingle_a9f4b9e2-e9ea-4456-80e3-47fe03b77367_639196379870848354.xml,WDBC,Go South Coast,Go South Coast 1806 Inbound,Bournemouth - Wimborne,price_band_1.9@ChildSingle,1.9
SVCT_5051_Outbound_ChildSingle_a9f4b9e2-e9ea-4456-80e3-47fe03b77367_639196404619351725.xml,SVCT,Go South Coast,Go South Coast 5051 Outbound,Newport - Enterprise College,price_band_1.8@ChildSingle,1.8
SWWD_3886_Inbound_ChildReturn_a9f4b9e2-e9ea-4456-80e3-47fe03b77367_639196400848675025.xml,SWWD,Go South Coast,Go South Coast 3886 Inbound,St Peters Place  - Burgate School,price_band_5.1@ChildReturn,5.1
SWWD_3304_Outbound_AdultSingle_a9f4b9e2-e9ea-4456-80e3-47fe03b77367_639196394487655564.xml,SWWD,Go South Coast,Go South Coast 3304 Outbound,City Centre - Paul's Dene,price_band_3.0@AdultSingle,3.0
BLUS_4017_Outbound_AdultSingle_eed5e2e8-c472-41af-825e-db09ec887334_639196402109148486.xml,BLUS,Go South Coast,Go South Coast 4017 Outbound,Weston - Adanac Park,price_band_1.0@AdultSingle,1.0
WDBC_1040_Inbound_AdultSingle_d46597a9-440e-4c13-b49a-76a3986683d1_639196375017031291.xml,WDBC,Go South Coast,Go South Coast 1040 Inbound,Swanage - Poole,price_band_3.0@AdultSingle,3.0
SVCT_5262_Inbound_YoungAdSingle_a9f4b9e2-e9ea-4456-80e3-47fe03b77367_639196405600793546.xml,SVCT,Go South Coast,Go South Coast 5262 Inbound,Newport - Sandown,price_band_2.4@YoungAdSingle,2.4
DAMY_3183_Inbound_AdultSingle_a9f4b9e2-e9ea-4456-80e3-47fe03b77367_639196393781918403.xml,DAMY,Go South Coast,Go South Coast 3183 Inbound,Blandford - Weymouth,price_band_1.8@AdultSingle,1.8
BLUS_4021_Inbound_ChildSingle_f15d1b06-486f-433a-8991-95f1a97a87e0_639196402348829827.xml,BLUS,Go South Coast,Go South Coast 4021 Inbound,Southampton - Lordshill,price_band_1.0@ChildSingle,1.0
WDBC_2762_Outbound_ChildSingle_a9f4b9e2-e9ea-4456-80e3-47fe03b77367_639196387482762843.xml,WDBC,Go South Coast,Go South Coast 2762 Outbound,Keyhaven Road  - Priestlands School,price_band_2.5@ChildSingle,2.5
WDBC_2112_Outbound_ChildSingle_a9f4b9e2-e9ea-4456-80e3-47fe03b77367_639196386385776673.xml,WDBC,Go South Coast,Go South Coast 2112 Outbound,Hythe - Lymington,price_band_2.6@ChildSingle,2.6
WDBC_8279_Outbound_AdultSingle_a9f4b9e2-e9ea-4456-80e3-47fe03b77367_639196410391571978.xml,WDBC,Go South Coast,Go South Coast 8279 Outbound,New Milton - Brockenhurst BLUE,price_band_4.0@AdultSingle,4.0
TDTR_3820_Inbound_AdultReturn_a9f4b9e2-e9ea-4456-80e3-47fe03b77367_639196400540210961.xml,TDTR,Go South Coast,Go South Coast 3820 Inbound,Marlborough - Newbury,price_band_5.2@AdultReturn,5.2
WDBC_2003_Outbound_AdultSingle_2f1f0c04-770d-4707-ab06-213c5a798ad7_639196386129326473.xml,WDBC,Go South Coast,Go South Coast 2003 Outbound,Salisbury - Bournemouth,price_band_1.0@AdultSingle,1.0
BLUS_4017_Outbound_ChildSingle_eed5e2e8-c472-41af-825e-db09ec887334_639196402120900051.xml,BLUS,Go South Coast,Go South Coast 4017 Outbound,Weston - Adanac Park,price_band_1.0@ChildSingle,1.0
WDBC_1802_Inbound_AdultReturn_a9f4b9e2-e9ea-4456-80e3-47fe03b77367_639196379551365673.xml,WDBC,Go South Coast,Go South Coast 1802 Inbound,Bournemouth - Castlepoint,price_band_4.5@AdultReturn,4.5
BLUS_4805_Inbound_ChildSingle_a9f4b9e2-e9ea-4456-80e3-47fe03b77367_639196403379160465.xml,BLUS,Go South Coast,Go South Coast 4805 Inbound,Boyatt Wood - Shootash,price_band_1.9@ChildSingle,1.9
WDBC_1755_Outbound_ChildSingle_a9f4b9e2-e9ea-4456-80e3-47fe03b77367_639196379143503495.xml,WDBC,Go South Coast,Go South Coast 1755 Outbound,Bournemouth Station - Bournemouth School for Girls,price_band_3.1@ChildSingle,3.1
WDBC_1806_Outbound_AdultSingle_2f1f0c04-770d-4707-ab06-213c5a798ad7_639196379972888931.xml,WDBC,Go South Coast,Go South Coast 1806 Outbound,Bournemouth - Wimborne,price_band_2.9@AdultSingle,2.9
WDBC_1908_Outbound_ChildSingle_d46597a9-440e-4c13-b49a-76a3986683d1_639196383504614848.xml,WDBC,Go South Coast,Go South Coast 1908 Outbound,Poole - Blandford,price_band_1.0@ChildSingle,1.0
WDBC_2219_Outbound_ChildReturn_a9f4b9e2-e9ea-4456-80e3-47fe03b77367_639196386945648021.xml,WDBC,Go South Coast,Go South Coast 2219 Outbound,Lymington  - New Milton,price_band_5.0@ChildReturn,5.0
DAMY_6920_Inbound_ChildReturn_a9f4b9e2-e9ea-4456-80e3-47fe03b77367_639196407771189759.xml,DAMY,Go South Coast,Go South Coast 6920 Inbound,Salisbury - Steam Fair,price_band_3.9@ChildReturn,3.9
DAMY_6307_Inbound_AdultSingle_a9f4b9e2-e9ea-4456-80e3-47fe03b77367_639196406407713068.xml,DAMY,Go South Coast,Go South Coast 6307 Inbound,Blandford - Shaftesbury,price_band_2.3@AdultSingle,2.3
WDBC_1111_Inbound_AdultSingle_632675e4-dba2-4cc0-a834-063c3c99ec5d_639196377369290605.xml,WDBC,Go South Coast,Go South Coast 1111 Inbound,Poole - R B Hospital,price_band_3.0@AdultSingle,3.0
WDBC_1821_Inbound_AdultSingle_a9f4b9e2-e9ea-4456-80e3-47fe03b77367_639196380749875326.xml,WDBC,Go South Coast,Go South Coast 1821 Inbound,Bournemouth - Burton,price_band_2.6@AdultSingle,2.6
BLUS_4504_Outbound_ChildReturn_a9f4b9e2-e9ea-4456-80e3-47fe03b77367_639196402987573582.xml,BLUS,Go South Coast,Go South Coast 4504 Outbound,Lordshill - Mountbatten School,price_band_2.7@ChildReturn,2.7
WDBC_1811_Inbound_ChildSingle_a9f4b9e2-e9ea-4456-80e3-47fe03b77367_639196380022763608.xml,WDBC,Go South Coast,Go South Coast 1811 Inbound,Bournemouth - Somerford,price_band_2.3@ChildSingle,2.3
WDBC_2120_Inbound_AdultSingle_a9f4b9e2-e9ea-4456-80e3-47fe03b77367_639196386396682490.xml,WDBC,Go South Coast,Go South Coast 2120 Inbound,New Milton Tesco - Lymington,price_band_3.0@AdultSingle,3.0
SWWD_3011_Inbound_ChildReturn_a9f4b9e2-e9ea-4456-80e3-47fe03b77367_639196391214639991.xml,SWWD,Go South Coast,Go South Coast 3011 Inbound,City Centre - Old Sarum,price_band_2.5@ChildReturn,2.5
WDBC_1836_Inbound_ChildSingle_a9f4b9e2-e9ea-4456-80e3-47fe03b77367_639196381778704888.xml,WDBC,Go South Coast,Go South Coast 1836 Inbound,Talbot View - Kinson,price_band_2.2@ChildSingle,2.2
WDBC_2604_Inbound_AdultSingle_a9f4b9e2-e9ea-4456-80e3-47fe03b77367_639196386987381722.xml,WDBC,Go South Coast,Go South Coast 2604 Inbound,Langley Farm - Brockenhurst College,price_band_2.6@AdultSingle,2.6
UNIL_4716_Inbound_ChildSingle_eed5e2e8-c472-41af-825e-db09ec887334_639196403248758676.xml,UNIL,Go South Coast,Go South Coast 4716 Inbound,General Hospital - NOCS,price_band_1.0@ChildSingle,1.0
WDBC_6047_Outbound_ChildSingle_a9f4b9e2-e9ea-4456-80e3-47fe03b77367_639196406360960623.xml,WDBC,Go South Coast,Go South Coast 6047 Outbound,Ringwood Road - Parkstone Grammar School,price_band_3.1@ChildSingle,3.1
SWWD_3405_Inbound_ChildSingle_a9f4b9e2-e9ea-4456-80e3-47fe03b77367_639196396540600287.xml,SWWD,Go South Coast,Go South Coast 3405 Inbound,Salisbury - Pewsey,price_band_1.9@ChildSingle,1.9
WDBC_1806_Outbound_AdultSingle_2f1f0c04-770d-4707-ab06-213c5a798ad7_639196379972888931.xml,WDBC,Go South Coast,Go South Coast 1806 Outbound,Bournemouth - Wimborne,price_band_1.0@AdultSingle,1.0
WDBC_1099_Outbound_ChildSingle_a9f4b9e2-e9ea-4456-80e3-47fe03b77367_639196377208167565.xml,WDBC,Go South Coast,Go South Coast 1099 Outbound,Boscombe - Boscombe Pier,price_band_0.8@ChildSingle,0.8
TDTR_7148_Outbound_AdultSingle_a9f4b9e2-e9ea-4456-80e3-47fe03b77367_639196409179812811.xml,TDTR,Go South Coast,Go South Coast 7148 Outbound,Swindon - Marlborough,price_band_2.4@AdultSingle,2.4
WDBC_1837_Inbound_ChildSingle_a9f4b9e2-e9ea-4456-80e3-47fe03b77367_639196381856544957.xml,WDBC,Go South Coast,Go South Coast 1837 Inbound,Bournemouth - Bournemouth International Airport,price_band_2.3@ChildSingle,2.3
SWWD_3402_Inbound_ChildReturn_a9f4b9e2-e9ea-4456-80e3-47fe03b77367_639196395908099026.xml,SWWD,Go South Coast,Go South Coast 3402 Inbound,Salisbury - Devizes,price_band_2.5@ChildReturn,2.5
WDBC_1786_Inbound_ChildSingle_a9f4b9e2-e9ea-4456-80e3-47fe03b77367_639196379203343948.xml,WDBC,Go South Coast,Go South Coast 1786 Inbound,Park Gates - Bournemouth School for Girls,price_band_2.9@ChildSingle,2.9
WDBC_1744_Inbound_AdultReturn_a9f4b9e2-e9ea-4456-80e3-47fe03b77367_639196379095409613.xml,WDBC,Go South Coast,Go South Coast 1744 Inbound,Old Town - South Road Middle,price_band_4.6@AdultReturn,4.6
WDBC_1005_Outbound_AdultSingle_a9f4b9e2-e9ea-4456-80e3-47fe03b77367_639196370600687522.xml,WDBC,Go South Coast,Go South Coast 1005 Outbound,Poole - Tower Park,price_band_2.3@AdultSingle,2.3
WDBC_1801_Outbound_ChildSingle_a9f4b9e2-e9ea-4456-80e3-47fe03b77367_639196379506331845.xml,WDBC,Go South Coast,Go South Coast 1801 Outbound,Bournemouth - Christchurch,price_band_2.3@ChildSingle,2.3
WDBC_1950_Outbound_ChildSingle_a9f4b9e2-e9ea-4456-80e3-47fe03b77367_639196383874299538.xml,WDBC,Go South Coast,Go South Coast 1950 Outbound,Bournemouth - Swanage,price_band_3.0@ChildSingle,3.0
WDBC_1903_Outbound_AdultReturn_a9f4b9e2-e9ea-4456-80e3-47fe03b77367_639196383307648736.xml,WDBC,Go South Coast,Go South Coast 1903 Outbound,Poole - Wimborne,price_band_5.5@AdultReturn,5.5
WDBC_1013_Outbound_ChildSingle_2f1f0c04-770d-4707-ab06-213c5a798ad7_639196371605999149.xml,WDBC,Go South Coast,Go South Coast 1013 Outbound,Bournemouth - Wimborne,price_band_1.9@ChildSingle,1.9
WDBC_6043_Inbound_AdultSingle_a9f4b9e2-e9ea-4456-80e3-47fe03b77367_639196406231945929.xml,WDBC,Go South Coast,Go South Coast 6043 Inbound,County Gates - Parkstone Grammar School,price_band_2.2@AdultSingle,2.2
SWWD_3087_Inbound_ChildSingle_a9f4b9e2-e9ea-4456-80e3-47fe03b77367_639196391757074693.xml,SWWD,Go South Coast,Go South Coast 3087 Inbound,South Wilts Grammar School - Lopcombe Corner,price_band_3.0@ChildSingle,3.0
TDTR_7148_Inbound_ChildReturn_a9f4b9e2-e9ea-4456-80e3-47fe03b77367_639196409158228761.xml,TDTR,Go South Coast,Go South Coast 7148 Inbound,Swindon - Marlborough,price_band_3.3@ChildReturn,3.3
SWWD_3513_Inbound_ChildSingle_a9f4b9e2-e9ea-4456-80e3-47fe03b77367_639196399162407532.xml,SWWD,Go South Coast,Go South Coast 3513 Inbound,Blue Boar Row - Bulbridge Chantry Road,price_band_2.5@ChildSingle,2.5
WDBC_1811_Inbound_ChildReturn_a9f4b9e2-e9ea-4456-80e3-47fe03b77367_639196380030509078.xml,WDBC,Go South Coast,Go South Coast 1811 Inbound,Bournemouth - Somerford,price_band_3.2@ChildReturn,3.2
SWWD_3885_Outbound_AdultSingle_a9f4b9e2-e9ea-4456-80e3-47fe03b77367_639196400790128512.xml,SWWD,Go South Coast,Go South Coast 3885 Outbound,Whaddon - Burgate School,price_band_2.3@AdultSingle,2.3
WDBC_1002_Outbound_ChildSingle_2f1f0c04-770d-4707-ab06-213c5a798ad7_639196370261131710.xml,WDBC,Go South Coast,Go South Coast 1002 Outbound,Poole - Southbourne,price_band_1.0@ChildSingle,1.0
WDBC_1903_Outbound_AdultSingle_d46597a9-440e-4c13-b49a-76a3986683d1_639196383376655914.xml,WDBC,Go South Coast,Go South Coast 1903 Outbound,Poole - Wimborne,price_band_2.3@AdultSingle,2.3
WDBC_1040_Inbound_AdultSingle_d46597a9-440e-4c13-b49a-76a3986683d1_639196375017031291.xml,WDBC,Go South Coast,Go South Coast 1040 Inbound,Swanage - Poole,price_band_1.0@AdultSingle,1.0
WDBC_8259_Outbound_ChildSingle_a9f4b9e2-e9ea-4456-80e3-47fe03b77367_639196410365595708.xml,WDBC,Go South Coast,Go South Coast 8259 Outbound,Brockenhurst - New Milton BLUE,price_band_2.7@ChildSingle,2.7
WDBC_1886_Inbound_ChildReturn_a9f4b9e2-e9ea-4456-80e3-47fe03b77367_639196382907137677.xml,WDBC,Go South Coast,Go South Coast 1886 Inbound,Corfe Mullen - St Peters School,price_band_5.8@ChildReturn,5.8
WDBC_1020_Outbound_AdultSingle_a9f4b9e2-e9ea-4456-80e3-47fe03b77367_639196373819711913.xml,WDBC,Go South Coast,Go South Coast 1020 Outbound,Poole - Christchurch,price_band_2.6@AdultSingle,2.6
WDBC_1015_Outbound_ChildReturn_a9f4b9e2-e9ea-4456-80e3-47fe03b77367_639196371897513613.xml,WDBC,Go South Coast,Go South Coast 1015 Outbound,Poole - Bournemouth Hospital,price_band_3.4@ChildReturn,3.4
TDTR_7146_Outbound_AdultSingle_a9f4b9e2-e9ea-4456-80e3-47fe03b77367_639196409066386614.xml,TDTR,Go South Coast,Go South Coast 7146 Outbound,Swindon - Hungerford,price_band_1.5@AdultSingle,1.5
BLUS_2607_Outbound_AdultReturn_a9f4b9e2-e9ea-4456-80e3-47fe03b77367_639196387047353722.xml,BLUS,Go South Coast,Go South Coast 2607 Outbound,North Baddesley - Brockenhurst College,price_band_6.7@AdultReturn,6.7
WDBC_1054_Outbound_ChildSingle_2f1f0c04-770d-4707-ab06-213c5a798ad7_639196376721792201.xml,WDBC,Go South Coast,Go South Coast 1054 Outbound,Poole - Wimborne,price_band_1.8@ChildSingle,1.8
SWWD_3366_Outbound_ChildSingle_a9f4b9e2-e9ea-4456-80e3-47fe03b77367_639196395743233694.xml,SWWD,Go South Coast,Go South Coast 3366 Outbound,South Wilts Grammar School - Idmiston,price_band_1.9@ChildSingle,1.9
SWWD_3088_Inbound_AdultReturn_a9f4b9e2-e9ea-4456-80e3-47fe03b77367_639196391861650613.xml,SWWD,Go South Coast,Go South Coast 3088 Inbound,Salisbury - Winterslow Gunville Stockbridge Turn,price_band_6.0@AdultReturn,6.0
SWWD_3684_Inbound_AdultReturn_a9f4b9e2-e9ea-4456-80e3-47fe03b77367_639196400263021587.xml,SWWD,Go South Coast,Go South Coast 3684 Inbound,Coombe Bissett - Burgate,price_band_4.8@AdultReturn,4.8
TDTR_7536_Outbound_ChildReturn_a9f4b9e2-e9ea-4456-80e3-47fe03b77367_639196409885095554.xml,TDTR,Go South Coast,Go South Coast 7536 Outbound,Stanford In The Vale - Shrivenham,price_band_8.3@ChildReturn,8.3
SWWD_3407_Outbound_ChildSingle_f15d1b06-486f-433a-8991-95f1a97a87e0_639196397730711306.xml,SWWD,Go South Coast,Go South Coast 3407 Outbound,Salisbury - Southampton,price_band_1.9@ChildSingle,1.9
SWWD_7201_Inbound_ChildReturn_a9f4b9e2-e9ea-4456-80e3-47fe03b77367_639196409634398062.xml,SWWD,Go South Coast,Go South Coast 7201 Inbound,Figheldean - Salisbury,price_band_1.7@ChildReturn,1.7
WDBC_1804_Inbound_AdultReturn_a9f4b9e2-e9ea-4456-80e3-47fe03b77367_639196379664428327.xml,WDBC,Go South Coast,Go South Coast 1804 Inbound,Bournemouth - Castlepoint,price_band_4.2@AdultReturn,4.2
SWWD_3137_Outbound_ChildReturn_a9f4b9e2-e9ea-4456-80e3-47fe03b77367_639196393481415769.xml,SWWD,Go South Coast,Go South Coast 3137 Outbound,Salisbury - West Dean,price_band_4.8@ChildReturn,4.8
BLUS_8461_Outbound_ChildSingle_f15d1b06-486f-433a-8991-95f1a97a87e0_639196410567686722.xml,BLUS,Go South Coast,Go South Coast 8461 Outbound,Bevois Valley - Nursling Ind. Estate,price_band_1.0@ChildSingle,1.0
WDBC_2953_Outbound_ChildSingle_a9f4b9e2-e9ea-4456-80e3-47fe03b77367_639196389041038966.xml,WDBC,Go South Coast,Go South Coast 2953 Outbound,Salisbury - Ringwood,price_band_2.5@ChildSingle,2.5
DAMY_6020_Outbound_ChildSingle_a9f4b9e2-e9ea-4456-80e3-47fe03b77367_639196406143501955.xml,DAMY,Go South Coast,Go South Coast 6020 Outbound,Salisbury - Blandford,price_band_2.1@ChildSingle,2.1
SWWD_3366_Outbound_ChildReturn_a9f4b9e2-e9ea-4456-80e3-47fe03b77367_639196395757701610.xml,SWWD,Go South Coast,Go South Coast 3366 Outbound,South Wilts Grammar School - Idmiston,price_band_2.5@ChildReturn,2.5
WDBC_2001_Outbound_AdultSingle_d46597a9-440e-4c13-b49a-76a3986683d1_639196384950837973.xml,WDBC,Go South Coast,Go South Coast 2001 Outbound,Bournemouth - Lymington,price_band_2.5@AdultSingle,2.5
WDBC_6185_Outbound_ChildSingle_a9f4b9e2-e9ea-4456-80e3-47fe03b77367_639196406397979454.xml,WDBC,Go South Coast,Go South Coast 6185 Outbound,Blandford - Blandford Sch,price_band_2.8@ChildSingle,2.8
SWWD_3645_Outbound_ChildSingle_a9f4b9e2-e9ea-4456-80e3-47fe03b77367_639196399890761097.xml,SWWD,Go South Coast,Go South Coast 3645 Outbound,Stratford Road Grammar School - Hamptworth Cuckoo,price_band_2.3@ChildSingle,2.3
WDBC_1788_Inbound_AdultReturn_a9f4b9e2-e9ea-4456-80e3-47fe03b77367_639196379231134024.xml,WDBC,Go South Coast,Go South Coast 1788 Inbound,Walkford - Bournemouth School for Girls,price_band_7.4@AdultReturn,7.4
WDBC_1003_Inbound_ChildReturn_a9f4b9e2-e9ea-4456-80e3-47fe03b77367_639196370376596603.xml,WDBC,Go South Coast,Go South Coast 1003 Inbound,Poole - Wimborne,price_band_3.7@ChildReturn,3.7
SWWD_3372_Outbound_ChildSingle_a9f4b9e2-e9ea-4456-80e3-47fe03b77367_639196395801189302.xml,SWWD,Go South Coast,Go South Coast 3372 Outbound,City Centre - Bishopdown,price_band_1.9@ChildSingle,1.9
SWWD_3302_Outbound_AdultReturn_a9f4b9e2-e9ea-4456-80e3-47fe03b77367_639196394359276440.xml,SWWD,Go South Coast,Go South Coast 3302 Outbound,City Centre - Bishopdown,price_band_4.5@AdultReturn,4.5
BLUS_4001_Outbound_AdultReturn_a9f4b9e2-e9ea-4456-80e3-47fe03b77367_639196400981801080.xml,BLUS,Go South Coast,Go South Coast 4001 Outbound,Southampton - Winchester,price_band_5.7@AdultReturn,5.7
TDTR_7076_Inbound_YoungPersonRtn_a9f4b9e2-e9ea-4456-80e3-47fe03b77367_639196408679877245.xml,TDTR,Go South Coast,Go South Coast 7076 Inbound,Marlborough - Bath,price_band_3.9@YoungPersonRtn,3.9
BLUS_8438_Outbound_AdultReturn_a9f4b9e2-e9ea-4456-80e3-47fe03b77367_639196410472239547.xml,BLUS,Go South Coast,Go South Coast 8438 Outbound,Winchester - Petersfield,price_band_3.5@AdultReturn,3.5
WDBC_1035_Outbound_ChildReturn_a9f4b9e2-e9ea-4456-80e3-47fe03b77367_639196374680330806.xml,WDBC,Go South Coast,Go South Coast 1035 Outbound,Swanage - Wareham,price_band_3.5@ChildReturn,3.5
BLUS_4024_Inbound_AdultSingle_a9f4b9e2-e9ea-4456-80e3-47fe03b77367_639196402442825650.xml,BLUS,Go South Coast,Go South Coast 4024 Inbound,Eastleigh - Hedge End,price_band_3.0@AdultSingle,3.0
SWWD_3327_Outbound_ChildReturn_a9f4b9e2-e9ea-4456-80e3-47fe03b77367_639196395634987743.xml,SWWD,Go South Coast,Go South Coast 3327 Outbound,Salisbury - Shaftesbury,price_band_3.6@ChildReturn,3.6
SVCT_5101_Inbound_ChildSingle_a9f4b9e2-e9ea-4456-80e3-47fe03b77367_639196404701677908.xml,SVCT,Go South Coast,Go South Coast 5101 Inbound,Cowes - Newport,price_band_2.4@ChildSingle,2.4
SWWD_3645_Inbound_AdultReturn_a9f4b9e2-e9ea-4456-80e3-47fe03b77367_639196399766990389.xml,SWWD,Go South Coast,Go South Coast 3645 Inbound,Stratford Road Grammar School - Hamptworth Cuckoo,price_band_4.2@AdultReturn,4.2
SVCT_5271_Outbound_AdultSingle_a9f4b9e2-e9ea-4456-80e3-47fe03b77367_639196405672818370.xml,SVCT,Go South Coast,Go South Coast 5271 Outbound,Ryde - Ventnor,price_band_3.0@AdultSingle,3.0
SWWD_3650_Outbound_ChildSingle_a9f4b9e2-e9ea-4456-80e3-47fe03b77367_639196399992398548.xml,SWWD,Go South Coast,Go South Coast 3650 Outbound,Laverstock Schools  - West Harnham,price_band_2.3@ChildSingle,2.3
WDBC_6415_Inbound_ChildReturn_a9f4b9e2-e9ea-4456-80e3-47fe03b77367_639196406505178677.xml,WDBC,Go South Coast,Go South Coast 6415 Inbound,St Anns Hospital - Poole Grammar School,price_band_3.7@ChildReturn,3.7
TDTR_3820_Outbound_ChildSingle_a9f4b9e2-e9ea-4456-80e3-47fe03b77367_639196400556729284.xml,TDTR,Go South Coast,Go South Coast 3820 Outbound,Marlborough - Newbury,price_band_1.0@ChildSingle,1.0
SWWD_3166_Outbound_ChildReturn_a9f4b9e2-e9ea-4456-80e3-47fe03b77367_639196393710875224.xml,SWWD,Go South Coast,Go South Coast 3166 Outbound,South Wilts Grammar School - Idmiston,price_band_6.0@ChildReturn,6.0
WDBC_1003_Outbound_ChildReturn_a9f4b9e2-e9ea-4456-80e3-47fe03b77367_639196370448802847.xml,WDBC,Go South Coast,Go South Coast 1003 Outbound,Poole - Wimborne,price_band_4.6@ChildReturn,4.6
BLUS_3635_Inbound_ChildSingle_a9f4b9e2-e9ea-4456-80e3-47fe03b77367_639196399717232397.xml,BLUS,Go South Coast,Go South Coast 3635 Inbound,Romsey - Ampfield,price_band_2.0@ChildSingle,2.0
WDBC_2002_Inbound_ChildSingle_a9f4b9e2-e9ea-4456-80e3-47fe03b77367_639196385089390985.xml,WDBC,Go South Coast,Go South Coast 2002 Inbound,Bournemouth - Lymington,price_band_2.8@ChildSingle,2.8
SVCT_5259_Outbound_ChildSingle_a9f4b9e2-e9ea-4456-80e3-47fe03b77367_639196405588573336.xml,SVCT,Go South Coast,Go South Coast 5259 Outbound,Carisbrooke - Bembridge,price_band_2.4@ChildSingle,2.4
WDBC_2906_Outbound_ChildReturn_a9f4b9e2-e9ea-4456-80e3-47fe03b77367_639196388242674616.xml,WDBC,Go South Coast,Go South Coast 2906 Outbound,Poole - Ringwood,price_band_6.0@ChildReturn,6.0
WDBC_1741_Outbound_ChildReturn_a9f4b9e2-e9ea-4456-80e3-47fe03b77367_639196379085427524.xml,WDBC,Go South Coast,Go South Coast 1741 Outbound,Sandbanks Ferry - Parkstone Grammar School,price_band_2.9@ChildReturn,2.9
SWWD_3138_Inbound_AdultSingle_a9f4b9e2-e9ea-4456-80e3-47fe03b77367_639196393528765473.xml,SWWD,Go South Coast,Go South Coast 3138 Inbound,West Dean  - Laverstock & Grammar,price_band_3.0@AdultSingle,3.0
SWWD_3883_Outbound_ChildSingle_a9f4b9e2-e9ea-4456-80e3-47fe03b77367_639196400701528975.xml,SWWD,Go South Coast,Go South Coast 3883 Outbound,Bishopdown Farm  - Burgate School,price_band_2.9@ChildSingle,2.9
TDTR_7053_Outbound_YoungPersonSgl_a9f4b9e2-e9ea-4456-80e3-47fe03b77367_639196408601929554.xml,TDTR,Go South Coast,Go South Coast 7053 Outbound,Fleming Way - South Marston,price_band_2.5@YoungPersonSgl,2.5
WDBC_1741_Inbound_AdultReturn_a9f4b9e2-e9ea-4456-80e3-47fe03b77367_639196379035050717.xml,WDBC,Go South Coast,Go South Coast 1741 Inbound,Sandbanks Ferry - Parkstone Grammar School,price_band_4.4@AdultReturn,4.4
WDBC_1806_Outbound_ChildSingle_2f1f0c04-770d-4707-ab06-213c5a798ad7_639196379991984104.xml,WDBC,Go South Coast,Go South Coast 1806 Outbound,Bournemouth - Wimborne,price_band_2.7@ChildSingle,2.7
SWWD_3166_Outbound_AdultReturn_a9f4b9e2-e9ea-4456-80e3-47fe03b77367_639196393688655752.xml,SWWD,Go South Coast,Go South Coast 3166 Outbound,South Wilts Grammar School - Idmiston,price_band_4.2@AdultReturn,4.2
WDBC_1038_Inbound_AdultReturn_a9f4b9e2-e9ea-4456-80e3-47fe03b77367_639196374684360430.xml,WDBC,Go South Coast,Go South Coast 1038 Inbound,Ferndown - Ringwood,price_band_4.5@AdultReturn,4.5
WDBC_8209_Outbound_ChildSingle_a9f4b9e2-e9ea-4456-80e3-47fe03b77367_639196410348087432.xml,WDBC,Go South Coast,Go South Coast 8209 Outbound,Ringwood - Lyndhurst RED,price_band_1.6@ChildSingle,1.6
WDBC_6418_Outbound_AdultSingle_a9f4b9e2-e9ea-4456-80e3-47fe03b77367_639196406735669010.xml,WDBC,Go South Coast,Go South Coast 6418 Outbound,Sandbanks Ferry - Poole Grammar School,price_band_2.5@AdultSingle,2.5
BLUS_4401_Outbound_ChildReturn_a9f4b9e2-e9ea-4456-80e3-47fe03b77367_639196402862686961.xml,BLUS,Go South Coast,Go South Coast 4401 Outbound,Applemore - Hythe,price_band_3.3@ChildReturn,3.3
TDTR_7042_Inbound_AdultReturn_a9f4b9e2-e9ea-4456-80e3-47fe03b77367_639196408316008683.xml,TDTR,Go South Coast,Go South Coast 7042 Inbound,Calne - St John's School,price_band_4.0@AdultReturn,4.0
WDBC_1032_Inbound_ChildReturn_a9f4b9e2-e9ea-4456-80e3-47fe03b77367_639196374348138290.xml,WDBC,Go South Coast,Go South Coast 1032 Inbound,Poole - Bournemouth,price_band_3.2@ChildReturn,3.2
SWWD_3519_Outbound_ChildReturn_a9f4b9e2-e9ea-4456-80e3-47fe03b77367_639196399474844920.xml,SWWD,Go South Coast,Go South Coast 3519 Outbound,Milford Street - New Canal,price_band_4.9@ChildReturn,4.9
WDBC_2193_Outbound_ChildSingle_a9f4b9e2-e9ea-4456-80e3-47fe03b77367_639196386885522059.xml,WDBC,Go South Coast,Go South Coast 2193 Outbound,New Milton - New Milton,price_band_2.5@ChildSingle,2.5
WDBC_1170_Inbound_ChildReturn_a9f4b9e2-e9ea-4456-80e3-47fe03b77367_639196378241131175.xml,WDBC,Go South Coast,Go South Coast 1170 Inbound,Rockley Park - Hengistbury Head,price_band_3.4@ChildReturn,3.4
SWWD_3525_Inbound_ChildReturn_a9f4b9e2-e9ea-4456-80e3-47fe03b77367_639196399501053497.xml,SWWD,Go South Coast,Go South Coast 3525 Inbound,City Centre - Petersfinger Park & Ride,price_band_2.5@ChildReturn,2.5
WDBC_1053_Outbound_AdultSingle_a9f4b9e2-e9ea-4456-80e3-47fe03b77367_639196376305645321.xml,WDBC,Go South Coast,Go South Coast 1053 Outbound,Bournemouth - Wimborne,price_band_2.8@AdultSingle,2.8
WDBC_1755_Inbound_AdultReturn_a9f4b9e2-e9ea-4456-80e3-47fe03b77367_639196379118491872.xml,WDBC,Go South Coast,Go South Coast 1755 Inbound,Bournemouth Station - Bournemouth School for Girls,price_band_4.4@AdultReturn,4.4
WDBC_1054_Inbound_ChildSingle_a9f4b9e2-e9ea-4456-80e3-47fe03b77367_639196376520950971.xml,WDBC,Go South Coast,Go South Coast 1054 Inbound,Poole - Wimborne,price_band_2.5@ChildSingle,2.5
WDBC_1903_Outbound_AdultReturn_a9f4b9e2-e9ea-4456-80e3-47fe03b77367_639196383307648736.xml,WDBC,Go South Coast,Go South Coast 1903 Outbound,Poole - Wimborne,price_band_5.1@AdultReturn,5.1
SWWD_3138_Outbound_ChildReturn_a9f4b9e2-e9ea-4456-80e3-47fe03b77367_639196393543478045.xml,SWWD,Go South Coast,Go South Coast 3138 Outbound,West Dean  - Laverstock & Grammar,price_band_2.5@ChildReturn,2.5
WDBC_2186_Outbound_AdultSingle_eed5e2e8-c472-41af-825e-db09ec887334_639196386844437289.xml,WDBC,Go South Coast,Go South Coast 2186 Outbound,Southampton - Lymington,price_band_1.0@AdultSingle,1.0
SWWD_3726_Outbound_AdultSingle_a9f4b9e2-e9ea-4456-80e3-47fe03b77367_639196400396841031.xml,SWWD,Go South Coast,Go South Coast 3726 Outbound,Salisbury - East Knoyle,price_band_3.0@AdultSingle,3.0
WDBC_2003_Inbound_AdultSingle_d46597a9-440e-4c13-b49a-76a3986683d1_639196385855772675.xml,WDBC,Go South Coast,Go South Coast 2003 Inbound,Salisbury - Bournemouth,price_band_3.0@AdultSingle,3.0
DAMY_6020_Inbound_ChildReturn_a9f4b9e2-e9ea-4456-80e3-47fe03b77367_639196406048919444.xml,DAMY,Go South Coast,Go South Coast 6020 Inbound,Salisbury - Blandford,price_band_4.9@ChildReturn,4.9
WDBC_1060_Outbound_ChildSingle_a9f4b9e2-e9ea-4456-80e3-47fe03b77367_639196376841491543.xml,WDBC,Go South Coast,Go South Coast 1060 Outbound,Rockley - Sandbanks,price_band_2.5@ChildSingle,2.5
SVCT_5101_Inbound_AdultReturn_1713f49b-7cad-4131-9ade-e07849b9212b_639196404707627579.xml,SVCT,Go South Coast,Go South Coast 5101 Inbound,Cowes - Newport,price_band_6.0@AdultReturn,6.0
BLUS_4012_Outbound_AdultSingle_a9f4b9e2-e9ea-4456-80e3-47fe03b77367_639196401768786666.xml,BLUS,Go South Coast,Go South Coast 4012 Outbound,Southampton - Calmore,price_band_2.6@AdultSingle,2.6
SWWD_3166_Outbound_ChildSingle_a9f4b9e2-e9ea-4456-80e3-47fe03b77367_639196393733270388.xml,SWWD,Go South Coast,Go South Coast 3166 Outbound,South Wilts Grammar School - Idmiston,price_band_2.3@ChildSingle,2.3
WDBC_1641_Outbound_ChildSingle_2f1f0c04-770d-4707-ab06-213c5a798ad7_639196378769623798.xml,WDBC,Go South Coast,Go South Coast 1641 Outbound,Dorchester House  - Talbot Campus,price_band_1.0@ChildSingle,1.0
WDBC_1833_Outbound_ChildSingle_d46597a9-440e-4c13-b49a-76a3986683d1_639196381753592369.xml,WDBC,Go South Coast,Go South Coast 1833 Outbound,Alum Chine - Castlepoint,price_band_1.0@ChildSingle,1.0
TDTR_7014_Outbound_YoungPersonSgl_a9f4b9e2-e9ea-4456-80e3-47fe03b77367_639196408198290944.xml,TDTR,Go South Coast,Go South Coast 7014 Outbound,Fleming Way - Eldene,price_band_1.8@YoungPersonSgl,1.8
BLUS_4013_Outbound_AdultSingle_a9f4b9e2-e9ea-4456-80e3-47fe03b77367_639196401819754892.xml,BLUS,Go South Coast,Go South Coast 4013 Outbound,Southampton - Harefield,price_band_2.6@AdultSingle,2.6
DAMY_6920_Inbound_AdultReturn_a9f4b9e2-e9ea-4456-80e3-47fe03b77367_639196407749894779.xml,DAMY,Go South Coast,Go South Coast 6920 Inbound,Salisbury - Steam Fair,price_band_5.5@AdultReturn,5.5
BLUS_4504_Outbound_ChildSingle_a9f4b9e2-e9ea-4456-80e3-47fe03b77367_639196402982765833.xml,BLUS,Go South Coast,Go South Coast 4504 Outbound,Lordshill - Mountbatten School,price_band_2.5@ChildSingle,2.5
WDBC_1806_Outbound_ChildSingle_2f1f0c04-770d-4707-ab06-213c5a798ad7_639196379991984104.xml,WDBC,Go South Coast,Go South Coast 1806 Outbound,Bournemouth - Wimborne,price_band_2.2@ChildSingle,2.2
BLUS_4024_Outbound_AdultSingle_a9f4b9e2-e9ea-4456-80e3-47fe03b77367_639196402466260867.xml,BLUS,Go South Coast,Go South Coast 4024 Outbound,Eastleigh - Hedge End,price_band_2.5@AdultSingle,2.5
WDBC_6450_Outbound_AdultSingle_a9f4b9e2-e9ea-4456-80e3-47fe03b77367_639196407025116246.xml,WDBC,Go South Coast,Go South Coast 6450 Outbound,Wallisdown - Parkstone Grammar,price_band_3.5@AdultSingle,3.5
TDTR_7048_Outbound_AdultReturn_a9f4b9e2-e9ea-4456-80e3-47fe03b77367_639196408530239677.xml,TDTR,Go South Coast,Go South Coast 7048 Outbound,Swindon - Marlborough,price_band_2.6@AdultReturn,2.6
TDTR_7146_Inbound_ChildReturn_a9f4b9e2-e9ea-4456-80e3-47fe03b77367_639196409044265171.xml,TDTR,Go South Coast,Go South Coast 7146 Inbound,Swindon - Hungerford,price_band_4.1@ChildReturn,4.1
WDBC_1788_Outbound_AdultSingle_a9f4b9e2-e9ea-4456-80e3-47fe03b77367_639196379261422382.xml,WDBC,Go South Coast,Go South Coast 1788 Outbound,Walkford - Bournemouth School for Girls,price_band_5.4@AdultSingle,5.4
SVCT_5007_Outbound_YoungAdSingle_a9f4b9e2-e9ea-4456-80e3-47fe03b77367_639196404073311514.xml,SVCT,Go South Coast,Go South Coast 5007 Outbound,Newport  - Alum Bay,price_band_3.0@YoungAdSingle,3.0
WDBC_1789_Outbound_ChildReturn_a9f4b9e2-e9ea-4456-80e3-47fe03b77367_639196379399568118.xml,WDBC,Go South Coast,Go South Coast 1789 Outbound,Bournemouth School for Girls - Lymington,price_band_3.6@ChildReturn,3.6
DAMY_6001_Outbound_AdultSingle_a9f4b9e2-e9ea-4456-80e3-47fe03b77367_639196405902938679.xml,DAMY,Go South Coast,Go South Coast 6001 Outbound,Dorchester  - Dorchester,price_band_2.6@AdultSingle,2.6
BLUS_4018_Outbound_AdultSingle_a9f4b9e2-e9ea-4456-80e3-47fe03b77367_639196402164691896.xml,BLUS,Go South Coast,Go South Coast 4018 Outbound,Millbrook - Thornhill,price_band_2.6@AdultSingle,2.6
SWWD_3509_Outbound_ChildReturn_a9f4b9e2-e9ea-4456-80e3-47fe03b77367_639196399088081221.xml,SWWD,Go South Coast,Go South Coast 3509 Outbound,Milford Street - New Canal,price_band_3.6@ChildReturn,3.6
WDBC_1053_Outbound_ChildSingle_2f1f0c04-770d-4707-ab06-213c5a798ad7_639196376421005259.xml,WDBC,Go South Coast,Go South Coast 1053 Outbound,Bournemouth - Wimborne,price_band_2.3@ChildSingle,2.3
WDBC_6671_Outbound_AdultSingle_a9f4b9e2-e9ea-4456-80e3-47fe03b77367_639196407241955601.xml,WDBC,Go South Coast,Go South Coast 6671 Outbound,Albert Road - Alderney West,price_band_2.8@AdultSingle,2.8
WDBC_1908_Outbound_ChildSingle_a9f4b9e2-e9ea-4456-80e3-47fe03b77367_639196383478287392.xml,WDBC,Go South Coast,Go South Coast 1908 Outbound,Poole - Blandford,price_band_2.1@ChildSingle,2.1
WDBC_2776_Outbound_ChildSingle_a9f4b9e2-e9ea-4456-80e3-47fe03b77367_639196387526059772.xml,WDBC,Go South Coast,Go South Coast 2776 Outbound,Lyndhurst - Priestlands School,price_band_2.5@ChildSingle,2.5
WDBC_2906_Inbound_ChildSingle_d46597a9-440e-4c13-b49a-76a3986683d1_639196388050132362.xml,WDBC,Go South Coast,Go South Coast 2906 Inbound,Poole - Ringwood,price_band_1.9@ChildSingle,1.9
DAMY_6905_Inbound_ChildReturn_a9f4b9e2-e9ea-4456-80e3-47fe03b77367_639196407696318462.xml,DAMY,Go South Coast,Go South Coast 6905 Inbound,Warmwell - Dorchester,price_band_3.7@ChildReturn,3.7
WDBC_6416_Inbound_ChildSingle_a9f4b9e2-e9ea-4456-80e3-47fe03b77367_639196406622564929.xml,WDBC,Go South Coast,Go South Coast 6416 Inbound,Penn Hill Avenue  - Poole Grammar School,price_band_2.4@ChildSingle,2.4
BLUS_4010_Outbound_AdultSingle_f15d1b06-486f-433a-8991-95f1a97a87e0_639196401678234734.xml,BLUS,Go South Coast,Go South Coast 4010 Outbound,Southampton - Sholing,price_band_1.0@AdultSingle,1.0
WDBC_1038_Inbound_ChildReturn_a9f4b9e2-e9ea-4456-80e3-47fe03b77367_639196374693950538.xml,WDBC,Go South Coast,Go South Coast 1038 Inbound,Ferndown - Ringwood,price_band_5.6@ChildReturn,5.6
WDBC_1837_Outbound_AdultSingle_a9f4b9e2-e9ea-4456-80e3-47fe03b77367_639196381915789362.xml,WDBC,Go South Coast,Go South Coast 1837 Outbound,Bournemouth - Bournemouth International Airport,price_band_2.6@AdultSingle,2.6
DAMY_6487_Outbound_ChildSingle_a9f4b9e2-e9ea-4456-80e3-47fe03b77367_639196407161038133.xml,DAMY,Go South Coast,Go South Coast 6487 Outbound,Blandford - Dorchester,price_band_1.6@ChildSingle,1.6
WDBC_2775_Outbound_ChildReturn_a9f4b9e2-e9ea-4456-80e3-47fe03b77367_639196387505370179.xml,WDBC,Go South Coast,Go South Coast 2775 Outbound,Milford on Sea - Priestlands School,price_band_2.8@ChildReturn,2.8
WDBC_2956_Inbound_AdultSingle_a9f4b9e2-e9ea-4456-80e3-47fe03b77367_639196389114705890.xml,WDBC,Go South Coast,Go South Coast 2956 Inbound,Ringwood - Bournemouth,price_band_2.6@AdultSingle,2.6
BLUS_4424_Inbound_ChildSingle_a9f4b9e2-e9ea-4456-80e3-47fe03b77367_639196402882233976.xml,BLUS,Go South Coast,Go South Coast 4424 Inbound,Eastleigh - Hedge End,price_band_2.1@ChildSingle,2.1
SWWD_3327_Outbound_ChildSingle_a9f4b9e2-e9ea-4456-80e3-47fe03b77367_639196395609603542.xml,SWWD,Go South Coast,Go South Coast 3327 Outbound,Salisbury - Shaftesbury,price_band_3.0@ChildSingle,3.0
DAMY_6487_Outbound_ChildReturn_a9f4b9e2-e9ea-4456-80e3-47fe03b77367_639196407147859780.xml,DAMY,Go South Coast,Go South Coast 6487 Outbound,Blandford - Dorchester,price_band_2.5@ChildReturn,2.5
WDBC_1788_Outbound_ChildReturn_a9f4b9e2-e9ea-4456-80e3-47fe03b77367_639196379266735554.xml,WDBC,Go South Coast,Go South Coast 1788 Outbound,Walkford - Bournemouth School for Girls,price_band_4.6@ChildReturn,4.6
BLUS_4010_Inbound_ChildSingle_eed5e2e8-c472-41af-825e-db09ec887334_639196401660398565.xml,BLUS,Go South Coast,Go South Coast 4010 Inbound,Southampton - Sholing,price_band_1.0@ChildSingle,1.0
WDBC_1908_Inbound_AdultSingle_a9f4b9e2-e9ea-4456-80e3-47fe03b77367_639196383419377298.xml,WDBC,Go South Coast,Go South Coast 1908 Inbound,Poole - Blandford,price_band_2.5@AdultSingle,2.5
SWWD_3663_Outbound_ChildReturn_a9f4b9e2-e9ea-4456-80e3-47fe03b77367_639196400048912425.xml,SWWD,Go South Coast,Go South Coast 3663 Outbound,Wilton Road  - Laverstock Schools,price_band_3.6@ChildReturn,3.6
WDBC_1038_Outbound_AdultReturn_a9f4b9e2-e9ea-4456-80e3-47fe03b77367_639196374702209593.xml,WDBC,Go South Coast,Go South Coast 1038 Outbound,Ferndown - Ringwood,price_band_4.2@AdultReturn,4.2
WDBC_2112_Inbound_AdultReturn_a9f4b9e2-e9ea-4456-80e3-47fe03b77367_639196386272766907.xml,WDBC,Go South Coast,Go South Coast 2112 Inbound,Hythe - Lymington,price_band_5.5@AdultReturn,5.5
SWWD_3881_Inbound_ChildReturn_a9f4b9e2-e9ea-4456-80e3-47fe03b77367_639196400588231467.xml,SWWD,Go South Coast,Go South Coast 3881 Inbound,Wilton Road  - Burgate School,price_band_2.5@ChildReturn,2.5
SVCT_5257_Inbound_ChildSingle_a9f4b9e2-e9ea-4456-80e3-47fe03b77367_639196405560644309.xml,SVCT,Go South Coast,Go South Coast 5257 Inbound,Freshwater - Cowes,price_band_3.0@ChildSingle,3.0
SWWD_3457_Outbound_AdultSingle_a9f4b9e2-e9ea-4456-80e3-47fe03b77367_639196398186997020.xml,SWWD,Go South Coast,Go South Coast 3457 Outbound,Salisbury - Southampton,price_band_2.3@AdultSingle,2.3
SWWD_3327_Outbound_AdultSingle_a9f4b9e2-e9ea-4456-80e3-47fe03b77367_639196395560986714.xml,SWWD,Go South Coast,Go South Coast 3327 Outbound,Salisbury - Shaftesbury,price_band_2.7@AdultSingle,2.7
SWWD_3088_Outbound_ChildSingle_a9f4b9e2-e9ea-4456-80e3-47fe03b77367_639196391954079983.xml,SWWD,Go South Coast,Go South Coast 3088 Outbound,Salisbury - Winterslow Gunville Stockbridge Turn,price_band_3.0@ChildSingle,3.0
SWWD_3405_Outbound_ChildSingle_a9f4b9e2-e9ea-4456-80e3-47fe03b77367_639196396786684282.xml,SWWD,Go South Coast,Go South Coast 3405 Outbound,Salisbury - Pewsey,price_band_2.2@ChildSingle,2.2
WDBC_1017_Outbound_AdultReturn_a9f4b9e2-e9ea-4456-80e3-47fe03b77367_639196372899475743.xml,WDBC,Go South Coast,Go South Coast 1017 Outbound,Poole - Bournemouth,price_band_4.7@AdultReturn,4.7
DAMY_6002_Outbound_AdultReturn_a9f4b9e2-e9ea-4456-80e3-47fe03b77367_639196405921047297.xml,DAMY,Go South Coast,Go South Coast 6002 Outbound,Dorchester  - Dorchester,price_band_4.2@AdultReturn,4.2
BLUS_4007_Inbound_ChildSingle_a9f4b9e2-e9ea-4456-80e3-47fe03b77367_639196401330988069.xml,BLUS,Go South Coast,Go South Coast 4007 Inbound,Lordshill - Sholing,price_band_2.1@ChildSingle,2.1
UNIL_4711_Inbound_AdultSingle_f15d1b06-486f-433a-8991-95f1a97a87e0_639196403185207108.xml,UNIL,Go South Coast,Go South Coast 4711 Inbound,Eastleigh - NOCS,price_band_1.0@AdultSingle,1.0
WDBC_2176_Outbound_ChildSingle_a9f4b9e2-e9ea-4456-80e3-47fe03b77367_639196386600673694.xml,WDBC,Go South Coast,Go South Coast 2176 Outbound,Christchurch - Ringwood,price_band_3.0@ChildSingle,3.0
WDBC_1837_Inbound_ChildSingle_2f1f0c04-770d-4707-ab06-213c5a798ad7_639196381896349388.xml,WDBC,Go South Coast,Go South Coast 1837 Inbound,Bournemouth - Bournemouth International Airport,price_band_2.8@ChildSingle,2.8
WDBC_1050_Outbound_ChildReturn_a9f4b9e2-e9ea-4456-80e3-47fe03b77367_639196375675418878.xml,WDBC,Go South Coast,Go South Coast 1050 Outbound,Bournemouth Station - Swanage,price_band_5.6@ChildReturn,5.6
SWWD_3138_Inbound_ChildReturn_a9f4b9e2-e9ea-4456-80e3-47fe03b77367_639196393522017998.xml,SWWD,Go South Coast,Go South Coast 3138 Inbound,West Dean  - Laverstock & Grammar,price_band_3.6@ChildReturn,3.6
WDBC_2001_Inbound_ChildSingle_a9f4b9e2-e9ea-4456-80e3-47fe03b77367_639196384385006027.xml,WDBC,Go South Coast,Go South Coast 2001 Inbound,Bournemouth - Lymington,price_band_2.2@ChildSingle,2.2
BLUS_4805_Outbound_AdultReturn_a9f4b9e2-e9ea-4456-80e3-47fe03b77367_639196403435352418.xml,BLUS,Go South Coast,Go South Coast 4805 Outbound,Boyatt Wood - Shootash,price_band_4.9@AdultReturn,4.9
SWWD_3883_Inbound_AdultReturn_a9f4b9e2-e9ea-4456-80e3-47fe03b77367_639196400675487921.xml,SWWD,Go South Coast,Go South Coast 3883 Inbound,Bishopdown Farm  - Burgate School,price_band_4.5@AdultReturn,4.5
DAMY_6487_Outbound_AdultSingle_a9f4b9e2-e9ea-4456-80e3-47fe03b77367_639196407121808034.xml,DAMY,Go South Coast,Go South Coast 6487 Outbound,Blandford - Dorchester,price_band_2.2@AdultSingle,2.2
BLUS_4011_Outbound_AdultSingle_a9f4b9e2-e9ea-4456-80e3-47fe03b77367_639196401717798014.xml,BLUS,Go South Coast,Go South Coast 4011 Outbound,Southampton - West Totton,price_band_2.5@AdultSingle,2.5
WDBC_6416_Outbound_AdultSingle_a9f4b9e2-e9ea-4456-80e3-47fe03b77367_639196406641168017.xml,WDBC,Go South Coast,Go South Coast 6416 Outbound,Penn Hill Avenue  - Poole Grammar School,price_band_2.0@AdultSingle,2.0
WDBC_1060_Outbound_AdultSingle_2f1f0c04-770d-4707-ab06-213c5a798ad7_639196376874876467.xml,WDBC,Go South Coast,Go South Coast 1060 Outbound,Rockley - Sandbanks,price_band_1.0@AdultSingle,1.0
WDBC_1802_Outbound_ChildReturn_a9f4b9e2-e9ea-4456-80e3-47fe03b77367_639196379625164601.xml,WDBC,Go South Coast,Go South Coast 1802 Outbound,Bournemouth - Castlepoint,price_band_3.2@ChildReturn,3.2
SWWD_3011_Outbound_ChildReturn_a9f4b9e2-e9ea-4456-80e3-47fe03b77367_639196391229376215.xml,SWWD,Go South Coast,Go South Coast 3011 Outbound,City Centre - Old Sarum,price_band_3.6@ChildReturn,3.6
SWWD_8302_Inbound_AdultSingle_a9f4b9e2-e9ea-4456-80e3-47fe03b77367_639196410395055228.xml,SWWD,Go South Coast,Go South Coast 8302 Inbound,Salisbury R/Station - Salisbury via Stones,price_band_2.3@AdultSingle,2.3
WDBC_1805_Inbound_AdultSingle_a9f4b9e2-e9ea-4456-80e3-47fe03b77367_639196379748370852.xml,WDBC,Go South Coast,Go South Coast 1805 Inbound,Bournemouth - Kinson,price_band_2.3@AdultSingle,2.3
SWWD_3010_Outbound_AdultSingle_a9f4b9e2-e9ea-4456-80e3-47fe03b77367_639196391181389458.xml,SWWD,Go South Coast,Go South Coast 3010 Outbound,City Centre - St Peters Place,price_band_3.0@AdultSingle,3.0
WDBC_1001_Outbound_ChildSingle_d46597a9-440e-4c13-b49a-76a3986683d1_639196369695610065.xml,WDBC,Go South Coast,Go South Coast 1001 Outbound,Poole - Bournemouth Hospital,price_band_1.0@ChildSingle,1.0
WDBC_1053_Inbound_ChildSingle_2f1f0c04-770d-4707-ab06-213c5a798ad7_639196376182498982.xml,WDBC,Go South Coast,Go South Coast 1053 Inbound,Bournemouth - Wimborne,price_band_3.0@ChildSingle,3.0
WDBC_1017_Outbound_ChildSingle_a9f4b9e2-e9ea-4456-80e3-47fe03b77367_639196372967059728.xml,WDBC,Go South Coast,Go South Coast 1017 Outbound,Poole - Bournemouth,price_band_2.2@ChildSingle,2.2
WDBC_6448_Outbound_ChildSingle_a9f4b9e2-e9ea-4456-80e3-47fe03b77367_639196406886163468.xml,WDBC,Go South Coast,Go South Coast 6448 Outbound,Furnell Road - Parkstone Grammar,price_band_3.1@ChildSingle,3.1
TDTR_7061_Outbound_YoungPersonSgl_a9f4b9e2-e9ea-4456-80e3-47fe03b77367_639196408627984901.xml,TDTR,Go South Coast,Go South Coast 7061 Outbound,Great Western Hospital - Middleleaze,price_band_2.5@YoungPersonSgl,2.5
WDBC_1001_Inbound_ChildSingle_d46597a9-440e-4c13-b49a-76a3986683d1_639196369355010968.xml,WDBC,Go South Coast,Go South Coast 1001 Inbound,Poole - Bournemouth Hospital,price_band_1.0@ChildSingle,1.0
WDBC_2193_Outbound_ChildReturn_a9f4b9e2-e9ea-4456-80e3-47fe03b77367_639196386888022281.xml,WDBC,Go South Coast,Go South Coast 2193 Outbound,New Milton - New Milton,price_band_3.8@ChildReturn,3.8
WDBC_1032_Inbound_AdultSingle_a9f4b9e2-e9ea-4456-80e3-47fe03b77367_639196374308009927.xml,WDBC,Go South Coast,Go South Coast 1032 Inbound,Poole - Bournemouth,price_band_2.6@AdultSingle,2.6
WDBC_2024_Outbound_ChildReturn_a9f4b9e2-e9ea-4456-80e3-47fe03b77367_639196386257031263.xml,WDBC,Go South Coast,Go South Coast 2024 Outbound,Castlepoint - Christchurch,price_band_4.0@ChildReturn,4.0
BLUS_4805_Outbound_ChildSingle_a9f4b9e2-e9ea-4456-80e3-47fe03b77367_639196403455859424.xml,BLUS,Go South Coast,Go South Coast 4805 Outbound,Boyatt Wood - Shootash,price_band_2.9@ChildSingle,2.9
SWWD_3125_Inbound_AdultSingle_a9f4b9e2-e9ea-4456-80e3-47fe03b77367_639196392761265647.xml,SWWD,Go South Coast,Go South Coast 3125 Inbound,South Wilts Grammar School - Hindon,price_band_2.3@AdultSingle,2.3
BLUS_4103_Outbound_AdultReturn_a9f4b9e2-e9ea-4456-80e3-47fe03b77367_639196402658751278.xml,BLUS,Go South Coast,Go South Coast 4103 Outbound,Southampton - Eastleigh,price_band_5.7@AdultReturn,5.7
WDBC_1035_Outbound_ChildSingle_a9f4b9e2-e9ea-4456-80e3-47fe03b77367_639196374669803025.xml,WDBC,Go South Coast,Go South Coast 1035 Outbound,Swanage - Wareham,price_band_2.8@ChildSingle,2.8
WDBC_1011_Outbound_ChildReturn_a9f4b9e2-e9ea-4456-80e3-47fe03b77367_639196371081628281.xml,WDBC,Go South Coast,Go South Coast 1011 Outbound,Bournemouth - Canford Paddock,price_band_2.8@ChildReturn,2.8
WDBC_1415_Inbound_AdultSingle_a9f4b9e2-e9ea-4456-80e3-47fe03b77367_639196378706110581.xml,WDBC,Go South Coast,Go South Coast 1415 Inbound,Poole High - Canford Heath,price_band_3.0@AdultSingle,3.0
TDTR_7148_Outbound_AdultReturn_a9f4b9e2-e9ea-4456-80e3-47fe03b77367_639196409191504641.xml,TDTR,Go South Coast,Go South Coast 7148 Outbound,Swindon - Marlborough,price_band_3.8@AdultReturn,3.8
WDBC_2001_Inbound_ChildSingle_d46597a9-440e-4c13-b49a-76a3986683d1_639196384631343625.xml,WDBC,Go South Coast,Go South Coast 2001 Inbound,Bournemouth - Lymington,price_band_2.1@ChildSingle,2.1
SWWD_3404_Outbound_ChildReturn_a9f4b9e2-e9ea-4456-80e3-47fe03b77367_639196396371448456.xml,SWWD,Go South Coast,Go South Coast 3404 Outbound,Salisbury - Larkhill,price_band_4.0@ChildReturn,4.0
BLUS_8461_Outbound_ChildSingle_eed5e2e8-c472-41af-825e-db09ec887334_639196410570968241.xml,BLUS,Go South Coast,Go South Coast 8461 Outbound,Bevois Valley - Nursling Ind. Estate,price_band_1.0@ChildSingle,1.0
DAMY_3183_Outbound_ChildReturn_a9f4b9e2-e9ea-4456-80e3-47fe03b77367_639196393946141695.xml,DAMY,Go South Coast,Go South Coast 3183 Outbound,Blandford - Weymouth,price_band_3.2@ChildReturn,3.2
WDBC_2906_Outbound_AdultSingle_2f1f0c04-770d-4707-ab06-213c5a798ad7_639196388476753346.xml,WDBC,Go South Coast,Go South Coast 2906 Outbound,Poole - Ringwood,price_band_2.8@AdultSingle,2.8
WDBC_2761_Outbound_AdultSingle_a9f4b9e2-e9ea-4456-80e3-47fe03b77367_639196387448312966.xml,WDBC,Go South Coast,Go South Coast 2761 Outbound,Bunkers Hill Cottage - Priestlands School,price_band_2.4@AdultSingle,2.4
SWWD_3886_Inbound_AdultReturn_a9f4b9e2-e9ea-4456-80e3-47fe03b77367_639196400873165727.xml,SWWD,Go South Coast,Go South Coast 3886 Inbound,St Peters Place  - Burgate School,price_band_4.3@AdultReturn,4.3
SVCT_5002_Outbound_YoungAdSingle_a9f4b9e2-e9ea-4456-80e3-47fe03b77367_639196403691952767.xml,SVCT,Go South Coast,Go South Coast 5002 Outbound,Newport - Ryde,price_band_3.0@YoungAdSingle,3.0
WDBC_6047_Inbound_ChildReturn_a9f4b9e2-e9ea-4456-80e3-47fe03b77367_639196406336174687.xml,WDBC,Go South Coast,Go South Coast 6047 Inbound,Ringwood Road - Parkstone Grammar School,price_band_5.7@ChildReturn,5.7
SVCT_5105_Inbound_ChildSingle_a9f4b9e2-e9ea-4456-80e3-47fe03b77367_639196404987276346.xml,SVCT,Go South Coast,Go South Coast 5105 Inbound,East Cowes - Newport,price_band_2.4@ChildSingle,2.4
SWWD_3457_Inbound_AdultReturn_a9f4b9e2-e9ea-4456-80e3-47fe03b77367_639196397980356456.xml,SWWD,Go South Coast,Go South Coast 3457 Inbound,Salisbury - Southampton,price_band_4.9@AdultReturn,4.9
SWWD_3311_Inbound_ChildReturn_a9f4b9e2-e9ea-4456-80e3-47fe03b77367_639196394722371011.xml,SWWD,Go South Coast,Go South Coast 3311 Inbound,Coronation Road - Ditchampton,price_band_2.5@ChildReturn,2.5
WDBC_6898_Inbound_ChildSingle_a9f4b9e2-e9ea-4456-80e3-47fe03b77367_639196407421975327.xml,WDBC,Go South Coast,Go South Coast 6898 Inbound,Poole  - ASDA,price_band_1.9@ChildSingle,1.9
TDTR_7642_Outbound_ChildSingle_a9f4b9e2-e9ea-4456-80e3-47fe03b77367_639196410165747803.xml,TDTR,Go South Coast,Go South Coast 7642 Outbound,Hilmarton - Calne,price_band_1.0@ChildSingle,1.0
WDBC_1841_Outbound_ChildSingle_a9f4b9e2-e9ea-4456-80e3-47fe03b77367_639196382165873871.xml,WDBC,Go South Coast,Go South Coast 1841 Outbound,Bournemouth - Mudeford and Somerford,price_band_2.2@ChildSingle,2.2
WDBC_1724_Inbound_ChildReturn_a9f4b9e2-e9ea-4456-80e3-47fe03b77367_639196379011819398.xml,WDBC,Go South Coast,Go South Coast 1724 Inbound,Bloxworth - Lytchett Minster School,price_band_4.2@ChildReturn,4.2
SWWD_3886_Outbound_AdultSingle_a9f4b9e2-e9ea-4456-80e3-47fe03b77367_639196400888306245.xml,SWWD,Go South Coast,Go South Coast 3886 Outbound,St Peters Place  - Burgate School,price_band_2.8@AdultSingle,2.8
SWWD_3303_Inbound_ChildSingle_a9f4b9e2-e9ea-4456-80e3-47fe03b77367_639196394405323604.xml,SWWD,Go South Coast,Go South Coast 3303 Inbound,City Centre - Ditchampton,price_band_1.9@ChildSingle,1.9
TDTR_3620_Inbound_AdultSingle_a9f4b9e2-e9ea-4456-80e3-47fe03b77367_639196399604584211.xml,TDTR,Go South Coast,Go South Coast 3620 Inbound,Hungerford Priory  - St Johns Sch,price_band_1.6@AdultSingle,1.6
WDBC_1054_Inbound_ChildReturn_a9f4b9e2-e9ea-4456-80e3-47fe03b77367_639196376502901644.xml,WDBC,Go South Coast,Go South Coast 1054 Inbound,Poole - Wimborne,price_band_4.6@ChildReturn,4.6
TDTR_7046_Outbound_ChildReturn_a9f4b9e2-e9ea-4456-80e3-47fe03b77367_639196408448353921.xml,TDTR,Go South Coast,Go South Coast 7046 Outbound,Swindon - Hungerford,price_band_2.4@ChildReturn,2.4
TDTR_7146_Outbound_ChildReturn_a9f4b9e2-e9ea-4456-80e3-47fe03b77367_639196409098340196.xml,TDTR,Go South Coast,Go South Coast 7146 Outbound,Swindon - Hungerford,price_band_1.8@ChildReturn,1.8
WDBC_2001_Inbound_ChildReturn_a9f4b9e2-e9ea-4456-80e3-47fe03b77367_639196384347707226.xml,WDBC,Go South Coast,Go South Coast 2001 Inbound,Bournemouth - Lymington,price_band_3.1@ChildReturn,3.1
WDBC_6047_Outbound_ChildSingle_a9f4b9e2-e9ea-4456-80e3-47fe03b77367_639196406360960623.xml,WDBC,Go South Coast,Go South Coast 6047 Outbound,Ringwood Road - Parkstone Grammar School,price_band_3.4@ChildSingle,3.4
SWWD_3137_Outbound_AdultSingle_a9f4b9e2-e9ea-4456-80e3-47fe03b77367_639196393452184671.xml,SWWD,Go South Coast,Go South Coast 3137 Outbound,Salisbury - West Dean,price_band_3.0@AdultSingle,3.0
WDBC_1950_Outbound_ChildSingle_2f1f0c04-770d-4707-ab06-213c5a798ad7_639196384045180142.xml,WDBC,Go South Coast,Go South Coast 1950 Outbound,Bournemouth - Swanage,price_band_1.0@ChildSingle,1.0
WDBC_6448_Inbound_ChildSingle_a9f4b9e2-e9ea-4456-80e3-47fe03b77367_639196406849977314.xml,WDBC,Go South Coast,Go South Coast 6448 Inbound,Furnell Road - Parkstone Grammar,price_band_3.1@ChildSingle,3.1
WDBC_8409_Outbound_AdultSingle_a9f4b9e2-e9ea-4456-80e3-47fe03b77367_639196410420358607.xml,WDBC,Go South Coast,Go South Coast 8409 Outbound,Lyndhurst - Exbury GREEN,price_band_6.0@AdultSingle,6.0
TDTR_7146_Outbound_ChildReturn_a9f4b9e2-e9ea-4456-80e3-47fe03b77367_639196409098340196.xml,TDTR,Go South Coast,Go South Coast 7146 Outbound,Swindon - Hungerford,price_band_3.3@ChildReturn,3.3
WDBC_6418_Outbound_AdultReturn_a9f4b9e2-e9ea-4456-80e3-47fe03b77367_639196406722279593.xml,WDBC,Go South Coast,Go South Coast 6418 Outbound,Sandbanks Ferry - Poole Grammar School,price_band_4.3@AdultReturn,4.3
SWWD_3684_Inbound_AdultSingle_a9f4b9e2-e9ea-4456-80e3-47fe03b77367_639196400268803265.xml,SWWD,Go South Coast,Go South Coast 3684 Inbound,Coombe Bissett - Burgate,price_band_4.2@AdultSingle,4.2
WDBC_1762_Outbound_AdultSingle_a9f4b9e2-e9ea-4456-80e3-47fe03b77367_639196379169279805.xml,WDBC,Go South Coast,Go South Coast 1762 Outbound,Merley - Corfe Hills,price_band_2.9@AdultSingle,2.9
TDTR_7180_Outbound_YoungPersonRtn_a9f4b9e2-e9ea-4456-80e3-47fe03b77367_639196409548679878.xml,TDTR,Go South Coast,Go South Coast 7180 Outbound,Marlborough - Ludgershall,price_band_2.8@YoungPersonRtn,2.8
BLUS_4128_Inbound_AdultSingle_a9f4b9e2-e9ea-4456-80e3-47fe03b77367_639196402786403862.xml,BLUS,Go South Coast,Go South Coast 4128 Inbound,Highfield - Southampton Science Park,price_band_2.6@AdultSingle,2.6
SWWD_3002_Inbound_ChildSingle_a9f4b9e2-e9ea-4456-80e3-47fe03b77367_639196390247575616.xml,SWWD,Go South Coast,Go South Coast 3002 Inbound,Salisbury - Devizes,price_band_2.5@ChildSingle,2.5
SWWD_3407_Outbound_ChildReturn_a9f4b9e2-e9ea-4456-80e3-47fe03b77367_639196397524240595.xml,SWWD,Go South Coast,Go South Coast 3407 Outbound,Salisbury - Southampton,price_band_4.5@ChildReturn,4.5
WDBC_1035_Inbound_ChildSingle_a9f4b9e2-e9ea-4456-80e3-47fe03b77367_639196374583091701.xml,WDBC,Go South Coast,Go South Coast 1035 Inbound,Swanage - Wareham,price_band_2.5@ChildSingle,2.5
DAMY_6307_Outbound_ChildSingle_a9f4b9e2-e9ea-4456-80e3-47fe03b77367_639196406441081124.xml,DAMY,Go South Coast,Go South Coast 6307 Outbound,Blandford - Shaftesbury,price_band_1.3@ChildSingle,1.3
DAMY_6307_Inbound_ChildReturn_a9f4b9e2-e9ea-4456-80e3-47fe03b77367_639196406428329780.xml,DAMY,Go South Coast,Go South Coast 6307 Inbound,Blandford - Shaftesbury,price_band_2.5@ChildReturn,2.5
WDBC_1818_Inbound_AdultSingle_a9f4b9e2-e9ea-4456-80e3-47fe03b77367_639196380144261180.xml,WDBC,Go South Coast,Go South Coast 1818 Inbound,Bournemouth - Broadstone,price_band_2.8@AdultSingle,2.8
SWWD_3451_Outbound_ChildSingle_a9f4b9e2-e9ea-4456-80e3-47fe03b77367_639196397907893326.xml,SWWD,Go South Coast,Go South Coast 3451 Outbound,Salisbury - Sling - Larkhill,price_band_2.2@ChildSingle,2.2
TDTR_7051_Inbound_AdultSingle_a9f4b9e2-e9ea-4456-80e3-47fe03b77367_639196408563470825.xml,TDTR,Go South Coast,Go South Coast 7051 Inbound,Fleming Way - Deer's Leap,price_band_2.0@AdultSingle,2.0
SWWD_3677_Outbound_ChildSingle_a9f4b9e2-e9ea-4456-80e3-47fe03b77367_639196400235205687.xml,SWWD,Go South Coast,Go South Coast 3677 Outbound,Stratford Road Grammar School - West Wellow,price_band_2.5@ChildSingle,2.5
WDBC_1170_Outbound_ChildSingle_a9f4b9e2-e9ea-4456-80e3-47fe03b77367_639196378486419292.xml,WDBC,Go South Coast,Go South Coast 1170 Outbound,Rockley Park - Hengistbury Head,price_band_2.3@ChildSingle,2.3
DAMY_6307_Outbound_ChildSingle_a9f4b9e2-e9ea-4456-80e3-47fe03b77367_639196406441081124.xml,DAMY,Go South Coast,Go South Coast 6307 Outbound,Blandford - Shaftesbury,price_band_2.2@ChildSingle,2.2
WDBC_1801_Outbound_AdultReturn_a9f4b9e2-e9ea-4456-80e3-47fe03b77367_639196379483946217.xml,WDBC,Go South Coast,Go South Coast 1801 Outbound,Bournemouth - Christchurch,price_band_4.7@AdultReturn,4.7
SWWD_3677_Inbound_ChildReturn_a9f4b9e2-e9ea-4456-80e3-47fe03b77367_639196400161512315.xml,SWWD,Go South Coast,Go South Coast 3677 Inbound,Stratford Road Grammar School - West Wellow,price_band_4.5@ChildReturn,4.5
WDBC_2002_Inbound_AdultSingle_2f1f0c04-770d-4707-ab06-213c5a798ad7_639196385228949871.xml,WDBC,Go South Coast,Go South Coast 2002 Inbound,Bournemouth - Lymington,price_band_2.5@AdultSingle,2.5
BLUS_4007_Outbound_AdultSingle_eed5e2e8-c472-41af-825e-db09ec887334_639196401396961311.xml,BLUS,Go South Coast,Go South Coast 4007 Outbound,Lordshill - Sholing,price_band_1.0@AdultSingle,1.0
WDBC_1908_Outbound_ChildSingle_d46597a9-440e-4c13-b49a-76a3986683d1_639196383504614848.xml,WDBC,Go South Coast,Go South Coast 1908 Outbound,Poole - Blandford,price_band_2.1@ChildSingle,2.1
TDTR_7536_Outbound_AdultSingle_a9f4b9e2-e9ea-4456-80e3-47fe03b77367_639196409869400846.xml,TDTR,Go South Coast,Go South Coast 7536 Outbound,Stanford In The Vale - Shrivenham,price_band_5.2@AdultSingle,5.2
WDBC_3882_Outbound_AdultSingle_a9f4b9e2-e9ea-4456-80e3-47fe03b77367_639196400647091595.xml,WDBC,Go South Coast,Go South Coast 3882 Outbound,Stratford Road Grammar School - Burgate School,price_band_2.9@AdultSingle,2.9
SWWD_3008_Outbound_AdultReturn_a9f4b9e2-e9ea-4456-80e3-47fe03b77367_639196390919631158.xml,SWWD,Go South Coast,Go South Coast 3008 Outbound,Salisbury - Zouch Estate,price_band_4.2@AdultReturn,4.2
SWWD_3883_Outbound_AdultSingle_a9f4b9e2-e9ea-4456-80e3-47fe03b77367_639196400690757195.xml,SWWD,Go South Coast,Go South Coast 3883 Outbound,Bishopdown Farm  - Burgate School,price_band_2.1@AdultSingle,2.1
WDBC_6185_Outbound_ChildSingle_a9f4b9e2-e9ea-4456-80e3-47fe03b77367_639196406397979454.xml,WDBC,Go South Coast,Go South Coast 6185 Outbound,Blandford - Blandford Sch,price_band_2.0@ChildSingle,2.0
WDBC_6415_Outbound_ChildReturn_a9f4b9e2-e9ea-4456-80e3-47fe03b77367_639196406567395495.xml,WDBC,Go South Coast,Go South Coast 6415 Outbound,St Anns Hospital - Poole Grammar School,price_band_3.7@ChildReturn,3.7
WDBC_2002_Inbound_ChildReturn_a9f4b9e2-e9ea-4456-80e3-47fe03b77367_639196385115015873.xml,WDBC,Go South Coast,Go South Coast 2002 Inbound,Bournemouth - Lymington,price_band_5.1@ChildReturn,5.1
SWWD_3726_Inbound_ChildSingle_a9f4b9e2-e9ea-4456-80e3-47fe03b77367_639196400346811942.xml,SWWD,Go South Coast,Go South Coast 3726 Inbound,Salisbury - East Knoyle,price_band_1.9@ChildSingle,1.9
WDBC_8279_Outbound_ChildSingle_a9f4b9e2-e9ea-4456-80e3-47fe03b77367_639196410387977963.xml,WDBC,Go South Coast,Go South Coast 8279 Outbound,New Milton - Brockenhurst BLUE,price_band_12.0@ChildSingle,12.0
SWWD_3407_Inbound_ChildReturn_a9f4b9e2-e9ea-4456-80e3-47fe03b77367_639196397082357240.xml,SWWD,Go South Coast,Go South Coast 3407 Inbound,Salisbury - Southampton,price_band_2.6@ChildReturn,2.6
WDBC_6047_Inbound_ChildReturn_a9f4b9e2-e9ea-4456-80e3-47fe03b77367_639196406336174687.xml,WDBC,Go South Coast,Go South Coast 6047 Inbound,Ringwood Road - Parkstone Grammar School,price_band_2.4@ChildReturn,2.4
WDBC_1805_Outbound_AdultSingle_a9f4b9e2-e9ea-4456-80e3-47fe03b77367_639196379795976746.xml,WDBC,Go South Coast,Go South Coast 1805 Outbound,Bournemouth - Kinson,price_band_2.3@AdultSingle,2.3
SWWD_3002_Inbound_ChildReturn_a9f4b9e2-e9ea-4456-80e3-47fe03b77367_639196390217555892.xml,SWWD,Go South Coast,Go South Coast 3002 Inbound,Salisbury - Devizes,price_band_2.7@ChildReturn,2.7
SWWD_3650_Inbound_ChildReturn_a9f4b9e2-e9ea-4456-80e3-47fe03b77367_639196399981805086.xml,SWWD,Go South Coast,Go South Coast 3650 Inbound,Laverstock Schools  - West Harnham,price_band_2.5@ChildReturn,2.5
TDTR_7053_Inbound_AdultSingle_a9f4b9e2-e9ea-4456-80e3-47fe03b77367_639196408592850504.xml,TDTR,Go South Coast,Go South Coast 7053 Inbound,Fleming Way - South Marston,price_band_3.0@AdultSingle,3.0
TDTR_3820_Inbound_ChildSingle_a9f4b9e2-e9ea-4456-80e3-47fe03b77367_639196400543008094.xml,TDTR,Go South Coast,Go South Coast 3820 Inbound,Marlborough - Newbury,price_band_1.0@ChildSingle,1.0
BLUS_4026_Inbound_ChildSingle_f15d1b06-486f-433a-8991-95f1a97a87e0_639196402505535424.xml,BLUS,Go South Coast,Go South Coast 4026 Inbound,Southampton - Whiteley,price_band_1.0@ChildSingle,1.0
WDBC_1054_Inbound_AdultReturn_a9f4b9e2-e9ea-4456-80e3-47fe03b77367_639196376467401475.xml,WDBC,Go South Coast,Go South Coast 1054 Inbound,Poole - Wimborne,price_band_6.0@AdultReturn,6.0
WDBC_1841_Outbound_ChildSingle_d46597a9-440e-4c13-b49a-76a3986683d1_639196382402216939.xml,WDBC,Go South Coast,Go South Coast 1841 Outbound,Bournemouth - Mudeford and Somerford,price_band_1.0@ChildSingle,1.0
WDBC_2024_Outbound_ChildReturn_a9f4b9e2-e9ea-4456-80e3-47fe03b77367_639196386257031263.xml,WDBC,Go South Coast,Go South Coast 2024 Outbound,Castlepoint - Christchurch,price_band_3.2@ChildReturn,3.2
SWWD_3402_Outbound_ChildReturn_a9f4b9e2-e9ea-4456-80e3-47fe03b77367_639196396010784145.xml,SWWD,Go South Coast,Go South Coast 3402 Outbound,Salisbury - Devizes,price_band_3.6@ChildReturn,3.6
WDBC_1805_Inbound_ChildSingle_a9f4b9e2-e9ea-4456-80e3-47fe03b77367_639196379759134214.xml,WDBC,Go South Coast,Go South Coast 1805 Inbound,Bournemouth - Kinson,price_band_2.2@ChildSingle,2.2
SWWD_3684_Inbound_ChildSingle_a9f4b9e2-e9ea-4456-80e3-47fe03b77367_639196400279500602.xml,SWWD,Go South Coast,Go South Coast 3684 Inbound,Coombe Bissett - Burgate,price_band_1.9@ChildSingle,1.9
SWWD_3885_Outbound_ChildSingle_a9f4b9e2-e9ea-4456-80e3-47fe03b77367_639196400823412285.xml,SWWD,Go South Coast,Go South Coast 3885 Outbound,Whaddon - Burgate School,price_band_2.9@ChildSingle,2.9
SWWD_3108_Outbound_ChildSingle_a9f4b9e2-e9ea-4456-80e3-47fe03b77367_639196392478885861.xml,SWWD,Go South Coast,Go South Coast 3108 Outbound,Salisbury - Zouch Estate,price_band_2.2@ChildSingle,2.2
TDTR_7076_Outbound_YoungPersonSgl_a9f4b9e2-e9ea-4456-80e3-47fe03b77367_639196408750618859.xml,TDTR,Go South Coast,Go South Coast 7076 Outbound,Marlborough - Bath,price_band_1.7@YoungPersonSgl,1.7
BLUS_4011_Outbound_AdultSingle_a9f4b9e2-e9ea-4456-80e3-47fe03b77367_639196401717798014.xml,BLUS,Go South Coast,Go South Coast 4011 Outbound,Southampton - West Totton,price_band_3.0@AdultSingle,3.0
BLUS_4014_Inbound_AdultSingle_f15d1b06-486f-433a-8991-95f1a97a87e0_639196401864632924.xml,BLUS,Go South Coast,Go South Coast 4014 Inbound,Southampton - Hedge End,price_band_1.0@AdultSingle,1.0
SWWD_7201_Inbound_ChildReturn_a9f4b9e2-e9ea-4456-80e3-47fe03b77367_639196409634398062.xml,SWWD,Go South Coast,Go South Coast 7201 Inbound,Figheldean - Salisbury,price_band_3.9@ChildReturn,3.9
DAMY_6905_Outbound_AdultSingle_a9f4b9e2-e9ea-4456-80e3-47fe03b77367_639196407729724981.xml,DAMY,Go South Coast,Go South Coast 6905 Outbound,Warmwell - Dorchester,price_band_3.0@AdultSingle,3.0
SWWD_3008_Inbound_ChildReturn_a9f4b9e2-e9ea-4456-80e3-47fe03b77367_639196390712342619.xml,SWWD,Go South Coast,Go South Coast 3008 Inbound,Salisbury - Zouch Estate,price_band_5.3@ChildReturn,5.3
WDBC_1837_Inbound_AdultSingle_a9f4b9e2-e9ea-4456-80e3-47fe03b77367_639196381838266030.xml,WDBC,Go South Coast,Go South Coast 1837 Inbound,Bournemouth - Bournemouth International Airport,price_band_2.3@AdultSingle,2.3
BLUS_4815_Outbound_AdultReturn_a9f4b9e2-e9ea-4456-80e3-47fe03b77367_639196403538361956.xml,BLUS,Go South Coast,Go South Coast 4815 Outbound,Boyatt Wood - Eastleigh,price_band_4.5@AdultReturn,4.5
WDBC_1644_Outbound_ChildSingle_a9f4b9e2-e9ea-4456-80e3-47fe03b77367_639196378965226105.xml,WDBC,Go South Coast,Go South Coast 1644 Outbound,Westbourne - Talbot Campus,price_band_2.1@ChildSingle,2.1
BLUS_4021_Outbound_AdultSingle_f15d1b06-486f-433a-8991-95f1a97a87e0_639196402366978156.xml,BLUS,Go South Coast,Go South Coast 4021 Outbound,Southampton - Lordshill,price_band_1.0@AdultSingle,1.0
WDBC_2775_Outbound_AdultReturn_a9f4b9e2-e9ea-4456-80e3-47fe03b77367_639196387499276152.xml,WDBC,Go South Coast,Go South Coast 2775 Outbound,Milford on Sea - Priestlands School,price_band_5.1@AdultReturn,5.1
WDBC_1841_Inbound_AdultSingle_a9f4b9e2-e9ea-4456-80e3-47fe03b77367_639196381980968349.xml,WDBC,Go South Coast,Go South Coast 1841 Inbound,Bournemouth - Mudeford and Somerford,price_band_2.8@AdultSingle,2.8
WDBC_6419_Outbound_AdultSingle_a9f4b9e2-e9ea-4456-80e3-47fe03b77367_639196406811265190.xml,WDBC,Go South Coast,Go South Coast 6419 Outbound,Compton Avenue - Poole Grammar,price_band_3.2@AdultSingle,3.2
BLUS_3135_Outbound_ChildReturn_a9f4b9e2-e9ea-4456-80e3-47fe03b77367_639196393320007740.xml,BLUS,Go South Coast,Go South Coast 3135 Outbound,Romsey - Braishfield,price_band_3.0@ChildReturn,3.0
SWWD_3684_Outbound_AdultReturn_a9f4b9e2-e9ea-4456-80e3-47fe03b77367_639196400285449956.xml,SWWD,Go South Coast,Go South Coast 3684 Outbound,Coombe Bissett - Burgate,price_band_5.4@AdultReturn,5.4
SVCT_8503_Outbound_AdultReturn_a9f4b9e2-e9ea-4456-80e3-47fe03b77367_639196410664531516.xml,SVCT,Go South Coast,Go South Coast 8503 Outbound,Needles - Breezer,price_band_8.0@AdultReturn,8.0
BLUS_4012_Inbound_ChildReturn_a9f4b9e2-e9ea-4456-80e3-47fe03b77367_639196401745764677.xml,BLUS,Go South Coast,Go South Coast 4012 Inbound,Southampton - Calmore,price_band_4.0@ChildReturn,4.0
SVCT_5002_Outbound_ChildSingle_a9f4b9e2-e9ea-4456-80e3-47fe03b77367_639196403664470097.xml,SVCT,Go South Coast,Go South Coast 5002 Outbound,Newport - Ryde,price_band_2.4@ChildSingle,2.4
WDBC_1001_Inbound_AdultSingle_2f1f0c04-770d-4707-ab06-213c5a798ad7_639196369279473613.xml,WDBC,Go South Coast,Go South Coast 1001 Inbound,Poole - Bournemouth Hospital,price_band_1.0@AdultSingle,1.0
SWWD_3125_Inbound_ChildReturn_a9f4b9e2-e9ea-4456-80e3-47fe03b77367_639196392828778045.xml,SWWD,Go South Coast,Go South Coast 3125 Inbound,South Wilts Grammar School - Hindon,price_band_6.0@ChildReturn,6.0
BLUS_4024_Inbound_ChildSingle_f15d1b06-486f-433a-8991-95f1a97a87e0_639196402459647420.xml,BLUS,Go South Coast,Go South Coast 4024 Inbound,Eastleigh - Hedge End,price_band_1.0@ChildSingle,1.0
SWWD_3886_Outbound_AdultReturn_a9f4b9e2-e9ea-4456-80e3-47fe03b77367_639196400901643893.xml,SWWD,Go South Coast,Go South Coast 3886 Outbound,St Peters Place  - Burgate School,price_band_3.7@AdultReturn,3.7
TDTR_7042_Outbound_ChildSingle_a9f4b9e2-e9ea-4456-80e3-47fe03b77367_639196408331477297.xml,TDTR,Go South Coast,Go South Coast 7042 Outbound,Calne - St John's School,price_band_1.8@ChildSingle,1.8
WDBC_2002_Outbound_ChildReturn_a9f4b9e2-e9ea-4456-80e3-47fe03b77367_639196385418186648.xml,WDBC,Go South Coast,Go South Coast 2002 Outbound,Bournemouth - Lymington,price_band_4.0@ChildReturn,4.0
TDTR_7826_Inbound_ChildSingle_a9f4b9e2-e9ea-4456-80e3-47fe03b77367_639196410202835355.xml,TDTR,Go South Coast,Go South Coast 7826 Inbound,Draycot Foliat - Ridgeway School,price_band_3.3@ChildSingle,3.3
WDBC_2604_Outbound_AdultReturn_a9f4b9e2-e9ea-4456-80e3-47fe03b77367_639196386990506976.xml,WDBC,Go South Coast,Go South Coast 2604 Outbound,Langley Farm - Brockenhurst College,price_band_4.0@AdultReturn,4.0
WDBC_1837_Outbound_ChildReturn_a9f4b9e2-e9ea-4456-80e3-47fe03b77367_639196381943039249.xml,WDBC,Go South Coast,Go South Coast 1837 Outbound,Bournemouth - Bournemouth International Airport,price_band_3.0@ChildReturn,3.0
TDTR_7080_Outbound_AdultSingle_a9f4b9e2-e9ea-4456-80e3-47fe03b77367_639196408832630581.xml,TDTR,Go South Coast,Go South Coast 7080 Outbound,Swindon - Marlborough,price_band_2.9@AdultSingle,2.9
WDBC_1040_Inbound_ChildSingle_2f1f0c04-770d-4707-ab06-213c5a798ad7_639196375060016169.xml,WDBC,Go South Coast,Go South Coast 1040 Inbound,Swanage - Poole,price_band_3.0@ChildSingle,3.0
WDBC_1112_Inbound_AdultSingle_c8ecdd78-25f4-44ca-849f-b46b34af3909_639196377509593935.xml,WDBC,Go South Coast,Go South Coast 1112 Inbound,Poole  - Christchurch,price_band_3.0@AdultSingle,3.0
WDBC_1013_Inbound_AdultSingle_d46597a9-440e-4c13-b49a-76a3986683d1_639196371327948124.xml,WDBC,Go South Coast,Go South Coast 1013 Inbound,Bournemouth - Wimborne,price_band_1.0@AdultSingle,1.0
WDBC_1789_Inbound_AdultReturn_a9f4b9e2-e9ea-4456-80e3-47fe03b77367_639196379289700065.xml,WDBC,Go South Coast,Go South Coast 1789 Inbound,Bournemouth School for Girls - Lymington,price_band_3.8@AdultReturn,3.8
SWWD_3008_Inbound_ChildReturn_a9f4b9e2-e9ea-4456-80e3-47fe03b77367_639196390712342619.xml,SWWD,Go South Coast,Go South Coast 3008 Inbound,Salisbury - Zouch Estate,price_band_3.2@ChildReturn,3.2
WDBC_6943_Inbound_ChildReturn_a9f4b9e2-e9ea-4456-80e3-47fe03b77367_639196407994428424.xml,WDBC,Go South Coast,Go South Coast 6943 Inbound,Lulworth - Weymouth,price_band_3.6@ChildReturn,3.6
SWWD_3900_Outbound_AdultSingle_a9f4b9e2-e9ea-4456-80e3-47fe03b77367_639196400910317403.xml,SWWD,Go South Coast,Go South Coast 3900 Outbound,Devizes - Marlborough,price_band_3.0@AdultSingle,3.0
BLUS_3635_Inbound_ChildReturn_a9f4b9e2-e9ea-4456-80e3-47fe03b77367_639196399720681071.xml,BLUS,Go South Coast,Go South Coast 3635 Inbound,Romsey - Ampfield,price_band_4.2@ChildReturn,4.2
SWWD_3327_Inbound_ChildSingle_a9f4b9e2-e9ea-4456-80e3-47fe03b77367_639196395477382755.xml,SWWD,Go South Coast,Go South Coast 3327 Inbound,Salisbury - Shaftesbury,price_band_1.9@ChildSingle,1.9
WDBC_6903_Outbound_ChildReturn_a9f4b9e2-e9ea-4456-80e3-47fe03b77367_639196407677198414.xml,WDBC,Go South Coast,Go South Coast 6903 Outbound,Swanage - Lulworth,price_band_3.9@ChildReturn,3.9
WDBC_2002_Inbound_ChildSingle_d46597a9-440e-4c13-b49a-76a3986683d1_639196385309242072.xml,WDBC,Go South Coast,Go South Coast 2002 Inbound,Bournemouth - Lymington,price_band_2.1@ChildSingle,2.1
BLUS_3635_Outbound_AdultReturn_a9f4b9e2-e9ea-4456-80e3-47fe03b77367_639196399731120557.xml,BLUS,Go South Coast,Go South Coast 3635 Outbound,Romsey - Ampfield,price_band_4.2@AdultReturn,4.2
WDBC_1903_Inbound_ChildSingle_a9f4b9e2-e9ea-4456-80e3-47fe03b77367_639196383195113160.xml,WDBC,Go South Coast,Go South Coast 1903 Inbound,Poole - Wimborne,price_band_2.5@ChildSingle,2.5
TDTR_3820_Inbound_ChildReturn_a9f4b9e2-e9ea-4456-80e3-47fe03b77367_639196400547070977.xml,TDTR,Go South Coast,Go South Coast 3820 Inbound,Marlborough - Newbury,price_band_2.2@ChildReturn,2.2
SWWD_3407_Inbound_ChildSingle_a9f4b9e2-e9ea-4456-80e3-47fe03b77367_639196397053560369.xml,SWWD,Go South Coast,Go South Coast 3407 Inbound,Salisbury - Southampton,price_band_2.9@ChildSingle,2.9
BLUS_4103_Inbound_AdultSingle_a9f4b9e2-e9ea-4456-80e3-47fe03b77367_639196402595704733.xml,BLUS,Go South Coast,Go South Coast 4103 Inbound,Southampton - Eastleigh,price_band_3.0@AdultSingle,3.0
SWWD_3675_Inbound_ChildSingle_a9f4b9e2-e9ea-4456-80e3-47fe03b77367_639196400110369936.xml,SWWD,Go South Coast,Go South Coast 3675 Inbound,Castle Road - Amesbury,price_band_2.1@ChildSingle,2.1
WDBC_1006_Inbound_ChildSingle_a9f4b9e2-e9ea-4456-80e3-47fe03b77367_639196370701252720.xml,WDBC,Go South Coast,Go South Coast 1006 Inbound,Poole - Tower Park,price_band_2.5@ChildSingle,2.5
WDBC_1050_Outbound_ChildReturn_a9f4b9e2-e9ea-4456-80e3-47fe03b77367_639196375675418878.xml,WDBC,Go South Coast,Go South Coast 1050 Outbound,Bournemouth Station - Swanage,price_band_4.6@ChildReturn,4.6
WDBC_1762_Inbound_ChildReturn_a9f4b9e2-e9ea-4456-80e3-47fe03b77367_639196379163418973.xml,WDBC,Go South Coast,Go South Coast 1762 Inbound,Merley - Corfe Hills,price_band_4.3@ChildReturn,4.3
SVCT_5101_Inbound_AdultReturn_3671b4f4-9506-487f-90cc-04a86e0aac39_639196404704814912.xml,SVCT,Go South Coast,Go South Coast 5101 Inbound,Cowes - Newport,price_band_6.0@AdultReturn,6.0
SWWD_3677_Inbound_AdultReturn_a9f4b9e2-e9ea-4456-80e3-47fe03b77367_639196400139571143.xml,SWWD,Go South Coast,Go South Coast 3677 Inbound,Stratford Road Grammar School - West Wellow,price_band_4.5@AdultReturn,4.5
SWWD_3137_Outbound_AdultReturn_a9f4b9e2-e9ea-4456-80e3-47fe03b77367_639196393461843931.xml,SWWD,Go South Coast,Go South Coast 3137 Outbound,Salisbury - West Dean,price_band_6.0@AdultReturn,6.0
SWWD_3726_Inbound_AdultSingle_a9f4b9e2-e9ea-4456-80e3-47fe03b77367_639196400318004126.xml,SWWD,Go South Coast,Go South Coast 3726 Inbound,Salisbury - East Knoyle,price_band_2.7@AdultSingle,2.7
TDTR_7067_Inbound_YoungPersonSgl_a9f4b9e2-e9ea-4456-80e3-47fe03b77367_639196408659892155.xml,TDTR,Go South Coast,Go South Coast 7067 Inbound,Penhill - Park South,price_band_1.8@YoungPersonSgl,1.8
SWWD_3029_Inbound_ChildSingle_a9f4b9e2-e9ea-4456-80e3-47fe03b77367_639196391365576655.xml,SWWD,Go South Coast,Go South Coast 3029 Inbound,Salisbury - Shaftesbury,price_band_1.9@ChildSingle,1.9
SWWD_3310_Outbound_ChildSingle_a9f4b9e2-e9ea-4456-80e3-47fe03b77367_639196394679555465.xml,SWWD,Go South Coast,Go South Coast 3310 Outbound,City Centre - St Peters Place,price_band_1.9@ChildSingle,1.9
TDTR_7046_Inbound_ChildReturn_a9f4b9e2-e9ea-4456-80e3-47fe03b77367_639196408411798946.xml,TDTR,Go South Coast,Go South Coast 7046 Inbound,Swindon - Hungerford,price_band_3.0@ChildReturn,3.0
TDTR_7061_Inbound_AdultSingle_a9f4b9e2-e9ea-4456-80e3-47fe03b77367_639196408608005271.xml,TDTR,Go South Coast,Go South Coast 7061 Inbound,Great Western Hospital - Middleleaze,price_band_2.2@AdultSingle,2.2
WDBC_2186_Outbound_AdultReturn_a9f4b9e2-e9ea-4456-80e3-47fe03b77367_639196386768264192.xml,WDBC,Go South Coast,Go South Coast 2186 Outbound,Southampton - Lymington,price_band_4.9@AdultReturn,4.9
SWWD_7086_Outbound_AdultReturn_a9f4b9e2-e9ea-4456-80e3-47fe03b77367_639196408898404039.xml,SWWD,Go South Coast,Go South Coast 7086 Outbound,Ansty - Shaftesbury,price_band_4.7@AdultReturn,4.7
WDBC_2906_Outbound_ChildReturn_a9f4b9e2-e9ea-4456-80e3-47fe03b77367_639196388242674616.xml,WDBC,Go South Coast,Go South Coast 2906 Outbound,Poole - Ringwood,price_band_4.0@ChildReturn,4.0
SWWD_3883_Outbound_AdultReturn_a9f4b9e2-e9ea-4456-80e3-47fe03b77367_639196400696963986.xml,SWWD,Go South Coast,Go South Coast 3883 Outbound,Bishopdown Farm  - Burgate School,price_band_4.2@AdultReturn,4.2
SWWD_3457_Outbound_AdultReturn_a9f4b9e2-e9ea-4456-80e3-47fe03b77367_639196398219453971.xml,SWWD,Go South Coast,Go South Coast 3457 Outbound,Salisbury - Southampton,price_band_4.5@AdultReturn,4.5
WDBC_6418_Outbound_ChildSingle_a9f4b9e2-e9ea-4456-80e3-47fe03b77367_639196406763434311.xml,WDBC,Go South Coast,Go South Coast 6418 Outbound,Sandbanks Ferry - Poole Grammar School,price_band_1.7@ChildSingle,1.7
WDBC_1054_Inbound_AdultSingle_d46597a9-440e-4c13-b49a-76a3986683d1_639196376557939977.xml,WDBC,Go South Coast,Go South Coast 1054 Inbound,Poole - Wimborne,price_band_1.0@AdultSingle,1.0
WDBC_1021_Inbound_ChildReturn_a9f4b9e2-e9ea-4456-80e3-47fe03b77367_639196374080460327.xml,WDBC,Go South Coast,Go South Coast 1021 Inbound,Bournemouth - High Howe,price_band_3.1@ChildReturn,3.1
SWWD_3138_Inbound_ChildReturn_a9f4b9e2-e9ea-4456-80e3-47fe03b77367_639196393522017998.xml,SWWD,Go South Coast,Go South Coast 3138 Inbound,West Dean  - Laverstock & Grammar,price_band_4.9@ChildReturn,4.9
WDBC_1762_Inbound_ChildSingle_a9f4b9e2-e9ea-4456-80e3-47fe03b77367_639196379158862028.xml,WDBC,Go South Coast,Go South Coast 1762 Inbound,Merley - Corfe Hills,price_band_2.9@ChildSingle,2.9
SWWD_3014_Outbound_ChildSingle_a9f4b9e2-e9ea-4456-80e3-47fe03b77367_639196391287357866.xml,SWWD,Go South Coast,Go South Coast 3014 Outbound,Salisbury - Harnham Hill,price_band_1.9@ChildSingle,1.9
DAMY_6020_Inbound_AdultReturn_a9f4b9e2-e9ea-4456-80e3-47fe03b77367_639196406017983792.xml,DAMY,Go South Coast,Go South Coast 6020 Inbound,Salisbury - Blandford,price_band_5.1@AdultReturn,5.1
TDTR_7046_Inbound_AdultSingle_a9f4b9e2-e9ea-4456-80e3-47fe03b77367_639196408388353117.xml,TDTR,Go South Coast,Go South Coast 7046 Inbound,Swindon - Hungerford,price_band_2.2@AdultSingle,2.2
WDBC_6449_Outbound_ChildReturn_a9f4b9e2-e9ea-4456-80e3-47fe03b77367_639196406968851108.xml,WDBC,Go South Coast,Go South Coast 6449 Outbound,St Osmunds - Parkstone Grammar,price_band_2.9@ChildReturn,2.9
WDBC_2613_Outbound_AdultReturn_a9f4b9e2-e9ea-4456-80e3-47fe03b77367_639196387115374821.xml,WDBC,Go South Coast,Go South Coast 2613 Outbound,Broadstone - Brockenhurst College,price_band_9.1@AdultReturn,9.1
WDBC_1883_Inbound_AdultReturn_a9f4b9e2-e9ea-4456-80e3-47fe03b77367_639196382500736447.xml,WDBC,Go South Coast,Go South Coast 1883 Inbound,Alum Chine - Castlepoint,price_band_4.5@AdultReturn,4.5
TDTR_7053_Outbound_AdultSingle_a9f4b9e2-e9ea-4456-80e3-47fe03b77367_639196408599268833.xml,TDTR,Go South Coast,Go South Coast 7053 Outbound,Fleming Way - South Marston,price_band_2.2@AdultSingle,2.2
SWWD_3125_Inbound_ChildReturn_a9f4b9e2-e9ea-4456-80e3-47fe03b77367_639196392828778045.xml,SWWD,Go South Coast,Go South Coast 3125 Inbound,South Wilts Grammar School - Hindon,price_band_2.7@ChildReturn,2.7
WDBC_1931_Outbound_ChildSingle_a9f4b9e2-e9ea-4456-80e3-47fe03b77367_639196383516011567.xml,WDBC,Go South Coast,Go South Coast 1931 Outbound,Wool - Lulworth,price_band_2.8@ChildSingle,2.8
TDTR_3820_Inbound_ChildReturn_a9f4b9e2-e9ea-4456-80e3-47fe03b77367_639196400547070977.xml,TDTR,Go South Coast,Go South Coast 3820 Inbound,Marlborough - Newbury,price_band_3.9@ChildReturn,3.9
WDBC_2956_Inbound_AdultReturn_a9f4b9e2-e9ea-4456-80e3-47fe03b77367_639196389259023042.xml,WDBC,Go South Coast,Go South Coast 2956 Inbound,Ringwood - Bournemouth,price_band_6.0@AdultReturn,6.0
TDTR_7009_Outbound_AdultSingle_a9f4b9e2-e9ea-4456-80e3-47fe03b77367_639196408108053481.xml,TDTR,Go South Coast,Go South Coast 7009 Outbound,Swindon - Wroughton,price_band_2.8@AdultSingle,2.8
SWWD_3405_Outbound_ChildSingle_a9f4b9e2-e9ea-4456-80e3-47fe03b77367_639196396786684282.xml,SWWD,Go South Coast,Go South Coast 3405 Outbound,Salisbury - Pewsey,price_band_1.9@ChildSingle,1.9
WDBC_1802_Outbound_ChildSingle_2f1f0c04-770d-4707-ab06-213c5a798ad7_639196379646486674.xml,WDBC,Go South Coast,Go South Coast 1802 Outbound,Bournemouth - Castlepoint,price_band_1.0@ChildSingle,1.0
WDBC_1050_Outbound_AdultSingle_2f1f0c04-770d-4707-ab06-213c5a798ad7_639196375715920407.xml,WDBC,Go South Coast,Go South Coast 1050 Outbound,Bournemouth Station - Swanage,price_band_1.0@AdultSingle,1.0
WDBC_1021_Outbound_AdultSingle_a9f4b9e2-e9ea-4456-80e3-47fe03b77367_639196374149013282.xml,WDBC,Go South Coast,Go South Coast 1021 Outbound,Bournemouth - High Howe,price_band_2.8@AdultSingle,2.8
SVCT_5112_Inbound_AdultSingle_a9f4b9e2-e9ea-4456-80e3-47fe03b77367_639196405309741698.xml,SVCT,Go South Coast,Go South Coast 5112 Inbound,Alum Bay - Newport,price_band_3.0@AdultSingle,3.0
WDBC_6043_Outbound_ChildSingle_a9f4b9e2-e9ea-4456-80e3-47fe03b77367_639196406305893325.xml,WDBC,Go South Coast,Go South Coast 6043 Outbound,County Gates - Parkstone Grammar School,price_band_3.4@ChildSingle,3.4
WDBC_2191_Outbound_AdultSingle_a9f4b9e2-e9ea-4456-80e3-47fe03b77367_639196386862860165.xml,WDBC,Go South Coast,Go South Coast 2191 Outbound,New Milton - New Milton,price_band_3.0@AdultSingle,3.0
SWWD_3517_Inbound_ChildSingle_a9f4b9e2-e9ea-4456-80e3-47fe03b77367_639196399341524525.xml,SWWD,Go South Coast,Go South Coast 3517 Inbound,New Canal  - Lopcombe Corner,price_band_3.0@ChildSingle,3.0
SWWD_3210_Inbound_ChildReturn_a9f4b9e2-e9ea-4456-80e3-47fe03b77367_639196394069344671.xml,SWWD,Go South Coast,Go South Coast 3210 Inbound,City Centre - St Peters Place,price_band_3.6@ChildReturn,3.6
DAMY_6920_Outbound_ChildSingle_a9f4b9e2-e9ea-4456-80e3-47fe03b77367_639196407806502366.xml,DAMY,Go South Coast,Go South Coast 6920 Outbound,Salisbury - Steam Fair,price_band_2.6@ChildSingle,2.6
WDBC_1035_Inbound_ChildReturn_a9f4b9e2-e9ea-4456-80e3-47fe03b77367_639196374621180380.xml,WDBC,Go South Coast,Go South Coast 1035 Inbound,Swanage - Wareham,price_band_3.8@ChildReturn,3.8
DAMY_3183_Inbound_ChildReturn_a9f4b9e2-e9ea-4456-80e3-47fe03b77367_639196393827698517.xml,DAMY,Go South Coast,Go South Coast 3183 Inbound,Blandford - Weymouth,price_band_3.0@ChildReturn,3.0
SVCT_8511_Inbound_YoungAdSingle_a9f4b9e2-e9ea-4456-80e3-47fe03b77367_639196410792597208.xml,SVCT,Go South Coast,Go South Coast 8511 Inbound,Island Coaster - East,price_band_6.4@YoungAdSingle,6.4
BLUS_4001_Outbound_ChildSingle_eed5e2e8-c472-41af-825e-db09ec887334_639196401008720698.xml,BLUS,Go South Coast,Go South Coast 4001 Outbound,Southampton - Winchester,price_band_1.0@ChildSingle,1.0
WDBC_1646_Outbound_ChildSingle_a9f4b9e2-e9ea-4456-80e3-47fe03b77367_639196378987282391.xml,WDBC,Go South Coast,Go South Coast 1646 Outbound,Dorchester House  - Talbot Campus,price_band_2.1@ChildSingle,2.1
WDBC_1931_Outbound_ChildSingle_a9f4b9e2-e9ea-4456-80e3-47fe03b77367_639196383516011567.xml,WDBC,Go South Coast,Go South Coast 1931 Outbound,Wool - Lulworth,price_band_1.9@ChildSingle,1.9
SWWD_3008_Inbound_ChildReturn_a9f4b9e2-e9ea-4456-80e3-47fe03b77367_639196390712342619.xml,SWWD,Go South Coast,Go South Coast 3008 Inbound,Salisbury - Zouch Estate,price_band_2.5@ChildReturn,2.5
SWWD_3206_Outbound_ChildSingle_a9f4b9e2-e9ea-4456-80e3-47fe03b77367_639196394044612563.xml,SWWD,Go South Coast,Go South Coast 3206 Outbound,Allington - Blue Boar Row,price_band_2.9@ChildSingle,2.9
TDTR_7011_Outbound_AdultSingle_a9f4b9e2-e9ea-4456-80e3-47fe03b77367_639196408134910706.xml,TDTR,Go South Coast,Go South Coast 7011 Outbound,Taw Hill - Middle Wichel,price_band_2.2@AdultSingle,2.2
TDTR_7009_Inbound_YoungPersonSgl_a9f4b9e2-e9ea-4456-80e3-47fe03b77367_639196408105553320.xml,TDTR,Go South Coast,Go South Coast 7009 Inbound,Swindon - Wroughton,price_band_1.8@YoungPersonSgl,1.8
WDBC_1755_Inbound_ChildSingle_a9f4b9e2-e9ea-4456-80e3-47fe03b77367_639196379123503150.xml,WDBC,Go South Coast,Go South Coast 1755 Inbound,Bournemouth Station - Bournemouth School for Girls,price_band_2.9@ChildSingle,2.9
UNIL_4709_Outbound_AdultSingle_a9f4b9e2-e9ea-4456-80e3-47fe03b77367_639196403146089941.xml,UNIL,Go South Coast,Go South Coast 4709 Outbound,Townhill Park - General Hospital,price_band_2.6@AdultSingle,2.6
SWWD_3137_Inbound_ChildReturn_a9f4b9e2-e9ea-4456-80e3-47fe03b77367_639196393388117836.xml,SWWD,Go South Coast,Go South Coast 3137 Inbound,Salisbury - West Dean,price_band_3.8@ChildReturn,3.8
WDBC_1170_Inbound_AdultSingle_d46597a9-440e-4c13-b49a-76a3986683d1_639196378321587570.xml,WDBC,Go South Coast,Go South Coast 1170 Inbound,Rockley Park - Hengistbury Head,price_band_1.0@AdultSingle,1.0
WDBC_2777_Outbound_AdultSingle_a9f4b9e2-e9ea-4456-80e3-47fe03b77367_639196387546859518.xml,WDBC,Go South Coast,Go South Coast 2777 Outbound,New Forest Drive - Lymington,price_band_4.3@AdultSingle,4.3
SWWD_3519_Outbound_AdultReturn_a9f4b9e2-e9ea-4456-80e3-47fe03b77367_639196399445824791.xml,SWWD,Go South Coast,Go South Coast 3519 Outbound,Milford Street - New Canal,price_band_4.2@AdultReturn,4.2
WDBC_6943_Inbound_ChildReturn_a9f4b9e2-e9ea-4456-80e3-47fe03b77367_639196407994428424.xml,WDBC,Go South Coast,Go South Coast 6943 Inbound,Lulworth - Weymouth,price_band_3.0@ChildReturn,3.0
WDBC_1052_Inbound_AdultSingle_a9f4b9e2-e9ea-4456-80e3-47fe03b77367_639196375791206301.xml,WDBC,Go South Coast,Go South Coast 1052 Inbound,Rockley - Sandbanks,price_band_2.3@AdultSingle,2.3
WDBC_1021_Inbound_AdultSingle_d46597a9-440e-4c13-b49a-76a3986683d1_639196374106435203.xml,WDBC,Go South Coast,Go South Coast 1021 Inbound,Bournemouth - High Howe,price_band_1.0@AdultSingle,1.0
SWWD_3885_Inbound_AdultSingle_a9f4b9e2-e9ea-4456-80e3-47fe03b77367_639196400722751492.xml,SWWD,Go South Coast,Go South Coast 3885 Inbound,Whaddon - Burgate School,price_band_2.3@AdultSingle,2.3
WDBC_1833_Outbound_ChildSingle_2f1f0c04-770d-4707-ab06-213c5a798ad7_639196381740835399.xml,WDBC,Go South Coast,Go South Coast 1833 Outbound,Alum Chine - Castlepoint,price_band_1.0@ChildSingle,1.0
DAMY_3183_Inbound_ChildSingle_a9f4b9e2-e9ea-4456-80e3-47fe03b77367_639196393811938325.xml,DAMY,Go South Coast,Go South Coast 3183 Inbound,Blandford - Weymouth,price_band_2.5@ChildSingle,2.5
SVCT_5273_Inbound_AdultSingle_a9f4b9e2-e9ea-4456-80e3-47fe03b77367_639196405702295535.xml,SVCT,Go South Coast,Go South Coast 5273 Inbound,Newport - Ventnor,price_band_3.0@AdultSingle,3.0
BLUS_3634_Outbound_ChildSingle_a9f4b9e2-e9ea-4456-80e3-47fe03b77367_639196399696272220.xml,BLUS,Go South Coast,Go South Coast 3634 Outbound,East Wellow  - Romsey School,price_band_4.5@ChildSingle,4.5
WDBC_1908_Outbound_AdultSingle_d46597a9-440e-4c13-b49a-76a3986683d1_639196383494647937.xml,WDBC,Go South Coast,Go South Coast 1908 Outbound,Poole - Blandford,price_band_2.3@AdultSingle,2.3
WDBC_2956_Outbound_ChildSingle_d46597a9-440e-4c13-b49a-76a3986683d1_639196390123232397.xml,WDBC,Go South Coast,Go South Coast 2956 Outbound,Ringwood - Bournemouth,price_band_1.0@ChildSingle,1.0
BLUS_4005_Outbound_AdultSingle_eed5e2e8-c472-41af-825e-db09ec887334_639196401254449847.xml,BLUS,Go South Coast,Go South Coast 4005 Outbound,Boyatt Wood - Romsey,price_band_1.0@AdultSingle,1.0
SWWD_3327_Outbound_ChildSingle_a9f4b9e2-e9ea-4456-80e3-47fe03b77367_639196395609603542.xml,SWWD,Go South Coast,Go South Coast 3327 Outbound,Salisbury - Shaftesbury,price_band_2.3@ChildSingle,2.3
WDBC_1016_Inbound_AdultReturn_a9f4b9e2-e9ea-4456-80e3-47fe03b77367_639196372039758899.xml,WDBC,Go South Coast,Go South Coast 1016 Inbound,Poole - Bournemouth,price_band_4.7@AdultReturn,4.7
WDBC_1050_Outbound_ChildSingle_a9f4b9e2-e9ea-4456-80e3-47fe03b77367_639196375696950415.xml,WDBC,Go South Coast,Go South Coast 1050 Outbound,Bournemouth Station - Swanage,price_band_1.0@ChildSingle,1.0
SVCT_5107_Inbound_YoungAdSingle_a9f4b9e2-e9ea-4456-80e3-47fe03b77367_639196405147453895.xml,SVCT,Go South Coast,Go South Coast 5107 Inbound,Alum Bay  - Newport,price_band_2.4@YoungAdSingle,2.4
WDBC_2906_Outbound_AdultSingle_a9f4b9e2-e9ea-4456-80e3-47fe03b77367_639196388115815036.xml,WDBC,Go South Coast,Go South Coast 2906 Outbound,Poole - Ringwood,price_band_2.3@AdultSingle,2.3
SWWD_3885_Outbound_AdultSingle_a9f4b9e2-e9ea-4456-80e3-47fe03b77367_639196400790128512.xml,SWWD,Go South Coast,Go South Coast 3885 Outbound,Whaddon - Burgate School,price_band_2.1@AdultSingle,2.1
SWWD_3457_Inbound_AdultSingle_a9f4b9e2-e9ea-4456-80e3-47fe03b77367_639196397949522505.xml,SWWD,Go South Coast,Go South Coast 3457 Inbound,Salisbury - Southampton,price_band_2.6@AdultSingle,2.6
BLUS_4009_Inbound_AdultReturn_a9f4b9e2-e9ea-4456-80e3-47fe03b77367_639196401532199584.xml,BLUS,Go South Coast,Go South Coast 4009 Inbound,Southampton - Langley/Fawley,price_band_4.9@AdultReturn,4.9
SWWD_3509_Outbound_AdultReturn_a9f4b9e2-e9ea-4456-80e3-47fe03b77367_639196399082909561.xml,SWWD,Go South Coast,Go South Coast 3509 Outbound,Milford Street - New Canal,price_band_4.2@AdultReturn,4.2
WDBC_1818_Outbound_ChildReturn_a9f4b9e2-e9ea-4456-80e3-47fe03b77367_639196380505760325.xml,WDBC,Go South Coast,Go South Coast 1818 Outbound,Bournemouth - Broadstone,price_band_3.2@ChildReturn,3.2
WDBC_1040_Inbound_ChildSingle_d46597a9-440e-4c13-b49a-76a3986683d1_639196375106224712.xml,WDBC,Go South Coast,Go South Coast 1040 Inbound,Swanage - Poole,price_band_1.9@ChildSingle,1.9
DAMY_6020_Outbound_ChildReturn_a9f4b9e2-e9ea-4456-80e3-47fe03b77367_639196406158048579.xml,DAMY,Go South Coast,Go South Coast 6020 Outbound,Salisbury - Blandford,price_band_4.0@ChildReturn,4.0
WDBC_1908_Inbound_ChildSingle_a9f4b9e2-e9ea-4456-80e3-47fe03b77367_639196383430736532.xml,WDBC,Go South Coast,Go South Coast 1908 Inbound,Poole - Blandford,price_band_2.1@ChildSingle,2.1
TDTR_7091_Inbound_YoungPersonSgl_a9f4b9e2-e9ea-4456-80e3-47fe03b77367_639196408929816814.xml,TDTR,Go South Coast,Go South Coast 7091 Inbound,Orbital Park - GW Hospital,price_band_2.5@YoungPersonSgl,2.5
SWWD_3126_Inbound_ChildReturn_a9f4b9e2-e9ea-4456-80e3-47fe03b77367_639196393154456719.xml,SWWD,Go South Coast,Go South Coast 3126 Inbound,Salisbury - Hindon,price_band_2.7@ChildReturn,2.7
WDBC_1903_Outbound_AdultSingle_d46597a9-440e-4c13-b49a-76a3986683d1_639196383376655914.xml,WDBC,Go South Coast,Go South Coast 1903 Outbound,Poole - Wimborne,price_band_3.0@AdultSingle,3.0
WDBC_1762_Inbound_ChildSingle_a9f4b9e2-e9ea-4456-80e3-47fe03b77367_639196379158862028.xml,WDBC,Go South Coast,Go South Coast 1762 Inbound,Merley - Corfe Hills,price_band_3.1@ChildSingle,3.1
UNIL_4716_Inbound_AdultSingle_f15d1b06-486f-433a-8991-95f1a97a87e0_639196403233710531.xml,UNIL,Go South Coast,Go South Coast 4716 Inbound,General Hospital - NOCS,price_band_1.0@AdultSingle,1.0
WDBC_1762_Inbound_AdultReturn_a9f4b9e2-e9ea-4456-80e3-47fe03b77367_639196379155438245.xml,WDBC,Go South Coast,Go South Coast 1762 Inbound,Merley - Corfe Hills,price_band_6.7@AdultReturn,6.7
WDBC_6043_Inbound_ChildSingle_a9f4b9e2-e9ea-4456-80e3-47fe03b77367_639196406256748189.xml,WDBC,Go South Coast,Go South Coast 6043 Inbound,County Gates - Parkstone Grammar School,price_band_3.1@ChildSingle,3.1
BLUS_4002_Outbound_AdultReturn_a9f4b9e2-e9ea-4456-80e3-47fe03b77367_639196401066009383.xml,BLUS,Go South Coast,Go South Coast 4002 Outbound,Southampton - Fair Oak,price_band_4.9@AdultReturn,4.9
BLUS_4001_Inbound_ChildSingle_a9f4b9e2-e9ea-4456-80e3-47fe03b77367_639196400950141148.xml,BLUS,Go South Coast,Go South Coast 4001 Inbound,Southampton - Winchester,price_band_2.5@ChildSingle,2.5
WDBC_3882_Inbound_AdultSingle_a9f4b9e2-e9ea-4456-80e3-47fe03b77367_639196400623621146.xml,WDBC,Go South Coast,Go South Coast 3882 Inbound,Stratford Road Grammar School - Burgate School,price_band_3.0@AdultSingle,3.0
SVCT_5189_Inbound_YoungAdSingle_a9f4b9e2-e9ea-4456-80e3-47fe03b77367_639196405539359467.xml,SVCT,Go South Coast,Go South Coast 5189 Inbound,Ryde  - Newport,price_band_3.0@YoungAdSingle,3.0
WDBC_1016_Outbound_AdultReturn_a9f4b9e2-e9ea-4456-80e3-47fe03b77367_639196372308043726.xml,WDBC,Go South Coast,Go South Coast 1016 Outbound,Poole - Bournemouth,price_band_4.2@AdultReturn,4.2
TDTR_7076_Outbound_YoungPersonRtn_a9f4b9e2-e9ea-4456-80e3-47fe03b77367_639196408736218992.xml,TDTR,Go South Coast,Go South Coast 7076 Outbound,Marlborough - Bath,price_band_2.3@YoungPersonRtn,2.3
WDBC_6043_Outbound_ChildReturn_a9f4b9e2-e9ea-4456-80e3-47fe03b77367_639196406291518594.xml,WDBC,Go South Coast,Go South Coast 6043 Outbound,County Gates - Parkstone Grammar School,price_band_5.2@ChildReturn,5.2
WDBC_2956_Inbound_ChildSingle_a9f4b9e2-e9ea-4456-80e3-47fe03b77367_639196389166362355.xml,WDBC,Go South Coast,Go South Coast 2956 Inbound,Ringwood - Bournemouth,price_band_1.9@ChildSingle,1.9
TDTR_7180_Inbound_YoungPersonRtn_a9f4b9e2-e9ea-4456-80e3-47fe03b77367_639196409480175907.xml,TDTR,Go South Coast,Go South Coast 7180 Inbound,Marlborough - Ludgershall,price_band_5.0@YoungPersonRtn,5.0
SWWD_3329_Outbound_ChildReturn_a9f4b9e2-e9ea-4456-80e3-47fe03b77367_639196395700700871.xml,SWWD,Go South Coast,Go South Coast 3329 Outbound,Salisbury - Broad Chalke,price_band_2.5@ChildReturn,2.5
WDBC_2613_Inbound_AdultSingle_a9f4b9e2-e9ea-4456-80e3-47fe03b77367_639196387100752560.xml,WDBC,Go South Coast,Go South Coast 2613 Inbound,Broadstone - Brockenhurst College,price_band_2.0@AdultSingle,2.0
TDTR_7541_Outbound_AdultSingle_a9f4b9e2-e9ea-4456-80e3-47fe03b77367_639196410009068767.xml,TDTR,Go South Coast,Go South Coast 7541 Outbound,Coate - Cirencester College,price_band_5.2@AdultSingle,5.2
SWWD_3885_Outbound_ChildReturn_a9f4b9e2-e9ea-4456-80e3-47fe03b77367_639196400840543507.xml,SWWD,Go South Coast,Go South Coast 3885 Outbound,Whaddon - Burgate School,price_band_3.6@ChildReturn,3.6
WDBC_1032_Outbound_AdultReturn_a9f4b9e2-e9ea-4456-80e3-47fe03b77367_639196374416851020.xml,WDBC,Go South Coast,Go South Coast 1032 Outbound,Poole - Bournemouth,price_band_4.2@AdultReturn,4.2
SWWD_3040_Inbound_AdultReturn_a9f4b9e2-e9ea-4456-80e3-47fe03b77367_639196391489247669.xml,SWWD,Go South Coast,Go South Coast 3040 Inbound,Salisbury - Woodfalls,price_band_4.5@AdultReturn,4.5
SWWD_3138_Inbound_AdultReturn_a9f4b9e2-e9ea-4456-80e3-47fe03b77367_639196393538335291.xml,SWWD,Go South Coast,Go South Coast 3138 Inbound,West Dean  - Laverstock & Grammar,price_band_4.8@AdultReturn,4.8
WDBC_2775_Inbound_ChildSingle_a9f4b9e2-e9ea-4456-80e3-47fe03b77367_639196387496783052.xml,WDBC,Go South Coast,Go South Coast 2775 Inbound,Milford on Sea - Priestlands School,price_band_2.5@ChildSingle,2.5
SWWD_3507_Inbound_ChildSingle_a9f4b9e2-e9ea-4456-80e3-47fe03b77367_639196399037624959.xml,SWWD,Go South Coast,Go South Coast 3507 Inbound,City Centre - Lopcombe Corner,price_band_1.9@ChildSingle,1.9
BLUS_4539_Inbound_ChildReturn_a9f4b9e2-e9ea-4456-80e3-47fe03b77367_639196403032115575.xml,BLUS,Go South Coast,Go South Coast 4539 Inbound,Rushington - Applemore College,price_band_4.6@ChildReturn,4.6
SVCT_5051_Outbound_YoungAdSingle_a9f4b9e2-e9ea-4456-80e3-47fe03b77367_639196404621383129.xml,SVCT,Go South Coast,Go South Coast 5051 Outbound,Newport - Enterprise College,price_band_3.0@YoungAdSingle,3.0
WDBC_1002_Outbound_ChildReturn_a9f4b9e2-e9ea-4456-80e3-47fe03b77367_639196370137961545.xml,WDBC,Go South Coast,Go South Coast 1002 Outbound,Poole - Southbourne,price_band_3.1@ChildReturn,3.1
BLUS_4021_Inbound_ChildReturn_a9f4b9e2-e9ea-4456-80e3-47fe03b77367_639196402340089530.xml,BLUS,Go South Coast,Go South Coast 4021 Inbound,Southampton - Lordshill,price_band_2.6@ChildReturn,2.6
WDBC_1644_Inbound_AdultSingle_d46597a9-440e-4c13-b49a-76a3986683d1_639196378952131352.xml,WDBC,Go South Coast,Go South Coast 1644 Inbound,Westbourne - Talbot Campus,price_band_1.0@AdultSingle,1.0
WDBC_6450_Outbound_ChildReturn_a9f4b9e2-e9ea-4456-80e3-47fe03b77367_639196407046433646.xml,WDBC,Go South Coast,Go South Coast 6450 Outbound,Wallisdown - Parkstone Grammar,price_band_5.7@ChildReturn,5.7
BLUS_4128_Outbound_AdultSingle_a9f4b9e2-e9ea-4456-80e3-47fe03b77367_639196402797907135.xml,BLUS,Go South Coast,Go South Coast 4128 Outbound,Highfield - Southampton Science Park,price_band_2.6@AdultSingle,2.6
UNIL_4701_Outbound_ChildSingle_f15d1b06-486f-433a-8991-95f1a97a87e0_639196403082381861.xml,UNIL,Go South Coast,Go South Coast 4701 Outbound,NOCS - Airport,price_band_1.0@ChildSingle,1.0
SWWD_3625_Inbound_ChildReturn_a9f4b9e2-e9ea-4456-80e3-47fe03b77367_639196399636418589.xml,SWWD,Go South Coast,Go South Coast 3625 Inbound,Mere - Gillingham,price_band_3.0@ChildReturn,3.0
BLUS_4020_Inbound_AdultSingle_eed5e2e8-c472-41af-825e-db09ec887334_639196402297891899.xml,BLUS,Go South Coast,Go South Coast 4020 Inbound,Southampton - Townhill Park,price_band_1.0@AdultSingle,1.0
WDBC_6450_Inbound_AdultReturn_a9f4b9e2-e9ea-4456-80e3-47fe03b77367_639196406978172843.xml,WDBC,Go South Coast,Go South Coast 6450 Inbound,Wallisdown - Parkstone Grammar,price_band_3.8@AdultReturn,3.8
BLUS_4424_Outbound_ChildSingle_f15d1b06-486f-433a-8991-95f1a97a87e0_639196402902456901.xml,BLUS,Go South Coast,Go South Coast 4424 Outbound,Eastleigh - Hedge End,price_band_1.0@ChildSingle,1.0
SWWD_3326_Inbound_ChildSingle_a9f4b9e2-e9ea-4456-80e3-47fe03b77367_639196395131968093.xml,SWWD,Go South Coast,Go South Coast 3326 Inbound,Salisbury - Hindon,price_band_2.5@ChildSingle,2.5
SWWD_3886_Outbound_ChildSingle_a9f4b9e2-e9ea-4456-80e3-47fe03b77367_639196400895237132.xml,SWWD,Go South Coast,Go South Coast 3886 Outbound,St Peters Place  - Burgate School,price_band_3.0@ChildSingle,3.0
WDBC_1005_Outbound_ChildSingle_2f1f0c04-770d-4707-ab06-213c5a798ad7_639196370666049770.xml,WDBC,Go South Coast,Go South Coast 1005 Outbound,Poole - Tower Park,price_band_1.0@ChildSingle,1.0
WDBC_1837_Outbound_ChildSingle_d46597a9-440e-4c13-b49a-76a3986683d1_639196381971154071.xml,WDBC,Go South Coast,Go South Coast 1837 Outbound,Bournemouth - Bournemouth International Airport,price_band_1.9@ChildSingle,1.9
SVCT_5006_Outbound_ChildSingle_a9f4b9e2-e9ea-4456-80e3-47fe03b77367_639196403973949515.xml,SVCT,Go South Coast,Go South Coast 5006 Outbound,Newport  - Ventnor,price_band_3.0@ChildSingle,3.0
BLUS_4002_Inbound_ChildReturn_a9f4b9e2-e9ea-4456-80e3-47fe03b77367_639196401030360598.xml,BLUS,Go South Coast,Go South Coast 4002 Inbound,Southampton - Fair Oak,price_band_4.0@ChildReturn,4.0
WDBC_1021_Outbound_ChildSingle_d46597a9-440e-4c13-b49a-76a3986683d1_639196374238734040.xml,WDBC,Go South Coast,Go South Coast 1021 Outbound,Bournemouth - High Howe,price_band_1.0@ChildSingle,1.0
WDBC_1762_Outbound_ChildSingle_a9f4b9e2-e9ea-4456-80e3-47fe03b77367_639196379178723324.xml,WDBC,Go South Coast,Go South Coast 1762 Outbound,Merley - Corfe Hills,price_band_3.1@ChildSingle,3.1
WDBC_1802_Inbound_ChildSingle_a9f4b9e2-e9ea-4456-80e3-47fe03b77367_639196379558241218.xml,WDBC,Go South Coast,Go South Coast 1802 Inbound,Bournemouth - Castlepoint,price_band_2.1@ChildSingle,2.1
WDBC_6418_Outbound_AdultSingle_a9f4b9e2-e9ea-4456-80e3-47fe03b77367_639196406735669010.xml,WDBC,Go South Coast,Go South Coast 6418 Outbound,Sandbanks Ferry - Poole Grammar School,price_band_2.0@AdultSingle,2.0
BLUS_4010_Inbound_AdultSingle_eed5e2e8-c472-41af-825e-db09ec887334_639196401653993680.xml,BLUS,Go South Coast,Go South Coast 4010 Inbound,Southampton - Sholing,price_band_1.0@AdultSingle,1.0
SVCT_5273_Inbound_YoungAdSingle_a9f4b9e2-e9ea-4456-80e3-47fe03b77367_639196405700326814.xml,SVCT,Go South Coast,Go South Coast 5273 Inbound,Newport - Ventnor,price_band_2.4@YoungAdSingle,2.4
WDBC_1744_Inbound_AdultSingle_a9f4b9e2-e9ea-4456-80e3-47fe03b77367_639196379097104645.xml,WDBC,Go South Coast,Go South Coast 1744 Inbound,Old Town - South Road Middle,price_band_2.7@AdultSingle,2.7
WDBC_1016_Outbound_ChildSingle_a9f4b9e2-e9ea-4456-80e3-47fe03b77367_639196372360236986.xml,WDBC,Go South Coast,Go South Coast 1016 Outbound,Poole - Bournemouth,price_band_1.9@ChildSingle,1.9
TDTR_7535_Inbound_ChildSingle_a9f4b9e2-e9ea-4456-80e3-47fe03b77367_639196409833806721.xml,TDTR,Go South Coast,Go South Coast 7535 Inbound,Wanborough - Cirencester College,price_band_5.2@ChildSingle,5.2
SVCT_5002_Outbound_ChildSingle_a9f4b9e2-e9ea-4456-80e3-47fe03b77367_639196403664470097.xml,SVCT,Go South Coast,Go South Coast 5002 Outbound,Newport - Ryde,price_band_1.8@ChildSingle,1.8
SVCT_5268_Outbound_ChildSingle_a9f4b9e2-e9ea-4456-80e3-47fe03b77367_639196405643919496.xml,SVCT,Go South Coast,Go South Coast 5268 Outbound,Carisbrooke - St Helens,price_band_2.4@ChildSingle,2.4
BLUS_4020_Inbound_ChildSingle_a9f4b9e2-e9ea-4456-80e3-47fe03b77367_639196402289610042.xml,BLUS,Go South Coast,Go South Coast 4020 Inbound,Southampton - Townhill Park,price_band_2.1@ChildSingle,2.1
SWWD_3010_Inbound_ChildReturn_a9f4b9e2-e9ea-4456-80e3-47fe03b77367_639196391171179762.xml,SWWD,Go South Coast,Go South Coast 3010 Inbound,City Centre - St Peters Place,price_band_3.6@ChildReturn,3.6
WDBC_1001_Outbound_AdultSingle_d46597a9-440e-4c13-b49a-76a3986683d1_639196369653131846.xml,WDBC,Go South Coast,Go South Coast 1001 Outbound,Poole - Bournemouth Hospital,price_band_1.0@AdultSingle,1.0
TDTR_7148_Outbound_ChildReturn_a9f4b9e2-e9ea-4456-80e3-47fe03b77367_639196409217318209.xml,TDTR,Go South Coast,Go South Coast 7148 Outbound,Swindon - Marlborough,price_band_2.4@ChildReturn,2.4
SWWD_3519_Outbound_ChildReturn_a9f4b9e2-e9ea-4456-80e3-47fe03b77367_639196399474844920.xml,SWWD,Go South Coast,Go South Coast 3519 Outbound,Milford Street - New Canal,price_band_2.5@ChildReturn,2.5
BLUS_4424_Outbound_ChildSingle_a9f4b9e2-e9ea-4456-80e3-47fe03b77367_639196402900425526.xml,BLUS,Go South Coast,Go South Coast 4424 Outbound,Eastleigh - Hedge End,price_band_2.1@ChildSingle,2.1
SWWD_3407_Outbound_ChildSingle_a9f4b9e2-e9ea-4456-80e3-47fe03b77367_639196397493104918.xml,SWWD,Go South Coast,Go South Coast 3407 Outbound,Salisbury - Southampton,price_band_2.1@ChildSingle,2.1
SVCT_5024_Outbound_ChildSingle_a9f4b9e2-e9ea-4456-80e3-47fe03b77367_639196404309621825.xml,SVCT,Go South Coast,Go South Coast 5024 Outbound,Shanklin - Community Route 24,price_band_1.8@ChildSingle,1.8
WDBC_6785_Outbound_ChildSingle_a9f4b9e2-e9ea-4456-80e3-47fe03b77367_639196407395994381.xml,WDBC,Go South Coast,Go South Coast 6785 Outbound,East Stoke - Purbeck School,price_band_4.7@ChildSingle,4.7
SWWD_3625_Outbound_AdultSingle_a9f4b9e2-e9ea-4456-80e3-47fe03b77367_639196399638147901.xml,SWWD,Go South Coast,Go South Coast 3625 Outbound,Mere - Gillingham,price_band_2.8@AdultSingle,2.8
WDBC_1020_Inbound_ChildSingle_a9f4b9e2-e9ea-4456-80e3-47fe03b77367_639196373307408516.xml,WDBC,Go South Coast,Go South Coast 1020 Inbound,Poole - Christchurch,price_band_2.1@ChildSingle,2.1
BLUS_4001_Outbound_ChildReturn_a9f4b9e2-e9ea-4456-80e3-47fe03b77367_639196400991254536.xml,BLUS,Go South Coast,Go South Coast 4001 Outbound,Southampton - Winchester,price_band_2.6@ChildReturn,2.6
BLUS_4014_Inbound_AdultSingle_a9f4b9e2-e9ea-4456-80e3-47fe03b77367_639196401848217942.xml,BLUS,Go South Coast,Go South Coast 4014 Inbound,Southampton - Hedge End,price_band_2.8@AdultSingle,2.8
BLUS_4103_Inbound_ChildReturn_a9f4b9e2-e9ea-4456-80e3-47fe03b77367_639196402616304625.xml,BLUS,Go South Coast,Go South Coast 4103 Inbound,Southampton - Eastleigh,price_band_4.0@ChildReturn,4.0
SVCT_5022_Outbound_ChildSingle_a9f4b9e2-e9ea-4456-80e3-47fe03b77367_639196404301248745.xml,SVCT,Go South Coast,Go South Coast 5022 Outbound,Shanklin - Community Route 22,price_band_2.4@ChildSingle,2.4
WDBC_1114_Outbound_ChildSingle_a9f4b9e2-e9ea-4456-80e3-47fe03b77367_639196377897167239.xml,WDBC,Go South Coast,Go South Coast 1114 Outbound,Poole - RB Hospital,price_band_2.2@ChildSingle,2.2
SVCT_5001_Outbound_YoungAdSingle_a9f4b9e2-e9ea-4456-80e3-47fe03b77367_639196403599692597.xml,SVCT,Go South Coast,Go South Coast 5001 Outbound,Newport - Cowes,price_band_3.0@YoungAdSingle,3.0
WDBC_1833_Outbound_ChildReturn_a9f4b9e2-e9ea-4456-80e3-47fe03b77367_639196381707335126.xml,WDBC,Go South Coast,Go South Coast 1833 Outbound,Alum Chine - Castlepoint,price_band_3.2@ChildReturn,3.2
TDTR_7176_Inbound_YoungPersonRtn_a9f4b9e2-e9ea-4456-80e3-47fe03b77367_639196409343005529.xml,TDTR,Go South Coast,Go South Coast 7176 Inbound,Calne - Bath,price_band_3.3@YoungPersonRtn,3.3
WDBC_1806_Inbound_AdultSingle_2f1f0c04-770d-4707-ab06-213c5a798ad7_639196379892158756.xml,WDBC,Go South Coast,Go South Coast 1806 Inbound,Bournemouth - Wimborne,price_band_2.9@AdultSingle,2.9
BLUS_4019_Outbound_AdultSingle_a9f4b9e2-e9ea-4456-80e3-47fe03b77367_639196402247484612.xml,BLUS,Go South Coast,Go South Coast 4019 Outbound,Thornhill - Lordshill,price_band_2.6@AdultSingle,2.6
SWWD_3404_Inbound_ChildSingle_a9f4b9e2-e9ea-4456-80e3-47fe03b77367_639196396114116022.xml,SWWD,Go South Coast,Go South Coast 3404 Inbound,Salisbury - Larkhill,price_band_1.9@ChildSingle,1.9
TDTR_7061_Outbound_AdultSingle_a9f4b9e2-e9ea-4456-80e3-47fe03b77367_639196408619937469.xml,TDTR,Go South Coast,Go South Coast 7061 Outbound,Great Western Hospital - Middleleaze,price_band_3.0@AdultSingle,3.0
TDTR_7553_Inbound_AdultSingle_a9f4b9e2-e9ea-4456-80e3-47fe03b77367_639196410098193446.xml,TDTR,Go South Coast,Go South Coast 7553 Inbound,Royal Wootton Bassett - Cirencester College,price_band_5.2@AdultSingle,5.2
SWWD_3102_Inbound_AdultReturn_a9f4b9e2-e9ea-4456-80e3-47fe03b77367_639196392017927741.xml,SWWD,Go South Coast,Go South Coast 3102 Inbound,Salisbury - Devizes,price_band_5.4@AdultReturn,5.4
TDTR_7091_Inbound_AdultSingle_a9f4b9e2-e9ea-4456-80e3-47fe03b77367_639196408919599182.xml,TDTR,Go South Coast,Go South Coast 7091 Inbound,Orbital Park - GW Hospital,price_band_2.2@AdultSingle,2.2
WDBC_8229_Outbound_AdultSingle_a9f4b9e2-e9ea-4456-80e3-47fe03b77367_639196410358482826.xml,WDBC,Go South Coast,Go South Coast 8229 Outbound,Lyndhurst - Ringwood RED,price_band_2.0@AdultSingle,2.0
WDBC_6416_Outbound_ChildSingle_a9f4b9e2-e9ea-4456-80e3-47fe03b77367_639196406660001858.xml,WDBC,Go South Coast,Go South Coast 6416 Outbound,Penn Hill Avenue  - Poole Grammar School,price_band_1.9@ChildSingle,1.9
SWWD_3684_Inbound_ChildReturn_a9f4b9e2-e9ea-4456-80e3-47fe03b77367_639196400273843845.xml,SWWD,Go South Coast,Go South Coast 3684 Inbound,Coombe Bissett - Burgate,price_band_4.3@ChildReturn,4.3
TDTR_7048_Outbound_ChildReturn_a9f4b9e2-e9ea-4456-80e3-47fe03b77367_639196408550634722.xml,TDTR,Go South Coast,Go South Coast 7048 Outbound,Swindon - Marlborough,price_band_1.8@ChildReturn,1.8
SVCT_5273_Inbound_YoungAdSingle_a9f4b9e2-e9ea-4456-80e3-47fe03b77367_639196405700326814.xml,SVCT,Go South Coast,Go South Coast 5273 Inbound,Newport - Ventnor,price_band_3.0@YoungAdSingle,3.0
SWWD_3517_Outbound_AdultSingle_a9f4b9e2-e9ea-4456-80e3-47fe03b77367_639196399378054055.xml,SWWD,Go South Coast,Go South Coast 3517 Outbound,New Canal  - Lopcombe Corner,price_band_2.3@AdultSingle,2.3
WDBC_1837_Outbound_AdultSingle_2f1f0c04-770d-4707-ab06-213c5a798ad7_639196381950908520.xml,WDBC,Go South Coast,Go South Coast 1837 Outbound,Bournemouth - Bournemouth International Airport,price_band_1.0@AdultSingle,1.0
SVCT_8502_Outbound_YoungAdSingle_a9f4b9e2-e9ea-4456-80e3-47fe03b77367_639196410644293578.xml,SVCT,Go South Coast,Go South Coast 8502 Outbound,Downs - Breezer,price_band_6.4@YoungAdSingle,6.4
BLUS_4015_Inbound_ChildReturn_a9f4b9e2-e9ea-4456-80e3-47fe03b77367_639196401925077381.xml,BLUS,Go South Coast,Go South Coast 4015 Inbound,Central Station - Hamble,price_band_2.6@ChildReturn,2.6
SWWD_3008_Outbound_ChildSingle_a9f4b9e2-e9ea-4456-80e3-47fe03b77367_639196390964130710.xml,SWWD,Go South Coast,Go South Coast 3008 Outbound,Salisbury - Zouch Estate,price_band_2.6@ChildSingle,2.6
SWWD_3726_Inbound_AdultSingle_a9f4b9e2-e9ea-4456-80e3-47fe03b77367_639196400318004126.xml,SWWD,Go South Coast,Go South Coast 3726 Inbound,Salisbury - East Knoyle,price_band_3.0@AdultSingle,3.0
SWWD_3533_Inbound_ChildSingle_a9f4b9e2-e9ea-4456-80e3-47fe03b77367_639196399567890553.xml,SWWD,Go South Coast,Go South Coast 3533 Inbound,Dinton - City Centre,price_band_3.0@ChildSingle,3.0
SVCT_5104_Inbound_YoungAdSingle_a9f4b9e2-e9ea-4456-80e3-47fe03b77367_639196404948130309.xml,SVCT,Go South Coast,Go South Coast 5104 Inbound,East Cowes - Ryde,price_band_2.4@YoungAdSingle,2.4
WDBC_6043_Inbound_ChildReturn_a9f4b9e2-e9ea-4456-80e3-47fe03b77367_639196406244960901.xml,WDBC,Go South Coast,Go South Coast 6043 Inbound,County Gates - Parkstone Grammar School,price_band_2.4@ChildReturn,2.4
WDBC_1831_Inbound_AdultReturn_a9f4b9e2-e9ea-4456-80e3-47fe03b77367_639196381184840642.xml,WDBC,Go South Coast,Go South Coast 1831 Inbound,Bournemouth - Hunt Road and Somerford,price_band_4.5@AdultReturn,4.5
DAMY_3183_Inbound_ChildSingle_a9f4b9e2-e9ea-4456-80e3-47fe03b77367_639196393811938325.xml,DAMY,Go South Coast,Go South Coast 3183 Inbound,Blandford - Weymouth,price_band_2.3@ChildSingle,2.3
SWWD_3886_Inbound_ChildReturn_a9f4b9e2-e9ea-4456-80e3-47fe03b77367_639196400848675025.xml,SWWD,Go South Coast,Go South Coast 3886 Inbound,St Peters Place  - Burgate School,price_band_2.6@ChildReturn,2.6
WDBC_1818_Inbound_AdultSingle_a9f4b9e2-e9ea-4456-80e3-47fe03b77367_639196380144261180.xml,WDBC,Go South Coast,Go South Coast 1818 Inbound,Bournemouth - Broadstone,price_band_2.6@AdultSingle,2.6
TDTR_7048_Inbound_YoungPersonSgl_a9f4b9e2-e9ea-4456-80e3-47fe03b77367_639196408509073306.xml,TDTR,Go South Coast,Go South Coast 7048 Inbound,Swindon - Marlborough,price_band_1.7@YoungPersonSgl,1.7
SVCT_8501_Outbound_YoungAdSingle_a9f4b9e2-e9ea-4456-80e3-47fe03b77367_639196410618467672.xml,SVCT,Go South Coast,Go South Coast 8501 Outbound,Island Coaster - West,price_band_4.4@YoungAdSingle,4.4
SWWD_3102_Inbound_AdultReturn_a9f4b9e2-e9ea-4456-80e3-47fe03b77367_639196392017927741.xml,SWWD,Go South Coast,Go South Coast 3102 Inbound,Salisbury - Devizes,price_band_4.2@AdultReturn,4.2
WDBC_2625_Outbound_AdultSingle_a9f4b9e2-e9ea-4456-80e3-47fe03b77367_639196387361749882.xml,WDBC,Go South Coast,Go South Coast 2625 Outbound,Brook - Brockenhurst College,price_band_5.2@AdultSingle,5.2
SWWD_3886_Inbound_AdultSingle_a9f4b9e2-e9ea-4456-80e3-47fe03b77367_639196400856954795.xml,SWWD,Go South Coast,Go South Coast 3886 Inbound,St Peters Place  - Burgate School,price_band_2.9@AdultSingle,2.9
WDBC_2953_Outbound_ChildSingle_a9f4b9e2-e9ea-4456-80e3-47fe03b77367_639196389041038966.xml,WDBC,Go South Coast,Go South Coast 2953 Outbound,Salisbury - Ringwood,price_band_1.9@ChildSingle,1.9
WDBC_1011_Outbound_ChildReturn_a9f4b9e2-e9ea-4456-80e3-47fe03b77367_639196371081628281.xml,WDBC,Go South Coast,Go South Coast 1011 Outbound,Bournemouth - Canford Paddock,price_band_3.2@ChildReturn,3.2
SWWD_3029_Inbound_AdultReturn_a9f4b9e2-e9ea-4456-80e3-47fe03b77367_639196391342117362.xml,SWWD,Go South Coast,Go South Coast 3029 Inbound,Salisbury - Shaftesbury,price_band_4.9@AdultReturn,4.9
WDBC_6418_Outbound_ChildSingle_a9f4b9e2-e9ea-4456-80e3-47fe03b77367_639196406763434311.xml,WDBC,Go South Coast,Go South Coast 6418 Outbound,Sandbanks Ferry - Poole Grammar School,price_band_3.4@ChildSingle,3.4
WDBC_1641_Inbound_AdultReturn_a9f4b9e2-e9ea-4456-80e3-47fe03b77367_639196378729953975.xml,WDBC,Go South Coast,Go South Coast 1641 Inbound,Dorchester House  - Talbot Campus,price_band_4.2@AdultReturn,4.2
BLUS_4005_Outbound_ChildSingle_a9f4b9e2-e9ea-4456-80e3-47fe03b77367_639196401245499498.xml,BLUS,Go South Coast,Go South Coast 4005 Outbound,Boyatt Wood - Romsey,price_band_2.5@ChildSingle,2.5
TDTR_7048_Outbound_AdultSingle_a9f4b9e2-e9ea-4456-80e3-47fe03b77367_639196408520228081.xml,TDTR,Go South Coast,Go South Coast 7048 Outbound,Swindon - Marlborough,price_band_2.2@AdultSingle,2.2
SVCT_5105_Inbound_ChildSingle_a9f4b9e2-e9ea-4456-80e3-47fe03b77367_639196404987276346.xml,SVCT,Go South Coast,Go South Coast 5105 Inbound,East Cowes - Newport,price_band_1.8@ChildSingle,1.8
WDBC_6419_Outbound_AdultReturn_a9f4b9e2-e9ea-4456-80e3-47fe03b77367_639196406803608483.xml,WDBC,Go South Coast,Go South Coast 6419 Outbound,Compton Avenue - Poole Grammar,price_band_5.0@AdultReturn,5.0
WDBC_1013_Outbound_AdultReturn_a9f4b9e2-e9ea-4456-80e3-47fe03b77367_639196371418225698.xml,WDBC,Go South Coast,Go South Coast 1013 Outbound,Bournemouth - Wimborne,price_band_4.2@AdultReturn,4.2
TDTR_7552_Outbound_ChildSingle_a9f4b9e2-e9ea-4456-80e3-47fe03b77367_639196410082056566.xml,TDTR,Go South Coast,Go South Coast 7552 Outbound,Malmesbury - Cirencester College,price_band_5.2@ChildSingle,5.2
BLUS_4008_Outbound_ChildReturn_a9f4b9e2-e9ea-4456-80e3-47fe03b77367_639196401485158482.xml,BLUS,Go South Coast,Go South Coast 4008 Outbound,Southampton - Hythe,price_band_2.7@ChildReturn,2.7
SWWD_3881_Outbound_AdultSingle_a9f4b9e2-e9ea-4456-80e3-47fe03b77367_639196400596045153.xml,SWWD,Go South Coast,Go South Coast 3881 Outbound,Wilton Road  - Burgate School,price_band_2.1@AdultSingle,2.1
SWWD_3495_Outbound_ChildReturn_a9f4b9e2-e9ea-4456-80e3-47fe03b77367_639196398999976967.xml,SWWD,Go South Coast,Go South Coast 3495 Outbound,Swindon - Pewsey,price_band_3.6@ChildReturn,3.6
WDBC_2120_Outbound_ChildReturn_a9f4b9e2-e9ea-4456-80e3-47fe03b77367_639196386411266459.xml,WDBC,Go South Coast,Go South Coast 2120 Outbound,New Milton Tesco - Lymington,price_band_2.3@ChildReturn,2.3
SWWD_3517_Outbound_ChildSingle_a9f4b9e2-e9ea-4456-80e3-47fe03b77367_639196399396120341.xml,SWWD,Go South Coast,Go South Coast 3517 Outbound,New Canal  - Lopcombe Corner,price_band_1.9@ChildSingle,1.9
BLUS_4020_Outbound_ChildSingle_f15d1b06-486f-433a-8991-95f1a97a87e0_639196402323833385.xml,BLUS,Go South Coast,Go South Coast 4020 Outbound,Southampton - Townhill Park,price_band_1.0@ChildSingle,1.0
SWWD_3404_Outbound_ChildReturn_a9f4b9e2-e9ea-4456-80e3-47fe03b77367_639196396371448456.xml,SWWD,Go South Coast,Go South Coast 3404 Outbound,Salisbury - Larkhill,price_band_2.9@ChildReturn,2.9
WDBC_1788_Outbound_ChildSingle_a9f4b9e2-e9ea-4456-80e3-47fe03b77367_639196379271894228.xml,WDBC,Go South Coast,Go South Coast 1788 Outbound,Walkford - Bournemouth School for Girls,price_band_2.0@ChildSingle,2.0
DAMY_6505_Inbound_ChildSingle_a9f4b9e2-e9ea-4456-80e3-47fe03b77367_639196407186444847.xml,DAMY,Go South Coast,Go South Coast 6505 Inbound,Weymouth - Dorchester,price_band_2.8@ChildSingle,2.8
BLUS_4203_Outbound_ChildReturn_a9f4b9e2-e9ea-4456-80e3-47fe03b77367_639196402816925386.xml,BLUS,Go South Coast,Go South Coast 4203 Outbound,Totton - Totton Clockwise,price_band_4.5@ChildReturn,4.5
WDBC_1741_Outbound_AdultSingle_a9f4b9e2-e9ea-4456-80e3-47fe03b77367_639196379075274914.xml,WDBC,Go South Coast,Go South Coast 1741 Outbound,Sandbanks Ferry - Parkstone Grammar School,price_band_2.9@AdultSingle,2.9
WDBC_1053_Outbound_ChildSingle_d46597a9-440e-4c13-b49a-76a3986683d1_639196376449410194.xml,WDBC,Go South Coast,Go South Coast 1053 Outbound,Bournemouth - Wimborne,price_band_2.5@ChildSingle,2.5
TDTR_7048_Inbound_ChildReturn_a9f4b9e2-e9ea-4456-80e3-47fe03b77367_639196408499728756.xml,TDTR,Go South Coast,Go South Coast 7048 Inbound,Swindon - Marlborough,price_band_1.8@ChildReturn,1.8
SWWD_3883_Outbound_ChildReturn_a9f4b9e2-e9ea-4456-80e3-47fe03b77367_639196400706529365.xml,SWWD,Go South Coast,Go South Coast 3883 Outbound,Bishopdown Farm  - Burgate School,price_band_2.6@ChildReturn,2.6
WDBC_2777_Outbound_AdultReturn_a9f4b9e2-e9ea-4456-80e3-47fe03b77367_639196387542926542.xml,WDBC,Go South Coast,Go South Coast 2777 Outbound,New Forest Drive - Lymington,price_band_4.3@AdultReturn,4.3
TDTR_7176_Outbound_AdultSingle_a9f4b9e2-e9ea-4456-80e3-47fe03b77367_639196409445999044.xml,TDTR,Go South Coast,Go South Coast 7176 Outbound,Calne - Bath,price_band_1.7@AdultSingle,1.7
WDBC_2136_Outbound_ChildReturn_a9f4b9e2-e9ea-4456-80e3-47fe03b77367_639196386444426752.xml,WDBC,Go South Coast,Go South Coast 2136 Outbound,Ringwood - Ringwood,price_band_2.9@ChildReturn,2.9
TDTR_3620_Outbound_AdultSingle_a9f4b9e2-e9ea-4456-80e3-47fe03b77367_639196399619448040.xml,TDTR,Go South Coast,Go South Coast 3620 Outbound,Hungerford Priory  - St Johns Sch,price_band_2.8@AdultSingle,2.8
SVCT_5107_Inbound_AdultSingle_a9f4b9e2-e9ea-4456-80e3-47fe03b77367_639196405101630085.xml,SVCT,Go South Coast,Go South Coast 5107 Inbound,Alum Bay  - Newport,price_band_3.0@AdultSingle,3.0
SWWD_3266_Inbound_ChildReturn_a9f4b9e2-e9ea-4456-80e3-47fe03b77367_639196394144115453.xml,SWWD,Go South Coast,Go South Coast 3266 Inbound,South Wilts Grammar School - Idmiston,price_band_3.6@ChildReturn,3.6
WDBC_1644_Outbound_AdultSingle_d46597a9-440e-4c13-b49a-76a3986683d1_639196378980523360.xml,WDBC,Go South Coast,Go South Coast 1644 Outbound,Westbourne - Talbot Campus,price_band_1.0@AdultSingle,1.0
WDBC_2956_Outbound_AdultSingle_d46597a9-440e-4c13-b49a-76a3986683d1_639196390033942618.xml,WDBC,Go South Coast,Go South Coast 2956 Outbound,Ringwood - Bournemouth,price_band_2.3@AdultSingle,2.3
SWWD_3102_Inbound_ChildSingle_a9f4b9e2-e9ea-4456-80e3-47fe03b77367_639196392041860066.xml,SWWD,Go South Coast,Go South Coast 3102 Inbound,Salisbury - Devizes,price_band_2.9@ChildSingle,2.9
WDBC_1052_Inbound_ChildSingle_a9f4b9e2-e9ea-4456-80e3-47fe03b77367_639196375821067974.xml,WDBC,Go South Coast,Go South Coast 1052 Inbound,Rockley - Sandbanks,price_band_3.0@ChildSingle,3.0
WDBC_6449_Inbound_ChildSingle_a9f4b9e2-e9ea-4456-80e3-47fe03b77367_639196406922445975.xml,WDBC,Go South Coast,Go South Coast 6449 Inbound,St Osmunds - Parkstone Grammar,price_band_2.1@ChildSingle,2.1
WDBC_1040_Inbound_ChildSingle_2f1f0c04-770d-4707-ab06-213c5a798ad7_639196375060016169.xml,WDBC,Go South Coast,Go South Coast 1040 Inbound,Swanage - Poole,price_band_2.5@ChildSingle,2.5
DAMY_6487_Outbound_AdultSingle_a9f4b9e2-e9ea-4456-80e3-47fe03b77367_639196407121808034.xml,DAMY,Go South Coast,Go South Coast 6487 Outbound,Blandford - Dorchester,price_band_2.6@AdultSingle,2.6
WDBC_1050_Inbound_ChildSingle_d46597a9-440e-4c13-b49a-76a3986683d1_639196375612020620.xml,WDBC,Go South Coast,Go South Coast 1050 Inbound,Bournemouth Station - Swanage,price_band_1.0@ChildSingle,1.0
WDBC_1908_Outbound_ChildReturn_a9f4b9e2-e9ea-4456-80e3-47fe03b77367_639196383483420945.xml,WDBC,Go South Coast,Go South Coast 1908 Outbound,Poole - Blandford,price_band_5.1@ChildReturn,5.1
WDBC_6123_Inbound_ChildReturn_a9f4b9e2-e9ea-4456-80e3-47fe03b77367_639196406376092100.xml,WDBC,Go South Coast,Go South Coast 6123 Inbound,Bere Regis - Lytchett Minster School,price_band_4.2@ChildReturn,4.2
BLUS_3634_Inbound_AdultSingle_a9f4b9e2-e9ea-4456-80e3-47fe03b77367_639196399650031455.xml,BLUS,Go South Coast,Go South Coast 3634 Inbound,East Wellow  - Romsey School,price_band_3.7@AdultSingle,3.7
WDBC_1054_Outbound_AdultSingle_2f1f0c04-770d-4707-ab06-213c5a798ad7_639196376685659415.xml,WDBC,Go South Coast,Go South Coast 1054 Outbound,Poole - Wimborne,price_band_3.0@AdultSingle,3.0
WDBC_2002_Outbound_ChildReturn_a9f4b9e2-e9ea-4456-80e3-47fe03b77367_639196385418186648.xml,WDBC,Go South Coast,Go South Coast 2002 Outbound,Bournemouth - Lymington,price_band_5.1@ChildReturn,5.1
SWWD_3002_Inbound_AdultReturn_a9f4b9e2-e9ea-4456-80e3-47fe03b77367_639196390155406939.xml,SWWD,Go South Coast,Go South Coast 3002 Inbound,Salisbury - Devizes,price_band_4.5@AdultReturn,4.5
SVCT_5273_Inbound_ChildSingle_a9f4b9e2-e9ea-4456-80e3-47fe03b77367_639196405698451705.xml,SVCT,Go South Coast,Go South Coast 5273 Inbound,Newport - Ventnor,price_band_3.0@ChildSingle,3.0
TDTR_7048_Inbound_ChildSingle_a9f4b9e2-e9ea-4456-80e3-47fe03b77367_639196408488570662.xml,TDTR,Go South Coast,Go South Coast 7048 Inbound,Swindon - Marlborough,price_band_2.0@ChildSingle,2.0
WDBC_2633_Outbound_AdultReturn_a9f4b9e2-e9ea-4456-80e3-47fe03b77367_639196387416522704.xml,WDBC,Go South Coast,Go South Coast 2633 Outbound,Wimborne - Brockenhurst College,price_band_9.1@AdultReturn,9.1
SWWD_3327_Inbound_ChildSingle_a9f4b9e2-e9ea-4456-80e3-47fe03b77367_639196395477382755.xml,SWWD,Go South Coast,Go South Coast 3327 Inbound,Salisbury - Shaftesbury,price_band_3.0@ChildSingle,3.0
SWWD_3625_Inbound_AdultReturn_a9f4b9e2-e9ea-4456-80e3-47fe03b77367_639196399632105130.xml,SWWD,Go South Coast,Go South Coast 3625 Inbound,Mere - Gillingham,price_band_4.5@AdultReturn,4.5
SWWD_3044_Inbound_AdultSingle_a9f4b9e2-e9ea-4456-80e3-47fe03b77367_639196391641837638.xml,SWWD,Go South Coast,Go South Coast 3044 Inbound,Salisbury - Woodfalls,price_band_2.3@AdultSingle,2.3
WDBC_2633_Outbound_AdultReturn_a9f4b9e2-e9ea-4456-80e3-47fe03b77367_639196387416522704.xml,WDBC,Go South Coast,Go South Coast 2633 Outbound,Wimborne - Brockenhurst College,price_band_4.0@AdultReturn,4.0
SWWD_3012_Inbound_ChildSingle_a9f4b9e2-e9ea-4456-80e3-47fe03b77367_639196391239373883.xml,SWWD,Go South Coast,Go South Coast 3012 Inbound,Salisbury - Stratford,price_band_1.9@ChildSingle,1.9
WDBC_1908_Inbound_ChildReturn_a9f4b9e2-e9ea-4456-80e3-47fe03b77367_639196383436933791.xml,WDBC,Go South Coast,Go South Coast 1908 Inbound,Poole - Blandford,price_band_3.9@ChildReturn,3.9
WDBC_1837_Inbound_AdultSingle_a9f4b9e2-e9ea-4456-80e3-47fe03b77367_639196381838266030.xml,WDBC,Go South Coast,Go South Coast 1837 Inbound,Bournemouth - Bournemouth International Airport,price_band_2.6@AdultSingle,2.6
UNIL_4742_Inbound_AdultSingle_eed5e2e8-c472-41af-825e-db09ec887334_639196403346722519.xml,UNIL,Go South Coast,Go South Coast 4742 Inbound,Chamberlain Halls - Highfield,price_band_1.0@AdultSingle,1.0
BLUS_4020_Inbound_ChildSingle_f15d1b06-486f-433a-8991-95f1a97a87e0_639196402300638821.xml,BLUS,Go South Coast,Go South Coast 4020 Inbound,Southampton - Townhill Park,price_band_1.0@ChildSingle,1.0
WDBC_1821_Inbound_ChildSingle_a9f4b9e2-e9ea-4456-80e3-47fe03b77367_639196380835269732.xml,WDBC,Go South Coast,Go South Coast 1821 Inbound,Bournemouth - Burton,price_band_2.2@ChildSingle,2.2
BLUS_2607_Inbound_AdultSingle_a9f4b9e2-e9ea-4456-80e3-47fe03b77367_639196387037329872.xml,BLUS,Go South Coast,Go South Coast 2607 Inbound,North Baddesley - Brockenhurst College,price_band_2.6@AdultSingle,2.6
WDBC_1003_Inbound_ChildSingle_2f1f0c04-770d-4707-ab06-213c5a798ad7_639196370411361395.xml,WDBC,Go South Coast,Go South Coast 1003 Inbound,Poole - Wimborne,price_band_2.5@ChildSingle,2.5
WDBC_3882_Outbound_AdultSingle_a9f4b9e2-e9ea-4456-80e3-47fe03b77367_639196400647091595.xml,WDBC,Go South Coast,Go South Coast 3882 Outbound,Stratford Road Grammar School - Burgate School,price_band_2.6@AdultSingle,2.6
BLUS_3634_Inbound_AdultSingle_a9f4b9e2-e9ea-4456-80e3-47fe03b77367_639196399650031455.xml,BLUS,Go South Coast,Go South Coast 3634 Inbound,East Wellow  - Romsey School,price_band_5.5@AdultSingle,5.5
DAMY_6487_Outbound_ChildReturn_a9f4b9e2-e9ea-4456-80e3-47fe03b77367_639196407147859780.xml,DAMY,Go South Coast,Go South Coast 6487 Outbound,Blandford - Dorchester,price_band_3.1@ChildReturn,3.1
WDBC_1114_Outbound_AdultReturn_a9f4b9e2-e9ea-4456-80e3-47fe03b77367_639196377866862983.xml,WDBC,Go South Coast,Go South Coast 1114 Outbound,Poole - RB Hospital,price_band_4.5@AdultReturn,4.5
WDBC_2186_Inbound_ChildSingle_a9f4b9e2-e9ea-4456-80e3-47fe03b77367_639196386719799011.xml,WDBC,Go South Coast,Go South Coast 2186 Inbound,Southampton - Lymington,price_band_2.1@ChildSingle,2.1
WDBC_2953_Inbound_ChildSingle_a9f4b9e2-e9ea-4456-80e3-47fe03b77367_639196388808872945.xml,WDBC,Go South Coast,Go South Coast 2953 Inbound,Salisbury - Ringwood,price_band_2.9@ChildSingle,2.9
SWWD_3040_Outbound_AdultSingle_a9f4b9e2-e9ea-4456-80e3-47fe03b77367_639196391567950214.xml,SWWD,Go South Coast,Go South Coast 3040 Outbound,Salisbury - Woodfalls,price_band_2.3@AdultSingle,2.3
WDBC_8120_Outbound_ChildReturn_a9f4b9e2-e9ea-4456-80e3-47fe03b77367_639196410320472372.xml,WDBC,Go South Coast,Go South Coast 8120 Outbound,Poole - Bournemoputh International Airport,price_band_3.7@ChildReturn,3.7
TDTR_7076_Inbound_YoungPersonSgl_a9f4b9e2-e9ea-4456-80e3-47fe03b77367_639196408693831771.xml,TDTR,Go South Coast,Go South Coast 7076 Inbound,Marlborough - Bath,price_band_2.0@YoungPersonSgl,2.0
SVCT_8511_Inbound_YoungAdSingle_a9f4b9e2-e9ea-4456-80e3-47fe03b77367_639196410792597208.xml,SVCT,Go South Coast,Go South Coast 8511 Inbound,Island Coaster - East,price_band_4.4@YoungAdSingle,4.4
WDBC_1903_Inbound_AdultSingle_a9f4b9e2-e9ea-4456-80e3-47fe03b77367_639196383177690294.xml,WDBC,Go South Coast,Go South Coast 1903 Inbound,Poole - Wimborne,price_band_3.0@AdultSingle,3.0
BLUS_4103_Outbound_AdultSingle_a9f4b9e2-e9ea-4456-80e3-47fe03b77367_639196402650791438.xml,BLUS,Go South Coast,Go South Coast 4103 Outbound,Southampton - Eastleigh,price_band_3.0@AdultSingle,3.0
SWWD_3102_Inbound_AdultSingle_a9f4b9e2-e9ea-4456-80e3-47fe03b77367_639196392122024208.xml,SWWD,Go South Coast,Go South Coast 3102 Inbound,Salisbury - Devizes,price_band_3.0@AdultSingle,3.0
BLUS_4001_Outbound_AdultSingle_f15d1b06-486f-433a-8991-95f1a97a87e0_639196400996252213.xml,BLUS,Go South Coast,Go South Coast 4001 Outbound,Southampton - Winchester,price_band_1.0@AdultSingle,1.0
WDBC_1833_Inbound_ChildReturn_a9f4b9e2-e9ea-4456-80e3-47fe03b77367_639196381609173020.xml,WDBC,Go South Coast,Go South Coast 1833 Inbound,Alum Chine - Castlepoint,price_band_3.2@ChildReturn,3.2
WDBC_1908_Inbound_AdultReturn_a9f4b9e2-e9ea-4456-80e3-47fe03b77367_639196383425309453.xml,WDBC,Go South Coast,Go South Coast 1908 Inbound,Poole - Blandford,price_band_4.2@AdultReturn,4.2
WDBC_1060_Inbound_ChildReturn_a9f4b9e2-e9ea-4456-80e3-47fe03b77367_639196376768665235.xml,WDBC,Go South Coast,Go South Coast 1060 Inbound,Rockley - Sandbanks,price_band_3.1@ChildReturn,3.1
BLUS_4006_Inbound_ChildSingle_f15d1b06-486f-433a-8991-95f1a97a87e0_639196401278141560.xml,BLUS,Go South Coast,Go South Coast 4006 Inbound,Southampton - Townhill Park,price_band_1.0@ChildSingle,1.0
WDBC_6419_Outbound_AdultSingle_a9f4b9e2-e9ea-4456-80e3-47fe03b77367_639196406811265190.xml,WDBC,Go South Coast,Go South Coast 6419 Outbound,Compton Avenue - Poole Grammar,price_band_2.8@AdultSingle,2.8
WDBC_2775_Inbound_AdultReturn_a9f4b9e2-e9ea-4456-80e3-47fe03b77367_639196387487214543.xml,WDBC,Go South Coast,Go South Coast 2775 Inbound,Milford on Sea - Priestlands School,price_band_6.0@AdultReturn,6.0
BLUS_8439_Inbound_AdultReturn_a9f4b9e2-e9ea-4456-80e3-47fe03b77367_639196410488349322.xml,BLUS,Go South Coast,Go South Coast 8439 Inbound,Romsey - Andover,price_band_6.0@AdultReturn,6.0
SWWD_3451_Outbound_ChildReturn_a9f4b9e2-e9ea-4456-80e3-47fe03b77367_639196397922008390.xml,SWWD,Go South Coast,Go South Coast 3451 Outbound,Salisbury - Sling - Larkhill,price_band_2.5@ChildReturn,2.5
TDTR_7048_Outbound_ChildReturn_a9f4b9e2-e9ea-4456-80e3-47fe03b77367_639196408550634722.xml,TDTR,Go South Coast,Go South Coast 7048 Outbound,Swindon - Marlborough,price_band_3.3@ChildReturn,3.3
WDBC_1762_Outbound_AdultReturn_a9f4b9e2-e9ea-4456-80e3-47fe03b77367_639196379173979700.xml,WDBC,Go South Coast,Go South Coast 1762 Outbound,Merley - Corfe Hills,price_band_5.1@AdultReturn,5.1
TDTR_7140_Outbound_AdultReturn_a9f4b9e2-e9ea-4456-80e3-47fe03b77367_639196408993607548.xml,TDTR,Go South Coast,Go South Coast 7140 Outbound,Calne - Calne Tesco,price_band_2.3@AdultReturn,2.3
WDBC_1788_Inbound_AdultSingle_a9f4b9e2-e9ea-4456-80e3-47fe03b77367_639196379238273293.xml,WDBC,Go South Coast,Go South Coast 1788 Inbound,Walkford - Bournemouth School for Girls,price_band_2.2@AdultSingle,2.2
BLUS_4012_Inbound_AdultReturn_a9f4b9e2-e9ea-4456-80e3-47fe03b77367_639196401739184044.xml,BLUS,Go South Coast,Go South Coast 4012 Inbound,Southampton - Calmore,price_band_4.5@AdultReturn,4.5
SWWD_3684_Outbound_AdultReturn_a9f4b9e2-e9ea-4456-80e3-47fe03b77367_639196400285449956.xml,SWWD,Go South Coast,Go South Coast 3684 Outbound,Coombe Bissett - Burgate,price_band_3.7@AdultReturn,3.7
WDBC_1806_Outbound_AdultReturn_a9f4b9e2-e9ea-4456-80e3-47fe03b77367_639196379944928892.xml,WDBC,Go South Coast,Go South Coast 1806 Outbound,Bournemouth - Wimborne,price_band_4.2@AdultReturn,4.2
WDBC_1887_Inbound_AdultSingle_a9f4b9e2-e9ea-4456-80e3-47fe03b77367_639196383074885624.xml,WDBC,Go South Coast,Go South Coast 1887 Inbound,Charminster - St Peters School,price_band_3.4@AdultSingle,3.4
TDTR_7048_Inbound_ChildSingle_a9f4b9e2-e9ea-4456-80e3-47fe03b77367_639196408488570662.xml,TDTR,Go South Coast,Go South Coast 7048 Inbound,Swindon - Marlborough,price_band_2.4@ChildSingle,2.4
WDBC_1886_Inbound_ChildSingle_a9f4b9e2-e9ea-4456-80e3-47fe03b77367_639196382862779897.xml,WDBC,Go South Coast,Go South Coast 1886 Inbound,Corfe Mullen - St Peters School,price_band_4.0@ChildSingle,4.0
WDBC_2186_Outbound_ChildSingle_a9f4b9e2-e9ea-4456-80e3-47fe03b77367_639196386819927165.xml,WDBC,Go South Coast,Go South Coast 2186 Outbound,Southampton - Lymington,price_band_2.1@ChildSingle,2.1
SWWD_3014_Outbound_AdultReturn_a9f4b9e2-e9ea-4456-80e3-47fe03b77367_639196391282067538.xml,SWWD,Go South Coast,Go South Coast 3014 Outbound,Salisbury - Harnham Hill,price_band_4.5@AdultReturn,4.5
WDBC_1903_Outbound_AdultSingle_d46597a9-440e-4c13-b49a-76a3986683d1_639196383376655914.xml,WDBC,Go South Coast,Go South Coast 1903 Outbound,Poole - Wimborne,price_band_1.0@AdultSingle,1.0
SWWD_3404_Inbound_ChildSingle_a9f4b9e2-e9ea-4456-80e3-47fe03b77367_639196396114116022.xml,SWWD,Go South Coast,Go South Coast 3404 Inbound,Salisbury - Larkhill,price_band_2.2@ChildSingle,2.2
SVCT_5259_Outbound_YoungAdSingle_a9f4b9e2-e9ea-4456-80e3-47fe03b77367_639196405591559045.xml,SVCT,Go South Coast,Go South Coast 5259 Outbound,Carisbrooke - Bembridge,price_band_2.4@YoungAdSingle,2.4
TDTR_7539_Inbound_AdultSingle_a9f4b9e2-e9ea-4456-80e3-47fe03b77367_639196409938781658.xml,TDTR,Go South Coast,Go South Coast 7539 Inbound,Wroughton - Cirencester College,price_band_5.2@AdultSingle,5.2
TDTR_7535_Inbound_ChildReturn_a9f4b9e2-e9ea-4456-80e3-47fe03b77367_639196409836953975.xml,TDTR,Go South Coast,Go South Coast 7535 Inbound,Wanborough - Cirencester College,price_band_8.3@ChildReturn,8.3
WDBC_2906_Inbound_ChildSingle_2f1f0c04-770d-4707-ab06-213c5a798ad7_639196388010827258.xml,WDBC,Go South Coast,Go South Coast 2906 Inbound,Poole - Ringwood,price_band_2.5@ChildSingle,2.5
WDBC_1020_Inbound_ChildReturn_a9f4b9e2-e9ea-4456-80e3-47fe03b77367_639196373360407510.xml,WDBC,Go South Coast,Go South Coast 1020 Inbound,Poole - Christchurch,price_band_2.8@ChildReturn,2.8
WDBC_1115_Outbound_AdultSingle_c8ecdd78-25f4-44ca-849f-b46b34af3909_639196378068296464.xml,WDBC,Go South Coast,Go South Coast 1115 Outbound,Bournemouth - Bournemouth University,price_band_3.0@AdultSingle,3.0
WDBC_1741_Inbound_AdultSingle_a9f4b9e2-e9ea-4456-80e3-47fe03b77367_639196379043613624.xml,WDBC,Go South Coast,Go South Coast 1741 Inbound,Sandbanks Ferry - Parkstone Grammar School,price_band_3.5@AdultSingle,3.5
TDTR_7146_Outbound_YoungPersonSgl_a9f4b9e2-e9ea-4456-80e3-47fe03b77367_639196409108555110.xml,TDTR,Go South Coast,Go South Coast 7146 Outbound,Swindon - Hungerford,price_band_1.7@YoungPersonSgl,1.7
SWWD_3495_Inbound_ChildReturn_a9f4b9e2-e9ea-4456-80e3-47fe03b77367_639196398829248740.xml,SWWD,Go South Coast,Go South Coast 3495 Inbound,Swindon - Pewsey,price_band_2.6@ChildReturn,2.6
BLUS_3634_Outbound_ChildSingle_a9f4b9e2-e9ea-4456-80e3-47fe03b77367_639196399696272220.xml,BLUS,Go South Coast,Go South Coast 3634 Outbound,East Wellow  - Romsey School,price_band_1.9@ChildSingle,1.9
WDBC_8279_Outbound_AdultSingle_a9f4b9e2-e9ea-4456-80e3-47fe03b77367_639196410391571978.xml,WDBC,Go South Coast,Go South Coast 8279 Outbound,New Milton - Brockenhurst BLUE,price_band_6.5@AdultSingle,6.5
SWWD_3457_Inbound_AdultReturn_a9f4b9e2-e9ea-4456-80e3-47fe03b77367_639196397980356456.xml,SWWD,Go South Coast,Go South Coast 3457 Inbound,Salisbury - Southampton,price_band_4.5@AdultReturn,4.5
TDTR_7180_Inbound_AdultSingle_a9f4b9e2-e9ea-4456-80e3-47fe03b77367_639196409462181321.xml,TDTR,Go South Coast,Go South Coast 7180 Inbound,Marlborough - Ludgershall,price_band_2.9@AdultSingle,2.9
WDBC_2761_Outbound_AdultReturn_a9f4b9e2-e9ea-4456-80e3-47fe03b77367_639196387445336314.xml,WDBC,Go South Coast,Go South Coast 2761 Outbound,Bunkers Hill Cottage - Priestlands School,price_band_7.9@AdultReturn,7.9
SWWD_3763_Inbound_ChildReturn_a9f4b9e2-e9ea-4456-80e3-47fe03b77367_639196400489938277.xml,SWWD,Go South Coast,Go South Coast 3763 Inbound,Mount Pleasant Farm - Burgate School,price_band_2.3@ChildReturn,2.3
TDTR_7176_Inbound_AdultSingle_a9f4b9e2-e9ea-4456-80e3-47fe03b77367_639196409387882739.xml,TDTR,Go South Coast,Go South Coast 7176 Inbound,Calne - Bath,price_band_1.7@AdultSingle,1.7
SWWD_3040_Outbound_AdultReturn_a9f4b9e2-e9ea-4456-80e3-47fe03b77367_639196391559199574.xml,SWWD,Go South Coast,Go South Coast 3040 Outbound,Salisbury - Woodfalls,price_band_4.5@AdultReturn,4.5
WDBC_1020_Inbound_AdultSingle_d46597a9-440e-4c13-b49a-76a3986683d1_639196373516300036.xml,WDBC,Go South Coast,Go South Coast 1020 Inbound,Poole - Christchurch,price_band_1.0@AdultSingle,1.0
TDTR_3820_Outbound_AdultSingle_a9f4b9e2-e9ea-4456-80e3-47fe03b77367_639196400549738554.xml,TDTR,Go South Coast,Go South Coast 3820 Outbound,Marlborough - Newbury,price_band_4.2@AdultSingle,4.2
WDBC_1003_Outbound_ChildSingle_2f1f0c04-770d-4707-ab06-213c5a798ad7_639196370485563140.xml,WDBC,Go South Coast,Go South Coast 1003 Outbound,Poole - Wimborne,price_band_2.8@ChildSingle,2.8
BLUS_4538_Outbound_AdultSingle_a9f4b9e2-e9ea-4456-80e3-47fe03b77367_639196403020672191.xml,BLUS,Go South Coast,Go South Coast 4538 Outbound,Rushington - Applemore College,price_band_2.5@AdultSingle,2.5
WDBC_6043_Inbound_AdultReturn_a9f4b9e2-e9ea-4456-80e3-47fe03b77367_639196406219929298.xml,WDBC,Go South Coast,Go South Coast 6043 Inbound,County Gates - Parkstone Grammar School,price_band_5.8@AdultReturn,5.8
TDTR_7148_Outbound_ChildSingle_a9f4b9e2-e9ea-4456-80e3-47fe03b77367_639196409205118335.xml,TDTR,Go South Coast,Go South Coast 7148 Outbound,Swindon - Marlborough,price_band_2.8@ChildSingle,2.8
WDBC_2193_Outbound_AdultSingle_a9f4b9e2-e9ea-4456-80e3-47fe03b77367_639196386880255438.xml,WDBC,Go South Coast,Go South Coast 2193 Outbound,New Milton - New Milton,price_band_2.5@AdultSingle,2.5
DAMY_6505_Inbound_ChildReturn_a9f4b9e2-e9ea-4456-80e3-47fe03b77367_639196407196013441.xml,DAMY,Go South Coast,Go South Coast 6505 Inbound,Weymouth - Dorchester,price_band_4.3@ChildReturn,4.3
WDBC_8600_Outbound_ChildSingle_a9f4b9e2-e9ea-4456-80e3-47fe03b77367_639196410829166355.xml,WDBC,Go South Coast,Go South Coast 8600 Outbound,Kings Park - Boscombe Pier,price_band_0.75@ChildSingle,0.75
WDBC_1641_Outbound_UniIDSingle_a9f4b9e2-e9ea-4456-80e3-47fe03b77367_639196378756752204.xml,WDBC,Go South Coast,Go South Coast 1641 Outbound,Dorchester House  - Talbot Campus,price_band_2.0@UniIDSingle,2.0
DAMY_6487_Outbound_ChildReturn_a9f4b9e2-e9ea-4456-80e3-47fe03b77367_639196407147859780.xml,DAMY,Go South Coast,Go South Coast 6487 Outbound,Blandford - Dorchester,price_band_4.0@ChildReturn,4.0
WDBC_1068_Outbound_ChildReturn_a9f4b9e2-e9ea-4456-80e3-47fe03b77367_639196376976070183.xml,WDBC,Go South Coast,Go South Coast 1068 Outbound,Poole - Poole Clockwise,price_band_2.8@ChildReturn,2.8
SWWD_3126_Outbound_ChildSingle_a9f4b9e2-e9ea-4456-80e3-47fe03b77367_639196393222165369.xml,SWWD,Go South Coast,Go South Coast 3126 Outbound,Salisbury - Hindon,price_band_2.9@ChildSingle,2.9
WDBC_6416_Outbound_AdultSingle_a9f4b9e2-e9ea-4456-80e3-47fe03b77367_639196406641168017.xml,WDBC,Go South Coast,Go South Coast 6416 Outbound,Penn Hill Avenue  - Poole Grammar School,price_band_2.5@AdultSingle,2.5
WDBC_6418_Inbound_AdultReturn_a9f4b9e2-e9ea-4456-80e3-47fe03b77367_639196406669610886.xml,WDBC,Go South Coast,Go South Coast 6418 Inbound,Sandbanks Ferry - Poole Grammar School,price_band_3.8@AdultReturn,3.8
SWWD_3206_Outbound_ChildSingle_a9f4b9e2-e9ea-4456-80e3-47fe03b77367_639196394044612563.xml,SWWD,Go South Coast,Go South Coast 3206 Outbound,Allington - Blue Boar Row,price_band_1.9@ChildSingle,1.9
WDBC_1053_Inbound_ChildSingle_a9f4b9e2-e9ea-4456-80e3-47fe03b77367_639196376118157824.xml,WDBC,Go South Coast,Go South Coast 1053 Inbound,Bournemouth - Wimborne,price_band_2.1@ChildSingle,2.1
WDBC_1170_Inbound_ChildReturn_a9f4b9e2-e9ea-4456-80e3-47fe03b77367_639196378241131175.xml,WDBC,Go South Coast,Go South Coast 1170 Inbound,Rockley Park - Hengistbury Head,price_band_3.7@ChildReturn,3.7
SWWD_3763_Outbound_AdultReturn_a9f4b9e2-e9ea-4456-80e3-47fe03b77367_639196400504674444.xml,SWWD,Go South Coast,Go South Coast 3763 Outbound,Mount Pleasant Farm - Burgate School,price_band_6.0@AdultReturn,6.0
WDBC_6943_Inbound_ChildSingle_a9f4b9e2-e9ea-4456-80e3-47fe03b77367_639196407906147726.xml,WDBC,Go South Coast,Go South Coast 6943 Inbound,Lulworth - Weymouth,price_band_3.0@ChildSingle,3.0
WDBC_1951_Outbound_ChildSingle_a9f4b9e2-e9ea-4456-80e3-47fe03b77367_639196384206150700.xml,WDBC,Go South Coast,Go South Coast 1951 Outbound,Bournemouth - Sandbanks,price_band_1.9@ChildSingle,1.9
BLUS_4023_Outbound_ChildSingle_f15d1b06-486f-433a-8991-95f1a97a87e0_639196402438028906.xml,BLUS,Go South Coast,Go South Coast 4023 Outbound,Eastleigh - Velmore,price_band_1.0@ChildSingle,1.0
BLUS_4538_Outbound_AdultReturn_a9f4b9e2-e9ea-4456-80e3-47fe03b77367_639196403022545319.xml,BLUS,Go South Coast,Go South Coast 4538 Outbound,Rushington - Applemore College,price_band_4.4@AdultReturn,4.4
BLUS_4014_Outbound_AdultReturn_a9f4b9e2-e9ea-4456-80e3-47fe03b77367_639196401885966456.xml,BLUS,Go South Coast,Go South Coast 4014 Outbound,Southampton - Hedge End,price_band_4.5@AdultReturn,4.5
SWWD_3407_Outbound_ChildSingle_eed5e2e8-c472-41af-825e-db09ec887334_639196397762912632.xml,SWWD,Go South Coast,Go South Coast 3407 Outbound,Salisbury - Southampton,price_band_2.5@ChildSingle,2.5
WDBC_1011_Inbound_AdultReturn_a9f4b9e2-e9ea-4456-80e3-47fe03b77367_639196370982106913.xml,WDBC,Go South Coast,Go South Coast 1011 Inbound,Bournemouth - Canford Paddock,price_band_4.2@AdultReturn,4.2
BLUS_4004_Outbound_ChildSingle_eed5e2e8-c472-41af-825e-db09ec887334_639196401188690397.xml,BLUS,Go South Coast,Go South Coast 4004 Outbound,Southampton - Romsey,price_band_1.0@ChildSingle,1.0
SWWD_3885_Outbound_AdultSingle_a9f4b9e2-e9ea-4456-80e3-47fe03b77367_639196400790128512.xml,SWWD,Go South Coast,Go South Coast 3885 Outbound,Whaddon - Burgate School,price_band_2.7@AdultSingle,2.7
SVCT_5259_Inbound_ChildSingle_a9f4b9e2-e9ea-4456-80e3-47fe03b77367_639196405579839302.xml,SVCT,Go South Coast,Go South Coast 5259 Inbound,Carisbrooke - Bembridge,price_band_3.0@ChildSingle,3.0
WDBC_8259_Outbound_AdultSingle_a9f4b9e2-e9ea-4456-80e3-47fe03b77367_639196410361764361.xml,WDBC,Go South Coast,Go South Coast 8259 Outbound,Brockenhurst - New Milton BLUE,price_band_5.5@AdultSingle,5.5
SWWD_7201_Outbound_AdultReturn_a9f4b9e2-e9ea-4456-80e3-47fe03b77367_639196409656757382.xml,SWWD,Go South Coast,Go South Coast 7201 Outbound,Figheldean - Salisbury,price_band_4.5@AdultReturn,4.5
SWWD_3029_Outbound_ChildSingle_a9f4b9e2-e9ea-4456-80e3-47fe03b77367_639196391456912319.xml,SWWD,Go South Coast,Go South Coast 3029 Outbound,Salisbury - Shaftesbury,price_band_2.1@ChildSingle,2.1
WDBC_2906_Inbound_ChildSingle_2f1f0c04-770d-4707-ab06-213c5a798ad7_639196388010827258.xml,WDBC,Go South Coast,Go South Coast 2906 Inbound,Poole - Ringwood,price_band_2.9@ChildSingle,2.9
WDBC_2620_Inbound_AdultSingle_a9f4b9e2-e9ea-4456-80e3-47fe03b77367_639196387279229743.xml,WDBC,Go South Coast,Go South Coast 2620 Inbound,Thorney Hill - Brockenhurst College,price_band_2.6@AdultSingle,2.6
TDTR_7180_Outbound_YoungPersonRtn_a9f4b9e2-e9ea-4456-80e3-47fe03b77367_639196409548679878.xml,TDTR,Go South Coast,Go South Coast 7180 Outbound,Marlborough - Ludgershall,price_band_3.0@YoungPersonRtn,3.0
SWWD_3029_Inbound_AdultSingle_a9f4b9e2-e9ea-4456-80e3-47fe03b77367_639196391317140135.xml,SWWD,Go South Coast,Go South Coast 3029 Inbound,Salisbury - Shaftesbury,price_band_2.3@AdultSingle,2.3
WDBC_1170_Outbound_AdultSingle_a9f4b9e2-e9ea-4456-80e3-47fe03b77367_639196378421741130.xml,WDBC,Go South Coast,Go South Coast 1170 Outbound,Rockley Park - Hengistbury Head,price_band_2.8@AdultSingle,2.8
WDBC_2002_Inbound_ChildSingle_2f1f0c04-770d-4707-ab06-213c5a798ad7_639196385280654281.xml,WDBC,Go South Coast,Go South Coast 2002 Inbound,Bournemouth - Lymington,price_band_3.0@ChildSingle,3.0
BLUS_4024_Outbound_AdultReturn_a9f4b9e2-e9ea-4456-80e3-47fe03b77367_639196402468761071.xml,BLUS,Go South Coast,Go South Coast 4024 Outbound,Eastleigh - Hedge End,price_band_5.7@AdultReturn,5.7
WDBC_1032_Outbound_ChildReturn_a9f4b9e2-e9ea-4456-80e3-47fe03b77367_639196374493340861.xml,WDBC,Go South Coast,Go South Coast 1032 Outbound,Poole - Bournemouth,price_band_3.7@ChildReturn,3.7
WDBC_2956_Outbound_ChildSingle_2f1f0c04-770d-4707-ab06-213c5a798ad7_639196390079407062.xml,WDBC,Go South Coast,Go South Coast 2956 Outbound,Ringwood - Bournemouth,price_band_3.0@ChildSingle,3.0
WDBC_1887_Inbound_AdultReturn_a9f4b9e2-e9ea-4456-80e3-47fe03b77367_639196383081300628.xml,WDBC,Go South Coast,Go South Coast 1887 Inbound,Charminster - St Peters School,price_band_5.8@AdultReturn,5.8
TDTR_7064_Inbound_YoungPersonSgl_a9f4b9e2-e9ea-4456-80e3-47fe03b77367_639196408647019947.xml,TDTR,Go South Coast,Go South Coast 7064 Inbound,Town Centre - Eldene,price_band_2.5@YoungPersonSgl,2.5
WDBC_1883_Outbound_AdultReturn_a9f4b9e2-e9ea-4456-80e3-47fe03b77367_639196382548015258.xml,WDBC,Go South Coast,Go South Coast 1883 Outbound,Alum Chine - Castlepoint,price_band_4.5@AdultReturn,4.5
WDBC_1415_Outbound_AdultSingle_a9f4b9e2-e9ea-4456-80e3-47fe03b77367_639196378722185776.xml,WDBC,Go South Coast,Go South Coast 1415 Outbound,Poole High - Canford Heath,price_band_2.3@AdultSingle,2.3
WDBC_1786_Outbound_ChildSingle_a9f4b9e2-e9ea-4456-80e3-47fe03b77367_639196379223545893.xml,WDBC,Go South Coast,Go South Coast 1786 Outbound,Park Gates - Bournemouth School for Girls,price_band_2.2@ChildSingle,2.2
DAMY_6020_Inbound_ChildReturn_a9f4b9e2-e9ea-4456-80e3-47fe03b77367_639196406048919444.xml,DAMY,Go South Coast,Go South Coast 6020 Inbound,Salisbury - Blandford,price_band_4.0@ChildReturn,4.0
TDTR_7146_Outbound_AdultSingle_a9f4b9e2-e9ea-4456-80e3-47fe03b77367_639196409066386614.xml,TDTR,Go South Coast,Go South Coast 7146 Outbound,Swindon - Hungerford,price_band_2.1@AdultSingle,2.1
WDBC_1806_Inbound_ChildSingle_d46597a9-440e-4c13-b49a-76a3986683d1_639196379924894842.xml,WDBC,Go South Coast,Go South Coast 1806 Inbound,Bournemouth - Wimborne,price_band_1.8@ChildSingle,1.8
SWWD_3507_Inbound_AdultSingle_a9f4b9e2-e9ea-4456-80e3-47fe03b77367_639196399031127732.xml,SWWD,Go South Coast,Go South Coast 3507 Inbound,City Centre - Lopcombe Corner,price_band_3.0@AdultSingle,3.0
WDBC_1831_Outbound_AdultSingle_a9f4b9e2-e9ea-4456-80e3-47fe03b77367_639196381276077193.xml,WDBC,Go South Coast,Go South Coast 1831 Outbound,Bournemouth - Hunt Road and Somerford,price_band_2.8@AdultSingle,2.8
WDBC_1806_Inbound_AdultSingle_a9f4b9e2-e9ea-4456-80e3-47fe03b77367_639196379849661818.xml,WDBC,Go South Coast,Go South Coast 1806 Inbound,Bournemouth - Wimborne,price_band_3.0@AdultSingle,3.0
WDBC_2625_Inbound_AdultReturn_a9f4b9e2-e9ea-4456-80e3-47fe03b77367_639196387357062061.xml,WDBC,Go South Coast,Go South Coast 2625 Inbound,Brook - Brockenhurst College,price_band_7.9@AdultReturn,7.9
WDBC_1017_Inbound_AdultReturn_a9f4b9e2-e9ea-4456-80e3-47fe03b77367_639196372577167753.xml,WDBC,Go South Coast,Go South Coast 1017 Inbound,Poole - Bournemouth,price_band_4.8@AdultReturn,4.8
WDBC_1903_Inbound_AdultReturn_a9f4b9e2-e9ea-4456-80e3-47fe03b77367_639196383158516479.xml,WDBC,Go South Coast,Go South Coast 1903 Inbound,Poole - Wimborne,price_band_5.5@AdultReturn,5.5
SWWD_3881_Outbound_ChildReturn_a9f4b9e2-e9ea-4456-80e3-47fe03b77367_639196400617952320.xml,SWWD,Go South Coast,Go South Coast 3881 Outbound,Wilton Road  - Burgate School,price_band_2.5@ChildReturn,2.5
SWWD_3125_Outbound_ChildReturn_a9f4b9e2-e9ea-4456-80e3-47fe03b77367_639196392988098341.xml,SWWD,Go South Coast,Go South Coast 3125 Outbound,South Wilts Grammar School - Hindon,price_band_5.1@ChildReturn,5.1
TDTR_7148_Inbound_ChildReturn_a9f4b9e2-e9ea-4456-80e3-47fe03b77367_639196409158228761.xml,TDTR,Go South Coast,Go South Coast 7148 Inbound,Swindon - Marlborough,price_band_2.6@ChildReturn,2.6
WDBC_2618_Outbound_AdultReturn_a9f4b9e2-e9ea-4456-80e3-47fe03b77367_639196387241385145.xml,WDBC,Go South Coast,Go South Coast 2618 Outbound,Cooper Dean - Brockenhurst College,price_band_8.7@AdultReturn,8.7
SWWD_3029_Outbound_AdultReturn_a9f4b9e2-e9ea-4456-80e3-47fe03b77367_639196391434760536.xml,SWWD,Go South Coast,Go South Coast 3029 Outbound,Salisbury - Shaftesbury,price_band_4.2@AdultReturn,4.2
WDBC_6047_Outbound_AdultReturn_a9f4b9e2-e9ea-4456-80e3-47fe03b77367_639196406352906636.xml,WDBC,Go South Coast,Go South Coast 6047 Outbound,Ringwood Road - Parkstone Grammar School,price_band_4.3@AdultReturn,4.3
SWWD_3402_Inbound_ChildSingle_a9f4b9e2-e9ea-4456-80e3-47fe03b77367_639196395840858699.xml,SWWD,Go South Coast,Go South Coast 3402 Inbound,Salisbury - Devizes,price_band_2.5@ChildSingle,2.5
SWWD_3677_Inbound_ChildSingle_a9f4b9e2-e9ea-4456-80e3-47fe03b77367_639196400150224090.xml,SWWD,Go South Coast,Go South Coast 3677 Inbound,Stratford Road Grammar School - West Wellow,price_band_2.3@ChildSingle,2.3
WDBC_1789_Outbound_AdultReturn_a9f4b9e2-e9ea-4456-80e3-47fe03b77367_639196379362514665.xml,WDBC,Go South Coast,Go South Coast 1789 Outbound,Bournemouth School for Girls - Lymington,price_band_6.4@AdultReturn,6.4
WDBC_1788_Inbound_ChildReturn_a9f4b9e2-e9ea-4456-80e3-47fe03b77367_639196379244026628.xml,WDBC,Go South Coast,Go South Coast 1788 Inbound,Walkford - Bournemouth School for Girls,price_band_5.2@ChildReturn,5.2
SWWD_3457_Inbound_AdultReturn_a9f4b9e2-e9ea-4456-80e3-47fe03b77367_639196397980356456.xml,SWWD,Go South Coast,Go South Coast 3457 Inbound,Salisbury - Southampton,price_band_6.0@AdultReturn,6.0
SWWD_3885_Inbound_ChildSingle_a9f4b9e2-e9ea-4456-80e3-47fe03b77367_639196400756565050.xml,SWWD,Go South Coast,Go South Coast 3885 Inbound,Whaddon - Burgate School,price_band_2.3@ChildSingle,2.3
SVCT_5263_Outbound_ChildSingle_a9f4b9e2-e9ea-4456-80e3-47fe03b77367_639196405624160242.xml,SVCT,Go South Coast,Go South Coast 5263 Outbound,Newport - Ventnor,price_band_2.4@ChildSingle,2.4
WDBC_6419_Outbound_ChildReturn_a9f4b9e2-e9ea-4456-80e3-47fe03b77367_639196406818586499.xml,WDBC,Go South Coast,Go South Coast 6419 Outbound,Compton Avenue - Poole Grammar,price_band_2.1@ChildReturn,2.1
BLUS_8439_Outbound_ChildReturn_a9f4b9e2-e9ea-4456-80e3-47fe03b77367_639196410519646352.xml,BLUS,Go South Coast,Go South Coast 8439 Outbound,Romsey - Andover,price_band_6.0@ChildReturn,6.0
WDBC_1114_Inbound_AdultSingle_a9f4b9e2-e9ea-4456-80e3-47fe03b77367_639196377598873181.xml,WDBC,Go South Coast,Go South Coast 1114 Inbound,Poole - RB Hospital,price_band_2.3@AdultSingle,2.3
SVCT_8502_Outbound_ChildSingle_a9f4b9e2-e9ea-4456-80e3-47fe03b77367_639196410636142625.xml,SVCT,Go South Coast,Go South Coast 8502 Outbound,Downs - Breezer,price_band_1.8@ChildSingle,1.8
WDBC_1040_Inbound_AdultSingle_2f1f0c04-770d-4707-ab06-213c5a798ad7_639196374975511293.xml,WDBC,Go South Coast,Go South Coast 1040 Inbound,Swanage - Poole,price_band_3.0@AdultSingle,3.0
SWWD_3451_Outbound_ChildSingle_a9f4b9e2-e9ea-4456-80e3-47fe03b77367_639196397907893326.xml,SWWD,Go South Coast,Go South Coast 3451 Outbound,Salisbury - Sling - Larkhill,price_band_2.1@ChildSingle,2.1
TDTR_7537_Outbound_ChildSingle_a9f4b9e2-e9ea-4456-80e3-47fe03b77367_639196409902941831.xml,TDTR,Go South Coast,Go South Coast 7537 Outbound,Highworth - Cirencester College,price_band_5.2@ChildSingle,5.2
WDBC_1908_Inbound_AdultSingle_2f1f0c04-770d-4707-ab06-213c5a798ad7_639196383442389929.xml,WDBC,Go South Coast,Go South Coast 1908 Inbound,Poole - Blandford,price_band_3.0@AdultSingle,3.0
TDTR_7053_Inbound_YoungPersonSgl_a9f4b9e2-e9ea-4456-80e3-47fe03b77367_639196408596288264.xml,TDTR,Go South Coast,Go South Coast 7053 Inbound,Fleming Way - South Marston,price_band_1.8@YoungPersonSgl,1.8
WDBC_6449_Inbound_ChildReturn_a9f4b9e2-e9ea-4456-80e3-47fe03b77367_639196406931268887.xml,WDBC,Go South Coast,Go South Coast 6449 Inbound,St Osmunds - Parkstone Grammar,price_band_2.9@ChildReturn,2.9
WDBC_6671_Outbound_AdultSingle_a9f4b9e2-e9ea-4456-80e3-47fe03b77367_639196407241955601.xml,WDBC,Go South Coast,Go South Coast 6671 Outbound,Albert Road - Alderney West,price_band_2.3@AdultSingle,2.3
SVCT_5024_Outbound_YoungAdSingle_a9f4b9e2-e9ea-4456-80e3-47fe03b77367_639196404312746981.xml,SVCT,Go South Coast,Go South Coast 5024 Outbound,Shanklin - Community Route 24,price_band_2.4@YoungAdSingle,2.4
WDBC_1806_Inbound_AdultSingle_2f1f0c04-770d-4707-ab06-213c5a798ad7_639196379892158756.xml,WDBC,Go South Coast,Go South Coast 1806 Inbound,Bournemouth - Wimborne,price_band_3.0@AdultSingle,3.0
WDBC_2953_Inbound_ChildSingle_a9f4b9e2-e9ea-4456-80e3-47fe03b77367_639196388808872945.xml,WDBC,Go South Coast,Go South Coast 2953 Inbound,Salisbury - Ringwood,price_band_1.9@ChildSingle,1.9
SWWD_3040_Inbound_ChildReturn_a9f4b9e2-e9ea-4456-80e3-47fe03b77367_639196391517369137.xml,SWWD,Go South Coast,Go South Coast 3040 Inbound,Salisbury - Woodfalls,price_band_5.6@ChildReturn,5.6
WDBC_1053_Outbound_ChildReturn_a9f4b9e2-e9ea-4456-80e3-47fe03b77367_639196376275393422.xml,WDBC,Go South Coast,Go South Coast 1053 Outbound,Bournemouth - Wimborne,price_band_4.6@ChildReturn,4.6
WDBC_2001_Outbound_ChildReturn_a9f4b9e2-e9ea-4456-80e3-47fe03b77367_639196384725076307.xml,WDBC,Go South Coast,Go South Coast 2001 Outbound,Bournemouth - Lymington,price_band_6.0@ChildReturn,6.0
WDBC_1040_Outbound_AdultReturn_a9f4b9e2-e9ea-4456-80e3-47fe03b77367_639196375143206504.xml,WDBC,Go South Coast,Go South Coast 1040 Outbound,Swanage - Poole,price_band_5.1@AdultReturn,5.1
WDBC_1837_Inbound_AdultSingle_d46597a9-440e-4c13-b49a-76a3986683d1_639196381887430945.xml,WDBC,Go South Coast,Go South Coast 1837 Inbound,Bournemouth - Bournemouth International Airport,price_band_3.0@AdultSingle,3.0
SWWD_3312_Outbound_ChildReturn_a9f4b9e2-e9ea-4456-80e3-47fe03b77367_639196394729817652.xml,SWWD,Go South Coast,Go South Coast 3312 Outbound,City Centre - Bishopdown Farm,price_band_2.5@ChildReturn,2.5
SWWD_7086_Outbound_AdultSingle_a9f4b9e2-e9ea-4456-80e3-47fe03b77367_639196408892154118.xml,SWWD,Go South Coast,Go South Coast 7086 Outbound,Ansty - Shaftesbury,price_band_3.0@AdultSingle,3.0
SVCT_8505_Outbound_ChildSingle_a9f4b9e2-e9ea-4456-80e3-47fe03b77367_639196410729291903.xml,SVCT,Go South Coast,Go South Coast 8505 Outbound,Shanklin - Shuttle,price_band_2.4@ChildSingle,2.4
WDBC_1038_Outbound_AdultSingle_a9f4b9e2-e9ea-4456-80e3-47fe03b77367_639196374706428715.xml,WDBC,Go South Coast,Go South Coast 1038 Outbound,Ferndown - Ringwood,price_band_2.8@AdultSingle,2.8
TDTR_7146_Outbound_AdultReturn_a9f4b9e2-e9ea-4456-80e3-47fe03b77367_639196409076247496.xml,TDTR,Go South Coast,Go South Coast 7146 Outbound,Swindon - Hungerford,price_band_6.0@AdultReturn,6.0
SWWD_3329_Outbound_ChildReturn_a9f4b9e2-e9ea-4456-80e3-47fe03b77367_639196395700700871.xml,SWWD,Go South Coast,Go South Coast 3329 Outbound,Salisbury - Broad Chalke,price_band_3.8@ChildReturn,3.8
SVCT_5109_Inbound_YoungAdSingle_a9f4b9e2-e9ea-4456-80e3-47fe03b77367_639196405287659353.xml,SVCT,Go South Coast,Go South Coast 5109 Inbound,Ryde  - Newport,price_band_2.4@YoungAdSingle,2.4
WDBC_1013_Inbound_ChildSingle_d46597a9-440e-4c13-b49a-76a3986683d1_639196371388291411.xml,WDBC,Go South Coast,Go South Coast 1013 Inbound,Bournemouth - Wimborne,price_band_2.8@ChildSingle,2.8
SWWD_3266_Outbound_AdultSingle_a9f4b9e2-e9ea-4456-80e3-47fe03b77367_639196394226039482.xml,SWWD,Go South Coast,Go South Coast 3266 Outbound,South Wilts Grammar School - Idmiston,price_band_2.3@AdultSingle,2.3
SWWD_3451_Outbound_ChildReturn_a9f4b9e2-e9ea-4456-80e3-47fe03b77367_639196397922008390.xml,SWWD,Go South Coast,Go South Coast 3451 Outbound,Salisbury - Sling - Larkhill,price_band_4.0@ChildReturn,4.0
SWWD_3404_Outbound_AdultReturn_a9f4b9e2-e9ea-4456-80e3-47fe03b77367_639196396309504942.xml,SWWD,Go South Coast,Go South Coast 3404 Outbound,Salisbury - Larkhill,price_band_4.5@AdultReturn,4.5
SVCT_8501_Outbound_YoungAdSingle_a9f4b9e2-e9ea-4456-80e3-47fe03b77367_639196410618467672.xml,SVCT,Go South Coast,Go South Coast 8501 Outbound,Island Coaster - West,price_band_6.4@YoungAdSingle,6.4
WDBC_2112_Outbound_AdultSingle_a9f4b9e2-e9ea-4456-80e3-47fe03b77367_639196386355093738.xml,WDBC,Go South Coast,Go South Coast 2112 Outbound,Hythe - Lymington,price_band_3.0@AdultSingle,3.0
WDBC_1821_Outbound_AdultSingle_d46597a9-440e-4c13-b49a-76a3986683d1_639196381097559839.xml,WDBC,Go South Coast,Go South Coast 1821 Outbound,Bournemouth - Burton,price_band_1.0@AdultSingle,1.0
SVCT_8503_Outbound_YoungAdSingle_a9f4b9e2-e9ea-4456-80e3-47fe03b77367_639196410659374934.xml,SVCT,Go South Coast,Go South Coast 8503 Outbound,Needles - Breezer,price_band_12.7@YoungAdSingle,12.7
WDBC_6448_Outbound_AdultSingle_a9f4b9e2-e9ea-4456-80e3-47fe03b77367_639196406867347602.xml,WDBC,Go South Coast,Go South Coast 6448 Outbound,Furnell Road - Parkstone Grammar,price_band_2.0@AdultSingle,2.0
SWWD_3645_Outbound_AdultReturn_a9f4b9e2-e9ea-4456-80e3-47fe03b77367_639196399873235960.xml,SWWD,Go South Coast,Go South Coast 3645 Outbound,Stratford Road Grammar School - Hamptworth Cuckoo,price_band_4.2@AdultReturn,4.2
WDBC_2956_Outbound_AdultSingle_a9f4b9e2-e9ea-4456-80e3-47fe03b77367_639196389636348836.xml,WDBC,Go South Coast,Go South Coast 2956 Outbound,Ringwood - Bournemouth,price_band_2.3@AdultSingle,2.3
WDBC_2003_Inbound_AdultSingle_a9f4b9e2-e9ea-4456-80e3-47fe03b77367_639196385644975215.xml,WDBC,Go South Coast,Go South Coast 2003 Inbound,Salisbury - Bournemouth,price_band_2.8@AdultSingle,2.8
WDBC_1831_Outbound_AdultSingle_a9f4b9e2-e9ea-4456-80e3-47fe03b77367_639196381276077193.xml,WDBC,Go South Coast,Go South Coast 1831 Outbound,Bournemouth - Hunt Road and Somerford,price_band_3.0@AdultSingle,3.0
BLUS_2607_Outbound_AdultReturn_a9f4b9e2-e9ea-4456-80e3-47fe03b77367_639196387047353722.xml,BLUS,Go South Coast,Go South Coast 2607 Outbound,North Baddesley - Brockenhurst College,price_band_7.9@AdultReturn,7.9
DAMY_6020_Inbound_ChildReturn_a9f4b9e2-e9ea-4456-80e3-47fe03b77367_639196406048919444.xml,DAMY,Go South Coast,Go South Coast 6020 Inbound,Salisbury - Blandford,price_band_4.6@ChildReturn,4.6
SVCT_5106_Inbound_ChildSingle_a9f4b9e2-e9ea-4456-80e3-47fe03b77367_639196405051383561.xml,SVCT,Go South Coast,Go South Coast 5106 Inbound,Ventnor  - Newport,price_band_2.4@ChildSingle,2.4
WDBC_1806_Inbound_ChildSingle_2f1f0c04-770d-4707-ab06-213c5a798ad7_639196379915039634.xml,WDBC,Go South Coast,Go South Coast 1806 Inbound,Bournemouth - Wimborne,price_band_1.8@ChildSingle,1.8
TDTR_7180_Inbound_YoungPersonSgl_a9f4b9e2-e9ea-4456-80e3-47fe03b77367_639196409516467218.xml,TDTR,Go South Coast,Go South Coast 7180 Inbound,Marlborough - Ludgershall,price_band_1.4@YoungPersonSgl,1.4
BLUS_4425_Outbound_AdultReturn_a9f4b9e2-e9ea-4456-80e3-47fe03b77367_639196402940560075.xml,BLUS,Go South Coast,Go South Coast 4425 Outbound,Eastleigh - Boorley Park,price_band_4.7@AdultReturn,4.7
SWWD_3126_Inbound_ChildReturn_a9f4b9e2-e9ea-4456-80e3-47fe03b77367_639196393154456719.xml,SWWD,Go South Coast,Go South Coast 3126 Inbound,Salisbury - Hindon,price_band_2.5@ChildReturn,2.5
WDBC_6047_Outbound_AdultSingle_a9f4b9e2-e9ea-4456-80e3-47fe03b77367_639196406345406834.xml,WDBC,Go South Coast,Go South Coast 6047 Outbound,Ringwood Road - Parkstone Grammar School,price_band_2.9@AdultSingle,2.9
TDTR_7001_Inbound_AdultSingle_a9f4b9e2-e9ea-4456-80e3-47fe03b77367_639196408047885475.xml,TDTR,Go South Coast,Go South Coast 7001 Inbound,Middleleaze - Great Western Hospital,price_band_3.0@AdultSingle,3.0
SWWD_3819_Inbound_ChildSingle_a9f4b9e2-e9ea-4456-80e3-47fe03b77367_639196400526427340.xml,SWWD,Go South Coast,Go South Coast 3819 Inbound,Marlborough - Burbage,price_band_1.5@ChildSingle,1.5
SWWD_3307_Outbound_ChildReturn_a9f4b9e2-e9ea-4456-80e3-47fe03b77367_639196394581532415.xml,SWWD,Go South Coast,Go South Coast 3307 Outbound,City Centre - Bishopdown Farm,price_band_2.5@ChildReturn,2.5
WDBC_1908_Inbound_AdultSingle_d46597a9-440e-4c13-b49a-76a3986683d1_639196383448804845.xml,WDBC,Go South Coast,Go South Coast 1908 Inbound,Poole - Blandford,price_band_3.0@AdultSingle,3.0
SWWD_3325_Outbound_ChildSingle_a9f4b9e2-e9ea-4456-80e3-47fe03b77367_639196394977169430.xml,SWWD,Go South Coast,Go South Coast 3325 Outbound,South Wilts Grammar School - Hindon,price_band_1.9@ChildSingle,1.9
SWWD_3885_Inbound_AdultReturn_a9f4b9e2-e9ea-4456-80e3-47fe03b77367_639196400739582598.xml,SWWD,Go South Coast,Go South Coast 3885 Inbound,Whaddon - Burgate School,price_band_4.2@AdultReturn,4.2
WDBC_1806_Outbound_ChildSingle_d46597a9-440e-4c13-b49a-76a3986683d1_639196379999922462.xml,WDBC,Go South Coast,Go South Coast 1806 Outbound,Bournemouth - Wimborne,price_band_2.2@ChildSingle,2.2
WDBC_1881_Inbound_ChildReturn_a9f4b9e2-e9ea-4456-80e3-47fe03b77367_639196382467123775.xml,WDBC,Go South Coast,Go South Coast 1881 Inbound,Charminster - Avonbourne Academy,price_band_5.0@ChildReturn,5.0
SWWD_3044_Inbound_AdultReturn_a9f4b9e2-e9ea-4456-80e3-47fe03b77367_639196391630327417.xml,SWWD,Go South Coast,Go South Coast 3044 Inbound,Salisbury - Woodfalls,price_band_5.7@AdultReturn,5.7
BLUS_4026_Outbound_ChildSingle_f15d1b06-486f-433a-8991-95f1a97a87e0_639196402535517143.xml,BLUS,Go South Coast,Go South Coast 4026 Outbound,Southampton - Whiteley,price_band_1.0@ChildSingle,1.0
SWWD_3310_Inbound_ChildReturn_a9f4b9e2-e9ea-4456-80e3-47fe03b77367_639196394665970350.xml,SWWD,Go South Coast,Go South Coast 3310 Inbound,City Centre - St Peters Place,price_band_3.6@ChildReturn,3.6
TDTR_7048_Inbound_AdultSingle_a9f4b9e2-e9ea-4456-80e3-47fe03b77367_639196408466591234.xml,TDTR,Go South Coast,Go South Coast 7048 Inbound,Swindon - Marlborough,price_band_2.4@AdultSingle,2.4
BLUS_4017_Outbound_AdultSingle_a9f4b9e2-e9ea-4456-80e3-47fe03b77367_639196402082482109.xml,BLUS,Go South Coast,Go South Coast 4017 Outbound,Weston - Adanac Park,price_band_2.6@AdultSingle,2.6
SWWD_3511_Outbound_AdultReturn_a9f4b9e2-e9ea-4456-80e3-47fe03b77367_639196399125751955.xml,SWWD,Go South Coast,Go South Coast 3511 Outbound,Blue Boar Row - Old Sarum,price_band_4.5@AdultReturn,4.5
SWWD_3457_Inbound_ChildSingle_a9f4b9e2-e9ea-4456-80e3-47fe03b77367_639196398011492336.xml,SWWD,Go South Coast,Go South Coast 3457 Inbound,Salisbury - Southampton,price_band_2.3@ChildSingle,2.3
BLUS_4026_Inbound_AdultSingle_f15d1b06-486f-433a-8991-95f1a97a87e0_639196402492328751.xml,BLUS,Go South Coast,Go South Coast 4026 Inbound,Southampton - Whiteley,price_band_1.0@AdultSingle,1.0
SVCT_5002_Outbound_YoungAdSingle_a9f4b9e2-e9ea-4456-80e3-47fe03b77367_639196403691952767.xml,SVCT,Go South Coast,Go South Coast 5002 Outbound,Newport - Ryde,price_band_2.4@YoungAdSingle,2.4
WDBC_1006_Inbound_AdultSingle_a9f4b9e2-e9ea-4456-80e3-47fe03b77367_639196370715966426.xml,WDBC,Go South Coast,Go South Coast 1006 Inbound,Poole - Tower Park,price_band_2.3@AdultSingle,2.3
SWWD_3102_Inbound_ChildReturn_a9f4b9e2-e9ea-4456-80e3-47fe03b77367_639196392142959391.xml,SWWD,Go South Coast,Go South Coast 3102 Inbound,Salisbury - Devizes,price_band_5.1@ChildReturn,5.1
SWWD_3407_Outbound_AdultSingle_f15d1b06-486f-433a-8991-95f1a97a87e0_639196397663067861.xml,SWWD,Go South Coast,Go South Coast 3407 Outbound,Salisbury - Southampton,price_band_1.0@AdultSingle,1.0
BLUS_3634_Outbound_AdultSingle_a9f4b9e2-e9ea-4456-80e3-47fe03b77367_639196399678179226.xml,BLUS,Go South Coast,Go South Coast 3634 Outbound,East Wellow  - Romsey School,price_band_5.5@AdultSingle,5.5
WDBC_1015_Outbound_ChildSingle_a9f4b9e2-e9ea-4456-80e3-47fe03b77367_639196371920220477.xml,WDBC,Go South Coast,Go South Coast 1015 Outbound,Poole - Bournemouth Hospital,price_band_2.5@ChildSingle,2.5
SWWD_3513_Outbound_AdultSingle_a9f4b9e2-e9ea-4456-80e3-47fe03b77367_639196399209141775.xml,SWWD,Go South Coast,Go South Coast 3513 Outbound,Blue Boar Row - Bulbridge Chantry Road,price_band_2.3@AdultSingle,2.3
WDBC_2633_Inbound_AdultSingle_a9f4b9e2-e9ea-4456-80e3-47fe03b77367_639196387404256464.xml,WDBC,Go South Coast,Go South Coast 2633 Inbound,Wimborne - Brockenhurst College,price_band_2.6@AdultSingle,2.6
SWWD_7201_Inbound_ChildReturn_a9f4b9e2-e9ea-4456-80e3-47fe03b77367_639196409634398062.xml,SWWD,Go South Coast,Go South Coast 7201 Inbound,Figheldean - Salisbury,price_band_3.0@ChildReturn,3.0
SWWD_3126_Inbound_ChildSingle_a9f4b9e2-e9ea-4456-80e3-47fe03b77367_639196393128381437.xml,SWWD,Go South Coast,Go South Coast 3126 Inbound,Salisbury - Hindon,price_band_2.9@ChildSingle,2.9
WDBC_1950_Inbound_ChildSingle_a9f4b9e2-e9ea-4456-80e3-47fe03b77367_639196383599091215.xml,WDBC,Go South Coast,Go South Coast 1950 Inbound,Bournemouth - Swanage,price_band_2.8@ChildSingle,2.8
SWWD_3495_Inbound_AdultSingle_a9f4b9e2-e9ea-4456-80e3-47fe03b77367_639196398970481910.xml,SWWD,Go South Coast,Go South Coast 3495 Inbound,Swindon - Pewsey,price_band_3.0@AdultSingle,3.0
WDBC_1052_Outbound_ChildSingle_d46597a9-440e-4c13-b49a-76a3986683d1_639196375998548195.xml,WDBC,Go South Coast,Go South Coast 1052 Outbound,Rockley - Sandbanks,price_band_1.0@ChildSingle,1.0
SWWD_3108_Outbound_ChildReturn_a9f4b9e2-e9ea-4456-80e3-47fe03b77367_639196392538848351.xml,SWWD,Go South Coast,Go South Coast 3108 Outbound,Salisbury - Zouch Estate,price_band_4.5@ChildReturn,4.5
SWWD_3645_Inbound_ChildSingle_a9f4b9e2-e9ea-4456-80e3-47fe03b77367_639196399779822412.xml,SWWD,Go South Coast,Go South Coast 3645 Inbound,Stratford Road Grammar School - Hamptworth Cuckoo,price_band_1.9@ChildSingle,1.9
TDTR_7176_Outbound_YoungPersonSgl_a9f4b9e2-e9ea-4456-80e3-47fe03b77367_639196409416549566.xml,TDTR,Go South Coast,Go South Coast 7176 Outbound,Calne - Bath,price_band_1.7@YoungPersonSgl,1.7
BLUS_4014_Inbound_AdultSingle_eed5e2e8-c472-41af-825e-db09ec887334_639196401868079170.xml,BLUS,Go South Coast,Go South Coast 4014 Inbound,Southampton - Hedge End,price_band_1.0@AdultSingle,1.0
TDTR_7080_Inbound_YoungPersonSgl_a9f4b9e2-e9ea-4456-80e3-47fe03b77367_639196408796693410.xml,TDTR,Go South Coast,Go South Coast 7080 Inbound,Swindon - Marlborough,price_band_1.6@YoungPersonSgl,1.6
WDBC_6419_Inbound_AdultReturn_a9f4b9e2-e9ea-4456-80e3-47fe03b77367_639196406771655102.xml,WDBC,Go South Coast,Go South Coast 6419 Inbound,Compton Avenue - Poole Grammar,price_band_3.8@AdultReturn,3.8
SWWD_3525_Inbound_AdultReturn_a9f4b9e2-e9ea-4456-80e3-47fe03b77367_639196399487608567.xml,SWWD,Go South Coast,Go South Coast 3525 Inbound,City Centre - Petersfinger Park & Ride,price_band_3.5@AdultReturn,3.5
DAMY_6487_Outbound_ChildSingle_a9f4b9e2-e9ea-4456-80e3-47fe03b77367_639196407161038133.xml,DAMY,Go South Coast,Go South Coast 6487 Outbound,Blandford - Dorchester,price_band_2.3@ChildSingle,2.3
SWWD_3677_Outbound_ChildReturn_a9f4b9e2-e9ea-4456-80e3-47fe03b77367_639196400257854619.xml,SWWD,Go South Coast,Go South Coast 3677 Outbound,Stratford Road Grammar School - West Wellow,price_band_3.8@ChildReturn,3.8
WDBC_2001_Inbound_ChildSingle_d46597a9-440e-4c13-b49a-76a3986683d1_639196384631343625.xml,WDBC,Go South Coast,Go South Coast 2001 Inbound,Bournemouth - Lymington,price_band_1.0@ChildSingle,1.0
WDBC_1105_Outbound_ChildSingle_a9f4b9e2-e9ea-4456-80e3-47fe03b77367_639196377251267460.xml,WDBC,Go South Coast,Go South Coast 1105 Outbound,Poole - Tower Park,price_band_1.9@ChildSingle,1.9
SWWD_3883_Outbound_AdultReturn_a9f4b9e2-e9ea-4456-80e3-47fe03b77367_639196400696963986.xml,SWWD,Go South Coast,Go South Coast 3883 Outbound,Bishopdown Farm  - Burgate School,price_band_3.6@AdultReturn,3.6
WDBC_1724_Inbound_ChildSingle_a9f4b9e2-e9ea-4456-80e3-47fe03b77367_639196379009476700.xml,WDBC,Go South Coast,Go South Coast 1724 Inbound,Bloxworth - Lytchett Minster School,price_band_2.1@ChildSingle,2.1
TDTR_7014_Inbound_AdultSingle_a9f4b9e2-e9ea-4456-80e3-47fe03b77367_639196408188022245.xml,TDTR,Go South Coast,Go South Coast 7014 Inbound,Fleming Way - Eldene,price_band_3.0@AdultSingle,3.0
WDBC_1050_Outbound_ChildSingle_a9f4b9e2-e9ea-4456-80e3-47fe03b77367_639196375696950415.xml,WDBC,Go South Coast,Go South Coast 1050 Outbound,Bournemouth Station - Swanage,price_band_2.8@ChildSingle,2.8
WDBC_1903_Inbound_AdultSingle_2f1f0c04-770d-4707-ab06-213c5a798ad7_639196383215218684.xml,WDBC,Go South Coast,Go South Coast 1903 Inbound,Poole - Wimborne,price_band_3.0@AdultSingle,3.0
WDBC_1006_Outbound_AdultSingle_a9f4b9e2-e9ea-4456-80e3-47fe03b77367_639196370819746301.xml,WDBC,Go South Coast,Go South Coast 1006 Outbound,Poole - Tower Park,price_band_2.3@AdultSingle,2.3
WDBC_6450_Inbound_AdultSingle_a9f4b9e2-e9ea-4456-80e3-47fe03b77367_639196406986787691.xml,WDBC,Go South Coast,Go South Coast 6450 Inbound,Wallisdown - Parkstone Grammar,price_band_3.5@AdultSingle,3.5
BLUS_2605_Outbound_AdultReturn_a9f4b9e2-e9ea-4456-80e3-47fe03b77367_639196387010844311.xml,BLUS,Go South Coast,Go South Coast 2605 Outbound,Wellow - Brockenhurst College,price_band_7.9@AdultReturn,7.9
SWWD_3763_Outbound_ChildReturn_a9f4b9e2-e9ea-4456-80e3-47fe03b77367_639196400519593475.xml,SWWD,Go South Coast,Go South Coast 3763 Outbound,Mount Pleasant Farm - Burgate School,price_band_6.0@ChildReturn,6.0
BLUS_4019_Outbound_AdultSingle_f15d1b06-486f-433a-8991-95f1a97a87e0_639196402263845892.xml,BLUS,Go South Coast,Go South Coast 4019 Outbound,Thornhill - Lordshill,price_band_1.0@AdultSingle,1.0
WDBC_1806_Outbound_ChildSingle_d46597a9-440e-4c13-b49a-76a3986683d1_639196379999922462.xml,WDBC,Go South Coast,Go South Coast 1806 Outbound,Bournemouth - Wimborne,price_band_3.0@ChildSingle,3.0
WDBC_1053_Outbound_AdultSingle_2f1f0c04-770d-4707-ab06-213c5a798ad7_639196376366142529.xml,WDBC,Go South Coast,Go South Coast 1053 Outbound,Bournemouth - Wimborne,price_band_2.8@AdultSingle,2.8
SWWD_3507_Inbound_AdultReturn_a9f4b9e2-e9ea-4456-80e3-47fe03b77367_639196399034414596.xml,SWWD,Go South Coast,Go South Coast 3507 Inbound,City Centre - Lopcombe Corner,price_band_4.5@AdultReturn,4.5
WDBC_6418_Outbound_AdultSingle_a9f4b9e2-e9ea-4456-80e3-47fe03b77367_639196406735669010.xml,WDBC,Go South Coast,Go South Coast 6418 Outbound,Sandbanks Ferry - Poole Grammar School,price_band_2.2@AdultSingle,2.2
WDBC_1011_Inbound_AdultSingle_d46597a9-440e-4c13-b49a-76a3986683d1_639196371033263896.xml,WDBC,Go South Coast,Go South Coast 1011 Inbound,Bournemouth - Canford Paddock,price_band_1.0@AdultSingle,1.0
TDTR_7176_Outbound_YoungPersonRtn_a9f4b9e2-e9ea-4456-80e3-47fe03b77367_639196409401708869.xml,TDTR,Go South Coast,Go South Coast 7176 Outbound,Calne - Bath,price_band_2.3@YoungPersonRtn,2.3
SWWD_3883_Inbound_AdultReturn_a9f4b9e2-e9ea-4456-80e3-47fe03b77367_639196400675487921.xml,SWWD,Go South Coast,Go South Coast 3883 Inbound,Bishopdown Farm  - Burgate School,price_band_3.7@AdultReturn,3.7
TDTR_7046_Outbound_ChildReturn_a9f4b9e2-e9ea-4456-80e3-47fe03b77367_639196408448353921.xml,TDTR,Go South Coast,Go South Coast 7046 Outbound,Swindon - Hungerford,price_band_4.7@ChildReturn,4.7
WDBC_1641_Inbound_AdultSingle_a9f4b9e2-e9ea-4456-80e3-47fe03b77367_639196378727983193.xml,WDBC,Go South Coast,Go South Coast 1641 Inbound,Dorchester House  - Talbot Campus,price_band_2.4@AdultSingle,2.4
WDBC_1013_Outbound_ChildReturn_a9f4b9e2-e9ea-4456-80e3-47fe03b77367_639196371479454355.xml,WDBC,Go South Coast,Go South Coast 1013 Outbound,Bournemouth - Wimborne,price_band_3.0@ChildReturn,3.0
WDBC_2613_Inbound_AdultReturn_a9f4b9e2-e9ea-4456-80e3-47fe03b77367_639196387088472717.xml,WDBC,Go South Coast,Go South Coast 2613 Inbound,Broadstone - Brockenhurst College,price_band_6.4@AdultReturn,6.4
WDBC_2953_Inbound_AdultReturn_a9f4b9e2-e9ea-4456-80e3-47fe03b77367_639196388747958544.xml,WDBC,Go South Coast,Go South Coast 2953 Inbound,Salisbury - Ringwood,price_band_4.2@AdultReturn,4.2
WDBC_1786_Outbound_ChildReturn_a9f4b9e2-e9ea-4456-80e3-47fe03b77367_639196379218850155.xml,WDBC,Go South Coast,Go South Coast 1786 Outbound,Park Gates - Bournemouth School for Girls,price_band_6.3@ChildReturn,6.3
BLUS_4021_Inbound_ChildSingle_a9f4b9e2-e9ea-4456-80e3-47fe03b77367_639196402337116421.xml,BLUS,Go South Coast,Go South Coast 4021 Inbound,Southampton - Lordshill,price_band_2.1@ChildSingle,2.1
SWWD_3366_Outbound_AdultReturn_a9f4b9e2-e9ea-4456-80e3-47fe03b77367_639196395728983544.xml,SWWD,Go South Coast,Go South Coast 3366 Outbound,South Wilts Grammar School - Idmiston,price_band_6.0@AdultReturn,6.0
BLUS_4425_Outbound_AdultSingle_eed5e2e8-c472-41af-825e-db09ec887334_639196402937869463.xml,BLUS,Go South Coast,Go South Coast 4425 Outbound,Eastleigh - Boorley Park,price_band_1.0@AdultSingle,1.0
WDBC_2604_Outbound_AdultReturn_a9f4b9e2-e9ea-4456-80e3-47fe03b77367_639196386990506976.xml,WDBC,Go South Coast,Go South Coast 2604 Outbound,Langley Farm - Brockenhurst College,price_band_5.8@AdultReturn,5.8
SWWD_3404_Outbound_ChildReturn_a9f4b9e2-e9ea-4456-80e3-47fe03b77367_639196396371448456.xml,SWWD,Go South Coast,Go South Coast 3404 Outbound,Salisbury - Larkhill,price_band_5.3@ChildReturn,5.3
WDBC_1053_Outbound_ChildSingle_a9f4b9e2-e9ea-4456-80e3-47fe03b77367_639196376334244450.xml,WDBC,Go South Coast,Go South Coast 1053 Outbound,Bournemouth - Wimborne,price_band_2.5@ChildSingle,2.5
WDBC_1054_Inbound_AdultSingle_a9f4b9e2-e9ea-4456-80e3-47fe03b77367_639196376485727352.xml,WDBC,Go South Coast,Go South Coast 1054 Inbound,Poole - Wimborne,price_band_2.3@AdultSingle,2.3
SWWD_3509_Inbound_AdultSingle_a9f4b9e2-e9ea-4456-80e3-47fe03b77367_639196399065604272.xml,SWWD,Go South Coast,Go South Coast 3509 Inbound,Milford Street - New Canal,price_band_3.0@AdultSingle,3.0
WDBC_2001_Inbound_AdultReturn_a9f4b9e2-e9ea-4456-80e3-47fe03b77367_639196384273526245.xml,WDBC,Go South Coast,Go South Coast 2001 Inbound,Bournemouth - Lymington,price_band_4.2@AdultReturn,4.2
BLUS_4815_Inbound_ChildSingle_a9f4b9e2-e9ea-4456-80e3-47fe03b77367_639196403517823364.xml,BLUS,Go South Coast,Go South Coast 4815 Inbound,Boyatt Wood - Eastleigh,price_band_2.5@ChildSingle,2.5
SWWD_3029_Inbound_AdultSingle_a9f4b9e2-e9ea-4456-80e3-47fe03b77367_639196391317140135.xml,SWWD,Go South Coast,Go South Coast 3029 Inbound,Salisbury - Shaftesbury,price_band_2.9@AdultSingle,2.9
TDTR_7148_Inbound_ChildReturn_a9f4b9e2-e9ea-4456-80e3-47fe03b77367_639196409158228761.xml,TDTR,Go South Coast,Go South Coast 7148 Inbound,Swindon - Marlborough,price_band_2.4@ChildReturn,2.4
WDBC_1804_Outbound_ChildSingle_a9f4b9e2-e9ea-4456-80e3-47fe03b77367_639196379717671390.xml,WDBC,Go South Coast,Go South Coast 1804 Outbound,Bournemouth - Castlepoint,price_band_2.2@ChildSingle,2.2
WDBC_1951_Outbound_AdultSingle_d46597a9-440e-4c13-b49a-76a3986683d1_639196384226745552.xml,WDBC,Go South Coast,Go South Coast 1951 Outbound,Bournemouth - Sandbanks,price_band_1.0@AdultSingle,1.0
WDBC_6416_Inbound_ChildSingle_a9f4b9e2-e9ea-4456-80e3-47fe03b77367_639196406622564929.xml,WDBC,Go South Coast,Go South Coast 6416 Inbound,Penn Hill Avenue  - Poole Grammar School,price_band_3.4@ChildSingle,3.4
WDBC_6943_Inbound_AdultReturn_a9f4b9e2-e9ea-4456-80e3-47fe03b77367_639196407951881567.xml,WDBC,Go South Coast,Go South Coast 6943 Inbound,Lulworth - Weymouth,price_band_5.5@AdultReturn,5.5
WDBC_2001_Inbound_ChildReturn_a9f4b9e2-e9ea-4456-80e3-47fe03b77367_639196384347707226.xml,WDBC,Go South Coast,Go South Coast 2001 Inbound,Bournemouth - Lymington,price_band_4.0@ChildReturn,4.0
SWWD_3650_Inbound_ChildSingle_a9f4b9e2-e9ea-4456-80e3-47fe03b77367_639196399976961024.xml,SWWD,Go South Coast,Go South Coast 3650 Inbound,Laverstock Schools  - West Harnham,price_band_1.9@ChildSingle,1.9
TDTR_7146_Outbound_AdultReturn_a9f4b9e2-e9ea-4456-80e3-47fe03b77367_639196409076247496.xml,TDTR,Go South Coast,Go South Coast 7146 Outbound,Swindon - Hungerford,price_band_3.8@AdultReturn,3.8
WDBC_1170_Outbound_AdultSingle_a9f4b9e2-e9ea-4456-80e3-47fe03b77367_639196378421741130.xml,WDBC,Go South Coast,Go South Coast 1170 Outbound,Rockley Park - Hengistbury Head,price_band_3.0@AdultSingle,3.0
WDBC_1053_Inbound_ChildSingle_a9f4b9e2-e9ea-4456-80e3-47fe03b77367_639196376118157824.xml,WDBC,Go South Coast,Go South Coast 1053 Inbound,Bournemouth - Wimborne,price_band_2.5@ChildSingle,2.5
SWWD_3002_Inbound_ChildSingle_a9f4b9e2-e9ea-4456-80e3-47fe03b77367_639196390247575616.xml,SWWD,Go South Coast,Go South Coast 3002 Inbound,Salisbury - Devizes,price_band_2.2@ChildSingle,2.2
SVCT_5189_Inbound_ChildSingle_a9f4b9e2-e9ea-4456-80e3-47fe03b77367_639196405518101839.xml,SVCT,Go South Coast,Go South Coast 5189 Inbound,Ryde  - Newport,price_band_1.8@ChildSingle,1.8
WDBC_1016_Inbound_ChildSingle_a9f4b9e2-e9ea-4456-80e3-47fe03b77367_639196372093735412.xml,WDBC,Go South Coast,Go South Coast 1016 Inbound,Poole - Bournemouth,price_band_2.5@ChildSingle,2.5
WDBC_1837_Inbound_AdultReturn_a9f4b9e2-e9ea-4456-80e3-47fe03b77367_639196381847145371.xml,WDBC,Go South Coast,Go South Coast 1837 Inbound,Bournemouth - Bournemouth International Airport,price_band_4.5@AdultReturn,4.5
WDBC_1755_Outbound_AdultSingle_a9f4b9e2-e9ea-4456-80e3-47fe03b77367_639196379133464980.xml,WDBC,Go South Coast,Go South Coast 1755 Outbound,Bournemouth Station - Bournemouth School for Girls,price_band_2.2@AdultSingle,2.2
SWWD_3327_Outbound_ChildReturn_a9f4b9e2-e9ea-4456-80e3-47fe03b77367_639196395634987743.xml,SWWD,Go South Coast,Go South Coast 3327 Outbound,Salisbury - Shaftesbury,price_band_2.5@ChildReturn,2.5
TDTR_7017_Inbound_AdultSingle_a9f4b9e2-e9ea-4456-80e3-47fe03b77367_639196408239692777.xml,TDTR,Go South Coast,Go South Coast 7017 Inbound,Penhill - Park South,price_band_3.0@AdultSingle,3.0
SWWD_3008_Inbound_ChildReturn_a9f4b9e2-e9ea-4456-80e3-47fe03b77367_639196390712342619.xml,SWWD,Go South Coast,Go South Coast 3008 Inbound,Salisbury - Zouch Estate,price_band_3.5@ChildReturn,3.5
SWWD_3137_Outbound_ChildSingle_a9f4b9e2-e9ea-4456-80e3-47fe03b77367_639196393472012919.xml,SWWD,Go South Coast,Go South Coast 3137 Outbound,Salisbury - West Dean,price_band_2.5@ChildSingle,2.5
WDBC_1006_Inbound_ChildSingle_d46597a9-440e-4c13-b49a-76a3986683d1_639196370772999649.xml,WDBC,Go South Coast,Go South Coast 1006 Inbound,Poole - Tower Park,price_band_1.0@ChildSingle,1.0
SWWD_3002_Outbound_ChildReturn_a9f4b9e2-e9ea-4456-80e3-47fe03b77367_639196390438312146.xml,SWWD,Go South Coast,Go South Coast 3002 Outbound,Salisbury - Devizes,price_band_5.1@ChildReturn,5.1
DAMY_6905_Outbound_AdultReturn_a9f4b9e2-e9ea-4456-80e3-47fe03b77367_639196407708914715.xml,DAMY,Go South Coast,Go South Coast 6905 Outbound,Warmwell - Dorchester,price_band_4.8@AdultReturn,4.8
BLUS_4011_Inbound_AdultReturn_a9f4b9e2-e9ea-4456-80e3-47fe03b77367_639196401692700311.xml,BLUS,Go South Coast,Go South Coast 4011 Inbound,Southampton - West Totton,price_band_4.5@AdultReturn,4.5
BLUS_4028_Inbound_ChildSingle_a9f4b9e2-e9ea-4456-80e3-47fe03b77367_639196402552515113.xml,BLUS,Go South Coast,Go South Coast 4028 Inbound,Southampton - Southampton Science Park,price_band_2.1@ChildSingle,2.1
SWWD_3301_Outbound_AdultReturn_a9f4b9e2-e9ea-4456-80e3-47fe03b77367_639196394325643583.xml,SWWD,Go South Coast,Go South Coast 3301 Outbound,District Hospital - Bemerton Heath,price_band_4.5@AdultReturn,4.5
TDTR_7042_Outbound_ChildReturn_a9f4b9e2-e9ea-4456-80e3-47fe03b77367_639196408348218188.xml,TDTR,Go South Coast,Go South Coast 7042 Outbound,Calne - St John's School,price_band_2.0@ChildReturn,2.0
WDBC_2777_Inbound_AdultReturn_a9f4b9e2-e9ea-4456-80e3-47fe03b77367_639196387530750049.xml,WDBC,Go South Coast,Go South Coast 2777 Inbound,New Forest Drive - Lymington,price_band_6.5@AdultReturn,6.5
TDTR_7091_Outbound_AdultSingle_a9f4b9e2-e9ea-4456-80e3-47fe03b77367_639196408939456662.xml,TDTR,Go South Coast,Go South Coast 7091 Outbound,Orbital Park - GW Hospital,price_band_2.2@AdultSingle,2.2
BLUS_4010_Inbound_AdultSingle_f15d1b06-486f-433a-8991-95f1a97a87e0_639196401649900033.xml,BLUS,Go South Coast,Go South Coast 4010 Inbound,Southampton - Sholing,price_band_1.0@AdultSingle,1.0
TDTR_7180_Inbound_YoungPersonRtn_a9f4b9e2-e9ea-4456-80e3-47fe03b77367_639196409480175907.xml,TDTR,Go South Coast,Go South Coast 7180 Inbound,Marlborough - Ludgershall,price_band_2.8@YoungPersonRtn,2.8
SWWD_3885_Inbound_AdultReturn_a9f4b9e2-e9ea-4456-80e3-47fe03b77367_639196400739582598.xml,SWWD,Go South Coast,Go South Coast 3885 Inbound,Whaddon - Burgate School,price_band_5.7@AdultReturn,5.7
TDTR_7009_Outbound_AdultSingle_a9f4b9e2-e9ea-4456-80e3-47fe03b77367_639196408108053481.xml,TDTR,Go South Coast,Go South Coast 7009 Outbound,Swindon - Wroughton,price_band_2.2@AdultSingle,2.2
TDTR_7535_Inbound_AdultReturn_a9f4b9e2-e9ea-4456-80e3-47fe03b77367_639196409830960999.xml,TDTR,Go South Coast,Go South Coast 7535 Inbound,Wanborough - Cirencester College,price_band_8.3@AdultReturn,8.3
DAMY_6920_Outbound_ChildReturn_a9f4b9e2-e9ea-4456-80e3-47fe03b77367_639196407818029503.xml,DAMY,Go South Coast,Go South Coast 6920 Outbound,Salisbury - Steam Fair,price_band_2.8@ChildReturn,2.8
WDBC_2003_Outbound_ChildSingle_d46597a9-440e-4c13-b49a-76a3986683d1_639196386208147458.xml,WDBC,Go South Coast,Go South Coast 2003 Outbound,Salisbury - Bournemouth,price_band_3.0@ChildSingle,3.0
WDBC_1903_Inbound_AdultSingle_2f1f0c04-770d-4707-ab06-213c5a798ad7_639196383215218684.xml,WDBC,Go South Coast,Go South Coast 1903 Inbound,Poole - Wimborne,price_band_1.0@AdultSingle,1.0
BLUS_4504_Outbound_AdultSingle_a9f4b9e2-e9ea-4456-80e3-47fe03b77367_639196402989459241.xml,BLUS,Go South Coast,Go South Coast 4504 Outbound,Lordshill - Mountbatten School,price_band_2.6@AdultSingle,2.6
BLUS_4017_Inbound_ChildSingle_a9f4b9e2-e9ea-4456-80e3-47fe03b77367_639196402044894343.xml,BLUS,Go South Coast,Go South Coast 4017 Inbound,Weston - Adanac Park,price_band_2.1@ChildSingle,2.1
BLUS_4425_Outbound_AdultReturn_a9f4b9e2-e9ea-4456-80e3-47fe03b77367_639196402940560075.xml,BLUS,Go South Coast,Go South Coast 4425 Outbound,Eastleigh - Boorley Park,price_band_4.5@AdultReturn,4.5
WDBC_1016_Inbound_AdultSingle_a9f4b9e2-e9ea-4456-80e3-47fe03b77367_639196372057609765.xml,WDBC,Go South Coast,Go South Coast 1016 Inbound,Poole - Bournemouth,price_band_2.3@AdultSingle,2.3
WDBC_1818_Inbound_ChildSingle_a9f4b9e2-e9ea-4456-80e3-47fe03b77367_639196380178151392.xml,WDBC,Go South Coast,Go South Coast 1818 Inbound,Bournemouth - Broadstone,price_band_2.1@ChildSingle,2.1
WDBC_2024_Outbound_ChildSingle_a9f4b9e2-e9ea-4456-80e3-47fe03b77367_639196386250426749.xml,WDBC,Go South Coast,Go South Coast 2024 Outbound,Castlepoint - Christchurch,price_band_2.1@ChildSingle,2.1
TDTR_7156_Outbound_AdultSingle_a9f4b9e2-e9ea-4456-80e3-47fe03b77367_639196409296990105.xml,TDTR,Go South Coast,Go South Coast 7156 Outbound,Snodshill - Ridgeway School,price_band_3.1@AdultSingle,3.1
BLUS_2627_Inbound_AdultSingle_a9f4b9e2-e9ea-4456-80e3-47fe03b77367_639196387371146569.xml,BLUS,Go South Coast,Go South Coast 2627 Inbound,Totton - Marchwood,price_band_5.2@AdultSingle,5.2
WDBC_1040_Inbound_ChildReturn_a9f4b9e2-e9ea-4456-80e3-47fe03b77367_639196374887739308.xml,WDBC,Go South Coast,Go South Coast 1040 Inbound,Swanage - Poole,price_band_5.1@ChildReturn,5.1
WDBC_1831_Inbound_ChildSingle_a9f4b9e2-e9ea-4456-80e3-47fe03b77367_639196381160862354.xml,WDBC,Go South Coast,Go South Coast 1831 Inbound,Bournemouth - Hunt Road and Somerford,price_band_2.8@ChildSingle,2.8
SWWD_3881_Outbound_ChildReturn_a9f4b9e2-e9ea-4456-80e3-47fe03b77367_639196400617952320.xml,SWWD,Go South Coast,Go South Coast 3881 Outbound,Wilton Road  - Burgate School,price_band_3.7@ChildReturn,3.7
WDBC_1883_Inbound_ChildSingle_a9f4b9e2-e9ea-4456-80e3-47fe03b77367_639196382536654541.xml,WDBC,Go South Coast,Go South Coast 1883 Inbound,Alum Chine - Castlepoint,price_band_1.9@ChildSingle,1.9
WDBC_1951_Inbound_AdultSingle_a9f4b9e2-e9ea-4456-80e3-47fe03b77367_639196384099992419.xml,WDBC,Go South Coast,Go South Coast 1951 Inbound,Bournemouth - Sandbanks,price_band_2.6@AdultSingle,2.6
BLUS_4014_Outbound_ChildSingle_a9f4b9e2-e9ea-4456-80e3-47fe03b77367_639196401889378500.xml,BLUS,Go South Coast,Go South Coast 4014 Outbound,Southampton - Hedge End,price_band_2.1@ChildSingle,2.1
WDBC_1805_Outbound_AdultReturn_a9f4b9e2-e9ea-4456-80e3-47fe03b77367_639196379801758404.xml,WDBC,Go South Coast,Go South Coast 1805 Outbound,Bournemouth - Kinson,price_band_4.8@AdultReturn,4.8
WDBC_1903_Outbound_ChildSingle_2f1f0c04-770d-4707-ab06-213c5a798ad7_639196383394568640.xml,WDBC,Go South Coast,Go South Coast 1903 Outbound,Poole - Wimborne,price_band_2.3@ChildSingle,2.3
WDBC_2120_Outbound_ChildSingle_a9f4b9e2-e9ea-4456-80e3-47fe03b77367_639196386428993774.xml,WDBC,Go South Coast,Go South Coast 2120 Outbound,New Milton Tesco - Lymington,price_band_2.3@ChildSingle,2.3
WDBC_6043_Inbound_AdultReturn_a9f4b9e2-e9ea-4456-80e3-47fe03b77367_639196406219929298.xml,WDBC,Go South Coast,Go South Coast 6043 Inbound,County Gates - Parkstone Grammar School,price_band_3.8@AdultReturn,3.8
WDBC_1050_Inbound_ChildSingle_d46597a9-440e-4c13-b49a-76a3986683d1_639196375612020620.xml,WDBC,Go South Coast,Go South Coast 1050 Inbound,Bournemouth Station - Swanage,price_band_2.8@ChildSingle,2.8
SWWD_3402_Outbound_ChildSingle_a9f4b9e2-e9ea-4456-80e3-47fe03b77367_639196395949834686.xml,SWWD,Go South Coast,Go South Coast 3402 Outbound,Salisbury - Devizes,price_band_2.5@ChildSingle,2.5
WDBC_1908_Outbound_ChildSingle_a9f4b9e2-e9ea-4456-80e3-47fe03b77367_639196383478287392.xml,WDBC,Go South Coast,Go South Coast 1908 Outbound,Poole - Blandford,price_band_1.9@ChildSingle,1.9
TDTR_7046_Inbound_ChildSingle_a9f4b9e2-e9ea-4456-80e3-47fe03b77367_639196408405590139.xml,TDTR,Go South Coast,Go South Coast 7046 Inbound,Swindon - Hungerford,price_band_2.8@ChildSingle,2.8
WDBC_8279_Outbound_AdultSingle_a9f4b9e2-e9ea-4456-80e3-47fe03b77367_639196410391571978.xml,WDBC,Go South Coast,Go South Coast 8279 Outbound,New Milton - Brockenhurst BLUE,price_band_2.5@AdultSingle,2.5
TDTR_7146_Outbound_AdultSingle_a9f4b9e2-e9ea-4456-80e3-47fe03b77367_639196409066386614.xml,TDTR,Go South Coast,Go South Coast 7146 Outbound,Swindon - Hungerford,price_band_2.9@AdultSingle,2.9
WDBC_6416_Outbound_ChildSingle_a9f4b9e2-e9ea-4456-80e3-47fe03b77367_639196406660001858.xml,WDBC,Go South Coast,Go South Coast 6416 Outbound,Penn Hill Avenue  - Poole Grammar School,price_band_1.6@ChildSingle,1.6
WDBC_2403_Outbound_ChildReturn_a9f4b9e2-e9ea-4456-80e3-47fe03b77367_639196386980502761.xml,WDBC,Go South Coast,Go South Coast 2403 Outbound,Verwood - Ferndown Upper,price_band_5.4@ChildReturn,5.4
SWWD_3125_Outbound_ChildSingle_a9f4b9e2-e9ea-4456-80e3-47fe03b77367_639196392967358719.xml,SWWD,Go South Coast,Go South Coast 3125 Outbound,South Wilts Grammar School - Hindon,price_band_2.7@ChildSingle,2.7
BLUS_4016_Outbound_ChildReturn_a9f4b9e2-e9ea-4456-80e3-47fe03b77367_639196402004622777.xml,BLUS,Go South Coast,Go South Coast 4016 Outbound,Southampton - Townhill Park,price_band_2.6@ChildReturn,2.6
WDBC_1908_Inbound_AdultReturn_a9f4b9e2-e9ea-4456-80e3-47fe03b77367_639196383425309453.xml,WDBC,Go South Coast,Go South Coast 1908 Inbound,Poole - Blandford,price_band_5.1@AdultReturn,5.1
WDBC_1833_Inbound_ChildReturn_a9f4b9e2-e9ea-4456-80e3-47fe03b77367_639196381609173020.xml,WDBC,Go South Coast,Go South Coast 1833 Inbound,Alum Chine - Castlepoint,price_band_2.8@ChildReturn,2.8
WDBC_1112_Outbound_AdultSingle_c8ecdd78-25f4-44ca-849f-b46b34af3909_639196377568930910.xml,WDBC,Go South Coast,Go South Coast 1112 Outbound,Poole  - Christchurch,price_band_3.0@AdultSingle,3.0
BLUS_4566_Inbound_ChildSingle_a9f4b9e2-e9ea-4456-80e3-47fe03b77367_639196403044498446.xml,BLUS,Go South Coast,Go South Coast 4566 Inbound,Aldermoor - St Georges,price_band_2.0@ChildSingle,2.0
SWWD_3166_Outbound_ChildSingle_a9f4b9e2-e9ea-4456-80e3-47fe03b77367_639196393733270388.xml,SWWD,Go South Coast,Go South Coast 3166 Outbound,South Wilts Grammar School - Idmiston,price_band_2.9@ChildSingle,2.9
BLUS_4506_Inbound_ChildSingle_a9f4b9e2-e9ea-4456-80e3-47fe03b77367_639196402998102292.xml,BLUS,Go South Coast,Go South Coast 4506 Inbound,City Centre - Cantell School,price_band_2.0@ChildSingle,2.0
WDBC_1105_Outbound_ChildSingle_a9f4b9e2-e9ea-4456-80e3-47fe03b77367_639196377251267460.xml,WDBC,Go South Coast,Go South Coast 1105 Outbound,Poole - Tower Park,price_band_2.5@ChildSingle,2.5
BLUS_4424_Inbound_AdultSingle_a9f4b9e2-e9ea-4456-80e3-47fe03b77367_639196402872942829.xml,BLUS,Go South Coast,Go South Coast 4424 Inbound,Eastleigh - Hedge End,price_band_2.5@AdultSingle,2.5
SWWD_3310_Outbound_AdultSingle_a9f4b9e2-e9ea-4456-80e3-47fe03b77367_639196394683025994.xml,SWWD,Go South Coast,Go South Coast 3310 Outbound,City Centre - St Peters Place,price_band_2.3@AdultSingle,2.3
WDBC_1053_Outbound_ChildSingle_d46597a9-440e-4c13-b49a-76a3986683d1_639196376449410194.xml,WDBC,Go South Coast,Go South Coast 1053 Outbound,Bournemouth - Wimborne,price_band_2.3@ChildSingle,2.3
SWWD_7201_Outbound_AdultSingle_a9f4b9e2-e9ea-4456-80e3-47fe03b77367_639196409646102895.xml,SWWD,Go South Coast,Go South Coast 7201 Outbound,Figheldean - Salisbury,price_band_2.4@AdultSingle,2.4
WDBC_1836_Outbound_ChildReturn_a9f4b9e2-e9ea-4456-80e3-47fe03b77367_639196381828910612.xml,WDBC,Go South Coast,Go South Coast 1836 Outbound,Talbot View - Kinson,price_band_3.7@ChildReturn,3.7
TDTR_7063_Inbound_YoungPersonSgl_a9f4b9e2-e9ea-4456-80e3-47fe03b77367_639196408634034594.xml,TDTR,Go South Coast,Go South Coast 7063 Inbound,Town Centre - Eldene,price_band_2.5@YoungPersonSgl,2.5
WDBC_6415_Inbound_ChildReturn_a9f4b9e2-e9ea-4456-80e3-47fe03b77367_639196406505178677.xml,WDBC,Go South Coast,Go South Coast 6415 Inbound,St Anns Hospital - Poole Grammar School,price_band_2.9@ChildReturn,2.9
WDBC_1908_Inbound_ChildSingle_d46597a9-440e-4c13-b49a-76a3986683d1_639196383460484098.xml,WDBC,Go South Coast,Go South Coast 1908 Inbound,Poole - Blandford,price_band_2.1@ChildSingle,2.1
WDBC_1015_Inbound_AdultSingle_2f1f0c04-770d-4707-ab06-213c5a798ad7_639196371753865059.xml,WDBC,Go South Coast,Go South Coast 1015 Inbound,Poole - Bournemouth Hospital,price_band_1.0@AdultSingle,1.0
WDBC_1646_Outbound_AdultSingle_2f1f0c04-770d-4707-ab06-213c5a798ad7_639196379001201260.xml,WDBC,Go South Coast,Go South Coast 1646 Outbound,Dorchester House  - Talbot Campus,price_band_1.0@AdultSingle,1.0
TDTR_7048_Inbound_ChildReturn_a9f4b9e2-e9ea-4456-80e3-47fe03b77367_639196408499728756.xml,TDTR,Go South Coast,Go South Coast 7048 Inbound,Swindon - Marlborough,price_band_4.7@ChildReturn,4.7
TDTR_3620_Inbound_AdultSingle_a9f4b9e2-e9ea-4456-80e3-47fe03b77367_639196399604584211.xml,TDTR,Go South Coast,Go South Coast 3620 Inbound,Hungerford Priory  - St Johns Sch,price_band_3.6@AdultSingle,3.6
TDTR_7146_Inbound_ChildSingle_a9f4b9e2-e9ea-4456-80e3-47fe03b77367_639196409031966467.xml,TDTR,Go South Coast,Go South Coast 7146 Inbound,Swindon - Hungerford,price_band_2.4@ChildSingle,2.4
SWWD_3407_Outbound_AdultSingle_a9f4b9e2-e9ea-4456-80e3-47fe03b77367_639196397432920360.xml,SWWD,Go South Coast,Go South Coast 3407 Outbound,Salisbury - Southampton,price_band_2.3@AdultSingle,2.3
BLUS_4026_Outbound_ChildReturn_a9f4b9e2-e9ea-4456-80e3-47fe03b77367_639196402541394729.xml,BLUS,Go South Coast,Go South Coast 4026 Outbound,Southampton - Whiteley,price_band_4.0@ChildReturn,4.0
WDBC_2002_Outbound_ChildSingle_d46597a9-440e-4c13-b49a-76a3986683d1_639196385621493533.xml,WDBC,Go South Coast,Go South Coast 2002 Outbound,Bournemouth - Lymington,price_band_2.5@ChildSingle,2.5
WDBC_6416_Outbound_AdultReturn_a9f4b9e2-e9ea-4456-80e3-47fe03b77367_639196406631663757.xml,WDBC,Go South Coast,Go South Coast 6416 Outbound,Penn Hill Avenue  - Poole Grammar School,price_band_4.3@AdultReturn,4.3
WDBC_1841_Inbound_ChildSingle_a9f4b9e2-e9ea-4456-80e3-47fe03b77367_639196381990492504.xml,WDBC,Go South Coast,Go South Coast 1841 Inbound,Bournemouth - Mudeford and Somerford,price_band_2.2@ChildSingle,2.2
DAMY_3183_Inbound_ChildReturn_a9f4b9e2-e9ea-4456-80e3-47fe03b77367_639196393827698517.xml,DAMY,Go South Coast,Go South Coast 3183 Inbound,Blandford - Weymouth,price_band_6.0@ChildReturn,6.0
WDBC_2956_Inbound_ChildSingle_2f1f0c04-770d-4707-ab06-213c5a798ad7_639196389552915151.xml,WDBC,Go South Coast,Go South Coast 2956 Inbound,Ringwood - Bournemouth,price_band_1.9@ChildSingle,1.9
WDBC_1021_Inbound_AdultReturn_a9f4b9e2-e9ea-4456-80e3-47fe03b77367_639196374056536633.xml,WDBC,Go South Coast,Go South Coast 1021 Inbound,Bournemouth - High Howe,price_band_4.7@AdultReturn,4.7
WDBC_1053_Inbound_AdultSingle_a9f4b9e2-e9ea-4456-80e3-47fe03b77367_639196376088053578.xml,WDBC,Go South Coast,Go South Coast 1053 Inbound,Bournemouth - Wimborne,price_band_2.3@AdultSingle,2.3
WDBC_8209_Outbound_ChildSingle_a9f4b9e2-e9ea-4456-80e3-47fe03b77367_639196410348087432.xml,WDBC,Go South Coast,Go South Coast 8209 Outbound,Ringwood - Lyndhurst RED,price_band_3.5@ChildSingle,3.5
WDBC_1040_Inbound_ChildSingle_d46597a9-440e-4c13-b49a-76a3986683d1_639196375106224712.xml,WDBC,Go South Coast,Go South Coast 1040 Inbound,Swanage - Poole,price_band_2.8@ChildSingle,2.8
TDTR_7148_Outbound_ChildReturn_a9f4b9e2-e9ea-4456-80e3-47fe03b77367_639196409217318209.xml,TDTR,Go South Coast,Go South Coast 7148 Outbound,Swindon - Marlborough,price_band_4.7@ChildReturn,4.7
WDBC_6673_Outbound_ChildSingle_a9f4b9e2-e9ea-4456-80e3-47fe03b77367_639196407327173084.xml,WDBC,Go South Coast,Go South Coast 6673 Outbound,Albert Road - Tower Park,price_band_1.9@ChildSingle,1.9
SWWD_3126_Outbound_ChildReturn_a9f4b9e2-e9ea-4456-80e3-47fe03b77367_639196393248019592.xml,SWWD,Go South Coast,Go South Coast 3126 Outbound,Salisbury - Hindon,price_band_3.6@ChildReturn,3.6
TDTR_7011_Inbound_AdultSingle_a9f4b9e2-e9ea-4456-80e3-47fe03b77367_639196408118562014.xml,TDTR,Go South Coast,Go South Coast 7011 Inbound,Taw Hill - Middle Wichel,price_band_3.0@AdultSingle,3.0
TDTR_3820_Inbound_AdultReturn_a9f4b9e2-e9ea-4456-80e3-47fe03b77367_639196400540210961.xml,TDTR,Go South Coast,Go South Coast 3820 Inbound,Marlborough - Newbury,price_band_3.9@AdultReturn,3.9
SWWD_3303_Outbound_AdultReturn_a9f4b9e2-e9ea-4456-80e3-47fe03b77367_639196394441183590.xml,SWWD,Go South Coast,Go South Coast 3303 Outbound,City Centre - Ditchampton,price_band_4.2@AdultReturn,4.2
WDBC_1903_Outbound_ChildSingle_a9f4b9e2-e9ea-4456-80e3-47fe03b77367_639196383342947421.xml,WDBC,Go South Coast,Go South Coast 1903 Outbound,Poole - Wimborne,price_band_2.8@ChildSingle,2.8
WDBC_1020_Inbound_AdultReturn_a9f4b9e2-e9ea-4456-80e3-47fe03b77367_639196373252002073.xml,WDBC,Go South Coast,Go South Coast 1020 Inbound,Poole - Christchurch,price_band_4.2@AdultReturn,4.2
TDTR_7180_Outbound_AdultSingle_a9f4b9e2-e9ea-4456-80e3-47fe03b77367_639196409531579251.xml,TDTR,Go South Coast,Go South Coast 7180 Outbound,Marlborough - Ludgershall,price_band_3.0@AdultSingle,3.0
WDBC_6047_Outbound_ChildReturn_a9f4b9e2-e9ea-4456-80e3-47fe03b77367_639196406369321733.xml,WDBC,Go South Coast,Go South Coast 6047 Outbound,Ringwood Road - Parkstone Grammar School,price_band_3.8@ChildReturn,3.8
SWWD_3407_Inbound_AdultReturn_a9f4b9e2-e9ea-4456-80e3-47fe03b77367_639196397024621812.xml,SWWD,Go South Coast,Go South Coast 3407 Inbound,Salisbury - Southampton,price_band_6.0@AdultReturn,6.0
TDTR_7048_Inbound_ChildReturn_a9f4b9e2-e9ea-4456-80e3-47fe03b77367_639196408499728756.xml,TDTR,Go South Coast,Go South Coast 7048 Inbound,Swindon - Marlborough,price_band_2.4@ChildReturn,2.4
SWWD_3301_Outbound_AdultReturn_a9f4b9e2-e9ea-4456-80e3-47fe03b77367_639196394325643583.xml,SWWD,Go South Coast,Go South Coast 3301 Outbound,District Hospital - Bemerton Heath,price_band_4.2@AdultReturn,4.2
WDBC_8409_Outbound_ChildSingle_a9f4b9e2-e9ea-4456-80e3-47fe03b77367_639196410426715561.xml,WDBC,Go South Coast,Go South Coast 8409 Outbound,Lyndhurst - Exbury GREEN,price_band_2.0@ChildSingle,2.0
DAMY_3183_Inbound_ChildReturn_a9f4b9e2-e9ea-4456-80e3-47fe03b77367_639196393827698517.xml,DAMY,Go South Coast,Go South Coast 3183 Inbound,Blandford - Weymouth,price_band_4.3@ChildReturn,4.3
SWWD_3675_Inbound_AdultSingle_a9f4b9e2-e9ea-4456-80e3-47fe03b77367_639196400080226521.xml,SWWD,Go South Coast,Go South Coast 3675 Inbound,Castle Road - Amesbury,price_band_2.6@AdultSingle,2.6
TDTR_7553_Outbound_ChildReturn_a9f4b9e2-e9ea-4456-80e3-47fe03b77367_639196410120701803.xml,TDTR,Go South Coast,Go South Coast 7553 Outbound,Royal Wootton Bassett - Cirencester College,price_band_8.3@ChildReturn,8.3
SWWD_3108_Outbound_ChildReturn_a9f4b9e2-e9ea-4456-80e3-47fe03b77367_639196392538848351.xml,SWWD,Go South Coast,Go South Coast 3108 Outbound,Salisbury - Zouch Estate,price_band_3.5@ChildReturn,3.5
SWWD_3014_Outbound_ChildReturn_a9f4b9e2-e9ea-4456-80e3-47fe03b77367_639196391291335055.xml,SWWD,Go South Coast,Go South Coast 3014 Outbound,Salisbury - Harnham Hill,price_band_3.6@ChildReturn,3.6
BLUS_8461_Inbound_ChildReturn_a9f4b9e2-e9ea-4456-80e3-47fe03b77367_639196410527053501.xml,BLUS,Go South Coast,Go South Coast 8461 Inbound,Bevois Valley - Nursling Ind. Estate,price_band_2.6@ChildReturn,2.6
TDTR_7538_Outbound_ChildSingle_a9f4b9e2-e9ea-4456-80e3-47fe03b77367_639196409932215311.xml,TDTR,Go South Coast,Go South Coast 7538 Outbound,Bridgemead - Cirencester College,price_band_5.2@ChildSingle,5.2
WDBC_1013_Outbound_ChildSingle_a9f4b9e2-e9ea-4456-80e3-47fe03b77367_639196371513119631.xml,WDBC,Go South Coast,Go South Coast 1013 Outbound,Bournemouth - Wimborne,price_band_2.3@ChildSingle,2.3
DAMY_6020_Inbound_ChildSingle_a9f4b9e2-e9ea-4456-80e3-47fe03b77367_639196406032203739.xml,DAMY,Go South Coast,Go South Coast 6020 Inbound,Salisbury - Blandford,price_band_2.5@ChildSingle,2.5
WDBC_1013_Inbound_ChildReturn_a9f4b9e2-e9ea-4456-80e3-47fe03b77367_639196371231761902.xml,WDBC,Go South Coast,Go South Coast 1013 Inbound,Bournemouth - Wimborne,price_band_2.8@ChildReturn,2.8
WDBC_2906_Outbound_ChildReturn_a9f4b9e2-e9ea-4456-80e3-47fe03b77367_639196388242674616.xml,WDBC,Go South Coast,Go South Coast 2906 Outbound,Poole - Ringwood,price_band_2.8@ChildReturn,2.8
TDTR_7076_Outbound_YoungPersonRtn_a9f4b9e2-e9ea-4456-80e3-47fe03b77367_639196408736218992.xml,TDTR,Go South Coast,Go South Coast 7076 Outbound,Marlborough - Bath,price_band_1.4@YoungPersonRtn,1.4
SWWD_3663_Inbound_ChildSingle_a9f4b9e2-e9ea-4456-80e3-47fe03b77367_639196400025343893.xml,SWWD,Go South Coast,Go South Coast 3663 Inbound,Wilton Road  - Laverstock Schools,price_band_2.3@ChildSingle,2.3
BLUS_3135_Inbound_ChildReturn_a9f4b9e2-e9ea-4456-80e3-47fe03b77367_639196393303073855.xml,BLUS,Go South Coast,Go South Coast 3135 Inbound,Romsey - Braishfield,price_band_3.0@ChildReturn,3.0
WDBC_1040_Outbound_ChildSingle_a9f4b9e2-e9ea-4456-80e3-47fe03b77367_639196375272862585.xml,WDBC,Go South Coast,Go South Coast 1040 Outbound,Swanage - Poole,price_band_2.8@ChildSingle,2.8
SWWD_2615_Inbound_AdultReturn_a9f4b9e2-e9ea-4456-80e3-47fe03b77367_639196387141963722.xml,SWWD,Go South Coast,Go South Coast 2615 Inbound,Salisbury  - Brockenhurst College,price_band_3.6@AdultReturn,3.6
TDTR_7042_Inbound_AdultReturn_a9f4b9e2-e9ea-4456-80e3-47fe03b77367_639196408316008683.xml,TDTR,Go South Coast,Go South Coast 7042 Inbound,Calne - St John's School,price_band_3.8@AdultReturn,3.8
TDTR_7148_Outbound_AdultReturn_a9f4b9e2-e9ea-4456-80e3-47fe03b77367_639196409191504641.xml,TDTR,Go South Coast,Go South Coast 7148 Outbound,Swindon - Marlborough,price_band_6.0@AdultReturn,6.0
WDBC_1789_Inbound_AdultSingle_a9f4b9e2-e9ea-4456-80e3-47fe03b77367_639196379307254639.xml,WDBC,Go South Coast,Go South Coast 1789 Inbound,Bournemouth School for Girls - Lymington,price_band_3.4@AdultSingle,3.4
SVCT_8502_Outbound_ChildSingle_a9f4b9e2-e9ea-4456-80e3-47fe03b77367_639196410636142625.xml,SVCT,Go South Coast,Go South Coast 8502 Outbound,Downs - Breezer,price_band_3.1@ChildSingle,3.1
WDBC_1050_Outbound_ChildSingle_d46597a9-440e-4c13-b49a-76a3986683d1_639196375757832533.xml,WDBC,Go South Coast,Go South Coast 1050 Outbound,Bournemouth Station - Swanage,price_band_1.9@ChildSingle,1.9
BLUS_4014_Outbound_AdultSingle_a9f4b9e2-e9ea-4456-80e3-47fe03b77367_639196401880614465.xml,BLUS,Go South Coast,Go South Coast 4014 Outbound,Southampton - Hedge End,price_band_2.8@AdultSingle,2.8
WDBC_3882_Outbound_AdultReturn_a9f4b9e2-e9ea-4456-80e3-47fe03b77367_639196400652373018.xml,WDBC,Go South Coast,Go South Coast 3882 Outbound,Stratford Road Grammar School - Burgate School,price_band_3.7@AdultReturn,3.7
TDTR_7017_Outbound_YoungPersonSgl_a9f4b9e2-e9ea-4456-80e3-47fe03b77367_639196408250441812.xml,TDTR,Go South Coast,Go South Coast 7017 Outbound,Penhill - Park South,price_band_1.8@YoungPersonSgl,1.8
WDBC_1050_Outbound_ChildSingle_d46597a9-440e-4c13-b49a-76a3986683d1_639196375757832533.xml,WDBC,Go South Coast,Go South Coast 1050 Outbound,Bournemouth Station - Swanage,price_band_1.0@ChildSingle,1.0
BLUS_4009_Outbound_ChildSingle_a9f4b9e2-e9ea-4456-80e3-47fe03b77367_639196401596848495.xml,BLUS,Go South Coast,Go South Coast 4009 Outbound,Southampton - Langley/Fawley,price_band_2.5@ChildSingle,2.5
WDBC_8270_Inbound_ChildSingle_a9f4b9e2-e9ea-4456-80e3-47fe03b77367_639196410373257176.xml,WDBC,Go South Coast,Go South Coast 8270 Inbound,Brockenhurst - New Park,price_band_5.0@ChildSingle,5.0
WDBC_6448_Inbound_AdultSingle_a9f4b9e2-e9ea-4456-80e3-47fe03b77367_639196406834369755.xml,WDBC,Go South Coast,Go South Coast 6448 Inbound,Furnell Road - Parkstone Grammar,price_band_3.2@AdultSingle,3.2
WDBC_1013_Inbound_ChildSingle_2f1f0c04-770d-4707-ab06-213c5a798ad7_639196371357692822.xml,WDBC,Go South Coast,Go South Coast 1013 Inbound,Bournemouth - Wimborne,price_band_2.3@ChildSingle,2.3
WDBC_6419_Inbound_AdultReturn_a9f4b9e2-e9ea-4456-80e3-47fe03b77367_639196406771655102.xml,WDBC,Go South Coast,Go South Coast 6419 Inbound,Compton Avenue - Poole Grammar,price_band_5.0@AdultReturn,5.0
SWWD_2615_Inbound_AdultSingle_a9f4b9e2-e9ea-4456-80e3-47fe03b77367_639196387158069862.xml,SWWD,Go South Coast,Go South Coast 2615 Inbound,Salisbury  - Brockenhurst College,price_band_2.0@AdultSingle,2.0
WDBC_1038_Outbound_ChildReturn_a9f4b9e2-e9ea-4456-80e3-47fe03b77367_639196374712380593.xml,WDBC,Go South Coast,Go South Coast 1038 Outbound,Ferndown - Ringwood,price_band_6.0@ChildReturn,6.0
WDBC_1015_Inbound_ChildSingle_a9f4b9e2-e9ea-4456-80e3-47fe03b77367_639196371729607266.xml,WDBC,Go South Coast,Go South Coast 1015 Inbound,Poole - Bournemouth Hospital,price_band_2.1@ChildSingle,2.1
TDTR_7080_Outbound_YoungPersonRtn_a9f4b9e2-e9ea-4456-80e3-47fe03b77367_639196408865610342.xml,TDTR,Go South Coast,Go South Coast 7080 Outbound,Swindon - Marlborough,price_band_4.5@YoungPersonRtn,4.5
TDTR_7064_Outbound_YoungPersonSgl_a9f4b9e2-e9ea-4456-80e3-47fe03b77367_639196408652571372.xml,TDTR,Go South Coast,Go South Coast 7064 Outbound,Town Centre - Eldene,price_band_1.8@YoungPersonSgl,1.8
SWWD_3726_Inbound_ChildReturn_a9f4b9e2-e9ea-4456-80e3-47fe03b77367_639196400360478429.xml,SWWD,Go South Coast,Go South Coast 3726 Inbound,Salisbury - East Knoyle,price_band_2.5@ChildReturn,2.5
WDBC_6416_Outbound_ChildReturn_a9f4b9e2-e9ea-4456-80e3-47fe03b77367_639196406650542511.xml,WDBC,Go South Coast,Go South Coast 6416 Outbound,Penn Hill Avenue  - Poole Grammar School,price_band_3.7@ChildReturn,3.7
WDBC_1806_Inbound_AdultReturn_a9f4b9e2-e9ea-4456-80e3-47fe03b77367_639196379860696326.xml,WDBC,Go South Coast,Go South Coast 1806 Inbound,Bournemouth - Wimborne,price_band_6.0@AdultReturn,6.0
SVCT_5006_Outbound_ChildSingle_a9f4b9e2-e9ea-4456-80e3-47fe03b77367_639196403973949515.xml,SVCT,Go South Coast,Go South Coast 5006 Outbound,Newport  - Ventnor,price_band_2.4@ChildSingle,2.4
SWWD_3407_Outbound_AdultSingle_eed5e2e8-c472-41af-825e-db09ec887334_639196397700142334.xml,SWWD,Go South Coast,Go South Coast 3407 Outbound,Salisbury - Southampton,price_band_2.3@AdultSingle,2.3
TDTR_7148_Inbound_AdultReturn_a9f4b9e2-e9ea-4456-80e3-47fe03b77367_639196409133361031.xml,TDTR,Go South Coast,Go South Coast 7148 Inbound,Swindon - Marlborough,price_band_3.8@AdultReturn,3.8
WDBC_1013_Outbound_AdultSingle_2f1f0c04-770d-4707-ab06-213c5a798ad7_639196371544618816.xml,WDBC,Go South Coast,Go South Coast 1013 Outbound,Bournemouth - Wimborne,price_band_2.3@AdultSingle,2.3
SWWD_3977_Outbound_ChildSingle_a9f4b9e2-e9ea-4456-80e3-47fe03b77367_639196400919861113.xml,SWWD,Go South Coast,Go South Coast 3977 Outbound,Victoria Park - Laverstock Schools,price_band_1.9@ChildSingle,1.9
WDBC_1836_Inbound_AdultReturn_a9f4b9e2-e9ea-4456-80e3-47fe03b77367_639196381768682596.xml,WDBC,Go South Coast,Go South Coast 1836 Inbound,Talbot View - Kinson,price_band_4.5@AdultReturn,4.5
WDBC_1950_Inbound_AdultSingle_d46597a9-440e-4c13-b49a-76a3986683d1_639196383753375432.xml,WDBC,Go South Coast,Go South Coast 1950 Inbound,Bournemouth - Swanage,price_band_2.3@AdultSingle,2.3
WDBC_1950_Outbound_AdultSingle_2f1f0c04-770d-4707-ab06-213c5a798ad7_639196383999741715.xml,WDBC,Go South Coast,Go South Coast 1950 Outbound,Bournemouth - Swanage,price_band_1.0@AdultSingle,1.0
BLUS_4425_Outbound_AdultReturn_a9f4b9e2-e9ea-4456-80e3-47fe03b77367_639196402940560075.xml,BLUS,Go South Coast,Go South Coast 4425 Outbound,Eastleigh - Boorley Park,price_band_6.0@AdultReturn,6.0
TDTR_7176_Inbound_YoungPersonRtn_a9f4b9e2-e9ea-4456-80e3-47fe03b77367_639196409343005529.xml,TDTR,Go South Coast,Go South Coast 7176 Inbound,Calne - Bath,price_band_4.0@YoungPersonRtn,4.0
SWWD_3645_Outbound_ChildSingle_a9f4b9e2-e9ea-4456-80e3-47fe03b77367_639196399890761097.xml,SWWD,Go South Coast,Go South Coast 3645 Outbound,Stratford Road Grammar School - Hamptworth Cuckoo,price_band_1.9@ChildSingle,1.9
WDBC_1886_Outbound_AdultReturn_a9f4b9e2-e9ea-4456-80e3-47fe03b77367_639196382986842320.xml,WDBC,Go South Coast,Go South Coast 1886 Outbound,Corfe Mullen - St Peters School,price_band_6.6@AdultReturn,6.6
SVCT_5005_Outbound_ChildSingle_a9f4b9e2-e9ea-4456-80e3-47fe03b77367_639196403906328957.xml,SVCT,Go South Coast,Go South Coast 5005 Outbound,Newport  - East Cowes,price_band_1.8@ChildSingle,1.8
SVCT_5249_Inbound_YoungAdSingle_a9f4b9e2-e9ea-4456-80e3-47fe03b77367_639196405544879470.xml,SVCT,Go South Coast,Go South Coast 5249 Inbound,Ryde - Newport,price_band_3.0@YoungAdSingle,3.0
TDTR_3820_Outbound_ChildSingle_a9f4b9e2-e9ea-4456-80e3-47fe03b77367_639196400556729284.xml,TDTR,Go South Coast,Go South Coast 3820 Outbound,Marlborough - Newbury,price_band_1.3@ChildSingle,1.3
SWWD_3405_Inbound_AdultReturn_a9f4b9e2-e9ea-4456-80e3-47fe03b77367_639196396518445505.xml,SWWD,Go South Coast,Go South Coast 3405 Inbound,Salisbury - Pewsey,price_band_4.2@AdultReturn,4.2
BLUS_4119_Inbound_ChildSingle_eed5e2e8-c472-41af-825e-db09ec887334_639196402748135453.xml,BLUS,Go South Coast,Go South Coast 4119 Inbound,Thornhill - Lordshill,price_band_1.0@ChildSingle,1.0
WDBC_1818_Inbound_AdultSingle_a9f4b9e2-e9ea-4456-80e3-47fe03b77367_639196380144261180.xml,WDBC,Go South Coast,Go South Coast 1818 Inbound,Bournemouth - Broadstone,price_band_2.3@AdultSingle,2.3
SWWD_3029_Inbound_ChildReturn_a9f4b9e2-e9ea-4456-80e3-47fe03b77367_639196391389453148.xml,SWWD,Go South Coast,Go South Coast 3029 Inbound,Salisbury - Shaftesbury,price_band_3.0@ChildReturn,3.0
BLUS_4016_Inbound_ChildReturn_a9f4b9e2-e9ea-4456-80e3-47fe03b77367_639196401980743926.xml,BLUS,Go South Coast,Go South Coast 4016 Inbound,Southampton - Townhill Park,price_band_2.6@ChildReturn,2.6
SWWD_3008_Outbound_ChildSingle_a9f4b9e2-e9ea-4456-80e3-47fe03b77367_639196390964130710.xml,SWWD,Go South Coast,Go South Coast 3008 Outbound,Salisbury - Zouch Estate,price_band_3.0@ChildSingle,3.0
SWWD_3010_Inbound_AdultSingle_a9f4b9e2-e9ea-4456-80e3-47fe03b77367_639196391160324233.xml,SWWD,Go South Coast,Go South Coast 3010 Inbound,City Centre - St Peters Place,price_band_2.3@AdultSingle,2.3
WDBC_1011_Inbound_AdultSingle_a9f4b9e2-e9ea-4456-80e3-47fe03b77367_639196370990830787.xml,WDBC,Go South Coast,Go South Coast 1011 Inbound,Bournemouth - Canford Paddock,price_band_2.3@AdultSingle,2.3
WDBC_1003_Outbound_AdultSingle_2f1f0c04-770d-4707-ab06-213c5a798ad7_639196370466753147.xml,WDBC,Go South Coast,Go South Coast 1003 Outbound,Poole - Wimborne,price_band_2.3@AdultSingle,2.3
TDTR_7537_Outbound_AdultSingle_a9f4b9e2-e9ea-4456-80e3-47fe03b77367_639196409898911883.xml,TDTR,Go South Coast,Go South Coast 7537 Outbound,Highworth - Cirencester College,price_band_5.2@AdultSingle,5.2
WDBC_2219_Outbound_ChildReturn_a9f4b9e2-e9ea-4456-80e3-47fe03b77367_639196386945648021.xml,WDBC,Go South Coast,Go South Coast 2219 Outbound,Lymington  - New Milton,price_band_2.9@ChildReturn,2.9
BLUS_4012_Outbound_AdultSingle_eed5e2e8-c472-41af-825e-db09ec887334_639196401779590925.xml,BLUS,Go South Coast,Go South Coast 4012 Outbound,Southampton - Calmore,price_band_1.0@AdultSingle,1.0
WDBC_1050_Inbound_ChildReturn_a9f4b9e2-e9ea-4456-80e3-47fe03b77367_639196375512524519.xml,WDBC,Go South Coast,Go South Coast 1050 Inbound,Bournemouth Station - Swanage,price_band_5.6@ChildReturn,5.6
TDTR_7042_Inbound_AdultSingle_a9f4b9e2-e9ea-4456-80e3-47fe03b77367_639196408300706610.xml,TDTR,Go South Coast,Go South Coast 7042 Inbound,Calne - St John's School,price_band_1.5@AdultSingle,1.5
WDBC_1032_Inbound_ChildSingle_a9f4b9e2-e9ea-4456-80e3-47fe03b77367_639196374382108166.xml,WDBC,Go South Coast,Go South Coast 1032 Inbound,Poole - Bournemouth,price_band_2.8@ChildSingle,2.8
WDBC_1641_Inbound_UniIDSingle_a9f4b9e2-e9ea-4456-80e3-47fe03b77367_639196378733765820.xml,WDBC,Go South Coast,Go South Coast 1641 Inbound,Dorchester House  - Talbot Campus,price_band_2.0@UniIDSingle,2.0
BLUS_4024_Inbound_ChildSingle_a9f4b9e2-e9ea-4456-80e3-47fe03b77367_639196402448151475.xml,BLUS,Go South Coast,Go South Coast 4024 Inbound,Eastleigh - Hedge End,price_band_2.1@ChildSingle,2.1
WDBC_2219_Inbound_ChildSingle_a9f4b9e2-e9ea-4456-80e3-47fe03b77367_639196386920311427.xml,WDBC,Go South Coast,Go South Coast 2219 Inbound,Lymington  - New Milton,price_band_3.0@ChildSingle,3.0
WDBC_2024_Inbound_AdultSingle_a9f4b9e2-e9ea-4456-80e3-47fe03b77367_639196386213616519.xml,WDBC,Go South Coast,Go South Coast 2024 Inbound,Castlepoint - Christchurch,price_band_2.3@AdultSingle,2.3
SWWD_3040_Inbound_ChildSingle_a9f4b9e2-e9ea-4456-80e3-47fe03b77367_639196391508774743.xml,SWWD,Go South Coast,Go South Coast 3040 Inbound,Salisbury - Woodfalls,price_band_1.9@ChildSingle,1.9
BLUS_4805_Inbound_AdultSingle_a9f4b9e2-e9ea-4456-80e3-47fe03b77367_639196403425183950.xml,BLUS,Go South Coast,Go South Coast 4805 Inbound,Boyatt Wood - Shootash,price_band_3.0@AdultSingle,3.0
WDBC_2762_Outbound_AdultReturn_a9f4b9e2-e9ea-4456-80e3-47fe03b77367_639196387472070091.xml,WDBC,Go South Coast,Go South Coast 2762 Outbound,Keyhaven Road  - Priestlands School,price_band_5.0@AdultReturn,5.0
WDBC_1837_Outbound_ChildSingle_2f1f0c04-770d-4707-ab06-213c5a798ad7_639196381963734747.xml,WDBC,Go South Coast,Go South Coast 1837 Outbound,Bournemouth - Bournemouth International Airport,price_band_2.2@ChildSingle,2.2
WDBC_1017_Outbound_AdultSingle_2f1f0c04-770d-4707-ab06-213c5a798ad7_639196373064706752.xml,WDBC,Go South Coast,Go South Coast 1017 Outbound,Poole - Bournemouth,price_band_1.0@AdultSingle,1.0
SWWD_3108_Outbound_AdultSingle_a9f4b9e2-e9ea-4456-80e3-47fe03b77367_639196392367870068.xml,SWWD,Go South Coast,Go South Coast 3108 Outbound,Salisbury - Zouch Estate,price_band_3.0@AdultSingle,3.0
TDTR_7048_Inbound_AdultSingle_a9f4b9e2-e9ea-4456-80e3-47fe03b77367_639196408466591234.xml,TDTR,Go South Coast,Go South Coast 7048 Inbound,Swindon - Marlborough,price_band_2.6@AdultSingle,2.6
SWWD_3008_Inbound_ChildSingle_a9f4b9e2-e9ea-4456-80e3-47fe03b77367_639196390674414802.xml,SWWD,Go South Coast,Go South Coast 3008 Inbound,Salisbury - Zouch Estate,price_band_2.6@ChildSingle,2.6
SWWD_3108_Outbound_AdultSingle_a9f4b9e2-e9ea-4456-80e3-47fe03b77367_639196392367870068.xml,SWWD,Go South Coast,Go South Coast 3108 Outbound,Salisbury - Zouch Estate,price_band_2.3@AdultSingle,2.3
WDBC_6419_Outbound_ChildReturn_a9f4b9e2-e9ea-4456-80e3-47fe03b77367_639196406818586499.xml,WDBC,Go South Coast,Go South Coast 6419 Outbound,Compton Avenue - Poole Grammar,price_band_2.3@ChildReturn,2.3
WDBC_6047_Outbound_AdultSingle_a9f4b9e2-e9ea-4456-80e3-47fe03b77367_639196406345406834.xml,WDBC,Go South Coast,Go South Coast 6047 Outbound,Ringwood Road - Parkstone Grammar School,price_band_2.2@AdultSingle,2.2
WDBC_1643_Inbound_AdultSingle_a9f4b9e2-e9ea-4456-80e3-47fe03b77367_639196378866572795.xml,WDBC,Go South Coast,Go South Coast 1643 Inbound,Fishermans Walk - Talbot Campus,price_band_2.4@AdultSingle,2.4
BLUS_4008_Inbound_AdultSingle_f15d1b06-486f-433a-8991-95f1a97a87e0_639196401443733119.xml,BLUS,Go South Coast,Go South Coast 4008 Inbound,Southampton - Hythe,price_band_1.0@AdultSingle,1.0
SWWD_3886_Outbound_AdultSingle_a9f4b9e2-e9ea-4456-80e3-47fe03b77367_639196400888306245.xml,SWWD,Go South Coast,Go South Coast 3886 Outbound,St Peters Place  - Burgate School,price_band_2.9@AdultSingle,2.9
SWWD_3675_Inbound_ChildReturn_a9f4b9e2-e9ea-4456-80e3-47fe03b77367_639196400089415816.xml,SWWD,Go South Coast,Go South Coast 3675 Inbound,Castle Road - Amesbury,price_band_2.3@ChildReturn,2.3
WDBC_8429_Outbound_AdultSingle_a9f4b9e2-e9ea-4456-80e3-47fe03b77367_639196410430594161.xml,WDBC,Go South Coast,Go South Coast 8429 Outbound,Exbury - Lyndhurst GREEN,price_band_5.0@AdultSingle,5.0
SVCT_5101_Inbound_YoungAdSingle_a9f4b9e2-e9ea-4456-80e3-47fe03b77367_639196404710284025.xml,SVCT,Go South Coast,Go South Coast 5101 Inbound,Cowes - Newport,price_band_3.0@YoungAdSingle,3.0
TDTR_7016_Outbound_YoungPersonSgl_a9f4b9e2-e9ea-4456-80e3-47fe03b77367_639196408236369292.xml,TDTR,Go South Coast,Go South Coast 7016 Outbound,Bus Station - Blunsdon,price_band_2.5@YoungPersonSgl,2.5
WDBC_1013_Inbound_AdultReturn_a9f4b9e2-e9ea-4456-80e3-47fe03b77367_639196371167533681.xml,WDBC,Go South Coast,Go South Coast 1013 Inbound,Bournemouth - Wimborne,price_band_4.2@AdultReturn,4.2
SWWD_3125_Outbound_ChildReturn_a9f4b9e2-e9ea-4456-80e3-47fe03b77367_639196392988098341.xml,SWWD,Go South Coast,Go South Coast 3125 Outbound,South Wilts Grammar School - Hindon,price_band_4.3@ChildReturn,4.3
WDBC_1011_Outbound_ChildSingle_a9f4b9e2-e9ea-4456-80e3-47fe03b77367_639196371092939686.xml,WDBC,Go South Coast,Go South Coast 1011 Outbound,Bournemouth - Canford Paddock,price_band_2.1@ChildSingle,2.1
WDBC_1841_Inbound_AdultSingle_a9f4b9e2-e9ea-4456-80e3-47fe03b77367_639196381980968349.xml,WDBC,Go South Coast,Go South Coast 1841 Inbound,Bournemouth - Mudeford and Somerford,price_band_2.5@AdultSingle,2.5
SWWD_3513_Outbound_ChildSingle_a9f4b9e2-e9ea-4456-80e3-47fe03b77367_639196399221650173.xml,SWWD,Go South Coast,Go South Coast 3513 Outbound,Blue Boar Row - Bulbridge Chantry Road,price_band_1.9@ChildSingle,1.9
WDBC_1053_Inbound_ChildSingle_a9f4b9e2-e9ea-4456-80e3-47fe03b77367_639196376118157824.xml,WDBC,Go South Coast,Go South Coast 1053 Inbound,Bournemouth - Wimborne,price_band_1.9@ChildSingle,1.9
WDBC_8229_Outbound_ChildSingle_a9f4b9e2-e9ea-4456-80e3-47fe03b77367_639196410352701130.xml,WDBC,Go South Coast,Go South Coast 8229 Outbound,Lyndhurst - Ringwood RED,price_band_2.8@ChildSingle,2.8
WDBC_8429_Outbound_AdultSingle_a9f4b9e2-e9ea-4456-80e3-47fe03b77367_639196410430594161.xml,WDBC,Go South Coast,Go South Coast 8429 Outbound,Exbury - Lyndhurst GREEN,price_band_6.0@AdultSingle,6.0
SWWD_3011_Outbound_AdultReturn_a9f4b9e2-e9ea-4456-80e3-47fe03b77367_639196391218005449.xml,SWWD,Go South Coast,Go South Coast 3011 Outbound,City Centre - Old Sarum,price_band_4.5@AdultReturn,4.5
WDBC_1903_Outbound_ChildReturn_a9f4b9e2-e9ea-4456-80e3-47fe03b77367_639196383290605294.xml,WDBC,Go South Coast,Go South Coast 1903 Outbound,Poole - Wimborne,price_band_2.8@ChildReturn,2.8
DAMY_6905_Outbound_AdultSingle_a9f4b9e2-e9ea-4456-80e3-47fe03b77367_639196407729724981.xml,DAMY,Go South Coast,Go South Coast 6905 Outbound,Warmwell - Dorchester,price_band_2.8@AdultSingle,2.8
WDBC_1054_Inbound_AdultReturn_a9f4b9e2-e9ea-4456-80e3-47fe03b77367_639196376467401475.xml,WDBC,Go South Coast,Go South Coast 1054 Inbound,Poole - Wimborne,price_band_4.2@AdultReturn,4.2
WDBC_1883_Outbound_ChildReturn_a9f4b9e2-e9ea-4456-80e3-47fe03b77367_639196382558488224.xml,WDBC,Go South Coast,Go South Coast 1883 Outbound,Alum Chine - Castlepoint,price_band_2.8@ChildReturn,2.8
TDTR_7046_Outbound_AdultSingle_a9f4b9e2-e9ea-4456-80e3-47fe03b77367_639196408426620170.xml,TDTR,Go South Coast,Go South Coast 7046 Outbound,Swindon - Hungerford,price_band_2.6@AdultSingle,2.6
BLUS_4119_Outbound_ChildReturn_a9f4b9e2-e9ea-4456-80e3-47fe03b77367_639196402770352800.xml,BLUS,Go South Coast,Go South Coast 4119 Outbound,Thornhill - Lordshill,price_band_2.6@ChildReturn,2.6
BLUS_4005_Inbound_AdultReturn_a9f4b9e2-e9ea-4456-80e3-47fe03b77367_639196401194786333.xml,BLUS,Go South Coast,Go South Coast 4005 Inbound,Boyatt Wood - Romsey,price_band_6.0@AdultReturn,6.0
WDBC_1013_Outbound_AdultReturn_a9f4b9e2-e9ea-4456-80e3-47fe03b77367_639196371418225698.xml,WDBC,Go South Coast,Go South Coast 1013 Outbound,Bournemouth - Wimborne,price_band_5.5@AdultReturn,5.5
TDTR_7562_Inbound_ChildReturn_a9f4b9e2-e9ea-4456-80e3-47fe03b77367_639196410136655261.xml,TDTR,Go South Coast,Go South Coast 7562 Inbound,Yate - Malmesbury,price_band_8.3@ChildReturn,8.3
SWWD_3206_Outbound_ChildReturn_a9f4b9e2-e9ea-4456-80e3-47fe03b77367_639196394037095458.xml,SWWD,Go South Coast,Go South Coast 3206 Outbound,Allington - Blue Boar Row,price_band_3.6@ChildReturn,3.6
WDBC_2002_Outbound_ChildReturn_a9f4b9e2-e9ea-4456-80e3-47fe03b77367_639196385418186648.xml,WDBC,Go South Coast,Go South Coast 2002 Outbound,Bournemouth - Lymington,price_band_3.7@ChildReturn,3.7
SWWD_3886_Outbound_ChildReturn_a9f4b9e2-e9ea-4456-80e3-47fe03b77367_639196400881003393.xml,SWWD,Go South Coast,Go South Coast 3886 Outbound,St Peters Place  - Burgate School,price_band_5.1@ChildReturn,5.1
WDBC_2001_Outbound_AdultSingle_a9f4b9e2-e9ea-4456-80e3-47fe03b77367_639196384694964461.xml,WDBC,Go South Coast,Go South Coast 2001 Outbound,Bournemouth - Lymington,price_band_2.3@AdultSingle,2.3
DAMY_6486_Inbound_ChildReturn_a9f4b9e2-e9ea-4456-80e3-47fe03b77367_639196407051913728.xml,DAMY,Go South Coast,Go South Coast 6486 Inbound,Milton Abbey - Thomas Hardye,price_band_6.9@ChildReturn,6.9
BLUS_4012_Inbound_ChildSingle_a9f4b9e2-e9ea-4456-80e3-47fe03b77367_639196401749358743.xml,BLUS,Go South Coast,Go South Coast 4012 Inbound,Southampton - Calmore,price_band_2.1@ChildSingle,2.1
TDTR_7553_Outbound_AdultSingle_a9f4b9e2-e9ea-4456-80e3-47fe03b77367_639196410110993535.xml,TDTR,Go South Coast,Go South Coast 7553 Outbound,Royal Wootton Bassett - Cirencester College,price_band_5.2@AdultSingle,5.2
WDBC_1170_Outbound_ChildSingle_a9f4b9e2-e9ea-4456-80e3-47fe03b77367_639196378486419292.xml,WDBC,Go South Coast,Go South Coast 1170 Outbound,Rockley Park - Hengistbury Head,price_band_1.9@ChildSingle,1.9
WDBC_1643_Inbound_ChildSingle_2f1f0c04-770d-4707-ab06-213c5a798ad7_639196378892079375.xml,WDBC,Go South Coast,Go South Coast 1643 Inbound,Fishermans Walk - Talbot Campus,price_band_1.0@ChildSingle,1.0
WDBC_2001_Outbound_AdultSingle_a9f4b9e2-e9ea-4456-80e3-47fe03b77367_639196384694964461.xml,WDBC,Go South Coast,Go South Coast 2001 Outbound,Bournemouth - Lymington,price_band_2.5@AdultSingle,2.5
WDBC_1170_Inbound_ChildSingle_a9f4b9e2-e9ea-4456-80e3-47fe03b77367_639196378199693405.xml,WDBC,Go South Coast,Go South Coast 1170 Inbound,Rockley Park - Hengistbury Head,price_band_2.2@ChildSingle,2.2
WDBC_1011_Inbound_ChildSingle_a9f4b9e2-e9ea-4456-80e3-47fe03b77367_639196371010936977.xml,WDBC,Go South Coast,Go South Coast 1011 Inbound,Bournemouth - Canford Paddock,price_band_2.1@ChildSingle,2.1
WDBC_6786_Outbound_ChildSingle_a9f4b9e2-e9ea-4456-80e3-47fe03b77367_639196407405649152.xml,WDBC,Go South Coast,Go South Coast 6786 Outbound,Bere Regis - Purbeck School,price_band_4.7@ChildSingle,4.7
SWWD_3372_Outbound_AdultReturn_a9f4b9e2-e9ea-4456-80e3-47fe03b77367_639196395796680397.xml,SWWD,Go South Coast,Go South Coast 3372 Outbound,City Centre - Bishopdown,price_band_4.2@AdultReturn,4.2
WDBC_6419_Outbound_ChildSingle_a9f4b9e2-e9ea-4456-80e3-47fe03b77367_639196406825655245.xml,WDBC,Go South Coast,Go South Coast 6419 Outbound,Compton Avenue - Poole Grammar,price_band_3.4@ChildSingle,3.4
SWWD_3885_Outbound_AdultSingle_a9f4b9e2-e9ea-4456-80e3-47fe03b77367_639196400790128512.xml,SWWD,Go South Coast,Go South Coast 3885 Outbound,Whaddon - Burgate School,price_band_3.0@AdultSingle,3.0
SWWD_3126_Inbound_ChildReturn_a9f4b9e2-e9ea-4456-80e3-47fe03b77367_639196393154456719.xml,SWWD,Go South Coast,Go South Coast 3126 Inbound,Salisbury - Hindon,price_band_3.6@ChildReturn,3.6
WDBC_1054_Outbound_ChildSingle_2f1f0c04-770d-4707-ab06-213c5a798ad7_639196376721792201.xml,WDBC,Go South Coast,Go South Coast 1054 Outbound,Poole - Wimborne,price_band_2.2@ChildSingle,2.2
SWWD_3326_Outbound_AdultReturn_a9f4b9e2-e9ea-4456-80e3-47fe03b77367_639196395281317520.xml,SWWD,Go South Coast,Go South Coast 3326 Outbound,Salisbury - Hindon,price_band_4.5@AdultReturn,4.5
WDBC_1789_Outbound_ChildReturn_a9f4b9e2-e9ea-4456-80e3-47fe03b77367_639196379399568118.xml,WDBC,Go South Coast,Go South Coast 1789 Outbound,Bournemouth School for Girls - Lymington,price_band_3.1@ChildReturn,3.1
WDBC_1054_Outbound_AdultSingle_2f1f0c04-770d-4707-ab06-213c5a798ad7_639196376685659415.xml,WDBC,Go South Coast,Go South Coast 1054 Outbound,Poole - Wimborne,price_band_1.0@AdultSingle,1.0
WDBC_1908_Inbound_AdultReturn_a9f4b9e2-e9ea-4456-80e3-47fe03b77367_639196383425309453.xml,WDBC,Go South Coast,Go South Coast 1908 Inbound,Poole - Blandford,price_band_5.7@AdultReturn,5.7
WDBC_1786_Outbound_AdultSingle_a9f4b9e2-e9ea-4456-80e3-47fe03b77367_639196379214564608.xml,WDBC,Go South Coast,Go South Coast 1786 Outbound,Park Gates - Bournemouth School for Girls,price_band_3.3@AdultSingle,3.3
BLUS_4028_Inbound_AdultSingle_eed5e2e8-c472-41af-825e-db09ec887334_639196402550042348.xml,BLUS,Go South Coast,Go South Coast 4028 Inbound,Southampton - Southampton Science Park,price_band_1.0@AdultSingle,1.0
WDBC_1401_Inbound_AdultSingle_a9f4b9e2-e9ea-4456-80e3-47fe03b77367_639196378681248448.xml,WDBC,Go South Coast,Go South Coast 1401 Inbound,Poole High - Branksome,price_band_2.6@AdultSingle,2.6
WDBC_1011_Inbound_ChildSingle_a9f4b9e2-e9ea-4456-80e3-47fe03b77367_639196371010936977.xml,WDBC,Go South Coast,Go South Coast 1011 Inbound,Bournemouth - Canford Paddock,price_band_1.9@ChildSingle,1.9
WDBC_8409_Outbound_ChildSingle_a9f4b9e2-e9ea-4456-80e3-47fe03b77367_639196410426715561.xml,WDBC,Go South Coast,Go South Coast 8409 Outbound,Lyndhurst - Exbury GREEN,price_band_3.8@ChildSingle,3.8
TDTR_7048_Outbound_ChildSingle_a9f4b9e2-e9ea-4456-80e3-47fe03b77367_639196408540389430.xml,TDTR,Go South Coast,Go South Coast 7048 Outbound,Swindon - Marlborough,price_band_2.8@ChildSingle,2.8
SWWD_3402_Inbound_AdultReturn_a9f4b9e2-e9ea-4456-80e3-47fe03b77367_639196395826887922.xml,SWWD,Go South Coast,Go South Coast 3402 Inbound,Salisbury - Devizes,price_band_4.5@AdultReturn,4.5
TDTR_3820_Inbound_ChildReturn_a9f4b9e2-e9ea-4456-80e3-47fe03b77367_639196400547070977.xml,TDTR,Go South Coast,Go South Coast 3820 Inbound,Marlborough - Newbury,price_band_3.6@ChildReturn,3.6
DAMY_6920_Inbound_ChildReturn_a9f4b9e2-e9ea-4456-80e3-47fe03b77367_639196407771189759.xml,DAMY,Go South Coast,Go South Coast 6920 Inbound,Salisbury - Steam Fair,price_band_4.6@ChildReturn,4.6
WDBC_1050_Inbound_ChildSingle_2f1f0c04-770d-4707-ab06-213c5a798ad7_639196375591808267.xml,WDBC,Go South Coast,Go South Coast 1050 Inbound,Bournemouth Station - Swanage,price_band_1.9@ChildSingle,1.9
WDBC_1641_Outbound_AdultSingle_2f1f0c04-770d-4707-ab06-213c5a798ad7_639196378766030327.xml,WDBC,Go South Coast,Go South Coast 1641 Outbound,Dorchester House  - Talbot Campus,price_band_1.0@AdultSingle,1.0
BLUS_4004_Outbound_AdultSingle_f15d1b06-486f-433a-8991-95f1a97a87e0_639196401171669520.xml,BLUS,Go South Coast,Go South Coast 4004 Outbound,Southampton - Romsey,price_band_1.0@AdultSingle,1.0
WDBC_8429_Outbound_AdultSingle_a9f4b9e2-e9ea-4456-80e3-47fe03b77367_639196410430594161.xml,WDBC,Go South Coast,Go South Coast 8429 Outbound,Exbury - Lyndhurst GREEN,price_band_6.5@AdultSingle,6.5
WDBC_1841_Inbound_ChildSingle_2f1f0c04-770d-4707-ab06-213c5a798ad7_639196382072936037.xml,WDBC,Go South Coast,Go South Coast 1841 Inbound,Bournemouth - Mudeford and Somerford,price_band_1.0@ChildSingle,1.0
WDBC_1755_Outbound_ChildSingle_a9f4b9e2-e9ea-4456-80e3-47fe03b77367_639196379143503495.xml,WDBC,Go South Coast,Go South Coast 1755 Outbound,Bournemouth Station - Bournemouth School for Girls,price_band_2.0@ChildSingle,2.0
WDBC_2002_Inbound_ChildReturn_a9f4b9e2-e9ea-4456-80e3-47fe03b77367_639196385115015873.xml,WDBC,Go South Coast,Go South Coast 2002 Inbound,Bournemouth - Lymington,price_band_3.7@ChildReturn,3.7
TDTR_7046_Outbound_ChildReturn_a9f4b9e2-e9ea-4456-80e3-47fe03b77367_639196408448353921.xml,TDTR,Go South Coast,Go South Coast 7046 Outbound,Swindon - Hungerford,price_band_3.0@ChildReturn,3.0
SWWD_3029_Inbound_AdultReturn_a9f4b9e2-e9ea-4456-80e3-47fe03b77367_639196391342117362.xml,SWWD,Go South Coast,Go South Coast 3029 Inbound,Salisbury - Shaftesbury,price_band_5.7@AdultReturn,5.7
SVCT_5104_Inbound_AdultSingle_a9f4b9e2-e9ea-4456-80e3-47fe03b77367_639196404907507125.xml,SVCT,Go South Coast,Go South Coast 5104 Inbound,East Cowes - Ryde,price_band_3.0@AdultSingle,3.0
WDBC_1755_Outbound_ChildSingle_a9f4b9e2-e9ea-4456-80e3-47fe03b77367_639196379143503495.xml,WDBC,Go South Coast,Go South Coast 1755 Outbound,Bournemouth Station - Bournemouth School for Girls,price_band_2.2@ChildSingle,2.2
SWWD_3900_Inbound_AdultSingle_a9f4b9e2-e9ea-4456-80e3-47fe03b77367_639196400904848280.xml,SWWD,Go South Coast,Go South Coast 3900 Inbound,Devizes - Marlborough,price_band_2.0@AdultSingle,2.0
WDBC_1903_Outbound_AdultSingle_a9f4b9e2-e9ea-4456-80e3-47fe03b77367_639196383324666799.xml,WDBC,Go South Coast,Go South Coast 1903 Outbound,Poole - Wimborne,price_band_3.0@AdultSingle,3.0
SWWD_3110_Outbound_AdultSingle_a9f4b9e2-e9ea-4456-80e3-47fe03b77367_639196392735107718.xml,SWWD,Go South Coast,Go South Coast 3110 Outbound,Bedwyn - Marlborough,price_band_2.0@AdultSingle,2.0
SWWD_3327_Outbound_AdultReturn_a9f4b9e2-e9ea-4456-80e3-47fe03b77367_639196395585882115.xml,SWWD,Go South Coast,Go South Coast 3327 Outbound,Salisbury - Shaftesbury,price_band_4.2@AdultReturn,4.2
SWWD_3327_Outbound_ChildReturn_a9f4b9e2-e9ea-4456-80e3-47fe03b77367_639196395634987743.xml,SWWD,Go South Coast,Go South Coast 3327 Outbound,Salisbury - Shaftesbury,price_band_3.8@ChildReturn,3.8
BLUS_4015_Inbound_AdultSingle_eed5e2e8-c472-41af-825e-db09ec887334_639196401931790040.xml,BLUS,Go South Coast,Go South Coast 4015 Inbound,Central Station - Hamble,price_band_1.0@AdultSingle,1.0
WDBC_6943_Outbound_AdultReturn_a9f4b9e2-e9ea-4456-80e3-47fe03b77367_639196408030521027.xml,WDBC,Go South Coast,Go South Coast 6943 Outbound,Lulworth - Weymouth,price_band_4.4@AdultReturn,4.4
TDTR_7048_Inbound_ChildReturn_a9f4b9e2-e9ea-4456-80e3-47fe03b77367_639196408499728756.xml,TDTR,Go South Coast,Go South Coast 7048 Inbound,Swindon - Marlborough,price_band_4.1@ChildReturn,4.1
WDBC_2906_Outbound_ChildSingle_a9f4b9e2-e9ea-4456-80e3-47fe03b77367_639196388193779482.xml,WDBC,Go South Coast,Go South Coast 2906 Outbound,Poole - Ringwood,price_band_2.3@ChildSingle,2.3
TDTR_7180_Inbound_YoungPersonRtn_a9f4b9e2-e9ea-4456-80e3-47fe03b77367_639196409480175907.xml,TDTR,Go South Coast,Go South Coast 7180 Inbound,Marlborough - Ludgershall,price_band_6.0@YoungPersonRtn,6.0
WDBC_6943_Inbound_ChildSingle_a9f4b9e2-e9ea-4456-80e3-47fe03b77367_639196407906147726.xml,WDBC,Go South Coast,Go South Coast 6943 Inbound,Lulworth - Weymouth,price_band_2.8@ChildSingle,2.8
DAMY_6905_Inbound_AdultSingle_a9f4b9e2-e9ea-4456-80e3-47fe03b77367_639196407701658805.xml,DAMY,Go South Coast,Go South Coast 6905 Inbound,Warmwell - Dorchester,price_band_2.6@AdultSingle,2.6
SWWD_3883_Inbound_ChildReturn_a9f4b9e2-e9ea-4456-80e3-47fe03b77367_639196400686049945.xml,SWWD,Go South Coast,Go South Coast 3883 Inbound,Bishopdown Farm  - Burgate School,price_band_3.8@ChildReturn,3.8
SWWD_3677_Outbound_ChildReturn_a9f4b9e2-e9ea-4456-80e3-47fe03b77367_639196400257854619.xml,SWWD,Go South Coast,Go South Coast 3677 Outbound,Stratford Road Grammar School - West Wellow,price_band_6.0@ChildReturn,6.0
WDBC_1054_Inbound_AdultSingle_2f1f0c04-770d-4707-ab06-213c5a798ad7_639196376540230414.xml,WDBC,Go South Coast,Go South Coast 1054 Inbound,Poole - Wimborne,price_band_2.2@AdultSingle,2.2
WDBC_2401_Outbound_ChildReturn_a9f4b9e2-e9ea-4456-80e3-47fe03b77367_639196386962206429.xml,WDBC,Go South Coast,Go South Coast 2401 Outbound,Verwood - Ferndown Upper,price_band_5.4@ChildReturn,5.4
SWWD_3102_Inbound_AdultSingle_a9f4b9e2-e9ea-4456-80e3-47fe03b77367_639196392122024208.xml,SWWD,Go South Coast,Go South Coast 3102 Inbound,Salisbury - Devizes,price_band_2.3@AdultSingle,2.3
SWWD_3306_Outbound_ChildReturn_a9f4b9e2-e9ea-4456-80e3-47fe03b77367_639196394556295106.xml,SWWD,Go South Coast,Go South Coast 3306 Outbound,Endless Street - Blue Boar Row,price_band_3.6@ChildReturn,3.6
SWWD_3008_Inbound_AdultReturn_a9f4b9e2-e9ea-4456-80e3-47fe03b77367_639196390636624051.xml,SWWD,Go South Coast,Go South Coast 3008 Inbound,Salisbury - Zouch Estate,price_band_5.5@AdultReturn,5.5
WDBC_1017_Inbound_ChildReturn_a9f4b9e2-e9ea-4456-80e3-47fe03b77367_639196372622500146.xml,WDBC,Go South Coast,Go South Coast 1017 Inbound,Poole - Bournemouth,price_band_3.1@ChildReturn,3.1
WDBC_2777_Outbound_ChildReturn_a9f4b9e2-e9ea-4456-80e3-47fe03b77367_639196387549399667.xml,WDBC,Go South Coast,Go South Coast 2777 Outbound,New Forest Drive - Lymington,price_band_3.4@ChildReturn,3.4
WDBC_1908_Outbound_AdultSingle_2f1f0c04-770d-4707-ab06-213c5a798ad7_639196383489312439.xml,WDBC,Go South Coast,Go South Coast 1908 Outbound,Poole - Blandford,price_band_1.0@AdultSingle,1.0
TDTR_3820_Outbound_AdultReturn_a9f4b9e2-e9ea-4456-80e3-47fe03b77367_639196400552666436.xml,TDTR,Go South Coast,Go South Coast 3820 Outbound,Marlborough - Newbury,price_band_3.6@AdultReturn,3.6
WDBC_2403_Inbound_ChildSingle_a9f4b9e2-e9ea-4456-80e3-47fe03b77367_639196386972593464.xml,WDBC,Go South Coast,Go South Coast 2403 Inbound,Verwood - Ferndown Upper,price_band_3.5@ChildSingle,3.5
SWWD_3210_Outbound_AdultReturn_a9f4b9e2-e9ea-4456-80e3-47fe03b77367_639196394087789252.xml,SWWD,Go South Coast,Go South Coast 3210 Outbound,City Centre - St Peters Place,price_band_4.5@AdultReturn,4.5
WDBC_6418_Inbound_AdultReturn_a9f4b9e2-e9ea-4456-80e3-47fe03b77367_639196406669610886.xml,WDBC,Go South Coast,Go South Coast 6418 Inbound,Sandbanks Ferry - Poole Grammar School,price_band_4.9@AdultReturn,4.9
DAMY_6020_Outbound_ChildReturn_a9f4b9e2-e9ea-4456-80e3-47fe03b77367_639196406158048579.xml,DAMY,Go South Coast,Go South Coast 6020 Outbound,Salisbury - Blandford,price_band_2.8@ChildReturn,2.8
BLUS_8461_Inbound_AdultSingle_a9f4b9e2-e9ea-4456-80e3-47fe03b77367_639196410522927801.xml,BLUS,Go South Coast,Go South Coast 8461 Inbound,Bevois Valley - Nursling Ind. Estate,price_band_2.6@AdultSingle,2.6
SWWD_3329_Outbound_AdultReturn_a9f4b9e2-e9ea-4456-80e3-47fe03b77367_639196395680614135.xml,SWWD,Go South Coast,Go South Coast 3329 Outbound,Salisbury - Broad Chalke,price_band_4.5@AdultReturn,4.5
WDBC_1837_Outbound_ChildReturn_a9f4b9e2-e9ea-4456-80e3-47fe03b77367_639196381943039249.xml,WDBC,Go South Coast,Go South Coast 1837 Outbound,Bournemouth - Bournemouth International Airport,price_band_4.0@ChildReturn,4.0
WDBC_1015_Inbound_ChildReturn_a9f4b9e2-e9ea-4456-80e3-47fe03b77367_639196371709340946.xml,WDBC,Go South Coast,Go South Coast 1015 Inbound,Poole - Bournemouth Hospital,price_band_3.7@ChildReturn,3.7
BLUS_4002_Outbound_ChildSingle_a9f4b9e2-e9ea-4456-80e3-47fe03b77367_639196401070552201.xml,BLUS,Go South Coast,Go South Coast 4002 Outbound,Southampton - Fair Oak,price_band_2.1@ChildSingle,2.1
BLUS_4506_Outbound_AdultSingle_a9f4b9e2-e9ea-4456-80e3-47fe03b77367_639196403010455930.xml,BLUS,Go South Coast,Go South Coast 4506 Outbound,City Centre - Cantell School,price_band_2.6@AdultSingle,2.6
SWWD_3886_Outbound_AdultReturn_a9f4b9e2-e9ea-4456-80e3-47fe03b77367_639196400901643893.xml,SWWD,Go South Coast,Go South Coast 3886 Outbound,St Peters Place  - Burgate School,price_band_4.5@AdultReturn,4.5
WDBC_2775_Inbound_ChildReturn_a9f4b9e2-e9ea-4456-80e3-47fe03b77367_639196387492806095.xml,WDBC,Go South Coast,Go South Coast 2775 Inbound,Milford on Sea - Priestlands School,price_band_4.0@ChildReturn,4.0
BLUS_4425_Inbound_AdultReturn_a9f4b9e2-e9ea-4456-80e3-47fe03b77367_639196402919489709.xml,BLUS,Go South Coast,Go South Coast 4425 Inbound,Eastleigh - Boorley Park,price_band_4.5@AdultReturn,4.5
WDBC_1013_Outbound_ChildSingle_d46597a9-440e-4c13-b49a-76a3986683d1_639196371637714285.xml,WDBC,Go South Coast,Go South Coast 1013 Outbound,Bournemouth - Wimborne,price_band_2.2@ChildSingle,2.2
WDBC_1950_Inbound_AdultSingle_a9f4b9e2-e9ea-4456-80e3-47fe03b77367_639196383550449814.xml,WDBC,Go South Coast,Go South Coast 1950 Inbound,Bournemouth - Swanage,price_band_3.0@AdultSingle,3.0
WDBC_2604_Outbound_AdultSingle_a9f4b9e2-e9ea-4456-80e3-47fe03b77367_639196386994638705.xml,WDBC,Go South Coast,Go South Coast 2604 Outbound,Langley Farm - Brockenhurst College,price_band_5.2@AdultSingle,5.2
SVCT_5249_Outbound_AdultSingle_a9f4b9e2-e9ea-4456-80e3-47fe03b77367_639196405557553885.xml,SVCT,Go South Coast,Go South Coast 5249 Outbound,Ryde - Newport,price_band_3.0@AdultSingle,3.0
DAMY_6307_Outbound_ChildSingle_a9f4b9e2-e9ea-4456-80e3-47fe03b77367_639196406441081124.xml,DAMY,Go South Coast,Go South Coast 6307 Outbound,Blandford - Shaftesbury,price_band_3.0@ChildSingle,3.0
WDBC_1013_Inbound_AdultSingle_a9f4b9e2-e9ea-4456-80e3-47fe03b77367_639196371199580017.xml,WDBC,Go South Coast,Go South Coast 1013 Inbound,Bournemouth - Wimborne,price_band_2.6@AdultSingle,2.6
DAMY_3183_Inbound_AdultSingle_a9f4b9e2-e9ea-4456-80e3-47fe03b77367_639196393781918403.xml,DAMY,Go South Coast,Go South Coast 3183 Inbound,Blandford - Weymouth,price_band_3.0@AdultSingle,3.0
WDBC_1050_Inbound_AdultReturn_a9f4b9e2-e9ea-4456-80e3-47fe03b77367_639196375470037211.xml,WDBC,Go South Coast,Go South Coast 1050 Inbound,Bournemouth Station - Swanage,price_band_6.0@AdultReturn,6.0
SWWD_3405_Outbound_AdultSingle_a9f4b9e2-e9ea-4456-80e3-47fe03b77367_639196396690371802.xml,SWWD,Go South Coast,Go South Coast 3405 Outbound,Salisbury - Pewsey,price_band_2.4@AdultSingle,2.4
WDBC_1170_Inbound_AdultSingle_a9f4b9e2-e9ea-4456-80e3-47fe03b77367_639196378115976628.xml,WDBC,Go South Coast,Go South Coast 1170 Inbound,Rockley Park - Hengistbury Head,price_band_2.5@AdultSingle,2.5
WDBC_2003_Inbound_ChildSingle_2f1f0c04-770d-4707-ab06-213c5a798ad7_639196385881155247.xml,WDBC,Go South Coast,Go South Coast 2003 Inbound,Salisbury - Bournemouth,price_band_2.5@ChildSingle,2.5
SWWD_3327_Inbound_AdultSingle_a9f4b9e2-e9ea-4456-80e3-47fe03b77367_639196395432469907.xml,SWWD,Go South Coast,Go South Coast 3327 Inbound,Salisbury - Shaftesbury,price_band_3.0@AdultSingle,3.0
WDBC_8429_Outbound_AdultSingle_a9f4b9e2-e9ea-4456-80e3-47fe03b77367_639196410430594161.xml,WDBC,Go South Coast,Go South Coast 8429 Outbound,Exbury - Lyndhurst GREEN,price_band_2.0@AdultSingle,2.0
WDBC_1908_Inbound_ChildSingle_a9f4b9e2-e9ea-4456-80e3-47fe03b77367_639196383430736532.xml,WDBC,Go South Coast,Go South Coast 1908 Inbound,Poole - Blandford,price_band_2.8@ChildSingle,2.8
SWWD_3763_Inbound_ChildReturn_a9f4b9e2-e9ea-4456-80e3-47fe03b77367_639196400489938277.xml,SWWD,Go South Coast,Go South Coast 3763 Inbound,Mount Pleasant Farm - Burgate School,price_band_5.6@ChildReturn,5.6
TDTR_7180_Inbound_YoungPersonSgl_a9f4b9e2-e9ea-4456-80e3-47fe03b77367_639196409516467218.xml,TDTR,Go South Coast,Go South Coast 7180 Inbound,Marlborough - Ludgershall,price_band_1.8@YoungPersonSgl,1.8
TDTR_7146_Inbound_AdultReturn_a9f4b9e2-e9ea-4456-80e3-47fe03b77367_639196409021263564.xml,TDTR,Go South Coast,Go South Coast 7146 Inbound,Swindon - Hungerford,price_band_3.6@AdultReturn,3.6
DAMY_6487_Outbound_ChildReturn_a9f4b9e2-e9ea-4456-80e3-47fe03b77367_639196407147859780.xml,DAMY,Go South Coast,Go South Coast 6487 Outbound,Blandford - Dorchester,price_band_5.1@ChildReturn,5.1
WDBC_1005_Outbound_ChildReturn_a9f4b9e2-e9ea-4456-80e3-47fe03b77367_639196370616153355.xml,WDBC,Go South Coast,Go South Coast 1005 Outbound,Poole - Tower Park,price_band_2.8@ChildReturn,2.8
BLUS_4012_Inbound_ChildSingle_f15d1b06-486f-433a-8991-95f1a97a87e0_639196401760000158.xml,BLUS,Go South Coast,Go South Coast 4012 Inbound,Southampton - Calmore,price_band_1.0@ChildSingle,1.0
SWWD_3511_Outbound_AdultReturn_a9f4b9e2-e9ea-4456-80e3-47fe03b77367_639196399125751955.xml,SWWD,Go South Coast,Go South Coast 3511 Outbound,Blue Boar Row - Old Sarum,price_band_4.2@AdultReturn,4.2
SVCT_5268_Inbound_ChildSingle_a9f4b9e2-e9ea-4456-80e3-47fe03b77367_639196405633215003.xml,SVCT,Go South Coast,Go South Coast 5268 Inbound,Carisbrooke - St Helens,price_band_3.0@ChildSingle,3.0
TDTR_7531_Inbound_ChildSingle_a9f4b9e2-e9ea-4456-80e3-47fe03b77367_639196409756301236.xml,TDTR,Go South Coast,Go South Coast 7531 Inbound,Rushey Platt - Cirencester College,price_band_5.2@ChildSingle,5.2
WDBC_2618_Outbound_AdultSingle_a9f4b9e2-e9ea-4456-80e3-47fe03b77367_639196387257164916.xml,WDBC,Go South Coast,Go South Coast 2618 Outbound,Cooper Dean - Brockenhurst College,price_band_4.5@AdultSingle,4.5
UNIL_4706_Outbound_ChildSingle_f15d1b06-486f-433a-8991-95f1a97a87e0_639196403132074532.xml,UNIL,Go South Coast,Go South Coast 4706 Outbound,NOCS - General Hospital,price_band_1.0@ChildSingle,1.0
WDBC_1643_Inbound_UniIDSingle_a9f4b9e2-e9ea-4456-80e3-47fe03b77367_639196378874130935.xml,WDBC,Go South Coast,Go South Coast 1643 Inbound,Fishermans Walk - Talbot Campus,price_band_2.0@UniIDSingle,2.0
WDBC_6701_Outbound_ChildReturn_a9f4b9e2-e9ea-4456-80e3-47fe03b77367_639196407355147956.xml,WDBC,Go South Coast,Go South Coast 6701 Outbound,Queen Elizabeth's School - Kinson,price_band_4.8@ChildReturn,4.8
WDBC_2633_Inbound_AdultReturn_a9f4b9e2-e9ea-4456-80e3-47fe03b77367_639196387391976789.xml,WDBC,Go South Coast,Go South Coast 2633 Inbound,Wimborne - Brockenhurst College,price_band_4.0@AdultReturn,4.0
TDTR_7011_Inbound_YoungPersonSgl_a9f4b9e2-e9ea-4456-80e3-47fe03b77367_639196408127381355.xml,TDTR,Go South Coast,Go South Coast 7011 Inbound,Taw Hill - Middle Wichel,price_band_1.8@YoungPersonSgl,1.8
DAMY_3183_Inbound_ChildReturn_a9f4b9e2-e9ea-4456-80e3-47fe03b77367_639196393827698517.xml,DAMY,Go South Coast,Go South Coast 3183 Inbound,Blandford - Weymouth,price_band_1.9@ChildReturn,1.9
TDTR_3820_Outbound_AdultReturn_a9f4b9e2-e9ea-4456-80e3-47fe03b77367_639196400552666436.xml,TDTR,Go South Coast,Go South Coast 3820 Outbound,Marlborough - Newbury,price_band_4.1@AdultReturn,4.1
WDBC_1741_Outbound_ChildReturn_a9f4b9e2-e9ea-4456-80e3-47fe03b77367_639196379085427524.xml,WDBC,Go South Coast,Go South Coast 1741 Outbound,Sandbanks Ferry - Parkstone Grammar School,price_band_5.2@ChildReturn,5.2
TDTR_7005_Inbound_AdultSingle_a9f4b9e2-e9ea-4456-80e3-47fe03b77367_639196408085302271.xml,TDTR,Go South Coast,Go South Coast 7005 Inbound,Haydon Wick - Park North,price_band_2.2@AdultSingle,2.2
SVCT_5003_Outbound_AdultSingle_a9f4b9e2-e9ea-4456-80e3-47fe03b77367_639196403727350392.xml,SVCT,Go South Coast,Go South Coast 5003 Outbound,Newport  - Ryde,price_band_3.0@AdultSingle,3.0
WDBC_1837_Inbound_ChildSingle_d46597a9-440e-4c13-b49a-76a3986683d1_639196381906882492.xml,WDBC,Go South Coast,Go South Coast 1837 Inbound,Bournemouth - Bournemouth International Airport,price_band_2.1@ChildSingle,2.1
WDBC_2003_Inbound_ChildSingle_a9f4b9e2-e9ea-4456-80e3-47fe03b77367_639196385695078988.xml,WDBC,Go South Coast,Go South Coast 2003 Inbound,Salisbury - Bournemouth,price_band_2.5@ChildSingle,2.5
WDBC_2906_Outbound_ChildSingle_d46597a9-440e-4c13-b49a-76a3986683d1_639196388617865658.xml,WDBC,Go South Coast,Go South Coast 2906 Outbound,Poole - Ringwood,price_band_2.9@ChildSingle,2.9
WDBC_1806_Outbound_ChildReturn_a9f4b9e2-e9ea-4456-80e3-47fe03b77367_639196379964545373.xml,WDBC,Go South Coast,Go South Coast 1806 Outbound,Bournemouth - Wimborne,price_band_2.8@ChildReturn,2.8
BLUS_4018_Outbound_ChildSingle_eed5e2e8-c472-41af-825e-db09ec887334_639196402188774617.xml,BLUS,Go South Coast,Go South Coast 4018 Outbound,Millbrook - Thornhill,price_band_1.0@ChildSingle,1.0
SWWD_3108_Outbound_ChildSingle_a9f4b9e2-e9ea-4456-80e3-47fe03b77367_639196392478885861.xml,SWWD,Go South Coast,Go South Coast 3108 Outbound,Salisbury - Zouch Estate,price_band_1.9@ChildSingle,1.9
WDBC_1786_Outbound_ChildReturn_a9f4b9e2-e9ea-4456-80e3-47fe03b77367_639196379218850155.xml,WDBC,Go South Coast,Go South Coast 1786 Outbound,Park Gates - Bournemouth School for Girls,price_band_5.4@ChildReturn,5.4
