source_file,operator_ref,operator_name,line_name,line_description,price_id,amount_gbp
WDBC_1837_Inbound_AdultSingle_d46597a9-440e-4c13-b49a-76a3986683d1_639196381887430945.xml,WDBC,Go South Coast,Go South Coast 1837 Inbound,Bournemouth - Bournemouth International Airport,price_band_1.0@AdultSingle,1.0
SVCT_5103_Inbound_AdultSingle_a9f4b9e2-e9ea-4456-80e3-47fe03b77367_639196404820493850.xml,SVCT,Go South Coast,Go South Coast 5103 Inbound,Ryde  - Newport,price_band_3.0@AdultSingle,3.0
WDBC_1060_Outbound_ChildSingle_2f1f0c04-770d-4707-ab06-213c5a798ad7_639196376897039591.xml,WDBC,Go South Coast,Go South Coast 1060 Outbound,Rockley - Sandbanks,price_band_1.0@ChildSingle,1.0
SWWD_3310_Outbound_ChildSingle_a9f4b9e2-e9ea-4456-80e3-47fe03b77367_639196394679555465.xml,SWWD,Go South Coast,Go South Coast 3310 Outbound,City Centre - St Peters Place,price_band_2.3@ChildSingle,2.3
SWWD_3012_Outbound_ChildSingle_a9f4b9e2-e9ea-4456-80e3-47fe03b77367_639196391261818004.xml,SWWD,Go South Coast,Go South Coast 3012 Outbound,Salisbury - Stratford,price_band_2.3@ChildSingle,2.3
WDBC_1170_Inbound_AdultReturn_a9f4b9e2-e9ea-4456-80e3-47fe03b77367_639196378157465562.xml,WDBC,Go South Coast,Go South Coast 1170 Inbound,Rockley Park - Hengistbury Head,price_band_4.5@AdultReturn,4.5
WDBC_8229_Outbound_AdultSingle_a9f4b9e2-e9ea-4456-80e3-47fe03b77367_639196410358482826.xml,WDBC,Go South Coast,Go South Coast 8229 Outbound,Lyndhurst - Ringwood RED,price_band_6.0@AdultSingle,6.0
SWWD_3372_Outbound_ChildReturn_a9f4b9e2-e9ea-4456-80e3-47fe03b77367_639196395811064081.xml,SWWD,Go South Coast,Go South Coast 3372 Outbound,City Centre - Bishopdown,price_band_3.6@ChildReturn,3.6
SWWD_3405_Inbound_ChildSingle_a9f4b9e2-e9ea-4456-80e3-47fe03b77367_639196396540600287.xml,SWWD,Go South Coast,Go South Coast 3405 Inbound,Salisbury - Pewsey,price_band_2.1@ChildSingle,2.1
WDBC_1040_Inbound_AdultSingle_2f1f0c04-770d-4707-ab06-213c5a798ad7_639196374975511293.xml,WDBC,Go South Coast,Go South Coast 1040 Inbound,Swanage - Poole,price_band_1.0@AdultSingle,1.0
SWWD_3108_Outbound_ChildReturn_a9f4b9e2-e9ea-4456-80e3-47fe03b77367_639196392538848351.xml,SWWD,Go South Coast,Go South Coast 3108 Outbound,Salisbury - Zouch Estate,price_band_5.3@ChildReturn,5.3
SVCT_5271_Inbound_ChildSingle_a9f4b9e2-e9ea-4456-80e3-47fe03b77367_639196405655144064.xml,SVCT,Go South Coast,Go South Coast 5271 Inbound,Ryde - Ventnor,price_band_1.8@ChildSingle,1.8
WDBC_1883_Outbound_ChildSingle_a9f4b9e2-e9ea-4456-80e3-47fe03b77367_639196382583495729.xml,WDBC,Go South Coast,Go South Coast 1883 Outbound,Alum Chine - Castlepoint,price_band_2.1@ChildSingle,2.1
WDBC_1053_Outbound_AdultReturn_a9f4b9e2-e9ea-4456-80e3-47fe03b77367_639196376245552313.xml,WDBC,Go South Coast,Go South Coast 1053 Outbound,Bournemouth - Wimborne,price_band_4.2@AdultReturn,4.2
TDTR_7080_Inbound_YoungPersonSgl_a9f4b9e2-e9ea-4456-80e3-47fe03b77367_639196408796693410.xml,TDTR,Go South Coast,Go South Coast 7080 Inbound,Swindon - Marlborough,price_band_3.0@YoungPersonSgl,3.0
WDBC_1788_Inbound_AdultReturn_a9f4b9e2-e9ea-4456-80e3-47fe03b77367_639196379231134024.xml,WDBC,Go South Coast,Go South Coast 1788 Inbound,Walkford - Bournemouth School for Girls,price_band_5.4@AdultReturn,5.4
SWWD_3507_Outbound_AdultReturn_a9f4b9e2-e9ea-4456-80e3-47fe03b77367_639196399050911494.xml,SWWD,Go South Coast,Go South Coast 3507 Outbound,City Centre - Lopcombe Corner,price_band_4.2@AdultReturn,4.2
WDBC_1054_Inbound_ChildSingle_2f1f0c04-770d-4707-ab06-213c5a798ad7_639196376576496022.xml,WDBC,Go South Coast,Go South Coast 1054 Inbound,Poole - Wimborne,price_band_1.8@ChildSingle,1.8
SWWD_3327_Outbound_ChildReturn_a9f4b9e2-e9ea-4456-80e3-47fe03b77367_639196395634987743.xml,SWWD,Go South Coast,Go South Coast 3327 Outbound,Salisbury - Shaftesbury,price_band_6.0@ChildReturn,6.0
TDTR_7080_Outbound_YoungPersonRtn_a9f4b9e2-e9ea-4456-80e3-47fe03b77367_639196408865610342.xml,TDTR,Go South Coast,Go South Coast 7080 Outbound,Swindon - Marlborough,price_band_4.8@YoungPersonRtn,4.8
WDBC_2003_Inbound_ChildSingle_2f1f0c04-770d-4707-ab06-213c5a798ad7_639196385881155247.xml,WDBC,Go South Coast,Go South Coast 2003 Inbound,Salisbury - Bournemouth,price_band_3.0@ChildSingle,3.0
SWWD_3012_Outbound_AdultSingle_a9f4b9e2-e9ea-4456-80e3-47fe03b77367_639196391254555164.xml,SWWD,Go South Coast,Go South Coast 3012 Outbound,Salisbury - Stratford,price_band_3.0@AdultSingle,3.0
SWWD_3326_Inbound_ChildSingle_a9f4b9e2-e9ea-4456-80e3-47fe03b77367_639196395131968093.xml,SWWD,Go South Coast,Go South Coast 3326 Inbound,Salisbury - Hindon,price_band_1.7@ChildSingle,1.7
WDBC_1833_Outbound_AdultReturn_a9f4b9e2-e9ea-4456-80e3-47fe03b77367_639196381680902456.xml,WDBC,Go South Coast,Go South Coast 1833 Outbound,Alum Chine - Castlepoint,price_band_4.2@AdultReturn,4.2
WDBC_6903_Inbound_ChildReturn_a9f4b9e2-e9ea-4456-80e3-47fe03b77367_639196407501779126.xml,WDBC,Go South Coast,Go South Coast 6903 Inbound,Swanage - Lulworth,price_band_6.0@ChildReturn,6.0
BLUS_2627_Outbound_AdultReturn_a9f4b9e2-e9ea-4456-80e3-47fe03b77367_639196387379983018.xml,BLUS,Go South Coast,Go South Coast 2627 Outbound,Totton - Marchwood,price_band_4.2@AdultReturn,4.2
WDBC_1903_Inbound_AdultSingle_d46597a9-440e-4c13-b49a-76a3986683d1_639196383234882725.xml,WDBC,Go South Coast,Go South Coast 1903 Inbound,Poole - Wimborne,price_band_1.0@AdultSingle,1.0
TDTR_7080_Outbound_YoungPersonSgl_a9f4b9e2-e9ea-4456-80e3-47fe03b77367_639196408849535299.xml,TDTR,Go South Coast,Go South Coast 7080 Outbound,Swindon - Marlborough,price_band_2.4@YoungPersonSgl,2.4
WDBC_2953_Inbound_ChildSingle_a9f4b9e2-e9ea-4456-80e3-47fe03b77367_639196388808872945.xml,WDBC,Go South Coast,Go South Coast 2953 Inbound,Salisbury - Ringwood,price_band_2.5@ChildSingle,2.5
SWWD_3819_Outbound_ChildSingle_a9f4b9e2-e9ea-4456-80e3-47fe03b77367_639196400533512591.xml,SWWD,Go South Coast,Go South Coast 3819 Outbound,Marlborough - Burbage,price_band_1.5@ChildSingle,1.5
WDBC_6943_Outbound_AdultReturn_a9f4b9e2-e9ea-4456-80e3-47fe03b77367_639196408030521027.xml,WDBC,Go South Coast,Go South Coast 6943 Outbound,Lulworth - Weymouth,price_band_5.7@AdultReturn,5.7
WDBC_6943_Outbound_ChildReturn_a9f4b9e2-e9ea-4456-80e3-47fe03b77367_639196408041685500.xml,WDBC,Go South Coast,Go South Coast 6943 Outbound,Lulworth - Weymouth,price_band_4.1@ChildReturn,4.1
SWWD_3684_Outbound_ChildReturn_a9f4b9e2-e9ea-4456-80e3-47fe03b77367_639196400296909605.xml,SWWD,Go South Coast,Go South Coast 3684 Outbound,Coombe Bissett - Burgate,price_band_4.3@ChildReturn,4.3
WDBC_2001_Inbound_ChildSingle_a9f4b9e2-e9ea-4456-80e3-47fe03b77367_639196384385006027.xml,WDBC,Go South Coast,Go South Coast 2001 Inbound,Bournemouth - Lymington,price_band_2.8@ChildSingle,2.8
WDBC_1804_Outbound_ChildReturn_a9f4b9e2-e9ea-4456-80e3-47fe03b77367_639196379722214050.xml,WDBC,Go South Coast,Go South Coast 1804 Outbound,Bournemouth - Castlepoint,price_band_2.8@ChildReturn,2.8
WDBC_1801_Inbound_AdultReturn_a9f4b9e2-e9ea-4456-80e3-47fe03b77367_639196379426825397.xml,WDBC,Go South Coast,Go South Coast 1801 Inbound,Bournemouth - Christchurch,price_band_4.5@AdultReturn,4.5
UNIL_4701_Outbound_AdultSingle_f15d1b06-486f-433a-8991-95f1a97a87e0_639196403074038905.xml,UNIL,Go South Coast,Go South Coast 4701 Outbound,NOCS - Airport,price_band_1.0@AdultSingle,1.0
WDBC_1789_Outbound_ChildReturn_a9f4b9e2-e9ea-4456-80e3-47fe03b77367_639196379399568118.xml,WDBC,Go South Coast,Go South Coast 1789 Outbound,Bournemouth School for Girls - Lymington,price_band_5.9@ChildReturn,5.9
WDBC_6672_Outbound_AdultSingle_a9f4b9e2-e9ea-4456-80e3-47fe03b77367_639196407269318592.xml,WDBC,Go South Coast,Go South Coast 6672 Outbound,Albert Road - Bloxworth,price_band_2.8@AdultSingle,2.8
WDBC_1017_Inbound_AdultSingle_a9f4b9e2-e9ea-4456-80e3-47fe03b77367_639196372599574249.xml,WDBC,Go South Coast,Go South Coast 1017 Inbound,Poole - Bournemouth,price_band_2.8@AdultSingle,2.8
WDBC_1052_Outbound_ChildReturn_a9f4b9e2-e9ea-4456-80e3-47fe03b77367_639196375919604408.xml,WDBC,Go South Coast,Go South Coast 1052 Outbound,Rockley - Sandbanks,price_band_3.7@ChildReturn,3.7
BLUS_4005_Outbound_AdultSingle_f15d1b06-486f-433a-8991-95f1a97a87e0_639196401249897344.xml,BLUS,Go South Coast,Go South Coast 4005 Outbound,Boyatt Wood - Romsey,price_band_1.0@AdultSingle,1.0
WDBC_6943_Inbound_ChildReturn_a9f4b9e2-e9ea-4456-80e3-47fe03b77367_639196407994428424.xml,WDBC,Go South Coast,Go South Coast 6943 Inbound,Lulworth - Weymouth,price_band_5.1@ChildReturn,5.1
SWWD_3507_Inbound_ChildReturn_a9f4b9e2-e9ea-4456-80e3-47fe03b77367_639196399040200329.xml,SWWD,Go South Coast,Go South Coast 3507 Inbound,City Centre - Lopcombe Corner,price_band_2.5@ChildReturn,2.5
WDBC_1017_Outbound_AdultSingle_a9f4b9e2-e9ea-4456-80e3-47fe03b77367_639196372920461949.xml,WDBC,Go South Coast,Go South Coast 1017 Outbound,Poole - Bournemouth,price_band_3.0@AdultSingle,3.0
WDBC_2775_Inbound_AdultSingle_a9f4b9e2-e9ea-4456-80e3-47fe03b77367_639196387490462178.xml,WDBC,Go South Coast,Go South Coast 2775 Inbound,Milford on Sea - Priestlands School,price_band_2.5@AdultSingle,2.5
WDBC_1836_Outbound_AdultSingle_a9f4b9e2-e9ea-4456-80e3-47fe03b77367_639196381799121304.xml,WDBC,Go South Coast,Go South Coast 1836 Outbound,Talbot View - Kinson,price_band_2.8@AdultSingle,2.8
WDBC_1040_Outbound_ChildSingle_2f1f0c04-770d-4707-ab06-213c5a798ad7_639196375405128204.xml,WDBC,Go South Coast,Go South Coast 1040 Outbound,Swanage - Poole,price_band_3.0@ChildSingle,3.0
DAMY_6487_Inbound_AdultSingle_a9f4b9e2-e9ea-4456-80e3-47fe03b77367_639196407072227688.xml,DAMY,Go South Coast,Go South Coast 6487 Inbound,Blandford - Dorchester,price_band_2.5@AdultSingle,2.5
WDBC_6701_Inbound_ChildSingle_a9f4b9e2-e9ea-4456-80e3-47fe03b77367_639196407349622813.xml,WDBC,Go South Coast,Go South Coast 6701 Inbound,Queen Elizabeth's School - Kinson,price_band_3.1@ChildSingle,3.1
WDBC_6418_Inbound_ChildSingle_a9f4b9e2-e9ea-4456-80e3-47fe03b77367_639196406709584634.xml,WDBC,Go South Coast,Go South Coast 6418 Inbound,Sandbanks Ferry - Poole Grammar School,price_band_3.4@ChildSingle,3.4
TDTR_7148_Inbound_ChildSingle_a9f4b9e2-e9ea-4456-80e3-47fe03b77367_639196409147058480.xml,TDTR,Go South Coast,Go South Coast 7148 Inbound,Swindon - Marlborough,price_band_1.5@ChildSingle,1.5
SWWD_3327_Outbound_ChildReturn_a9f4b9e2-e9ea-4456-80e3-47fe03b77367_639196395634987743.xml,SWWD,Go South Coast,Go South Coast 3327 Outbound,Salisbury - Shaftesbury,price_band_4.5@ChildReturn,4.5
SWWD_3513_Outbound_AdultReturn_a9f4b9e2-e9ea-4456-80e3-47fe03b77367_639196399249284376.xml,SWWD,Go South Coast,Go South Coast 3513 Outbound,Blue Boar Row - Bulbridge Chantry Road,price_band_4.5@AdultReturn,4.5
WDBC_1951_Inbound_ChildSingle_a9f4b9e2-e9ea-4456-80e3-47fe03b77367_639196384120568027.xml,WDBC,Go South Coast,Go South Coast 1951 Inbound,Bournemouth - Sandbanks,price_band_2.5@ChildSingle,2.5
WDBC_3882_Outbound_ChildReturn_a9f4b9e2-e9ea-4456-80e3-47fe03b77367_639196400664305477.xml,WDBC,Go South Coast,Go South Coast 3882 Outbound,Stratford Road Grammar School - Burgate School,price_band_3.6@ChildReturn,3.6
SWWD_3102_Inbound_ChildReturn_a9f4b9e2-e9ea-4456-80e3-47fe03b77367_639196392142959391.xml,SWWD,Go South Coast,Go South Coast 3102 Inbound,Salisbury - Devizes,price_band_2.7@ChildReturn,2.7
SWWD_3881_Inbound_ChildReturn_a9f4b9e2-e9ea-4456-80e3-47fe03b77367_639196400588231467.xml,SWWD,Go South Coast,Go South Coast 3881 Inbound,Wilton Road  - Burgate School,price_band_3.9@ChildReturn,3.9
WDBC_1951_Outbound_ChildSingle_a9f4b9e2-e9ea-4456-80e3-47fe03b77367_639196384206150700.xml,WDBC,Go South Coast,Go South Coast 1951 Outbound,Bournemouth - Sandbanks,price_band_2.5@ChildSingle,2.5
BLUS_4006_Inbound_AdultSingle_f15d1b06-486f-433a-8991-95f1a97a87e0_639196401268233250.xml,BLUS,Go South Coast,Go South Coast 4006 Inbound,Southampton - Townhill Park,price_band_1.0@AdultSingle,1.0
WDBC_1114_Outbound_ChildSingle_d46597a9-440e-4c13-b49a-76a3986683d1_639196378046505261.xml,WDBC,Go South Coast,Go South Coast 1114 Outbound,Poole - RB Hospital,price_band_1.0@ChildSingle,1.0
WDBC_1818_Inbound_ChildReturn_a9f4b9e2-e9ea-4456-80e3-47fe03b77367_639196380196017237.xml,WDBC,Go South Coast,Go South Coast 1818 Inbound,Bournemouth - Broadstone,price_band_2.8@ChildReturn,2.8
WDBC_1053_Inbound_ChildSingle_d46597a9-440e-4c13-b49a-76a3986683d1_639196376215004487.xml,WDBC,Go South Coast,Go South Coast 1053 Inbound,Bournemouth - Wimborne,price_band_1.9@ChildSingle,1.9
SWWD_3886_Outbound_AdultReturn_a9f4b9e2-e9ea-4456-80e3-47fe03b77367_639196400901643893.xml,SWWD,Go South Coast,Go South Coast 3886 Outbound,St Peters Place  - Burgate School,price_band_4.2@AdultReturn,4.2
SWWD_3138_Outbound_AdultReturn_a9f4b9e2-e9ea-4456-80e3-47fe03b77367_639196393558968819.xml,SWWD,Go South Coast,Go South Coast 3138 Outbound,West Dean  - Laverstock & Grammar,price_band_4.5@AdultReturn,4.5
SWWD_3509_Inbound_AdultSingle_a9f4b9e2-e9ea-4456-80e3-47fe03b77367_639196399065604272.xml,SWWD,Go South Coast,Go South Coast 3509 Inbound,Milford Street - New Canal,price_band_2.3@AdultSingle,2.3
WDBC_6943_Inbound_ChildReturn_a9f4b9e2-e9ea-4456-80e3-47fe03b77367_639196407994428424.xml,WDBC,Go South Coast,Go South Coast 6943 Inbound,Lulworth - Weymouth,price_band_2.9@ChildReturn,2.9
DAMY_6180_Outbound_AdultSingle_a9f4b9e2-e9ea-4456-80e3-47fe03b77367_639196406388916358.xml,DAMY,Go South Coast,Go South Coast 6180 Outbound,Centre Blandford - Steam Fair Site,price_band_3.0@AdultSingle,3.0
WDBC_1105_Outbound_AdultSingle_d46597a9-440e-4c13-b49a-76a3986683d1_639196377276104774.xml,WDBC,Go South Coast,Go South Coast 1105 Outbound,Poole - Tower Park,price_band_1.0@AdultSingle,1.0
WDBC_1643_Inbound_UniIDSingle_d46597a9-440e-4c13-b49a-76a3986683d1_639196378883302047.xml,WDBC,Go South Coast,Go South Coast 1643 Inbound,Fishermans Walk - Talbot Campus,price_band_1.0@UniIDSingle,1.0
SWWD_3008_Outbound_ChildReturn_a9f4b9e2-e9ea-4456-80e3-47fe03b77367_639196391010248148.xml,SWWD,Go South Coast,Go South Coast 3008 Outbound,Salisbury - Zouch Estate,price_band_4.0@ChildReturn,4.0
SWWD_3326_Outbound_AdultSingle_a9f4b9e2-e9ea-4456-80e3-47fe03b77367_639196395258781588.xml,SWWD,Go South Coast,Go South Coast 3326 Outbound,Salisbury - Hindon,price_band_2.3@AdultSingle,2.3
TDTR_7076_Inbound_AdultSingle_a9f4b9e2-e9ea-4456-80e3-47fe03b77367_639196408721773337.xml,TDTR,Go South Coast,Go South Coast 7076 Inbound,Marlborough - Bath,price_band_1.5@AdultSingle,1.5
WDBC_6943_Inbound_AdultReturn_a9f4b9e2-e9ea-4456-80e3-47fe03b77367_639196407951881567.xml,WDBC,Go South Coast,Go South Coast 6943 Inbound,Lulworth - Weymouth,price_band_5.1@AdultReturn,5.1
BLUS_4016_Inbound_AdultSingle_a9f4b9e2-e9ea-4456-80e3-47fe03b77367_639196401977618668.xml,BLUS,Go South Coast,Go South Coast 4016 Inbound,Southampton - Townhill Park,price_band_2.6@AdultSingle,2.6
SWWD_3883_Inbound_AdultReturn_a9f4b9e2-e9ea-4456-80e3-47fe03b77367_639196400675487921.xml,SWWD,Go South Coast,Go South Coast 3883 Inbound,Bishopdown Farm  - Burgate School,price_band_4.2@AdultReturn,4.2
BLUS_4805_Inbound_ChildSingle_a9f4b9e2-e9ea-4456-80e3-47fe03b77367_639196403379160465.xml,BLUS,Go South Coast,Go South Coast 4805 Inbound,Boyatt Wood - Shootash,price_band_3.0@ChildSingle,3.0
WDBC_1054_Outbound_ChildSingle_d46597a9-440e-4c13-b49a-76a3986683d1_639196376739744176.xml,WDBC,Go South Coast,Go South Coast 1054 Outbound,Poole - Wimborne,price_band_3.0@ChildSingle,3.0
WDBC_1786_Inbound_ChildReturn_a9f4b9e2-e9ea-4456-80e3-47fe03b77367_639196379198187275.xml,WDBC,Go South Coast,Go South Coast 1786 Inbound,Park Gates - Bournemouth School for Girls,price_band_3.2@ChildReturn,3.2
WDBC_6448_Outbound_AdultSingle_a9f4b9e2-e9ea-4456-80e3-47fe03b77367_639196406867347602.xml,WDBC,Go South Coast,Go South Coast 6448 Outbound,Furnell Road - Parkstone Grammar,price_band_2.9@AdultSingle,2.9
WDBC_6416_Outbound_ChildReturn_a9f4b9e2-e9ea-4456-80e3-47fe03b77367_639196406650542511.xml,WDBC,Go South Coast,Go South Coast 6416 Outbound,Penn Hill Avenue  - Poole Grammar School,price_band_2.7@ChildReturn,2.7
SVCT_5032_Outbound_ChildSingle_a9f4b9e2-e9ea-4456-80e3-47fe03b77367_639196404422793680.xml,SVCT,Go South Coast,Go South Coast 5032 Outbound,Cowes - Community Route 32,price_band_1.8@ChildSingle,1.8
WDBC_1643_Inbound_AdultSingle_2f1f0c04-770d-4707-ab06-213c5a798ad7_639196378886129711.xml,WDBC,Go South Coast,Go South Coast 1643 Inbound,Fishermans Walk - Talbot Campus,price_band_1.0@AdultSingle,1.0
WDBC_1054_Inbound_ChildSingle_2f1f0c04-770d-4707-ab06-213c5a798ad7_639196376576496022.xml,WDBC,Go South Coast,Go South Coast 1054 Inbound,Poole - Wimborne,price_band_1.0@ChildSingle,1.0
UNIL_4702_Outbound_ChildSingle_a9f4b9e2-e9ea-4456-80e3-47fe03b77367_639196403092438736.xml,UNIL,Go South Coast,Go South Coast 4702 Outbound,Mayflower Halls - Bassett Green,price_band_2.0@ChildSingle,2.0
WDBC_6418_Outbound_AdultSingle_a9f4b9e2-e9ea-4456-80e3-47fe03b77367_639196406735669010.xml,WDBC,Go South Coast,Go South Coast 6418 Outbound,Sandbanks Ferry - Poole Grammar School,price_band_3.2@AdultSingle,3.2
SWWD_3509_Inbound_ChildSingle_a9f4b9e2-e9ea-4456-80e3-47fe03b77367_639196399071375891.xml,SWWD,Go South Coast,Go South Coast 3509 Inbound,Milford Street - New Canal,price_band_2.3@ChildSingle,2.3
SWWD_3303_Inbound_AdultSingle_a9f4b9e2-e9ea-4456-80e3-47fe03b77367_639196394387477725.xml,SWWD,Go South Coast,Go South Coast 3303 Inbound,City Centre - Ditchampton,price_band_2.3@AdultSingle,2.3
WDBC_1021_Outbound_AdultSingle_a9f4b9e2-e9ea-4456-80e3-47fe03b77367_639196374149013282.xml,WDBC,Go South Coast,Go South Coast 1021 Outbound,Bournemouth - High Howe,price_band_2.3@AdultSingle,2.3
BLUS_4024_Inbound_AdultReturn_a9f4b9e2-e9ea-4456-80e3-47fe03b77367_639196402445638378.xml,BLUS,Go South Coast,Go South Coast 4024 Inbound,Eastleigh - Hedge End,price_band_4.2@AdultReturn,4.2
WDBC_1005_Inbound_AdultSingle_2f1f0c04-770d-4707-ab06-213c5a798ad7_639196370549020646.xml,WDBC,Go South Coast,Go South Coast 1005 Inbound,Poole - Tower Park,price_band_1.0@AdultSingle,1.0
SWWD_3667_Inbound_ChildReturn_a9f4b9e2-e9ea-4456-80e3-47fe03b77367_639196400060740417.xml,SWWD,Go South Coast,Go South Coast 3667 Inbound,Wilton & Barford Primary Sch  - Fugglestone,price_band_2.0@ChildReturn,2.0
TDTR_3620_Inbound_YoungPersonSgl_a9f4b9e2-e9ea-4456-80e3-47fe03b77367_639196399608178223.xml,TDTR,Go South Coast,Go South Coast 3620 Inbound,Hungerford Priory  - St Johns Sch,price_band_3.3@YoungPersonSgl,3.3
SWWD_3407_Inbound_ChildReturn_a9f4b9e2-e9ea-4456-80e3-47fe03b77367_639196397082357240.xml,SWWD,Go South Coast,Go South Coast 3407 Inbound,Salisbury - Southampton,price_band_6.0@ChildReturn,6.0
WDBC_2620_Outbound_AdultReturn_a9f4b9e2-e9ea-4456-80e3-47fe03b77367_639196387347166763.xml,WDBC,Go South Coast,Go South Coast 2620 Outbound,Thorney Hill - Brockenhurst College,price_band_7.9@AdultReturn,7.9
WDBC_1802_Outbound_ChildSingle_a9f4b9e2-e9ea-4456-80e3-47fe03b77367_639196379618433909.xml,WDBC,Go South Coast,Go South Coast 1802 Outbound,Bournemouth - Castlepoint,price_band_2.3@ChildSingle,2.3
DAMY_6920_Outbound_AdultSingle_a9f4b9e2-e9ea-4456-80e3-47fe03b77367_639196407782557059.xml,DAMY,Go South Coast,Go South Coast 6920 Outbound,Salisbury - Steam Fair,price_band_2.7@AdultSingle,2.7
DAMY_6920_Outbound_ChildReturn_a9f4b9e2-e9ea-4456-80e3-47fe03b77367_639196407818029503.xml,DAMY,Go South Coast,Go South Coast 6920 Outbound,Salisbury - Steam Fair,price_band_6.0@ChildReturn,6.0
SWWD_3525_Inbound_AdultSingle_a9f4b9e2-e9ea-4456-80e3-47fe03b77367_639196399480999521.xml,SWWD,Go South Coast,Go South Coast 3525 Inbound,City Centre - Petersfinger Park & Ride,price_band_3.0@AdultSingle,3.0
WDBC_6418_Outbound_AdultReturn_a9f4b9e2-e9ea-4456-80e3-47fe03b77367_639196406722279593.xml,WDBC,Go South Coast,Go South Coast 6418 Outbound,Sandbanks Ferry - Poole Grammar School,price_band_3.8@AdultReturn,3.8
SWWD_3651_Outbound_ChildSingle_a9f4b9e2-e9ea-4456-80e3-47fe03b77367_639196400007001362.xml,SWWD,Go South Coast,Go South Coast 3651 Outbound,Avon Valley College - Sling,price_band_2.2@ChildSingle,2.2
SWWD_3677_Outbound_AdultSingle_a9f4b9e2-e9ea-4456-80e3-47fe03b77367_639196400188163058.xml,SWWD,Go South Coast,Go South Coast 3677 Outbound,Stratford Road Grammar School - West Wellow,price_band_3.0@AdultSingle,3.0
BLUS_4019_Inbound_AdultSingle_a9f4b9e2-e9ea-4456-80e3-47fe03b77367_639196402200796885.xml,BLUS,Go South Coast,Go South Coast 4019 Inbound,Thornhill - Lordshill,price_band_2.6@AdultSingle,2.6
BLUS_4022_Inbound_ChildSingle_eed5e2e8-c472-41af-825e-db09ec887334_639196402395582125.xml,BLUS,Go South Coast,Go South Coast 4022 Inbound,Southampton - Shirley,price_band_1.0@ChildSingle,1.0
BLUS_4018_Outbound_ChildSingle_f15d1b06-486f-433a-8991-95f1a97a87e0_639196402185306728.xml,BLUS,Go South Coast,Go South Coast 4018 Outbound,Millbrook - Thornhill,price_band_1.0@ChildSingle,1.0
SWWD_3266_Inbound_ChildReturn_a9f4b9e2-e9ea-4456-80e3-47fe03b77367_639196394144115453.xml,SWWD,Go South Coast,Go South Coast 3266 Inbound,South Wilts Grammar School - Idmiston,price_band_2.5@ChildReturn,2.5
DAMY_6505_Outbound_AdultReturn_a9f4b9e2-e9ea-4456-80e3-47fe03b77367_639196407214953151.xml,DAMY,Go South Coast,Go South Coast 6505 Outbound,Weymouth - Dorchester,price_band_6.0@AdultReturn,6.0
WDBC_2775_Inbound_AdultSingle_a9f4b9e2-e9ea-4456-80e3-47fe03b77367_639196387490462178.xml,WDBC,Go South Coast,Go South Coast 2775 Inbound,Milford on Sea - Priestlands School,price_band_3.0@AdultSingle,3.0
SWWD_3675_Inbound_AdultSingle_a9f4b9e2-e9ea-4456-80e3-47fe03b77367_639196400080226521.xml,SWWD,Go South Coast,Go South Coast 3675 Inbound,Castle Road - Amesbury,price_band_2.1@AdultSingle,2.1
WDBC_1837_Inbound_AdultReturn_a9f4b9e2-e9ea-4456-80e3-47fe03b77367_639196381847145371.xml,WDBC,Go South Coast,Go South Coast 1837 Inbound,Bournemouth - Bournemouth International Airport,price_band_5.5@AdultReturn,5.5
DAMY_6487_Inbound_ChildReturn_a9f4b9e2-e9ea-4456-80e3-47fe03b77367_639196407097431280.xml,DAMY,Go South Coast,Go South Coast 6487 Inbound,Blandford - Dorchester,price_band_4.1@ChildReturn,4.1
WDBC_1015_Inbound_ChildSingle_a9f4b9e2-e9ea-4456-80e3-47fe03b77367_639196371729607266.xml,WDBC,Go South Coast,Go South Coast 1015 Inbound,Poole - Bournemouth Hospital,price_band_2.8@ChildSingle,2.8
SWWD_3495_Inbound_ChildSingle_a9f4b9e2-e9ea-4456-80e3-47fe03b77367_639196398911751806.xml,SWWD,Go South Coast,Go South Coast 3495 Inbound,Swindon - Pewsey,price_band_3.0@ChildSingle,3.0
WDBC_6047_Inbound_ChildReturn_a9f4b9e2-e9ea-4456-80e3-47fe03b77367_639196406336174687.xml,WDBC,Go South Coast,Go South Coast 6047 Inbound,Ringwood Road - Parkstone Grammar School,price_band_3.8@ChildReturn,3.8
SWWD_3977_Inbound_ChildReturn_a9f4b9e2-e9ea-4456-80e3-47fe03b77367_639196400916579664.xml,SWWD,Go South Coast,Go South Coast 3977 Inbound,Victoria Park - Laverstock Schools,price_band_2.6@ChildReturn,2.6
SWWD_3307_Inbound_AdultSingle_a9f4b9e2-e9ea-4456-80e3-47fe03b77367_639196394568283530.xml,SWWD,Go South Coast,Go South Coast 3307 Inbound,City Centre - Bishopdown Farm,price_band_3.0@AdultSingle,3.0
WDBC_1801_Outbound_AdultSingle_a9f4b9e2-e9ea-4456-80e3-47fe03b77367_639196379491974291.xml,WDBC,Go South Coast,Go South Coast 1801 Outbound,Bournemouth - Christchurch,price_band_2.6@AdultSingle,2.6
BLUS_4815_Outbound_ChildSingle_f15d1b06-486f-433a-8991-95f1a97a87e0_639196403548632163.xml,BLUS,Go South Coast,Go South Coast 4815 Outbound,Boyatt Wood - Eastleigh,price_band_1.0@ChildSingle,1.0
BLUS_4022_Outbound_AdultSingle_a9f4b9e2-e9ea-4456-80e3-47fe03b77367_639196402400604088.xml,BLUS,Go South Coast,Go South Coast 4022 Outbound,Southampton - Shirley,price_band_2.6@AdultSingle,2.6
SWWD_3402_Inbound_ChildSingle_a9f4b9e2-e9ea-4456-80e3-47fe03b77367_639196395840858699.xml,SWWD,Go South Coast,Go South Coast 3402 Inbound,Salisbury - Devizes,price_band_3.0@ChildSingle,3.0
WDBC_6673_Outbound_AdultSingle_a9f4b9e2-e9ea-4456-80e3-47fe03b77367_639196407302650768.xml,WDBC,Go South Coast,Go South Coast 6673 Outbound,Albert Road - Tower Park,price_band_2.3@AdultSingle,2.3
WDBC_2003_Outbound_ChildSingle_d46597a9-440e-4c13-b49a-76a3986683d1_639196386208147458.xml,WDBC,Go South Coast,Go South Coast 2003 Outbound,Salisbury - Bournemouth,price_band_2.5@ChildSingle,2.5
SWWD_3308_Outbound_AdultReturn_a9f4b9e2-e9ea-4456-80e3-47fe03b77367_639196394626338918.xml,SWWD,Go South Coast,Go South Coast 3308 Outbound,Blue Boar Row - Ditchampton,price_band_5.7@AdultReturn,5.7
WDBC_1053_Outbound_ChildSingle_d46597a9-440e-4c13-b49a-76a3986683d1_639196376449410194.xml,WDBC,Go South Coast,Go South Coast 1053 Outbound,Bournemouth - Wimborne,price_band_2.8@ChildSingle,2.8
TDTR_7140_Outbound_ChildSingle_a9f4b9e2-e9ea-4456-80e3-47fe03b77367_639196408997514305.xml,TDTR,Go South Coast,Go South Coast 7140 Outbound,Calne - Calne Tesco,price_band_0.7@ChildSingle,0.7
SWWD_3310_Inbound_AdultReturn_a9f4b9e2-e9ea-4456-80e3-47fe03b77367_639196394651453757.xml,SWWD,Go South Coast,Go South Coast 3310 Inbound,City Centre - St Peters Place,price_band_4.5@AdultReturn,4.5
WDBC_2775_Outbound_ChildReturn_a9f4b9e2-e9ea-4456-80e3-47fe03b77367_639196387505370179.xml,WDBC,Go South Coast,Go South Coast 2775 Outbound,Milford on Sea - Priestlands School,price_band_4.6@ChildReturn,4.6
WDBC_1050_Inbound_AdultSingle_2f1f0c04-770d-4707-ab06-213c5a798ad7_639196375551311138.xml,WDBC,Go South Coast,Go South Coast 1050 Inbound,Bournemouth Station - Swanage,price_band_3.0@AdultSingle,3.0
TDTR_7546_Inbound_AdultSingle_a9f4b9e2-e9ea-4456-80e3-47fe03b77367_639196410031020695.xml,TDTR,Go South Coast,Go South Coast 7546 Inbound,Shrivenham - Cirencester College,price_band_5.2@AdultSingle,5.2
WDBC_1053_Outbound_ChildSingle_d46597a9-440e-4c13-b49a-76a3986683d1_639196376449410194.xml,WDBC,Go South Coast,Go South Coast 1053 Outbound,Bournemouth - Wimborne,price_band_2.2@ChildSingle,2.2
WDBC_6943_Inbound_AdultSingle_a9f4b9e2-e9ea-4456-80e3-47fe03b77367_639196407859927538.xml,WDBC,Go South Coast,Go South Coast 6943 Inbound,Lulworth - Weymouth,price_band_2.3@AdultSingle,2.3
WDBC_1013_Outbound_ChildSingle_2f1f0c04-770d-4707-ab06-213c5a798ad7_639196371605999149.xml,WDBC,Go South Coast,Go South Coast 1013 Outbound,Bournemouth - Wimborne,price_band_2.2@ChildSingle,2.2
WDBC_1903_Outbound_ChildSingle_d46597a9-440e-4c13-b49a-76a3986683d1_639196383413417697.xml,WDBC,Go South Coast,Go South Coast 1903 Outbound,Poole - Wimborne,price_band_3.0@ChildSingle,3.0
SWWD_7201_Outbound_AdultReturn_a9f4b9e2-e9ea-4456-80e3-47fe03b77367_639196409656757382.xml,SWWD,Go South Coast,Go South Coast 7201 Outbound,Figheldean - Salisbury,price_band_4.9@AdultReturn,4.9
WDBC_1032_Inbound_ChildSingle_a9f4b9e2-e9ea-4456-80e3-47fe03b77367_639196374382108166.xml,WDBC,Go South Coast,Go South Coast 1032 Inbound,Poole - Bournemouth,price_band_2.2@ChildSingle,2.2
BLUS_4024_Outbound_AdultSingle_a9f4b9e2-e9ea-4456-80e3-47fe03b77367_639196402466260867.xml,BLUS,Go South Coast,Go South Coast 4024 Outbound,Eastleigh - Hedge End,price_band_3.0@AdultSingle,3.0
TDTR_7046_Inbound_ChildSingle_a9f4b9e2-e9ea-4456-80e3-47fe03b77367_639196408405590139.xml,TDTR,Go South Coast,Go South Coast 7046 Inbound,Swindon - Hungerford,price_band_1.0@ChildSingle,1.0
WDBC_2956_Outbound_ChildSingle_2f1f0c04-770d-4707-ab06-213c5a798ad7_639196390079407062.xml,WDBC,Go South Coast,Go South Coast 2956 Outbound,Ringwood - Bournemouth,price_band_1.9@ChildSingle,1.9
WDBC_1415_Outbound_AdultSingle_a9f4b9e2-e9ea-4456-80e3-47fe03b77367_639196378722185776.xml,WDBC,Go South Coast,Go South Coast 1415 Outbound,Poole High - Canford Heath,price_band_3.0@AdultSingle,3.0
SWWD_3137_Outbound_ChildReturn_a9f4b9e2-e9ea-4456-80e3-47fe03b77367_639196393481415769.xml,SWWD,Go South Coast,Go South Coast 3137 Outbound,Salisbury - West Dean,price_band_3.6@ChildReturn,3.6
TDTR_7042_Inbound_ChildSingle_a9f4b9e2-e9ea-4456-80e3-47fe03b77367_639196408272961852.xml,TDTR,Go South Coast,Go South Coast 7042 Inbound,Calne - St John's School,price_band_2.0@ChildSingle,2.0
WDBC_1003_Inbound_AdultReturn_a9f4b9e2-e9ea-4456-80e3-47fe03b77367_639196370367861697.xml,WDBC,Go South Coast,Go South Coast 1003 Inbound,Poole - Wimborne,price_band_5.1@AdultReturn,5.1
WDBC_6903_Inbound_AdultSingle_a9f4b9e2-e9ea-4456-80e3-47fe03b77367_639196407451450777.xml,WDBC,Go South Coast,Go South Coast 6903 Inbound,Swanage - Lulworth,price_band_3.0@AdultSingle,3.0
WDBC_1821_Outbound_AdultSingle_2f1f0c04-770d-4707-ab06-213c5a798ad7_639196381080318561.xml,WDBC,Go South Coast,Go South Coast 1821 Outbound,Bournemouth - Burton,price_band_1.0@AdultSingle,1.0
WDBC_1020_Inbound_ChildReturn_a9f4b9e2-e9ea-4456-80e3-47fe03b77367_639196373360407510.xml,WDBC,Go South Coast,Go South Coast 1020 Inbound,Poole - Christchurch,price_band_3.2@ChildReturn,3.2
WDBC_1015_Outbound_ChildSingle_a9f4b9e2-e9ea-4456-80e3-47fe03b77367_639196371920220477.xml,WDBC,Go South Coast,Go South Coast 1015 Outbound,Poole - Bournemouth Hospital,price_band_1.9@ChildSingle,1.9
BLUS_4019_Outbound_ChildReturn_a9f4b9e2-e9ea-4456-80e3-47fe03b77367_639196402258062384.xml,BLUS,Go South Coast,Go South Coast 4019 Outbound,Thornhill - Lordshill,price_band_2.6@ChildReturn,2.6
WDBC_1020_Outbound_AdultSingle_d46597a9-440e-4c13-b49a-76a3986683d1_639196373925231103.xml,WDBC,Go South Coast,Go South Coast 1020 Outbound,Poole - Christchurch,price_band_1.0@AdultSingle,1.0
BLUS_2627_Inbound_AdultReturn_a9f4b9e2-e9ea-4456-80e3-47fe03b77367_639196387375365629.xml,BLUS,Go South Coast,Go South Coast 2627 Inbound,Totton - Marchwood,price_band_4.3@AdultReturn,4.3
TDTR_7176_Outbound_YoungPersonRtn_a9f4b9e2-e9ea-4456-80e3-47fe03b77367_639196409401708869.xml,TDTR,Go South Coast,Go South Coast 7176 Outbound,Calne - Bath,price_band_2.8@YoungPersonRtn,2.8
SWWD_3138_Outbound_AdultReturn_a9f4b9e2-e9ea-4456-80e3-47fe03b77367_639196393558968819.xml,SWWD,Go South Coast,Go South Coast 3138 Outbound,West Dean  - Laverstock & Grammar,price_band_4.2@AdultReturn,4.2
SWWD_2615_Outbound_AdultSingle_a9f4b9e2-e9ea-4456-80e3-47fe03b77367_639196387187302723.xml,SWWD,Go South Coast,Go South Coast 2615 Outbound,Salisbury  - Brockenhurst College,price_band_2.0@AdultSingle,2.0
SWWD_3404_Outbound_ChildSingle_a9f4b9e2-e9ea-4456-80e3-47fe03b77367_639196396341061238.xml,SWWD,Go South Coast,Go South Coast 3404 Outbound,Salisbury - Larkhill,price_band_1.9@ChildSingle,1.9
WDBC_1040_Outbound_ChildSingle_2f1f0c04-770d-4707-ab06-213c5a798ad7_639196375405128204.xml,WDBC,Go South Coast,Go South Coast 1040 Outbound,Swanage - Poole,price_band_2.5@ChildSingle,2.5
SVCT_8505_Outbound_AdultSingle_a9f4b9e2-e9ea-4456-80e3-47fe03b77367_639196410702305794.xml,SVCT,Go South Coast,Go South Coast 8505 Outbound,Shanklin - Shuttle,price_band_5.5@AdultSingle,5.5
SVCT_8511_Inbound_ChildSingle_a9f4b9e2-e9ea-4456-80e3-47fe03b77367_639196410803534184.xml,SVCT,Go South Coast,Go South Coast 8511 Inbound,Island Coaster - East,price_band_2.4@ChildSingle,2.4
SWWD_3517_Inbound_ChildReturn_a9f4b9e2-e9ea-4456-80e3-47fe03b77367_639196399351674273.xml,SWWD,Go South Coast,Go South Coast 3517 Inbound,New Canal  - Lopcombe Corner,price_band_4.9@ChildReturn,4.9
WDBC_1015_Inbound_ChildReturn_a9f4b9e2-e9ea-4456-80e3-47fe03b77367_639196371709340946.xml,WDBC,Go South Coast,Go South Coast 1015 Inbound,Poole - Bournemouth Hospital,price_band_3.4@ChildReturn,3.4
WDBC_1804_Inbound_ChildSingle_d46597a9-440e-4c13-b49a-76a3986683d1_639196379702529618.xml,WDBC,Go South Coast,Go South Coast 1804 Inbound,Bournemouth - Castlepoint,price_band_1.0@ChildSingle,1.0
BLUS_4539_Inbound_AdultSingle_a9f4b9e2-e9ea-4456-80e3-47fe03b77367_639196403030069101.xml,BLUS,Go South Coast,Go South Coast 4539 Inbound,Rushington - Applemore College,price_band_3.0@AdultSingle,3.0
WDBC_1950_Outbound_ChildReturn_a9f4b9e2-e9ea-4456-80e3-47fe03b77367_639196383897377725.xml,WDBC,Go South Coast,Go South Coast 1950 Outbound,Bournemouth - Swanage,price_band_3.7@ChildReturn,3.7
WDBC_1035_Inbound_ChildReturn_a9f4b9e2-e9ea-4456-80e3-47fe03b77367_639196374621180380.xml,WDBC,Go South Coast,Go South Coast 1035 Inbound,Swanage - Wareham,price_band_5.1@ChildReturn,5.1
WDBC_1903_Outbound_ChildSingle_2f1f0c04-770d-4707-ab06-213c5a798ad7_639196383394568640.xml,WDBC,Go South Coast,Go South Coast 1903 Outbound,Poole - Wimborne,price_band_2.5@ChildSingle,2.5
SWWD_3327_Inbound_AdultSingle_a9f4b9e2-e9ea-4456-80e3-47fe03b77367_639196395432469907.xml,SWWD,Go South Coast,Go South Coast 3327 Inbound,Salisbury - Shaftesbury,price_band_2.3@AdultSingle,2.3
WDBC_1788_Outbound_AdultReturn_a9f4b9e2-e9ea-4456-80e3-47fe03b77367_639196379254575038.xml,WDBC,Go South Coast,Go South Coast 1788 Outbound,Walkford - Bournemouth School for Girls,price_band_3.8@AdultReturn,3.8
WDBC_1821_Outbound_ChildSingle_a9f4b9e2-e9ea-4456-80e3-47fe03b77367_639196381044342869.xml,WDBC,Go South Coast,Go South Coast 1821 Outbound,Bournemouth - Burton,price_band_1.9@ChildSingle,1.9
WDBC_2003_Outbound_ChildReturn_a9f4b9e2-e9ea-4456-80e3-47fe03b77367_639196386007497361.xml,WDBC,Go South Coast,Go South Coast 2003 Outbound,Salisbury - Bournemouth,price_band_2.8@ChildReturn,2.8
SWWD_3515_Inbound_AdultSingle_a9f4b9e2-e9ea-4456-80e3-47fe03b77367_639196399278831568.xml,SWWD,Go South Coast,Go South Coast 3515 Inbound,City Centre - Petersfinger Park & Ride,price_band_2.3@AdultSingle,2.3
WDBC_2002_Inbound_AdultReturn_a9f4b9e2-e9ea-4456-80e3-47fe03b77367_639196385062138118.xml,WDBC,Go South Coast,Go South Coast 2002 Inbound,Bournemouth - Lymington,price_band_5.7@AdultReturn,5.7
SWWD_7086_Outbound_ChildSingle_a9f4b9e2-e9ea-4456-80e3-47fe03b77367_639196408903632613.xml,SWWD,Go South Coast,Go South Coast 7086 Outbound,Ansty - Shaftesbury,price_band_1.7@ChildSingle,1.7
TDTR_7048_Outbound_AdultReturn_a9f4b9e2-e9ea-4456-80e3-47fe03b77367_639196408530239677.xml,TDTR,Go South Coast,Go South Coast 7048 Outbound,Swindon - Marlborough,price_band_4.5@AdultReturn,4.5
WDBC_1741_Outbound_ChildSingle_a9f4b9e2-e9ea-4456-80e3-47fe03b77367_639196379093690645.xml,WDBC,Go South Coast,Go South Coast 1741 Outbound,Sandbanks Ferry - Parkstone Grammar School,price_band_3.4@ChildSingle,3.4
SVCT_5112_Inbound_ChildSingle_a9f4b9e2-e9ea-4456-80e3-47fe03b77367_639196405331319755.xml,SVCT,Go South Coast,Go South Coast 5112 Inbound,Alum Bay - Newport,price_band_2.4@ChildSingle,2.4
BLUS_4018_Inbound_ChildReturn_a9f4b9e2-e9ea-4456-80e3-47fe03b77367_639196402136150925.xml,BLUS,Go South Coast,Go South Coast 4018 Inbound,Millbrook - Thornhill,price_band_2.6@ChildReturn,2.6
SWWD_3407_Outbound_AdultSingle_f15d1b06-486f-433a-8991-95f1a97a87e0_639196397663067861.xml,SWWD,Go South Coast,Go South Coast 3407 Outbound,Salisbury - Southampton,price_band_2.8@AdultSingle,2.8
BLUS_4018_Inbound_AdultSingle_eed5e2e8-c472-41af-825e-db09ec887334_639196402148214824.xml,BLUS,Go South Coast,Go South Coast 4018 Inbound,Millbrook - Thornhill,price_band_1.0@AdultSingle,1.0
WDBC_1887_Inbound_ChildSingle_a9f4b9e2-e9ea-4456-80e3-47fe03b77367_639196383088508506.xml,WDBC,Go South Coast,Go South Coast 1887 Inbound,Charminster - St Peters School,price_band_3.4@ChildSingle,3.4
TDTR_7893_Outbound_YoungPersonSgl_a9f4b9e2-e9ea-4456-80e3-47fe03b77367_639196410219720486.xml,TDTR,Go South Coast,Go South Coast 7893 Outbound,St Andrews Ridge - Warneford School,price_band_3.3@YoungPersonSgl,3.3
WDBC_2777_Outbound_ChildSingle_a9f4b9e2-e9ea-4456-80e3-47fe03b77367_639196387552368634.xml,WDBC,Go South Coast,Go South Coast 2777 Outbound,New Forest Drive - Lymington,price_band_2.9@ChildSingle,2.9
BLUS_2607_Inbound_AdultSingle_a9f4b9e2-e9ea-4456-80e3-47fe03b77367_639196387037329872.xml,BLUS,Go South Coast,Go South Coast 2607 Inbound,North Baddesley - Brockenhurst College,price_band_5.2@AdultSingle,5.2
TDTR_7532_Outbound_AdultReturn_a9f4b9e2-e9ea-4456-80e3-47fe03b77367_639196409796494858.xml,TDTR,Go South Coast,Go South Coast 7532 Outbound,Link Centre - Cirencester College,price_band_8.3@AdultReturn,8.3
WDBC_1950_Inbound_AdultSingle_2f1f0c04-770d-4707-ab06-213c5a798ad7_639196383730198476.xml,WDBC,Go South Coast,Go South Coast 1950 Inbound,Bournemouth - Swanage,price_band_3.0@AdultSingle,3.0
WDBC_2002_Inbound_AdultSingle_d46597a9-440e-4c13-b49a-76a3986683d1_639196385255540252.xml,WDBC,Go South Coast,Go South Coast 2002 Inbound,Bournemouth - Lymington,price_band_2.5@AdultSingle,2.5
WDBC_2001_Outbound_ChildSingle_d46597a9-440e-4c13-b49a-76a3986683d1_639196385011460081.xml,WDBC,Go South Coast,Go South Coast 2001 Outbound,Bournemouth - Lymington,price_band_2.5@ChildSingle,2.5
WDBC_1802_Inbound_ChildReturn_a9f4b9e2-e9ea-4456-80e3-47fe03b77367_639196379565861328.xml,WDBC,Go South Coast,Go South Coast 1802 Inbound,Bournemouth - Castlepoint,price_band_2.8@ChildReturn,2.8
WDBC_1035_Outbound_AdultReturn_a9f4b9e2-e9ea-4456-80e3-47fe03b77367_639196374657278579.xml,WDBC,Go South Coast,Go South Coast 1035 Outbound,Swanage - Wareham,price_band_4.2@AdultReturn,4.2
BLUS_4004_Inbound_ChildReturn_a9f4b9e2-e9ea-4456-80e3-47fe03b77367_639196401124566893.xml,BLUS,Go South Coast,Go South Coast 4004 Inbound,Southampton - Romsey,price_band_2.6@ChildReturn,2.6
WDBC_1789_Inbound_AdultReturn_a9f4b9e2-e9ea-4456-80e3-47fe03b77367_639196379289700065.xml,WDBC,Go South Coast,Go South Coast 1789 Inbound,Bournemouth School for Girls - Lymington,price_band_6.8@AdultReturn,6.8
SWWD_3509_Outbound_ChildReturn_a9f4b9e2-e9ea-4456-80e3-47fe03b77367_639196399088081221.xml,SWWD,Go South Coast,Go South Coast 3509 Outbound,Milford Street - New Canal,price_band_2.5@ChildReturn,2.5
SWWD_3326_Inbound_AdultSingle_a9f4b9e2-e9ea-4456-80e3-47fe03b77367_639196395080759962.xml,SWWD,Go South Coast,Go South Coast 3326 Inbound,Salisbury - Hindon,price_band_2.7@AdultSingle,2.7
WDBC_2003_Inbound_ChildSingle_d46597a9-440e-4c13-b49a-76a3986683d1_639196385907911848.xml,WDBC,Go South Coast,Go South Coast 2003 Inbound,Salisbury - Bournemouth,price_band_1.0@ChildSingle,1.0
WDBC_1053_Inbound_AdultReturn_a9f4b9e2-e9ea-4456-80e3-47fe03b77367_639196376027572776.xml,WDBC,Go South Coast,Go South Coast 1053 Inbound,Bournemouth - Wimborne,price_band_4.2@AdultReturn,4.2
WDBC_1951_Outbound_ChildSingle_a9f4b9e2-e9ea-4456-80e3-47fe03b77367_639196384206150700.xml,WDBC,Go South Coast,Go South Coast 1951 Outbound,Bournemouth - Sandbanks,price_band_2.8@ChildSingle,2.8
WDBC_6701_Inbound_ChildSingle_a9f4b9e2-e9ea-4456-80e3-47fe03b77367_639196407349622813.xml,WDBC,Go South Coast,Go South Coast 6701 Inbound,Queen Elizabeth's School - Kinson,price_band_5.7@ChildSingle,5.7
DAMY_6920_Inbound_AdultSingle_a9f4b9e2-e9ea-4456-80e3-47fe03b77367_639196407739422760.xml,DAMY,Go South Coast,Go South Coast 6920 Inbound,Salisbury - Steam Fair,price_band_2.5@AdultSingle,2.5
DAMY_6920_Inbound_ChildReturn_a9f4b9e2-e9ea-4456-80e3-47fe03b77367_639196407771189759.xml,DAMY,Go South Coast,Go South Coast 6920 Inbound,Salisbury - Steam Fair,price_band_3.6@ChildReturn,3.6
SWWD_3088_Inbound_ChildSingle_a9f4b9e2-e9ea-4456-80e3-47fe03b77367_639196391897266359.xml,SWWD,Go South Coast,Go South Coast 3088 Inbound,Salisbury - Winterslow Gunville Stockbridge Turn,price_band_2.3@ChildSingle,2.3
BLUS_4018_Outbound_AdultSingle_eed5e2e8-c472-41af-825e-db09ec887334_639196402181287552.xml,BLUS,Go South Coast,Go South Coast 4018 Outbound,Millbrook - Thornhill,price_band_1.0@AdultSingle,1.0
SWWD_3819_Outbound_ChildSingle_a9f4b9e2-e9ea-4456-80e3-47fe03b77367_639196400533512591.xml,SWWD,Go South Coast,Go South Coast 3819 Outbound,Marlborough - Burbage,price_band_1.0@ChildSingle,1.0
WDBC_2956_Outbound_ChildSingle_d46597a9-440e-4c13-b49a-76a3986683d1_639196390123232397.xml,WDBC,Go South Coast,Go South Coast 2956 Outbound,Ringwood - Bournemouth,price_band_1.9@ChildSingle,1.9
BLUS_4017_Inbound_AdultSingle_f15d1b06-486f-433a-8991-95f1a97a87e0_639196402050479844.xml,BLUS,Go South Coast,Go South Coast 4017 Inbound,Weston - Adanac Park,price_band_1.0@AdultSingle,1.0
SWWD_3407_Inbound_ChildSingle_a9f4b9e2-e9ea-4456-80e3-47fe03b77367_639196397053560369.xml,SWWD,Go South Coast,Go South Coast 3407 Inbound,Salisbury - Southampton,price_band_3.0@ChildSingle,3.0
SWWD_3307_Inbound_ChildReturn_a9f4b9e2-e9ea-4456-80e3-47fe03b77367_639196394565771960.xml,SWWD,Go South Coast,Go South Coast 3307 Inbound,City Centre - Bishopdown Farm,price_band_3.6@ChildReturn,3.6
WDBC_1836_Inbound_AdultSingle_a9f4b9e2-e9ea-4456-80e3-47fe03b77367_639196381760751679.xml,WDBC,Go South Coast,Go South Coast 1836 Inbound,Talbot View - Kinson,price_band_2.6@AdultSingle,2.6
TDTR_7048_Outbound_ChildSingle_a9f4b9e2-e9ea-4456-80e3-47fe03b77367_639196408540389430.xml,TDTR,Go South Coast,Go South Coast 7048 Outbound,Swindon - Marlborough,price_band_2.4@ChildSingle,2.4
WDBC_1786_Inbound_AdultReturn_a9f4b9e2-e9ea-4456-80e3-47fe03b77367_639196379188296229.xml,WDBC,Go South Coast,Go South Coast 1786 Inbound,Park Gates - Bournemouth School for Girls,price_band_5.4@AdultReturn,5.4
DAMY_6505_Outbound_ChildReturn_a9f4b9e2-e9ea-4456-80e3-47fe03b77367_639196407235345589.xml,DAMY,Go South Coast,Go South Coast 6505 Outbound,Weymouth - Dorchester,price_band_4.3@ChildReturn,4.3
WDBC_1762_Inbound_ChildSingle_a9f4b9e2-e9ea-4456-80e3-47fe03b77367_639196379158862028.xml,WDBC,Go South Coast,Go South Coast 1762 Inbound,Merley - Corfe Hills,price_band_2.4@ChildSingle,2.4
WDBC_6418_Inbound_ChildSingle_a9f4b9e2-e9ea-4456-80e3-47fe03b77367_639196406709584634.xml,WDBC,Go South Coast,Go South Coast 6418 Inbound,Sandbanks Ferry - Poole Grammar School,price_band_3.1@ChildSingle,3.1
BLUS_4424_Inbound_ChildSingle_eed5e2e8-c472-41af-825e-db09ec887334_639196402887520622.xml,BLUS,Go South Coast,Go South Coast 4424 Inbound,Eastleigh - Hedge End,price_band_1.0@ChildSingle,1.0
BLUS_4424_Outbound_AdultSingle_a9f4b9e2-e9ea-4456-80e3-47fe03b77367_639196402891583442.xml,BLUS,Go South Coast,Go South Coast 4424 Outbound,Eastleigh - Hedge End,price_band_2.5@AdultSingle,2.5
TDTR_7046_Outbound_AdultReturn_a9f4b9e2-e9ea-4456-80e3-47fe03b77367_639196408433106157.xml,TDTR,Go South Coast,Go South Coast 7046 Outbound,Swindon - Hungerford,price_band_2.6@AdultReturn,2.6
BLUS_4815_Inbound_AdultReturn_a9f4b9e2-e9ea-4456-80e3-47fe03b77367_639196403510716980.xml,BLUS,Go South Coast,Go South Coast 4815 Inbound,Boyatt Wood - Eastleigh,price_band_4.9@AdultReturn,4.9
TDTR_7148_Outbound_AdultReturn_a9f4b9e2-e9ea-4456-80e3-47fe03b77367_639196409191504641.xml,TDTR,Go South Coast,Go South Coast 7148 Outbound,Swindon - Marlborough,price_band_2.6@AdultReturn,2.6
TDTR_7067_Outbound_YoungPersonSgl_a9f4b9e2-e9ea-4456-80e3-47fe03b77367_639196408667080182.xml,TDTR,Go South Coast,Go South Coast 7067 Outbound,Penhill - Park South,price_band_2.5@YoungPersonSgl,2.5
BLUS_4012_Inbound_AdultSingle_a9f4b9e2-e9ea-4456-80e3-47fe03b77367_639196401742045980.xml,BLUS,Go South Coast,Go South Coast 4012 Inbound,Southampton - Calmore,price_band_2.6@AdultSingle,2.6
SVCT_5104_Inbound_ChildSingle_a9f4b9e2-e9ea-4456-80e3-47fe03b77367_639196404928055440.xml,SVCT,Go South Coast,Go South Coast 5104 Inbound,East Cowes - Ryde,price_band_2.4@ChildSingle,2.4
WDBC_1038_Inbound_AdultSingle_a9f4b9e2-e9ea-4456-80e3-47fe03b77367_639196374689908707.xml,WDBC,Go South Coast,Go South Coast 1038 Inbound,Ferndown - Ringwood,price_band_2.8@AdultSingle,2.8
WDBC_1786_Inbound_AdultSingle_a9f4b9e2-e9ea-4456-80e3-47fe03b77367_639196379193219072.xml,WDBC,Go South Coast,Go South Coast 1786 Inbound,Park Gates - Bournemouth School for Girls,price_band_2.2@AdultSingle,2.2
UNIL_4716_Inbound_AdultSingle_a9f4b9e2-e9ea-4456-80e3-47fe03b77367_639196403224757765.xml,UNIL,Go South Coast,Go South Coast 4716 Inbound,General Hospital - NOCS,price_band_2.6@AdultSingle,2.6
SWWD_3307_Inbound_AdultReturn_a9f4b9e2-e9ea-4456-80e3-47fe03b77367_639196394570471159.xml,SWWD,Go South Coast,Go South Coast 3307 Inbound,City Centre - Bishopdown Farm,price_band_4.5@AdultReturn,4.5
WDBC_1908_Inbound_ChildReturn_a9f4b9e2-e9ea-4456-80e3-47fe03b77367_639196383436933791.xml,WDBC,Go South Coast,Go South Coast 1908 Inbound,Poole - Blandford,price_band_5.1@ChildReturn,5.1
SWWD_3002_Outbound_ChildSingle_a9f4b9e2-e9ea-4456-80e3-47fe03b77367_639196390466834568.xml,SWWD,Go South Coast,Go South Coast 3002 Outbound,Salisbury - Devizes,price_band_2.5@ChildSingle,2.5
SVCT_8502_Outbound_AdultSingle_a9f4b9e2-e9ea-4456-80e3-47fe03b77367_639196410627374576.xml,SVCT,Go South Coast,Go South Coast 8502 Outbound,Downs - Breezer,price_band_5.6@AdultSingle,5.6
SVCT_5271_Inbound_ChildSingle_a9f4b9e2-e9ea-4456-80e3-47fe03b77367_639196405655144064.xml,SVCT,Go South Coast,Go South Coast 5271 Inbound,Ryde - Ventnor,price_band_2.4@ChildSingle,2.4
UNIL_4722_Outbound_AdultSingle_f15d1b06-486f-433a-8991-95f1a97a87e0_639196403318874771.xml,UNIL,Go South Coast,Go South Coast 4722 Outbound,Mayflower Halls - Highfield Campus,price_band_1.0@AdultSingle,1.0
SVCT_5189_Inbound_ChildSingle_a9f4b9e2-e9ea-4456-80e3-47fe03b77367_639196405518101839.xml,SVCT,Go South Coast,Go South Coast 5189 Inbound,Ryde  - Newport,price_band_2.4@ChildSingle,2.4
WDBC_8229_Outbound_AdultSingle_a9f4b9e2-e9ea-4456-80e3-47fe03b77367_639196410358482826.xml,WDBC,Go South Coast,Go South Coast 8229 Outbound,Lyndhurst - Ringwood RED,price_band_4.0@AdultSingle,4.0
WDBC_6448_Inbound_ChildReturn_a9f4b9e2-e9ea-4456-80e3-47fe03b77367_639196406858116661.xml,WDBC,Go South Coast,Go South Coast 6448 Inbound,Furnell Road - Parkstone Grammar,price_band_2.1@ChildReturn,2.1
WDBC_1054_Outbound_ChildSingle_a9f4b9e2-e9ea-4456-80e3-47fe03b77367_639196376668519897.xml,WDBC,Go South Coast,Go South Coast 1054 Outbound,Poole - Wimborne,price_band_1.9@ChildSingle,1.9
TDTR_7040_Inbound_AdultReturn_a9f4b9e2-e9ea-4456-80e3-47fe03b77367_639196408254871625.xml,TDTR,Go South Coast,Go South Coast 7040 Inbound,Calne - Calne Tesco,price_band_2.3@AdultReturn,2.3
SVCT_5027_Outbound_AdultSingle_a9f4b9e2-e9ea-4456-80e3-47fe03b77367_639196404337311002.xml,SVCT,Go South Coast,Go South Coast 5027 Outbound,Newport  - Yarmouth,price_band_3.0@AdultSingle,3.0
SWWD_3881_Inbound_AdultSingle_a9f4b9e2-e9ea-4456-80e3-47fe03b77367_639196400567424373.xml,SWWD,Go South Coast,Go South Coast 3881 Inbound,Wilton Road  - Burgate School,price_band_3.0@AdultSingle,3.0
WDBC_1114_Outbound_AdultSingle_a9f4b9e2-e9ea-4456-80e3-47fe03b77367_639196377839210680.xml,WDBC,Go South Coast,Go South Coast 1114 Outbound,Poole - RB Hospital,price_band_2.8@AdultSingle,2.8
SWWD_7086_Outbound_ChildReturn_a9f4b9e2-e9ea-4456-80e3-47fe03b77367_639196408909906075.xml,SWWD,Go South Coast,Go South Coast 7086 Outbound,Ansty - Shaftesbury,price_band_1.7@ChildReturn,1.7
TDTR_7001_Outbound_YoungPersonSgl_a9f4b9e2-e9ea-4456-80e3-47fe03b77367_639196408069348592.xml,TDTR,Go South Coast,Go South Coast 7001 Outbound,Middleleaze - Great Western Hospital,price_band_1.8@YoungPersonSgl,1.8
SWWD_2615_Inbound_AdultSingle_a9f4b9e2-e9ea-4456-80e3-47fe03b77367_639196387158069862.xml,SWWD,Go South Coast,Go South Coast 2615 Inbound,Salisbury  - Brockenhurst College,price_band_1.9@AdultSingle,1.9
WDBC_6418_Outbound_ChildReturn_a9f4b9e2-e9ea-4456-80e3-47fe03b77367_639196406749532960.xml,WDBC,Go South Coast,Go South Coast 6418 Outbound,Sandbanks Ferry - Poole Grammar School,price_band_2.9@ChildReturn,2.9
WDBC_1724_Outbound_ChildReturn_a9f4b9e2-e9ea-4456-80e3-47fe03b77367_639196379018642330.xml,WDBC,Go South Coast,Go South Coast 1724 Outbound,Bloxworth - Lytchett Minster School,price_band_4.2@ChildReturn,4.2
WDBC_2120_Inbound_ChildReturn_a9f4b9e2-e9ea-4456-80e3-47fe03b77367_639196386391190830.xml,WDBC,Go South Coast,Go South Coast 2120 Inbound,New Milton Tesco - Lymington,price_band_4.6@ChildReturn,4.6
BLUS_3635_Inbound_ChildReturn_a9f4b9e2-e9ea-4456-80e3-47fe03b77367_639196399720681071.xml,BLUS,Go South Coast,Go South Coast 3635 Inbound,Romsey - Ampfield,price_band_3.0@ChildReturn,3.0
SWWD_3125_Outbound_ChildReturn_a9f4b9e2-e9ea-4456-80e3-47fe03b77367_639196392988098341.xml,SWWD,Go South Coast,Go South Coast 3125 Outbound,South Wilts Grammar School - Hindon,price_band_3.2@ChildReturn,3.2
WDBC_1642_Outbound_ChildSingle_a9f4b9e2-e9ea-4456-80e3-47fe03b77367_639196378828283826.xml,WDBC,Go South Coast,Go South Coast 1642 Outbound,Poole  - Talbot Campus,price_band_2.5@ChildSingle,2.5
WDBC_6043_Outbound_ChildReturn_a9f4b9e2-e9ea-4456-80e3-47fe03b77367_639196406291518594.xml,WDBC,Go South Coast,Go South Coast 6043 Outbound,County Gates - Parkstone Grammar School,price_band_3.1@ChildReturn,3.1
SWWD_3407_Outbound_AdultSingle_eed5e2e8-c472-41af-825e-db09ec887334_639196397700142334.xml,SWWD,Go South Coast,Go South Coast 3407 Outbound,Salisbury - Southampton,price_band_1.0@AdultSingle,1.0
BLUS_4425_Inbound_ChildSingle_a9f4b9e2-e9ea-4456-80e3-47fe03b77367_639196402921677370.xml,BLUS,Go South Coast,Go South Coast 4425 Inbound,Eastleigh - Boorley Park,price_band_2.1@ChildSingle,2.1
WDBC_1804_Outbound_AdultReturn_a9f4b9e2-e9ea-4456-80e3-47fe03b77367_639196379713124426.xml,WDBC,Go South Coast,Go South Coast 1804 Outbound,Bournemouth - Castlepoint,price_band_4.2@AdultReturn,4.2
WDBC_2777_Inbound_ChildReturn_a9f4b9e2-e9ea-4456-80e3-47fe03b77367_639196387537427030.xml,WDBC,Go South Coast,Go South Coast 2777 Inbound,New Forest Drive - Lymington,price_band_4.3@ChildReturn,4.3
SWWD_3881_Inbound_AdultSingle_a9f4b9e2-e9ea-4456-80e3-47fe03b77367_639196400567424373.xml,SWWD,Go South Coast,Go South Coast 3881 Inbound,Wilton Road  - Burgate School,price_band_2.8@AdultSingle,2.8
WDBC_6449_Inbound_ChildSingle_a9f4b9e2-e9ea-4456-80e3-47fe03b77367_639196406922445975.xml,WDBC,Go South Coast,Go South Coast 6449 Inbound,St Osmunds - Parkstone Grammar,price_band_2.0@ChildSingle,2.0
TDTR_7076_Outbound_YoungPersonSgl_a9f4b9e2-e9ea-4456-80e3-47fe03b77367_639196408750618859.xml,TDTR,Go South Coast,Go South Coast 7076 Outbound,Marlborough - Bath,price_band_0.9@YoungPersonSgl,0.9
DAMY_6307_Inbound_AdultSingle_a9f4b9e2-e9ea-4456-80e3-47fe03b77367_639196406407713068.xml,DAMY,Go South Coast,Go South Coast 6307 Inbound,Blandford - Shaftesbury,price_band_3.0@AdultSingle,3.0
WDBC_1831_Outbound_ChildSingle_a9f4b9e2-e9ea-4456-80e3-47fe03b77367_639196381315872156.xml,WDBC,Go South Coast,Go South Coast 1831 Outbound,Bournemouth - Hunt Road and Somerford,price_band_1.9@ChildSingle,1.9
WDBC_1013_Outbound_ChildSingle_a9f4b9e2-e9ea-4456-80e3-47fe03b77367_639196371513119631.xml,WDBC,Go South Coast,Go South Coast 1013 Outbound,Bournemouth - Wimborne,price_band_2.2@ChildSingle,2.2
TDTR_7146_Outbound_ChildSingle_a9f4b9e2-e9ea-4456-80e3-47fe03b77367_639196409087562810.xml,TDTR,Go South Coast,Go South Coast 7146 Outbound,Swindon - Hungerford,price_band_2.8@ChildSingle,2.8
TDTR_7242_Outbound_AdultReturn_a9f4b9e2-e9ea-4456-80e3-47fe03b77367_639196409729218131.xml,TDTR,Go South Coast,Go South Coast 7242 Outbound,Barton Park - St John's School,price_band_2.3@AdultReturn,2.3
WDBC_1806_Inbound_AdultSingle_d46597a9-440e-4c13-b49a-76a3986683d1_639196379905713674.xml,WDBC,Go South Coast,Go South Coast 1806 Inbound,Bournemouth - Wimborne,price_band_2.2@AdultSingle,2.2
WDBC_6419_Outbound_ChildSingle_a9f4b9e2-e9ea-4456-80e3-47fe03b77367_639196406825655245.xml,WDBC,Go South Coast,Go South Coast 6419 Outbound,Compton Avenue - Poole Grammar,price_band_1.6@ChildSingle,1.6
WDBC_2001_Outbound_AdultReturn_a9f4b9e2-e9ea-4456-80e3-47fe03b77367_639196384662992972.xml,WDBC,Go South Coast,Go South Coast 2001 Outbound,Bournemouth - Lymington,price_band_5.7@AdultReturn,5.7
WDBC_2612_Outbound_AdultSingle_a9f4b9e2-e9ea-4456-80e3-47fe03b77367_639196387069376218.xml,WDBC,Go South Coast,Go South Coast 2612 Outbound,Dibden Purlieu - Brockenhurst College,price_band_2.0@AdultSingle,2.0
TDTR_7076_Outbound_YoungPersonSgl_a9f4b9e2-e9ea-4456-80e3-47fe03b77367_639196408750618859.xml,TDTR,Go South Coast,Go South Coast 7076 Outbound,Marlborough - Bath,price_band_2.0@YoungPersonSgl,2.0
TDTR_7146_Inbound_ChildReturn_a9f4b9e2-e9ea-4456-80e3-47fe03b77367_639196409044265171.xml,TDTR,Go South Coast,Go South Coast 7146 Inbound,Swindon - Hungerford,price_band_2.6@ChildReturn,2.6
SWWD_3650_Outbound_AdultSingle_a9f4b9e2-e9ea-4456-80e3-47fe03b77367_639196399985795038.xml,SWWD,Go South Coast,Go South Coast 3650 Outbound,Laverstock Schools  - West Harnham,price_band_3.0@AdultSingle,3.0
WDBC_2612_Outbound_AdultSingle_a9f4b9e2-e9ea-4456-80e3-47fe03b77367_639196387069376218.xml,WDBC,Go South Coast,Go South Coast 2612 Outbound,Dibden Purlieu - Brockenhurst College,price_band_5.2@AdultSingle,5.2
WDBC_6448_Inbound_AdultReturn_a9f4b9e2-e9ea-4456-80e3-47fe03b77367_639196406841589346.xml,WDBC,Go South Coast,Go South Coast 6448 Inbound,Furnell Road - Parkstone Grammar,price_band_5.2@AdultReturn,5.2
BLUS_3634_Outbound_ChildSingle_a9f4b9e2-e9ea-4456-80e3-47fe03b77367_639196399696272220.xml,BLUS,Go South Coast,Go South Coast 3634 Outbound,East Wellow  - Romsey School,price_band_3.8@ChildSingle,3.8
SWWD_3625_Inbound_AdultSingle_a9f4b9e2-e9ea-4456-80e3-47fe03b77367_639196399630099319.xml,SWWD,Go South Coast,Go South Coast 3625 Inbound,Mere - Gillingham,price_band_2.8@AdultSingle,2.8
WDBC_2956_Outbound_AdultSingle_2f1f0c04-770d-4707-ab06-213c5a798ad7_639196389989121883.xml,WDBC,Go South Coast,Go South Coast 2956 Outbound,Ringwood - Bournemouth,price_band_2.3@AdultSingle,2.3
WDBC_1005_Inbound_ChildSingle_d46597a9-440e-4c13-b49a-76a3986683d1_639196370569614453.xml,WDBC,Go South Coast,Go South Coast 1005 Inbound,Poole - Tower Park,price_band_1.0@ChildSingle,1.0
SWWD_3126_Outbound_ChildReturn_a9f4b9e2-e9ea-4456-80e3-47fe03b77367_639196393248019592.xml,SWWD,Go South Coast,Go South Coast 3126 Outbound,Salisbury - Hindon,price_band_3.2@ChildReturn,3.2
SVCT_5007_Outbound_YoungAdSingle_a9f4b9e2-e9ea-4456-80e3-47fe03b77367_639196404073311514.xml,SVCT,Go South Coast,Go South Coast 5007 Outbound,Newport  - Alum Bay,price_band_2.4@YoungAdSingle,2.4
SWWD_3010_Inbound_AdultReturn_a9f4b9e2-e9ea-4456-80e3-47fe03b77367_639196391164386285.xml,SWWD,Go South Coast,Go South Coast 3010 Inbound,City Centre - St Peters Place,price_band_4.2@AdultReturn,4.2
SWWD_3303_Outbound_AdultSingle_a9f4b9e2-e9ea-4456-80e3-47fe03b77367_639196394428975298.xml,SWWD,Go South Coast,Go South Coast 3303 Outbound,City Centre - Ditchampton,price_band_2.3@AdultSingle,2.3
BLUS_4566_Outbound_AdultSingle_a9f4b9e2-e9ea-4456-80e3-47fe03b77367_639196403057486001.xml,BLUS,Go South Coast,Go South Coast 4566 Outbound,Aldermoor - St Georges,price_band_2.6@AdultSingle,2.6
SWWD_3525_Inbound_AdultReturn_a9f4b9e2-e9ea-4456-80e3-47fe03b77367_639196399487608567.xml,SWWD,Go South Coast,Go South Coast 3525 Inbound,City Centre - Petersfinger Park & Ride,price_band_6.0@AdultReturn,6.0
WDBC_1951_Inbound_ChildSingle_a9f4b9e2-e9ea-4456-80e3-47fe03b77367_639196384120568027.xml,WDBC,Go South Coast,Go South Coast 1951 Inbound,Bournemouth - Sandbanks,price_band_1.9@ChildSingle,1.9
WDBC_2956_Inbound_ChildReturn_a9f4b9e2-e9ea-4456-80e3-47fe03b77367_639196389210427380.xml,WDBC,Go South Coast,Go South Coast 2956 Inbound,Ringwood - Bournemouth,price_band_5.6@ChildReturn,5.6
WDBC_6449_Outbound_AdultReturn_a9f4b9e2-e9ea-4456-80e3-47fe03b77367_639196406949990953.xml,WDBC,Go South Coast,Go South Coast 6449 Outbound,St Osmunds - Parkstone Grammar,price_band_5.1@AdultReturn,5.1
WDBC_2001_Outbound_AdultSingle_a9f4b9e2-e9ea-4456-80e3-47fe03b77367_639196384694964461.xml,WDBC,Go South Coast,Go South Coast 2001 Outbound,Bournemouth - Lymington,price_band_2.6@AdultSingle,2.6
WDBC_2906_Inbound_ChildSingle_d46597a9-440e-4c13-b49a-76a3986683d1_639196388050132362.xml,WDBC,Go South Coast,Go South Coast 2906 Inbound,Poole - Ringwood,price_band_2.9@ChildSingle,2.9
WDBC_1114_Outbound_AdultSingle_2f1f0c04-770d-4707-ab06-213c5a798ad7_639196377957676091.xml,WDBC,Go South Coast,Go South Coast 1114 Outbound,Poole - RB Hospital,price_band_1.0@AdultSingle,1.0
WDBC_1060_Outbound_AdultReturn_a9f4b9e2-e9ea-4456-80e3-47fe03b77367_639196376831145948.xml,WDBC,Go South Coast,Go South Coast 1060 Outbound,Rockley - Sandbanks,price_band_4.7@AdultReturn,4.7
SWWD_3404_Inbound_ChildReturn_a9f4b9e2-e9ea-4456-80e3-47fe03b77367_639196396143086831.xml,SWWD,Go South Coast,Go South Coast 3404 Inbound,Salisbury - Larkhill,price_band_4.0@ChildReturn,4.0
WDBC_1038_Inbound_AdultSingle_a9f4b9e2-e9ea-4456-80e3-47fe03b77367_639196374689908707.xml,WDBC,Go South Coast,Go South Coast 1038 Inbound,Ferndown - Ringwood,price_band_2.3@AdultSingle,2.3
SWWD_3886_Inbound_AdultSingle_a9f4b9e2-e9ea-4456-80e3-47fe03b77367_639196400856954795.xml,SWWD,Go South Coast,Go South Coast 3886 Inbound,St Peters Place  - Burgate School,price_band_2.8@AdultSingle,2.8
TDTR_7046_Inbound_ChildReturn_a9f4b9e2-e9ea-4456-80e3-47fe03b77367_639196408411798946.xml,TDTR,Go South Coast,Go South Coast 7046 Inbound,Swindon - Hungerford,price_band_4.1@ChildReturn,4.1
WDBC_2193_Outbound_AdultSingle_a9f4b9e2-e9ea-4456-80e3-47fe03b77367_639196386880255438.xml,WDBC,Go South Coast,Go South Coast 2193 Outbound,New Milton - New Milton,price_band_3.0@AdultSingle,3.0
SWWD_7210_Outbound_AdultSingle_a9f4b9e2-e9ea-4456-80e3-47fe03b77367_639196409711683855.xml,SWWD,Go South Coast,Go South Coast 7210 Outbound,Figheldean - Devizes,price_band_3.0@AdultSingle,3.0
TDTR_7148_Inbound_AdultReturn_a9f4b9e2-e9ea-4456-80e3-47fe03b77367_639196409133361031.xml,TDTR,Go South Coast,Go South Coast 7148 Inbound,Swindon - Marlborough,price_band_5.0@AdultReturn,5.0
TDTR_7015_Inbound_YoungPersonSgl_a9f4b9e2-e9ea-4456-80e3-47fe03b77367_639196408206539734.xml,TDTR,Go South Coast,Go South Coast 7015 Inbound,Haydon Wick - Bus Station,price_band_2.5@YoungPersonSgl,2.5
WDBC_1805_Inbound_ChildReturn_a9f4b9e2-e9ea-4456-80e3-47fe03b77367_639196379764165872.xml,WDBC,Go South Coast,Go South Coast 1805 Inbound,Bournemouth - Kinson,price_band_2.8@ChildReturn,2.8
WDBC_6449_Outbound_AdultSingle_a9f4b9e2-e9ea-4456-80e3-47fe03b77367_639196406940282122.xml,WDBC,Go South Coast,Go South Coast 6449 Outbound,St Osmunds - Parkstone Grammar,price_band_2.0@AdultSingle,2.0
WDBC_1841_Outbound_ChildSingle_a9f4b9e2-e9ea-4456-80e3-47fe03b77367_639196382165873871.xml,WDBC,Go South Coast,Go South Coast 1841 Outbound,Bournemouth - Mudeford and Somerford,price_band_2.1@ChildSingle,2.1
TDTR_7538_Outbound_AdultReturn_a9f4b9e2-e9ea-4456-80e3-47fe03b77367_639196409928749131.xml,TDTR,Go South Coast,Go South Coast 7538 Outbound,Bridgemead - Cirencester College,price_band_8.3@AdultReturn,8.3
WDBC_1050_Outbound_ChildReturn_a9f4b9e2-e9ea-4456-80e3-47fe03b77367_639196375675418878.xml,WDBC,Go South Coast,Go South Coast 1050 Outbound,Bournemouth Station - Swanage,price_band_6.0@ChildReturn,6.0
WDBC_6419_Outbound_AdultSingle_a9f4b9e2-e9ea-4456-80e3-47fe03b77367_639196406811265190.xml,WDBC,Go South Coast,Go South Coast 6419 Outbound,Compton Avenue - Poole Grammar,price_band_3.5@AdultSingle,3.5
WDBC_6701_Inbound_ChildSingle_a9f4b9e2-e9ea-4456-80e3-47fe03b77367_639196407349622813.xml,WDBC,Go South Coast,Go South Coast 6701 Inbound,Queen Elizabeth's School - Kinson,price_band_3.4@ChildSingle,3.4
SWWD_3519_Outbound_ChildSingle_a9f4b9e2-e9ea-4456-80e3-47fe03b77367_639196399460083561.xml,SWWD,Go South Coast,Go South Coast 3519 Outbound,Milford Street - New Canal,price_band_3.0@ChildSingle,3.0
SWWD_3645_Inbound_ChildReturn_a9f4b9e2-e9ea-4456-80e3-47fe03b77367_639196399792578213.xml,SWWD,Go South Coast,Go South Coast 3645 Inbound,Stratford Road Grammar School - Hamptworth Cuckoo,price_band_4.0@ChildReturn,4.0
WDBC_1016_Inbound_ChildSingle_a9f4b9e2-e9ea-4456-80e3-47fe03b77367_639196372093735412.xml,WDBC,Go South Coast,Go South Coast 1016 Inbound,Poole - Bournemouth,price_band_2.1@ChildSingle,2.1
WDBC_2906_Outbound_ChildReturn_a9f4b9e2-e9ea-4456-80e3-47fe03b77367_639196388242674616.xml,WDBC,Go South Coast,Go South Coast 2906 Outbound,Poole - Ringwood,price_band_3.4@ChildReturn,3.4
WDBC_2024_Inbound_ChildReturn_a9f4b9e2-e9ea-4456-80e3-47fe03b77367_639196386233421913.xml,WDBC,Go South Coast,Go South Coast 2024 Inbound,Castlepoint - Christchurch,price_band_3.2@ChildReturn,3.2
WDBC_1908_Inbound_ChildSingle_a9f4b9e2-e9ea-4456-80e3-47fe03b77367_639196383430736532.xml,WDBC,Go South Coast,Go South Coast 1908 Inbound,Poole - Blandford,price_band_3.0@ChildSingle,3.0
SWWD_3008_Inbound_AdultReturn_a9f4b9e2-e9ea-4456-80e3-47fe03b77367_639196390636624051.xml,SWWD,Go South Coast,Go South Coast 3008 Inbound,Salisbury - Zouch Estate,price_band_4.2@AdultReturn,4.2
SWWD_3763_Inbound_ChildReturn_a9f4b9e2-e9ea-4456-80e3-47fe03b77367_639196400489938277.xml,SWWD,Go South Coast,Go South Coast 3763 Inbound,Mount Pleasant Farm - Burgate School,price_band_7.3@ChildReturn,7.3
WDBC_1053_Inbound_AdultSingle_d46597a9-440e-4c13-b49a-76a3986683d1_639196376155853258.xml,WDBC,Go South Coast,Go South Coast 1053 Inbound,Bournemouth - Wimborne,price_band_2.3@AdultSingle,2.3
SVCT_8501_Outbound_YoungAdSingle_a9f4b9e2-e9ea-4456-80e3-47fe03b77367_639196410618467672.xml,SVCT,Go South Coast,Go South Coast 8501 Outbound,Island Coaster - West,price_band_3.4@YoungAdSingle,3.4
WDBC_1646_Outbound_AdultSingle_a9f4b9e2-e9ea-4456-80e3-47fe03b77367_639196378993446916.xml,WDBC,Go South Coast,Go South Coast 1646 Outbound,Dorchester House  - Talbot Campus,price_band_2.4@AdultSingle,2.4
TDTR_7152_Outbound_AdultSingle_a9f4b9e2-e9ea-4456-80e3-47fe03b77367_639196409237733863.xml,TDTR,Go South Coast,Go South Coast 7152 Outbound,Coate Water - Ridgeway School,price_band_3.1@AdultSingle,3.1
BLUS_4103_Outbound_AdultReturn_a9f4b9e2-e9ea-4456-80e3-47fe03b77367_639196402658751278.xml,BLUS,Go South Coast,Go South Coast 4103 Outbound,Southampton - Eastleigh,price_band_5.4@AdultReturn,5.4
SWWD_3044_Inbound_AdultReturn_a9f4b9e2-e9ea-4456-80e3-47fe03b77367_639196391630327417.xml,SWWD,Go South Coast,Go South Coast 3044 Inbound,Salisbury - Woodfalls,price_band_4.5@AdultReturn,4.5
WDBC_2776_Outbound_ChildReturn_a9f4b9e2-e9ea-4456-80e3-47fe03b77367_639196387528414711.xml,WDBC,Go South Coast,Go South Coast 2776 Outbound,Lyndhurst - Priestlands School,price_band_4.5@ChildReturn,4.5
WDBC_1015_Inbound_AdultSingle_d46597a9-440e-4c13-b49a-76a3986683d1_639196371778385973.xml,WDBC,Go South Coast,Go South Coast 1015 Inbound,Poole - Bournemouth Hospital,price_band_1.0@AdultSingle,1.0
WDBC_2906_Outbound_ChildSingle_a9f4b9e2-e9ea-4456-80e3-47fe03b77367_639196388193779482.xml,WDBC,Go South Coast,Go South Coast 2906 Outbound,Poole - Ringwood,price_band_2.1@ChildSingle,2.1
WDBC_1015_Outbound_AdultSingle_a9f4b9e2-e9ea-4456-80e3-47fe03b77367_639196371871192567.xml,WDBC,Go South Coast,Go South Coast 1015 Outbound,Poole - Bournemouth Hospital,price_band_2.8@AdultSingle,2.8
SWWD_3102_Outbound_ChildReturn_a9f4b9e2-e9ea-4456-80e3-47fe03b77367_639196392294832997.xml,SWWD,Go South Coast,Go South Coast 3102 Outbound,Salisbury - Devizes,price_band_6.0@ChildReturn,6.0
SVCT_5051_Outbound_ChildSingle_a9f4b9e2-e9ea-4456-80e3-47fe03b77367_639196404619351725.xml,SVCT,Go South Coast,Go South Coast 5051 Outbound,Newport - Enterprise College,price_band_2.4@ChildSingle,2.4
WDBC_1908_Inbound_ChildSingle_a9f4b9e2-e9ea-4456-80e3-47fe03b77367_639196383430736532.xml,WDBC,Go South Coast,Go South Coast 1908 Inbound,Poole - Blandford,price_band_1.9@ChildSingle,1.9
WDBC_1016_Outbound_ChildReturn_a9f4b9e2-e9ea-4456-80e3-47fe03b77367_639196372343417653.xml,WDBC,Go South Coast,Go South Coast 1016 Outbound,Poole - Bournemouth,price_band_2.8@ChildReturn,2.8
WDBC_6943_Outbound_ChildReturn_a9f4b9e2-e9ea-4456-80e3-47fe03b77367_639196408041685500.xml,WDBC,Go South Coast,Go South Coast 6943 Outbound,Lulworth - Weymouth,price_band_4.0@ChildReturn,4.0
TDTR_3820_Outbound_ChildReturn_a9f4b9e2-e9ea-4456-80e3-47fe03b77367_639196400559854465.xml,TDTR,Go South Coast,Go South Coast 3820 Outbound,Marlborough - Newbury,price_band_2.8@ChildReturn,2.8
BLUS_4002_Outbound_ChildReturn_a9f4b9e2-e9ea-4456-80e3-47fe03b77367_639196401076837257.xml,BLUS,Go South Coast,Go South Coast 4002 Outbound,Southampton - Fair Oak,price_band_4.0@ChildReturn,4.0
SWWD_3507_Inbound_AdultSingle_a9f4b9e2-e9ea-4456-80e3-47fe03b77367_639196399031127732.xml,SWWD,Go South Coast,Go South Coast 3507 Inbound,City Centre - Lopcombe Corner,price_band_2.3@AdultSingle,2.3
TDTR_7046_Outbound_ChildSingle_a9f4b9e2-e9ea-4456-80e3-47fe03b77367_639196408440599274.xml,TDTR,Go South Coast,Go South Coast 7046 Outbound,Swindon - Hungerford,price_band_1.4@ChildSingle,1.4
WDBC_1724_Inbound_ChildSingle_a9f4b9e2-e9ea-4456-80e3-47fe03b77367_639196379009476700.xml,WDBC,Go South Coast,Go South Coast 1724 Inbound,Bloxworth - Lytchett Minster School,price_band_3.3@ChildSingle,3.3
WDBC_2120_Outbound_AdultSingle_a9f4b9e2-e9ea-4456-80e3-47fe03b77367_639196386417843541.xml,WDBC,Go South Coast,Go South Coast 2120 Outbound,New Milton Tesco - Lymington,price_band_3.0@AdultSingle,3.0
SWWD_3883_Inbound_AdultReturn_a9f4b9e2-e9ea-4456-80e3-47fe03b77367_639196400675487921.xml,SWWD,Go South Coast,Go South Coast 3883 Inbound,Bishopdown Farm  - Burgate School,price_band_6.0@AdultReturn,6.0
WDBC_1818_Outbound_AdultSingle_d46597a9-440e-4c13-b49a-76a3986683d1_639196380627691803.xml,WDBC,Go South Coast,Go South Coast 1818 Outbound,Bournemouth - Broadstone,price_band_1.0@AdultSingle,1.0
SWWD_3011_Inbound_ChildSingle_a9f4b9e2-e9ea-4456-80e3-47fe03b77367_639196391210734403.xml,SWWD,Go South Coast,Go South Coast 3011 Inbound,City Centre - Old Sarum,price_band_1.9@ChildSingle,1.9
SWWD_3366_Outbound_ChildReturn_a9f4b9e2-e9ea-4456-80e3-47fe03b77367_639196395757701610.xml,SWWD,Go South Coast,Go South Coast 3366 Outbound,South Wilts Grammar School - Idmiston,price_band_3.6@ChildReturn,3.6
SVCT_5272_Inbound_ChildSingle_a9f4b9e2-e9ea-4456-80e3-47fe03b77367_639196405677385161.xml,SVCT,Go South Coast,Go South Coast 5272 Inbound,Ryde - Ventnor,price_band_2.4@ChildSingle,2.4
WDBC_1821_Inbound_ChildReturn_a9f4b9e2-e9ea-4456-80e3-47fe03b77367_639196380870295753.xml,WDBC,Go South Coast,Go South Coast 1821 Inbound,Bournemouth - Burton,price_band_3.4@ChildReturn,3.4
WDBC_1821_Outbound_ChildReturn_a9f4b9e2-e9ea-4456-80e3-47fe03b77367_639196381060424746.xml,WDBC,Go South Coast,Go South Coast 1821 Outbound,Bournemouth - Burton,price_band_3.7@ChildReturn,3.7
SWWD_3125_Inbound_ChildSingle_a9f4b9e2-e9ea-4456-80e3-47fe03b77367_639196392807183154.xml,SWWD,Go South Coast,Go South Coast 3125 Inbound,South Wilts Grammar School - Hindon,price_band_2.6@ChildSingle,2.6
WDBC_1806_Outbound_AdultSingle_d46597a9-440e-4c13-b49a-76a3986683d1_639196379983275624.xml,WDBC,Go South Coast,Go South Coast 1806 Outbound,Bournemouth - Wimborne,price_band_2.9@AdultSingle,2.9
WDBC_2906_Inbound_AdultSingle_2f1f0c04-770d-4707-ab06-213c5a798ad7_639196387940285165.xml,WDBC,Go South Coast,Go South Coast 2906 Inbound,Poole - Ringwood,price_band_1.0@AdultSingle,1.0
DAMY_6307_Inbound_ChildSingle_a9f4b9e2-e9ea-4456-80e3-47fe03b77367_639196406414235561.xml,DAMY,Go South Coast,Go South Coast 6307 Inbound,Blandford - Shaftesbury,price_band_1.9@ChildSingle,1.9
WDBC_1821_Outbound_ChildSingle_a9f4b9e2-e9ea-4456-80e3-47fe03b77367_639196381044342869.xml,WDBC,Go South Coast,Go South Coast 1821 Outbound,Bournemouth - Burton,price_band_2.2@ChildSingle,2.2
BLUS_4007_Inbound_AdultSingle_eed5e2e8-c472-41af-825e-db09ec887334_639196401343327999.xml,BLUS,Go South Coast,Go South Coast 4007 Inbound,Lordshill - Sholing,price_band_1.0@AdultSingle,1.0
WDBC_1017_Inbound_AdultSingle_a9f4b9e2-e9ea-4456-80e3-47fe03b77367_639196372599574249.xml,WDBC,Go South Coast,Go South Coast 1017 Inbound,Poole - Bournemouth,price_band_3.0@AdultSingle,3.0
WDBC_1789_Inbound_ChildReturn_a9f4b9e2-e9ea-4456-80e3-47fe03b77367_639196379325905462.xml,WDBC,Go South Coast,Go South Coast 1789 Inbound,Bournemouth School for Girls - Lymington,price_band_5.9@ChildReturn,5.9
TDTR_7180_Outbound_AdultSingle_a9f4b9e2-e9ea-4456-80e3-47fe03b77367_639196409531579251.xml,TDTR,Go South Coast,Go South Coast 7180 Outbound,Marlborough - Ludgershall,price_band_2.6@AdultSingle,2.6
WDBC_6701_Outbound_ChildReturn_a9f4b9e2-e9ea-4456-80e3-47fe03b77367_639196407355147956.xml,WDBC,Go South Coast,Go South Coast 6701 Outbound,Queen Elizabeth's School - Kinson,price_band_4.7@ChildReturn,4.7
WDBC_1786_Outbound_ChildReturn_a9f4b9e2-e9ea-4456-80e3-47fe03b77367_639196379218850155.xml,WDBC,Go South Coast,Go South Coast 1786 Outbound,Park Gates - Bournemouth School for Girls,price_band_3.2@ChildReturn,3.2
SWWD_3029_Outbound_ChildReturn_a9f4b9e2-e9ea-4456-80e3-47fe03b77367_639196391480317502.xml,SWWD,Go South Coast,Go South Coast 3029 Outbound,Salisbury - Shaftesbury,price_band_3.6@ChildReturn,3.6
SWWD_3108_Outbound_ChildSingle_a9f4b9e2-e9ea-4456-80e3-47fe03b77367_639196392478885861.xml,SWWD,Go South Coast,Go South Coast 3108 Outbound,Salisbury - Zouch Estate,price_band_2.1@ChildSingle,2.1
WDBC_6043_Outbound_AdultSingle_a9f4b9e2-e9ea-4456-80e3-47fe03b77367_639196406279242469.xml,WDBC,Go South Coast,Go South Coast 6043 Outbound,County Gates - Parkstone Grammar School,price_band_3.5@AdultSingle,3.5
SWWD_3266_Outbound_AdultReturn_a9f4b9e2-e9ea-4456-80e3-47fe03b77367_639196394203616363.xml,SWWD,Go South Coast,Go South Coast 3266 Outbound,South Wilts Grammar School - Idmiston,price_band_5.7@AdultReturn,5.7
WDBC_2906_Outbound_ChildReturn_a9f4b9e2-e9ea-4456-80e3-47fe03b77367_639196388242674616.xml,WDBC,Go South Coast,Go South Coast 2906 Outbound,Poole - Ringwood,price_band_4.6@ChildReturn,4.6
WDBC_1806_Inbound_AdultReturn_a9f4b9e2-e9ea-4456-80e3-47fe03b77367_639196379860696326.xml,WDBC,Go South Coast,Go South Coast 1806 Inbound,Bournemouth - Wimborne,price_band_4.7@AdultReturn,4.7
SWWD_3886_Inbound_AdultSingle_a9f4b9e2-e9ea-4456-80e3-47fe03b77367_639196400856954795.xml,SWWD,Go South Coast,Go South Coast 3886 Inbound,St Peters Place  - Burgate School,price_band_2.2@AdultSingle,2.2
WDBC_1811_Outbound_ChildReturn_a9f4b9e2-e9ea-4456-80e3-47fe03b77367_639196380095499254.xml,WDBC,Go South Coast,Go South Coast 1811 Outbound,Bournemouth - Somerford,price_band_3.1@ChildReturn,3.1
BLUS_4024_Inbound_AdultReturn_a9f4b9e2-e9ea-4456-80e3-47fe03b77367_639196402445638378.xml,BLUS,Go South Coast,Go South Coast 4024 Inbound,Eastleigh - Hedge End,price_band_4.7@AdultReturn,4.7
WDBC_1002_Inbound_AdultReturn_a9f4b9e2-e9ea-4456-80e3-47fe03b77367_639196369809319906.xml,WDBC,Go South Coast,Go South Coast 1002 Inbound,Poole - Southbourne,price_band_4.7@AdultReturn,4.7
DAMY_3183_Outbound_ChildReturn_a9f4b9e2-e9ea-4456-80e3-47fe03b77367_639196393946141695.xml,DAMY,Go South Coast,Go South Coast 3183 Outbound,Blandford - Weymouth,price_band_3.0@ChildReturn,3.0
WDBC_1114_Inbound_ChildSingle_a9f4b9e2-e9ea-4456-80e3-47fe03b77367_639196377653627154.xml,WDBC,Go South Coast,Go South Coast 1114 Inbound,Poole - RB Hospital,price_band_2.2@ChildSingle,2.2
WDBC_2775_Outbound_ChildReturn_a9f4b9e2-e9ea-4456-80e3-47fe03b77367_639196387505370179.xml,WDBC,Go South Coast,Go South Coast 2775 Outbound,Milford on Sea - Priestlands School,price_band_3.8@ChildReturn,3.8
SWWD_3726_Inbound_ChildReturn_a9f4b9e2-e9ea-4456-80e3-47fe03b77367_639196400360478429.xml,SWWD,Go South Coast,Go South Coast 3726 Inbound,Salisbury - East Knoyle,price_band_4.5@ChildReturn,4.5
WDBC_1806_Inbound_ChildSingle_d46597a9-440e-4c13-b49a-76a3986683d1_639196379924894842.xml,WDBC,Go South Coast,Go South Coast 1806 Inbound,Bournemouth - Wimborne,price_band_3.0@ChildSingle,3.0
TDTR_7046_Outbound_ChildSingle_a9f4b9e2-e9ea-4456-80e3-47fe03b77367_639196408440599274.xml,TDTR,Go South Coast,Go South Coast 7046 Outbound,Swindon - Hungerford,price_band_2.0@ChildSingle,2.0
SVCT_5107_Inbound_YoungAdSingle_a9f4b9e2-e9ea-4456-80e3-47fe03b77367_639196405147453895.xml,SVCT,Go South Coast,Go South Coast 5107 Inbound,Alum Bay  - Newport,price_band_3.0@YoungAdSingle,3.0
WDBC_8409_Outbound_AdultSingle_a9f4b9e2-e9ea-4456-80e3-47fe03b77367_639196410420358607.xml,WDBC,Go South Coast,Go South Coast 8409 Outbound,Lyndhurst - Exbury GREEN,price_band_5.5@AdultSingle,5.5
WDBC_1053_Outbound_ChildSingle_2f1f0c04-770d-4707-ab06-213c5a798ad7_639196376421005259.xml,WDBC,Go South Coast,Go South Coast 1053 Outbound,Bournemouth - Wimborne,price_band_1.9@ChildSingle,1.9
BLUS_3135_Inbound_AdultReturn_a9f4b9e2-e9ea-4456-80e3-47fe03b77367_639196393295600370.xml,BLUS,Go South Coast,Go South Coast 3135 Inbound,Romsey - Braishfield,price_band_4.9@AdultReturn,4.9
SWWD_3885_Outbound_AdultReturn_a9f4b9e2-e9ea-4456-80e3-47fe03b77367_639196400807148431.xml,SWWD,Go South Coast,Go South Coast 3885 Outbound,Whaddon - Burgate School,price_band_5.2@AdultReturn,5.2
WDBC_6449_Inbound_AdultReturn_a9f4b9e2-e9ea-4456-80e3-47fe03b77367_639196406914164075.xml,WDBC,Go South Coast,Go South Coast 6449 Inbound,St Osmunds - Parkstone Grammar,price_band_5.1@AdultReturn,5.1
BLUS_4805_Outbound_ChildSingle_a9f4b9e2-e9ea-4456-80e3-47fe03b77367_639196403455859424.xml,BLUS,Go South Coast,Go South Coast 4805 Outbound,Boyatt Wood - Shootash,price_band_1.9@ChildSingle,1.9
WDBC_1950_Inbound_ChildSingle_a9f4b9e2-e9ea-4456-80e3-47fe03b77367_639196383599091215.xml,WDBC,Go South Coast,Go South Coast 1950 Inbound,Bournemouth - Swanage,price_band_2.1@ChildSingle,2.1
WDBC_1786_Outbound_ChildSingle_a9f4b9e2-e9ea-4456-80e3-47fe03b77367_639196379223545893.xml,WDBC,Go South Coast,Go South Coast 1786 Outbound,Park Gates - Bournemouth School for Girls,price_band_2.0@ChildSingle,2.0
WDBC_1015_Inbound_ChildSingle_d46597a9-440e-4c13-b49a-76a3986683d1_639196371828076892.xml,WDBC,Go South Coast,Go South Coast 1015 Inbound,Poole - Bournemouth Hospital,price_band_1.0@ChildSingle,1.0
WDBC_1054_Outbound_AdultSingle_d46597a9-440e-4c13-b49a-76a3986683d1_639196376704755080.xml,WDBC,Go South Coast,Go South Coast 1054 Outbound,Poole - Wimborne,price_band_3.0@AdultSingle,3.0
WDBC_1040_Outbound_ChildReturn_a9f4b9e2-e9ea-4456-80e3-47fe03b77367_639196375231293356.xml,WDBC,Go South Coast,Go South Coast 1040 Outbound,Swanage - Poole,price_band_3.7@ChildReturn,3.7
WDBC_6415_Outbound_AdultSingle_a9f4b9e2-e9ea-4456-80e3-47fe03b77367_639196406551733639.xml,WDBC,Go South Coast,Go South Coast 6415 Outbound,St Anns Hospital - Poole Grammar School,price_band_2.2@AdultSingle,2.2
SVCT_5024_Outbound_ChildSingle_a9f4b9e2-e9ea-4456-80e3-47fe03b77367_639196404309621825.xml,SVCT,Go South Coast,Go South Coast 5024 Outbound,Shanklin - Community Route 24,price_band_2.4@ChildSingle,2.4
TDTR_7042_Outbound_ChildReturn_a9f4b9e2-e9ea-4456-80e3-47fe03b77367_639196408348218188.xml,TDTR,Go South Coast,Go South Coast 7042 Outbound,Calne - St John's School,price_band_1.8@ChildReturn,1.8
SWWD_3407_Outbound_AdultReturn_a9f4b9e2-e9ea-4456-80e3-47fe03b77367_639196397463452948.xml,SWWD,Go South Coast,Go South Coast 3407 Outbound,Salisbury - Southampton,price_band_6.0@AdultReturn,6.0
BLUS_4010_Outbound_AdultSingle_a9f4b9e2-e9ea-4456-80e3-47fe03b77367_639196401664728324.xml,BLUS,Go South Coast,Go South Coast 4010 Outbound,Southampton - Sholing,price_band_2.6@AdultSingle,2.6
SWWD_3405_Outbound_AdultReturn_a9f4b9e2-e9ea-4456-80e3-47fe03b77367_639196396742191077.xml,SWWD,Go South Coast,Go South Coast 3405 Outbound,Salisbury - Pewsey,price_band_4.5@AdultReturn,4.5
BLUS_4103_Inbound_AdultReturn_a9f4b9e2-e9ea-4456-80e3-47fe03b77367_639196402601017629.xml,BLUS,Go South Coast,Go South Coast 4103 Inbound,Southampton - Eastleigh,price_band_4.5@AdultReturn,4.5
BLUS_4024_Outbound_AdultSingle_eed5e2e8-c472-41af-825e-db09ec887334_639196402479788868.xml,BLUS,Go South Coast,Go South Coast 4024 Outbound,Eastleigh - Hedge End,price_band_1.0@AdultSingle,1.0
WDBC_1836_Inbound_ChildSingle_a9f4b9e2-e9ea-4456-80e3-47fe03b77367_639196381778704888.xml,WDBC,Go South Coast,Go South Coast 1836 Inbound,Talbot View - Kinson,price_band_2.5@ChildSingle,2.5
WDBC_1883_Inbound_AdultReturn_a9f4b9e2-e9ea-4456-80e3-47fe03b77367_639196382500736447.xml,WDBC,Go South Coast,Go South Coast 1883 Inbound,Alum Chine - Castlepoint,price_band_4.7@AdultReturn,4.7
SWWD_3883_Outbound_AdultReturn_a9f4b9e2-e9ea-4456-80e3-47fe03b77367_639196400696963986.xml,SWWD,Go South Coast,Go South Coast 3883 Outbound,Bishopdown Farm  - Burgate School,price_band_5.0@AdultReturn,5.0
WDBC_1011_Inbound_AdultSingle_2f1f0c04-770d-4707-ab06-213c5a798ad7_639196371022037272.xml,WDBC,Go South Coast,Go South Coast 1011 Inbound,Bournemouth - Canford Paddock,price_band_1.0@AdultSingle,1.0
SWWD_3040_Inbound_AdultReturn_a9f4b9e2-e9ea-4456-80e3-47fe03b77367_639196391489247669.xml,SWWD,Go South Coast,Go South Coast 3040 Inbound,Salisbury - Woodfalls,price_band_4.2@AdultReturn,4.2
WDBC_2762_Outbound_ChildSingle_a9f4b9e2-e9ea-4456-80e3-47fe03b77367_639196387482762843.xml,WDBC,Go South Coast,Go South Coast 2762 Outbound,Keyhaven Road  - Priestlands School,price_band_2.2@ChildSingle,2.2
SVCT_5257_Outbound_AdultSingle_a9f4b9e2-e9ea-4456-80e3-47fe03b77367_639196405576699637.xml,SVCT,Go South Coast,Go South Coast 5257 Outbound,Freshwater - Cowes,price_band_3.0@AdultSingle,3.0
WDBC_2761_Outbound_ChildSingle_a9f4b9e2-e9ea-4456-80e3-47fe03b77367_639196387454705173.xml,WDBC,Go South Coast,Go South Coast 2761 Outbound,Bunkers Hill Cottage - Priestlands School,price_band_2.4@ChildSingle,2.4
WDBC_1011_Inbound_AdultSingle_a9f4b9e2-e9ea-4456-80e3-47fe03b77367_639196370990830787.xml,WDBC,Go South Coast,Go South Coast 1011 Inbound,Bournemouth - Canford Paddock,price_band_2.0@AdultSingle,2.0
SVCT_5022_Outbound_AdultSingle_a9f4b9e2-e9ea-4456-80e3-47fe03b77367_639196404299034502.xml,SVCT,Go South Coast,Go South Coast 5022 Outbound,Shanklin - Community Route 22,price_band_3.0@AdultSingle,3.0
WDBC_1021_Outbound_AdultSingle_2f1f0c04-770d-4707-ab06-213c5a798ad7_639196374199707780.xml,WDBC,Go South Coast,Go South Coast 1021 Outbound,Bournemouth - High Howe,price_band_1.0@AdultSingle,1.0
SWWD_3126_Inbound_ChildSingle_a9f4b9e2-e9ea-4456-80e3-47fe03b77367_639196393128381437.xml,SWWD,Go South Coast,Go South Coast 3126 Inbound,Salisbury - Hindon,price_band_2.7@ChildSingle,2.7
TDTR_7080_Outbound_AdultReturn_a9f4b9e2-e9ea-4456-80e3-47fe03b77367_639196408817785315.xml,TDTR,Go South Coast,Go South Coast 7080 Outbound,Swindon - Marlborough,price_band_6.0@AdultReturn,6.0
BLUS_4539_Inbound_ChildSingle_a9f4b9e2-e9ea-4456-80e3-47fe03b77367_639196403034406141.xml,BLUS,Go South Coast,Go South Coast 4539 Inbound,Rushington - Applemore College,price_band_2.5@ChildSingle,2.5
WDBC_6943_Outbound_AdultReturn_a9f4b9e2-e9ea-4456-80e3-47fe03b77367_639196408030521027.xml,WDBC,Go South Coast,Go South Coast 6943 Outbound,Lulworth - Weymouth,price_band_5.1@AdultReturn,5.1
SWWD_3322_Outbound_ChildSingle_a9f4b9e2-e9ea-4456-80e3-47fe03b77367_639196394781332414.xml,SWWD,Go South Coast,Go South Coast 3322 Outbound,City Centre - Bishopdown,price_band_2.3@ChildSingle,2.3
TDTR_7015_Outbound_YoungPersonSgl_a9f4b9e2-e9ea-4456-80e3-47fe03b77367_639196408215137774.xml,TDTR,Go South Coast,Go South Coast 7015 Outbound,Haydon Wick - Bus Station,price_band_1.8@YoungPersonSgl,1.8
BLUS_2605_Inbound_AdultReturn_a9f4b9e2-e9ea-4456-80e3-47fe03b77367_639196386999326662.xml,BLUS,Go South Coast,Go South Coast 2605 Inbound,Wellow - Brockenhurst College,price_band_7.9@AdultReturn,7.9
SWWD_3883_Inbound_ChildSingle_a9f4b9e2-e9ea-4456-80e3-47fe03b77367_639196400680560363.xml,SWWD,Go South Coast,Go South Coast 3883 Inbound,Bishopdown Farm  - Burgate School,price_band_2.9@ChildSingle,2.9
SVCT_8503_Outbound_NatTrustRtn_a9f4b9e2-e9ea-4456-80e3-47fe03b77367_639196410676609938.xml,SVCT,Go South Coast,Go South Coast 8503 Outbound,Needles - Breezer,price_band_10.6@NatTrustRtn,10.6
WDBC_1415_Inbound_ChildReturn_a9f4b9e2-e9ea-4456-80e3-47fe03b77367_639196378698705223.xml,WDBC,Go South Coast,Go South Coast 1415 Inbound,Poole High - Canford Heath,price_band_2.8@ChildReturn,2.8
SWWD_3407_Inbound_ChildSingle_eed5e2e8-c472-41af-825e-db09ec887334_639196397292729766.xml,SWWD,Go South Coast,Go South Coast 3407 Inbound,Salisbury - Southampton,price_band_2.5@ChildSingle,2.5
WDBC_1013_Outbound_AdultReturn_a9f4b9e2-e9ea-4456-80e3-47fe03b77367_639196371418225698.xml,WDBC,Go South Coast,Go South Coast 1013 Outbound,Bournemouth - Wimborne,price_band_5.1@AdultReturn,5.1
WDBC_2618_Outbound_AdultReturn_a9f4b9e2-e9ea-4456-80e3-47fe03b77367_639196387241385145.xml,WDBC,Go South Coast,Go South Coast 2618 Outbound,Cooper Dean - Brockenhurst College,price_band_6.5@AdultReturn,6.5
WDBC_1032_Inbound_ChildSingle_a9f4b9e2-e9ea-4456-80e3-47fe03b77367_639196374382108166.xml,WDBC,Go South Coast,Go South Coast 1032 Inbound,Poole - Bournemouth,price_band_2.1@ChildSingle,2.1
SWWD_3029_Inbound_AdultReturn_a9f4b9e2-e9ea-4456-80e3-47fe03b77367_639196391342117362.xml,SWWD,Go South Coast,Go South Coast 3029 Inbound,Salisbury - Shaftesbury,price_band_5.8@AdultReturn,5.8
WDBC_1020_Outbound_ChildSingle_a9f4b9e2-e9ea-4456-80e3-47fe03b77367_639196373715081996.xml,WDBC,Go South Coast,Go South Coast 1020 Outbound,Poole - Christchurch,price_band_2.8@ChildSingle,2.8
WDBC_2002_Inbound_ChildSingle_d46597a9-440e-4c13-b49a-76a3986683d1_639196385309242072.xml,WDBC,Go South Coast,Go South Coast 2002 Inbound,Bournemouth - Lymington,price_band_2.8@ChildSingle,2.8
WDBC_1035_Inbound_ChildSingle_a9f4b9e2-e9ea-4456-80e3-47fe03b77367_639196374583091701.xml,WDBC,Go South Coast,Go South Coast 1035 Inbound,Swanage - Wareham,price_band_3.0@ChildSingle,3.0
SWWD_3011_Inbound_AdultReturn_a9f4b9e2-e9ea-4456-80e3-47fe03b77367_639196391203782385.xml,SWWD,Go South Coast,Go South Coast 3011 Inbound,City Centre - Old Sarum,price_band_4.5@AdultReturn,4.5
SWWD_3885_Outbound_ChildSingle_a9f4b9e2-e9ea-4456-80e3-47fe03b77367_639196400823412285.xml,SWWD,Go South Coast,Go South Coast 3885 Outbound,Whaddon - Burgate School,price_band_2.1@ChildSingle,2.1
DAMY_3183_Inbound_AdultReturn_a9f4b9e2-e9ea-4456-80e3-47fe03b77367_639196393797551416.xml,DAMY,Go South Coast,Go South Coast 3183 Inbound,Blandford - Weymouth,price_band_4.2@AdultReturn,4.2
SWWD_3044_Outbound_AdultSingle_a9f4b9e2-e9ea-4456-80e3-47fe03b77367_639196391687434182.xml,SWWD,Go South Coast,Go South Coast 3044 Outbound,Salisbury - Woodfalls,price_band_2.3@AdultSingle,2.3
WDBC_2001_Outbound_ChildReturn_a9f4b9e2-e9ea-4456-80e3-47fe03b77367_639196384725076307.xml,WDBC,Go South Coast,Go South Coast 2001 Outbound,Bournemouth - Lymington,price_band_3.7@ChildReturn,3.7
SWWD_3125_Inbound_ChildSingle_a9f4b9e2-e9ea-4456-80e3-47fe03b77367_639196392807183154.xml,SWWD,Go South Coast,Go South Coast 3125 Inbound,South Wilts Grammar School - Hindon,price_band_1.8@ChildSingle,1.8
SWWD_3885_Outbound_AdultReturn_a9f4b9e2-e9ea-4456-80e3-47fe03b77367_639196400807148431.xml,SWWD,Go South Coast,Go South Coast 3885 Outbound,Whaddon - Burgate School,price_band_4.4@AdultReturn,4.4
WDBC_8229_Outbound_ChildSingle_a9f4b9e2-e9ea-4456-80e3-47fe03b77367_639196410352701130.xml,WDBC,Go South Coast,Go South Coast 8229 Outbound,Lyndhurst - Ringwood RED,price_band_3.0@ChildSingle,3.0
WDBC_6419_Inbound_AdultSingle_a9f4b9e2-e9ea-4456-80e3-47fe03b77367_639196406779974725.xml,WDBC,Go South Coast,Go South Coast 6419 Inbound,Compton Avenue - Poole Grammar,price_band_3.2@AdultSingle,3.2
WDBC_6448_Inbound_ChildReturn_a9f4b9e2-e9ea-4456-80e3-47fe03b77367_639196406858116661.xml,WDBC,Go South Coast,Go South Coast 6448 Inbound,Furnell Road - Parkstone Grammar,price_band_3.4@ChildReturn,3.4
SWWD_3166_Outbound_AdultReturn_a9f4b9e2-e9ea-4456-80e3-47fe03b77367_639196393688655752.xml,SWWD,Go South Coast,Go South Coast 3166 Outbound,South Wilts Grammar School - Idmiston,price_band_4.5@AdultReturn,4.5
WDBC_1642_Inbound_ChildSingle_a9f4b9e2-e9ea-4456-80e3-47fe03b77367_639196378784556325.xml,WDBC,Go South Coast,Go South Coast 1642 Inbound,Poole  - Talbot Campus,price_band_2.8@ChildSingle,2.8
WDBC_1054_Outbound_AdultReturn_a9f4b9e2-e9ea-4456-80e3-47fe03b77367_639196376610637280.xml,WDBC,Go South Coast,Go South Coast 1054 Outbound,Poole - Wimborne,price_band_4.2@AdultReturn,4.2
DAMY_6487_Inbound_AdultReturn_a9f4b9e2-e9ea-4456-80e3-47fe03b77367_639196407086470118.xml,DAMY,Go South Coast,Go South Coast 6487 Inbound,Blandford - Dorchester,price_band_4.7@AdultReturn,4.7
SWWD_3533_Inbound_ChildReturn_a9f4b9e2-e9ea-4456-80e3-47fe03b77367_639196399578633562.xml,SWWD,Go South Coast,Go South Coast 3533 Inbound,Dinton - City Centre,price_band_5.1@ChildReturn,5.1
WDBC_1644_Outbound_UniIDSingle_d46597a9-440e-4c13-b49a-76a3986683d1_639196378975824411.xml,WDBC,Go South Coast,Go South Coast 1644 Outbound,Westbourne - Talbot Campus,price_band_1.0@UniIDSingle,1.0
SWWD_3110_Outbound_ChildSingle_a9f4b9e2-e9ea-4456-80e3-47fe03b77367_639196392739866517.xml,SWWD,Go South Coast,Go South Coast 3110 Outbound,Bedwyn - Marlborough,price_band_1.5@ChildSingle,1.5
WDBC_6416_Outbound_AdultSingle_a9f4b9e2-e9ea-4456-80e3-47fe03b77367_639196406641168017.xml,WDBC,Go South Coast,Go South Coast 6416 Outbound,Penn Hill Avenue  - Poole Grammar School,price_band_2.2@AdultSingle,2.2
BLUS_4010_Inbound_ChildSingle_a9f4b9e2-e9ea-4456-80e3-47fe03b77367_639196401642218216.xml,BLUS,Go South Coast,Go South Coast 4010 Inbound,Southampton - Sholing,price_band_2.1@ChildSingle,2.1
TDTR_7176_Outbound_YoungPersonSgl_a9f4b9e2-e9ea-4456-80e3-47fe03b77367_639196409416549566.xml,TDTR,Go South Coast,Go South Coast 7176 Outbound,Calne - Bath,price_band_2.0@YoungPersonSgl,2.0
SWWD_3407_Outbound_AdultSingle_f15d1b06-486f-433a-8991-95f1a97a87e0_639196397663067861.xml,SWWD,Go South Coast,Go South Coast 3407 Outbound,Salisbury - Southampton,price_band_3.0@AdultSingle,3.0
WDBC_1040_Outbound_AdultSingle_d46597a9-440e-4c13-b49a-76a3986683d1_639196375359675012.xml,WDBC,Go South Coast,Go South Coast 1040 Outbound,Swanage - Poole,price_band_2.3@AdultSingle,2.3
SWWD_3457_Inbound_ChildSingle_a9f4b9e2-e9ea-4456-80e3-47fe03b77367_639196398011492336.xml,SWWD,Go South Coast,Go South Coast 3457 Inbound,Salisbury - Southampton,price_band_2.5@ChildSingle,2.5
SWWD_3266_Outbound_ChildSingle_a9f4b9e2-e9ea-4456-80e3-47fe03b77367_639196394182434664.xml,SWWD,Go South Coast,Go South Coast 3266 Outbound,South Wilts Grammar School - Idmiston,price_band_2.3@ChildSingle,2.3
WDBC_6701_Outbound_ChildSingle_a9f4b9e2-e9ea-4456-80e3-47fe03b77367_639196407360617162.xml,WDBC,Go South Coast,Go South Coast 6701 Outbound,Queen Elizabeth's School - Kinson,price_band_3.4@ChildSingle,3.4
WDBC_1881_Outbound_ChildSingle_a9f4b9e2-e9ea-4456-80e3-47fe03b77367_639196382478530723.xml,WDBC,Go South Coast,Go South Coast 1881 Outbound,Charminster - Avonbourne Academy,price_band_2.9@ChildSingle,2.9
SVCT_5089_Outbound_YoungAdSingle_a9f4b9e2-e9ea-4456-80e3-47fe03b77367_639196404647705423.xml,SVCT,Go South Coast,Go South Coast 5089 Outbound,Newport  - Ryde,price_band_2.4@YoungAdSingle,2.4
TDTR_7046_Outbound_ChildSingle_a9f4b9e2-e9ea-4456-80e3-47fe03b77367_639196408440599274.xml,TDTR,Go South Coast,Go South Coast 7046 Outbound,Swindon - Hungerford,price_band_2.4@ChildSingle,2.4
WDBC_1054_Outbound_ChildSingle_2f1f0c04-770d-4707-ab06-213c5a798ad7_639196376721792201.xml,WDBC,Go South Coast,Go South Coast 1054 Outbound,Poole - Wimborne,price_band_2.7@ChildSingle,2.7
WDBC_2002_Outbound_ChildSingle_a9f4b9e2-e9ea-4456-80e3-47fe03b77367_639196385390206070.xml,WDBC,Go South Coast,Go South Coast 2002 Outbound,Bournemouth - Lymington,price_band_1.9@ChildSingle,1.9
WDBC_1801_Inbound_ChildSingle_a9f4b9e2-e9ea-4456-80e3-47fe03b77367_639196379446634713.xml,WDBC,Go South Coast,Go South Coast 1801 Inbound,Bournemouth - Christchurch,price_band_2.3@ChildSingle,2.3
TDTR_3820_Outbound_AdultReturn_a9f4b9e2-e9ea-4456-80e3-47fe03b77367_639196400552666436.xml,TDTR,Go South Coast,Go South Coast 3820 Outbound,Marlborough - Newbury,price_band_3.5@AdultReturn,3.5
BLUS_3135_Inbound_AdultReturn_a9f4b9e2-e9ea-4456-80e3-47fe03b77367_639196393295600370.xml,BLUS,Go South Coast,Go South Coast 3135 Inbound,Romsey - Braishfield,price_band_6.0@AdultReturn,6.0
TDTR_7146_Inbound_YoungPersonSgl_a9f4b9e2-e9ea-4456-80e3-47fe03b77367_639196409055257425.xml,TDTR,Go South Coast,Go South Coast 7146 Inbound,Swindon - Hungerford,price_band_2.4@YoungPersonSgl,2.4
WDBC_1038_Outbound_AdultReturn_a9f4b9e2-e9ea-4456-80e3-47fe03b77367_639196374702209593.xml,WDBC,Go South Coast,Go South Coast 1038 Outbound,Ferndown - Ringwood,price_band_5.1@AdultReturn,5.1
WDBC_1040_Outbound_AdultSingle_d46597a9-440e-4c13-b49a-76a3986683d1_639196375359675012.xml,WDBC,Go South Coast,Go South Coast 1040 Outbound,Swanage - Poole,price_band_1.0@AdultSingle,1.0
WDBC_1069_Outbound_AdultReturn_a9f4b9e2-e9ea-4456-80e3-47fe03b77367_639196377078495209.xml,WDBC,Go South Coast,Go South Coast 1069 Outbound,Poole - Poole Anti-Clockwise,price_band_4.2@AdultReturn,4.2
WDBC_2219_Outbound_ChildReturn_a9f4b9e2-e9ea-4456-80e3-47fe03b77367_639196386945648021.xml,WDBC,Go South Coast,Go South Coast 2219 Outbound,Lymington  - New Milton,price_band_6.0@ChildReturn,6.0
WDBC_1788_Inbound_ChildSingle_a9f4b9e2-e9ea-4456-80e3-47fe03b77367_639196379249363002.xml,WDBC,Go South Coast,Go South Coast 1788 Inbound,Walkford - Bournemouth School for Girls,price_band_2.9@ChildSingle,2.9
DAMY_6487_Inbound_ChildSingle_a9f4b9e2-e9ea-4456-80e3-47fe03b77367_639196407108213280.xml,DAMY,Go South Coast,Go South Coast 6487 Inbound,Blandford - Dorchester,price_band_1.6@ChildSingle,1.6
WDBC_2003_Outbound_ChildSingle_2f1f0c04-770d-4707-ab06-213c5a798ad7_639196386182254413.xml,WDBC,Go South Coast,Go South Coast 2003 Outbound,Salisbury - Bournemouth,price_band_1.0@ChildSingle,1.0
WDBC_1788_Inbound_AdultSingle_a9f4b9e2-e9ea-4456-80e3-47fe03b77367_639196379238273293.xml,WDBC,Go South Coast,Go South Coast 1788 Inbound,Walkford - Bournemouth School for Girls,price_band_3.2@AdultSingle,3.2
BLUS_4011_Outbound_AdultSingle_f15d1b06-486f-433a-8991-95f1a97a87e0_639196401726741485.xml,BLUS,Go South Coast,Go South Coast 4011 Outbound,Southampton - West Totton,price_band_1.0@AdultSingle,1.0
WDBC_1013_Outbound_ChildReturn_a9f4b9e2-e9ea-4456-80e3-47fe03b77367_639196371479454355.xml,WDBC,Go South Coast,Go South Coast 1013 Outbound,Bournemouth - Wimborne,price_band_3.1@ChildReturn,3.1
BLUS_4103_Inbound_AdultSingle_eed5e2e8-c472-41af-825e-db09ec887334_639196402629902150.xml,BLUS,Go South Coast,Go South Coast 4103 Inbound,Southampton - Eastleigh,price_band_1.0@AdultSingle,1.0
WDBC_2003_Outbound_AdultSingle_a9f4b9e2-e9ea-4456-80e3-47fe03b77367_639196385934585913.xml,WDBC,Go South Coast,Go South Coast 2003 Outbound,Salisbury - Bournemouth,price_band_2.3@AdultSingle,2.3
BLUS_4815_Inbound_ChildReturn_a9f4b9e2-e9ea-4456-80e3-47fe03b77367_639196403514073096.xml,BLUS,Go South Coast,Go South Coast 4815 Inbound,Boyatt Wood - Eastleigh,price_band_4.5@ChildReturn,4.5
TDTR_7546_Outbound_AdultReturn_a9f4b9e2-e9ea-4456-80e3-47fe03b77367_639196410062288639.xml,TDTR,Go South Coast,Go South Coast 7546 Outbound,Shrivenham - Cirencester College,price_band_8.3@AdultReturn,8.3
SWWD_3210_Outbound_ChildSingle_a9f4b9e2-e9ea-4456-80e3-47fe03b77367_639196394099973626.xml,SWWD,Go South Coast,Go South Coast 3210 Outbound,City Centre - St Peters Place,price_band_2.1@ChildSingle,2.1
SWWD_3138_Inbound_AdultReturn_a9f4b9e2-e9ea-4456-80e3-47fe03b77367_639196393538335291.xml,SWWD,Go South Coast,Go South Coast 3138 Inbound,West Dean  - Laverstock & Grammar,price_band_4.2@AdultReturn,4.2
DAMY_6920_Inbound_ChildSingle_a9f4b9e2-e9ea-4456-80e3-47fe03b77367_639196407760505535.xml,DAMY,Go South Coast,Go South Coast 6920 Inbound,Salisbury - Steam Fair,price_band_2.3@ChildSingle,2.3
SWWD_3366_Outbound_AdultSingle_a9f4b9e2-e9ea-4456-80e3-47fe03b77367_639196395716046975.xml,SWWD,Go South Coast,Go South Coast 3366 Outbound,South Wilts Grammar School - Idmiston,price_band_2.3@AdultSingle,2.3
SWWD_3726_Inbound_ChildReturn_a9f4b9e2-e9ea-4456-80e3-47fe03b77367_639196400360478429.xml,SWWD,Go South Coast,Go South Coast 3726 Inbound,Salisbury - East Knoyle,price_band_5.1@ChildReturn,5.1
SWWD_3650_Inbound_ChildReturn_a9f4b9e2-e9ea-4456-80e3-47fe03b77367_639196399981805086.xml,SWWD,Go South Coast,Go South Coast 3650 Inbound,Laverstock Schools  - West Harnham,price_band_3.6@ChildReturn,3.6
WDBC_6903_Outbound_ChildSingle_a9f4b9e2-e9ea-4456-80e3-47fe03b77367_639196407590298414.xml,WDBC,Go South Coast,Go South Coast 6903 Outbound,Swanage - Lulworth,price_band_2.8@ChildSingle,2.8
SWWD_3088_Inbound_AdultReturn_a9f4b9e2-e9ea-4456-80e3-47fe03b77367_639196391861650613.xml,SWWD,Go South Coast,Go South Coast 3088 Inbound,Salisbury - Winterslow Gunville Stockbridge Turn,price_band_4.2@AdultReturn,4.2
SWWD_3302_Outbound_ChildSingle_a9f4b9e2-e9ea-4456-80e3-47fe03b77367_639196394371445611.xml,SWWD,Go South Coast,Go South Coast 3302 Outbound,City Centre - Bishopdown,price_band_2.3@ChildSingle,2.3
SWWD_3307_Inbound_ChildSingle_a9f4b9e2-e9ea-4456-80e3-47fe03b77367_639196394572702999.xml,SWWD,Go South Coast,Go South Coast 3307 Inbound,City Centre - Bishopdown Farm,price_band_1.9@ChildSingle,1.9
DAMY_3183_Inbound_ChildSingle_a9f4b9e2-e9ea-4456-80e3-47fe03b77367_639196393811938325.xml,DAMY,Go South Coast,Go South Coast 3183 Inbound,Blandford - Weymouth,price_band_3.0@ChildSingle,3.0
WDBC_3882_Outbound_ChildReturn_a9f4b9e2-e9ea-4456-80e3-47fe03b77367_639196400664305477.xml,WDBC,Go South Coast,Go South Coast 3882 Outbound,Stratford Road Grammar School - Burgate School,price_band_2.6@ChildReturn,2.6
SWWD_3087_Inbound_ChildSingle_a9f4b9e2-e9ea-4456-80e3-47fe03b77367_639196391757074693.xml,SWWD,Go South Coast,Go South Coast 3087 Inbound,South Wilts Grammar School - Lopcombe Corner,price_band_2.3@ChildSingle,2.3
WDBC_1741_Inbound_ChildReturn_a9f4b9e2-e9ea-4456-80e3-47fe03b77367_639196379050947352.xml,WDBC,Go South Coast,Go South Coast 1741 Inbound,Sandbanks Ferry - Parkstone Grammar School,price_band_2.4@ChildReturn,2.4
WDBC_1786_Inbound_AdultSingle_a9f4b9e2-e9ea-4456-80e3-47fe03b77367_639196379193219072.xml,WDBC,Go South Coast,Go South Coast 1786 Inbound,Park Gates - Bournemouth School for Girls,price_band_4.2@AdultSingle,4.2
SWWD_3008_Inbound_ChildSingle_a9f4b9e2-e9ea-4456-80e3-47fe03b77367_639196390674414802.xml,SWWD,Go South Coast,Go South Coast 3008 Inbound,Salisbury - Zouch Estate,price_band_3.0@ChildSingle,3.0
WDBC_6903_Outbound_ChildSingle_a9f4b9e2-e9ea-4456-80e3-47fe03b77367_639196407590298414.xml,WDBC,Go South Coast,Go South Coast 6903 Outbound,Swanage - Lulworth,price_band_3.0@ChildSingle,3.0
TDTR_7002_Inbound_YoungPersonSgl_a9f4b9e2-e9ea-4456-80e3-47fe03b77367_639196408075151378.xml,TDTR,Go South Coast,Go South Coast 7002 Inbound,Fleming Way - Covingham & Nythe,price_band_1.8@YoungPersonSgl,1.8
WDBC_1821_Outbound_ChildSingle_2f1f0c04-770d-4707-ab06-213c5a798ad7_639196381116964408.xml,WDBC,Go South Coast,Go South Coast 1821 Outbound,Bournemouth - Burton,price_band_1.0@ChildSingle,1.0
WDBC_2137_Outbound_AdultSingle_a9f4b9e2-e9ea-4456-80e3-47fe03b77367_639196386461654257.xml,WDBC,Go South Coast,Go South Coast 2137 Outbound,Ringwood - Ringwood,price_band_2.3@AdultSingle,2.3
WDBC_2186_Inbound_ChildReturn_a9f4b9e2-e9ea-4456-80e3-47fe03b77367_639196386678698346.xml,WDBC,Go South Coast,Go South Coast 2186 Inbound,Southampton - Lymington,price_band_2.6@ChildReturn,2.6
SWWD_3372_Outbound_ChildReturn_a9f4b9e2-e9ea-4456-80e3-47fe03b77367_639196395811064081.xml,SWWD,Go South Coast,Go South Coast 3372 Outbound,City Centre - Bishopdown,price_band_2.5@ChildReturn,2.5
WDBC_6419_Outbound_AdultSingle_a9f4b9e2-e9ea-4456-80e3-47fe03b77367_639196406811265190.xml,WDBC,Go South Coast,Go South Coast 6419 Outbound,Compton Avenue - Poole Grammar,price_band_2.5@AdultSingle,2.5
WDBC_1644_Inbound_ChildSingle_a9f4b9e2-e9ea-4456-80e3-47fe03b77367_639196378937005092.xml,WDBC,Go South Coast,Go South Coast 1644 Inbound,Westbourne - Talbot Campus,price_band_2.5@ChildSingle,2.5
TDTR_7005_Inbound_YoungPersonSgl_a9f4b9e2-e9ea-4456-80e3-47fe03b77367_639196408089555894.xml,TDTR,Go South Coast,Go South Coast 7005 Inbound,Haydon Wick - Park North,price_band_2.5@YoungPersonSgl,2.5
BLUS_4204_Inbound_AdultReturn_a9f4b9e2-e9ea-4456-80e3-47fe03b77367_639196402823175871.xml,BLUS,Go South Coast,Go South Coast 4204 Inbound,Totton - Totton Anti-Clockwise,price_band_4.5@AdultReturn,4.5
WDBC_1841_Outbound_AdultSingle_d46597a9-440e-4c13-b49a-76a3986683d1_639196382320970278.xml,WDBC,Go South Coast,Go South Coast 1841 Outbound,Bournemouth - Mudeford and Somerford,price_band_1.0@AdultSingle,1.0
WDBC_6448_Outbound_ChildReturn_a9f4b9e2-e9ea-4456-80e3-47fe03b77367_639196406895676567.xml,WDBC,Go South Coast,Go South Coast 6448 Outbound,Furnell Road - Parkstone Grammar,price_band_3.4@ChildReturn,3.4
SWWD_3322_Outbound_AdultReturn_a9f4b9e2-e9ea-4456-80e3-47fe03b77367_639196394769538305.xml,SWWD,Go South Coast,Go South Coast 3322 Outbound,City Centre - Bishopdown,price_band_4.5@AdultReturn,4.5
WDBC_6419_Inbound_AdultSingle_a9f4b9e2-e9ea-4456-80e3-47fe03b77367_639196406779974725.xml,WDBC,Go South Coast,Go South Coast 6419 Inbound,Compton Avenue - Poole Grammar,price_band_2.8@AdultSingle,2.8
TDTR_3820_Outbound_AdultReturn_a9f4b9e2-e9ea-4456-80e3-47fe03b77367_639196400552666436.xml,TDTR,Go South Coast,Go South Coast 3820 Outbound,Marlborough - Newbury,price_band_4.7@AdultReturn,4.7
TDTR_7002_Inbound_YoungPersonSgl_a9f4b9e2-e9ea-4456-80e3-47fe03b77367_639196408075151378.xml,TDTR,Go South Coast,Go South Coast 7002 Inbound,Fleming Way - Covingham & Nythe,price_band_2.5@YoungPersonSgl,2.5
SWWD_3266_Inbound_AdultReturn_a9f4b9e2-e9ea-4456-80e3-47fe03b77367_639196394121840197.xml,SWWD,Go South Coast,Go South Coast 3266 Inbound,South Wilts Grammar School - Idmiston,price_band_5.7@AdultReturn,5.7
WDBC_1818_Outbound_AdultSingle_a9f4b9e2-e9ea-4456-80e3-47fe03b77367_639196380357272956.xml,WDBC,Go South Coast,Go South Coast 1818 Outbound,Bournemouth - Broadstone,price_band_2.6@AdultSingle,2.6
WDBC_2953_Outbound_AdultReturn_a9f4b9e2-e9ea-4456-80e3-47fe03b77367_639196388978219889.xml,WDBC,Go South Coast,Go South Coast 2953 Outbound,Salisbury - Ringwood,price_band_5.7@AdultReturn,5.7
BLUS_4805_Inbound_ChildReturn_a9f4b9e2-e9ea-4456-80e3-47fe03b77367_639196403369196820.xml,BLUS,Go South Coast,Go South Coast 4805 Inbound,Boyatt Wood - Shootash,price_band_2.5@ChildReturn,2.5
WDBC_6448_Inbound_AdultSingle_a9f4b9e2-e9ea-4456-80e3-47fe03b77367_639196406834369755.xml,WDBC,Go South Coast,Go South Coast 6448 Inbound,Furnell Road - Parkstone Grammar,price_band_2.0@AdultSingle,2.0
SWWD_3885_Outbound_AdultReturn_a9f4b9e2-e9ea-4456-80e3-47fe03b77367_639196400807148431.xml,SWWD,Go South Coast,Go South Coast 3885 Outbound,Whaddon - Burgate School,price_band_3.8@AdultReturn,3.8
SWWD_3302_Outbound_ChildReturn_a9f4b9e2-e9ea-4456-80e3-47fe03b77367_639196394365905886.xml,SWWD,Go South Coast,Go South Coast 3302 Outbound,City Centre - Bishopdown,price_band_3.8@ChildReturn,3.8
WDBC_3882_Outbound_ChildReturn_a9f4b9e2-e9ea-4456-80e3-47fe03b77367_639196400664305477.xml,WDBC,Go South Coast,Go South Coast 3882 Outbound,Stratford Road Grammar School - Burgate School,price_band_5.1@ChildReturn,5.1
WDBC_2953_Inbound_ChildReturn_a9f4b9e2-e9ea-4456-80e3-47fe03b77367_639196388696796653.xml,WDBC,Go South Coast,Go South Coast 2953 Inbound,Salisbury - Ringwood,price_band_4.6@ChildReturn,4.6
SWWD_3088_Inbound_AdultSingle_a9f4b9e2-e9ea-4456-80e3-47fe03b77367_639196391872742684.xml,SWWD,Go South Coast,Go South Coast 3088 Inbound,Salisbury - Winterslow Gunville Stockbridge Turn,price_band_2.3@AdultSingle,2.3
WDBC_2136_Outbound_AdultSingle_a9f4b9e2-e9ea-4456-80e3-47fe03b77367_639196386433371539.xml,WDBC,Go South Coast,Go South Coast 2136 Outbound,Ringwood - Ringwood,price_band_2.3@AdultSingle,2.3
WDBC_2776_Inbound_ChildReturn_a9f4b9e2-e9ea-4456-80e3-47fe03b77367_639196387518063503.xml,WDBC,Go South Coast,Go South Coast 2776 Inbound,Lyndhurst - Priestlands School,price_band_4.5@ChildReturn,4.5
SWWD_3881_Inbound_ChildReturn_a9f4b9e2-e9ea-4456-80e3-47fe03b77367_639196400588231467.xml,SWWD,Go South Coast,Go South Coast 3881 Inbound,Wilton Road  - Burgate School,price_band_2.6@ChildReturn,2.6
WDBC_6448_Outbound_AdultReturn_a9f4b9e2-e9ea-4456-80e3-47fe03b77367_639196406876950563.xml,WDBC,Go South Coast,Go South Coast 6448 Outbound,Furnell Road - Parkstone Grammar,price_band_5.1@AdultReturn,5.1
BLUS_3135_Inbound_AdultSingle_a9f4b9e2-e9ea-4456-80e3-47fe03b77367_639196393307703675.xml,BLUS,Go South Coast,Go South Coast 3135 Inbound,Romsey - Braishfield,price_band_2.5@AdultSingle,2.5
WDBC_1833_Outbound_AdultSingle_a9f4b9e2-e9ea-4456-80e3-47fe03b77367_639196381669392329.xml,WDBC,Go South Coast,Go South Coast 1833 Outbound,Alum Chine - Castlepoint,price_band_2.8@AdultSingle,2.8
SWWD_7201_Outbound_ChildReturn_a9f4b9e2-e9ea-4456-80e3-47fe03b77367_639196409679715329.xml,SWWD,Go South Coast,Go South Coast 7201 Outbound,Figheldean - Salisbury,price_band_1.7@ChildReturn,1.7
WDBC_2613_Inbound_AdultReturn_a9f4b9e2-e9ea-4456-80e3-47fe03b77367_639196387088472717.xml,WDBC,Go South Coast,Go South Coast 2613 Inbound,Broadstone - Brockenhurst College,price_band_4.6@AdultReturn,4.6
WDBC_1837_Inbound_ChildSingle_2f1f0c04-770d-4707-ab06-213c5a798ad7_639196381896349388.xml,WDBC,Go South Coast,Go South Coast 1837 Inbound,Bournemouth - Bournemouth International Airport,price_band_2.2@ChildSingle,2.2
WDBC_2625_Inbound_AdultSingle_a9f4b9e2-e9ea-4456-80e3-47fe03b77367_639196387351280416.xml,WDBC,Go South Coast,Go South Coast 2625 Inbound,Brook - Brockenhurst College,price_band_4.0@AdultSingle,4.0
BLUS_4103_Outbound_AdultSingle_a9f4b9e2-e9ea-4456-80e3-47fe03b77367_639196402650791438.xml,BLUS,Go South Coast,Go South Coast 4103 Outbound,Southampton - Eastleigh,price_band_2.5@AdultSingle,2.5
WDBC_2613_Outbound_AdultSingle_a9f4b9e2-e9ea-4456-80e3-47fe03b77367_639196387127437651.xml,WDBC,Go South Coast,Go South Coast 2613 Outbound,Broadstone - Brockenhurst College,price_band_3.4@AdultSingle,3.4
DAMY_6307_Outbound_ChildSingle_a9f4b9e2-e9ea-4456-80e3-47fe03b77367_639196406441081124.xml,DAMY,Go South Coast,Go South Coast 6307 Outbound,Blandford - Shaftesbury,price_band_1.5@ChildSingle,1.5
SWWD_3726_Inbound_ChildReturn_a9f4b9e2-e9ea-4456-80e3-47fe03b77367_639196400360478429.xml,SWWD,Go South Coast,Go South Coast 3726 Inbound,Salisbury - East Knoyle,price_band_3.6@ChildReturn,3.6
WDBC_1908_Inbound_ChildSingle_2f1f0c04-770d-4707-ab06-213c5a798ad7_639196383454951234.xml,WDBC,Go South Coast,Go South Coast 1908 Inbound,Poole - Blandford,price_band_2.8@ChildSingle,2.8
SWWD_3885_Inbound_ChildReturn_a9f4b9e2-e9ea-4456-80e3-47fe03b77367_639196400773713449.xml,SWWD,Go South Coast,Go South Coast 3885 Inbound,Whaddon - Burgate School,price_band_5.1@ChildReturn,5.1
WDBC_2003_Inbound_ChildSingle_a9f4b9e2-e9ea-4456-80e3-47fe03b77367_639196385695078988.xml,WDBC,Go South Coast,Go South Coast 2003 Inbound,Salisbury - Bournemouth,price_band_1.9@ChildSingle,1.9
SWWD_3126_Inbound_AdultReturn_a9f4b9e2-e9ea-4456-80e3-47fe03b77367_639196393114062107.xml,SWWD,Go South Coast,Go South Coast 3126 Inbound,Salisbury - Hindon,price_band_4.5@AdultReturn,4.5
WDBC_2633_Inbound_AdultSingle_a9f4b9e2-e9ea-4456-80e3-47fe03b77367_639196387404256464.xml,WDBC,Go South Coast,Go South Coast 2633 Inbound,Wimborne - Brockenhurst College,price_band_5.6@AdultSingle,5.6
WDBC_1644_Outbound_ChildSingle_a9f4b9e2-e9ea-4456-80e3-47fe03b77367_639196378965226105.xml,WDBC,Go South Coast,Go South Coast 1644 Outbound,Westbourne - Talbot Campus,price_band_2.5@ChildSingle,2.5
SWWD_3495_Outbound_ChildSingle_a9f4b9e2-e9ea-4456-80e3-47fe03b77367_639196399012648638.xml,SWWD,Go South Coast,Go South Coast 3495 Outbound,Swindon - Pewsey,price_band_2.7@ChildSingle,2.7
WDBC_1831_Outbound_ChildSingle_2f1f0c04-770d-4707-ab06-213c5a798ad7_639196381523694085.xml,WDBC,Go South Coast,Go South Coast 1831 Outbound,Bournemouth - Hunt Road and Somerford,price_band_1.0@ChildSingle,1.0
BLUS_4009_Inbound_ChildReturn_a9f4b9e2-e9ea-4456-80e3-47fe03b77367_639196401546478686.xml,BLUS,Go South Coast,Go South Coast 4009 Inbound,Southampton - Langley/Fawley,price_band_2.6@ChildReturn,2.6
WDBC_1003_Outbound_AdultSingle_2f1f0c04-770d-4707-ab06-213c5a798ad7_639196370466753147.xml,WDBC,Go South Coast,Go South Coast 1003 Outbound,Poole - Wimborne,price_band_1.0@AdultSingle,1.0
WDBC_1052_Inbound_AdultSingle_a9f4b9e2-e9ea-4456-80e3-47fe03b77367_639196375791206301.xml,WDBC,Go South Coast,Go South Coast 1052 Inbound,Rockley - Sandbanks,price_band_3.0@AdultSingle,3.0
BLUS_4002_Outbound_ChildSingle_a9f4b9e2-e9ea-4456-80e3-47fe03b77367_639196401070552201.xml,BLUS,Go South Coast,Go South Coast 4002 Outbound,Southampton - Fair Oak,price_band_2.5@ChildSingle,2.5
TDTR_3820_Inbound_AdultSingle_a9f4b9e2-e9ea-4456-80e3-47fe03b77367_639196400537447189.xml,TDTR,Go South Coast,Go South Coast 3820 Inbound,Marlborough - Newbury,price_band_2.4@AdultSingle,2.4
WDBC_1644_Outbound_UniIDReturn_a9f4b9e2-e9ea-4456-80e3-47fe03b77367_639196378971098059.xml,WDBC,Go South Coast,Go South Coast 1644 Outbound,Westbourne - Talbot Campus,price_band_3.2@UniIDReturn,3.2
WDBC_2761_Inbound_ChildReturn_a9f4b9e2-e9ea-4456-80e3-47fe03b77367_639196387438273023.xml,WDBC,Go South Coast,Go South Coast 2761 Inbound,Bunkers Hill Cottage - Priestlands School,price_band_5.1@ChildReturn,5.1
WDBC_1831_Outbound_AdultReturn_a9f4b9e2-e9ea-4456-80e3-47fe03b77367_639196381399406217.xml,WDBC,Go South Coast,Go South Coast 1831 Outbound,Bournemouth - Hunt Road and Somerford,price_band_4.2@AdultReturn,4.2
SWWD_3407_Inbound_ChildSingle_a9f4b9e2-e9ea-4456-80e3-47fe03b77367_639196397053560369.xml,SWWD,Go South Coast,Go South Coast 3407 Inbound,Salisbury - Southampton,price_band_1.9@ChildSingle,1.9
SWWD_3451_Outbound_ChildReturn_a9f4b9e2-e9ea-4456-80e3-47fe03b77367_639196397922008390.xml,SWWD,Go South Coast,Go South Coast 3451 Outbound,Salisbury - Sling - Larkhill,price_band_2.9@ChildReturn,2.9
SVCT_5268_Inbound_AdultSingle_a9f4b9e2-e9ea-4456-80e3-47fe03b77367_639196405640238315.xml,SVCT,Go South Coast,Go South Coast 5268 Inbound,Carisbrooke - St Helens,price_band_3.0@AdultSingle,3.0
WDBC_1831_Inbound_ChildSingle_a9f4b9e2-e9ea-4456-80e3-47fe03b77367_639196381160862354.xml,WDBC,Go South Coast,Go South Coast 1831 Inbound,Bournemouth - Hunt Road and Somerford,price_band_2.2@ChildSingle,2.2
WDBC_1054_Inbound_ChildSingle_a9f4b9e2-e9ea-4456-80e3-47fe03b77367_639196376520950971.xml,WDBC,Go South Coast,Go South Coast 1054 Inbound,Poole - Wimborne,price_band_3.0@ChildSingle,3.0
SWWD_3002_Outbound_ChildReturn_a9f4b9e2-e9ea-4456-80e3-47fe03b77367_639196390438312146.xml,SWWD,Go South Coast,Go South Coast 3002 Outbound,Salisbury - Devizes,price_band_3.6@ChildReturn,3.6
WDBC_1052_Outbound_AdultReturn_a9f4b9e2-e9ea-4456-80e3-47fe03b77367_639196375890139301.xml,WDBC,Go South Coast,Go South Coast 1052 Outbound,Rockley - Sandbanks,price_band_4.7@AdultReturn,4.7
WDBC_1415_Inbound_ChildSingle_a9f4b9e2-e9ea-4456-80e3-47fe03b77367_639196378702472364.xml,WDBC,Go South Coast,Go South Coast 1415 Inbound,Poole High - Canford Heath,price_band_2.5@ChildSingle,2.5
WDBC_1818_Outbound_AdultSingle_a9f4b9e2-e9ea-4456-80e3-47fe03b77367_639196380357272956.xml,WDBC,Go South Coast,Go South Coast 1818 Outbound,Bournemouth - Broadstone,price_band_2.3@AdultSingle,2.3
WDBC_1015_Inbound_AdultSingle_a9f4b9e2-e9ea-4456-80e3-47fe03b77367_639196371683321933.xml,WDBC,Go South Coast,Go South Coast 1015 Inbound,Poole - Bournemouth Hospital,price_band_2.3@AdultSingle,2.3
WDBC_2620_Outbound_AdultSingle_a9f4b9e2-e9ea-4456-80e3-47fe03b77367_639196387323310170.xml,WDBC,Go South Coast,Go South Coast 2620 Outbound,Thorney Hill - Brockenhurst College,price_band_2.0@AdultSingle,2.0
WDBC_1833_Outbound_AdultSingle_a9f4b9e2-e9ea-4456-80e3-47fe03b77367_639196381669392329.xml,WDBC,Go South Coast,Go South Coast 1833 Outbound,Alum Chine - Castlepoint,price_band_2.6@AdultSingle,2.6
SVCT_8502_Outbound_ChildSingle_a9f4b9e2-e9ea-4456-80e3-47fe03b77367_639196410636142625.xml,SVCT,Go South Coast,Go South Coast 8502 Outbound,Downs - Breezer,price_band_2.4@ChildSingle,2.4
WDBC_2112_Outbound_AdultReturn_a9f4b9e2-e9ea-4456-80e3-47fe03b77367_639196386339679969.xml,WDBC,Go South Coast,Go South Coast 2112 Outbound,Hythe - Lymington,price_band_6.0@AdultReturn,6.0
WDBC_1017_Outbound_ChildSingle_a9f4b9e2-e9ea-4456-80e3-47fe03b77367_639196372967059728.xml,WDBC,Go South Coast,Go South Coast 1017 Outbound,Poole - Bournemouth,price_band_2.5@ChildSingle,2.5
DAMY_6487_Outbound_ChildReturn_a9f4b9e2-e9ea-4456-80e3-47fe03b77367_639196407147859780.xml,DAMY,Go South Coast,Go South Coast 6487 Outbound,Blandford - Dorchester,price_band_2.8@ChildReturn,2.8
WDBC_1908_Outbound_ChildSingle_2f1f0c04-770d-4707-ab06-213c5a798ad7_639196383499614451.xml,WDBC,Go South Coast,Go South Coast 1908 Outbound,Poole - Blandford,price_band_2.1@ChildSingle,2.1
DAMY_6307_Inbound_AdultReturn_a9f4b9e2-e9ea-4456-80e3-47fe03b77367_639196406421197807.xml,DAMY,Go South Coast,Go South Coast 6307 Inbound,Blandford - Shaftesbury,price_band_4.5@AdultReturn,4.5
WDBC_1744_Inbound_ChildReturn_a9f4b9e2-e9ea-4456-80e3-47fe03b77367_639196379098667119.xml,WDBC,Go South Coast,Go South Coast 1744 Inbound,Old Town - South Road Middle,price_band_3.4@ChildReturn,3.4
DAMY_6307_Outbound_AdultSingle_a9f4b9e2-e9ea-4456-80e3-47fe03b77367_639196406435350986.xml,DAMY,Go South Coast,Go South Coast 6307 Outbound,Blandford - Shaftesbury,price_band_2.5@AdultSingle,2.5
WDBC_2191_Outbound_ChildReturn_a9f4b9e2-e9ea-4456-80e3-47fe03b77367_639196386878224070.xml,WDBC,Go South Coast,Go South Coast 2191 Outbound,New Milton - New Milton,price_band_2.9@ChildReturn,2.9
WDBC_1040_Inbound_ChildReturn_a9f4b9e2-e9ea-4456-80e3-47fe03b77367_639196374887739308.xml,WDBC,Go South Coast,Go South Coast 1040 Inbound,Swanage - Poole,price_band_5.6@ChildReturn,5.6
WDBC_1015_Inbound_AdultReturn_a9f4b9e2-e9ea-4456-80e3-47fe03b77367_639196371659607102.xml,WDBC,Go South Coast,Go South Coast 1015 Inbound,Poole - Bournemouth Hospital,price_band_4.7@AdultReturn,4.7
DAMY_6486_Inbound_ChildSingle_a9f4b9e2-e9ea-4456-80e3-47fe03b77367_639196407049090091.xml,DAMY,Go South Coast,Go South Coast 6486 Inbound,Milton Abbey - Thomas Hardye,price_band_4.7@ChildSingle,4.7
SWWD_3684_Inbound_ChildSingle_a9f4b9e2-e9ea-4456-80e3-47fe03b77367_639196400279500602.xml,SWWD,Go South Coast,Go South Coast 3684 Inbound,Coombe Bissett - Burgate,price_band_3.5@ChildSingle,3.5
SWWD_3677_Inbound_ChildReturn_a9f4b9e2-e9ea-4456-80e3-47fe03b77367_639196400161512315.xml,SWWD,Go South Coast,Go South Coast 3677 Inbound,Stratford Road Grammar School - West Wellow,price_band_6.0@ChildReturn,6.0
SWWD_3525_Outbound_AdultReturn_a9f4b9e2-e9ea-4456-80e3-47fe03b77367_639196399520980984.xml,SWWD,Go South Coast,Go South Coast 3525 Outbound,City Centre - Petersfinger Park & Ride,price_band_3.5@AdultReturn,3.5
SWWD_3726_Outbound_AdultSingle_a9f4b9e2-e9ea-4456-80e3-47fe03b77367_639196400396841031.xml,SWWD,Go South Coast,Go South Coast 3726 Outbound,Salisbury - East Knoyle,price_band_2.7@AdultSingle,2.7
WDBC_2002_Outbound_ChildSingle_2f1f0c04-770d-4707-ab06-213c5a798ad7_639196385595886681.xml,WDBC,Go South Coast,Go South Coast 2002 Outbound,Bournemouth - Lymington,price_band_2.8@ChildSingle,2.8
WDBC_1725_Outbound_ChildReturn_a9f4b9e2-e9ea-4456-80e3-47fe03b77367_639196379027738448.xml,WDBC,Go South Coast,Go South Coast 1725 Outbound,Wareham - Lytchett Minster School,price_band_2.4@ChildReturn,2.4
SWWD_3407_Inbound_ChildSingle_f15d1b06-486f-433a-8991-95f1a97a87e0_639196397266649239.xml,SWWD,Go South Coast,Go South Coast 3407 Inbound,Salisbury - Southampton,price_band_2.3@ChildSingle,2.3
WDBC_1038_Outbound_ChildSingle_a9f4b9e2-e9ea-4456-80e3-47fe03b77367_639196374719725195.xml,WDBC,Go South Coast,Go South Coast 1038 Outbound,Ferndown - Ringwood,price_band_2.9@ChildSingle,2.9
WDBC_8229_Outbound_AdultSingle_a9f4b9e2-e9ea-4456-80e3-47fe03b77367_639196410358482826.xml,WDBC,Go South Coast,Go South Coast 8229 Outbound,Lyndhurst - Ringwood RED,price_band_21.5@AdultSingle,21.5
WDBC_1805_Outbound_ChildReturn_a9f4b9e2-e9ea-4456-80e3-47fe03b77367_639196379814868213.xml,WDBC,Go South Coast,Go South Coast 1805 Outbound,Bournemouth - Kinson,price_band_2.8@ChildReturn,2.8
WDBC_6449_Inbound_ChildReturn_a9f4b9e2-e9ea-4456-80e3-47fe03b77367_639196406931268887.xml,WDBC,Go South Coast,Go South Coast 6449 Inbound,St Osmunds - Parkstone Grammar,price_band_2.2@ChildReturn,2.2
WDBC_6416_Outbound_ChildSingle_a9f4b9e2-e9ea-4456-80e3-47fe03b77367_639196406660001858.xml,WDBC,Go South Coast,Go South Coast 6416 Outbound,Penn Hill Avenue  - Poole Grammar School,price_band_3.1@ChildSingle,3.1
WDBC_1643_Outbound_ChildSingle_2f1f0c04-770d-4707-ab06-213c5a798ad7_639196378926138936.xml,WDBC,Go South Coast,Go South Coast 1643 Outbound,Fishermans Walk - Talbot Campus,price_band_1.0@ChildSingle,1.0
BLUS_4018_Inbound_ChildSingle_eed5e2e8-c472-41af-825e-db09ec887334_639196402156664059.xml,BLUS,Go South Coast,Go South Coast 4018 Inbound,Millbrook - Thornhill,price_band_1.0@ChildSingle,1.0
WDBC_1818_Inbound_ChildReturn_a9f4b9e2-e9ea-4456-80e3-47fe03b77367_639196380196017237.xml,WDBC,Go South Coast,Go South Coast 1818 Inbound,Bournemouth - Broadstone,price_band_3.7@ChildReturn,3.7
SWWD_3029_Outbound_ChildSingle_a9f4b9e2-e9ea-4456-80e3-47fe03b77367_639196391456912319.xml,SWWD,Go South Coast,Go South Coast 3029 Outbound,Salisbury - Shaftesbury,price_band_2.3@ChildSingle,2.3
SWWD_3651_Outbound_AdultSingle_a9f4b9e2-e9ea-4456-80e3-47fe03b77367_639196399999646061.xml,SWWD,Go South Coast,Go South Coast 3651 Outbound,Avon Valley College - Sling,price_band_2.3@AdultSingle,2.3
SWWD_3886_Outbound_AdultSingle_a9f4b9e2-e9ea-4456-80e3-47fe03b77367_639196400888306245.xml,SWWD,Go South Coast,Go South Coast 3886 Outbound,St Peters Place  - Burgate School,price_band_2.1@AdultSingle,2.1
SVCT_5259_Outbound_YoungAdSingle_a9f4b9e2-e9ea-4456-80e3-47fe03b77367_639196405591559045.xml,SVCT,Go South Coast,Go South Coast 5259 Outbound,Carisbrooke - Bembridge,price_band_3.0@YoungAdSingle,3.0
WDBC_1903_Outbound_ChildSingle_d46597a9-440e-4c13-b49a-76a3986683d1_639196383413417697.xml,WDBC,Go South Coast,Go South Coast 1903 Outbound,Poole - Wimborne,price_band_1.9@ChildSingle,1.9
BLUS_4002_Outbound_AdultReturn_a9f4b9e2-e9ea-4456-80e3-47fe03b77367_639196401066009383.xml,BLUS,Go South Coast,Go South Coast 4002 Outbound,Southampton - Fair Oak,price_band_5.7@AdultReturn,5.7
TDTR_7539_Inbound_ChildReturn_a9f4b9e2-e9ea-4456-80e3-47fe03b77367_639196409948305281.xml,TDTR,Go South Coast,Go South Coast 7539 Inbound,Wroughton - Cirencester College,price_band_8.3@ChildReturn,8.3
TDTR_7076_Inbound_YoungPersonRtn_a9f4b9e2-e9ea-4456-80e3-47fe03b77367_639196408679877245.xml,TDTR,Go South Coast,Go South Coast 7076 Inbound,Marlborough - Bath,price_band_2.5@YoungPersonRtn,2.5
SWWD_3885_Outbound_ChildReturn_a9f4b9e2-e9ea-4456-80e3-47fe03b77367_639196400840543507.xml,SWWD,Go South Coast,Go South Coast 3885 Outbound,Whaddon - Burgate School,price_band_5.8@ChildReturn,5.8
WDBC_1804_Inbound_AdultReturn_a9f4b9e2-e9ea-4456-80e3-47fe03b77367_639196379664428327.xml,WDBC,Go South Coast,Go South Coast 1804 Inbound,Bournemouth - Castlepoint,price_band_4.7@AdultReturn,4.7
WDBC_1642_Inbound_ChildSingle_a9f4b9e2-e9ea-4456-80e3-47fe03b77367_639196378784556325.xml,WDBC,Go South Coast,Go South Coast 1642 Inbound,Poole  - Talbot Campus,price_band_1.9@ChildSingle,1.9
UNIL_4707_Outbound_AdultSingle_a9f4b9e2-e9ea-4456-80e3-47fe03b77367_639196403139194975.xml,UNIL,Go South Coast,Go South Coast 4707 Outbound,Highfield - Winchester,price_band_3.0@AdultSingle,3.0
SWWD_3044_Inbound_AdultReturn_a9f4b9e2-e9ea-4456-80e3-47fe03b77367_639196391630327417.xml,SWWD,Go South Coast,Go South Coast 3044 Inbound,Salisbury - Woodfalls,price_band_4.2@AdultReturn,4.2
SWWD_3517_Outbound_AdultReturn_a9f4b9e2-e9ea-4456-80e3-47fe03b77367_639196399387616314.xml,SWWD,Go South Coast,Go South Coast 3517 Outbound,New Canal  - Lopcombe Corner,price_band_3.5@AdultReturn,3.5
SVCT_5108_Inbound_YoungAdSingle_a9f4b9e2-e9ea-4456-80e3-47fe03b77367_639196405224095926.xml,SVCT,Go South Coast,Go South Coast 5108 Inbound,Ryde  - Newport,price_band_3.0@YoungAdSingle,3.0
BLUS_4503_Inbound_ChildSingle_a9f4b9e2-e9ea-4456-80e3-47fe03b77367_639196402954065006.xml,BLUS,Go South Coast,Go South Coast 4503 Inbound,Valley Park - Thornden,price_band_2.3@ChildSingle,2.3
WDBC_1883_Inbound_ChildReturn_a9f4b9e2-e9ea-4456-80e3-47fe03b77367_639196382512904232.xml,WDBC,Go South Coast,Go South Coast 1883 Inbound,Alum Chine - Castlepoint,price_band_3.1@ChildReturn,3.1
WDBC_1060_Outbound_AdultSingle_a9f4b9e2-e9ea-4456-80e3-47fe03b77367_639196376864019750.xml,WDBC,Go South Coast,Go South Coast 1060 Outbound,Rockley - Sandbanks,price_band_2.6@AdultSingle,2.6
SWWD_3684_Inbound_AdultReturn_a9f4b9e2-e9ea-4456-80e3-47fe03b77367_639196400263021587.xml,SWWD,Go South Coast,Go South Coast 3684 Inbound,Coombe Bissett - Burgate,price_band_5.4@AdultReturn,5.4
DAMY_3183_Outbound_AdultReturn_a9f4b9e2-e9ea-4456-80e3-47fe03b77367_639196393911267969.xml,DAMY,Go South Coast,Go South Coast 3183 Outbound,Blandford - Weymouth,price_band_5.5@AdultReturn,5.5
WDBC_2761_Outbound_ChildSingle_a9f4b9e2-e9ea-4456-80e3-47fe03b77367_639196387454705173.xml,WDBC,Go South Coast,Go South Coast 2761 Outbound,Bunkers Hill Cottage - Priestlands School,price_band_2.1@ChildSingle,2.1
WDBC_1013_Outbound_AdultSingle_d46597a9-440e-4c13-b49a-76a3986683d1_639196371573859493.xml,WDBC,Go South Coast,Go South Coast 1013 Outbound,Bournemouth - Wimborne,price_band_2.8@AdultSingle,2.8
WDBC_6448_Inbound_AdultSingle_a9f4b9e2-e9ea-4456-80e3-47fe03b77367_639196406834369755.xml,WDBC,Go South Coast,Go South Coast 6448 Inbound,Furnell Road - Parkstone Grammar,price_band_2.9@AdultSingle,2.9
SWWD_3322_Outbound_AdultSingle_a9f4b9e2-e9ea-4456-80e3-47fe03b77367_639196394776175793.xml,SWWD,Go South Coast,Go South Coast 3322 Outbound,City Centre - Bishopdown,price_band_2.3@AdultSingle,2.3
WDBC_1020_Inbound_ChildSingle_a9f4b9e2-e9ea-4456-80e3-47fe03b77367_639196373307408516.xml,WDBC,Go South Coast,Go South Coast 1020 Inbound,Poole - Christchurch,price_band_2.8@ChildSingle,2.8
SVCT_5012_Outbound_AdultSingle_a9f4b9e2-e9ea-4456-80e3-47fe03b77367_639196404245657049.xml,SVCT,Go South Coast,Go South Coast 5012 Outbound,Newport - Alum Bay,price_band_3.0@AdultSingle,3.0
WDBC_3882_Inbound_ChildReturn_a9f4b9e2-e9ea-4456-80e3-47fe03b77367_639196400640344963.xml,WDBC,Go South Coast,Go South Coast 3882 Inbound,Stratford Road Grammar School - Burgate School,price_band_3.8@ChildReturn,3.8
SWWD_3726_Inbound_ChildSingle_a9f4b9e2-e9ea-4456-80e3-47fe03b77367_639196400346811942.xml,SWWD,Go South Coast,Go South Coast 3726 Inbound,Salisbury - East Knoyle,price_band_2.5@ChildSingle,2.5
SWWD_3125_Inbound_ChildReturn_a9f4b9e2-e9ea-4456-80e3-47fe03b77367_639196392828778045.xml,SWWD,Go South Coast,Go South Coast 3125 Inbound,South Wilts Grammar School - Hindon,price_band_5.6@ChildReturn,5.6
SVCT_8502_Outbound_AdultSingle_a9f4b9e2-e9ea-4456-80e3-47fe03b77367_639196410627374576.xml,SVCT,Go South Coast,Go South Coast 8502 Outbound,Downs - Breezer,price_band_15.9@AdultSingle,15.9
WDBC_3882_Inbound_ChildReturn_a9f4b9e2-e9ea-4456-80e3-47fe03b77367_639196400640344963.xml,WDBC,Go South Coast,Go South Coast 3882 Inbound,Stratford Road Grammar School - Burgate School,price_band_6.0@ChildReturn,6.0
SWWD_3645_Inbound_ChildSingle_a9f4b9e2-e9ea-4456-80e3-47fe03b77367_639196399779822412.xml,SWWD,Go South Coast,Go South Coast 3645 Inbound,Stratford Road Grammar School - Hamptworth Cuckoo,price_band_2.9@ChildSingle,2.9
WDBC_6419_Inbound_ChildSingle_a9f4b9e2-e9ea-4456-80e3-47fe03b77367_639196406796721247.xml,WDBC,Go South Coast,Go South Coast 6419 Inbound,Compton Avenue - Poole Grammar,price_band_3.4@ChildSingle,3.4
BLUS_4001_Outbound_AdultSingle_eed5e2e8-c472-41af-825e-db09ec887334_639196400999900236.xml,BLUS,Go South Coast,Go South Coast 4001 Outbound,Southampton - Winchester,price_band_1.0@AdultSingle,1.0
BLUS_4002_Outbound_AdultReturn_a9f4b9e2-e9ea-4456-80e3-47fe03b77367_639196401066009383.xml,BLUS,Go South Coast,Go South Coast 4002 Outbound,Southampton - Fair Oak,price_band_4.5@AdultReturn,4.5
TDTR_7536_Outbound_ChildSingle_a9f4b9e2-e9ea-4456-80e3-47fe03b77367_639196409879579528.xml,TDTR,Go South Coast,Go South Coast 7536 Outbound,Stanford In The Vale - Shrivenham,price_band_5.2@ChildSingle,5.2
WDBC_1068_Outbound_ChildSingle_a9f4b9e2-e9ea-4456-80e3-47fe03b77367_639196376958321450.xml,WDBC,Go South Coast,Go South Coast 1068 Outbound,Poole - Poole Clockwise,price_band_2.5@ChildSingle,2.5
SWWD_7201_Outbound_AdultReturn_a9f4b9e2-e9ea-4456-80e3-47fe03b77367_639196409656757382.xml,SWWD,Go South Coast,Go South Coast 7201 Outbound,Figheldean - Salisbury,price_band_5.6@AdultReturn,5.6
TDTR_7148_Outbound_AdultSingle_a9f4b9e2-e9ea-4456-80e3-47fe03b77367_639196409179812811.xml,TDTR,Go South Coast,Go South Coast 7148 Outbound,Swindon - Marlborough,price_band_1.5@AdultSingle,1.5
UNIL_4741_Inbound_ChildSingle_eed5e2e8-c472-41af-825e-db09ec887334_639196403339390430.xml,UNIL,Go South Coast,Go South Coast 4741 Inbound,Wessex Lane - Highfield Campus,price_band_1.0@ChildSingle,1.0
SWWD_3044_Outbound_ChildSingle_a9f4b9e2-e9ea-4456-80e3-47fe03b77367_639196391706881165.xml,SWWD,Go South Coast,Go South Coast 3044 Outbound,Salisbury - Woodfalls,price_band_2.3@ChildSingle,2.3
BLUS_4007_Outbound_ChildSingle_f15d1b06-486f-433a-8991-95f1a97a87e0_639196401403145757.xml,BLUS,Go South Coast,Go South Coast 4007 Outbound,Lordshill - Sholing,price_band_1.0@ChildSingle,1.0
SWWD_3517_Inbound_AdultReturn_a9f4b9e2-e9ea-4456-80e3-47fe03b77367_639196399331085267.xml,SWWD,Go South Coast,Go South Coast 3517 Inbound,New Canal  - Lopcombe Corner,price_band_6.0@AdultReturn,6.0
SWWD_3511_Inbound_AdultSingle_a9f4b9e2-e9ea-4456-80e3-47fe03b77367_639196399096499816.xml,SWWD,Go South Coast,Go South Coast 3511 Inbound,Blue Boar Row - Old Sarum,price_band_2.3@AdultSingle,2.3
BLUS_4805_Outbound_AdultSingle_a9f4b9e2-e9ea-4456-80e3-47fe03b77367_639196403507435583.xml,BLUS,Go South Coast,Go South Coast 4805 Outbound,Boyatt Wood - Shootash,price_band_2.3@AdultSingle,2.3
WDBC_2953_Outbound_AdultSingle_a9f4b9e2-e9ea-4456-80e3-47fe03b77367_639196389007625816.xml,WDBC,Go South Coast,Go South Coast 2953 Outbound,Salisbury - Ringwood,price_band_2.3@AdultSingle,2.3
WDBC_8209_Outbound_AdultSingle_a9f4b9e2-e9ea-4456-80e3-47fe03b77367_639196410338766567.xml,WDBC,Go South Coast,Go South Coast 8209 Outbound,Ringwood - Lyndhurst RED,price_band_2.0@AdultSingle,2.0
SWWD_3102_Outbound_AdultReturn_a9f4b9e2-e9ea-4456-80e3-47fe03b77367_639196392182546296.xml,SWWD,Go South Coast,Go South Coast 3102 Outbound,Salisbury - Devizes,price_band_4.2@AdultReturn,4.2
WDBC_6449_Inbound_AdultSingle_a9f4b9e2-e9ea-4456-80e3-47fe03b77367_639196406904386428.xml,WDBC,Go South Coast,Go South Coast 6449 Inbound,St Osmunds - Parkstone Grammar,price_band_3.5@AdultSingle,3.5
WDBC_1011_Inbound_ChildSingle_a9f4b9e2-e9ea-4456-80e3-47fe03b77367_639196371010936977.xml,WDBC,Go South Coast,Go South Coast 1011 Inbound,Bournemouth - Canford Paddock,price_band_1.6@ChildSingle,1.6
BLUS_4815_Outbound_AdultSingle_a9f4b9e2-e9ea-4456-80e3-47fe03b77367_639196403562164209.xml,BLUS,Go South Coast,Go South Coast 4815 Outbound,Boyatt Wood - Eastleigh,price_band_3.0@AdultSingle,3.0
SWWD_3663_Inbound_ChildSingle_a9f4b9e2-e9ea-4456-80e3-47fe03b77367_639196400025343893.xml,SWWD,Go South Coast,Go South Coast 3663 Inbound,Wilton Road  - Laverstock Schools,price_band_1.9@ChildSingle,1.9
WDBC_1011_Outbound_ChildReturn_a9f4b9e2-e9ea-4456-80e3-47fe03b77367_639196371081628281.xml,WDBC,Go South Coast,Go South Coast 1011 Outbound,Bournemouth - Canford Paddock,price_band_3.1@ChildReturn,3.1
DAMY_3183_Inbound_AdultReturn_a9f4b9e2-e9ea-4456-80e3-47fe03b77367_639196393797551416.xml,DAMY,Go South Coast,Go South Coast 3183 Inbound,Blandford - Weymouth,price_band_4.4@AdultReturn,4.4
WDBC_6701_Outbound_ChildSingle_a9f4b9e2-e9ea-4456-80e3-47fe03b77367_639196407360617162.xml,WDBC,Go South Coast,Go South Coast 6701 Outbound,Queen Elizabeth's School - Kinson,price_band_3.1@ChildSingle,3.1
TDTR_7076_Outbound_YoungPersonRtn_a9f4b9e2-e9ea-4456-80e3-47fe03b77367_639196408736218992.xml,TDTR,Go South Coast,Go South Coast 7076 Outbound,Marlborough - Bath,price_band_2.0@YoungPersonRtn,2.0
DAMY_6020_Outbound_ChildSingle_a9f4b9e2-e9ea-4456-80e3-47fe03b77367_639196406143501955.xml,DAMY,Go South Coast,Go South Coast 6020 Outbound,Salisbury - Blandford,price_band_2.5@ChildSingle,2.5
WDBC_2024_Outbound_AdultSingle_a9f4b9e2-e9ea-4456-80e3-47fe03b77367_639196386238938482.xml,WDBC,Go South Coast,Go South Coast 2024 Outbound,Castlepoint - Christchurch,price_band_3.0@AdultSingle,3.0
WDBC_1801_Inbound_AdultSingle_d46597a9-440e-4c13-b49a-76a3986683d1_639196379460063512.xml,WDBC,Go South Coast,Go South Coast 1801 Inbound,Bournemouth - Christchurch,price_band_1.0@AdultSingle,1.0
SWWD_3088_Inbound_ChildSingle_a9f4b9e2-e9ea-4456-80e3-47fe03b77367_639196391897266359.xml,SWWD,Go South Coast,Go South Coast 3088 Inbound,Salisbury - Winterslow Gunville Stockbridge Turn,price_band_1.9@ChildSingle,1.9
WDBC_1040_Inbound_AdultReturn_a9f4b9e2-e9ea-4456-80e3-47fe03b77367_639196374792359537.xml,WDBC,Go South Coast,Go South Coast 1040 Inbound,Swanage - Poole,price_band_5.1@AdultReturn,5.1
SWWD_3088_Inbound_ChildReturn_a9f4b9e2-e9ea-4456-80e3-47fe03b77367_639196391885732650.xml,SWWD,Go South Coast,Go South Coast 3088 Inbound,Salisbury - Winterslow Gunville Stockbridge Turn,price_band_4.9@ChildReturn,4.9
WDBC_6415_Inbound_ChildReturn_a9f4b9e2-e9ea-4456-80e3-47fe03b77367_639196406505178677.xml,WDBC,Go South Coast,Go South Coast 6415 Inbound,St Anns Hospital - Poole Grammar School,price_band_5.2@ChildReturn,5.2
TDTR_7015_Inbound_AdultSingle_a9f4b9e2-e9ea-4456-80e3-47fe03b77367_639196408201851358.xml,TDTR,Go South Coast,Go South Coast 7015 Inbound,Haydon Wick - Bus Station,price_band_3.0@AdultSingle,3.0
WDBC_1415_Inbound_AdultReturn_a9f4b9e2-e9ea-4456-80e3-47fe03b77367_639196378709860803.xml,WDBC,Go South Coast,Go South Coast 1415 Inbound,Poole High - Canford Heath,price_band_4.2@AdultReturn,4.2
WDBC_1643_Inbound_UniIDReturn_a9f4b9e2-e9ea-4456-80e3-47fe03b77367_639196378877040044.xml,WDBC,Go South Coast,Go South Coast 1643 Inbound,Fishermans Walk - Talbot Campus,price_band_3.2@UniIDReturn,3.2
BLUS_4002_Outbound_AdultReturn_a9f4b9e2-e9ea-4456-80e3-47fe03b77367_639196401066009383.xml,BLUS,Go South Coast,Go South Coast 4002 Outbound,Southampton - Fair Oak,price_band_6.0@AdultReturn,6.0
WDBC_6416_Inbound_AdultSingle_a9f4b9e2-e9ea-4456-80e3-47fe03b77367_639196406602363431.xml,WDBC,Go South Coast,Go South Coast 6416 Inbound,Penn Hill Avenue  - Poole Grammar School,price_band_2.0@AdultSingle,2.0
SWWD_3310_Inbound_AdultSingle_a9f4b9e2-e9ea-4456-80e3-47fe03b77367_639196394660608586.xml,SWWD,Go South Coast,Go South Coast 3310 Inbound,City Centre - St Peters Place,price_band_3.0@AdultSingle,3.0
WDBC_1805_Inbound_AdultSingle_a9f4b9e2-e9ea-4456-80e3-47fe03b77367_639196379748370852.xml,WDBC,Go South Coast,Go South Coast 1805 Inbound,Bournemouth - Kinson,price_band_2.6@AdultSingle,2.6
BLUS_4009_Inbound_AdultSingle_a9f4b9e2-e9ea-4456-80e3-47fe03b77367_639196401525833382.xml,BLUS,Go South Coast,Go South Coast 4009 Inbound,Southampton - Langley/Fawley,price_band_2.6@AdultSingle,2.6
WDBC_6418_Outbound_ChildSingle_a9f4b9e2-e9ea-4456-80e3-47fe03b77367_639196406763434311.xml,WDBC,Go South Coast,Go South Coast 6418 Outbound,Sandbanks Ferry - Poole Grammar School,price_band_1.6@ChildSingle,1.6
DAMY_6487_Outbound_ChildSingle_a9f4b9e2-e9ea-4456-80e3-47fe03b77367_639196407161038133.xml,DAMY,Go South Coast,Go South Coast 6487 Outbound,Blandford - Dorchester,price_band_1.8@ChildSingle,1.8
SWWD_3407_Outbound_AdultReturn_a9f4b9e2-e9ea-4456-80e3-47fe03b77367_639196397463452948.xml,SWWD,Go South Coast,Go South Coast 3407 Outbound,Salisbury - Southampton,price_band_4.5@AdultReturn,4.5
BLUS_4204_Inbound_ChildReturn_a9f4b9e2-e9ea-4456-80e3-47fe03b77367_639196402829776336.xml,BLUS,Go South Coast,Go South Coast 4204 Inbound,Totton - Totton Anti-Clockwise,price_band_3.3@ChildReturn,3.3
SWWD_3326_Inbound_ChildReturn_a9f4b9e2-e9ea-4456-80e3-47fe03b77367_639196395157852986.xml,SWWD,Go South Coast,Go South Coast 3326 Inbound,Salisbury - Hindon,price_band_3.8@ChildReturn,3.8
SVCT_5273_Outbound_ChildSingle_a9f4b9e2-e9ea-4456-80e3-47fe03b77367_639196405705889504.xml,SVCT,Go South Coast,Go South Coast 5273 Outbound,Newport - Ventnor,price_band_2.4@ChildSingle,2.4
WDBC_6449_Inbound_AdultSingle_a9f4b9e2-e9ea-4456-80e3-47fe03b77367_639196406904386428.xml,WDBC,Go South Coast,Go South Coast 6449 Inbound,St Osmunds - Parkstone Grammar,price_band_2.0@AdultSingle,2.0
SWWD_7086_Outbound_ChildSingle_a9f4b9e2-e9ea-4456-80e3-47fe03b77367_639196408903632613.xml,SWWD,Go South Coast,Go South Coast 7086 Outbound,Ansty - Shaftesbury,price_band_1.4@ChildSingle,1.4
WDBC_6898_Inbound_ChildReturn_a9f4b9e2-e9ea-4456-80e3-47fe03b77367_639196407426931715.xml,WDBC,Go South Coast,Go South Coast 6898 Inbound,Poole  - ASDA,price_band_2.8@ChildReturn,2.8
SWWD_3126_Outbound_AdultSingle_a9f4b9e2-e9ea-4456-80e3-47fe03b77367_639196393235980758.xml,SWWD,Go South Coast,Go South Coast 3126 Outbound,Salisbury - Hindon,price_band_3.0@AdultSingle,3.0
BLUS_4026_Outbound_AdultSingle_a9f4b9e2-e9ea-4456-80e3-47fe03b77367_639196402515754293.xml,BLUS,Go South Coast,Go South Coast 4026 Outbound,Southampton - Whiteley,price_band_3.0@AdultSingle,3.0
TDTR_7148_Outbound_YoungPersonSgl_a9f4b9e2-e9ea-4456-80e3-47fe03b77367_639196409228185458.xml,TDTR,Go South Coast,Go South Coast 7148 Outbound,Swindon - Marlborough,price_band_1.7@YoungPersonSgl,1.7
SVCT_5008_Outbound_YoungAdSingle_a9f4b9e2-e9ea-4456-80e3-47fe03b77367_639196404159391116.xml,SVCT,Go South Coast,Go South Coast 5008 Outbound,Newport  - Ryde,price_band_2.4@YoungAdSingle,2.4
WDBC_1099_Outbound_AdultSingle_a9f4b9e2-e9ea-4456-80e3-47fe03b77367_639196377200198294.xml,WDBC,Go South Coast,Go South Coast 1099 Outbound,Boscombe - Boscombe Pier,price_band_1.5@AdultSingle,1.5
SWWD_3515_Inbound_AdultReturn_a9f4b9e2-e9ea-4456-80e3-47fe03b77367_639196399281175508.xml,SWWD,Go South Coast,Go South Coast 3515 Inbound,City Centre - Petersfinger Park & Ride,price_band_4.2@AdultReturn,4.2
BLUS_4021_Inbound_AdultSingle_a9f4b9e2-e9ea-4456-80e3-47fe03b77367_639196402330441605.xml,BLUS,Go South Coast,Go South Coast 4021 Inbound,Southampton - Lordshill,price_band_2.6@AdultSingle,2.6
WDBC_8601_Inbound_AdultReturn_7d800d50-9d7d-4ca5-8d9f-bc4e97764d9d_639196410834050907.xml,WDBC,Go South Coast,Go South Coast 8601 Inbound,Creekmoor - Poole,price_band_1.5@AdultReturn,1.5
WDBC_6449_Inbound_ChildSingle_a9f4b9e2-e9ea-4456-80e3-47fe03b77367_639196406922445975.xml,WDBC,Go South Coast,Go South Coast 6449 Inbound,St Osmunds - Parkstone Grammar,price_band_3.4@ChildSingle,3.4
WDBC_2186_Inbound_AdultReturn_a9f4b9e2-e9ea-4456-80e3-47fe03b77367_639196386670547250.xml,WDBC,Go South Coast,Go South Coast 2186 Inbound,Southampton - Lymington,price_band_4.5@AdultReturn,4.5
SWWD_3509_Outbound_AdultSingle_a9f4b9e2-e9ea-4456-80e3-47fe03b77367_639196399080553989.xml,SWWD,Go South Coast,Go South Coast 3509 Outbound,Milford Street - New Canal,price_band_2.3@AdultSingle,2.3
TDTR_7156_Outbound_YoungPersonSgl_a9f4b9e2-e9ea-4456-80e3-47fe03b77367_639196409299802894.xml,TDTR,Go South Coast,Go South Coast 7156 Outbound,Snodshill - Ridgeway School,price_band_2.6@YoungPersonSgl,2.6
WDBC_1950_Outbound_AdultReturn_a9f4b9e2-e9ea-4456-80e3-47fe03b77367_639196383850316955.xml,WDBC,Go South Coast,Go South Coast 1950 Outbound,Bournemouth - Swanage,price_band_4.7@AdultReturn,4.7
WDBC_2762_Inbound_ChildReturn_a9f4b9e2-e9ea-4456-80e3-47fe03b77367_639196387465695948.xml,WDBC,Go South Coast,Go South Coast 2762 Inbound,Keyhaven Road  - Priestlands School,price_band_2.8@ChildReturn,2.8
WDBC_1908_Inbound_ChildSingle_d46597a9-440e-4c13-b49a-76a3986683d1_639196383460484098.xml,WDBC,Go South Coast,Go South Coast 1908 Inbound,Poole - Blandford,price_band_2.5@ChildSingle,2.5
WDBC_2906_Outbound_ChildSingle_a9f4b9e2-e9ea-4456-80e3-47fe03b77367_639196388193779482.xml,WDBC,Go South Coast,Go South Coast 2906 Outbound,Poole - Ringwood,price_band_2.8@ChildSingle,2.8
UNIL_4706_Outbound_AdultSingle_eed5e2e8-c472-41af-825e-db09ec887334_639196403127299563.xml,UNIL,Go South Coast,Go South Coast 4706 Outbound,NOCS - General Hospital,price_band_1.0@AdultSingle,1.0
WDBC_6047_Inbound_AdultReturn_a9f4b9e2-e9ea-4456-80e3-47fe03b77367_639196406320416927.xml,WDBC,Go South Coast,Go South Coast 6047 Inbound,Ringwood Road - Parkstone Grammar School,price_band_4.3@AdultReturn,4.3
WDBC_1003_Outbound_ChildSingle_d46597a9-440e-4c13-b49a-76a3986683d1_639196370492659200.xml,WDBC,Go South Coast,Go South Coast 1003 Outbound,Poole - Wimborne,price_band_2.3@ChildSingle,2.3
WDBC_1950_Outbound_ChildSingle_2f1f0c04-770d-4707-ab06-213c5a798ad7_639196384045180142.xml,WDBC,Go South Coast,Go South Coast 1950 Outbound,Bournemouth - Swanage,price_band_3.0@ChildSingle,3.0
BLUS_4016_Inbound_AdultSingle_f15d1b06-486f-433a-8991-95f1a97a87e0_639196401986834168.xml,BLUS,Go South Coast,Go South Coast 4016 Inbound,Southampton - Townhill Park,price_band_1.0@AdultSingle,1.0
TDTR_7562_Outbound_AdultSingle_a9f4b9e2-e9ea-4456-80e3-47fe03b77367_639196410140134108.xml,TDTR,Go South Coast,Go South Coast 7562 Outbound,Yate - Malmesbury,price_band_5.2@AdultSingle,5.2
TDTR_7046_Outbound_AdultReturn_a9f4b9e2-e9ea-4456-80e3-47fe03b77367_639196408433106157.xml,TDTR,Go South Coast,Go South Coast 7046 Outbound,Swindon - Hungerford,price_band_5.0@AdultReturn,5.0
WDBC_1001_Outbound_ChildSingle_a9f4b9e2-e9ea-4456-80e3-47fe03b77367_639196369532595636.xml,WDBC,Go South Coast,Go South Coast 1001 Outbound,Poole - Bournemouth Hospital,price_band_2.1@ChildSingle,2.1
DAMY_6920_Outbound_ChildReturn_a9f4b9e2-e9ea-4456-80e3-47fe03b77367_639196407818029503.xml,DAMY,Go South Coast,Go South Coast 6920 Outbound,Salisbury - Steam Fair,price_band_3.6@ChildReturn,3.6
BLUS_3635_Inbound_AdultReturn_a9f4b9e2-e9ea-4456-80e3-47fe03b77367_639196399712837020.xml,BLUS,Go South Coast,Go South Coast 3635 Inbound,Romsey - Ampfield,price_band_4.8@AdultReturn,4.8
BLUS_4119_Outbound_AdultSingle_f15d1b06-486f-433a-8991-95f1a97a87e0_639196402761313137.xml,BLUS,Go South Coast,Go South Coast 4119 Outbound,Thornhill - Lordshill,price_band_1.0@AdultSingle,1.0
BLUS_3634_Inbound_ChildSingle_a9f4b9e2-e9ea-4456-80e3-47fe03b77367_639196399662541611.xml,BLUS,Go South Coast,Go South Coast 3634 Inbound,East Wellow  - Romsey School,price_band_3.1@ChildSingle,3.1
WDBC_1021_Outbound_AdultSingle_a9f4b9e2-e9ea-4456-80e3-47fe03b77367_639196374149013282.xml,WDBC,Go South Coast,Go South Coast 1021 Outbound,Bournemouth - High Howe,price_band_2.6@AdultSingle,2.6
BLUS_4012_Outbound_AdultSingle_a9f4b9e2-e9ea-4456-80e3-47fe03b77367_639196401768786666.xml,BLUS,Go South Coast,Go South Coast 4012 Outbound,Southampton - Calmore,price_band_3.0@AdultSingle,3.0
SWWD_3684_Outbound_ChildSingle_a9f4b9e2-e9ea-4456-80e3-47fe03b77367_639196400301590510.xml,SWWD,Go South Coast,Go South Coast 3684 Outbound,Coombe Bissett - Burgate,price_band_1.8@ChildSingle,1.8
WDBC_1050_Outbound_ChildSingle_d46597a9-440e-4c13-b49a-76a3986683d1_639196375757832533.xml,WDBC,Go South Coast,Go South Coast 1050 Outbound,Bournemouth Station - Swanage,price_band_2.9@ChildSingle,2.9
SWWD_3886_Inbound_ChildSingle_a9f4b9e2-e9ea-4456-80e3-47fe03b77367_639196400866248604.xml,SWWD,Go South Coast,Go South Coast 3886 Inbound,St Peters Place  - Burgate School,price_band_3.0@ChildSingle,3.0
SWWD_3087_Outbound_AdultSingle_a9f4b9e2-e9ea-4456-80e3-47fe03b77367_639196391808774665.xml,SWWD,Go South Coast,Go South Coast 3087 Outbound,South Wilts Grammar School - Lopcombe Corner,price_band_3.0@AdultSingle,3.0
TDTR_7046_Inbound_YoungPersonSgl_a9f4b9e2-e9ea-4456-80e3-47fe03b77367_639196408418608166.xml,TDTR,Go South Coast,Go South Coast 7046 Inbound,Swindon - Hungerford,price_band_1.7@YoungPersonSgl,1.7
TDTR_7053_Inbound_YoungPersonSgl_a9f4b9e2-e9ea-4456-80e3-47fe03b77367_639196408596288264.xml,TDTR,Go South Coast,Go South Coast 7053 Inbound,Fleming Way - South Marston,price_band_2.5@YoungPersonSgl,2.5
WDBC_3882_Outbound_AdultReturn_a9f4b9e2-e9ea-4456-80e3-47fe03b77367_639196400652373018.xml,WDBC,Go South Coast,Go South Coast 3882 Outbound,Stratford Road Grammar School - Burgate School,price_band_5.0@AdultReturn,5.0
WDBC_2186_Inbound_ChildReturn_a9f4b9e2-e9ea-4456-80e3-47fe03b77367_639196386678698346.xml,WDBC,Go South Coast,Go South Coast 2186 Inbound,Southampton - Lymington,price_band_3.0@ChildReturn,3.0
SWWD_3304_Outbound_AdultReturn_a9f4b9e2-e9ea-4456-80e3-47fe03b77367_639196394490792424.xml,SWWD,Go South Coast,Go South Coast 3304 Outbound,City Centre - Paul's Dene,price_band_4.5@AdultReturn,4.5
WDBC_1641_Outbound_AdultReturn_a9f4b9e2-e9ea-4456-80e3-47fe03b77367_639196378752384640.xml,WDBC,Go South Coast,Go South Coast 1641 Outbound,Dorchester House  - Talbot Campus,price_band_4.2@AdultReturn,4.2
WDBC_1170_Inbound_ChildReturn_a9f4b9e2-e9ea-4456-80e3-47fe03b77367_639196378241131175.xml,WDBC,Go South Coast,Go South Coast 1170 Inbound,Rockley Park - Hengistbury Head,price_band_3.2@ChildReturn,3.2
WDBC_2003_Outbound_AdultSingle_a9f4b9e2-e9ea-4456-80e3-47fe03b77367_639196385934585913.xml,WDBC,Go South Coast,Go South Coast 2003 Outbound,Salisbury - Bournemouth,price_band_2.6@AdultSingle,2.6
DAMY_6020_Outbound_ChildSingle_a9f4b9e2-e9ea-4456-80e3-47fe03b77367_639196406143501955.xml,DAMY,Go South Coast,Go South Coast 6020 Outbound,Salisbury - Blandford,price_band_2.3@ChildSingle,2.3
WDBC_2956_Inbound_AdultSingle_a9f4b9e2-e9ea-4456-80e3-47fe03b77367_639196389114705890.xml,WDBC,Go South Coast,Go South Coast 2956 Inbound,Ringwood - Bournemouth,price_band_2.3@AdultSingle,2.3
WDBC_1114_Outbound_AdultReturn_a9f4b9e2-e9ea-4456-80e3-47fe03b77367_639196377866862983.xml,WDBC,Go South Coast,Go South Coast 1114 Outbound,Poole - RB Hospital,price_band_4.2@AdultReturn,4.2
WDBC_1821_Inbound_ChildSingle_a9f4b9e2-e9ea-4456-80e3-47fe03b77367_639196380835269732.xml,WDBC,Go South Coast,Go South Coast 1821 Inbound,Bournemouth - Burton,price_band_1.9@ChildSingle,1.9
DAMY_6307_Outbound_ChildReturn_a9f4b9e2-e9ea-4456-80e3-47fe03b77367_639196406455837620.xml,DAMY,Go South Coast,Go South Coast 6307 Outbound,Blandford - Shaftesbury,price_band_3.7@ChildReturn,3.7
SWWD_3407_Inbound_AdultSingle_f15d1b06-486f-433a-8991-95f1a97a87e0_639196397212314662.xml,SWWD,Go South Coast,Go South Coast 3407 Inbound,Salisbury - Southampton,price_band_1.0@AdultSingle,1.0
BLUS_4002_Inbound_AdultSingle_a9f4b9e2-e9ea-4456-80e3-47fe03b77367_639196401014189866.xml,BLUS,Go South Coast,Go South Coast 4002 Inbound,Southampton - Fair Oak,price_band_2.6@AdultSingle,2.6
WDBC_2186_Outbound_AdultReturn_a9f4b9e2-e9ea-4456-80e3-47fe03b77367_639196386768264192.xml,WDBC,Go South Coast,Go South Coast 2186 Outbound,Southampton - Lymington,price_band_5.6@AdultReturn,5.6
WDBC_1806_Outbound_ChildSingle_d46597a9-440e-4c13-b49a-76a3986683d1_639196379999922462.xml,WDBC,Go South Coast,Go South Coast 1806 Outbound,Bournemouth - Wimborne,price_band_1.0@ChildSingle,1.0
BLUS_4538_Inbound_AdultReturn_a9f4b9e2-e9ea-4456-80e3-47fe03b77367_639196403014674972.xml,BLUS,Go South Coast,Go South Coast 4538 Inbound,Rushington - Applemore College,price_band_4.9@AdultReturn,4.9
BLUS_4007_Outbound_ChildReturn_a9f4b9e2-e9ea-4456-80e3-47fe03b77367_639196401377189991.xml,BLUS,Go South Coast,Go South Coast 4007 Outbound,Lordshill - Sholing,price_band_2.6@ChildReturn,2.6
WDBC_6416_Inbound_ChildSingle_a9f4b9e2-e9ea-4456-80e3-47fe03b77367_639196406622564929.xml,WDBC,Go South Coast,Go South Coast 6416 Inbound,Penn Hill Avenue  - Poole Grammar School,price_band_3.1@ChildSingle,3.1
WDBC_1786_Outbound_AdultReturn_a9f4b9e2-e9ea-4456-80e3-47fe03b77367_639196379210182800.xml,WDBC,Go South Coast,Go South Coast 1786 Outbound,Park Gates - Bournemouth School for Girls,price_band_4.2@AdultReturn,4.2
WDBC_1789_Outbound_ChildSingle_a9f4b9e2-e9ea-4456-80e3-47fe03b77367_639196379418716693.xml,WDBC,Go South Coast,Go South Coast 1789 Outbound,Bournemouth School for Girls - Lymington,price_band_4.0@ChildSingle,4.0
TDTR_7180_Inbound_YoungPersonRtn_a9f4b9e2-e9ea-4456-80e3-47fe03b77367_639196409480175907.xml,TDTR,Go South Coast,Go South Coast 7180 Inbound,Marlborough - Ludgershall,price_band_4.0@YoungPersonRtn,4.0
BLUS_4119_Inbound_AdultSingle_f15d1b06-486f-433a-8991-95f1a97a87e0_639196402720315727.xml,BLUS,Go South Coast,Go South Coast 4119 Inbound,Thornhill - Lordshill,price_band_1.0@AdultSingle,1.0
WDBC_1841_Outbound_ChildReturn_a9f4b9e2-e9ea-4456-80e3-47fe03b77367_639196382205951328.xml,WDBC,Go South Coast,Go South Coast 1841 Outbound,Bournemouth - Mudeford and Somerford,price_band_3.7@ChildReturn,3.7
WDBC_1005_Outbound_AdultReturn_a9f4b9e2-e9ea-4456-80e3-47fe03b77367_639196370608217289.xml,WDBC,Go South Coast,Go South Coast 1005 Outbound,Poole - Tower Park,price_band_4.2@AdultReturn,4.2
SWWD_3266_Inbound_AdultReturn_a9f4b9e2-e9ea-4456-80e3-47fe03b77367_639196394121840197.xml,SWWD,Go South Coast,Go South Coast 3266 Inbound,South Wilts Grammar School - Idmiston,price_band_4.5@AdultReturn,4.5
TDTR_7046_Outbound_ChildSingle_a9f4b9e2-e9ea-4456-80e3-47fe03b77367_639196408440599274.xml,TDTR,Go South Coast,Go South Coast 7046 Outbound,Swindon - Hungerford,price_band_1.8@ChildSingle,1.8
WDBC_1642_Outbound_AdultSingle_a9f4b9e2-e9ea-4456-80e3-47fe03b77367_639196378823464368.xml,WDBC,Go South Coast,Go South Coast 1642 Outbound,Poole  - Talbot Campus,price_band_2.8@AdultSingle,2.8
WDBC_2613_Inbound_AdultSingle_a9f4b9e2-e9ea-4456-80e3-47fe03b77367_639196387100752560.xml,WDBC,Go South Coast,Go South Coast 2613 Inbound,Broadstone - Brockenhurst College,price_band_1.9@AdultSingle,1.9
WDBC_1788_Inbound_ChildSingle_a9f4b9e2-e9ea-4456-80e3-47fe03b77367_639196379249363002.xml,WDBC,Go South Coast,Go South Coast 1788 Inbound,Walkford - Bournemouth School for Girls,price_band_2.2@ChildSingle,2.2
BLUS_4013_Outbound_ChildSingle_f15d1b06-486f-433a-8991-95f1a97a87e0_639196401840233020.xml,BLUS,Go South Coast,Go South Coast 4013 Outbound,Southampton - Harefield,price_band_1.0@ChildSingle,1.0
BLUS_4014_Inbound_ChildSingle_f15d1b06-486f-433a-8991-95f1a97a87e0_639196401871829440.xml,BLUS,Go South Coast,Go South Coast 4014 Inbound,Southampton - Hedge End,price_band_1.0@ChildSingle,1.0
SVCT_5107_Inbound_ChildSingle_a9f4b9e2-e9ea-4456-80e3-47fe03b77367_639196405124689692.xml,SVCT,Go South Coast,Go South Coast 5107 Inbound,Alum Bay  - Newport,price_band_2.4@ChildSingle,2.4
SWWD_3645_Outbound_ChildReturn_a9f4b9e2-e9ea-4456-80e3-47fe03b77367_639196399905237155.xml,SWWD,Go South Coast,Go South Coast 3645 Outbound,Stratford Road Grammar School - Hamptworth Cuckoo,price_band_2.6@ChildReturn,2.6
SWWD_7201_Outbound_ChildSingle_a9f4b9e2-e9ea-4456-80e3-47fe03b77367_639196409668297115.xml,SWWD,Go South Coast,Go South Coast 7201 Outbound,Figheldean - Salisbury,price_band_2.7@ChildSingle,2.7
SWWD_3881_Inbound_ChildReturn_a9f4b9e2-e9ea-4456-80e3-47fe03b77367_639196400588231467.xml,SWWD,Go South Coast,Go South Coast 3881 Inbound,Wilton Road  - Burgate School,price_band_3.7@ChildReturn,3.7
WDBC_1038_Outbound_AdultSingle_a9f4b9e2-e9ea-4456-80e3-47fe03b77367_639196374706428715.xml,WDBC,Go South Coast,Go South Coast 1038 Outbound,Ferndown - Ringwood,price_band_2.3@AdultSingle,2.3
WDBC_1106_Inbound_ChildReturn_a9f4b9e2-e9ea-4456-80e3-47fe03b77367_639196377316888269.xml,WDBC,Go South Coast,Go South Coast 1106 Inbound,Poole - Tower Park,price_band_2.8@ChildReturn,2.8
BLUS_4538_Outbound_AdultReturn_a9f4b9e2-e9ea-4456-80e3-47fe03b77367_639196403022545319.xml,BLUS,Go South Coast,Go South Coast 4538 Outbound,Rushington - Applemore College,price_band_6.0@AdultReturn,6.0
SWWD_3405_Outbound_AdultReturn_a9f4b9e2-e9ea-4456-80e3-47fe03b77367_639196396742191077.xml,SWWD,Go South Coast,Go South Coast 3405 Outbound,Salisbury - Pewsey,price_band_4.9@AdultReturn,4.9
SWWD_3763_Inbound_AdultReturn_a9f4b9e2-e9ea-4456-80e3-47fe03b77367_639196400474836937.xml,SWWD,Go South Coast,Go South Coast 3763 Inbound,Mount Pleasant Farm - Burgate School,price_band_6.0@AdultReturn,6.0
SWWD_3677_Outbound_ChildReturn_a9f4b9e2-e9ea-4456-80e3-47fe03b77367_639196400257854619.xml,SWWD,Go South Coast,Go South Coast 3677 Outbound,Stratford Road Grammar School - West Wellow,price_band_3.6@ChildReturn,3.6
WDBC_1053_Inbound_AdultReturn_a9f4b9e2-e9ea-4456-80e3-47fe03b77367_639196376027572776.xml,WDBC,Go South Coast,Go South Coast 1053 Inbound,Bournemouth - Wimborne,price_band_4.5@AdultReturn,4.5
DAMY_6920_Inbound_ChildReturn_a9f4b9e2-e9ea-4456-80e3-47fe03b77367_639196407771189759.xml,DAMY,Go South Coast,Go South Coast 6920 Inbound,Salisbury - Steam Fair,price_band_4.0@ChildReturn,4.0
WDBC_1050_Inbound_AdultSingle_2f1f0c04-770d-4707-ab06-213c5a798ad7_639196375551311138.xml,WDBC,Go South Coast,Go South Coast 1050 Inbound,Bournemouth Station - Swanage,price_band_2.3@AdultSingle,2.3
WDBC_6450_Inbound_AdultSingle_a9f4b9e2-e9ea-4456-80e3-47fe03b77367_639196406986787691.xml,WDBC,Go South Coast,Go South Coast 6450 Inbound,Wallisdown - Parkstone Grammar,price_band_2.2@AdultSingle,2.2
BLUS_4103_Inbound_AdultReturn_a9f4b9e2-e9ea-4456-80e3-47fe03b77367_639196402601017629.xml,BLUS,Go South Coast,Go South Coast 4103 Inbound,Southampton - Eastleigh,price_band_4.9@AdultReturn,4.9
WDBC_1050_Inbound_ChildSingle_2f1f0c04-770d-4707-ab06-213c5a798ad7_639196375591808267.xml,WDBC,Go South Coast,Go South Coast 1050 Inbound,Bournemouth Station - Swanage,price_band_1.0@ChildSingle,1.0
SWWD_3495_Outbound_ChildSingle_a9f4b9e2-e9ea-4456-80e3-47fe03b77367_639196399012648638.xml,SWWD,Go South Coast,Go South Coast 3495 Outbound,Swindon - Pewsey,price_band_1.8@ChildSingle,1.8
WDBC_6898_Inbound_AdultReturn_a9f4b9e2-e9ea-4456-80e3-47fe03b77367_639196407424788020.xml,WDBC,Go South Coast,Go South Coast 6898 Inbound,Poole  - ASDA,price_band_4.2@AdultReturn,4.2
TDTR_3620_Inbound_AdultSingle_a9f4b9e2-e9ea-4456-80e3-47fe03b77367_639196399604584211.xml,TDTR,Go South Coast,Go South Coast 3620 Inbound,Hungerford Priory  - St Johns Sch,price_band_2.8@AdultSingle,2.8
DAMY_6487_Inbound_ChildSingle_a9f4b9e2-e9ea-4456-80e3-47fe03b77367_639196407108213280.xml,DAMY,Go South Coast,Go South Coast 6487 Inbound,Blandford - Dorchester,price_band_1.8@ChildSingle,1.8
TDTR_3820_Inbound_AdultSingle_a9f4b9e2-e9ea-4456-80e3-47fe03b77367_639196400537447189.xml,TDTR,Go South Coast,Go South Coast 3820 Inbound,Marlborough - Newbury,price_band_1.8@AdultSingle,1.8
SVCT_5027_Outbound_ChildSingle_a9f4b9e2-e9ea-4456-80e3-47fe03b77367_639196404385061445.xml,SVCT,Go South Coast,Go South Coast 5027 Outbound,Newport  - Yarmouth,price_band_3.0@ChildSingle,3.0
WDBC_8229_Outbound_ChildSingle_a9f4b9e2-e9ea-4456-80e3-47fe03b77367_639196410352701130.xml,WDBC,Go South Coast,Go South Coast 8229 Outbound,Lyndhurst - Ringwood RED,price_band_3.2@ChildSingle,3.2
WDBC_1885_Inbound_AdultSingle_a9f4b9e2-e9ea-4456-80e3-47fe03b77367_639196382605492589.xml,WDBC,Go South Coast,Go South Coast 1885 Inbound,Bournemouth University - St Peters School,price_band_3.4@AdultSingle,3.4
BLUS_4425_Outbound_ChildSingle_eed5e2e8-c472-41af-825e-db09ec887334_639196402948390016.xml,BLUS,Go South Coast,Go South Coast 4425 Outbound,Eastleigh - Boorley Park,price_band_1.0@ChildSingle,1.0
WDBC_6418_Inbound_AdultSingle_a9f4b9e2-e9ea-4456-80e3-47fe03b77367_639196406683670847.xml,WDBC,Go South Coast,Go South Coast 6418 Inbound,Sandbanks Ferry - Poole Grammar School,price_band_2.2@AdultSingle,2.2
TDTR_7080_Outbound_AdultReturn_a9f4b9e2-e9ea-4456-80e3-47fe03b77367_639196408817785315.xml,TDTR,Go South Coast,Go South Coast 7080 Outbound,Swindon - Marlborough,price_band_5.0@AdultReturn,5.0
BLUS_4026_Inbound_AdultSingle_eed5e2e8-c472-41af-825e-db09ec887334_639196402496079020.xml,BLUS,Go South Coast,Go South Coast 4026 Inbound,Southampton - Whiteley,price_band_1.0@AdultSingle,1.0
WDBC_1789_Outbound_AdultSingle_a9f4b9e2-e9ea-4456-80e3-47fe03b77367_639196379381398294.xml,WDBC,Go South Coast,Go South Coast 1789 Outbound,Bournemouth School for Girls - Lymington,price_band_4.7@AdultSingle,4.7
SWWD_8331_Outbound_AdultSingle_a9f4b9e2-e9ea-4456-80e3-47fe03b77367_639196410401447364.xml,SWWD,Go South Coast,Go South Coast 8331 Outbound,Amesbury - Stonehenge,price_band_5.5@AdultSingle,5.5
BLUS_4004_Outbound_ChildSingle_f15d1b06-486f-433a-8991-95f1a97a87e0_639196401181541685.xml,BLUS,Go South Coast,Go South Coast 4004 Outbound,Southampton - Romsey,price_band_1.0@ChildSingle,1.0
SWWD_3819_Outbound_AdultSingle_a9f4b9e2-e9ea-4456-80e3-47fe03b77367_639196400529779849.xml,SWWD,Go South Coast,Go South Coast 3819 Outbound,Marlborough - Burbage,price_band_3.0@AdultSingle,3.0
WDBC_2001_Inbound_AdultReturn_a9f4b9e2-e9ea-4456-80e3-47fe03b77367_639196384273526245.xml,WDBC,Go South Coast,Go South Coast 2001 Inbound,Bournemouth - Lymington,price_band_4.5@AdultReturn,4.5
SWWD_3306_Outbound_ChildSingle_a9f4b9e2-e9ea-4456-80e3-47fe03b77367_639196394552121850.xml,SWWD,Go South Coast,Go South Coast 3306 Outbound,Endless Street - Blue Boar Row,price_band_2.3@ChildSingle,2.3
WDBC_1040_Inbound_ChildSingle_a9f4b9e2-e9ea-4456-80e3-47fe03b77367_639196374932031488.xml,WDBC,Go South Coast,Go South Coast 1040 Inbound,Swanage - Poole,price_band_2.5@ChildSingle,2.5
TDTR_7048_Outbound_AdultSingle_a9f4b9e2-e9ea-4456-80e3-47fe03b77367_639196408520228081.xml,TDTR,Go South Coast,Go South Coast 7048 Outbound,Swindon - Marlborough,price_band_2.4@AdultSingle,2.4
SWWD_3404_Inbound_ChildReturn_a9f4b9e2-e9ea-4456-80e3-47fe03b77367_639196396143086831.xml,SWWD,Go South Coast,Go South Coast 3404 Inbound,Salisbury - Larkhill,price_band_4.8@ChildReturn,4.8
TDTR_7061_Inbound_YoungPersonSgl_a9f4b9e2-e9ea-4456-80e3-47fe03b77367_639196408613943169.xml,TDTR,Go South Coast,Go South Coast 7061 Inbound,Great Western Hospital - Middleleaze,price_band_2.5@YoungPersonSgl,2.5
SVCT_8503_Outbound_ChildSingle_a9f4b9e2-e9ea-4456-80e3-47fe03b77367_639196410654466348.xml,SVCT,Go South Coast,Go South Coast 8503 Outbound,Needles - Breezer,price_band_1.8@ChildSingle,1.8
TDTR_7009_Outbound_YoungPersonSgl_a9f4b9e2-e9ea-4456-80e3-47fe03b77367_639196408110399079.xml,TDTR,Go South Coast,Go South Coast 7009 Outbound,Swindon - Wroughton,price_band_2.5@YoungPersonSgl,2.5
WDBC_1762_Outbound_AdultReturn_a9f4b9e2-e9ea-4456-80e3-47fe03b77367_639196379173979700.xml,WDBC,Go South Coast,Go South Coast 1762 Outbound,Merley - Corfe Hills,price_band_4.3@AdultReturn,4.3
WDBC_2906_Outbound_AdultReturn_a9f4b9e2-e9ea-4456-80e3-47fe03b77367_639196388155131611.xml,WDBC,Go South Coast,Go South Coast 2906 Outbound,Poole - Ringwood,price_band_4.7@AdultReturn,4.7
WDBC_1035_Inbound_ChildReturn_a9f4b9e2-e9ea-4456-80e3-47fe03b77367_639196374621180380.xml,WDBC,Go South Coast,Go South Coast 1035 Inbound,Swanage - Wareham,price_band_5.7@ChildReturn,5.7
SWWD_3650_Outbound_AdultReturn_a9f4b9e2-e9ea-4456-80e3-47fe03b77367_639196399989273322.xml,SWWD,Go South Coast,Go South Coast 3650 Outbound,Laverstock Schools  - West Harnham,price_band_4.2@AdultReturn,4.2
WDBC_1017_Inbound_ChildReturn_a9f4b9e2-e9ea-4456-80e3-47fe03b77367_639196372622500146.xml,WDBC,Go South Coast,Go South Coast 1017 Inbound,Poole - Bournemouth,price_band_2.9@ChildReturn,2.9
TDTR_7180_Inbound_AdultReturn_a9f4b9e2-e9ea-4456-80e3-47fe03b77367_639196409498292008.xml,TDTR,Go South Coast,Go South Coast 7180 Inbound,Marlborough - Ludgershall,price_band_5.0@AdultReturn,5.0
TDTR_7048_Inbound_AdultSingle_a9f4b9e2-e9ea-4456-80e3-47fe03b77367_639196408466591234.xml,TDTR,Go South Coast,Go South Coast 7048 Inbound,Swindon - Marlborough,price_band_3.0@AdultSingle,3.0
WDBC_1818_Outbound_ChildSingle_2f1f0c04-770d-4707-ab06-213c5a798ad7_639196380674876630.xml,WDBC,Go South Coast,Go South Coast 1818 Outbound,Bournemouth - Broadstone,price_band_1.0@ChildSingle,1.0
SWWD_3763_Outbound_ChildSingle_a9f4b9e2-e9ea-4456-80e3-47fe03b77367_639196400511467841.xml,SWWD,Go South Coast,Go South Coast 3763 Outbound,Mount Pleasant Farm - Burgate School,price_band_4.3@ChildSingle,4.3
SWWD_3125_Outbound_AdultSingle_a9f4b9e2-e9ea-4456-80e3-47fe03b77367_639196392921027229.xml,SWWD,Go South Coast,Go South Coast 3125 Outbound,South Wilts Grammar School - Hindon,price_band_2.3@AdultSingle,2.3
TDTR_7046_Outbound_ChildReturn_a9f4b9e2-e9ea-4456-80e3-47fe03b77367_639196408448353921.xml,TDTR,Go South Coast,Go South Coast 7046 Outbound,Swindon - Hungerford,price_band_4.1@ChildReturn,4.1
BLUS_4012_Outbound_ChildReturn_a9f4b9e2-e9ea-4456-80e3-47fe03b77367_639196401771606895.xml,BLUS,Go South Coast,Go South Coast 4012 Outbound,Southampton - Calmore,price_band_4.0@ChildReturn,4.0
WDBC_8270_Outbound_AdultReturn_a9f4b9e2-e9ea-4456-80e3-47fe03b77367_639196410378381891.xml,WDBC,Go South Coast,Go South Coast 8270 Outbound,Brockenhurst - New Park,price_band_7.5@AdultReturn,7.5
WDBC_6671_Outbound_AdultReturn_a9f4b9e2-e9ea-4456-80e3-47fe03b77367_639196407249130410.xml,WDBC,Go South Coast,Go South Coast 6671 Outbound,Albert Road - Alderney West,price_band_4.2@AdultReturn,4.2
WDBC_1908_Inbound_AdultSingle_a9f4b9e2-e9ea-4456-80e3-47fe03b77367_639196383419377298.xml,WDBC,Go South Coast,Go South Coast 1908 Inbound,Poole - Blandford,price_band_3.0@AdultSingle,3.0
BLUS_4009_Inbound_AdultSingle_eed5e2e8-c472-41af-825e-db09ec887334_639196401559902570.xml,BLUS,Go South Coast,Go South Coast 4009 Inbound,Southampton - Langley/Fawley,price_band_1.0@AdultSingle,1.0
WDBC_1903_Inbound_ChildReturn_a9f4b9e2-e9ea-4456-80e3-47fe03b77367_639196383139273932.xml,WDBC,Go South Coast,Go South Coast 1903 Inbound,Poole - Wimborne,price_band_3.7@ChildReturn,3.7
BLUS_4008_Inbound_AdultReturn_a9f4b9e2-e9ea-4456-80e3-47fe03b77367_639196401424733857.xml,BLUS,Go South Coast,Go South Coast 4008 Inbound,Southampton - Hythe,price_band_4.9@AdultReturn,4.9
BLUS_4006_Outbound_ChildSingle_eed5e2e8-c472-41af-825e-db09ec887334_639196401301310982.xml,BLUS,Go South Coast,Go South Coast 4006 Outbound,Southampton - Townhill Park,price_band_1.0@ChildSingle,1.0
WDBC_1837_Inbound_ChildSingle_a9f4b9e2-e9ea-4456-80e3-47fe03b77367_639196381856544957.xml,WDBC,Go South Coast,Go South Coast 1837 Inbound,Bournemouth - Bournemouth International Airport,price_band_2.1@ChildSingle,2.1
WDBC_1035_Inbound_AdultReturn_a9f4b9e2-e9ea-4456-80e3-47fe03b77367_639196374566213538.xml,WDBC,Go South Coast,Go South Coast 1035 Inbound,Swanage - Wareham,price_band_5.7@AdultReturn,5.7
WDBC_2906_Inbound_ChildSingle_d46597a9-440e-4c13-b49a-76a3986683d1_639196388050132362.xml,WDBC,Go South Coast,Go South Coast 2906 Inbound,Poole - Ringwood,price_band_2.5@ChildSingle,2.5
WDBC_1802_Inbound_AdultSingle_2f1f0c04-770d-4707-ab06-213c5a798ad7_639196379572853828.xml,WDBC,Go South Coast,Go South Coast 1802 Inbound,Bournemouth - Castlepoint,price_band_1.0@AdultSingle,1.0
SVCT_8503_Outbound_ChildSingle_a9f4b9e2-e9ea-4456-80e3-47fe03b77367_639196410654466348.xml,SVCT,Go South Coast,Go South Coast 8503 Outbound,Needles - Breezer,price_band_8.5@ChildSingle,8.5
WDBC_2775_Outbound_AdultReturn_a9f4b9e2-e9ea-4456-80e3-47fe03b77367_639196387499276152.xml,WDBC,Go South Coast,Go South Coast 2775 Outbound,Milford on Sea - Priestlands School,price_band_5.3@AdultReturn,5.3
BLUS_4028_Outbound_AdultSingle_a9f4b9e2-e9ea-4456-80e3-47fe03b77367_639196402567708313.xml,BLUS,Go South Coast,Go South Coast 4028 Outbound,Southampton - Southampton Science Park,price_band_3.0@AdultSingle,3.0
SWWD_3088_Outbound_ChildReturn_a9f4b9e2-e9ea-4456-80e3-47fe03b77367_639196391944347279.xml,SWWD,Go South Coast,Go South Coast 3088 Outbound,Salisbury - Winterslow Gunville Stockbridge Turn,price_band_2.5@ChildReturn,2.5
WDBC_2186_Outbound_ChildReturn_a9f4b9e2-e9ea-4456-80e3-47fe03b77367_639196386777685999.xml,WDBC,Go South Coast,Go South Coast 2186 Outbound,Southampton - Lymington,price_band_3.0@ChildReturn,3.0
SWWD_7086_Outbound_AdultReturn_a9f4b9e2-e9ea-4456-80e3-47fe03b77367_639196408898404039.xml,SWWD,Go South Coast,Go South Coast 7086 Outbound,Ansty - Shaftesbury,price_band_5.8@AdultReturn,5.8
BLUS_4425_Inbound_AdultSingle_a9f4b9e2-e9ea-4456-80e3-47fe03b77367_639196402911038302.xml,BLUS,Go South Coast,Go South Coast 4425 Inbound,Eastleigh - Boorley Park,price_band_2.8@AdultSingle,2.8
SVCT_5413_Inbound_AdultSingle_a9f4b9e2-e9ea-4456-80e3-47fe03b77367_639196405860028730.xml,SVCT,Go South Coast,Go South Coast 5413 Inbound,Ryde  - Newport [N3],price_band_3.0@AdultSingle,3.0
SWWD_3325_Outbound_AdultReturn_a9f4b9e2-e9ea-4456-80e3-47fe03b77367_639196394959413919.xml,SWWD,Go South Coast,Go South Coast 3325 Outbound,South Wilts Grammar School - Hindon,price_band_6.0@AdultReturn,6.0
BLUS_4009_Inbound_AdultReturn_a9f4b9e2-e9ea-4456-80e3-47fe03b77367_639196401532199584.xml,BLUS,Go South Coast,Go South Coast 4009 Inbound,Southampton - Langley/Fawley,price_band_4.5@AdultReturn,4.5
SVCT_8503_Outbound_AdultSingle_a9f4b9e2-e9ea-4456-80e3-47fe03b77367_639196410649295032.xml,SVCT,Go South Coast,Go South Coast 8503 Outbound,Needles - Breezer,price_band_3.2@AdultSingle,3.2
SVCT_5259_Outbound_ChildSingle_a9f4b9e2-e9ea-4456-80e3-47fe03b77367_639196405588573336.xml,SVCT,Go South Coast,Go South Coast 5259 Outbound,Carisbrooke - Bembridge,price_band_3.0@ChildSingle,3.0
SWWD_3402_Inbound_AdultReturn_a9f4b9e2-e9ea-4456-80e3-47fe03b77367_639196395826887922.xml,SWWD,Go South Coast,Go South Coast 3402 Inbound,Salisbury - Devizes,price_band_4.9@AdultReturn,4.9
WDBC_1017_Outbound_AdultReturn_a9f4b9e2-e9ea-4456-80e3-47fe03b77367_639196372899475743.xml,WDBC,Go South Coast,Go South Coast 1017 Outbound,Poole - Bournemouth,price_band_4.2@AdultReturn,4.2
WDBC_1806_Inbound_ChildReturn_a9f4b9e2-e9ea-4456-80e3-47fe03b77367_639196379882749275.xml,WDBC,Go South Coast,Go South Coast 1806 Inbound,Bournemouth - Wimborne,price_band_3.2@ChildReturn,3.2
DAMY_6307_Inbound_ChildSingle_a9f4b9e2-e9ea-4456-80e3-47fe03b77367_639196406414235561.xml,DAMY,Go South Coast,Go South Coast 6307 Inbound,Blandford - Shaftesbury,price_band_1.5@ChildSingle,1.5
SWWD_2615_Inbound_AdultReturn_a9f4b9e2-e9ea-4456-80e3-47fe03b77367_639196387141963722.xml,SWWD,Go South Coast,Go South Coast 2615 Inbound,Salisbury  - Brockenhurst College,price_band_5.9@AdultReturn,5.9
WDBC_1068_Outbound_AdultReturn_a9f4b9e2-e9ea-4456-80e3-47fe03b77367_639196376938985409.xml,WDBC,Go South Coast,Go South Coast 1068 Outbound,Poole - Poole Clockwise,price_band_4.2@AdultReturn,4.2
WDBC_1806_Inbound_AdultSingle_a9f4b9e2-e9ea-4456-80e3-47fe03b77367_639196379849661818.xml,WDBC,Go South Coast,Go South Coast 1806 Inbound,Bournemouth - Wimborne,price_band_2.6@AdultSingle,2.6
WDBC_2186_Inbound_AdultSingle_eed5e2e8-c472-41af-825e-db09ec887334_639196386744204320.xml,WDBC,Go South Coast,Go South Coast 2186 Inbound,Southampton - Lymington,price_band_1.0@AdultSingle,1.0
WDBC_1002_Outbound_AdultReturn_a9f4b9e2-e9ea-4456-80e3-47fe03b77367_639196370097567107.xml,WDBC,Go South Coast,Go South Coast 1002 Outbound,Poole - Southbourne,price_band_4.7@AdultReturn,4.7
WDBC_2186_Inbound_ChildSingle_eed5e2e8-c472-41af-825e-db09ec887334_639196386704687080.xml,WDBC,Go South Coast,Go South Coast 2186 Inbound,Southampton - Lymington,price_band_1.0@ChildSingle,1.0
TDTR_7046_Inbound_AdultSingle_a9f4b9e2-e9ea-4456-80e3-47fe03b77367_639196408388353117.xml,TDTR,Go South Coast,Go South Coast 7046 Inbound,Swindon - Hungerford,price_band_3.0@AdultSingle,3.0
WDBC_1060_Outbound_AdultReturn_a9f4b9e2-e9ea-4456-80e3-47fe03b77367_639196376831145948.xml,WDBC,Go South Coast,Go South Coast 1060 Outbound,Rockley - Sandbanks,price_band_4.2@AdultReturn,4.2
BLUS_4024_Inbound_ChildSingle_eed5e2e8-c472-41af-825e-db09ec887334_639196402462198069.xml,BLUS,Go South Coast,Go South Coast 4024 Inbound,Eastleigh - Hedge End,price_band_1.0@ChildSingle,1.0
TDTR_7180_Outbound_AdultSingle_a9f4b9e2-e9ea-4456-80e3-47fe03b77367_639196409531579251.xml,TDTR,Go South Coast,Go South Coast 7180 Outbound,Marlborough - Ludgershall,price_band_2.1@AdultSingle,2.1
WDBC_2956_Inbound_ChildReturn_a9f4b9e2-e9ea-4456-80e3-47fe03b77367_639196389210427380.xml,WDBC,Go South Coast,Go South Coast 2956 Inbound,Ringwood - Bournemouth,price_band_2.8@ChildReturn,2.8
WDBC_1837_Outbound_ChildReturn_a9f4b9e2-e9ea-4456-80e3-47fe03b77367_639196381943039249.xml,WDBC,Go South Coast,Go South Coast 1837 Outbound,Bournemouth - Bournemouth International Airport,price_band_3.7@ChildReturn,3.7
WDBC_1802_Outbound_AdultSingle_a9f4b9e2-e9ea-4456-80e3-47fe03b77367_639196379602934648.xml,WDBC,Go South Coast,Go South Coast 1802 Outbound,Bournemouth - Castlepoint,price_band_2.3@AdultSingle,2.3
TDTR_7051_Outbound_AdultSingle_a9f4b9e2-e9ea-4456-80e3-47fe03b77367_639196408571000977.xml,TDTR,Go South Coast,Go South Coast 7051 Outbound,Fleming Way - Deer's Leap,price_band_3.0@AdultSingle,3.0
DAMY_6905_Outbound_AdultReturn_a9f4b9e2-e9ea-4456-80e3-47fe03b77367_639196407708914715.xml,DAMY,Go South Coast,Go South Coast 6905 Outbound,Warmwell - Dorchester,price_band_4.4@AdultReturn,4.4
WDBC_2001_Inbound_AdultReturn_a9f4b9e2-e9ea-4456-80e3-47fe03b77367_639196384273526245.xml,WDBC,Go South Coast,Go South Coast 2001 Inbound,Bournemouth - Lymington,price_band_5.7@AdultReturn,5.7
WDBC_1836_Inbound_ChildReturn_a9f4b9e2-e9ea-4456-80e3-47fe03b77367_639196381789321857.xml,WDBC,Go South Coast,Go South Coast 1836 Inbound,Talbot View - Kinson,price_band_2.8@ChildReturn,2.8
SWWD_3329_Outbound_ChildSingle_a9f4b9e2-e9ea-4456-80e3-47fe03b77367_639196395688036382.xml,SWWD,Go South Coast,Go South Coast 3329 Outbound,Salisbury - Broad Chalke,price_band_2.1@ChildSingle,2.1
SWWD_3451_Outbound_ChildSingle_a9f4b9e2-e9ea-4456-80e3-47fe03b77367_639196397907893326.xml,SWWD,Go South Coast,Go South Coast 3451 Outbound,Salisbury - Sling - Larkhill,price_band_2.5@ChildSingle,2.5
WDBC_2761_Inbound_AdultSingle_a9f4b9e2-e9ea-4456-80e3-47fe03b77367_639196387434425384.xml,WDBC,Go South Coast,Go South Coast 2761 Inbound,Bunkers Hill Cottage - Priestlands School,price_band_5.4@AdultSingle,5.4
WDBC_6903_Outbound_AdultReturn_a9f4b9e2-e9ea-4456-80e3-47fe03b77367_639196407632442021.xml,WDBC,Go South Coast,Go South Coast 6903 Outbound,Swanage - Lulworth,price_band_4.2@AdultReturn,4.2
SVCT_5268_Outbound_ChildSingle_a9f4b9e2-e9ea-4456-80e3-47fe03b77367_639196405643919496.xml,SVCT,Go South Coast,Go South Coast 5268 Outbound,Carisbrooke - St Helens,price_band_3.0@ChildSingle,3.0
WDBC_2776_Inbound_AdultSingle_a9f4b9e2-e9ea-4456-80e3-47fe03b77367_639196387513063174.xml,WDBC,Go South Coast,Go South Coast 2776 Inbound,Lyndhurst - Priestlands School,price_band_2.5@AdultSingle,2.5
WDBC_1050_Outbound_AdultSingle_a9f4b9e2-e9ea-4456-80e3-47fe03b77367_639196375652925815.xml,WDBC,Go South Coast,Go South Coast 1050 Outbound,Bournemouth Station - Swanage,price_band_1.0@AdultSingle,1.0
WDBC_1021_Inbound_ChildSingle_a9f4b9e2-e9ea-4456-80e3-47fe03b77367_639196374068758049.xml,WDBC,Go South Coast,Go South Coast 1021 Inbound,Bournemouth - High Howe,price_band_2.1@ChildSingle,2.1
WDBC_1836_Outbound_AdultReturn_a9f4b9e2-e9ea-4456-80e3-47fe03b77367_639196381809134692.xml,WDBC,Go South Coast,Go South Coast 1836 Outbound,Talbot View - Kinson,price_band_4.7@AdultReturn,4.7
SWWD_3405_Outbound_ChildReturn_a9f4b9e2-e9ea-4456-80e3-47fe03b77367_639196396824976158.xml,SWWD,Go South Coast,Go South Coast 3405 Outbound,Salisbury - Pewsey,price_band_6.0@ChildReturn,6.0
SWWD_3366_Outbound_ChildSingle_a9f4b9e2-e9ea-4456-80e3-47fe03b77367_639196395743233694.xml,SWWD,Go South Coast,Go South Coast 3366 Outbound,South Wilts Grammar School - Idmiston,price_band_3.0@ChildSingle,3.0
WDBC_2002_Inbound_ChildSingle_2f1f0c04-770d-4707-ab06-213c5a798ad7_639196385280654281.xml,WDBC,Go South Coast,Go South Coast 2002 Inbound,Bournemouth - Lymington,price_band_2.5@ChildSingle,2.5
WDBC_2120_Inbound_ChildSingle_a9f4b9e2-e9ea-4456-80e3-47fe03b77367_639196386405901867.xml,WDBC,Go South Coast,Go South Coast 2120 Inbound,New Milton Tesco - Lymington,price_band_2.8@ChildSingle,2.8
SWWD_3407_Inbound_ChildReturn_a9f4b9e2-e9ea-4456-80e3-47fe03b77367_639196397082357240.xml,SWWD,Go South Coast,Go South Coast 3407 Inbound,Salisbury - Southampton,price_band_4.9@ChildReturn,4.9
SWWD_3302_Outbound_AdultSingle_a9f4b9e2-e9ea-4456-80e3-47fe03b77367_639196394352077233.xml,SWWD,Go South Coast,Go South Coast 3302 Outbound,City Centre - Bishopdown,price_band_2.3@AdultSingle,2.3
SWWD_3012_Outbound_ChildReturn_a9f4b9e2-e9ea-4456-80e3-47fe03b77367_639196391267346706.xml,SWWD,Go South Coast,Go South Coast 3012 Outbound,Salisbury - Stratford,price_band_3.6@ChildReturn,3.6
DAMY_3183_Outbound_AdultReturn_a9f4b9e2-e9ea-4456-80e3-47fe03b77367_639196393911267969.xml,DAMY,Go South Coast,Go South Coast 3183 Outbound,Blandford - Weymouth,price_band_4.4@AdultReturn,4.4
SWWD_8331_Inbound_AdultSingle_a9f4b9e2-e9ea-4456-80e3-47fe03b77367_639196410399736864.xml,SWWD,Go South Coast,Go South Coast 8331 Inbound,Amesbury - Stonehenge,price_band_5.5@AdultSingle,5.5
WDBC_1015_Inbound_AdultReturn_a9f4b9e2-e9ea-4456-80e3-47fe03b77367_639196371659607102.xml,WDBC,Go South Coast,Go South Coast 1015 Inbound,Poole - Bournemouth Hospital,price_band_4.2@AdultReturn,4.2
TDTR_7042_Outbound_ChildReturn_a9f4b9e2-e9ea-4456-80e3-47fe03b77367_639196408348218188.xml,TDTR,Go South Coast,Go South Coast 7042 Outbound,Calne - St John's School,price_band_1.5@ChildReturn,1.5
WDBC_6672_Outbound_AdultReturn_a9f4b9e2-e9ea-4456-80e3-47fe03b77367_639196407276890626.xml,WDBC,Go South Coast,Go South Coast 6672 Outbound,Albert Road - Bloxworth,price_band_4.2@AdultReturn,4.2
WDBC_1818_Outbound_ChildSingle_a9f4b9e2-e9ea-4456-80e3-47fe03b77367_639196380451551605.xml,WDBC,Go South Coast,Go South Coast 1818 Outbound,Bournemouth - Broadstone,price_band_1.9@ChildSingle,1.9
TDTR_7823_Outbound_ChildSingle_a9f4b9e2-e9ea-4456-80e3-47fe03b77367_639196410185638011.xml,TDTR,Go South Coast,Go South Coast 7823 Outbound,Bishopstone (Pond) - Ridgeway School,price_band_3.3@ChildSingle,3.3
WDBC_6415_Outbound_ChildSingle_a9f4b9e2-e9ea-4456-80e3-47fe03b77367_639196406582208448.xml,WDBC,Go South Coast,Go South Coast 6415 Outbound,St Anns Hospital - Poole Grammar School,price_band_1.6@ChildSingle,1.6
WDBC_1883_Inbound_ChildReturn_a9f4b9e2-e9ea-4456-80e3-47fe03b77367_639196382512904232.xml,WDBC,Go South Coast,Go South Coast 1883 Inbound,Alum Chine - Castlepoint,price_band_3.7@ChildReturn,3.7
SWWD_3307_Outbound_ChildSingle_a9f4b9e2-e9ea-4456-80e3-47fe03b77367_639196394590472337.xml,SWWD,Go South Coast,Go South Coast 3307 Outbound,City Centre - Bishopdown Farm,price_band_2.3@ChildSingle,2.3
WDBC_6943_Inbound_ChildReturn_a9f4b9e2-e9ea-4456-80e3-47fe03b77367_639196407994428424.xml,WDBC,Go South Coast,Go South Coast 6943 Inbound,Lulworth - Weymouth,price_band_4.3@ChildReturn,4.3
SWWD_8332_Inbound_AdultSingle_a9f4b9e2-e9ea-4456-80e3-47fe03b77367_639196410403465954.xml,SWWD,Go South Coast,Go South Coast 8332 Inbound,Salisbury City Centre - Stonehenge,price_band_10.0@AdultSingle,10.0
SVCT_5127_Inbound_ChildSingle_a9f4b9e2-e9ea-4456-80e3-47fe03b77367_639196405373626247.xml,SVCT,Go South Coast,Go South Coast 5127 Inbound,Yarmouth - Newport,price_band_2.4@ChildSingle,2.4
DAMY_6905_Inbound_AdultReturn_a9f4b9e2-e9ea-4456-80e3-47fe03b77367_639196407683247362.xml,DAMY,Go South Coast,Go South Coast 6905 Inbound,Warmwell - Dorchester,price_band_4.8@AdultReturn,4.8
WDBC_8120_Outbound_AdultReturn_a9f4b9e2-e9ea-4456-80e3-47fe03b77367_639196410299726244.xml,WDBC,Go South Coast,Go South Coast 8120 Outbound,Poole - Bournemoputh International Airport,price_band_6.0@AdultReturn,6.0
BLUS_4026_Inbound_ChildReturn_a9f4b9e2-e9ea-4456-80e3-47fe03b77367_639196402511691514.xml,BLUS,Go South Coast,Go South Coast 4026 Inbound,Southampton - Whiteley,price_band_4.0@ChildReturn,4.0
WDBC_8229_Outbound_ChildSingle_a9f4b9e2-e9ea-4456-80e3-47fe03b77367_639196410352701130.xml,WDBC,Go South Coast,Go South Coast 8229 Outbound,Lyndhurst - Ringwood RED,price_band_2.0@ChildSingle,2.0
WDBC_2956_Outbound_AdultSingle_d46597a9-440e-4c13-b49a-76a3986683d1_639196390033942618.xml,WDBC,Go South Coast,Go South Coast 2956 Outbound,Ringwood - Bournemouth,price_band_1.0@AdultSingle,1.0
SWWD_3881_Outbound_AdultReturn_a9f4b9e2-e9ea-4456-80e3-47fe03b77367_639196400602662314.xml,SWWD,Go South Coast,Go South Coast 3881 Outbound,Wilton Road  - Burgate School,price_band_5.1@AdultReturn,5.1
WDBC_6419_Inbound_ChildSingle_a9f4b9e2-e9ea-4456-80e3-47fe03b77367_639196406796721247.xml,WDBC,Go South Coast,Go South Coast 6419 Inbound,Compton Avenue - Poole Grammar,price_band_1.7@ChildSingle,1.7
WDBC_6418_Inbound_AdultReturn_a9f4b9e2-e9ea-4456-80e3-47fe03b77367_639196406669610886.xml,WDBC,Go South Coast,Go South Coast 6418 Inbound,Sandbanks Ferry - Poole Grammar School,price_band_5.8@AdultReturn,5.8
SWWD_3002_Outbound_ChildSingle_a9f4b9e2-e9ea-4456-80e3-47fe03b77367_639196390466834568.xml,SWWD,Go South Coast,Go South Coast 3002 Outbound,Salisbury - Devizes,price_band_1.9@ChildSingle,1.9
SWWD_7201_Inbound_ChildReturn_a9f4b9e2-e9ea-4456-80e3-47fe03b77367_639196409634398062.xml,SWWD,Go South Coast,Go South Coast 7201 Inbound,Figheldean - Salisbury,price_band_3.5@ChildReturn,3.5
WDBC_2618_Outbound_AdultReturn_a9f4b9e2-e9ea-4456-80e3-47fe03b77367_639196387241385145.xml,WDBC,Go South Coast,Go South Coast 2618 Outbound,Cooper Dean - Brockenhurst College,price_band_4.5@AdultReturn,4.5
SWWD_3126_Inbound_AdultReturn_a9f4b9e2-e9ea-4456-80e3-47fe03b77367_639196393114062107.xml,SWWD,Go South Coast,Go South Coast 3126 Inbound,Salisbury - Hindon,price_band_4.9@AdultReturn,4.9
SWWD_3329_Outbound_AdultReturn_a9f4b9e2-e9ea-4456-80e3-47fe03b77367_639196395680614135.xml,SWWD,Go South Coast,Go South Coast 3329 Outbound,Salisbury - Broad Chalke,price_band_4.9@AdultReturn,4.9
WDBC_1020_Inbound_AdultReturn_a9f4b9e2-e9ea-4456-80e3-47fe03b77367_639196373252002073.xml,WDBC,Go South Coast,Go South Coast 1020 Inbound,Poole - Christchurch,price_band_4.5@AdultReturn,4.5
WDBC_2906_Outbound_AdultSingle_a9f4b9e2-e9ea-4456-80e3-47fe03b77367_639196388115815036.xml,WDBC,Go South Coast,Go South Coast 2906 Outbound,Poole - Ringwood,price_band_2.6@AdultSingle,2.6
DAMY_6307_Outbound_AdultSingle_a9f4b9e2-e9ea-4456-80e3-47fe03b77367_639196406435350986.xml,DAMY,Go South Coast,Go South Coast 6307 Outbound,Blandford - Shaftesbury,price_band_3.0@AdultSingle,3.0
WDBC_2618_Inbound_AdultSingle_a9f4b9e2-e9ea-4456-80e3-47fe03b77367_639196387226189113.xml,WDBC,Go South Coast,Go South Coast 2618 Inbound,Cooper Dean - Brockenhurst College,price_band_3.0@AdultSingle,3.0
WDBC_3882_Inbound_ChildReturn_a9f4b9e2-e9ea-4456-80e3-47fe03b77367_639196400640344963.xml,WDBC,Go South Coast,Go South Coast 3882 Inbound,Stratford Road Grammar School - Burgate School,price_band_2.6@ChildReturn,2.6
WDBC_6449_Outbound_AdultReturn_a9f4b9e2-e9ea-4456-80e3-47fe03b77367_639196406949990953.xml,WDBC,Go South Coast,Go South Coast 6449 Outbound,St Osmunds - Parkstone Grammar,price_band_5.8@AdultReturn,5.8
SVCT_8502_Outbound_ChildSingle_a9f4b9e2-e9ea-4456-80e3-47fe03b77367_639196410636142625.xml,SVCT,Go South Coast,Go South Coast 8502 Outbound,Downs - Breezer,price_band_8.5@ChildSingle,8.5
WDBC_2003_Outbound_ChildSingle_a9f4b9e2-e9ea-4456-80e3-47fe03b77367_639196385983774623.xml,WDBC,Go South Coast,Go South Coast 2003 Outbound,Salisbury - Bournemouth,price_band_2.3@ChildSingle,2.3
WDBC_2612_Outbound_AdultReturn_a9f4b9e2-e9ea-4456-80e3-47fe03b77367_639196387073886424.xml,WDBC,Go South Coast,Go South Coast 2612 Outbound,Dibden Purlieu - Brockenhurst College,price_band_3.6@AdultReturn,3.6
DAMY_6020_Outbound_ChildReturn_a9f4b9e2-e9ea-4456-80e3-47fe03b77367_639196406158048579.xml,DAMY,Go South Coast,Go South Coast 6020 Outbound,Salisbury - Blandford,price_band_6.0@ChildReturn,6.0
BLUS_4103_Outbound_AdultReturn_a9f4b9e2-e9ea-4456-80e3-47fe03b77367_639196402658751278.xml,BLUS,Go South Coast,Go South Coast 4103 Outbound,Southampton - Eastleigh,price_band_6.0@AdultReturn,6.0
SWWD_3457_Inbound_ChildReturn_a9f4b9e2-e9ea-4456-80e3-47fe03b77367_639196398044057066.xml,SWWD,Go South Coast,Go South Coast 3457 Inbound,Salisbury - Southampton,price_band_4.5@ChildReturn,4.5
WDBC_1013_Inbound_AdultReturn_a9f4b9e2-e9ea-4456-80e3-47fe03b77367_639196371167533681.xml,WDBC,Go South Coast,Go South Coast 1013 Inbound,Bournemouth - Wimborne,price_band_5.7@AdultReturn,5.7
SWWD_3677_Outbound_ChildReturn_a9f4b9e2-e9ea-4456-80e3-47fe03b77367_639196400257854619.xml,SWWD,Go South Coast,Go South Coast 3677 Outbound,Stratford Road Grammar School - West Wellow,price_band_2.5@ChildReturn,2.5
TDTR_7540_Outbound_AdultReturn_a9f4b9e2-e9ea-4456-80e3-47fe03b77367_639196409979252326.xml,TDTR,Go South Coast,Go South Coast 7540 Outbound,Lydiard Millicent - Cirencester College,price_band_8.3@AdultReturn,8.3
WDBC_1644_Outbound_AdultSingle_2f1f0c04-770d-4707-ab06-213c5a798ad7_639196378978168183.xml,WDBC,Go South Coast,Go South Coast 1644 Outbound,Westbourne - Talbot Campus,price_band_1.0@AdultSingle,1.0
SWWD_3404_Outbound_AdultSingle_a9f4b9e2-e9ea-4456-80e3-47fe03b77367_639196396277963486.xml,SWWD,Go South Coast,Go South Coast 3404 Outbound,Salisbury - Larkhill,price_band_3.0@AdultSingle,3.0
WDBC_1053_Inbound_AdultSingle_a9f4b9e2-e9ea-4456-80e3-47fe03b77367_639196376088053578.xml,WDBC,Go South Coast,Go South Coast 1053 Inbound,Bournemouth - Wimborne,price_band_2.6@AdultSingle,2.6
BLUS_4009_Inbound_ChildReturn_a9f4b9e2-e9ea-4456-80e3-47fe03b77367_639196401546478686.xml,BLUS,Go South Coast,Go South Coast 4009 Inbound,Southampton - Langley/Fawley,price_band_4.5@ChildReturn,4.5
BLUS_4001_Outbound_AdultReturn_a9f4b9e2-e9ea-4456-80e3-47fe03b77367_639196400981801080.xml,BLUS,Go South Coast,Go South Coast 4001 Outbound,Southampton - Winchester,price_band_4.9@AdultReturn,4.9
WDBC_6701_Inbound_ChildReturn_a9f4b9e2-e9ea-4456-80e3-47fe03b77367_639196407344934980.xml,WDBC,Go South Coast,Go South Coast 6701 Inbound,Queen Elizabeth's School - Kinson,price_band_4.7@ChildReturn,4.7
DAMY_3183_Outbound_AdultReturn_a9f4b9e2-e9ea-4456-80e3-47fe03b77367_639196393911267969.xml,DAMY,Go South Coast,Go South Coast 3183 Outbound,Blandford - Weymouth,price_band_3.7@AdultReturn,3.7
WDBC_1170_Inbound_AdultSingle_a9f4b9e2-e9ea-4456-80e3-47fe03b77367_639196378115976628.xml,WDBC,Go South Coast,Go South Coast 1170 Inbound,Rockley Park - Hengistbury Head,price_band_3.0@AdultSingle,3.0
SWWD_3303_Inbound_AdultReturn_a9f4b9e2-e9ea-4456-80e3-47fe03b77367_639196394392677512.xml,SWWD,Go South Coast,Go South Coast 3303 Inbound,City Centre - Ditchampton,price_band_4.2@AdultReturn,4.2
WDBC_2003_Outbound_AdultSingle_a9f4b9e2-e9ea-4456-80e3-47fe03b77367_639196385934585913.xml,WDBC,Go South Coast,Go South Coast 2003 Outbound,Salisbury - Bournemouth,price_band_2.8@AdultSingle,2.8
SWWD_3763_Inbound_ChildSingle_a9f4b9e2-e9ea-4456-80e3-47fe03b77367_639196400481757004.xml,SWWD,Go South Coast,Go South Coast 3763 Inbound,Mount Pleasant Farm - Burgate School,price_band_3.4@ChildSingle,3.4
SWWD_3726_Inbound_AdultReturn_a9f4b9e2-e9ea-4456-80e3-47fe03b77367_639196400332138382.xml,SWWD,Go South Coast,Go South Coast 3726 Inbound,Salisbury - East Knoyle,price_band_4.9@AdultReturn,4.9
WDBC_6416_Outbound_ChildReturn_a9f4b9e2-e9ea-4456-80e3-47fe03b77367_639196406650542511.xml,WDBC,Go South Coast,Go South Coast 6416 Outbound,Penn Hill Avenue  - Poole Grammar School,price_band_2.3@ChildReturn,2.3
SWWD_3307_Inbound_AdultSingle_a9f4b9e2-e9ea-4456-80e3-47fe03b77367_639196394568283530.xml,SWWD,Go South Coast,Go South Coast 3307 Inbound,City Centre - Bishopdown Farm,price_band_2.3@AdultSingle,2.3
WDBC_2003_Inbound_ChildSingle_a9f4b9e2-e9ea-4456-80e3-47fe03b77367_639196385695078988.xml,WDBC,Go South Coast,Go South Coast 2003 Inbound,Salisbury - Bournemouth,price_band_2.1@ChildSingle,2.1
SWWD_3044_Outbound_ChildReturn_a9f4b9e2-e9ea-4456-80e3-47fe03b77367_639196391697596435.xml,SWWD,Go South Coast,Go South Coast 3044 Outbound,Salisbury - Woodfalls,price_band_4.9@ChildReturn,4.9
SVCT_5273_Outbound_ChildSingle_a9f4b9e2-e9ea-4456-80e3-47fe03b77367_639196405705889504.xml,SVCT,Go South Coast,Go South Coast 5273 Outbound,Newport - Ventnor,price_band_3.0@ChildSingle,3.0
WDBC_1818_Inbound_ChildSingle_2f1f0c04-770d-4707-ab06-213c5a798ad7_639196380262960362.xml,WDBC,Go South Coast,Go South Coast 1818 Inbound,Bournemouth - Broadstone,price_band_1.0@ChildSingle,1.0
TDTR_7017_Outbound_YoungPersonSgl_a9f4b9e2-e9ea-4456-80e3-47fe03b77367_639196408250441812.xml,TDTR,Go South Coast,Go South Coast 7017 Outbound,Penhill - Park South,price_band_2.5@YoungPersonSgl,2.5
SWWD_3533_Inbound_AdultSingle_a9f4b9e2-e9ea-4456-80e3-47fe03b77367_639196399542427162.xml,SWWD,Go South Coast,Go South Coast 3533 Inbound,Dinton - City Centre,price_band_2.3@AdultSingle,2.3
TDTR_7080_Outbound_AdultReturn_a9f4b9e2-e9ea-4456-80e3-47fe03b77367_639196408817785315.xml,TDTR,Go South Coast,Go South Coast 7080 Outbound,Swindon - Marlborough,price_band_4.7@AdultReturn,4.7
WDBC_1833_Outbound_AdultSingle_a9f4b9e2-e9ea-4456-80e3-47fe03b77367_639196381669392329.xml,WDBC,Go South Coast,Go South Coast 1833 Outbound,Alum Chine - Castlepoint,price_band_2.3@AdultSingle,2.3
SWWD_3677_Outbound_AdultReturn_a9f4b9e2-e9ea-4456-80e3-47fe03b77367_639196400212676734.xml,SWWD,Go South Coast,Go South Coast 3677 Outbound,Stratford Road Grammar School - West Wellow,price_band_4.5@AdultReturn,4.5
TDTR_7158_Inbound_AdultSingle_a9f4b9e2-e9ea-4456-80e3-47fe03b77367_639196409317443922.xml,TDTR,Go South Coast,Go South Coast 7158 Inbound,Great Western Hospital or Sun Inn - Ridgeway School,price_band_3.1@AdultSingle,3.1
WDBC_2761_Inbound_AdultReturn_a9f4b9e2-e9ea-4456-80e3-47fe03b77367_639196387430904619.xml,WDBC,Go South Coast,Go South Coast 2761 Inbound,Bunkers Hill Cottage - Priestlands School,price_band_6.2@AdultReturn,6.2
WDBC_1951_Inbound_ChildReturn_a9f4b9e2-e9ea-4456-80e3-47fe03b77367_639196384076851000.xml,WDBC,Go South Coast,Go South Coast 1951 Inbound,Bournemouth - Sandbanks,price_band_2.8@ChildReturn,2.8
BLUS_2627_Inbound_AdultReturn_a9f4b9e2-e9ea-4456-80e3-47fe03b77367_639196387375365629.xml,BLUS,Go South Coast,Go South Coast 2627 Inbound,Totton - Marchwood,price_band_4.2@AdultReturn,4.2
WDBC_1021_Outbound_AdultSingle_d46597a9-440e-4c13-b49a-76a3986683d1_639196374210815676.xml,WDBC,Go South Coast,Go South Coast 1021 Outbound,Bournemouth - High Howe,price_band_1.0@AdultSingle,1.0
SWWD_3404_Outbound_ChildReturn_a9f4b9e2-e9ea-4456-80e3-47fe03b77367_639196396371448456.xml,SWWD,Go South Coast,Go South Coast 3404 Outbound,Salisbury - Larkhill,price_band_2.5@ChildReturn,2.5
WDBC_2633_Outbound_AdultSingle_a9f4b9e2-e9ea-4456-80e3-47fe03b77367_639196387427779345.xml,WDBC,Go South Coast,Go South Coast 2633 Outbound,Wimborne - Brockenhurst College,price_band_3.4@AdultSingle,3.4
WDBC_2024_Outbound_AdultSingle_a9f4b9e2-e9ea-4456-80e3-47fe03b77367_639196386238938482.xml,WDBC,Go South Coast,Go South Coast 2024 Outbound,Castlepoint - Christchurch,price_band_2.3@AdultSingle,2.3
BLUS_4119_Outbound_AdultSingle_a9f4b9e2-e9ea-4456-80e3-47fe03b77367_639196402757250331.xml,BLUS,Go South Coast,Go South Coast 4119 Outbound,Thornhill - Lordshill,price_band_2.6@AdultSingle,2.6
WDBC_2003_Inbound_ChildSingle_a9f4b9e2-e9ea-4456-80e3-47fe03b77367_639196385695078988.xml,WDBC,Go South Coast,Go South Coast 2003 Inbound,Salisbury - Bournemouth,price_band_3.0@ChildSingle,3.0
WDBC_6185_Outbound_ChildReturn_a9f4b9e2-e9ea-4456-80e3-47fe03b77367_639196406399899986.xml,WDBC,Go South Coast,Go South Coast 6185 Outbound,Blandford - Blandford Sch,price_band_2.8@ChildReturn,2.8
SWWD_3404_Inbound_AdultReturn_a9f4b9e2-e9ea-4456-80e3-47fe03b77367_639196396083184380.xml,SWWD,Go South Coast,Go South Coast 3404 Inbound,Salisbury - Larkhill,price_band_4.9@AdultReturn,4.9
WDBC_1788_Outbound_ChildSingle_a9f4b9e2-e9ea-4456-80e3-47fe03b77367_639196379271894228.xml,WDBC,Go South Coast,Go South Coast 1788 Outbound,Walkford - Bournemouth School for Girls,price_band_2.9@ChildSingle,2.9
SWWD_3014_Outbound_ChildReturn_a9f4b9e2-e9ea-4456-80e3-47fe03b77367_639196391291335055.xml,SWWD,Go South Coast,Go South Coast 3014 Outbound,Salisbury - Harnham Hill,price_band_2.5@ChildReturn,2.5
WDBC_8429_Outbound_AdultSingle_a9f4b9e2-e9ea-4456-80e3-47fe03b77367_639196410430594161.xml,WDBC,Go South Coast,Go South Coast 8429 Outbound,Exbury - Lyndhurst GREEN,price_band_5.5@AdultSingle,5.5
SWWD_3327_Outbound_AdultSingle_a9f4b9e2-e9ea-4456-80e3-47fe03b77367_639196395560986714.xml,SWWD,Go South Coast,Go South Coast 3327 Outbound,Salisbury - Shaftesbury,price_band_3.0@AdultSingle,3.0
BLUS_4001_Outbound_AdultSingle_a9f4b9e2-e9ea-4456-80e3-47fe03b77367_639196400978207096.xml,BLUS,Go South Coast,Go South Coast 4001 Outbound,Southampton - Winchester,price_band_2.5@AdultSingle,2.5
DAMY_6020_Outbound_AdultReturn_a9f4b9e2-e9ea-4456-80e3-47fe03b77367_639196406128778219.xml,DAMY,Go South Coast,Go South Coast 6020 Outbound,Salisbury - Blandford,price_band_4.2@AdultReturn,4.2
TDTR_7046_Inbound_ChildSingle_a9f4b9e2-e9ea-4456-80e3-47fe03b77367_639196408405590139.xml,TDTR,Go South Coast,Go South Coast 7046 Inbound,Swindon - Hungerford,price_band_1.4@ChildSingle,1.4
SVCT_5027_Outbound_YoungAdSingle_a9f4b9e2-e9ea-4456-80e3-47fe03b77367_639196404360876628.xml,SVCT,Go South Coast,Go South Coast 5027 Outbound,Newport  - Yarmouth,price_band_2.4@YoungAdSingle,2.4
BLUS_4023_Outbound_ChildSingle_eed5e2e8-c472-41af-825e-db09ec887334_639196402439916025.xml,BLUS,Go South Coast,Go South Coast 4023 Outbound,Eastleigh - Velmore,price_band_1.0@ChildSingle,1.0
WDBC_1040_Outbound_AdultReturn_a9f4b9e2-e9ea-4456-80e3-47fe03b77367_639196375143206504.xml,WDBC,Go South Coast,Go South Coast 1040 Outbound,Swanage - Poole,price_band_4.2@AdultReturn,4.2
WDBC_2761_Outbound_ChildReturn_a9f4b9e2-e9ea-4456-80e3-47fe03b77367_639196387451111130.xml,WDBC,Go South Coast,Go South Coast 2761 Outbound,Bunkers Hill Cottage - Priestlands School,price_band_2.7@ChildReturn,2.7
BLUS_4011_Inbound_AdultSingle_a9f4b9e2-e9ea-4456-80e3-47fe03b77367_639196401695835844.xml,BLUS,Go South Coast,Go South Coast 4011 Inbound,Southampton - West Totton,price_band_3.0@AdultSingle,3.0
WDBC_1006_Outbound_AdultSingle_d46597a9-440e-4c13-b49a-76a3986683d1_639196370855722960.xml,WDBC,Go South Coast,Go South Coast 1006 Outbound,Poole - Tower Park,price_band_1.0@AdultSingle,1.0
SWWD_3645_Inbound_AdultSingle_a9f4b9e2-e9ea-4456-80e3-47fe03b77367_639196399753723601.xml,SWWD,Go South Coast,Go South Coast 3645 Inbound,Stratford Road Grammar School - Hamptworth Cuckoo,price_band_2.3@AdultSingle,2.3
WDBC_2001_Outbound_AdultReturn_a9f4b9e2-e9ea-4456-80e3-47fe03b77367_639196384662992972.xml,WDBC,Go South Coast,Go South Coast 2001 Outbound,Bournemouth - Lymington,price_band_5.1@AdultReturn,5.1
SWWD_3306_Outbound_ChildSingle_a9f4b9e2-e9ea-4456-80e3-47fe03b77367_639196394552121850.xml,SWWD,Go South Coast,Go South Coast 3306 Outbound,Endless Street - Blue Boar Row,price_band_1.9@ChildSingle,1.9
BLUS_4014_Outbound_ChildSingle_eed5e2e8-c472-41af-825e-db09ec887334_639196401909288096.xml,BLUS,Go South Coast,Go South Coast 4014 Outbound,Southampton - Hedge End,price_band_1.0@ChildSingle,1.0
SWWD_3763_Outbound_AdultSingle_a9f4b9e2-e9ea-4456-80e3-47fe03b77367_639196400497448956.xml,SWWD,Go South Coast,Go South Coast 3763 Outbound,Mount Pleasant Farm - Burgate School,price_band_2.1@AdultSingle,2.1
WDBC_6448_Outbound_AdultReturn_a9f4b9e2-e9ea-4456-80e3-47fe03b77367_639196406876950563.xml,WDBC,Go South Coast,Go South Coast 6448 Outbound,Furnell Road - Parkstone Grammar,price_band_3.8@AdultReturn,3.8
WDBC_1013_Inbound_AdultReturn_a9f4b9e2-e9ea-4456-80e3-47fe03b77367_639196371167533681.xml,WDBC,Go South Coast,Go South Coast 1013 Inbound,Bournemouth - Wimborne,price_band_5.1@AdultReturn,5.1
BLUS_3634_Inbound_AdultReturn_a9f4b9e2-e9ea-4456-80e3-47fe03b77367_639196399657109726.xml,BLUS,Go South Coast,Go South Coast 3634 Inbound,East Wellow  - Romsey School,price_band_8.3@AdultReturn,8.3
WDBC_1741_Inbound_ChildSingle_a9f4b9e2-e9ea-4456-80e3-47fe03b77367_639196379057798178.xml,WDBC,Go South Coast,Go South Coast 1741 Inbound,Sandbanks Ferry - Parkstone Grammar School,price_band_3.4@ChildSingle,3.4
TDTR_7042_Outbound_AdultReturn_a9f4b9e2-e9ea-4456-80e3-47fe03b77367_639196408380457205.xml,TDTR,Go South Coast,Go South Coast 7042 Outbound,Calne - St John's School,price_band_2.3@AdultReturn,2.3
DAMY_3183_Outbound_ChildSingle_a9f4b9e2-e9ea-4456-80e3-47fe03b77367_639196393928196536.xml,DAMY,Go South Coast,Go South Coast 3183 Outbound,Blandford - Weymouth,price_band_2.3@ChildSingle,2.3
WDBC_1016_Inbound_ChildReturn_a9f4b9e2-e9ea-4456-80e3-47fe03b77367_639196372076738338.xml,WDBC,Go South Coast,Go South Coast 1016 Inbound,Poole - Bournemouth,price_band_3.2@ChildReturn,3.2
DAMY_6920_Inbound_ChildSingle_a9f4b9e2-e9ea-4456-80e3-47fe03b77367_639196407760505535.xml,DAMY,Go South Coast,Go South Coast 6920 Inbound,Salisbury - Steam Fair,price_band_2.6@ChildSingle,2.6
WDBC_1015_Inbound_ChildReturn_a9f4b9e2-e9ea-4456-80e3-47fe03b77367_639196371709340946.xml,WDBC,Go South Coast,Go South Coast 1015 Inbound,Poole - Bournemouth Hospital,price_band_3.1@ChildReturn,3.1
SWWD_3138_Inbound_ChildSingle_a9f4b9e2-e9ea-4456-80e3-47fe03b77367_639196393532839474.xml,SWWD,Go South Coast,Go South Coast 3138 Inbound,West Dean  - Laverstock & Grammar,price_band_1.9@ChildSingle,1.9
WDBC_2003_Outbound_AdultReturn_a9f4b9e2-e9ea-4456-80e3-47fe03b77367_639196385959424100.xml,WDBC,Go South Coast,Go South Coast 2003 Outbound,Salisbury - Bournemouth,price_band_4.2@AdultReturn,4.2
WDBC_1837_Outbound_ChildReturn_a9f4b9e2-e9ea-4456-80e3-47fe03b77367_639196381943039249.xml,WDBC,Go South Coast,Go South Coast 1837 Outbound,Bournemouth - Bournemouth International Airport,price_band_2.8@ChildReturn,2.8
DAMY_3183_Outbound_AdultReturn_a9f4b9e2-e9ea-4456-80e3-47fe03b77367_639196393911267969.xml,DAMY,Go South Coast,Go South Coast 3183 Outbound,Blandford - Weymouth,price_band_4.3@AdultReturn,4.3
BLUS_4012_Outbound_AdultReturn_a9f4b9e2-e9ea-4456-80e3-47fe03b77367_639196401766130281.xml,BLUS,Go South Coast,Go South Coast 4012 Outbound,Southampton - Calmore,price_band_6.0@AdultReturn,6.0
WDBC_1017_Inbound_ChildReturn_a9f4b9e2-e9ea-4456-80e3-47fe03b77367_639196372622500146.xml,WDBC,Go South Coast,Go South Coast 1017 Inbound,Poole - Bournemouth,price_band_3.2@ChildReturn,3.2
UNIL_4701_Outbound_ChildSingle_a9f4b9e2-e9ea-4456-80e3-47fe03b77367_639196403068725994.xml,UNIL,Go South Coast,Go South Coast 4701 Outbound,NOCS - Airport,price_band_2.0@ChildSingle,2.0
WDBC_2024_Inbound_ChildReturn_a9f4b9e2-e9ea-4456-80e3-47fe03b77367_639196386233421913.xml,WDBC,Go South Coast,Go South Coast 2024 Inbound,Castlepoint - Christchurch,price_band_3.4@ChildReturn,3.4
TDTR_7146_Inbound_ChildSingle_a9f4b9e2-e9ea-4456-80e3-47fe03b77367_639196409031966467.xml,TDTR,Go South Coast,Go South Coast 7146 Inbound,Swindon - Hungerford,price_band_2.8@ChildSingle,2.8
WDBC_1903_Inbound_ChildSingle_2f1f0c04-770d-4707-ab06-213c5a798ad7_639196383252639639.xml,WDBC,Go South Coast,Go South Coast 1903 Inbound,Poole - Wimborne,price_band_2.8@ChildSingle,2.8
SWWD_3008_Inbound_AdultSingle_a9f4b9e2-e9ea-4456-80e3-47fe03b77367_639196390599674762.xml,SWWD,Go South Coast,Go South Coast 3008 Inbound,Salisbury - Zouch Estate,price_band_2.3@AdultSingle,2.3
DAMY_6487_Inbound_AdultSingle_a9f4b9e2-e9ea-4456-80e3-47fe03b77367_639196407072227688.xml,DAMY,Go South Coast,Go South Coast 6487 Inbound,Blandford - Dorchester,price_band_3.0@AdultSingle,3.0
BLUS_3634_Outbound_ChildSingle_a9f4b9e2-e9ea-4456-80e3-47fe03b77367_639196399696272220.xml,BLUS,Go South Coast,Go South Coast 3634 Outbound,East Wellow  - Romsey School,price_band_2.6@ChildSingle,2.6
BLUS_4013_Outbound_AdultSingle_f15d1b06-486f-433a-8991-95f1a97a87e0_639196401832207715.xml,BLUS,Go South Coast,Go South Coast 4013 Outbound,Southampton - Harefield,price_band_1.0@AdultSingle,1.0
BLUS_8438_Outbound_AdultReturn_a9f4b9e2-e9ea-4456-80e3-47fe03b77367_639196410472239547.xml,BLUS,Go South Coast,Go South Coast 8438 Outbound,Winchester - Petersfield,price_band_5.7@AdultReturn,5.7
WDBC_1786_Inbound_ChildReturn_a9f4b9e2-e9ea-4456-80e3-47fe03b77367_639196379198187275.xml,WDBC,Go South Coast,Go South Coast 1786 Inbound,Park Gates - Bournemouth School for Girls,price_band_6.3@ChildReturn,6.3
BLUS_4009_Inbound_AdultSingle_a9f4b9e2-e9ea-4456-80e3-47fe03b77367_639196401525833382.xml,BLUS,Go South Coast,Go South Coast 4009 Inbound,Southampton - Langley/Fawley,price_band_3.0@AdultSingle,3.0
WDBC_1804_Inbound_AdultSingle_a9f4b9e2-e9ea-4456-80e3-47fe03b77367_639196379659286517.xml,WDBC,Go South Coast,Go South Coast 1804 Inbound,Bournemouth - Castlepoint,price_band_2.6@AdultSingle,2.6
TDTR_7080_Inbound_AdultSingle_a9f4b9e2-e9ea-4456-80e3-47fe03b77367_639196408790442872.xml,TDTR,Go South Coast,Go South Coast 7080 Inbound,Swindon - Marlborough,price_band_3.0@AdultSingle,3.0
WDBC_1643_Outbound_UniIDSingle_2f1f0c04-770d-4707-ab06-213c5a798ad7_639196378914729462.xml,WDBC,Go South Coast,Go South Coast 1643 Outbound,Fishermans Walk - Talbot Campus,price_band_1.0@UniIDSingle,1.0
WDBC_1762_Outbound_AdultReturn_a9f4b9e2-e9ea-4456-80e3-47fe03b77367_639196379173979700.xml,WDBC,Go South Coast,Go South Coast 1762 Outbound,Merley - Corfe Hills,price_band_4.5@AdultReturn,4.5
WDBC_1883_Outbound_ChildReturn_a9f4b9e2-e9ea-4456-80e3-47fe03b77367_639196382558488224.xml,WDBC,Go South Coast,Go South Coast 1883 Outbound,Alum Chine - Castlepoint,price_band_3.2@ChildReturn,3.2
WDBC_1818_Outbound_ChildSingle_a9f4b9e2-e9ea-4456-80e3-47fe03b77367_639196380451551605.xml,WDBC,Go South Coast,Go South Coast 1818 Outbound,Bournemouth - Broadstone,price_band_2.2@ChildSingle,2.2
TDTR_7076_Outbound_YoungPersonRtn_a9f4b9e2-e9ea-4456-80e3-47fe03b77367_639196408736218992.xml,TDTR,Go South Coast,Go South Coast 7076 Outbound,Marlborough - Bath,price_band_3.9@YoungPersonRtn,3.9
WDBC_1006_Outbound_ChildReturn_a9f4b9e2-e9ea-4456-80e3-47fe03b77367_639196370825716942.xml,WDBC,Go South Coast,Go South Coast 1006 Outbound,Poole - Tower Park,price_band_3.7@ChildReturn,3.7
WDBC_1035_Inbound_AdultReturn_a9f4b9e2-e9ea-4456-80e3-47fe03b77367_639196374566213538.xml,WDBC,Go South Coast,Go South Coast 1035 Inbound,Swanage - Wareham,price_band_5.1@AdultReturn,5.1
WDBC_6047_Inbound_ChildSingle_a9f4b9e2-e9ea-4456-80e3-47fe03b77367_639196406328101822.xml,WDBC,Go South Coast,Go South Coast 6047 Inbound,Ringwood Road - Parkstone Grammar School,price_band_2.2@ChildSingle,2.2
SVCT_5108_Inbound_YoungAdSingle_a9f4b9e2-e9ea-4456-80e3-47fe03b77367_639196405224095926.xml,SVCT,Go South Coast,Go South Coast 5108 Inbound,Ryde  - Newport,price_band_2.4@YoungAdSingle,2.4
SWWD_3301_Inbound_ChildSingle_a9f4b9e2-e9ea-4456-80e3-47fe03b77367_639196394300033020.xml,SWWD,Go South Coast,Go South Coast 3301 Inbound,District Hospital - Bemerton Heath,price_band_1.9@ChildSingle,1.9
BLUS_8438_Inbound_AdultReturn_a9f4b9e2-e9ea-4456-80e3-47fe03b77367_639196410451682457.xml,BLUS,Go South Coast,Go South Coast 8438 Inbound,Winchester - Petersfield,price_band_4.2@AdultReturn,4.2
SWWD_7201_Inbound_ChildSingle_a9f4b9e2-e9ea-4456-80e3-47fe03b77367_639196409621895930.xml,SWWD,Go South Coast,Go South Coast 7201 Inbound,Figheldean - Salisbury,price_band_1.4@ChildSingle,1.4
WDBC_1950_Outbound_AdultSingle_a9f4b9e2-e9ea-4456-80e3-47fe03b77367_639196383827164618.xml,WDBC,Go South Coast,Go South Coast 1950 Outbound,Bournemouth - Swanage,price_band_3.0@AdultSingle,3.0
SVCT_5001_Outbound_AdultReturn_1713f49b-7cad-4131-9ade-e07849b9212b_639196403607585577.xml,SVCT,Go South Coast,Go South Coast 5001 Outbound,Newport - Cowes,price_band_6.0@AdultReturn,6.0
WDBC_2003_Outbound_AdultSingle_a9f4b9e2-e9ea-4456-80e3-47fe03b77367_639196385934585913.xml,WDBC,Go South Coast,Go South Coast 2003 Outbound,Salisbury - Bournemouth,price_band_3.0@AdultSingle,3.0
BLUS_4425_Outbound_ChildSingle_a9f4b9e2-e9ea-4456-80e3-47fe03b77367_639196402942949774.xml,BLUS,Go South Coast,Go South Coast 4425 Outbound,Eastleigh - Boorley Park,price_band_2.1@ChildSingle,2.1
WDBC_6185_Inbound_ChildSingle_a9f4b9e2-e9ea-4456-80e3-47fe03b77367_639196406393447886.xml,WDBC,Go South Coast,Go South Coast 6185 Inbound,Blandford - Blandford Sch,price_band_2.0@ChildSingle,2.0
SWWD_3886_Outbound_AdultReturn_a9f4b9e2-e9ea-4456-80e3-47fe03b77367_639196400901643893.xml,SWWD,Go South Coast,Go South Coast 3886 Outbound,St Peters Place  - Burgate School,price_band_6.0@AdultReturn,6.0
SWWD_3125_Inbound_AdultReturn_a9f4b9e2-e9ea-4456-80e3-47fe03b77367_639196392784009675.xml,SWWD,Go South Coast,Go South Coast 3125 Inbound,South Wilts Grammar School - Hindon,price_band_4.2@AdultReturn,4.2
WDBC_1833_Inbound_ChildSingle_d46597a9-440e-4c13-b49a-76a3986683d1_639196381658783759.xml,WDBC,Go South Coast,Go South Coast 1833 Inbound,Alum Chine - Castlepoint,price_band_1.0@ChildSingle,1.0
SWWD_3304_Outbound_ChildReturn_a9f4b9e2-e9ea-4456-80e3-47fe03b77367_639196394498950436.xml,SWWD,Go South Coast,Go South Coast 3304 Outbound,City Centre - Paul's Dene,price_band_2.5@ChildReturn,2.5
BLUS_4002_Outbound_AdultSingle_a9f4b9e2-e9ea-4456-80e3-47fe03b77367_639196401060697239.xml,BLUS,Go South Coast,Go South Coast 4002 Outbound,Southampton - Fair Oak,price_band_2.6@AdultSingle,2.6
SWWD_3663_Outbound_AdultReturn_a9f4b9e2-e9ea-4456-80e3-47fe03b77367_639196400038881428.xml,SWWD,Go South Coast,Go South Coast 3663 Outbound,Wilton Road  - Laverstock Schools,price_band_4.5@AdultReturn,4.5
WDBC_1951_Inbound_AdultSingle_a9f4b9e2-e9ea-4456-80e3-47fe03b77367_639196384099992419.xml,WDBC,Go South Coast,Go South Coast 1951 Inbound,Bournemouth - Sandbanks,price_band_2.3@AdultSingle,2.3
WDBC_1054_Outbound_AdultSingle_2f1f0c04-770d-4707-ab06-213c5a798ad7_639196376685659415.xml,WDBC,Go South Coast,Go South Coast 1054 Outbound,Poole - Wimborne,price_band_2.9@AdultSingle,2.9
WDBC_1017_Inbound_ChildSingle_a9f4b9e2-e9ea-4456-80e3-47fe03b77367_639196372642771553.xml,WDBC,Go South Coast,Go South Coast 1017 Inbound,Poole - Bournemouth,price_band_2.8@ChildSingle,2.8
WDBC_1931_Outbound_ChildReturn_a9f4b9e2-e9ea-4456-80e3-47fe03b77367_639196383527168660.xml,WDBC,Go South Coast,Go South Coast 1931 Outbound,Wool - Lulworth,price_band_2.8@ChildReturn,2.8
SWWD_3372_Outbound_AdultReturn_a9f4b9e2-e9ea-4456-80e3-47fe03b77367_639196395796680397.xml,SWWD,Go South Coast,Go South Coast 3372 Outbound,City Centre - Bishopdown,price_band_3.5@AdultReturn,3.5
BLUS_4506_Outbound_ChildSingle_a9f4b9e2-e9ea-4456-80e3-47fe03b77367_639196403008141336.xml,BLUS,Go South Coast,Go South Coast 4506 Outbound,City Centre - Cantell School,price_band_2.0@ChildSingle,2.0
WDBC_1035_Inbound_ChildSingle_a9f4b9e2-e9ea-4456-80e3-47fe03b77367_639196374583091701.xml,WDBC,Go South Coast,Go South Coast 1035 Inbound,Swanage - Wareham,price_band_1.9@ChildSingle,1.9
WDBC_1836_Inbound_AdultReturn_a9f4b9e2-e9ea-4456-80e3-47fe03b77367_639196381768682596.xml,WDBC,Go South Coast,Go South Coast 1836 Inbound,Talbot View - Kinson,price_band_4.7@AdultReturn,4.7
SWWD_3881_Outbound_ChildSingle_a9f4b9e2-e9ea-4456-80e3-47fe03b77367_639196400609537794.xml,SWWD,Go South Coast,Go South Coast 3881 Outbound,Wilton Road  - Burgate School,price_band_2.9@ChildSingle,2.9
WDBC_1789_Outbound_AdultReturn_a9f4b9e2-e9ea-4456-80e3-47fe03b77367_639196379362514665.xml,WDBC,Go South Coast,Go South Coast 1789 Outbound,Bournemouth School for Girls - Lymington,price_band_5.1@AdultReturn,5.1
BLUS_4103_Outbound_AdultReturn_a9f4b9e2-e9ea-4456-80e3-47fe03b77367_639196402658751278.xml,BLUS,Go South Coast,Go South Coast 4103 Outbound,Southampton - Eastleigh,price_band_4.9@AdultReturn,4.9
WDBC_2956_Inbound_ChildReturn_a9f4b9e2-e9ea-4456-80e3-47fe03b77367_639196389210427380.xml,WDBC,Go South Coast,Go South Coast 2956 Inbound,Ringwood - Bournemouth,price_band_6.0@ChildReturn,6.0
WDBC_1053_Inbound_AdultSingle_d46597a9-440e-4c13-b49a-76a3986683d1_639196376155853258.xml,WDBC,Go South Coast,Go South Coast 1053 Inbound,Bournemouth - Wimborne,price_band_2.8@AdultSingle,2.8
DAMY_6905_Outbound_ChildReturn_a9f4b9e2-e9ea-4456-80e3-47fe03b77367_639196407722599317.xml,DAMY,Go South Coast,Go South Coast 6905 Outbound,Warmwell - Dorchester,price_band_4.7@ChildReturn,4.7
SWWD_3126_Inbound_ChildSingle_a9f4b9e2-e9ea-4456-80e3-47fe03b77367_639196393128381437.xml,SWWD,Go South Coast,Go South Coast 3126 Inbound,Salisbury - Hindon,price_band_3.0@ChildSingle,3.0
SWWD_3308_Inbound_AdultReturn_a9f4b9e2-e9ea-4456-80e3-47fe03b77367_639196394603250068.xml,SWWD,Go South Coast,Go South Coast 3308 Inbound,Blue Boar Row - Ditchampton,price_band_5.4@AdultReturn,5.4
WDBC_1818_Inbound_AdultSingle_d46597a9-440e-4c13-b49a-76a3986683d1_639196380236394680.xml,WDBC,Go South Coast,Go South Coast 1818 Inbound,Bournemouth - Broadstone,price_band_1.0@AdultSingle,1.0
WDBC_1017_Outbound_AdultSingle_a9f4b9e2-e9ea-4456-80e3-47fe03b77367_639196372920461949.xml,WDBC,Go South Coast,Go South Coast 1017 Outbound,Poole - Bournemouth,price_band_2.6@AdultSingle,2.6
WDBC_1788_Inbound_AdultSingle_a9f4b9e2-e9ea-4456-80e3-47fe03b77367_639196379238273293.xml,WDBC,Go South Coast,Go South Coast 1788 Inbound,Walkford - Bournemouth School for Girls,price_band_2.9@AdultSingle,2.9
WDBC_1069_Outbound_AdultSingle_a9f4b9e2-e9ea-4456-80e3-47fe03b77367_639196377062700966.xml,WDBC,Go South Coast,Go South Coast 1069 Outbound,Poole - Poole Anti-Clockwise,price_band_3.0@AdultSingle,3.0
WDBC_1052_Outbound_ChildReturn_a9f4b9e2-e9ea-4456-80e3-47fe03b77367_639196375919604408.xml,WDBC,Go South Coast,Go South Coast 1052 Outbound,Rockley - Sandbanks,price_band_3.1@ChildReturn,3.1
WDBC_1010_Outbound_ChildSingle_a9f4b9e2-e9ea-4456-80e3-47fe03b77367_639196370951513784.xml,WDBC,Go South Coast,Go South Coast 1010 Outbound,Poole - Lytchett Matravers,price_band_1.9@ChildSingle,1.9
SVCT_5027_Outbound_ChildSingle_a9f4b9e2-e9ea-4456-80e3-47fe03b77367_639196404385061445.xml,SVCT,Go South Coast,Go South Coast 5027 Outbound,Newport  - Yarmouth,price_band_2.4@ChildSingle,2.4
SWWD_3513_Outbound_AdultReturn_a9f4b9e2-e9ea-4456-80e3-47fe03b77367_639196399249284376.xml,SWWD,Go South Coast,Go South Coast 3513 Outbound,Blue Boar Row - Bulbridge Chantry Road,price_band_3.5@AdultReturn,3.5
WDBC_1741_Outbound_ChildReturn_a9f4b9e2-e9ea-4456-80e3-47fe03b77367_639196379085427524.xml,WDBC,Go South Coast,Go South Coast 1741 Outbound,Sandbanks Ferry - Parkstone Grammar School,price_band_2.4@ChildReturn,2.4
TDTR_7076_Inbound_YoungPersonRtn_a9f4b9e2-e9ea-4456-80e3-47fe03b77367_639196408679877245.xml,TDTR,Go South Coast,Go South Coast 7076 Inbound,Marlborough - Bath,price_band_1.7@YoungPersonRtn,1.7
WDBC_1883_Inbound_AdultSingle_a9f4b9e2-e9ea-4456-80e3-47fe03b77367_639196382524811961.xml,WDBC,Go South Coast,Go South Coast 1883 Inbound,Alum Chine - Castlepoint,price_band_2.6@AdultSingle,2.6
DAMY_6020_Inbound_AdultSingle_a9f4b9e2-e9ea-4456-80e3-47fe03b77367_639196406002357673.xml,DAMY,Go South Coast,Go South Coast 6020 Inbound,Salisbury - Blandford,price_band_3.0@AdultSingle,3.0
WDBC_1789_Outbound_AdultSingle_a9f4b9e2-e9ea-4456-80e3-47fe03b77367_639196379381398294.xml,WDBC,Go South Coast,Go South Coast 1789 Outbound,Bournemouth School for Girls - Lymington,price_band_3.4@AdultSingle,3.4
TDTR_7148_Inbound_AdultSingle_a9f4b9e2-e9ea-4456-80e3-47fe03b77367_639196409121321976.xml,TDTR,Go South Coast,Go South Coast 7148 Inbound,Swindon - Marlborough,price_band_1.5@AdultSingle,1.5
WDBC_1003_Inbound_ChildReturn_a9f4b9e2-e9ea-4456-80e3-47fe03b77367_639196370376596603.xml,WDBC,Go South Coast,Go South Coast 1003 Inbound,Poole - Wimborne,price_band_3.4@ChildReturn,3.4
DAMY_6505_Outbound_AdultSingle_a9f4b9e2-e9ea-4456-80e3-47fe03b77367_639196407204943262.xml,DAMY,Go South Coast,Go South Coast 6505 Outbound,Weymouth - Dorchester,price_band_2.8@AdultSingle,2.8
DAMY_6020_Inbound_ChildReturn_a9f4b9e2-e9ea-4456-80e3-47fe03b77367_639196406048919444.xml,DAMY,Go South Coast,Go South Coast 6020 Inbound,Salisbury - Blandford,price_band_2.9@ChildReturn,2.9
WDBC_6043_Inbound_ChildReturn_a9f4b9e2-e9ea-4456-80e3-47fe03b77367_639196406244960901.xml,WDBC,Go South Coast,Go South Coast 6043 Inbound,County Gates - Parkstone Grammar School,price_band_5.7@ChildReturn,5.7
SWWD_3088_Inbound_ChildSingle_a9f4b9e2-e9ea-4456-80e3-47fe03b77367_639196391897266359.xml,SWWD,Go South Coast,Go South Coast 3088 Inbound,Salisbury - Winterslow Gunville Stockbridge Turn,price_band_3.0@ChildSingle,3.0
WDBC_1806_Outbound_ChildSingle_a9f4b9e2-e9ea-4456-80e3-47fe03b77367_639196379954878978.xml,WDBC,Go South Coast,Go South Coast 1806 Outbound,Bournemouth - Wimborne,price_band_2.2@ChildSingle,2.2
BLUS_2607_Inbound_AdultReturn_a9f4b9e2-e9ea-4456-80e3-47fe03b77367_639196387028054686.xml,BLUS,Go South Coast,Go South Coast 2607 Inbound,North Baddesley - Brockenhurst College,price_band_8.7@AdultReturn,8.7
SWWD_3008_Outbound_ChildSingle_a9f4b9e2-e9ea-4456-80e3-47fe03b77367_639196390964130710.xml,SWWD,Go South Coast,Go South Coast 3008 Outbound,Salisbury - Zouch Estate,price_band_2.2@ChildSingle,2.2
WDBC_2906_Outbound_AdultReturn_a9f4b9e2-e9ea-4456-80e3-47fe03b77367_639196388155131611.xml,WDBC,Go South Coast,Go South Coast 2906 Outbound,Poole - Ringwood,price_band_4.2@AdultReturn,4.2
WDBC_1060_Outbound_AdultSingle_a9f4b9e2-e9ea-4456-80e3-47fe03b77367_639196376864019750.xml,WDBC,Go South Coast,Go South Coast 1060 Outbound,Rockley - Sandbanks,price_band_2.3@AdultSingle,2.3
WDBC_1806_Outbound_ChildSingle_2f1f0c04-770d-4707-ab06-213c5a798ad7_639196379991984104.xml,WDBC,Go South Coast,Go South Coast 1806 Outbound,Bournemouth - Wimborne,price_band_3.0@ChildSingle,3.0
WDBC_1069_Outbound_ChildSingle_a9f4b9e2-e9ea-4456-80e3-47fe03b77367_639196377095998505.xml,WDBC,Go South Coast,Go South Coast 1069 Outbound,Poole - Poole Anti-Clockwise,price_band_1.9@ChildSingle,1.9
DAMY_6487_Inbound_ChildSingle_a9f4b9e2-e9ea-4456-80e3-47fe03b77367_639196407108213280.xml,DAMY,Go South Coast,Go South Coast 6487 Inbound,Blandford - Dorchester,price_band_3.0@ChildSingle,3.0
SWWD_3881_Inbound_ChildSingle_a9f4b9e2-e9ea-4456-80e3-47fe03b77367_639196400580339402.xml,SWWD,Go South Coast,Go South Coast 3881 Inbound,Wilton Road  - Burgate School,price_band_2.3@ChildSingle,2.3
WDBC_6415_Outbound_ChildReturn_a9f4b9e2-e9ea-4456-80e3-47fe03b77367_639196406567395495.xml,WDBC,Go South Coast,Go South Coast 6415 Outbound,St Anns Hospital - Poole Grammar School,price_band_5.2@ChildReturn,5.2
SWWD_3457_Inbound_ChildReturn_a9f4b9e2-e9ea-4456-80e3-47fe03b77367_639196398044057066.xml,SWWD,Go South Coast,Go South Coast 3457 Inbound,Salisbury - Southampton,price_band_3.8@ChildReturn,3.8
BLUS_4013_Inbound_AdultSingle_eed5e2e8-c472-41af-825e-db09ec887334_639196401808656507.xml,BLUS,Go South Coast,Go South Coast 4013 Inbound,Southampton - Harefield,price_band_1.0@AdultSingle,1.0
SWWD_3102_Outbound_ChildReturn_a9f4b9e2-e9ea-4456-80e3-47fe03b77367_639196392294832997.xml,SWWD,Go South Coast,Go South Coast 3102 Outbound,Salisbury - Devizes,price_band_4.5@ChildReturn,4.5
WDBC_1951_Outbound_AdultSingle_2f1f0c04-770d-4707-ab06-213c5a798ad7_639196384218798422.xml,WDBC,Go South Coast,Go South Coast 1951 Outbound,Bournemouth - Sandbanks,price_band_1.0@AdultSingle,1.0
WDBC_1903_Inbound_AdultReturn_a9f4b9e2-e9ea-4456-80e3-47fe03b77367_639196383158516479.xml,WDBC,Go South Coast,Go South Coast 1903 Inbound,Poole - Wimborne,price_band_5.1@AdultReturn,5.1
SWWD_3625_Outbound_AdultReturn_a9f4b9e2-e9ea-4456-80e3-47fe03b77367_639196399640023024.xml,SWWD,Go South Coast,Go South Coast 3625 Outbound,Mere - Gillingham,price_band_4.5@AdultReturn,4.5
WDBC_1786_Inbound_ChildSingle_a9f4b9e2-e9ea-4456-80e3-47fe03b77367_639196379203343948.xml,WDBC,Go South Coast,Go South Coast 1786 Inbound,Park Gates - Bournemouth School for Girls,price_band_2.2@ChildSingle,2.2
SWWD_3210_Outbound_ChildSingle_a9f4b9e2-e9ea-4456-80e3-47fe03b77367_639196394099973626.xml,SWWD,Go South Coast,Go South Coast 3210 Outbound,City Centre - St Peters Place,price_band_1.9@ChildSingle,1.9
WDBC_1950_Inbound_ChildSingle_2f1f0c04-770d-4707-ab06-213c5a798ad7_639196383777030793.xml,WDBC,Go South Coast,Go South Coast 1950 Inbound,Bournemouth - Swanage,price_band_1.9@ChildSingle,1.9
BLUS_3634_Outbound_AdultReturn_a9f4b9e2-e9ea-4456-80e3-47fe03b77367_639196399687526061.xml,BLUS,Go South Coast,Go South Coast 3634 Outbound,East Wellow  - Romsey School,price_band_8.5@AdultReturn,8.5
WDBC_1020_Outbound_ChildSingle_a9f4b9e2-e9ea-4456-80e3-47fe03b77367_639196373715081996.xml,WDBC,Go South Coast,Go South Coast 1020 Outbound,Poole - Christchurch,price_band_1.9@ChildSingle,1.9
SWWD_3881_Outbound_ChildSingle_a9f4b9e2-e9ea-4456-80e3-47fe03b77367_639196400609537794.xml,SWWD,Go South Coast,Go South Coast 3881 Outbound,Wilton Road  - Burgate School,price_band_3.0@ChildSingle,3.0
TDTR_7042_Inbound_ChildReturn_a9f4b9e2-e9ea-4456-80e3-47fe03b77367_639196408287052126.xml,TDTR,Go South Coast,Go South Coast 7042 Inbound,Calne - St John's School,price_band_3.0@ChildReturn,3.0
TDTR_7051_Inbound_AdultSingle_a9f4b9e2-e9ea-4456-80e3-47fe03b77367_639196408563470825.xml,TDTR,Go South Coast,Go South Coast 7051 Inbound,Fleming Way - Deer's Leap,price_band_3.0@AdultSingle,3.0
WDBC_1050_Inbound_ChildSingle_a9f4b9e2-e9ea-4456-80e3-47fe03b77367_639196375531808668.xml,WDBC,Go South Coast,Go South Coast 1050 Inbound,Bournemouth Station - Swanage,price_band_1.0@ChildSingle,1.0
SVCT_5263_Inbound_ChildSingle_a9f4b9e2-e9ea-4456-80e3-47fe03b77367_639196405616722926.xml,SVCT,Go South Coast,Go South Coast 5263 Inbound,Newport - Ventnor,price_band_3.0@ChildSingle,3.0
BLUS_4001_Outbound_ChildSingle_f15d1b06-486f-433a-8991-95f1a97a87e0_639196401003650684.xml,BLUS,Go South Coast,Go South Coast 4001 Outbound,Southampton - Winchester,price_band_1.0@ChildSingle,1.0
WDBC_6418_Inbound_ChildReturn_a9f4b9e2-e9ea-4456-80e3-47fe03b77367_639196406697275955.xml,WDBC,Go South Coast,Go South Coast 6418 Inbound,Sandbanks Ferry - Poole Grammar School,price_band_3.3@ChildReturn,3.3
WDBC_1053_Outbound_ChildReturn_a9f4b9e2-e9ea-4456-80e3-47fe03b77367_639196376275393422.xml,WDBC,Go South Coast,Go South Coast 1053 Outbound,Bournemouth - Wimborne,price_band_3.7@ChildReturn,3.7
SWWD_3885_Inbound_ChildReturn_a9f4b9e2-e9ea-4456-80e3-47fe03b77367_639196400773713449.xml,SWWD,Go South Coast,Go South Coast 3885 Inbound,Whaddon - Burgate School,price_band_3.7@ChildReturn,3.7
WDBC_1804_Outbound_ChildSingle_a9f4b9e2-e9ea-4456-80e3-47fe03b77367_639196379717671390.xml,WDBC,Go South Coast,Go South Coast 1804 Outbound,Bournemouth - Castlepoint,price_band_2.1@ChildSingle,2.1
SWWD_3126_Outbound_ChildReturn_a9f4b9e2-e9ea-4456-80e3-47fe03b77367_639196393248019592.xml,SWWD,Go South Coast,Go South Coast 3126 Outbound,Salisbury - Hindon,price_band_3.8@ChildReturn,3.8
TDTR_7016_Outbound_AdultSingle_a9f4b9e2-e9ea-4456-80e3-47fe03b77367_639196408230952096.xml,TDTR,Go South Coast,Go South Coast 7016 Outbound,Bus Station - Blunsdon,price_band_2.2@AdultSingle,2.2
BLUS_4017_Outbound_ChildReturn_a9f4b9e2-e9ea-4456-80e3-47fe03b77367_639196402090542291.xml,BLUS,Go South Coast,Go South Coast 4017 Outbound,Weston - Adanac Park,price_band_2.6@ChildReturn,2.6
WDBC_3882_Inbound_AdultReturn_a9f4b9e2-e9ea-4456-80e3-47fe03b77367_639196400629782362.xml,WDBC,Go South Coast,Go South Coast 3882 Inbound,Stratford Road Grammar School - Burgate School,price_band_6.0@AdultReturn,6.0
WDBC_6415_Inbound_AdultReturn_a9f4b9e2-e9ea-4456-80e3-47fe03b77367_639196406471757575.xml,WDBC,Go South Coast,Go South Coast 6415 Inbound,St Anns Hospital - Poole Grammar School,price_band_5.0@AdultReturn,5.0
BLUS_4002_Inbound_ChildSingle_a9f4b9e2-e9ea-4456-80e3-47fe03b77367_639196401025200485.xml,BLUS,Go South Coast,Go South Coast 4002 Inbound,Southampton - Fair Oak,price_band_2.1@ChildSingle,2.1
WDBC_2001_Outbound_AdultSingle_d46597a9-440e-4c13-b49a-76a3986683d1_639196384950837973.xml,WDBC,Go South Coast,Go South Coast 2001 Outbound,Bournemouth - Lymington,price_band_1.0@AdultSingle,1.0
SWWD_3044_Inbound_AdultReturn_a9f4b9e2-e9ea-4456-80e3-47fe03b77367_639196391630327417.xml,SWWD,Go South Coast,Go South Coast 3044 Inbound,Salisbury - Woodfalls,price_band_6.0@AdultReturn,6.0
TDTR_3620_Outbound_YoungPersonRtn_a9f4b9e2-e9ea-4456-80e3-47fe03b77367_639196399628380399.xml,TDTR,Go South Coast,Go South Coast 3620 Outbound,Hungerford Priory  - St Johns Sch,price_band_1.4@YoungPersonRtn,1.4
WDBC_2906_Outbound_ChildSingle_a9f4b9e2-e9ea-4456-80e3-47fe03b77367_639196388193779482.xml,WDBC,Go South Coast,Go South Coast 2906 Outbound,Poole - Ringwood,price_band_1.9@ChildSingle,1.9
BLUS_4103_Outbound_AdultSingle_a9f4b9e2-e9ea-4456-80e3-47fe03b77367_639196402650791438.xml,BLUS,Go South Coast,Go South Coast 4103 Outbound,Southampton - Eastleigh,price_band_2.6@AdultSingle,2.6
TDTR_7146_Inbound_AdultSingle_a9f4b9e2-e9ea-4456-80e3-47fe03b77367_639196409009778914.xml,TDTR,Go South Coast,Go South Coast 7146 Inbound,Swindon - Hungerford,price_band_2.1@AdultSingle,2.1
WDBC_1054_Outbound_ChildReturn_a9f4b9e2-e9ea-4456-80e3-47fe03b77367_639196376649545363.xml,WDBC,Go South Coast,Go South Coast 1054 Outbound,Poole - Wimborne,price_band_4.6@ChildReturn,4.6
WDBC_6715_Outbound_ChildReturn_a9f4b9e2-e9ea-4456-80e3-47fe03b77367_639196407380463287.xml,WDBC,Go South Coast,Go South Coast 6715 Outbound,Verwood - QE School,price_band_8.0@ChildReturn,8.0
SWWD_3684_Outbound_ChildReturn_a9f4b9e2-e9ea-4456-80e3-47fe03b77367_639196400296909605.xml,SWWD,Go South Coast,Go South Coast 3684 Outbound,Coombe Bissett - Burgate,price_band_2.2@ChildReturn,2.2
SWWD_3137_Inbound_ChildReturn_a9f4b9e2-e9ea-4456-80e3-47fe03b77367_639196393388117836.xml,SWWD,Go South Coast,Go South Coast 3137 Inbound,Salisbury - West Dean,price_band_2.5@ChildReturn,2.5
WDBC_1013_Inbound_ChildSingle_2f1f0c04-770d-4707-ab06-213c5a798ad7_639196371357692822.xml,WDBC,Go South Coast,Go South Coast 1013 Inbound,Bournemouth - Wimborne,price_band_2.1@ChildSingle,2.1
WDBC_1050_Inbound_AdultSingle_a9f4b9e2-e9ea-4456-80e3-47fe03b77367_639196375491852261.xml,WDBC,Go South Coast,Go South Coast 1050 Inbound,Bournemouth Station - Swanage,price_band_1.0@AdultSingle,1.0
BLUS_4014_Inbound_AdultSingle_a9f4b9e2-e9ea-4456-80e3-47fe03b77367_639196401848217942.xml,BLUS,Go South Coast,Go South Coast 4014 Inbound,Southampton - Hedge End,price_band_3.0@AdultSingle,3.0
WDBC_2001_Inbound_AdultSingle_a9f4b9e2-e9ea-4456-80e3-47fe03b77367_639196384311200184.xml,WDBC,Go South Coast,Go South Coast 2001 Inbound,Bournemouth - Lymington,price_band_2.8@AdultSingle,2.8
BLUS_4001_Outbound_ChildReturn_a9f4b9e2-e9ea-4456-80e3-47fe03b77367_639196400991254536.xml,BLUS,Go South Coast,Go South Coast 4001 Outbound,Southampton - Winchester,price_band_4.5@ChildReturn,4.5
WDBC_1741_Outbound_ChildSingle_a9f4b9e2-e9ea-4456-80e3-47fe03b77367_639196379093690645.xml,WDBC,Go South Coast,Go South Coast 1741 Outbound,Sandbanks Ferry - Parkstone Grammar School,price_band_2.0@ChildSingle,2.0
TDTR_7120_Outbound_YoungPersonSgl_a9f4b9e2-e9ea-4456-80e3-47fe03b77367_639196408980196789.xml,TDTR,Go South Coast,Go South Coast 7120 Outbound,Marlborough - Hungerford,price_band_1.0@YoungPersonSgl,1.0
SVCT_5127_Inbound_YoungAdSingle_a9f4b9e2-e9ea-4456-80e3-47fe03b77367_639196405417522843.xml,SVCT,Go South Coast,Go South Coast 5127 Inbound,Yarmouth - Newport,price_band_2.4@YoungAdSingle,2.4
UNIL_4706_Outbound_AdultSingle_f15d1b06-486f-433a-8991-95f1a97a87e0_639196403122359179.xml,UNIL,Go South Coast,Go South Coast 4706 Outbound,NOCS - General Hospital,price_band_1.0@AdultSingle,1.0
SWWD_3451_Outbound_AdultSingle_a9f4b9e2-e9ea-4456-80e3-47fe03b77367_639196397884503525.xml,SWWD,Go South Coast,Go South Coast 3451 Outbound,Salisbury - Sling - Larkhill,price_band_2.3@AdultSingle,2.3
SWWD_3457_Inbound_ChildReturn_a9f4b9e2-e9ea-4456-80e3-47fe03b77367_639196398044057066.xml,SWWD,Go South Coast,Go South Coast 3457 Inbound,Salisbury - Southampton,price_band_6.0@ChildReturn,6.0
WDBC_1841_Outbound_AdultReturn_a9f4b9e2-e9ea-4456-80e3-47fe03b77367_639196382243224035.xml,WDBC,Go South Coast,Go South Coast 1841 Outbound,Bournemouth - Mudeford and Somerford,price_band_4.2@AdultReturn,4.2
SWWD_3663_Outbound_AdultSingle_a9f4b9e2-e9ea-4456-80e3-47fe03b77367_639196400034637084.xml,SWWD,Go South Coast,Go South Coast 3663 Outbound,Wilton Road  - Laverstock Schools,price_band_3.0@AdultSingle,3.0
SWWD_3495_Outbound_ChildReturn_a9f4b9e2-e9ea-4456-80e3-47fe03b77367_639196398999976967.xml,SWWD,Go South Coast,Go South Coast 3495 Outbound,Swindon - Pewsey,price_band_2.6@ChildReturn,2.6
WDBC_1806_Outbound_AdultReturn_a9f4b9e2-e9ea-4456-80e3-47fe03b77367_639196379944928892.xml,WDBC,Go South Coast,Go South Coast 1806 Outbound,Bournemouth - Wimborne,price_band_6.0@AdultReturn,6.0
WDBC_1643_Outbound_ChildSingle_d46597a9-440e-4c13-b49a-76a3986683d1_639196378928951857.xml,WDBC,Go South Coast,Go South Coast 1643 Outbound,Fishermans Walk - Talbot Campus,price_band_1.0@ChildSingle,1.0
WDBC_1811_Inbound_ChildSingle_2f1f0c04-770d-4707-ab06-213c5a798ad7_639196380051637961.xml,WDBC,Go South Coast,Go South Coast 1811 Inbound,Bournemouth - Somerford,price_band_1.0@ChildSingle,1.0
TDTR_7002_Inbound_AdultSingle_a9f4b9e2-e9ea-4456-80e3-47fe03b77367_639196408071870045.xml,TDTR,Go South Coast,Go South Coast 7002 Inbound,Fleming Way - Covingham & Nythe,price_band_3.0@AdultSingle,3.0
SWWD_3310_Outbound_ChildReturn_a9f4b9e2-e9ea-4456-80e3-47fe03b77367_639196394687141491.xml,SWWD,Go South Coast,Go South Coast 3310 Outbound,City Centre - St Peters Place,price_band_3.6@ChildReturn,3.6
WDBC_6419_Inbound_ChildSingle_a9f4b9e2-e9ea-4456-80e3-47fe03b77367_639196406796721247.xml,WDBC,Go South Coast,Go South Coast 6419 Inbound,Compton Avenue - Poole Grammar,price_band_2.1@ChildSingle,2.1
SWWD_3166_Inbound_ChildSingle_a9f4b9e2-e9ea-4456-80e3-47fe03b77367_639196393620514087.xml,SWWD,Go South Coast,Go South Coast 3166 Inbound,South Wilts Grammar School - Idmiston,price_band_3.0@ChildSingle,3.0
WDBC_1801_Outbound_AdultSingle_a9f4b9e2-e9ea-4456-80e3-47fe03b77367_639196379491974291.xml,WDBC,Go South Coast,Go South Coast 1801 Outbound,Bournemouth - Christchurch,price_band_2.8@AdultSingle,2.8
WDBC_2120_Inbound_ChildReturn_a9f4b9e2-e9ea-4456-80e3-47fe03b77367_639196386391190830.xml,WDBC,Go South Coast,Go South Coast 2120 Inbound,New Milton Tesco - Lymington,price_band_4.1@ChildReturn,4.1
SWWD_3308_Outbound_AdultReturn_a9f4b9e2-e9ea-4456-80e3-47fe03b77367_639196394626338918.xml,SWWD,Go South Coast,Go South Coast 3308 Outbound,Blue Boar Row - Ditchampton,price_band_4.5@AdultReturn,4.5
WDBC_2001_Inbound_AdultSingle_2f1f0c04-770d-4707-ab06-213c5a798ad7_639196384526786978.xml,WDBC,Go South Coast,Go South Coast 2001 Inbound,Bournemouth - Lymington,price_band_3.0@AdultSingle,3.0
SWWD_3407_Outbound_ChildSingle_a9f4b9e2-e9ea-4456-80e3-47fe03b77367_639196397493104918.xml,SWWD,Go South Coast,Go South Coast 3407 Outbound,Salisbury - Southampton,price_band_2.3@ChildSingle,2.3
SWWD_3407_Inbound_ChildReturn_a9f4b9e2-e9ea-4456-80e3-47fe03b77367_639196397082357240.xml,SWWD,Go South Coast,Go South Coast 3407 Inbound,Salisbury - Southampton,price_band_3.6@ChildReturn,3.6
WDBC_6415_Outbound_AdultReturn_a9f4b9e2-e9ea-4456-80e3-47fe03b77367_639196406537134513.xml,WDBC,Go South Coast,Go South Coast 6415 Outbound,St Anns Hospital - Poole Grammar School,price_band_5.0@AdultReturn,5.0
WDBC_1887_Outbound_ChildSingle_a9f4b9e2-e9ea-4456-80e3-47fe03b77367_639196383114551967.xml,WDBC,Go South Coast,Go South Coast 1887 Outbound,Charminster - St Peters School,price_band_3.4@ChildSingle,3.4
WDBC_2762_Inbound_AdultReturn_a9f4b9e2-e9ea-4456-80e3-47fe03b77367_639196387458466874.xml,WDBC,Go South Coast,Go South Coast 2762 Inbound,Keyhaven Road  - Priestlands School,price_band_4.2@AdultReturn,4.2
SWWD_3881_Outbound_AdultSingle_a9f4b9e2-e9ea-4456-80e3-47fe03b77367_639196400596045153.xml,SWWD,Go South Coast,Go South Coast 3881 Outbound,Wilton Road  - Burgate School,price_band_2.8@AdultSingle,2.8
SWWD_3044_Inbound_ChildSingle_a9f4b9e2-e9ea-4456-80e3-47fe03b77367_639196391667798972.xml,SWWD,Go South Coast,Go South Coast 3044 Inbound,Salisbury - Woodfalls,price_band_2.1@ChildSingle,2.1
SWWD_3126_Outbound_ChildReturn_a9f4b9e2-e9ea-4456-80e3-47fe03b77367_639196393248019592.xml,SWWD,Go South Coast,Go South Coast 3126 Outbound,Salisbury - Hindon,price_band_2.5@ChildReturn,2.5
DAMY_6920_Inbound_AdultSingle_a9f4b9e2-e9ea-4456-80e3-47fe03b77367_639196407739422760.xml,DAMY,Go South Coast,Go South Coast 6920 Inbound,Salisbury - Steam Fair,price_band_3.0@AdultSingle,3.0
WDBC_1106_Inbound_ChildSingle_a9f4b9e2-e9ea-4456-80e3-47fe03b77367_639196377302506568.xml,WDBC,Go South Coast,Go South Coast 1106 Inbound,Poole - Tower Park,price_band_1.9@ChildSingle,1.9
WDBC_2002_Outbound_ChildSingle_d46597a9-440e-4c13-b49a-76a3986683d1_639196385621493533.xml,WDBC,Go South Coast,Go South Coast 2002 Outbound,Bournemouth - Lymington,price_band_3.0@ChildSingle,3.0
BLUS_4204_Inbound_AdultReturn_a9f4b9e2-e9ea-4456-80e3-47fe03b77367_639196402823175871.xml,BLUS,Go South Coast,Go South Coast 4204 Inbound,Totton - Totton Anti-Clockwise,price_band_5.2@AdultReturn,5.2
WDBC_2613_Outbound_AdultSingle_a9f4b9e2-e9ea-4456-80e3-47fe03b77367_639196387127437651.xml,WDBC,Go South Coast,Go South Coast 2613 Outbound,Broadstone - Brockenhurst College,price_band_2.0@AdultSingle,2.0
WDBC_1021_Inbound_ChildSingle_a9f4b9e2-e9ea-4456-80e3-47fe03b77367_639196374068758049.xml,WDBC,Go South Coast,Go South Coast 1021 Inbound,Bournemouth - High Howe,price_band_3.0@ChildSingle,3.0
SWWD_3137_Inbound_AdultReturn_a9f4b9e2-e9ea-4456-80e3-47fe03b77367_639196393354070530.xml,SWWD,Go South Coast,Go South Coast 3137 Inbound,Salisbury - West Dean,price_band_4.2@AdultReturn,4.2
SWWD_3306_Outbound_AdultSingle_a9f4b9e2-e9ea-4456-80e3-47fe03b77367_639196394544342272.xml,SWWD,Go South Coast,Go South Coast 3306 Outbound,Endless Street - Blue Boar Row,price_band_2.3@AdultSingle,2.3
TDTR_3820_Inbound_ChildReturn_a9f4b9e2-e9ea-4456-80e3-47fe03b77367_639196400547070977.xml,TDTR,Go South Coast,Go South Coast 3820 Inbound,Marlborough - Newbury,price_band_2.8@ChildReturn,2.8
WDBC_2001_Outbound_ChildSingle_d46597a9-440e-4c13-b49a-76a3986683d1_639196385011460081.xml,WDBC,Go South Coast,Go South Coast 2001 Outbound,Bournemouth - Lymington,price_band_2.8@ChildSingle,2.8
WDBC_1741_Inbound_AdultSingle_a9f4b9e2-e9ea-4456-80e3-47fe03b77367_639196379043613624.xml,WDBC,Go South Coast,Go South Coast 1741 Inbound,Sandbanks Ferry - Parkstone Grammar School,price_band_2.2@AdultSingle,2.2
BLUS_4425_Inbound_AdultSingle_a9f4b9e2-e9ea-4456-80e3-47fe03b77367_639196402911038302.xml,BLUS,Go South Coast,Go South Coast 4425 Inbound,Eastleigh - Boorley Park,price_band_3.0@AdultSingle,3.0
BLUS_4009_Outbound_AdultReturn_a9f4b9e2-e9ea-4456-80e3-47fe03b77367_639196401589223450.xml,BLUS,Go South Coast,Go South Coast 4009 Outbound,Southampton - Langley/Fawley,price_band_4.9@AdultReturn,4.9
WDBC_8229_Outbound_ChildSingle_a9f4b9e2-e9ea-4456-80e3-47fe03b77367_639196410352701130.xml,WDBC,Go South Coast,Go South Coast 8229 Outbound,Lyndhurst - Ringwood RED,price_band_12.0@ChildSingle,12.0
WDBC_2137_Outbound_AdultReturn_a9f4b9e2-e9ea-4456-80e3-47fe03b77367_639196386466498305.xml,WDBC,Go South Coast,Go South Coast 2137 Outbound,Ringwood - Ringwood,price_band_4.2@AdultReturn,4.2
WDBC_6943_Outbound_AdultSingle_a9f4b9e2-e9ea-4456-80e3-47fe03b77367_639196408006358807.xml,WDBC,Go South Coast,Go South Coast 6943 Outbound,Lulworth - Weymouth,price_band_2.3@AdultSingle,2.3
WDBC_1950_Inbound_AdultSingle_a9f4b9e2-e9ea-4456-80e3-47fe03b77367_639196383550449814.xml,WDBC,Go South Coast,Go South Coast 1950 Inbound,Bournemouth - Swanage,price_band_2.6@AdultSingle,2.6
TDTR_7176_Outbound_YoungPersonRtn_a9f4b9e2-e9ea-4456-80e3-47fe03b77367_639196409401708869.xml,TDTR,Go South Coast,Go South Coast 7176 Outbound,Calne - Bath,price_band_1.7@YoungPersonRtn,1.7
WDBC_6448_Outbound_AdultSingle_a9f4b9e2-e9ea-4456-80e3-47fe03b77367_639196406867347602.xml,WDBC,Go South Coast,Go South Coast 6448 Outbound,Furnell Road - Parkstone Grammar,price_band_2.2@AdultSingle,2.2
TDTR_7152_Inbound_YoungPersonSgl_a9f4b9e2-e9ea-4456-80e3-47fe03b77367_639196409234216508.xml,TDTR,Go South Coast,Go South Coast 7152 Inbound,Coate Water - Ridgeway School,price_band_2.6@YoungPersonSgl,2.6
WDBC_1013_Outbound_ChildReturn_a9f4b9e2-e9ea-4456-80e3-47fe03b77367_639196371479454355.xml,WDBC,Go South Coast,Go South Coast 1013 Outbound,Bournemouth - Wimborne,price_band_4.0@ChildReturn,4.0
WDBC_1837_Outbound_AdultSingle_2f1f0c04-770d-4707-ab06-213c5a798ad7_639196381950908520.xml,WDBC,Go South Coast,Go South Coast 1837 Outbound,Bournemouth - Bournemouth International Airport,price_band_3.0@AdultSingle,3.0
WDBC_1013_Inbound_ChildReturn_a9f4b9e2-e9ea-4456-80e3-47fe03b77367_639196371231761902.xml,WDBC,Go South Coast,Go South Coast 1013 Inbound,Bournemouth - Wimborne,price_band_4.6@ChildReturn,4.6
WDBC_1836_Outbound_ChildSingle_a9f4b9e2-e9ea-4456-80e3-47fe03b77367_639196381818689568.xml,WDBC,Go South Coast,Go South Coast 1836 Outbound,Talbot View - Kinson,price_band_2.2@ChildSingle,2.2
SWWD_3012_Outbound_AdultReturn_a9f4b9e2-e9ea-4456-80e3-47fe03b77367_639196391258849010.xml,SWWD,Go South Coast,Go South Coast 3012 Outbound,Salisbury - Stratford,price_band_4.2@AdultReturn,4.2
BLUS_4425_Outbound_ChildSingle_f15d1b06-486f-433a-8991-95f1a97a87e0_639196402945918673.xml,BLUS,Go South Coast,Go South Coast 4425 Outbound,Eastleigh - Boorley Park,price_band_1.0@ChildSingle,1.0
SWWD_3650_Outbound_ChildReturn_a9f4b9e2-e9ea-4456-80e3-47fe03b77367_639196399996677162.xml,SWWD,Go South Coast,Go South Coast 3650 Outbound,Laverstock Schools  - West Harnham,price_band_2.5@ChildReturn,2.5
WDBC_2024_Inbound_AdultSingle_a9f4b9e2-e9ea-4456-80e3-47fe03b77367_639196386213616519.xml,WDBC,Go South Coast,Go South Coast 2024 Inbound,Castlepoint - Christchurch,price_band_2.5@AdultSingle,2.5
SVCT_5109_Inbound_AdultSingle_a9f4b9e2-e9ea-4456-80e3-47fe03b77367_639196405246234154.xml,SVCT,Go South Coast,Go South Coast 5109 Inbound,Ryde  - Newport,price_band_3.0@AdultSingle,3.0
SWWD_3404_Outbound_ChildSingle_a9f4b9e2-e9ea-4456-80e3-47fe03b77367_639196396341061238.xml,SWWD,Go South Coast,Go South Coast 3404 Outbound,Salisbury - Larkhill,price_band_2.3@ChildSingle,2.3
WDBC_6449_Outbound_AdultSingle_a9f4b9e2-e9ea-4456-80e3-47fe03b77367_639196406940282122.xml,WDBC,Go South Coast,Go South Coast 6449 Outbound,St Osmunds - Parkstone Grammar,price_band_2.8@AdultSingle,2.8
DAMY_3183_Outbound_ChildReturn_a9f4b9e2-e9ea-4456-80e3-47fe03b77367_639196393946141695.xml,DAMY,Go South Coast,Go South Coast 3183 Outbound,Blandford - Weymouth,price_band_4.3@ChildReturn,4.3
TDTR_7076_Inbound_YoungPersonSgl_a9f4b9e2-e9ea-4456-80e3-47fe03b77367_639196408693831771.xml,TDTR,Go South Coast,Go South Coast 7076 Inbound,Marlborough - Bath,price_band_1.5@YoungPersonSgl,1.5
SWWD_3311_Inbound_AdultSingle_a9f4b9e2-e9ea-4456-80e3-47fe03b77367_639196394696542338.xml,SWWD,Go South Coast,Go South Coast 3311 Inbound,Coronation Road - Ditchampton,price_band_2.3@AdultSingle,2.3
SWWD_3885_Inbound_AdultSingle_a9f4b9e2-e9ea-4456-80e3-47fe03b77367_639196400722751492.xml,SWWD,Go South Coast,Go South Coast 3885 Inbound,Whaddon - Burgate School,price_band_2.6@AdultSingle,2.6
SWWD_3102_Outbound_ChildSingle_a9f4b9e2-e9ea-4456-80e3-47fe03b77367_639196392204977181.xml,SWWD,Go South Coast,Go South Coast 3102 Outbound,Salisbury - Devizes,price_band_3.0@ChildSingle,3.0
WDBC_1883_Outbound_ChildSingle_a9f4b9e2-e9ea-4456-80e3-47fe03b77367_639196382583495729.xml,WDBC,Go South Coast,Go South Coast 1883 Outbound,Alum Chine - Castlepoint,price_band_2.5@ChildSingle,2.5
WDBC_2906_Inbound_ChildSingle_a9f4b9e2-e9ea-4456-80e3-47fe03b77367_639196387692353098.xml,WDBC,Go South Coast,Go South Coast 2906 Inbound,Poole - Ringwood,price_band_2.9@ChildSingle,2.9
SWWD_3210_Outbound_ChildReturn_a9f4b9e2-e9ea-4456-80e3-47fe03b77367_639196394094180710.xml,SWWD,Go South Coast,Go South Coast 3210 Outbound,City Centre - St Peters Place,price_band_2.5@ChildReturn,2.5
TDTR_7014_Outbound_AdultSingle_a9f4b9e2-e9ea-4456-80e3-47fe03b77367_639196408195165731.xml,TDTR,Go South Coast,Go South Coast 7014 Outbound,Fleming Way - Eldene,price_band_2.2@AdultSingle,2.2
TDTR_7541_Outbound_ChildReturn_a9f4b9e2-e9ea-4456-80e3-47fe03b77367_639196410026405767.xml,TDTR,Go South Coast,Go South Coast 7541 Outbound,Coate - Cirencester College,price_band_8.3@ChildReturn,8.3
SWWD_3663_Outbound_ChildSingle_a9f4b9e2-e9ea-4456-80e3-47fe03b77367_639196400043584586.xml,SWWD,Go South Coast,Go South Coast 3663 Outbound,Wilton Road  - Laverstock Schools,price_band_1.9@ChildSingle,1.9
WDBC_6715_Outbound_ChildReturn_a9f4b9e2-e9ea-4456-80e3-47fe03b77367_639196407380463287.xml,WDBC,Go South Coast,Go South Coast 6715 Outbound,Verwood - QE School,price_band_5.4@ChildReturn,5.4
WDBC_1641_Inbound_ChildSingle_d46597a9-440e-4c13-b49a-76a3986683d1_639196378747686891.xml,WDBC,Go South Coast,Go South Coast 1641 Inbound,Dorchester House  - Talbot Campus,price_band_1.0@ChildSingle,1.0
SWWD_3040_Outbound_AdultReturn_a9f4b9e2-e9ea-4456-80e3-47fe03b77367_639196391559199574.xml,SWWD,Go South Coast,Go South Coast 3040 Outbound,Salisbury - Woodfalls,price_band_4.2@AdultReturn,4.2
DAMY_6002_Outbound_ChildSingle_a9f4b9e2-e9ea-4456-80e3-47fe03b77367_639196405925184117.xml,DAMY,Go South Coast,Go South Coast 6002 Outbound,Dorchester  - Dorchester,price_band_2.3@ChildSingle,2.3
WDBC_1903_Inbound_ChildSingle_a9f4b9e2-e9ea-4456-80e3-47fe03b77367_639196383195113160.xml,WDBC,Go South Coast,Go South Coast 1903 Inbound,Poole - Wimborne,price_band_2.8@ChildSingle,2.8
WDBC_1818_Outbound_ChildSingle_a9f4b9e2-e9ea-4456-80e3-47fe03b77367_639196380451551605.xml,WDBC,Go South Coast,Go South Coast 1818 Outbound,Bournemouth - Broadstone,price_band_2.1@ChildSingle,2.1
WDBC_2001_Outbound_ChildSingle_a9f4b9e2-e9ea-4456-80e3-47fe03b77367_639196384755784352.xml,WDBC,Go South Coast,Go South Coast 2001 Outbound,Bournemouth - Lymington,price_band_2.5@ChildSingle,2.5
SWWD_3726_Inbound_AdultSingle_a9f4b9e2-e9ea-4456-80e3-47fe03b77367_639196400318004126.xml,SWWD,Go South Coast,Go South Coast 3726 Inbound,Salisbury - East Knoyle,price_band_2.3@AdultSingle,2.3
TDTR_7048_Outbound_AdultReturn_a9f4b9e2-e9ea-4456-80e3-47fe03b77367_639196408530239677.xml,TDTR,Go South Coast,Go South Coast 7048 Outbound,Swindon - Marlborough,price_band_6.0@AdultReturn,6.0
SWWD_3407_Inbound_ChildSingle_eed5e2e8-c472-41af-825e-db09ec887334_639196397292729766.xml,SWWD,Go South Coast,Go South Coast 3407 Inbound,Salisbury - Southampton,price_band_1.0@ChildSingle,1.0
WDBC_2001_Inbound_ChildSingle_2f1f0c04-770d-4707-ab06-213c5a798ad7_639196384597498916.xml,WDBC,Go South Coast,Go South Coast 2001 Inbound,Bournemouth - Lymington,price_band_2.1@ChildSingle,2.1
WDBC_1038_Inbound_ChildReturn_a9f4b9e2-e9ea-4456-80e3-47fe03b77367_639196374693950538.xml,WDBC,Go South Coast,Go South Coast 1038 Inbound,Ferndown - Ringwood,price_band_5.1@ChildReturn,5.1
BLUS_4021_Outbound_ChildReturn_a9f4b9e2-e9ea-4456-80e3-47fe03b77367_639196402363845722.xml,BLUS,Go South Coast,Go South Coast 4021 Outbound,Southampton - Lordshill,price_band_2.6@ChildReturn,2.6
SWWD_3645_Inbound_ChildReturn_a9f4b9e2-e9ea-4456-80e3-47fe03b77367_639196399792578213.xml,SWWD,Go South Coast,Go South Coast 3645 Inbound,Stratford Road Grammar School - Hamptworth Cuckoo,price_band_4.9@ChildReturn,4.9
WDBC_1903_Inbound_ChildSingle_2f1f0c04-770d-4707-ab06-213c5a798ad7_639196383252639639.xml,WDBC,Go South Coast,Go South Coast 1903 Inbound,Poole - Wimborne,price_band_2.5@ChildSingle,2.5
SWWD_3326_Inbound_ChildSingle_a9f4b9e2-e9ea-4456-80e3-47fe03b77367_639196395131968093.xml,SWWD,Go South Coast,Go South Coast 3326 Inbound,Salisbury - Hindon,price_band_3.0@ChildSingle,3.0
WDBC_1818_Outbound_ChildReturn_a9f4b9e2-e9ea-4456-80e3-47fe03b77367_639196380505760325.xml,WDBC,Go South Coast,Go South Coast 1818 Outbound,Bournemouth - Broadstone,price_band_3.1@ChildReturn,3.1
WDBC_2002_Inbound_AdultSingle_d46597a9-440e-4c13-b49a-76a3986683d1_639196385255540252.xml,WDBC,Go South Coast,Go South Coast 2002 Inbound,Bournemouth - Lymington,price_band_1.0@AdultSingle,1.0
WDBC_1837_Inbound_ChildReturn_a9f4b9e2-e9ea-4456-80e3-47fe03b77367_639196381865931691.xml,WDBC,Go South Coast,Go South Coast 1837 Inbound,Bournemouth - Bournemouth International Airport,price_band_3.0@ChildReturn,3.0
DAMY_6905_Inbound_ChildSingle_a9f4b9e2-e9ea-4456-80e3-47fe03b77367_639196407689755487.xml,DAMY,Go South Coast,Go South Coast 6905 Inbound,Warmwell - Dorchester,price_band_3.0@ChildSingle,3.0
BLUS_4001_Outbound_AdultReturn_a9f4b9e2-e9ea-4456-80e3-47fe03b77367_639196400981801080.xml,BLUS,Go South Coast,Go South Coast 4001 Outbound,Southampton - Winchester,price_band_4.5@AdultReturn,4.5
SWWD_3210_Outbound_ChildReturn_a9f4b9e2-e9ea-4456-80e3-47fe03b77367_639196394094180710.xml,SWWD,Go South Coast,Go South Coast 3210 Outbound,City Centre - St Peters Place,price_band_3.6@ChildReturn,3.6
BLUS_4022_Inbound_ChildSingle_a9f4b9e2-e9ea-4456-80e3-47fe03b77367_639196402389677296.xml,BLUS,Go South Coast,Go South Coast 4022 Inbound,Southampton - Shirley,price_band_2.1@ChildSingle,2.1
WDBC_2956_Outbound_ChildReturn_a9f4b9e2-e9ea-4456-80e3-47fe03b77367_639196389720442579.xml,WDBC,Go South Coast,Go South Coast 2956 Outbound,Ringwood - Bournemouth,price_band_6.0@ChildReturn,6.0
DAMY_3183_Inbound_ChildSingle_a9f4b9e2-e9ea-4456-80e3-47fe03b77367_639196393811938325.xml,DAMY,Go South Coast,Go South Coast 3183 Inbound,Blandford - Weymouth,price_band_2.6@ChildSingle,2.6
BLUS_3635_Inbound_AdultSingle_a9f4b9e2-e9ea-4456-80e3-47fe03b77367_639196399708590250.xml,BLUS,Go South Coast,Go South Coast 3635 Inbound,Romsey - Ampfield,price_band_5.2@AdultSingle,5.2
WDBC_2001_Inbound_ChildSingle_a9f4b9e2-e9ea-4456-80e3-47fe03b77367_639196384385006027.xml,WDBC,Go South Coast,Go South Coast 2001 Inbound,Bournemouth - Lymington,price_band_2.1@ChildSingle,2.1
SWWD_3029_Outbound_AdultReturn_a9f4b9e2-e9ea-4456-80e3-47fe03b77367_639196391434760536.xml,SWWD,Go South Coast,Go South Coast 3029 Outbound,Salisbury - Shaftesbury,price_band_4.9@AdultReturn,4.9
WDBC_1035_Outbound_ChildSingle_a9f4b9e2-e9ea-4456-80e3-47fe03b77367_639196374669803025.xml,WDBC,Go South Coast,Go South Coast 1035 Outbound,Swanage - Wareham,price_band_2.5@ChildSingle,2.5
SVCT_5032_Outbound_YoungAdSingle_a9f4b9e2-e9ea-4456-80e3-47fe03b77367_639196404441364266.xml,SVCT,Go South Coast,Go South Coast 5032 Outbound,Cowes - Community Route 32,price_band_2.4@YoungAdSingle,2.4
BLUS_4012_Outbound_ChildReturn_a9f4b9e2-e9ea-4456-80e3-47fe03b77367_639196401771606895.xml,BLUS,Go South Coast,Go South Coast 4012 Outbound,Southampton - Calmore,price_band_2.6@ChildReturn,2.6
WDBC_1786_Inbound_ChildSingle_a9f4b9e2-e9ea-4456-80e3-47fe03b77367_639196379203343948.xml,WDBC,Go South Coast,Go South Coast 1786 Inbound,Park Gates - Bournemouth School for Girls,price_band_1.7@ChildSingle,1.7
BLUS_4020_Outbound_ChildSingle_a9f4b9e2-e9ea-4456-80e3-47fe03b77367_639196402311867732.xml,BLUS,Go South Coast,Go South Coast 4020 Outbound,Southampton - Townhill Park,price_band_2.1@ChildSingle,2.1
WDBC_1908_Inbound_AdultSingle_2f1f0c04-770d-4707-ab06-213c5a798ad7_639196383442389929.xml,WDBC,Go South Coast,Go South Coast 1908 Inbound,Poole - Blandford,price_band_2.5@AdultSingle,2.5
TDTR_7533_Outbound_AdultReturn_a9f4b9e2-e9ea-4456-80e3-47fe03b77367_639196409818836545.xml,TDTR,Go South Coast,Go South Coast 7533 Outbound,Oakhurst - Cirencester College,price_band_8.3@AdultReturn,8.3
WDBC_2001_Inbound_ChildSingle_2f1f0c04-770d-4707-ab06-213c5a798ad7_639196384597498916.xml,WDBC,Go South Coast,Go South Coast 2001 Inbound,Bournemouth - Lymington,price_band_1.0@ChildSingle,1.0
SWWD_7086_Inbound_ChildSingle_a9f4b9e2-e9ea-4456-80e3-47fe03b77367_639196408880355462.xml,SWWD,Go South Coast,Go South Coast 7086 Inbound,Ansty - Shaftesbury,price_band_2.2@ChildSingle,2.2
BLUS_4011_Outbound_ChildReturn_a9f4b9e2-e9ea-4456-80e3-47fe03b77367_639196401720298229.xml,BLUS,Go South Coast,Go South Coast 4011 Outbound,Southampton - West Totton,price_band_4.0@ChildReturn,4.0
WDBC_1805_Inbound_ChildSingle_a9f4b9e2-e9ea-4456-80e3-47fe03b77367_639196379759134214.xml,WDBC,Go South Coast,Go South Coast 1805 Inbound,Bournemouth - Kinson,price_band_1.9@ChildSingle,1.9
SWWD_3087_Outbound_AdultReturn_a9f4b9e2-e9ea-4456-80e3-47fe03b77367_639196391795225168.xml,SWWD,Go South Coast,Go South Coast 3087 Outbound,South Wilts Grammar School - Lopcombe Corner,price_band_4.5@AdultReturn,4.5
SWWD_3310_Inbound_AdultReturn_a9f4b9e2-e9ea-4456-80e3-47fe03b77367_639196394651453757.xml,SWWD,Go South Coast,Go South Coast 3310 Inbound,City Centre - St Peters Place,price_band_4.2@AdultReturn,4.2
WDBC_1908_Outbound_AdultSingle_2f1f0c04-770d-4707-ab06-213c5a798ad7_639196383489312439.xml,WDBC,Go South Coast,Go South Coast 1908 Outbound,Poole - Blandford,price_band_2.5@AdultSingle,2.5
SWWD_3675_Inbound_ChildReturn_a9f4b9e2-e9ea-4456-80e3-47fe03b77367_639196400089415816.xml,SWWD,Go South Coast,Go South Coast 3675 Inbound,Castle Road - Amesbury,price_band_3.2@ChildReturn,3.2
WDBC_2402_Outbound_ChildReturn_a9f4b9e2-e9ea-4456-80e3-47fe03b77367_639196386970760801.xml,WDBC,Go South Coast,Go South Coast 2402 Outbound,Verwood - Ferndown Upper,price_band_5.4@ChildReturn,5.4
WDBC_1837_Inbound_ChildSingle_d46597a9-440e-4c13-b49a-76a3986683d1_639196381906882492.xml,WDBC,Go South Coast,Go South Coast 1837 Inbound,Bournemouth - Bournemouth International Airport,price_band_2.3@ChildSingle,2.3
SWWD_3457_Outbound_ChildSingle_a9f4b9e2-e9ea-4456-80e3-47fe03b77367_639196398247122010.xml,SWWD,Go South Coast,Go South Coast 3457 Outbound,Salisbury - Southampton,price_band_3.0@ChildSingle,3.0
WDBC_6419_Inbound_AdultSingle_a9f4b9e2-e9ea-4456-80e3-47fe03b77367_639196406779974725.xml,WDBC,Go South Coast,Go South Coast 6419 Inbound,Compton Avenue - Poole Grammar,price_band_2.2@AdultSingle,2.2
WDBC_3882_Inbound_ChildSingle_a9f4b9e2-e9ea-4456-80e3-47fe03b77367_639196400635634338.xml,WDBC,Go South Coast,Go South Coast 3882 Inbound,Stratford Road Grammar School - Burgate School,price_band_2.3@ChildSingle,2.3
WDBC_1837_Inbound_AdultSingle_2f1f0c04-770d-4707-ab06-213c5a798ad7_639196381876655621.xml,WDBC,Go South Coast,Go South Coast 1837 Inbound,Bournemouth - Bournemouth International Airport,price_band_2.8@AdultSingle,2.8
WDBC_1788_Outbound_AdultReturn_a9f4b9e2-e9ea-4456-80e3-47fe03b77367_639196379254575038.xml,WDBC,Go South Coast,Go South Coast 1788 Outbound,Walkford - Bournemouth School for Girls,price_band_6.8@AdultReturn,6.8
WDBC_1818_Inbound_ChildSingle_a9f4b9e2-e9ea-4456-80e3-47fe03b77367_639196380178151392.xml,WDBC,Go South Coast,Go South Coast 1818 Inbound,Bournemouth - Broadstone,price_band_1.9@ChildSingle,1.9
SWWD_3651_Outbound_ChildReturn_a9f4b9e2-e9ea-4456-80e3-47fe03b77367_639196400009727198.xml,SWWD,Go South Coast,Go South Coast 3651 Outbound,Avon Valley College - Sling,price_band_2.5@ChildReturn,2.5
TDTR_7146_Inbound_AdultReturn_a9f4b9e2-e9ea-4456-80e3-47fe03b77367_639196409021263564.xml,TDTR,Go South Coast,Go South Coast 7146 Inbound,Swindon - Hungerford,price_band_2.6@AdultReturn,2.6
WDBC_1016_Outbound_ChildSingle_a9f4b9e2-e9ea-4456-80e3-47fe03b77367_639196372360236986.xml,WDBC,Go South Coast,Go South Coast 1016 Outbound,Poole - Bournemouth,price_band_2.5@ChildSingle,2.5
SWWD_3310_Inbound_ChildSingle_a9f4b9e2-e9ea-4456-80e3-47fe03b77367_639196394656152713.xml,SWWD,Go South Coast,Go South Coast 3310 Inbound,City Centre - St Peters Place,price_band_1.9@ChildSingle,1.9
WDBC_1011_Outbound_AdultSingle_a9f4b9e2-e9ea-4456-80e3-47fe03b77367_639196371070458652.xml,WDBC,Go South Coast,Go South Coast 1011 Outbound,Bournemouth - Canford Paddock,price_band_2.3@AdultSingle,2.3
WDBC_1069_Outbound_AdultSingle_a9f4b9e2-e9ea-4456-80e3-47fe03b77367_639196377062700966.xml,WDBC,Go South Coast,Go South Coast 1069 Outbound,Poole - Poole Anti-Clockwise,price_band_2.3@AdultSingle,2.3
SWWD_3883_Outbound_AdultSingle_a9f4b9e2-e9ea-4456-80e3-47fe03b77367_639196400690757195.xml,SWWD,Go South Coast,Go South Coast 3883 Outbound,Bishopdown Farm  - Burgate School,price_band_2.9@AdultSingle,2.9
BLUS_4004_Inbound_AdultSingle_a9f4b9e2-e9ea-4456-80e3-47fe03b77367_639196401107568054.xml,BLUS,Go South Coast,Go South Coast 4004 Inbound,Southampton - Romsey,price_band_2.5@AdultSingle,2.5
SWWD_7601_Outbound_ChildSingle_a9f4b9e2-e9ea-4456-80e3-47fe03b77367_639196410159348621.xml,SWWD,Go South Coast,Go South Coast 7601 Outbound,Stratford Road - Stratford sub Castle School,price_band_1.0@ChildSingle,1.0
BLUS_4103_Outbound_ChildSingle_eed5e2e8-c472-41af-825e-db09ec887334_639196402705155419.xml,BLUS,Go South Coast,Go South Coast 4103 Outbound,Southampton - Eastleigh,price_band_1.0@ChildSingle,1.0
SWWD_3325_Outbound_AdultSingle_a9f4b9e2-e9ea-4456-80e3-47fe03b77367_639196394942240928.xml,SWWD,Go South Coast,Go South Coast 3325 Outbound,South Wilts Grammar School - Hindon,price_band_3.0@AdultSingle,3.0
UNIL_4712_Inbound_AdultSingle_eed5e2e8-c472-41af-825e-db09ec887334_639196403213384286.xml,UNIL,Go South Coast,Go South Coast 4712 Inbound,Bassett Green - Mayflower Halls,price_band_1.0@AdultSingle,1.0
SWWD_3311_Inbound_AdultReturn_a9f4b9e2-e9ea-4456-80e3-47fe03b77367_639196394705295479.xml,SWWD,Go South Coast,Go South Coast 3311 Inbound,Coronation Road - Ditchampton,price_band_4.2@AdultReturn,4.2
WDBC_2186_Outbound_ChildReturn_a9f4b9e2-e9ea-4456-80e3-47fe03b77367_639196386777685999.xml,WDBC,Go South Coast,Go South Coast 2186 Outbound,Southampton - Lymington,price_band_2.6@ChildReturn,2.6
SWWD_3525_Outbound_ChildSingle_a9f4b9e2-e9ea-4456-80e3-47fe03b77367_639196399524178096.xml,SWWD,Go South Coast,Go South Coast 3525 Outbound,City Centre - Petersfinger Park & Ride,price_band_2.3@ChildSingle,2.3
TDTR_7048_Inbound_ChildSingle_a9f4b9e2-e9ea-4456-80e3-47fe03b77367_639196408488570662.xml,TDTR,Go South Coast,Go South Coast 7048 Inbound,Swindon - Marlborough,price_band_2.8@ChildSingle,2.8
WDBC_1762_Outbound_AdultSingle_a9f4b9e2-e9ea-4456-80e3-47fe03b77367_639196379169279805.xml,WDBC,Go South Coast,Go South Coast 1762 Outbound,Merley - Corfe Hills,price_band_2.4@AdultSingle,2.4
DAMY_6487_Inbound_ChildReturn_a9f4b9e2-e9ea-4456-80e3-47fe03b77367_639196407097431280.xml,DAMY,Go South Coast,Go South Coast 6487 Inbound,Blandford - Dorchester,price_band_2.5@ChildReturn,2.5
WDBC_1741_Outbound_ChildSingle_a9f4b9e2-e9ea-4456-80e3-47fe03b77367_639196379093690645.xml,WDBC,Go South Coast,Go South Coast 1741 Outbound,Sandbanks Ferry - Parkstone Grammar School,price_band_1.7@ChildSingle,1.7
SWWD_3166_Inbound_ChildReturn_a9f4b9e2-e9ea-4456-80e3-47fe03b77367_639196393606592112.xml,SWWD,Go South Coast,Go South Coast 3166 Inbound,South Wilts Grammar School - Idmiston,price_band_2.5@ChildReturn,2.5
BLUS_4012_Outbound_AdultReturn_a9f4b9e2-e9ea-4456-80e3-47fe03b77367_639196401766130281.xml,BLUS,Go South Coast,Go South Coast 4012 Outbound,Southampton - Calmore,price_band_4.5@AdultReturn,4.5
WDBC_6419_Outbound_ChildSingle_a9f4b9e2-e9ea-4456-80e3-47fe03b77367_639196406825655245.xml,WDBC,Go South Coast,Go South Coast 6419 Outbound,Compton Avenue - Poole Grammar,price_band_2.1@ChildSingle,2.1
WDBC_2620_Inbound_AdultReturn_a9f4b9e2-e9ea-4456-80e3-47fe03b77367_639196387301837356.xml,WDBC,Go South Coast,Go South Coast 2620 Inbound,Thorney Hill - Brockenhurst College,price_band_4.0@AdultReturn,4.0
WDBC_1003_Inbound_ChildSingle_a9f4b9e2-e9ea-4456-80e3-47fe03b77367_639196370385475012.xml,WDBC,Go South Coast,Go South Coast 1003 Inbound,Poole - Wimborne,price_band_3.0@ChildSingle,3.0
BLUS_4504_Inbound_AdultSingle_a9f4b9e2-e9ea-4456-80e3-47fe03b77367_639196402978846664.xml,BLUS,Go South Coast,Go South Coast 4504 Inbound,Lordshill - Mountbatten School,price_band_2.6@AdultSingle,2.6
WDBC_1015_Outbound_AdultSingle_a9f4b9e2-e9ea-4456-80e3-47fe03b77367_639196371871192567.xml,WDBC,Go South Coast,Go South Coast 1015 Outbound,Poole - Bournemouth Hospital,price_band_2.6@AdultSingle,2.6
SWWD_3645_Outbound_ChildReturn_a9f4b9e2-e9ea-4456-80e3-47fe03b77367_639196399905237155.xml,SWWD,Go South Coast,Go South Coast 3645 Outbound,Stratford Road Grammar School - Hamptworth Cuckoo,price_band_6.0@ChildReturn,6.0
SWWD_3726_Inbound_ChildSingle_a9f4b9e2-e9ea-4456-80e3-47fe03b77367_639196400346811942.xml,SWWD,Go South Coast,Go South Coast 3726 Inbound,Salisbury - East Knoyle,price_band_3.0@ChildSingle,3.0
BLUS_4424_Inbound_AdultReturn_a9f4b9e2-e9ea-4456-80e3-47fe03b77367_639196402875610947.xml,BLUS,Go South Coast,Go South Coast 4424 Inbound,Eastleigh - Hedge End,price_band_6.0@AdultReturn,6.0
BLUS_4008_Inbound_AdultSingle_a9f4b9e2-e9ea-4456-80e3-47fe03b77367_639196401417535583.xml,BLUS,Go South Coast,Go South Coast 4008 Inbound,Southampton - Hythe,price_band_2.6@AdultSingle,2.6
SVCT_5257_Inbound_ChildSingle_a9f4b9e2-e9ea-4456-80e3-47fe03b77367_639196405560644309.xml,SVCT,Go South Coast,Go South Coast 5257 Inbound,Freshwater - Cowes,price_band_2.4@ChildSingle,2.4
WDBC_1016_Outbound_ChildSingle_2f1f0c04-770d-4707-ab06-213c5a798ad7_639196372476827849.xml,WDBC,Go South Coast,Go South Coast 1016 Outbound,Poole - Bournemouth,price_band_1.0@ChildSingle,1.0
WDBC_1032_Outbound_AdultSingle_a9f4b9e2-e9ea-4456-80e3-47fe03b77367_639196374454033630.xml,WDBC,Go South Coast,Go South Coast 1032 Outbound,Poole - Bournemouth,price_band_2.6@AdultSingle,2.6
WDBC_1040_Inbound_ChildReturn_a9f4b9e2-e9ea-4456-80e3-47fe03b77367_639196374887739308.xml,WDBC,Go South Coast,Go South Coast 1040 Inbound,Swanage - Poole,price_band_6.0@ChildReturn,6.0
WDBC_1060_Inbound_ChildSingle_2f1f0c04-770d-4707-ab06-213c5a798ad7_639196376811009062.xml,WDBC,Go South Coast,Go South Coast 1060 Inbound,Rockley - Sandbanks,price_band_1.0@ChildSingle,1.0
SWWD_3885_Outbound_ChildReturn_a9f4b9e2-e9ea-4456-80e3-47fe03b77367_639196400840543507.xml,SWWD,Go South Coast,Go South Coast 3885 Outbound,Whaddon - Burgate School,price_band_3.4@ChildReturn,3.4
WDBC_1040_Inbound_ChildSingle_a9f4b9e2-e9ea-4456-80e3-47fe03b77367_639196374932031488.xml,WDBC,Go South Coast,Go South Coast 1040 Inbound,Swanage - Poole,price_band_2.8@ChildSingle,2.8
BLUS_4024_Inbound_AdultSingle_eed5e2e8-c472-41af-825e-db09ec887334_639196402456990976.xml,BLUS,Go South Coast,Go South Coast 4024 Inbound,Eastleigh - Hedge End,price_band_1.0@AdultSingle,1.0
SVCT_8502_Outbound_AdultSingle_a9f4b9e2-e9ea-4456-80e3-47fe03b77367_639196410627374576.xml,SVCT,Go South Coast,Go South Coast 8502 Outbound,Downs - Breezer,price_band_8.0@AdultSingle,8.0
SVCT_5022_Inbound_ChildSingle_a9f4b9e2-e9ea-4456-80e3-47fe03b77367_639196404294179463.xml,SVCT,Go South Coast,Go South Coast 5022 Inbound,Shanklin - Community Route 22,price_band_2.4@ChildSingle,2.4
SWWD_3326_Outbound_ChildReturn_a9f4b9e2-e9ea-4456-80e3-47fe03b77367_639196395329090036.xml,SWWD,Go South Coast,Go South Coast 3326 Outbound,Salisbury - Hindon,price_band_2.7@ChildReturn,2.7
SWWD_3304_Outbound_AdultSingle_a9f4b9e2-e9ea-4456-80e3-47fe03b77367_639196394487655564.xml,SWWD,Go South Coast,Go South Coast 3304 Outbound,City Centre - Paul's Dene,price_band_2.3@AdultSingle,2.3
BLUS_4026_Inbound_AdultReturn_a9f4b9e2-e9ea-4456-80e3-47fe03b77367_639196402499047992.xml,BLUS,Go South Coast,Go South Coast 4026 Inbound,Southampton - Whiteley,price_band_6.0@AdultReturn,6.0
WDBC_3882_Inbound_ChildSingle_a9f4b9e2-e9ea-4456-80e3-47fe03b77367_639196400635634338.xml,WDBC,Go South Coast,Go South Coast 3882 Inbound,Stratford Road Grammar School - Burgate School,price_band_3.0@ChildSingle,3.0
SWWD_3327_Inbound_ChildReturn_a9f4b9e2-e9ea-4456-80e3-47fe03b77367_639196395499310498.xml,SWWD,Go South Coast,Go South Coast 3327 Inbound,Salisbury - Shaftesbury,price_band_3.6@ChildReturn,3.6
SWWD_3327_Outbound_ChildReturn_a9f4b9e2-e9ea-4456-80e3-47fe03b77367_639196395634987743.xml,SWWD,Go South Coast,Go South Coast 3327 Outbound,Salisbury - Shaftesbury,price_band_2.7@ChildReturn,2.7
SWWD_3210_Inbound_AdultReturn_a9f4b9e2-e9ea-4456-80e3-47fe03b77367_639196394063704251.xml,SWWD,Go South Coast,Go South Coast 3210 Inbound,City Centre - St Peters Place,price_band_4.5@AdultReturn,4.5
WDBC_1053_Inbound_ChildSingle_d46597a9-440e-4c13-b49a-76a3986683d1_639196376215004487.xml,WDBC,Go South Coast,Go South Coast 1053 Inbound,Bournemouth - Wimborne,price_band_2.5@ChildSingle,2.5
SWWD_3457_Outbound_ChildSingle_a9f4b9e2-e9ea-4456-80e3-47fe03b77367_639196398247122010.xml,SWWD,Go South Coast,Go South Coast 3457 Outbound,Salisbury - Southampton,price_band_2.3@ChildSingle,2.3
WDBC_1831_Outbound_ChildReturn_a9f4b9e2-e9ea-4456-80e3-47fe03b77367_639196381356634629.xml,WDBC,Go South Coast,Go South Coast 1831 Outbound,Bournemouth - Hunt Road and Somerford,price_band_3.2@ChildReturn,3.2
WDBC_1755_Inbound_ChildReturn_a9f4b9e2-e9ea-4456-80e3-47fe03b77367_639196379128472663.xml,WDBC,Go South Coast,Go South Coast 1755 Inbound,Bournemouth Station - Bournemouth School for Girls,price_band_5.4@ChildReturn,5.4
SVCT_5401_Outbound_AdultReturn_1713f49b-7cad-4131-9ade-e07849b9212b_639196405719573744.xml,SVCT,Go South Coast,Go South Coast 5401 Outbound,Newport - Cowes [N1],price_band_6.0@AdultReturn,6.0
SWWD_3108_Outbound_ChildReturn_a9f4b9e2-e9ea-4456-80e3-47fe03b77367_639196392538848351.xml,SWWD,Go South Coast,Go South Coast 3108 Outbound,Salisbury - Zouch Estate,price_band_4.0@ChildReturn,4.0
WDBC_1050_Inbound_ChildReturn_a9f4b9e2-e9ea-4456-80e3-47fe03b77367_639196375512524519.xml,WDBC,Go South Coast,Go South Coast 1050 Inbound,Bournemouth Station - Swanage,price_band_6.0@ChildReturn,6.0
WDBC_1040_Inbound_AdultReturn_a9f4b9e2-e9ea-4456-80e3-47fe03b77367_639196374792359537.xml,WDBC,Go South Coast,Go South Coast 1040 Inbound,Swanage - Poole,price_band_4.2@AdultReturn,4.2
WDBC_6047_Inbound_AdultSingle_a9f4b9e2-e9ea-4456-80e3-47fe03b77367_639196406312904875.xml,WDBC,Go South Coast,Go South Coast 6047 Inbound,Ringwood Road - Parkstone Grammar School,price_band_3.5@AdultSingle,3.5
BLUS_4023_Outbound_AdultSingle_f15d1b06-486f-433a-8991-95f1a97a87e0_639196402432293740.xml,BLUS,Go South Coast,Go South Coast 4023 Outbound,Eastleigh - Velmore,price_band_1.0@AdultSingle,1.0
SWWD_3883_Inbound_ChildReturn_a9f4b9e2-e9ea-4456-80e3-47fe03b77367_639196400686049945.xml,SWWD,Go South Coast,Go South Coast 3883 Inbound,Bishopdown Farm  - Burgate School,price_band_5.1@ChildReturn,5.1
WDBC_2620_Inbound_AdultReturn_a9f4b9e2-e9ea-4456-80e3-47fe03b77367_639196387301837356.xml,WDBC,Go South Coast,Go South Coast 2620 Inbound,Thorney Hill - Brockenhurst College,price_band_3.6@AdultReturn,3.6
SWWD_3407_Outbound_AdultReturn_a9f4b9e2-e9ea-4456-80e3-47fe03b77367_639196397463452948.xml,SWWD,Go South Coast,Go South Coast 3407 Outbound,Salisbury - Southampton,price_band_5.8@AdultReturn,5.8
TDTR_7180_Outbound_AdultReturn_a9f4b9e2-e9ea-4456-80e3-47fe03b77367_639196409565432156.xml,TDTR,Go South Coast,Go South Coast 7180 Outbound,Marlborough - Ludgershall,price_band_6.0@AdultReturn,6.0
SWWD_3881_Outbound_AdultSingle_a9f4b9e2-e9ea-4456-80e3-47fe03b77367_639196400596045153.xml,SWWD,Go South Coast,Go South Coast 3881 Outbound,Wilton Road  - Burgate School,price_band_2.9@AdultSingle,2.9
WDBC_1053_Inbound_ChildSingle_2f1f0c04-770d-4707-ab06-213c5a798ad7_639196376182498982.xml,WDBC,Go South Coast,Go South Coast 1053 Inbound,Bournemouth - Wimborne,price_band_2.1@ChildSingle,2.1
BLUS_4805_Outbound_ChildSingle_a9f4b9e2-e9ea-4456-80e3-47fe03b77367_639196403455859424.xml,BLUS,Go South Coast,Go South Coast 4805 Outbound,Boyatt Wood - Shootash,price_band_3.0@ChildSingle,3.0
BLUS_4005_Inbound_ChildReturn_a9f4b9e2-e9ea-4456-80e3-47fe03b77367_639196401203517379.xml,BLUS,Go South Coast,Go South Coast 4005 Inbound,Boyatt Wood - Romsey,price_band_4.5@ChildReturn,4.5
SWWD_3663_Inbound_AdultSingle_a9f4b9e2-e9ea-4456-80e3-47fe03b77367_639196400015665151.xml,SWWD,Go South Coast,Go South Coast 3663 Inbound,Wilton Road  - Laverstock Schools,price_band_2.3@AdultSingle,2.3
WDBC_1020_Outbound_ChildSingle_d46597a9-440e-4c13-b49a-76a3986683d1_639196374031302583.xml,WDBC,Go South Coast,Go South Coast 1020 Outbound,Poole - Christchurch,price_band_1.0@ChildSingle,1.0
SWWD_3885_Inbound_ChildReturn_a9f4b9e2-e9ea-4456-80e3-47fe03b77367_639196400773713449.xml,SWWD,Go South Coast,Go South Coast 3885 Inbound,Whaddon - Burgate School,price_band_3.4@ChildReturn,3.4
WDBC_1831_Inbound_AdultReturn_a9f4b9e2-e9ea-4456-80e3-47fe03b77367_639196381184840642.xml,WDBC,Go South Coast,Go South Coast 1831 Inbound,Bournemouth - Hunt Road and Somerford,price_band_4.7@AdultReturn,4.7
SWWD_3303_Inbound_ChildReturn_a9f4b9e2-e9ea-4456-80e3-47fe03b77367_639196394399484948.xml,SWWD,Go South Coast,Go South Coast 3303 Inbound,City Centre - Ditchampton,price_band_3.6@ChildReturn,3.6
SVCT_5272_Outbound_ChildSingle_a9f4b9e2-e9ea-4456-80e3-47fe03b77367_639196405689071524.xml,SVCT,Go South Coast,Go South Coast 5272 Outbound,Ryde - Ventnor,price_band_3.0@ChildSingle,3.0
SWWD_3513_Inbound_AdultSingle_a9f4b9e2-e9ea-4456-80e3-47fe03b77367_639196399153475552.xml,SWWD,Go South Coast,Go South Coast 3513 Inbound,Blue Boar Row - Bulbridge Chantry Road,price_band_2.3@AdultSingle,2.3
WDBC_1060_Inbound_AdultSingle_d46597a9-440e-4c13-b49a-76a3986683d1_639196376800116527.xml,WDBC,Go South Coast,Go South Coast 1060 Inbound,Rockley - Sandbanks,price_band_1.0@AdultSingle,1.0
SWWD_3137_Outbound_ChildSingle_a9f4b9e2-e9ea-4456-80e3-47fe03b77367_639196393472012919.xml,SWWD,Go South Coast,Go South Coast 3137 Outbound,Salisbury - West Dean,price_band_2.3@ChildSingle,2.3
WDBC_2775_Outbound_AdultSingle_a9f4b9e2-e9ea-4456-80e3-47fe03b77367_639196387501619945.xml,WDBC,Go South Coast,Go South Coast 2775 Outbound,Milford on Sea - Priestlands School,price_band_3.0@AdultSingle,3.0
BLUS_4217_Inbound_AdultSingle_a9f4b9e2-e9ea-4456-80e3-47fe03b77367_639196402841134436.xml,BLUS,Go South Coast,Go South Coast 4217 Inbound,Weston - Nursling,price_band_3.0@AdultSingle,3.0
WDBC_6415_Inbound_AdultSingle_a9f4b9e2-e9ea-4456-80e3-47fe03b77367_639196406488668465.xml,WDBC,Go South Coast,Go South Coast 6415 Inbound,St Anns Hospital - Poole Grammar School,price_band_2.8@AdultSingle,2.8
SWWD_3885_Outbound_ChildReturn_a9f4b9e2-e9ea-4456-80e3-47fe03b77367_639196400840543507.xml,SWWD,Go South Coast,Go South Coast 3885 Outbound,Whaddon - Burgate School,price_band_4.5@ChildReturn,4.5
SWWD_3326_Outbound_ChildReturn_a9f4b9e2-e9ea-4456-80e3-47fe03b77367_639196395329090036.xml,SWWD,Go South Coast,Go South Coast 3326 Outbound,Salisbury - Hindon,price_band_3.8@ChildReturn,3.8
WDBC_1053_Inbound_ChildSingle_a9f4b9e2-e9ea-4456-80e3-47fe03b77367_639196376118157824.xml,WDBC,Go South Coast,Go South Coast 1053 Inbound,Bournemouth - Wimborne,price_band_2.8@ChildSingle,2.8
TDTR_7091_Inbound_AdultSingle_a9f4b9e2-e9ea-4456-80e3-47fe03b77367_639196408919599182.xml,TDTR,Go South Coast,Go South Coast 7091 Inbound,Orbital Park - GW Hospital,price_band_3.0@AdultSingle,3.0
BLUS_4008_Inbound_AdultReturn_a9f4b9e2-e9ea-4456-80e3-47fe03b77367_639196401424733857.xml,BLUS,Go South Coast,Go South Coast 4008 Inbound,Southampton - Hythe,price_band_6.0@AdultReturn,6.0
WDBC_2002_Inbound_ChildSingle_a9f4b9e2-e9ea-4456-80e3-47fe03b77367_639196385089390985.xml,WDBC,Go South Coast,Go South Coast 2002 Inbound,Bournemouth - Lymington,price_band_2.2@ChildSingle,2.2
SWWD_3012_Outbound_AdultSingle_a9f4b9e2-e9ea-4456-80e3-47fe03b77367_639196391254555164.xml,SWWD,Go South Coast,Go South Coast 3012 Outbound,Salisbury - Stratford,price_band_2.3@AdultSingle,2.3
WDBC_1811_Inbound_ChildReturn_a9f4b9e2-e9ea-4456-80e3-47fe03b77367_639196380030509078.xml,WDBC,Go South Coast,Go South Coast 1811 Inbound,Bournemouth - Somerford,price_band_3.1@ChildReturn,3.1
SWWD_3726_Outbound_ChildSingle_a9f4b9e2-e9ea-4456-80e3-47fe03b77367_639196400421560426.xml,SWWD,Go South Coast,Go South Coast 3726 Outbound,Salisbury - East Knoyle,price_band_2.5@ChildSingle,2.5
WDBC_2620_Inbound_AdultReturn_a9f4b9e2-e9ea-4456-80e3-47fe03b77367_639196387301837356.xml,WDBC,Go South Coast,Go South Coast 2620 Inbound,Thorney Hill - Brockenhurst College,price_band_7.6@AdultReturn,7.6
WDBC_1837_Inbound_ChildSingle_2f1f0c04-770d-4707-ab06-213c5a798ad7_639196381896349388.xml,WDBC,Go South Coast,Go South Coast 1837 Inbound,Bournemouth - Bournemouth International Airport,price_band_2.3@ChildSingle,2.3
SWWD_3763_Inbound_ChildSingle_a9f4b9e2-e9ea-4456-80e3-47fe03b77367_639196400481757004.xml,SWWD,Go South Coast,Go South Coast 3763 Inbound,Mount Pleasant Farm - Burgate School,price_band_1.7@ChildSingle,1.7
SVCT_5009_Outbound_ChildSingle_a9f4b9e2-e9ea-4456-80e3-47fe03b77367_639196404202381155.xml,SVCT,Go South Coast,Go South Coast 5009 Outbound,Newport  - Ryde,price_band_2.4@ChildSingle,2.4
WDBC_1106_Inbound_AdultSingle_a9f4b9e2-e9ea-4456-80e3-47fe03b77367_639196377308757056.xml,WDBC,Go South Coast,Go South Coast 1106 Inbound,Poole - Tower Park,price_band_2.3@AdultSingle,2.3
SWWD_7201_Inbound_ChildReturn_a9f4b9e2-e9ea-4456-80e3-47fe03b77367_639196409634398062.xml,SWWD,Go South Coast,Go South Coast 7201 Inbound,Figheldean - Salisbury,price_band_2.6@ChildReturn,2.6
WDBC_2956_Outbound_AdultSingle_d46597a9-440e-4c13-b49a-76a3986683d1_639196390033942618.xml,WDBC,Go South Coast,Go South Coast 2956 Outbound,Ringwood - Bournemouth,price_band_3.0@AdultSingle,3.0
SWWD_3763_Inbound_AdultReturn_a9f4b9e2-e9ea-4456-80e3-47fe03b77367_639196400474836937.xml,SWWD,Go South Coast,Go South Coast 3763 Inbound,Mount Pleasant Farm - Burgate School,price_band_3.5@AdultReturn,3.5
SWWD_3407_Inbound_AdultSingle_f15d1b06-486f-433a-8991-95f1a97a87e0_639196397212314662.xml,SWWD,Go South Coast,Go South Coast 3407 Inbound,Salisbury - Southampton,price_band_2.8@AdultSingle,2.8
BLUS_4021_Outbound_ChildSingle_eed5e2e8-c472-41af-825e-db09ec887334_639196402376582017.xml,BLUS,Go South Coast,Go South Coast 4021 Outbound,Southampton - Lordshill,price_band_1.0@ChildSingle,1.0
TDTR_7014_Outbound_YoungPersonSgl_a9f4b9e2-e9ea-4456-80e3-47fe03b77367_639196408198290944.xml,TDTR,Go South Coast,Go South Coast 7014 Outbound,Fleming Way - Eldene,price_band_2.5@YoungPersonSgl,2.5
WDBC_1060_Inbound_ChildSingle_a9f4b9e2-e9ea-4456-80e3-47fe03b77367_639196376758367974.xml,WDBC,Go South Coast,Go South Coast 1060 Inbound,Rockley - Sandbanks,price_band_2.5@ChildSingle,2.5
WDBC_1762_Inbound_ChildReturn_a9f4b9e2-e9ea-4456-80e3-47fe03b77367_639196379163418973.xml,WDBC,Go South Coast,Go South Coast 1762 Inbound,Merley - Corfe Hills,price_band_2.6@ChildReturn,2.6
WDBC_2024_Inbound_ChildSingle_a9f4b9e2-e9ea-4456-80e3-47fe03b77367_639196386227697926.xml,WDBC,Go South Coast,Go South Coast 2024 Inbound,Castlepoint - Christchurch,price_band_2.3@ChildSingle,2.3
BLUS_4026_Inbound_AdultSingle_a9f4b9e2-e9ea-4456-80e3-47fe03b77367_639196402489021992.xml,BLUS,Go South Coast,Go South Coast 4026 Inbound,Southampton - Whiteley,price_band_3.0@AdultSingle,3.0
WDBC_1837_Inbound_ChildSingle_a9f4b9e2-e9ea-4456-80e3-47fe03b77367_639196381856544957.xml,WDBC,Go South Coast,Go South Coast 1837 Inbound,Bournemouth - Bournemouth International Airport,price_band_2.2@ChildSingle,2.2
SWWD_3407_Inbound_AdultSingle_eed5e2e8-c472-41af-825e-db09ec887334_639196397239891264.xml,SWWD,Go South Coast,Go South Coast 3407 Inbound,Salisbury - Southampton,price_band_1.0@AdultSingle,1.0
WDBC_6450_Outbound_ChildSingle_a9f4b9e2-e9ea-4456-80e3-47fe03b77367_639196407036120823.xml,WDBC,Go South Coast,Go South Coast 6450 Outbound,Wallisdown - Parkstone Grammar,price_band_1.8@ChildSingle,1.8
WDBC_1642_Inbound_ChildSingle_d46597a9-440e-4c13-b49a-76a3986683d1_639196378815257300.xml,WDBC,Go South Coast,Go South Coast 1642 Inbound,Poole  - Talbot Campus,price_band_1.0@ChildSingle,1.0
DAMY_3183_Inbound_AdultReturn_a9f4b9e2-e9ea-4456-80e3-47fe03b77367_639196393797551416.xml,DAMY,Go South Coast,Go South Coast 3183 Inbound,Blandford - Weymouth,price_band_6.0@AdultReturn,6.0
SWWD_3008_Outbound_ChildReturn_a9f4b9e2-e9ea-4456-80e3-47fe03b77367_639196391010248148.xml,SWWD,Go South Coast,Go South Coast 3008 Outbound,Salisbury - Zouch Estate,price_band_4.5@ChildReturn,4.5
WDBC_1841_Outbound_AdultSingle_2f1f0c04-770d-4707-ab06-213c5a798ad7_639196382281874890.xml,WDBC,Go South Coast,Go South Coast 1841 Outbound,Bournemouth - Mudeford and Somerford,price_band_1.0@AdultSingle,1.0
WDBC_2186_Outbound_AdultSingle_a9f4b9e2-e9ea-4456-80e3-47fe03b77367_639196386787166326.xml,WDBC,Go South Coast,Go South Coast 2186 Outbound,Southampton - Lymington,price_band_2.5@AdultSingle,2.5
WDBC_1741_Inbound_ChildSingle_a9f4b9e2-e9ea-4456-80e3-47fe03b77367_639196379057798178.xml,WDBC,Go South Coast,Go South Coast 1741 Inbound,Sandbanks Ferry - Parkstone Grammar School,price_band_1.7@ChildSingle,1.7
TDTR_7080_Outbound_YoungPersonRtn_a9f4b9e2-e9ea-4456-80e3-47fe03b77367_639196408865610342.xml,TDTR,Go South Coast,Go South Coast 7080 Outbound,Swindon - Marlborough,price_band_6.0@YoungPersonRtn,6.0
TDTR_7553_Inbound_AdultReturn_a9f4b9e2-e9ea-4456-80e3-47fe03b77367_639196410101017639.xml,TDTR,Go South Coast,Go South Coast 7553 Inbound,Royal Wootton Bassett - Cirencester College,price_band_8.3@AdultReturn,8.3
DAMY_6006_Outbound_ChildReturn_a9f4b9e2-e9ea-4456-80e3-47fe03b77367_639196405942026915.xml,DAMY,Go South Coast,Go South Coast 6006 Outbound,Dorchester - Poundbury,price_band_3.1@ChildReturn,3.1
WDBC_1053_Outbound_ChildReturn_a9f4b9e2-e9ea-4456-80e3-47fe03b77367_639196376275393422.xml,WDBC,Go South Coast,Go South Coast 1053 Outbound,Bournemouth - Wimborne,price_band_3.2@ChildReturn,3.2
WDBC_8229_Outbound_ChildSingle_a9f4b9e2-e9ea-4456-80e3-47fe03b77367_639196410352701130.xml,WDBC,Go South Coast,Go South Coast 8229 Outbound,Lyndhurst - Ringwood RED,price_band_2.7@ChildSingle,2.7
WDBC_2219_Inbound_ChildSingle_a9f4b9e2-e9ea-4456-80e3-47fe03b77367_639196386920311427.xml,WDBC,Go South Coast,Go South Coast 2219 Inbound,Lymington  - New Milton,price_band_2.1@ChildSingle,2.1
SWWD_3302_Outbound_AdultSingle_a9f4b9e2-e9ea-4456-80e3-47fe03b77367_639196394352077233.xml,SWWD,Go South Coast,Go South Coast 3302 Outbound,City Centre - Bishopdown,price_band_3.0@AdultSingle,3.0
SVCT_5101_Inbound_YoungAdSingle_a9f4b9e2-e9ea-4456-80e3-47fe03b77367_639196404710284025.xml,SVCT,Go South Coast,Go South Coast 5101 Inbound,Cowes - Newport,price_band_2.4@YoungAdSingle,2.4
WDBC_2219_Inbound_ChildSingle_a9f4b9e2-e9ea-4456-80e3-47fe03b77367_639196386920311427.xml,WDBC,Go South Coast,Go South Coast 2219 Inbound,Lymington  - New Milton,price_band_2.5@ChildSingle,2.5
WDBC_8601_Outbound_AdultReturn_7d800d50-9d7d-4ca5-8d9f-bc4e97764d9d_639196410838025437.xml,WDBC,Go South Coast,Go South Coast 8601 Outbound,Creekmoor - Poole,price_band_1.5@AdultReturn,1.5
WDBC_1032_Outbound_AdultSingle_a9f4b9e2-e9ea-4456-80e3-47fe03b77367_639196374454033630.xml,WDBC,Go South Coast,Go South Coast 1032 Outbound,Poole - Bournemouth,price_band_2.8@AdultSingle,2.8
SVCT_5037_Outbound_AdultSingle_a9f4b9e2-e9ea-4456-80e3-47fe03b77367_639196404462348843.xml,SVCT,Go South Coast,Go South Coast 5037 Outbound,Ryde  - Ryde,price_band_3.0@AdultSingle,3.0
WDBC_2002_Inbound_ChildSingle_a9f4b9e2-e9ea-4456-80e3-47fe03b77367_639196385089390985.xml,WDBC,Go South Coast,Go South Coast 2002 Inbound,Bournemouth - Lymington,price_band_1.9@ChildSingle,1.9
DAMY_6905_Inbound_AdultSingle_a9f4b9e2-e9ea-4456-80e3-47fe03b77367_639196407701658805.xml,DAMY,Go South Coast,Go South Coast 6905 Inbound,Warmwell - Dorchester,price_band_2.8@AdultSingle,2.8
BLUS_3634_Inbound_ChildReturn_a9f4b9e2-e9ea-4456-80e3-47fe03b77367_639196399668588501.xml,BLUS,Go South Coast,Go South Coast 3634 Inbound,East Wellow  - Romsey School,price_band_3.9@ChildReturn,3.9
WDBC_1017_Outbound_ChildReturn_a9f4b9e2-e9ea-4456-80e3-47fe03b77367_639196372944669512.xml,WDBC,Go South Coast,Go South Coast 1017 Outbound,Poole - Bournemouth,price_band_3.1@ChildReturn,3.1
SWWD_3407_Outbound_ChildSingle_f15d1b06-486f-433a-8991-95f1a97a87e0_639196397730711306.xml,SWWD,Go South Coast,Go South Coast 3407 Outbound,Salisbury - Southampton,price_band_1.0@ChildSingle,1.0
SWWD_3326_Outbound_AdultReturn_a9f4b9e2-e9ea-4456-80e3-47fe03b77367_639196395281317520.xml,SWWD,Go South Coast,Go South Coast 3326 Outbound,Salisbury - Hindon,price_band_4.9@AdultReturn,4.9
WDBC_3882_Outbound_AdultReturn_a9f4b9e2-e9ea-4456-80e3-47fe03b77367_639196400652373018.xml,WDBC,Go South Coast,Go South Coast 3882 Outbound,Stratford Road Grammar School - Burgate School,price_band_4.2@AdultReturn,4.2
WDBC_1833_Inbound_AdultSingle_a9f4b9e2-e9ea-4456-80e3-47fe03b77367_639196381576746617.xml,WDBC,Go South Coast,Go South Coast 1833 Inbound,Alum Chine - Castlepoint,price_band_3.0@AdultSingle,3.0
WDBC_2191_Outbound_ChildSingle_a9f4b9e2-e9ea-4456-80e3-47fe03b77367_639196386872359591.xml,WDBC,Go South Coast,Go South Coast 2191 Outbound,New Milton - New Milton,price_band_2.1@ChildSingle,2.1
WDBC_2906_Inbound_ChildReturn_a9f4b9e2-e9ea-4456-80e3-47fe03b77367_639196387737928859.xml,WDBC,Go South Coast,Go South Coast 2906 Inbound,Poole - Ringwood,price_band_2.8@ChildReturn,2.8
WDBC_1818_Outbound_AdultSingle_a9f4b9e2-e9ea-4456-80e3-47fe03b77367_639196380357272956.xml,WDBC,Go South Coast,Go South Coast 1818 Outbound,Bournemouth - Broadstone,price_band_2.8@AdultSingle,2.8
WDBC_1035_Outbound_ChildReturn_a9f4b9e2-e9ea-4456-80e3-47fe03b77367_639196374680330806.xml,WDBC,Go South Coast,Go South Coast 1035 Outbound,Swanage - Wareham,price_band_2.9@ChildReturn,2.9
WDBC_1725_Inbound_ChildSingle_a9f4b9e2-e9ea-4456-80e3-47fe03b77367_639196379020986330.xml,WDBC,Go South Coast,Go South Coast 1725 Inbound,Wareham - Lytchett Minster School,price_band_3.3@ChildSingle,3.3
WDBC_2024_Outbound_ChildSingle_a9f4b9e2-e9ea-4456-80e3-47fe03b77367_639196386250426749.xml,WDBC,Go South Coast,Go South Coast 2024 Outbound,Castlepoint - Christchurch,price_band_2.8@ChildSingle,2.8
WDBC_1788_Outbound_AdultReturn_a9f4b9e2-e9ea-4456-80e3-47fe03b77367_639196379254575038.xml,WDBC,Go South Coast,Go South Coast 1788 Outbound,Walkford - Bournemouth School for Girls,price_band_4.4@AdultReturn,4.4
WDBC_1015_Outbound_ChildReturn_a9f4b9e2-e9ea-4456-80e3-47fe03b77367_639196371897513613.xml,WDBC,Go South Coast,Go South Coast 1015 Outbound,Poole - Bournemouth Hospital,price_band_2.8@ChildReturn,2.8
BLUS_4805_Inbound_AdultReturn_a9f4b9e2-e9ea-4456-80e3-47fe03b77367_639196403360329895.xml,BLUS,Go South Coast,Go South Coast 4805 Inbound,Boyatt Wood - Shootash,price_band_4.5@AdultReturn,4.5
TDTR_7541_Inbound_ChildReturn_a9f4b9e2-e9ea-4456-80e3-47fe03b77367_639196410002787031.xml,TDTR,Go South Coast,Go South Coast 7541 Inbound,Coate - Cirencester College,price_band_8.3@ChildReturn,8.3
WDBC_2024_Inbound_ChildSingle_a9f4b9e2-e9ea-4456-80e3-47fe03b77367_639196386227697926.xml,WDBC,Go South Coast,Go South Coast 2024 Inbound,Castlepoint - Christchurch,price_band_2.8@ChildSingle,2.8
WDBC_2001_Outbound_ChildSingle_2f1f0c04-770d-4707-ab06-213c5a798ad7_639196384982936481.xml,WDBC,Go South Coast,Go South Coast 2001 Outbound,Bournemouth - Lymington,price_band_2.1@ChildSingle,2.1
SWWD_3029_Inbound_ChildReturn_a9f4b9e2-e9ea-4456-80e3-47fe03b77367_639196391389453148.xml,SWWD,Go South Coast,Go South Coast 3029 Inbound,Salisbury - Shaftesbury,price_band_3.6@ChildReturn,3.6
SWWD_3326_Inbound_AdultReturn_a9f4b9e2-e9ea-4456-80e3-47fe03b77367_639196395107086102.xml,SWWD,Go South Coast,Go South Coast 3326 Inbound,Salisbury - Hindon,price_band_5.7@AdultReturn,5.7
BLUS_4018_Outbound_ChildSingle_a9f4b9e2-e9ea-4456-80e3-47fe03b77367_639196402172648171.xml,BLUS,Go South Coast,Go South Coast 4018 Outbound,Millbrook - Thornhill,price_band_2.1@ChildSingle,2.1
WDBC_1818_Inbound_ChildSingle_a9f4b9e2-e9ea-4456-80e3-47fe03b77367_639196380178151392.xml,WDBC,Go South Coast,Go South Coast 1818 Inbound,Bournemouth - Broadstone,price_band_2.8@ChildSingle,2.8
SWWD_3366_Outbound_ChildReturn_a9f4b9e2-e9ea-4456-80e3-47fe03b77367_639196395757701610.xml,SWWD,Go South Coast,Go South Coast 3366 Outbound,South Wilts Grammar School - Idmiston,price_band_6.0@ChildReturn,6.0
WDBC_1053_Outbound_AdultSingle_a9f4b9e2-e9ea-4456-80e3-47fe03b77367_639196376305645321.xml,WDBC,Go South Coast,Go South Coast 1053 Outbound,Bournemouth - Wimborne,price_band_2.3@AdultSingle,2.3
WDBC_2620_Inbound_AdultSingle_a9f4b9e2-e9ea-4456-80e3-47fe03b77367_639196387279229743.xml,WDBC,Go South Coast,Go South Coast 2620 Inbound,Thorney Hill - Brockenhurst College,price_band_5.2@AdultSingle,5.2
TDTR_3620_Outbound_YoungPersonRtn_a9f4b9e2-e9ea-4456-80e3-47fe03b77367_639196399628380399.xml,TDTR,Go South Coast,Go South Coast 3620 Outbound,Hungerford Priory  - St Johns Sch,price_band_2.8@YoungPersonRtn,2.8
WDBC_1802_Outbound_ChildSingle_a9f4b9e2-e9ea-4456-80e3-47fe03b77367_639196379618433909.xml,WDBC,Go South Coast,Go South Coast 1802 Outbound,Bournemouth - Castlepoint,price_band_1.9@ChildSingle,1.9
WDBC_1032_Outbound_ChildSingle_a9f4b9e2-e9ea-4456-80e3-47fe03b77367_639196374529394266.xml,WDBC,Go South Coast,Go South Coast 1032 Outbound,Poole - Bournemouth,price_band_3.0@ChildSingle,3.0
BLUS_2627_Outbound_AdultReturn_a9f4b9e2-e9ea-4456-80e3-47fe03b77367_639196387379983018.xml,BLUS,Go South Coast,Go South Coast 2627 Outbound,Totton - Marchwood,price_band_7.9@AdultReturn,7.9
SWWD_3457_Outbound_ChildSingle_a9f4b9e2-e9ea-4456-80e3-47fe03b77367_639196398247122010.xml,SWWD,Go South Coast,Go South Coast 3457 Outbound,Salisbury - Southampton,price_band_2.5@ChildSingle,2.5
BLUS_2627_Inbound_AdultSingle_a9f4b9e2-e9ea-4456-80e3-47fe03b77367_639196387371146569.xml,BLUS,Go South Coast,Go South Coast 2627 Inbound,Totton - Marchwood,price_band_2.9@AdultSingle,2.9
WDBC_2953_Inbound_AdultReturn_a9f4b9e2-e9ea-4456-80e3-47fe03b77367_639196388747958544.xml,WDBC,Go South Coast,Go South Coast 2953 Inbound,Salisbury - Ringwood,price_band_3.5@AdultReturn,3.5
BLUS_8461_Outbound_AdultSingle_f15d1b06-486f-433a-8991-95f1a97a87e0_639196410559517688.xml,BLUS,Go South Coast,Go South Coast 8461 Outbound,Bevois Valley - Nursling Ind. Estate,price_band_1.0@AdultSingle,1.0
BLUS_3635_Inbound_ChildSingle_a9f4b9e2-e9ea-4456-80e3-47fe03b77367_639196399717232397.xml,BLUS,Go South Coast,Go South Coast 3635 Inbound,Romsey - Ampfield,price_band_2.5@ChildSingle,2.5
DAMY_6487_Outbound_ChildSingle_a9f4b9e2-e9ea-4456-80e3-47fe03b77367_639196407161038133.xml,DAMY,Go South Coast,Go South Coast 6487 Outbound,Blandford - Dorchester,price_band_3.0@ChildSingle,3.0
WDBC_2024_Inbound_ChildReturn_a9f4b9e2-e9ea-4456-80e3-47fe03b77367_639196386233421913.xml,WDBC,Go South Coast,Go South Coast 2024 Inbound,Castlepoint - Christchurch,price_band_4.0@ChildReturn,4.0
SVCT_5401_Outbound_AdultReturn_3671b4f4-9506-487f-90cc-04a86e0aac39_639196405715354654.xml,SVCT,Go South Coast,Go South Coast 5401 Outbound,Newport - Cowes [N1],price_band_6.0@AdultReturn,6.0
SWWD_3044_Inbound_ChildReturn_a9f4b9e2-e9ea-4456-80e3-47fe03b77367_639196391654830182.xml,SWWD,Go South Coast,Go South Coast 3044 Inbound,Salisbury - Woodfalls,price_band_4.0@ChildReturn,4.0
WDBC_1802_Outbound_ChildReturn_a9f4b9e2-e9ea-4456-80e3-47fe03b77367_639196379625164601.xml,WDBC,Go South Coast,Go South Coast 1802 Outbound,Bournemouth - Castlepoint,price_band_3.7@ChildReturn,3.7
WDBC_2906_Inbound_ChildSingle_a9f4b9e2-e9ea-4456-80e3-47fe03b77367_639196387692353098.xml,WDBC,Go South Coast,Go South Coast 2906 Inbound,Poole - Ringwood,price_band_2.1@ChildSingle,2.1
SWWD_3645_Inbound_ChildReturn_a9f4b9e2-e9ea-4456-80e3-47fe03b77367_639196399792578213.xml,SWWD,Go South Coast,Go South Coast 3645 Inbound,Stratford Road Grammar School - Hamptworth Cuckoo,price_band_3.6@ChildReturn,3.6
SWWD_7910_Outbound_YoungPersonSgl_a9f4b9e2-e9ea-4456-80e3-47fe03b77367_639196410231677857.xml,SWWD,Go South Coast,Go South Coast 7910 Outbound,Marlborough - Hungerford DRT,price_band_1.5@YoungPersonSgl,1.5
WDBC_1006_Inbound_ChildReturn_a9f4b9e2-e9ea-4456-80e3-47fe03b77367_639196370721606242.xml,WDBC,Go South Coast,Go South Coast 1006 Inbound,Poole - Tower Park,price_band_2.8@ChildReturn,2.8
TDTR_7823_Outbound_AdultSingle_a9f4b9e2-e9ea-4456-80e3-47fe03b77367_639196410181081033.xml,TDTR,Go South Coast,Go South Coast 7823 Outbound,Bishopstone (Pond) - Ridgeway School,price_band_3.3@AdultSingle,3.3
TDTR_7176_Outbound_YoungPersonSgl_a9f4b9e2-e9ea-4456-80e3-47fe03b77367_639196409416549566.xml,TDTR,Go South Coast,Go South Coast 7176 Outbound,Calne - Bath,price_band_1.2@YoungPersonSgl,1.2
WDBC_1017_Outbound_AdultSingle_a9f4b9e2-e9ea-4456-80e3-47fe03b77367_639196372920461949.xml,WDBC,Go South Coast,Go South Coast 1017 Outbound,Poole - Bournemouth,price_band_2.3@AdultSingle,2.3
BLUS_4009_Outbound_ChildReturn_a9f4b9e2-e9ea-4456-80e3-47fe03b77367_639196401603484794.xml,BLUS,Go South Coast,Go South Coast 4009 Outbound,Southampton - Langley/Fawley,price_band_2.6@ChildReturn,2.6
SWWD_7201_Outbound_ChildReturn_a9f4b9e2-e9ea-4456-80e3-47fe03b77367_639196409679715329.xml,SWWD,Go South Coast,Go South Coast 7201 Outbound,Figheldean - Salisbury,price_band_4.9@ChildReturn,4.9
TDTR_7148_Inbound_AdultSingle_a9f4b9e2-e9ea-4456-80e3-47fe03b77367_639196409121321976.xml,TDTR,Go South Coast,Go South Coast 7148 Inbound,Swindon - Marlborough,price_band_3.0@AdultSingle,3.0
TDTR_7176_Outbound_AdultReturn_a9f4b9e2-e9ea-4456-80e3-47fe03b77367_639196409430649371.xml,TDTR,Go South Coast,Go South Coast 7176 Outbound,Calne - Bath,price_band_4.0@AdultReturn,4.0
WDBC_6047_Inbound_AdultSingle_a9f4b9e2-e9ea-4456-80e3-47fe03b77367_639196406312904875.xml,WDBC,Go South Coast,Go South Coast 6047 Inbound,Ringwood Road - Parkstone Grammar School,price_band_2.2@AdultSingle,2.2
BLUS_4815_Outbound_ChildSingle_eed5e2e8-c472-41af-825e-db09ec887334_639196403551825774.xml,BLUS,Go South Coast,Go South Coast 4815 Outbound,Boyatt Wood - Eastleigh,price_band_1.0@ChildSingle,1.0
SWWD_3138_Outbound_ChildReturn_a9f4b9e2-e9ea-4456-80e3-47fe03b77367_639196393543478045.xml,SWWD,Go South Coast,Go South Coast 3138 Outbound,West Dean  - Laverstock & Grammar,price_band_3.6@ChildReturn,3.6
SWWD_3266_Inbound_AdultReturn_a9f4b9e2-e9ea-4456-80e3-47fe03b77367_639196394121840197.xml,SWWD,Go South Coast,Go South Coast 3266 Inbound,South Wilts Grammar School - Idmiston,price_band_4.2@AdultReturn,4.2
WDBC_1170_Outbound_AdultSingle_2f1f0c04-770d-4707-ab06-213c5a798ad7_639196378571278810.xml,WDBC,Go South Coast,Go South Coast 1170 Outbound,Rockley Park - Hengistbury Head,price_band_1.0@AdultSingle,1.0
WDBC_8409_Outbound_AdultSingle_a9f4b9e2-e9ea-4456-80e3-47fe03b77367_639196410420358607.xml,WDBC,Go South Coast,Go South Coast 8409 Outbound,Lyndhurst - Exbury GREEN,price_band_21.5@AdultSingle,21.5
WDBC_1836_Outbound_ChildSingle_a9f4b9e2-e9ea-4456-80e3-47fe03b77367_639196381818689568.xml,WDBC,Go South Coast,Go South Coast 1836 Outbound,Talbot View - Kinson,price_band_2.3@ChildSingle,2.3
DAMY_6505_Inbound_AdultReturn_a9f4b9e2-e9ea-4456-80e3-47fe03b77367_639196407177192280.xml,DAMY,Go South Coast,Go South Coast 6505 Inbound,Weymouth - Dorchester,price_band_4.2@AdultReturn,4.2
TDTR_7048_Outbound_YoungPersonSgl_a9f4b9e2-e9ea-4456-80e3-47fe03b77367_639196408560033162.xml,TDTR,Go South Coast,Go South Coast 7048 Outbound,Swindon - Marlborough,price_band_2.4@YoungPersonSgl,2.4
SVCT_5102_Inbound_YoungAdSingle_a9f4b9e2-e9ea-4456-80e3-47fe03b77367_639196404786814799.xml,SVCT,Go South Coast,Go South Coast 5102 Inbound,Ryde  - Newport,price_band_3.0@YoungAdSingle,3.0
SWWD_3310_Outbound_AdultReturn_a9f4b9e2-e9ea-4456-80e3-47fe03b77367_639196394676898842.xml,SWWD,Go South Coast,Go South Coast 3310 Outbound,City Centre - St Peters Place,price_band_4.5@AdultReturn,4.5
WDBC_1950_Outbound_ChildSingle_a9f4b9e2-e9ea-4456-80e3-47fe03b77367_639196383874299538.xml,WDBC,Go South Coast,Go South Coast 1950 Outbound,Bournemouth - Swanage,price_band_2.1@ChildSingle,2.1
SVCT_5051_Outbound_AdultSingle_a9f4b9e2-e9ea-4456-80e3-47fe03b77367_639196404623726982.xml,SVCT,Go South Coast,Go South Coast 5051 Outbound,Newport - Enterprise College,price_band_3.0@AdultSingle,3.0
WDBC_1802_Outbound_ChildReturn_a9f4b9e2-e9ea-4456-80e3-47fe03b77367_639196379625164601.xml,WDBC,Go South Coast,Go South Coast 1802 Outbound,Bournemouth - Castlepoint,price_band_3.1@ChildReturn,3.1
WDBC_1833_Outbound_ChildSingle_a9f4b9e2-e9ea-4456-80e3-47fe03b77367_639196381693130299.xml,WDBC,Go South Coast,Go South Coast 1833 Outbound,Alum Chine - Castlepoint,price_band_2.1@ChildSingle,2.1
WDBC_1106_Inbound_AdultReturn_a9f4b9e2-e9ea-4456-80e3-47fe03b77367_639196377297109239.xml,WDBC,Go South Coast,Go South Coast 1106 Inbound,Poole - Tower Park,price_band_4.2@AdultReturn,4.2
TDTR_7048_Outbound_ChildReturn_a9f4b9e2-e9ea-4456-80e3-47fe03b77367_639196408550634722.xml,TDTR,Go South Coast,Go South Coast 7048 Outbound,Swindon - Marlborough,price_band_2.8@ChildReturn,2.8
TDTR_7539_Inbound_ChildSingle_a9f4b9e2-e9ea-4456-80e3-47fe03b77367_639196409945046460.xml,TDTR,Go South Coast,Go South Coast 7539 Inbound,Wroughton - Cirencester College,price_band_5.2@ChildSingle,5.2
SWWD_3008_Inbound_AdultReturn_a9f4b9e2-e9ea-4456-80e3-47fe03b77367_639196390636624051.xml,SWWD,Go South Coast,Go South Coast 3008 Inbound,Salisbury - Zouch Estate,price_band_4.5@AdultReturn,4.5
SWWD_3102_Inbound_ChildSingle_a9f4b9e2-e9ea-4456-80e3-47fe03b77367_639196392041860066.xml,SWWD,Go South Coast,Go South Coast 3102 Inbound,Salisbury - Devizes,price_band_2.2@ChildSingle,2.2
WDBC_2001_Outbound_AdultSingle_2f1f0c04-770d-4707-ab06-213c5a798ad7_639196384919067459.xml,WDBC,Go South Coast,Go South Coast 2001 Outbound,Bournemouth - Lymington,price_band_3.0@AdultSingle,3.0
WDBC_1013_Inbound_ChildReturn_a9f4b9e2-e9ea-4456-80e3-47fe03b77367_639196371231761902.xml,WDBC,Go South Coast,Go South Coast 1013 Inbound,Bournemouth - Wimborne,price_band_4.0@ChildReturn,4.0
BLUS_4805_Inbound_AdultSingle_eed5e2e8-c472-41af-825e-db09ec887334_639196403416187443.xml,BLUS,Go South Coast,Go South Coast 4805 Inbound,Boyatt Wood - Shootash,price_band_1.0@AdultSingle,1.0
WDBC_2625_Outbound_AdultSingle_a9f4b9e2-e9ea-4456-80e3-47fe03b77367_639196387361749882.xml,WDBC,Go South Coast,Go South Coast 2625 Outbound,Brook - Brockenhurst College,price_band_4.0@AdultSingle,4.0
WDBC_3882_Inbound_AdultSingle_a9f4b9e2-e9ea-4456-80e3-47fe03b77367_639196400623621146.xml,WDBC,Go South Coast,Go South Coast 3882 Inbound,Stratford Road Grammar School - Burgate School,price_band_2.6@AdultSingle,2.6
WDBC_1015_Inbound_ChildSingle_a9f4b9e2-e9ea-4456-80e3-47fe03b77367_639196371729607266.xml,WDBC,Go South Coast,Go South Coast 1015 Inbound,Poole - Bournemouth Hospital,price_band_2.3@ChildSingle,2.3
WDBC_2024_Inbound_AdultSingle_a9f4b9e2-e9ea-4456-80e3-47fe03b77367_639196386213616519.xml,WDBC,Go South Coast,Go South Coast 2024 Inbound,Castlepoint - Christchurch,price_band_2.8@AdultSingle,2.8
WDBC_6043_Inbound_AdultReturn_a9f4b9e2-e9ea-4456-80e3-47fe03b77367_639196406219929298.xml,WDBC,Go South Coast,Go South Coast 6043 Inbound,County Gates - Parkstone Grammar School,price_band_4.4@AdultReturn,4.4
WDBC_1908_Outbound_AdultSingle_d46597a9-440e-4c13-b49a-76a3986683d1_639196383494647937.xml,WDBC,Go South Coast,Go South Coast 1908 Outbound,Poole - Blandford,price_band_2.5@AdultSingle,2.5
BLUS_4805_Outbound_ChildSingle_a9f4b9e2-e9ea-4456-80e3-47fe03b77367_639196403455859424.xml,BLUS,Go South Coast,Go South Coast 4805 Outbound,Boyatt Wood - Shootash,price_band_2.5@ChildSingle,2.5
SWWD_3325_Inbound_ChildSingle_a9f4b9e2-e9ea-4456-80e3-47fe03b77367_639196394840182380.xml,SWWD,Go South Coast,Go South Coast 3325 Inbound,South Wilts Grammar School - Hindon,price_band_3.0@ChildSingle,3.0
WDBC_1053_Outbound_ChildReturn_a9f4b9e2-e9ea-4456-80e3-47fe03b77367_639196376275393422.xml,WDBC,Go South Coast,Go South Coast 1053 Outbound,Bournemouth - Wimborne,price_band_3.4@ChildReturn,3.4
WDBC_6416_Outbound_ChildSingle_a9f4b9e2-e9ea-4456-80e3-47fe03b77367_639196406660001858.xml,WDBC,Go South Coast,Go South Coast 6416 Outbound,Penn Hill Avenue  - Poole Grammar School,price_band_1.7@ChildSingle,1.7
WDBC_1003_Inbound_ChildSingle_a9f4b9e2-e9ea-4456-80e3-47fe03b77367_639196370385475012.xml,WDBC,Go South Coast,Go South Coast 1003 Inbound,Poole - Wimborne,price_band_1.9@ChildSingle,1.9
TDTR_7048_Outbound_ChildSingle_a9f4b9e2-e9ea-4456-80e3-47fe03b77367_639196408540389430.xml,TDTR,Go South Coast,Go South Coast 7048 Outbound,Swindon - Marlborough,price_band_1.4@ChildSingle,1.4
TDTR_7052_Outbound_AdultSingle_a9f4b9e2-e9ea-4456-80e3-47fe03b77367_639196408586385881.xml,TDTR,Go South Coast,Go South Coast 7052 Outbound,Barnfield - Okus,price_band_3.0@AdultSingle,3.0
SWWD_3125_Outbound_ChildReturn_a9f4b9e2-e9ea-4456-80e3-47fe03b77367_639196392988098341.xml,SWWD,Go South Coast,Go South Coast 3125 Outbound,South Wilts Grammar School - Hindon,price_band_3.6@ChildReturn,3.6
SWWD_3663_Inbound_ChildReturn_a9f4b9e2-e9ea-4456-80e3-47fe03b77367_639196400029974223.xml,SWWD,Go South Coast,Go South Coast 3663 Inbound,Wilton Road  - Laverstock Schools,price_band_2.5@ChildReturn,2.5
SWWD_3675_Inbound_ChildSingle_a9f4b9e2-e9ea-4456-80e3-47fe03b77367_639196400110369936.xml,SWWD,Go South Coast,Go South Coast 3675 Inbound,Castle Road - Amesbury,price_band_1.8@ChildSingle,1.8
WDBC_1052_Inbound_ChildReturn_a9f4b9e2-e9ea-4456-80e3-47fe03b77367_639196375806553070.xml,WDBC,Go South Coast,Go South Coast 1052 Inbound,Rockley - Sandbanks,price_band_2.8@ChildReturn,2.8
WDBC_1950_Outbound_ChildReturn_a9f4b9e2-e9ea-4456-80e3-47fe03b77367_639196383897377725.xml,WDBC,Go South Coast,Go South Coast 1950 Outbound,Bournemouth - Swanage,price_band_5.6@ChildReturn,5.6
SWWD_3407_Outbound_ChildSingle_eed5e2e8-c472-41af-825e-db09ec887334_639196397762912632.xml,SWWD,Go South Coast,Go South Coast 3407 Outbound,Salisbury - Southampton,price_band_1.9@ChildSingle,1.9
BLUS_4425_Outbound_AdultReturn_a9f4b9e2-e9ea-4456-80e3-47fe03b77367_639196402940560075.xml,BLUS,Go South Coast,Go South Coast 4425 Outbound,Eastleigh - Boorley Park,price_band_4.2@AdultReturn,4.2
WDBC_1020_Inbound_ChildSingle_2f1f0c04-770d-4707-ab06-213c5a798ad7_639196373569516797.xml,WDBC,Go South Coast,Go South Coast 1020 Inbound,Poole - Christchurch,price_band_1.0@ChildSingle,1.0
SWWD_3002_Inbound_ChildReturn_a9f4b9e2-e9ea-4456-80e3-47fe03b77367_639196390217555892.xml,SWWD,Go South Coast,Go South Coast 3002 Inbound,Salisbury - Devizes,price_band_6.0@ChildReturn,6.0
BLUS_4815_Outbound_ChildReturn_a9f4b9e2-e9ea-4456-80e3-47fe03b77367_639196403541921837.xml,BLUS,Go South Coast,Go South Coast 4815 Outbound,Boyatt Wood - Eastleigh,price_band_4.0@ChildReturn,4.0
SWWD_3306_Outbound_AdultReturn_a9f4b9e2-e9ea-4456-80e3-47fe03b77367_639196394548717533.xml,SWWD,Go South Coast,Go South Coast 3306 Outbound,Endless Street - Blue Boar Row,price_band_4.5@AdultReturn,4.5
SWWD_3304_Outbound_ChildSingle_a9f4b9e2-e9ea-4456-80e3-47fe03b77367_639196394495512689.xml,SWWD,Go South Coast,Go South Coast 3304 Outbound,City Centre - Paul's Dene,price_band_2.3@ChildSingle,2.3
DAMY_6505_Outbound_ChildSingle_a9f4b9e2-e9ea-4456-80e3-47fe03b77367_639196407225193951.xml,DAMY,Go South Coast,Go South Coast 6505 Outbound,Weymouth - Dorchester,price_band_2.8@ChildSingle,2.8
SWWD_2615_Inbound_AdultReturn_a9f4b9e2-e9ea-4456-80e3-47fe03b77367_639196387141963722.xml,SWWD,Go South Coast,Go South Coast 2615 Inbound,Salisbury  - Brockenhurst College,price_band_9.1@AdultReturn,9.1
WDBC_1021_Outbound_ChildSingle_a9f4b9e2-e9ea-4456-80e3-47fe03b77367_639196374173005308.xml,WDBC,Go South Coast,Go South Coast 1021 Outbound,Bournemouth - High Howe,price_band_2.2@ChildSingle,2.2
WDBC_1908_Outbound_ChildSingle_a9f4b9e2-e9ea-4456-80e3-47fe03b77367_639196383478287392.xml,WDBC,Go South Coast,Go South Coast 1908 Outbound,Poole - Blandford,price_band_2.8@ChildSingle,2.8
WDBC_1644_Outbound_ChildSingle_a9f4b9e2-e9ea-4456-80e3-47fe03b77367_639196378965226105.xml,WDBC,Go South Coast,Go South Coast 1644 Outbound,Westbourne - Talbot Campus,price_band_2.2@ChildSingle,2.2
TDTR_7042_Outbound_ChildSingle_a9f4b9e2-e9ea-4456-80e3-47fe03b77367_639196408331477297.xml,TDTR,Go South Coast,Go South Coast 7042 Outbound,Calne - St John's School,price_band_0.7@ChildSingle,0.7
WDBC_2003_Outbound_AdultSingle_d46597a9-440e-4c13-b49a-76a3986683d1_639196386156272372.xml,WDBC,Go South Coast,Go South Coast 2003 Outbound,Salisbury - Bournemouth,price_band_2.3@AdultSingle,2.3
WDBC_2002_Outbound_AdultSingle_2f1f0c04-770d-4707-ab06-213c5a798ad7_639196385539158703.xml,WDBC,Go South Coast,Go South Coast 2002 Outbound,Bournemouth - Lymington,price_band_2.5@AdultSingle,2.5
SWWD_3645_Inbound_AdultReturn_a9f4b9e2-e9ea-4456-80e3-47fe03b77367_639196399766990389.xml,SWWD,Go South Coast,Go South Coast 3645 Inbound,Stratford Road Grammar School - Hamptworth Cuckoo,price_band_5.7@AdultReturn,5.7
SVCT_5102_Inbound_ChildSingle_a9f4b9e2-e9ea-4456-80e3-47fe03b77367_639196404761049576.xml,SVCT,Go South Coast,Go South Coast 5102 Inbound,Ryde  - Newport,price_band_2.4@ChildSingle,2.4
SVCT_5012_Outbound_YoungAdSingle_a9f4b9e2-e9ea-4456-80e3-47fe03b77367_639196404289491590.xml,SVCT,Go South Coast,Go South Coast 5012 Outbound,Newport - Alum Bay,price_band_2.4@YoungAdSingle,2.4
WDBC_8409_Outbound_AdultSingle_a9f4b9e2-e9ea-4456-80e3-47fe03b77367_639196410420358607.xml,WDBC,Go South Coast,Go South Coast 8409 Outbound,Lyndhurst - Exbury GREEN,price_band_3.0@AdultSingle,3.0
WDBC_1017_Inbound_ChildSingle_2f1f0c04-770d-4707-ab06-213c5a798ad7_639196372782864305.xml,WDBC,Go South Coast,Go South Coast 1017 Inbound,Poole - Bournemouth,price_band_1.0@ChildSingle,1.0
SWWD_3645_Inbound_ChildSingle_a9f4b9e2-e9ea-4456-80e3-47fe03b77367_639196399779822412.xml,SWWD,Go South Coast,Go South Coast 3645 Inbound,Stratford Road Grammar School - Hamptworth Cuckoo,price_band_2.3@ChildSingle,2.3
SWWD_7201_Inbound_ChildReturn_a9f4b9e2-e9ea-4456-80e3-47fe03b77367_639196409634398062.xml,SWWD,Go South Coast,Go South Coast 7201 Inbound,Figheldean - Salisbury,price_band_4.3@ChildReturn,4.3
BLUS_4013_Outbound_AdultSingle_eed5e2e8-c472-41af-825e-db09ec887334_639196401836927237.xml,BLUS,Go South Coast,Go South Coast 4013 Outbound,Southampton - Harefield,price_band_1.0@AdultSingle,1.0
WDBC_1903_Outbound_ChildSingle_d46597a9-440e-4c13-b49a-76a3986683d1_639196383413417697.xml,WDBC,Go South Coast,Go South Coast 1903 Outbound,Poole - Wimborne,price_band_1.0@ChildSingle,1.0
SWWD_3206_Outbound_AdultReturn_a9f4b9e2-e9ea-4456-80e3-47fe03b77367_639196394052641098.xml,SWWD,Go South Coast,Go South Coast 3206 Outbound,Allington - Blue Boar Row,price_band_4.5@AdultReturn,4.5
TDTR_7148_Inbound_ChildSingle_a9f4b9e2-e9ea-4456-80e3-47fe03b77367_639196409147058480.xml,TDTR,Go South Coast,Go South Coast 7148 Inbound,Swindon - Marlborough,price_band_2.8@ChildSingle,2.8
WDBC_2775_Outbound_ChildSingle_a9f4b9e2-e9ea-4456-80e3-47fe03b77367_639196387508181043.xml,WDBC,Go South Coast,Go South Coast 2775 Outbound,Milford on Sea - Priestlands School,price_band_2.3@ChildSingle,2.3
BLUS_4815_Inbound_AdultSingle_eed5e2e8-c472-41af-825e-db09ec887334_639196403531254229.xml,BLUS,Go South Coast,Go South Coast 4815 Inbound,Boyatt Wood - Eastleigh,price_band_1.0@AdultSingle,1.0
WDBC_2906_Inbound_AdultSingle_d46597a9-440e-4c13-b49a-76a3986683d1_639196387976418315.xml,WDBC,Go South Coast,Go South Coast 2906 Inbound,Poole - Ringwood,price_band_1.0@AdultSingle,1.0
WDBC_1789_Inbound_AdultSingle_a9f4b9e2-e9ea-4456-80e3-47fe03b77367_639196379307254639.xml,WDBC,Go South Coast,Go South Coast 1789 Inbound,Bournemouth School for Girls - Lymington,price_band_2.2@AdultSingle,2.2
WDBC_2762_Outbound_AdultSingle_a9f4b9e2-e9ea-4456-80e3-47fe03b77367_639196387476311255.xml,WDBC,Go South Coast,Go South Coast 2762 Outbound,Keyhaven Road  - Priestlands School,price_band_2.5@AdultSingle,2.5
DAMY_6905_Outbound_AdultSingle_a9f4b9e2-e9ea-4456-80e3-47fe03b77367_639196407729724981.xml,DAMY,Go South Coast,Go South Coast 6905 Outbound,Warmwell - Dorchester,price_band_2.6@AdultSingle,2.6
BLUS_4425_Outbound_AdultSingle_a9f4b9e2-e9ea-4456-80e3-47fe03b77367_639196402932458361.xml,BLUS,Go South Coast,Go South Coast 4425 Outbound,Eastleigh - Boorley Park,price_band_3.0@AdultSingle,3.0
SVCT_5102_Inbound_YoungAdSingle_a9f4b9e2-e9ea-4456-80e3-47fe03b77367_639196404786814799.xml,SVCT,Go South Coast,Go South Coast 5102 Inbound,Ryde  - Newport,price_band_2.4@YoungAdSingle,2.4
TDTR_7146_Outbound_ChildReturn_a9f4b9e2-e9ea-4456-80e3-47fe03b77367_639196409098340196.xml,TDTR,Go South Coast,Go South Coast 7146 Outbound,Swindon - Hungerford,price_band_2.4@ChildReturn,2.4
WDBC_1886_Outbound_AdultSingle_a9f4b9e2-e9ea-4456-80e3-47fe03b77367_639196382947976242.xml,WDBC,Go South Coast,Go South Coast 1886 Outbound,Corfe Mullen - St Peters School,price_band_4.0@AdultSingle,4.0
WDBC_2761_Inbound_ChildSingle_a9f4b9e2-e9ea-4456-80e3-47fe03b77367_639196387441241983.xml,WDBC,Go South Coast,Go South Coast 2761 Inbound,Bunkers Hill Cottage - Priestlands School,price_band_2.1@ChildSingle,2.1
WDBC_1006_Outbound_ChildSingle_d46597a9-440e-4c13-b49a-76a3986683d1_639196370865027690.xml,WDBC,Go South Coast,Go South Coast 1006 Outbound,Poole - Tower Park,price_band_1.0@ChildSingle,1.0
DAMY_6487_Outbound_ChildReturn_a9f4b9e2-e9ea-4456-80e3-47fe03b77367_639196407147859780.xml,DAMY,Go South Coast,Go South Coast 6487 Outbound,Blandford - Dorchester,price_band_3.2@ChildReturn,3.2
WDBC_6418_Outbound_ChildReturn_a9f4b9e2-e9ea-4456-80e3-47fe03b77367_639196406749532960.xml,WDBC,Go South Coast,Go South Coast 6418 Outbound,Sandbanks Ferry - Poole Grammar School,price_band_2.7@ChildReturn,2.7
DAMY_3183_Inbound_ChildSingle_a9f4b9e2-e9ea-4456-80e3-47fe03b77367_639196393811938325.xml,DAMY,Go South Coast,Go South Coast 3183 Inbound,Blandford - Weymouth,price_band_2.8@ChildSingle,2.8
BLUS_4506_Inbound_AdultSingle_a9f4b9e2-e9ea-4456-80e3-47fe03b77367_639196403000602458.xml,BLUS,Go South Coast,Go South Coast 4506 Inbound,City Centre - Cantell School,price_band_2.6@AdultSingle,2.6
BLUS_4425_Outbound_AdultReturn_a9f4b9e2-e9ea-4456-80e3-47fe03b77367_639196402940560075.xml,BLUS,Go South Coast,Go South Coast 4425 Outbound,Eastleigh - Boorley Park,price_band_5.7@AdultReturn,5.7
SWWD_3407_Inbound_ChildSingle_a9f4b9e2-e9ea-4456-80e3-47fe03b77367_639196397053560369.xml,SWWD,Go South Coast,Go South Coast 3407 Inbound,Salisbury - Southampton,price_band_2.3@ChildSingle,2.3
WDBC_2613_Outbound_AdultSingle_a9f4b9e2-e9ea-4456-80e3-47fe03b77367_639196387127437651.xml,WDBC,Go South Coast,Go South Coast 2613 Outbound,Broadstone - Brockenhurst College,price_band_6.0@AdultSingle,6.0
TDTR_7146_Outbound_ChildSingle_a9f4b9e2-e9ea-4456-80e3-47fe03b77367_639196409087562810.xml,TDTR,Go South Coast,Go South Coast 7146 Outbound,Swindon - Hungerford,price_band_1.5@ChildSingle,1.5
WDBC_2956_Outbound_AdultSingle_a9f4b9e2-e9ea-4456-80e3-47fe03b77367_639196389636348836.xml,WDBC,Go South Coast,Go South Coast 2956 Outbound,Ringwood - Bournemouth,price_band_3.0@AdultSingle,3.0
TDTR_7080_Outbound_YoungPersonRtn_a9f4b9e2-e9ea-4456-80e3-47fe03b77367_639196408865610342.xml,TDTR,Go South Coast,Go South Coast 7080 Outbound,Swindon - Marlborough,price_band_4.1@YoungPersonRtn,4.1
BLUS_4015_Outbound_AdultReturn_a9f4b9e2-e9ea-4456-80e3-47fe03b77367_639196401947102480.xml,BLUS,Go South Coast,Go South Coast 4015 Outbound,Central Station - Hamble,price_band_4.5@AdultReturn,4.5
WDBC_6448_Outbound_AdultSingle_a9f4b9e2-e9ea-4456-80e3-47fe03b77367_639196406867347602.xml,WDBC,Go South Coast,Go South Coast 6448 Outbound,Furnell Road - Parkstone Grammar,price_band_3.2@AdultSingle,3.2
WDBC_2001_Outbound_ChildSingle_a9f4b9e2-e9ea-4456-80e3-47fe03b77367_639196384755784352.xml,WDBC,Go South Coast,Go South Coast 2001 Outbound,Bournemouth - Lymington,price_band_1.9@ChildSingle,1.9
TDTR_7080_Outbound_AdultReturn_a9f4b9e2-e9ea-4456-80e3-47fe03b77367_639196408817785315.xml,TDTR,Go South Coast,Go South Coast 7080 Outbound,Swindon - Marlborough,price_band_4.1@AdultReturn,4.1
SWWD_3886_Inbound_AdultReturn_a9f4b9e2-e9ea-4456-80e3-47fe03b77367_639196400873165727.xml,SWWD,Go South Coast,Go South Coast 3886 Inbound,St Peters Place  - Burgate School,price_band_5.1@AdultReturn,5.1
SWWD_3327_Inbound_ChildSingle_a9f4b9e2-e9ea-4456-80e3-47fe03b77367_639196395477382755.xml,SWWD,Go South Coast,Go South Coast 3327 Inbound,Salisbury - Shaftesbury,price_band_2.9@ChildSingle,2.9
SWWD_3404_Outbound_ChildReturn_a9f4b9e2-e9ea-4456-80e3-47fe03b77367_639196396371448456.xml,SWWD,Go South Coast,Go South Coast 3404 Outbound,Salisbury - Larkhill,price_band_3.8@ChildReturn,3.8
WDBC_3882_Outbound_AdultReturn_a9f4b9e2-e9ea-4456-80e3-47fe03b77367_639196400652373018.xml,WDBC,Go South Coast,Go South Coast 3882 Outbound,Stratford Road Grammar School - Burgate School,price_band_4.5@AdultReturn,4.5
SWWD_3308_Outbound_ChildReturn_a9f4b9e2-e9ea-4456-80e3-47fe03b77367_639196394634038333.xml,SWWD,Go South Coast,Go South Coast 3308 Outbound,Blue Boar Row - Ditchampton,price_band_3.8@ChildReturn,3.8
TDTR_7540_Inbound_ChildReturn_a9f4b9e2-e9ea-4456-80e3-47fe03b77367_639196409971956461.xml,TDTR,Go South Coast,Go South Coast 7540 Inbound,Lydiard Millicent - Cirencester College,price_band_8.3@ChildReturn,8.3
WDBC_1831_Outbound_AdultSingle_d46597a9-440e-4c13-b49a-76a3986683d1_639196381482573954.xml,WDBC,Go South Coast,Go South Coast 1831 Outbound,Bournemouth - Hunt Road and Somerford,price_band_1.0@AdultSingle,1.0
WDBC_1170_Outbound_ChildSingle_d46597a9-440e-4c13-b49a-76a3986683d1_639196378673217409.xml,WDBC,Go South Coast,Go South Coast 1170 Outbound,Rockley Park - Hengistbury Head,price_band_1.0@ChildSingle,1.0
WDBC_2775_Inbound_AdultReturn_a9f4b9e2-e9ea-4456-80e3-47fe03b77367_639196387487214543.xml,WDBC,Go South Coast,Go South Coast 2775 Inbound,Milford on Sea - Priestlands School,price_band_5.1@AdultReturn,5.1
UNIL_4701_Outbound_AdultSingle_eed5e2e8-c472-41af-825e-db09ec887334_639196403078892781.xml,UNIL,Go South Coast,Go South Coast 4701 Outbound,NOCS - Airport,price_band_1.0@AdultSingle,1.0
SWWD_3002_Inbound_ChildReturn_a9f4b9e2-e9ea-4456-80e3-47fe03b77367_639196390217555892.xml,SWWD,Go South Coast,Go South Coast 3002 Inbound,Salisbury - Devizes,price_band_5.1@ChildReturn,5.1
BLUS_3634_Inbound_ChildReturn_a9f4b9e2-e9ea-4456-80e3-47fe03b77367_639196399668588501.xml,BLUS,Go South Coast,Go South Coast 3634 Inbound,East Wellow  - Romsey School,price_band_2.5@ChildReturn,2.5
WDBC_2001_Outbound_ChildReturn_a9f4b9e2-e9ea-4456-80e3-47fe03b77367_639196384725076307.xml,WDBC,Go South Coast,Go South Coast 2001 Outbound,Bournemouth - Lymington,price_band_4.0@ChildReturn,4.0
SVCT_5271_Outbound_YoungAdSingle_a9f4b9e2-e9ea-4456-80e3-47fe03b77367_639196405669692140.xml,SVCT,Go South Coast,Go South Coast 5271 Outbound,Ryde - Ventnor,price_band_2.4@YoungAdSingle,2.4
WDBC_1821_Outbound_ChildReturn_a9f4b9e2-e9ea-4456-80e3-47fe03b77367_639196381060424746.xml,WDBC,Go South Coast,Go South Coast 1821 Outbound,Bournemouth - Burton,price_band_3.2@ChildReturn,3.2
WDBC_1908_Outbound_ChildReturn_a9f4b9e2-e9ea-4456-80e3-47fe03b77367_639196383483420945.xml,WDBC,Go South Coast,Go South Coast 1908 Outbound,Poole - Blandford,price_band_2.8@ChildReturn,2.8
BLUS_4503_Outbound_ChildSingle_a9f4b9e2-e9ea-4456-80e3-47fe03b77367_639196402961859674.xml,BLUS,Go South Coast,Go South Coast 4503 Outbound,Valley Park - Thornden,price_band_2.3@ChildSingle,2.3
SWWD_3885_Inbound_ChildReturn_a9f4b9e2-e9ea-4456-80e3-47fe03b77367_639196400773713449.xml,SWWD,Go South Coast,Go South Coast 3885 Inbound,Whaddon - Burgate School,price_band_4.5@ChildReturn,4.5
TDTR_7553_Inbound_ChildSingle_a9f4b9e2-e9ea-4456-80e3-47fe03b77367_639196410105236708.xml,TDTR,Go South Coast,Go South Coast 7553 Inbound,Royal Wootton Bassett - Cirencester College,price_band_5.2@ChildSingle,5.2
BLUS_8461_Outbound_AdultSingle_eed5e2e8-c472-41af-825e-db09ec887334_639196410563736709.xml,BLUS,Go South Coast,Go South Coast 8461 Outbound,Bevois Valley - Nursling Ind. Estate,price_band_1.0@AdultSingle,1.0
WDBC_1644_Inbound_UniIDReturn_a9f4b9e2-e9ea-4456-80e3-47fe03b77367_639196378942097356.xml,WDBC,Go South Coast,Go South Coast 1644 Inbound,Westbourne - Talbot Campus,price_band_3.2@UniIDReturn,3.2
WDBC_2024_Inbound_AdultReturn_a9f4b9e2-e9ea-4456-80e3-47fe03b77367_639196386219976029.xml,WDBC,Go South Coast,Go South Coast 2024 Inbound,Castlepoint - Christchurch,price_band_5.1@AdultReturn,5.1
TDTR_7042_Outbound_ChildReturn_a9f4b9e2-e9ea-4456-80e3-47fe03b77367_639196408348218188.xml,TDTR,Go South Coast,Go South Coast 7042 Outbound,Calne - St John's School,price_band_2.5@ChildReturn,2.5
DAMY_6920_Outbound_AdultSingle_a9f4b9e2-e9ea-4456-80e3-47fe03b77367_639196407782557059.xml,DAMY,Go South Coast,Go South Coast 6920 Outbound,Salisbury - Steam Fair,price_band_2.5@AdultSingle,2.5
WDBC_1021_Inbound_AdultReturn_a9f4b9e2-e9ea-4456-80e3-47fe03b77367_639196374056536633.xml,WDBC,Go South Coast,Go South Coast 1021 Inbound,Bournemouth - High Howe,price_band_4.5@AdultReturn,4.5
BLUS_8439_Inbound_ChildReturn_a9f4b9e2-e9ea-4456-80e3-47fe03b77367_639196410497610908.xml,BLUS,Go South Coast,Go South Coast 8439 Inbound,Romsey - Andover,price_band_6.0@ChildReturn,6.0
WDBC_1805_Inbound_AdultSingle_a9f4b9e2-e9ea-4456-80e3-47fe03b77367_639196379748370852.xml,WDBC,Go South Coast,Go South Coast 1805 Inbound,Bournemouth - Kinson,price_band_2.8@AdultSingle,2.8
WDBC_1013_Inbound_ChildSingle_2f1f0c04-770d-4707-ab06-213c5a798ad7_639196371357692822.xml,WDBC,Go South Coast,Go South Coast 1013 Inbound,Bournemouth - Wimborne,price_band_1.9@ChildSingle,1.9
WDBC_6416_Outbound_ChildSingle_a9f4b9e2-e9ea-4456-80e3-47fe03b77367_639196406660001858.xml,WDBC,Go South Coast,Go South Coast 6416 Outbound,Penn Hill Avenue  - Poole Grammar School,price_band_3.4@ChildSingle,3.4
BLUS_4028_Outbound_ChildSingle_f15d1b06-486f-433a-8991-95f1a97a87e0_639196402579309400.xml,BLUS,Go South Coast,Go South Coast 4028 Outbound,Southampton - Southampton Science Park,price_band_1.0@ChildSingle,1.0
BLUS_4024_Inbound_AdultReturn_a9f4b9e2-e9ea-4456-80e3-47fe03b77367_639196402445638378.xml,BLUS,Go South Coast,Go South Coast 4024 Inbound,Eastleigh - Hedge End,price_band_5.7@AdultReturn,5.7
WDBC_6123_Outbound_ChildReturn_a9f4b9e2-e9ea-4456-80e3-47fe03b77367_639196406381463753.xml,WDBC,Go South Coast,Go South Coast 6123 Outbound,Bere Regis - Lytchett Minster School,price_band_4.2@ChildReturn,4.2
WDBC_1831_Inbound_ChildSingle_a9f4b9e2-e9ea-4456-80e3-47fe03b77367_639196381160862354.xml,WDBC,Go South Coast,Go South Coast 1831 Inbound,Bournemouth - Hunt Road and Somerford,price_band_2.5@ChildSingle,2.5
SWWD_3166_Inbound_ChildSingle_a9f4b9e2-e9ea-4456-80e3-47fe03b77367_639196393620514087.xml,SWWD,Go South Coast,Go South Coast 3166 Inbound,South Wilts Grammar School - Idmiston,price_band_2.3@ChildSingle,2.3
WDBC_1644_Inbound_ChildSingle_d46597a9-440e-4c13-b49a-76a3986683d1_639196378956765244.xml,WDBC,Go South Coast,Go South Coast 1644 Inbound,Westbourne - Talbot Campus,price_band_1.0@ChildSingle,1.0
WDBC_1831_Inbound_ChildSingle_a9f4b9e2-e9ea-4456-80e3-47fe03b77367_639196381160862354.xml,WDBC,Go South Coast,Go South Coast 1831 Inbound,Bournemouth - Hunt Road and Somerford,price_band_1.9@ChildSingle,1.9
SWWD_3533_Inbound_AdultReturn_a9f4b9e2-e9ea-4456-80e3-47fe03b77367_639196399556459866.xml,SWWD,Go South Coast,Go South Coast 3533 Inbound,Dinton - City Centre,price_band_3.5@AdultReturn,3.5
TDTR_7148_Inbound_YoungPersonSgl_a9f4b9e2-e9ea-4456-80e3-47fe03b77367_639196409168015430.xml,TDTR,Go South Coast,Go South Coast 7148 Inbound,Swindon - Marlborough,price_band_1.7@YoungPersonSgl,1.7
WDBC_1021_Outbound_AdultReturn_a9f4b9e2-e9ea-4456-80e3-47fe03b77367_639196374160670738.xml,WDBC,Go South Coast,Go South Coast 1021 Outbound,Bournemouth - High Howe,price_band_4.5@AdultReturn,4.5
WDBC_2024_Inbound_AdultReturn_a9f4b9e2-e9ea-4456-80e3-47fe03b77367_639196386219976029.xml,WDBC,Go South Coast,Go South Coast 2024 Inbound,Castlepoint - Christchurch,price_band_4.5@AdultReturn,4.5
SWWD_3125_Outbound_AdultReturn_a9f4b9e2-e9ea-4456-80e3-47fe03b77367_639196392943572625.xml,SWWD,Go South Coast,Go South Coast 3125 Outbound,South Wilts Grammar School - Hindon,price_band_4.2@AdultReturn,4.2
DAMY_6020_Inbound_ChildReturn_a9f4b9e2-e9ea-4456-80e3-47fe03b77367_639196406048919444.xml,DAMY,Go South Coast,Go South Coast 6020 Inbound,Salisbury - Blandford,price_band_3.1@ChildReturn,3.1
SWWD_3507_Outbound_AdultSingle_a9f4b9e2-e9ea-4456-80e3-47fe03b77367_639196399048556536.xml,SWWD,Go South Coast,Go South Coast 3507 Outbound,City Centre - Lopcombe Corner,price_band_3.0@AdultSingle,3.0
WDBC_6943_Inbound_AdultSingle_a9f4b9e2-e9ea-4456-80e3-47fe03b77367_639196407859927538.xml,WDBC,Go South Coast,Go South Coast 6943 Inbound,Lulworth - Weymouth,price_band_2.7@AdultSingle,2.7
TDTR_7042_Inbound_AdultSingle_a9f4b9e2-e9ea-4456-80e3-47fe03b77367_639196408300706610.xml,TDTR,Go South Coast,Go South Coast 7042 Inbound,Calne - St John's School,price_band_1.3@AdultSingle,1.3
SWWD_3044_Inbound_ChildSingle_a9f4b9e2-e9ea-4456-80e3-47fe03b77367_639196391667798972.xml,SWWD,Go South Coast,Go South Coast 3044 Inbound,Salisbury - Woodfalls,price_band_2.3@ChildSingle,2.3
SWWD_3310_Inbound_AdultSingle_a9f4b9e2-e9ea-4456-80e3-47fe03b77367_639196394660608586.xml,SWWD,Go South Coast,Go South Coast 3310 Inbound,City Centre - St Peters Place,price_band_2.3@AdultSingle,2.3
WDBC_1021_Outbound_ChildReturn_a9f4b9e2-e9ea-4456-80e3-47fe03b77367_639196374187242002.xml,WDBC,Go South Coast,Go South Coast 1021 Outbound,Bournemouth - High Howe,price_band_3.7@ChildReturn,3.7
WDBC_2906_Outbound_ChildSingle_d46597a9-440e-4c13-b49a-76a3986683d1_639196388617865658.xml,WDBC,Go South Coast,Go South Coast 2906 Outbound,Poole - Ringwood,price_band_2.2@ChildSingle,2.2
WDBC_1050_Inbound_ChildReturn_a9f4b9e2-e9ea-4456-80e3-47fe03b77367_639196375512524519.xml,WDBC,Go South Coast,Go South Coast 1050 Inbound,Bournemouth Station - Swanage,price_band_5.4@ChildReturn,5.4
WDBC_2633_Outbound_AdultSingle_a9f4b9e2-e9ea-4456-80e3-47fe03b77367_639196387427779345.xml,WDBC,Go South Coast,Go South Coast 2633 Outbound,Wimborne - Brockenhurst College,price_band_2.0@AdultSingle,2.0
WDBC_6043_Outbound_AdultSingle_a9f4b9e2-e9ea-4456-80e3-47fe03b77367_639196406279242469.xml,WDBC,Go South Coast,Go South Coast 6043 Outbound,County Gates - Parkstone Grammar School,price_band_2.2@AdultSingle,2.2
WDBC_1011_Inbound_AdultReturn_a9f4b9e2-e9ea-4456-80e3-47fe03b77367_639196370982106913.xml,WDBC,Go South Coast,Go South Coast 1011 Inbound,Bournemouth - Canford Paddock,price_band_4.5@AdultReturn,4.5
WDBC_1114_Outbound_ChildReturn_a9f4b9e2-e9ea-4456-80e3-47fe03b77367_639196377927570496.xml,WDBC,Go South Coast,Go South Coast 1114 Outbound,Poole - RB Hospital,price_band_3.7@ChildReturn,3.7
SVCT_8503_Outbound_NatTrustRtn_a9f4b9e2-e9ea-4456-80e3-47fe03b77367_639196410676609938.xml,SVCT,Go South Coast,Go South Coast 8503 Outbound,Needles - Breezer,price_band_3.9@NatTrustRtn,3.9
SVCT_5105_Inbound_YoungAdSingle_a9f4b9e2-e9ea-4456-80e3-47fe03b77367_639196405006908217.xml,SVCT,Go South Coast,Go South Coast 5105 Inbound,East Cowes - Newport,price_band_3.0@YoungAdSingle,3.0
DAMY_6920_Inbound_AdultReturn_a9f4b9e2-e9ea-4456-80e3-47fe03b77367_639196407749894779.xml,DAMY,Go South Coast,Go South Coast 6920 Inbound,Salisbury - Steam Fair,price_band_5.7@AdultReturn,5.7
SWWD_3495_Inbound_ChildReturn_a9f4b9e2-e9ea-4456-80e3-47fe03b77367_639196398829248740.xml,SWWD,Go South Coast,Go South Coast 3495 Inbound,Swindon - Pewsey,price_band_6.0@ChildReturn,6.0
SWWD_3326_Outbound_AdultSingle_a9f4b9e2-e9ea-4456-80e3-47fe03b77367_639196395258781588.xml,SWWD,Go South Coast,Go South Coast 3326 Outbound,Salisbury - Hindon,price_band_3.0@AdultSingle,3.0
SWWD_3684_Inbound_AdultSingle_a9f4b9e2-e9ea-4456-80e3-47fe03b77367_639196400268803265.xml,SWWD,Go South Coast,Go South Coast 3684 Inbound,Coombe Bissett - Burgate,price_band_3.2@AdultSingle,3.2
SWWD_3726_Outbound_AdultReturn_a9f4b9e2-e9ea-4456-80e3-47fe03b77367_639196400408884012.xml,SWWD,Go South Coast,Go South Coast 3726 Outbound,Salisbury - East Knoyle,price_band_4.2@AdultReturn,4.2
SVCT_5001_Outbound_ChildSingle_a9f4b9e2-e9ea-4456-80e3-47fe03b77367_639196403595942311.xml,SVCT,Go South Coast,Go South Coast 5001 Outbound,Newport - Cowes,price_band_2.4@ChildSingle,2.4
WDBC_1837_Outbound_AdultReturn_a9f4b9e2-e9ea-4456-80e3-47fe03b77367_639196381925967925.xml,WDBC,Go South Coast,Go South Coast 1837 Outbound,Bournemouth - Bournemouth International Airport,price_band_4.5@AdultReturn,4.5
TDTR_7048_Outbound_ChildSingle_a9f4b9e2-e9ea-4456-80e3-47fe03b77367_639196408540389430.xml,TDTR,Go South Coast,Go South Coast 7048 Outbound,Swindon - Marlborough,price_band_1.8@ChildSingle,1.8
WDBC_2003_Inbound_AdultSingle_2f1f0c04-770d-4707-ab06-213c5a798ad7_639196385830221040.xml,WDBC,Go South Coast,Go South Coast 2003 Inbound,Salisbury - Bournemouth,price_band_2.3@AdultSingle,2.3
SWWD_3326_Outbound_ChildReturn_a9f4b9e2-e9ea-4456-80e3-47fe03b77367_639196395329090036.xml,SWWD,Go South Coast,Go South Coast 3326 Outbound,Salisbury - Hindon,price_band_3.2@ChildReturn,3.2
SWWD_3125_Outbound_ChildReturn_a9f4b9e2-e9ea-4456-80e3-47fe03b77367_639196392988098341.xml,SWWD,Go South Coast,Go South Coast 3125 Outbound,South Wilts Grammar School - Hindon,price_band_2.7@ChildReturn,2.7
WDBC_1762_Inbound_AdultSingle_a9f4b9e2-e9ea-4456-80e3-47fe03b77367_639196379152000511.xml,WDBC,Go South Coast,Go South Coast 1762 Inbound,Merley - Corfe Hills,price_band_2.4@AdultSingle,2.4
SWWD_3102_Inbound_ChildReturn_a9f4b9e2-e9ea-4456-80e3-47fe03b77367_639196392142959391.xml,SWWD,Go South Coast,Go South Coast 3102 Inbound,Salisbury - Devizes,price_band_3.8@ChildReturn,3.8
WDBC_2761_Inbound_ChildReturn_a9f4b9e2-e9ea-4456-80e3-47fe03b77367_639196387438273023.xml,WDBC,Go South Coast,Go South Coast 2761 Inbound,Bunkers Hill Cottage - Priestlands School,price_band_4.3@ChildReturn,4.3
WDBC_1786_Inbound_ChildReturn_a9f4b9e2-e9ea-4456-80e3-47fe03b77367_639196379198187275.xml,WDBC,Go South Coast,Go South Coast 1786 Inbound,Park Gates - Bournemouth School for Girls,price_band_2.6@ChildReturn,2.6
WDBC_1789_Outbound_ChildSingle_a9f4b9e2-e9ea-4456-80e3-47fe03b77367_639196379418716693.xml,WDBC,Go South Coast,Go South Coast 1789 Outbound,Bournemouth School for Girls - Lymington,price_band_2.0@ChildSingle,2.0
DAMY_6920_Outbound_AdultReturn_a9f4b9e2-e9ea-4456-80e3-47fe03b77367_639196407793510247.xml,DAMY,Go South Coast,Go South Coast 6920 Outbound,Salisbury - Steam Fair,price_band_5.7@AdultReturn,5.7
WDBC_1016_Outbound_ChildReturn_a9f4b9e2-e9ea-4456-80e3-47fe03b77367_639196372343417653.xml,WDBC,Go South Coast,Go South Coast 1016 Outbound,Poole - Bournemouth,price_band_3.1@ChildReturn,3.1
SWWD_3404_Outbound_AdultReturn_a9f4b9e2-e9ea-4456-80e3-47fe03b77367_639196396309504942.xml,SWWD,Go South Coast,Go South Coast 3404 Outbound,Salisbury - Larkhill,price_band_5.5@AdultReturn,5.5
WDBC_2956_Outbound_AdultSingle_2f1f0c04-770d-4707-ab06-213c5a798ad7_639196389989121883.xml,WDBC,Go South Coast,Go South Coast 2956 Outbound,Ringwood - Bournemouth,price_band_1.0@AdultSingle,1.0
WDBC_1016_Inbound_ChildReturn_a9f4b9e2-e9ea-4456-80e3-47fe03b77367_639196372076738338.xml,WDBC,Go South Coast,Go South Coast 1016 Inbound,Poole - Bournemouth,price_band_3.4@ChildReturn,3.4
SWWD_3885_Inbound_AdultSingle_a9f4b9e2-e9ea-4456-80e3-47fe03b77367_639196400722751492.xml,SWWD,Go South Coast,Go South Coast 3885 Inbound,Whaddon - Burgate School,price_band_3.0@AdultSingle,3.0
WDBC_1643_Inbound_AdultReturn_a9f4b9e2-e9ea-4456-80e3-47fe03b77367_639196378863591982.xml,WDBC,Go South Coast,Go South Coast 1643 Inbound,Fishermans Walk - Talbot Campus,price_band_4.2@AdultReturn,4.2
TDTR_7146_Inbound_AdultSingle_a9f4b9e2-e9ea-4456-80e3-47fe03b77367_639196409009778914.xml,TDTR,Go South Coast,Go South Coast 7146 Inbound,Swindon - Hungerford,price_band_3.0@AdultSingle,3.0
BLUS_4119_Outbound_ChildSingle_eed5e2e8-c472-41af-825e-db09ec887334_639196402782912462.xml,BLUS,Go South Coast,Go South Coast 4119 Outbound,Thornhill - Lordshill,price_band_1.0@ChildSingle,1.0
WDBC_1642_Outbound_AdultSingle_a9f4b9e2-e9ea-4456-80e3-47fe03b77367_639196378823464368.xml,WDBC,Go South Coast,Go South Coast 1642 Outbound,Poole  - Talbot Campus,price_band_2.5@AdultSingle,2.5
WDBC_1908_Inbound_ChildReturn_a9f4b9e2-e9ea-4456-80e3-47fe03b77367_639196383436933791.xml,WDBC,Go South Coast,Go South Coast 1908 Inbound,Poole - Blandford,price_band_5.6@ChildReturn,5.6
WDBC_1805_Outbound_AdultSingle_a9f4b9e2-e9ea-4456-80e3-47fe03b77367_639196379795976746.xml,WDBC,Go South Coast,Go South Coast 1805 Outbound,Bournemouth - Kinson,price_band_2.6@AdultSingle,2.6
WDBC_1035_Outbound_ChildReturn_a9f4b9e2-e9ea-4456-80e3-47fe03b77367_639196374680330806.xml,WDBC,Go South Coast,Go South Coast 1035 Outbound,Swanage - Wareham,price_band_5.1@ChildReturn,5.1
WDBC_1060_Outbound_ChildSingle_a9f4b9e2-e9ea-4456-80e3-47fe03b77367_639196376841491543.xml,WDBC,Go South Coast,Go South Coast 1060 Outbound,Rockley - Sandbanks,price_band_3.0@ChildSingle,3.0
BLUS_4010_Outbound_ChildSingle_eed5e2e8-c472-41af-825e-db09ec887334_639196401690043027.xml,BLUS,Go South Coast,Go South Coast 4010 Outbound,Southampton - Sholing,price_band_1.0@ChildSingle,1.0
SWWD_3010_Inbound_AdultReturn_a9f4b9e2-e9ea-4456-80e3-47fe03b77367_639196391164386285.xml,SWWD,Go South Coast,Go South Coast 3010 Inbound,City Centre - St Peters Place,price_band_4.5@AdultReturn,4.5
WDBC_1908_Outbound_ChildSingle_d46597a9-440e-4c13-b49a-76a3986683d1_639196383504614848.xml,WDBC,Go South Coast,Go South Coast 1908 Outbound,Poole - Blandford,price_band_2.5@ChildSingle,2.5
WDBC_1644_Outbound_ChildSingle_d46597a9-440e-4c13-b49a-76a3986683d1_639196378985262470.xml,WDBC,Go South Coast,Go South Coast 1644 Outbound,Westbourne - Talbot Campus,price_band_1.0@ChildSingle,1.0
WDBC_2956_Outbound_ChildReturn_a9f4b9e2-e9ea-4456-80e3-47fe03b77367_639196389720442579.xml,WDBC,Go South Coast,Go South Coast 2956 Outbound,Ringwood - Bournemouth,price_band_2.8@ChildReturn,2.8
BLUS_4026_Inbound_ChildSingle_a9f4b9e2-e9ea-4456-80e3-47fe03b77367_639196402501628915.xml,BLUS,Go South Coast,Go South Coast 4026 Inbound,Southampton - Whiteley,price_band_2.5@ChildSingle,2.5
WDBC_1908_Outbound_AdultReturn_a9f4b9e2-e9ea-4456-80e3-47fe03b77367_639196383472494660.xml,WDBC,Go South Coast,Go South Coast 1908 Outbound,Poole - Blandford,price_band_5.7@AdultReturn,5.7
SWWD_3885_Outbound_ChildReturn_a9f4b9e2-e9ea-4456-80e3-47fe03b77367_639196400840543507.xml,SWWD,Go South Coast,Go South Coast 3885 Outbound,Whaddon - Burgate School,price_band_6.0@ChildReturn,6.0
WDBC_1788_Outbound_AdultReturn_a9f4b9e2-e9ea-4456-80e3-47fe03b77367_639196379254575038.xml,WDBC,Go South Coast,Go South Coast 1788 Outbound,Walkford - Bournemouth School for Girls,price_band_6.4@AdultReturn,6.4
WDBC_2616_Outbound_AdultSingle_a9f4b9e2-e9ea-4456-80e3-47fe03b77367_639196387193303918.xml,WDBC,Go South Coast,Go South Coast 2616 Outbound,Ringwood - Brockenhurst College,price_band_3.0@AdultSingle,3.0
DAMY_3183_Outbound_AdultReturn_a9f4b9e2-e9ea-4456-80e3-47fe03b77367_639196393911267969.xml,DAMY,Go South Coast,Go South Coast 3183 Outbound,Blandford - Weymouth,price_band_5.8@AdultReturn,5.8
BLUS_4805_Outbound_ChildReturn_a9f4b9e2-e9ea-4456-80e3-47fe03b77367_639196403445813195.xml,BLUS,Go South Coast,Go South Coast 4805 Outbound,Boyatt Wood - Shootash,price_band_4.5@ChildReturn,4.5
WDBC_1841_Outbound_ChildSingle_a9f4b9e2-e9ea-4456-80e3-47fe03b77367_639196382165873871.xml,WDBC,Go South Coast,Go South Coast 1841 Outbound,Bournemouth - Mudeford and Somerford,price_band_2.3@ChildSingle,2.3
SWWD_3029_Outbound_ChildReturn_a9f4b9e2-e9ea-4456-80e3-47fe03b77367_639196391480317502.xml,SWWD,Go South Coast,Go South Coast 3029 Outbound,Salisbury - Shaftesbury,price_band_5.1@ChildReturn,5.1
WDBC_1818_Inbound_ChildReturn_a9f4b9e2-e9ea-4456-80e3-47fe03b77367_639196380196017237.xml,WDBC,Go South Coast,Go South Coast 1818 Inbound,Bournemouth - Broadstone,price_band_3.1@ChildReturn,3.1
BLUS_4020_Outbound_AdultSingle_f15d1b06-486f-433a-8991-95f1a97a87e0_639196402318274454.xml,BLUS,Go South Coast,Go South Coast 4020 Outbound,Southampton - Townhill Park,price_band_1.0@AdultSingle,1.0
WDBC_1050_Outbound_ChildSingle_2f1f0c04-770d-4707-ab06-213c5a798ad7_639196375745990312.xml,WDBC,Go South Coast,Go South Coast 1050 Outbound,Bournemouth Station - Swanage,price_band_2.9@ChildSingle,2.9
WDBC_1811_Outbound_ChildReturn_a9f4b9e2-e9ea-4456-80e3-47fe03b77367_639196380095499254.xml,WDBC,Go South Coast,Go South Coast 1811 Outbound,Bournemouth - Somerford,price_band_3.4@ChildReturn,3.4
SWWD_3101_Inbound_YoungPersonSgl_a9f4b9e2-e9ea-4456-80e3-47fe03b77367_639196391982901508.xml,SWWD,Go South Coast,Go South Coast 3101 Inbound,Devizes - Pewsey,price_band_1.5@YoungPersonSgl,1.5
WDBC_1114_Outbound_ChildSingle_a9f4b9e2-e9ea-4456-80e3-47fe03b77367_639196377897167239.xml,WDBC,Go South Coast,Go South Coast 1114 Outbound,Poole - RB Hospital,price_band_1.9@ChildSingle,1.9
WDBC_1035_Inbound_ChildReturn_a9f4b9e2-e9ea-4456-80e3-47fe03b77367_639196374621180380.xml,WDBC,Go South Coast,Go South Coast 1035 Inbound,Swanage - Wareham,price_band_6.0@ChildReturn,6.0
TDTR_7009_Outbound_AdultSingle_a9f4b9e2-e9ea-4456-80e3-47fe03b77367_639196408108053481.xml,TDTR,Go South Coast,Go South Coast 7009 Outbound,Swindon - Wroughton,price_band_3.0@AdultSingle,3.0
WDBC_6448_Outbound_ChildReturn_a9f4b9e2-e9ea-4456-80e3-47fe03b77367_639196406895676567.xml,WDBC,Go South Coast,Go South Coast 6448 Outbound,Furnell Road - Parkstone Grammar,price_band_4.5@ChildReturn,4.5
SWWD_3517_Inbound_AdultReturn_a9f4b9e2-e9ea-4456-80e3-47fe03b77367_639196399331085267.xml,SWWD,Go South Coast,Go South Coast 3517 Inbound,New Canal  - Lopcombe Corner,price_band_3.5@AdultReturn,3.5
SVCT_5151_Inbound_YoungAdSingle_a9f4b9e2-e9ea-4456-80e3-47fe03b77367_639196405472590189.xml,SVCT,Go South Coast,Go South Coast 5151 Inbound,Enterprise College - Newport,price_band_3.0@YoungAdSingle,3.0
WDBC_1841_Inbound_ChildReturn_a9f4b9e2-e9ea-4456-80e3-47fe03b77367_639196382001476704.xml,WDBC,Go South Coast,Go South Coast 1841 Inbound,Bournemouth - Mudeford and Somerford,price_band_3.2@ChildReturn,3.2
WDBC_1951_Inbound_ChildSingle_a9f4b9e2-e9ea-4456-80e3-47fe03b77367_639196384120568027.xml,WDBC,Go South Coast,Go South Coast 1951 Inbound,Bournemouth - Sandbanks,price_band_2.1@ChildSingle,2.1
SVCT_5273_Inbound_ChildSingle_a9f4b9e2-e9ea-4456-80e3-47fe03b77367_639196405698451705.xml,SVCT,Go South Coast,Go South Coast 5273 Inbound,Newport - Ventnor,price_band_1.8@ChildSingle,1.8
WDBC_1802_Outbound_ChildSingle_d46597a9-440e-4c13-b49a-76a3986683d1_639196379652567260.xml,WDBC,Go South Coast,Go South Coast 1802 Outbound,Bournemouth - Castlepoint,price_band_1.0@ChildSingle,1.0
SWWD_3126_Outbound_ChildSingle_a9f4b9e2-e9ea-4456-80e3-47fe03b77367_639196393222165369.xml,SWWD,Go South Coast,Go South Coast 3126 Outbound,Salisbury - Hindon,price_band_1.9@ChildSingle,1.9
WDBC_1789_Inbound_ChildReturn_a9f4b9e2-e9ea-4456-80e3-47fe03b77367_639196379325905462.xml,WDBC,Go South Coast,Go South Coast 1789 Inbound,Bournemouth School for Girls - Lymington,price_band_3.6@ChildReturn,3.6
WDBC_1003_Outbound_ChildSingle_d46597a9-440e-4c13-b49a-76a3986683d1_639196370492659200.xml,WDBC,Go South Coast,Go South Coast 1003 Outbound,Poole - Wimborne,price_band_2.5@ChildSingle,2.5
DAMY_6920_Inbound_ChildSingle_a9f4b9e2-e9ea-4456-80e3-47fe03b77367_639196407760505535.xml,DAMY,Go South Coast,Go South Coast 6920 Inbound,Salisbury - Steam Fair,price_band_3.0@ChildSingle,3.0
DAMY_6307_Outbound_ChildSingle_a9f4b9e2-e9ea-4456-80e3-47fe03b77367_639196406441081124.xml,DAMY,Go South Coast,Go South Coast 6307 Outbound,Blandford - Shaftesbury,price_band_2.1@ChildSingle,2.1
WDBC_1724_Outbound_ChildSingle_a9f4b9e2-e9ea-4456-80e3-47fe03b77367_639196379014632116.xml,WDBC,Go South Coast,Go South Coast 1724 Outbound,Bloxworth - Lytchett Minster School,price_band_2.1@ChildSingle,2.1
SWWD_3451_Outbound_AdultReturn_a9f4b9e2-e9ea-4456-80e3-47fe03b77367_639196397896872194.xml,SWWD,Go South Coast,Go South Coast 3451 Outbound,Salisbury - Sling - Larkhill,price_band_6.0@AdultReturn,6.0
SWWD_3885_Inbound_ChildSingle_a9f4b9e2-e9ea-4456-80e3-47fe03b77367_639196400756565050.xml,SWWD,Go South Coast,Go South Coast 3885 Inbound,Whaddon - Burgate School,price_band_3.0@ChildSingle,3.0
WDBC_1032_Outbound_ChildSingle_a9f4b9e2-e9ea-4456-80e3-47fe03b77367_639196374529394266.xml,WDBC,Go South Coast,Go South Coast 1032 Outbound,Poole - Bournemouth,price_band_2.8@ChildSingle,2.8
TDTR_7017_Outbound_AdultSingle_a9f4b9e2-e9ea-4456-80e3-47fe03b77367_639196408247304483.xml,TDTR,Go South Coast,Go South Coast 7017 Outbound,Penhill - Park South,price_band_2.8@AdultSingle,2.8
SWWD_3509_Inbound_AdultReturn_a9f4b9e2-e9ea-4456-80e3-47fe03b77367_639196399068549698.xml,SWWD,Go South Coast,Go South Coast 3509 Inbound,Milford Street - New Canal,price_band_4.5@AdultReturn,4.5
WDBC_2001_Inbound_AdultSingle_d46597a9-440e-4c13-b49a-76a3986683d1_639196384561232347.xml,WDBC,Go South Coast,Go South Coast 2001 Inbound,Bournemouth - Lymington,price_band_1.0@AdultSingle,1.0
WDBC_1881_Inbound_AdultReturn_a9f4b9e2-e9ea-4456-80e3-47fe03b77367_639196382474456754.xml,WDBC,Go South Coast,Go South Coast 1881 Inbound,Charminster - Avonbourne Academy,price_band_6.2@AdultReturn,6.2
SWWD_3308_Inbound_ChildSingle_a9f4b9e2-e9ea-4456-80e3-47fe03b77367_639196394608090747.xml,SWWD,Go South Coast,Go South Coast 3308 Inbound,Blue Boar Row - Ditchampton,price_band_1.9@ChildSingle,1.9
WDBC_1054_Outbound_AdultSingle_a9f4b9e2-e9ea-4456-80e3-47fe03b77367_639196376629933226.xml,WDBC,Go South Coast,Go South Coast 1054 Outbound,Poole - Wimborne,price_band_2.3@AdultSingle,2.3
TDTR_7156_Inbound_YoungPersonSgl_a9f4b9e2-e9ea-4456-80e3-47fe03b77367_639196409293864863.xml,TDTR,Go South Coast,Go South Coast 7156 Inbound,Snodshill - Ridgeway School,price_band_2.6@YoungPersonSgl,2.6
SWWD_3525_Outbound_AdultSingle_a9f4b9e2-e9ea-4456-80e3-47fe03b77367_639196399518614037.xml,SWWD,Go South Coast,Go South Coast 3525 Outbound,City Centre - Petersfinger Park & Ride,price_band_3.0@AdultSingle,3.0
DAMY_6920_Outbound_ChildReturn_a9f4b9e2-e9ea-4456-80e3-47fe03b77367_639196407818029503.xml,DAMY,Go South Coast,Go South Coast 6920 Outbound,Salisbury - Steam Fair,price_band_3.9@ChildReturn,3.9
DAMY_6920_Outbound_ChildReturn_a9f4b9e2-e9ea-4456-80e3-47fe03b77367_639196407818029503.xml,DAMY,Go South Coast,Go South Coast 6920 Outbound,Salisbury - Steam Fair,price_band_4.0@ChildReturn,4.0
WDBC_1833_Outbound_ChildSingle_a9f4b9e2-e9ea-4456-80e3-47fe03b77367_639196381693130299.xml,WDBC,Go South Coast,Go South Coast 1833 Outbound,Alum Chine - Castlepoint,price_band_2.3@ChildSingle,2.3
SWWD_3886_Inbound_ChildReturn_a9f4b9e2-e9ea-4456-80e3-47fe03b77367_639196400848675025.xml,SWWD,Go South Coast,Go South Coast 3886 Inbound,St Peters Place  - Burgate School,price_band_6.0@ChildReturn,6.0
SWWD_3303_Outbound_AdultReturn_a9f4b9e2-e9ea-4456-80e3-47fe03b77367_639196394441183590.xml,SWWD,Go South Coast,Go South Coast 3303 Outbound,City Centre - Ditchampton,price_band_5.7@AdultReturn,5.7
WDBC_1806_Outbound_AdultSingle_a9f4b9e2-e9ea-4456-80e3-47fe03b77367_639196379934140419.xml,WDBC,Go South Coast,Go South Coast 1806 Outbound,Bournemouth - Wimborne,price_band_3.0@AdultSingle,3.0
SVCT_8511_Inbound_YoungAdSingle_a9f4b9e2-e9ea-4456-80e3-47fe03b77367_639196410792597208.xml,SVCT,Go South Coast,Go South Coast 8511 Inbound,Island Coaster - East,price_band_2.6@YoungAdSingle,2.6
TDTR_7080_Outbound_AdultSingle_a9f4b9e2-e9ea-4456-80e3-47fe03b77367_639196408832630581.xml,TDTR,Go South Coast,Go South Coast 7080 Outbound,Swindon - Marlborough,price_band_2.6@AdultSingle,2.6
SVCT_8511_Inbound_AdultSingle_a9f4b9e2-e9ea-4456-80e3-47fe03b77367_639196410814000597.xml,SVCT,Go South Coast,Go South Coast 8511 Inbound,Island Coaster - East,price_band_4.2@AdultSingle,4.2
TDTR_7152_Inbound_AdultSingle_a9f4b9e2-e9ea-4456-80e3-47fe03b77367_639196409230764397.xml,TDTR,Go South Coast,Go South Coast 7152 Inbound,Coate Water - Ridgeway School,price_band_3.1@AdultSingle,3.1
WDBC_1646_Outbound_UniIDSingle_a9f4b9e2-e9ea-4456-80e3-47fe03b77367_639196378989375194.xml,WDBC,Go South Coast,Go South Coast 1646 Outbound,Dorchester House  - Talbot Campus,price_band_2.0@UniIDSingle,2.0
WDBC_2956_Inbound_ChildReturn_a9f4b9e2-e9ea-4456-80e3-47fe03b77367_639196389210427380.xml,WDBC,Go South Coast,Go South Coast 2956 Inbound,Ringwood - Bournemouth,price_band_3.4@ChildReturn,3.4
SWWD_7201_Outbound_AdultSingle_a9f4b9e2-e9ea-4456-80e3-47fe03b77367_639196409646102895.xml,SWWD,Go South Coast,Go South Coast 7201 Outbound,Figheldean - Salisbury,price_band_3.0@AdultSingle,3.0
WDBC_1021_Inbound_ChildSingle_a9f4b9e2-e9ea-4456-80e3-47fe03b77367_639196374068758049.xml,WDBC,Go South Coast,Go South Coast 1021 Inbound,Bournemouth - High Howe,price_band_2.5@ChildSingle,2.5
WDBC_1802_Inbound_AdultReturn_a9f4b9e2-e9ea-4456-80e3-47fe03b77367_639196379551365673.xml,WDBC,Go South Coast,Go South Coast 1802 Inbound,Bournemouth - Castlepoint,price_band_4.7@AdultReturn,4.7
TDTR_7080_Outbound_YoungPersonSgl_a9f4b9e2-e9ea-4456-80e3-47fe03b77367_639196408849535299.xml,TDTR,Go South Coast,Go South Coast 7080 Outbound,Swindon - Marlborough,price_band_1.6@YoungPersonSgl,1.6
WDBC_6943_Inbound_AdultReturn_a9f4b9e2-e9ea-4456-80e3-47fe03b77367_639196407951881567.xml,WDBC,Go South Coast,Go South Coast 6943 Inbound,Lulworth - Weymouth,price_band_5.7@AdultReturn,5.7
SWWD_3329_Outbound_ChildSingle_a9f4b9e2-e9ea-4456-80e3-47fe03b77367_639196395688036382.xml,SWWD,Go South Coast,Go South Coast 3329 Outbound,Salisbury - Broad Chalke,price_band_2.7@ChildSingle,2.7
TDTR_7061_Outbound_YoungPersonSgl_a9f4b9e2-e9ea-4456-80e3-47fe03b77367_639196408627984901.xml,TDTR,Go South Coast,Go South Coast 7061 Outbound,Great Western Hospital - Middleleaze,price_band_1.8@YoungPersonSgl,1.8
TDTR_7080_Outbound_YoungPersonRtn_a9f4b9e2-e9ea-4456-80e3-47fe03b77367_639196408865610342.xml,TDTR,Go South Coast,Go South Coast 7080 Outbound,Swindon - Marlborough,price_band_2.4@YoungPersonRtn,2.4
WDBC_1054_Inbound_AdultSingle_2f1f0c04-770d-4707-ab06-213c5a798ad7_639196376540230414.xml,WDBC,Go South Coast,Go South Coast 1054 Inbound,Poole - Wimborne,price_band_3.0@AdultSingle,3.0
WDBC_1035_Outbound_AdultReturn_a9f4b9e2-e9ea-4456-80e3-47fe03b77367_639196374657278579.xml,WDBC,Go South Coast,Go South Coast 1035 Outbound,Swanage - Wareham,price_band_6.0@AdultReturn,6.0
TDTR_7042_Outbound_AdultReturn_a9f4b9e2-e9ea-4456-80e3-47fe03b77367_639196408380457205.xml,TDTR,Go South Coast,Go South Coast 7042 Outbound,Calne - St John's School,price_band_3.8@AdultReturn,3.8
SWWD_3677_Inbound_ChildSingle_a9f4b9e2-e9ea-4456-80e3-47fe03b77367_639196400150224090.xml,SWWD,Go South Coast,Go South Coast 3677 Inbound,Stratford Road Grammar School - West Wellow,price_band_2.5@ChildSingle,2.5
TDTR_7061_Inbound_YoungPersonSgl_a9f4b9e2-e9ea-4456-80e3-47fe03b77367_639196408613943169.xml,TDTR,Go South Coast,Go South Coast 7061 Inbound,Great Western Hospital - Middleleaze,price_band_1.8@YoungPersonSgl,1.8
BLUS_4005_Outbound_ChildSingle_eed5e2e8-c472-41af-825e-db09ec887334_639196401262139760.xml,BLUS,Go South Coast,Go South Coast 4005 Outbound,Boyatt Wood - Romsey,price_band_1.0@ChildSingle,1.0
BLUS_4014_Outbound_ChildSingle_f15d1b06-486f-433a-8991-95f1a97a87e0_639196401905130097.xml,BLUS,Go South Coast,Go South Coast 4014 Outbound,Southampton - Hedge End,price_band_1.0@ChildSingle,1.0
WDBC_1032_Outbound_ChildReturn_a9f4b9e2-e9ea-4456-80e3-47fe03b77367_639196374493340861.xml,WDBC,Go South Coast,Go South Coast 1032 Outbound,Poole - Bournemouth,price_band_4.6@ChildReturn,4.6
SVCT_5271_Inbound_YoungAdSingle_a9f4b9e2-e9ea-4456-80e3-47fe03b77367_639196405658113022.xml,SVCT,Go South Coast,Go South Coast 5271 Inbound,Ryde - Ventnor,price_band_3.0@YoungAdSingle,3.0
TDTR_7051_Outbound_AdultSingle_a9f4b9e2-e9ea-4456-80e3-47fe03b77367_639196408571000977.xml,TDTR,Go South Coast,Go South Coast 7051 Outbound,Fleming Way - Deer's Leap,price_band_2.0@AdultSingle,2.0
WDBC_1837_Outbound_ChildSingle_a9f4b9e2-e9ea-4456-80e3-47fe03b77367_639196381935312133.xml,WDBC,Go South Coast,Go South Coast 1837 Outbound,Bournemouth - Bournemouth International Airport,price_band_2.5@ChildSingle,2.5
WDBC_1053_Outbound_AdultSingle_d46597a9-440e-4c13-b49a-76a3986683d1_639196376394081112.xml,WDBC,Go South Coast,Go South Coast 1053 Outbound,Bournemouth - Wimborne,price_band_1.0@AdultSingle,1.0
SWWD_3126_Outbound_AdultReturn_a9f4b9e2-e9ea-4456-80e3-47fe03b77367_639196393210383237.xml,SWWD,Go South Coast,Go South Coast 3126 Outbound,Salisbury - Hindon,price_band_5.4@AdultReturn,5.4
WDBC_1755_Outbound_ChildSingle_a9f4b9e2-e9ea-4456-80e3-47fe03b77367_639196379143503495.xml,WDBC,Go South Coast,Go South Coast 1755 Outbound,Bournemouth Station - Bournemouth School for Girls,price_band_2.9@ChildSingle,2.9
WDBC_2604_Outbound_AdultReturn_a9f4b9e2-e9ea-4456-80e3-47fe03b77367_639196386990506976.xml,WDBC,Go South Coast,Go South Coast 2604 Outbound,Langley Farm - Brockenhurst College,price_band_7.5@AdultReturn,7.5
WDBC_1788_Inbound_ChildSingle_a9f4b9e2-e9ea-4456-80e3-47fe03b77367_639196379249363002.xml,WDBC,Go South Coast,Go South Coast 1788 Inbound,Walkford - Bournemouth School for Girls,price_band_4.4@ChildSingle,4.4
SWWD_8302_Outbound_AdultSingle_a9f4b9e2-e9ea-4456-80e3-47fe03b77367_639196410397711684.xml,SWWD,Go South Coast,Go South Coast 8302 Outbound,Salisbury R/Station - Salisbury via Stones,price_band_2.3@AdultSingle,2.3
WDBC_1013_Outbound_AdultReturn_a9f4b9e2-e9ea-4456-80e3-47fe03b77367_639196371418225698.xml,WDBC,Go South Coast,Go South Coast 1013 Outbound,Bournemouth - Wimborne,price_band_4.7@AdultReturn,4.7
WDBC_1804_Outbound_AdultReturn_a9f4b9e2-e9ea-4456-80e3-47fe03b77367_639196379713124426.xml,WDBC,Go South Coast,Go South Coast 1804 Outbound,Bournemouth - Castlepoint,price_band_4.7@AdultReturn,4.7
SWWD_3044_Inbound_ChildReturn_a9f4b9e2-e9ea-4456-80e3-47fe03b77367_639196391654830182.xml,SWWD,Go South Coast,Go South Coast 3044 Inbound,Salisbury - Woodfalls,price_band_2.6@ChildReturn,2.6
WDBC_2003_Outbound_AdultReturn_a9f4b9e2-e9ea-4456-80e3-47fe03b77367_639196385959424100.xml,WDBC,Go South Coast,Go South Coast 2003 Outbound,Salisbury - Bournemouth,price_band_5.1@AdultReturn,5.1
WDBC_2002_Outbound_ChildSingle_2f1f0c04-770d-4707-ab06-213c5a798ad7_639196385595886681.xml,WDBC,Go South Coast,Go South Coast 2002 Outbound,Bournemouth - Lymington,price_band_1.0@ChildSingle,1.0
SWWD_3881_Inbound_ChildSingle_a9f4b9e2-e9ea-4456-80e3-47fe03b77367_639196400580339402.xml,SWWD,Go South Coast,Go South Coast 3881 Inbound,Wilton Road  - Burgate School,price_band_1.9@ChildSingle,1.9
TDTR_7002_Inbound_AdultSingle_a9f4b9e2-e9ea-4456-80e3-47fe03b77367_639196408071870045.xml,TDTR,Go South Coast,Go South Coast 7002 Inbound,Fleming Way - Covingham & Nythe,price_band_2.2@AdultSingle,2.2
BLUS_4425_Outbound_ChildReturn_a9f4b9e2-e9ea-4456-80e3-47fe03b77367_639196402951252350.xml,BLUS,Go South Coast,Go South Coast 4425 Outbound,Eastleigh - Boorley Park,price_band_4.0@ChildReturn,4.0
TDTR_7011_Outbound_AdultSingle_a9f4b9e2-e9ea-4456-80e3-47fe03b77367_639196408134910706.xml,TDTR,Go South Coast,Go South Coast 7011 Outbound,Taw Hill - Middle Wichel,price_band_3.0@AdultSingle,3.0
DAMY_6487_Inbound_ChildReturn_a9f4b9e2-e9ea-4456-80e3-47fe03b77367_639196407097431280.xml,DAMY,Go South Coast,Go South Coast 6487 Inbound,Blandford - Dorchester,price_band_3.2@ChildReturn,3.2
WDBC_1032_Outbound_ChildSingle_a9f4b9e2-e9ea-4456-80e3-47fe03b77367_639196374529394266.xml,WDBC,Go South Coast,Go South Coast 1032 Outbound,Poole - Bournemouth,price_band_2.2@ChildSingle,2.2
BLUS_4217_Outbound_AdultSingle_a9f4b9e2-e9ea-4456-80e3-47fe03b77367_639196402847893918.xml,BLUS,Go South Coast,Go South Coast 4217 Outbound,Weston - Nursling,price_band_3.0@AdultSingle,3.0
WDBC_6418_Inbound_ChildReturn_a9f4b9e2-e9ea-4456-80e3-47fe03b77367_639196406697275955.xml,WDBC,Go South Coast,Go South Coast 6418 Inbound,Sandbanks Ferry - Poole Grammar School,price_band_2.7@ChildReturn,2.7
WDBC_1831_Outbound_AdultSingle_a9f4b9e2-e9ea-4456-80e3-47fe03b77367_639196381276077193.xml,WDBC,Go South Coast,Go South Coast 1831 Outbound,Bournemouth - Hunt Road and Somerford,price_band_2.3@AdultSingle,2.3
DAMY_6307_Inbound_ChildReturn_a9f4b9e2-e9ea-4456-80e3-47fe03b77367_639196406428329780.xml,DAMY,Go South Coast,Go South Coast 6307 Inbound,Blandford - Shaftesbury,price_band_3.0@ChildReturn,3.0
SWWD_3677_Inbound_AdultReturn_a9f4b9e2-e9ea-4456-80e3-47fe03b77367_639196400139571143.xml,SWWD,Go South Coast,Go South Coast 3677 Inbound,Stratford Road Grammar School - West Wellow,price_band_6.0@AdultReturn,6.0
WDBC_1035_Outbound_AdultReturn_a9f4b9e2-e9ea-4456-80e3-47fe03b77367_639196374657278579.xml,WDBC,Go South Coast,Go South Coast 1035 Outbound,Swanage - Wareham,price_band_5.7@AdultReturn,5.7
TDTR_7048_Outbound_AdultReturn_a9f4b9e2-e9ea-4456-80e3-47fe03b77367_639196408530239677.xml,TDTR,Go South Coast,Go South Coast 7048 Outbound,Swindon - Marlborough,price_band_3.6@AdultReturn,3.6
WDBC_2176_Inbound_AdultSingle_a9f4b9e2-e9ea-4456-80e3-47fe03b77367_639196386498624976.xml,WDBC,Go South Coast,Go South Coast 2176 Inbound,Christchurch - Ringwood,price_band_2.3@AdultSingle,2.3
WDBC_6903_Inbound_ChildReturn_a9f4b9e2-e9ea-4456-80e3-47fe03b77367_639196407501779126.xml,WDBC,Go South Coast,Go South Coast 6903 Inbound,Swanage - Lulworth,price_band_2.9@ChildReturn,2.9
WDBC_8259_Outbound_AdultSingle_a9f4b9e2-e9ea-4456-80e3-47fe03b77367_639196410361764361.xml,WDBC,Go South Coast,Go South Coast 8259 Outbound,Brockenhurst - New Milton BLUE,price_band_3.0@AdultSingle,3.0
BLUS_3634_Inbound_AdultSingle_a9f4b9e2-e9ea-4456-80e3-47fe03b77367_639196399650031455.xml,BLUS,Go South Coast,Go South Coast 3634 Inbound,East Wellow  - Romsey School,price_band_3.5@AdultSingle,3.5
WDBC_1646_Outbound_UniIDReturn_a9f4b9e2-e9ea-4456-80e3-47fe03b77367_639196378995321738.xml,WDBC,Go South Coast,Go South Coast 1646 Outbound,Dorchester House  - Talbot Campus,price_band_3.2@UniIDReturn,3.2
WDBC_1903_Inbound_ChildReturn_a9f4b9e2-e9ea-4456-80e3-47fe03b77367_639196383139273932.xml,WDBC,Go South Coast,Go South Coast 1903 Inbound,Poole - Wimborne,price_band_4.6@ChildReturn,4.6
BLUS_8461_Inbound_ChildSingle_eed5e2e8-c472-41af-825e-db09ec887334_639196410546931496.xml,BLUS,Go South Coast,Go South Coast 8461 Inbound,Bevois Valley - Nursling Ind. Estate,price_band_1.0@ChildSingle,1.0
BLUS_4204_Inbound_ChildReturn_a9f4b9e2-e9ea-4456-80e3-47fe03b77367_639196402829776336.xml,BLUS,Go South Coast,Go South Coast 4204 Inbound,Totton - Totton Anti-Clockwise,price_band_3.0@ChildReturn,3.0
DAMY_6307_Inbound_ChildReturn_a9f4b9e2-e9ea-4456-80e3-47fe03b77367_639196406428329780.xml,DAMY,Go South Coast,Go South Coast 6307 Inbound,Blandford - Shaftesbury,price_band_2.8@ChildReturn,2.8
WDBC_1170_Inbound_AdultReturn_a9f4b9e2-e9ea-4456-80e3-47fe03b77367_639196378157465562.xml,WDBC,Go South Coast,Go South Coast 1170 Inbound,Rockley Park - Hengistbury Head,price_band_4.2@AdultReturn,4.2
SWWD_3044_Outbound_AdultReturn_a9f4b9e2-e9ea-4456-80e3-47fe03b77367_639196391677734087.xml,SWWD,Go South Coast,Go South Coast 3044 Outbound,Salisbury - Woodfalls,price_band_4.2@AdultReturn,4.2
SWWD_3138_Inbound_AdultReturn_a9f4b9e2-e9ea-4456-80e3-47fe03b77367_639196393538335291.xml,SWWD,Go South Coast,Go South Coast 3138 Inbound,West Dean  - Laverstock & Grammar,price_band_6.0@AdultReturn,6.0
UNIL_4706_Outbound_ChildSingle_eed5e2e8-c472-41af-825e-db09ec887334_639196403137502490.xml,UNIL,Go South Coast,Go South Coast 4706 Outbound,NOCS - General Hospital,price_band_1.0@ChildSingle,1.0
SWWD_3008_Inbound_ChildReturn_a9f4b9e2-e9ea-4456-80e3-47fe03b77367_639196390712342619.xml,SWWD,Go South Coast,Go South Coast 3008 Inbound,Salisbury - Zouch Estate,price_band_5.6@ChildReturn,5.6
TDTR_7180_Outbound_YoungPersonSgl_a9f4b9e2-e9ea-4456-80e3-47fe03b77367_639196409581102181.xml,TDTR,Go South Coast,Go South Coast 7180 Outbound,Marlborough - Ludgershall,price_band_1.6@YoungPersonSgl,1.6
WDBC_6943_Inbound_AdultSingle_a9f4b9e2-e9ea-4456-80e3-47fe03b77367_639196407859927538.xml,WDBC,Go South Coast,Go South Coast 6943 Inbound,Lulworth - Weymouth,price_band_2.8@AdultSingle,2.8
SWWD_3308_Inbound_ChildReturn_a9f4b9e2-e9ea-4456-80e3-47fe03b77367_639196394611227461.xml,SWWD,Go South Coast,Go South Coast 3308 Inbound,Blue Boar Row - Ditchampton,price_band_3.6@ChildReturn,3.6
WDBC_6415_Inbound_AdultReturn_a9f4b9e2-e9ea-4456-80e3-47fe03b77367_639196406471757575.xml,WDBC,Go South Coast,Go South Coast 6415 Inbound,St Anns Hospital - Poole Grammar School,price_band_3.8@AdultReturn,3.8
WDBC_1806_Outbound_ChildSingle_2f1f0c04-770d-4707-ab06-213c5a798ad7_639196379991984104.xml,WDBC,Go South Coast,Go South Coast 1806 Outbound,Bournemouth - Wimborne,price_band_1.0@ChildSingle,1.0
SWWD_3509_Inbound_AdultReturn_a9f4b9e2-e9ea-4456-80e3-47fe03b77367_639196399068549698.xml,SWWD,Go South Coast,Go South Coast 3509 Inbound,Milford Street - New Canal,price_band_4.2@AdultReturn,4.2
BLUS_4805_Outbound_AdultReturn_a9f4b9e2-e9ea-4456-80e3-47fe03b77367_639196403435352418.xml,BLUS,Go South Coast,Go South Coast 4805 Outbound,Boyatt Wood - Shootash,price_band_6.0@AdultReturn,6.0
SWWD_3883_Outbound_ChildReturn_a9f4b9e2-e9ea-4456-80e3-47fe03b77367_639196400706529365.xml,SWWD,Go South Coast,Go South Coast 3883 Outbound,Bishopdown Farm  - Burgate School,price_band_6.0@ChildReturn,6.0
WDBC_1054_Inbound_ChildReturn_a9f4b9e2-e9ea-4456-80e3-47fe03b77367_639196376502901644.xml,WDBC,Go South Coast,Go South Coast 1054 Inbound,Poole - Wimborne,price_band_3.4@ChildReturn,3.4
WDBC_2633_Outbound_AdultSingle_a9f4b9e2-e9ea-4456-80e3-47fe03b77367_639196387427779345.xml,WDBC,Go South Coast,Go South Coast 2633 Outbound,Wimborne - Brockenhurst College,price_band_6.0@AdultSingle,6.0
DAMY_6180_Inbound_ChildSingle_a9f4b9e2-e9ea-4456-80e3-47fe03b77367_639196406386576696.xml,DAMY,Go South Coast,Go South Coast 6180 Inbound,Centre Blandford - Steam Fair Site,price_band_2.3@ChildSingle,2.3
WDBC_6416_Inbound_ChildReturn_a9f4b9e2-e9ea-4456-80e3-47fe03b77367_639196406612122695.xml,WDBC,Go South Coast,Go South Coast 6416 Inbound,Penn Hill Avenue  - Poole Grammar School,price_band_3.4@ChildReturn,3.4
TDTR_7011_Outbound_YoungPersonSgl_a9f4b9e2-e9ea-4456-80e3-47fe03b77367_639196408141562782.xml,TDTR,Go South Coast,Go South Coast 7011 Outbound,Taw Hill - Middle Wichel,price_band_2.2@YoungPersonSgl,2.2
TDTR_7180_Inbound_AdultSingle_a9f4b9e2-e9ea-4456-80e3-47fe03b77367_639196409462181321.xml,TDTR,Go South Coast,Go South Coast 7180 Inbound,Marlborough - Ludgershall,price_band_3.0@AdultSingle,3.0
WDBC_1038_Inbound_ChildReturn_a9f4b9e2-e9ea-4456-80e3-47fe03b77367_639196374693950538.xml,WDBC,Go South Coast,Go South Coast 1038 Inbound,Ferndown - Ringwood,price_band_4.0@ChildReturn,4.0
WDBC_2002_Inbound_ChildReturn_a9f4b9e2-e9ea-4456-80e3-47fe03b77367_639196385115015873.xml,WDBC,Go South Coast,Go South Coast 2002 Inbound,Bournemouth - Lymington,price_band_3.4@ChildReturn,3.4
SWWD_3451_Outbound_ChildReturn_a9f4b9e2-e9ea-4456-80e3-47fe03b77367_639196397922008390.xml,SWWD,Go South Coast,Go South Coast 3451 Outbound,Salisbury - Sling - Larkhill,price_band_3.8@ChildReturn,3.8
DAMY_3183_Outbound_AdultSingle_a9f4b9e2-e9ea-4456-80e3-47fe03b77367_639196393896036878.xml,DAMY,Go South Coast,Go South Coast 3183 Outbound,Blandford - Weymouth,price_band_1.8@AdultSingle,1.8
BLUS_4425_Inbound_AdultSingle_f15d1b06-486f-433a-8991-95f1a97a87e0_639196402914476095.xml,BLUS,Go South Coast,Go South Coast 4425 Inbound,Eastleigh - Boorley Park,price_band_1.0@AdultSingle,1.0
TDTR_7013_Inbound_AdultSingle_a9f4b9e2-e9ea-4456-80e3-47fe03b77367_639196408174581705.xml,TDTR,Go South Coast,Go South Coast 7013 Inbound,Fleming Way - Eldene,price_band_3.0@AdultSingle,3.0
BLUS_2605_Inbound_AdultSingle_a9f4b9e2-e9ea-4456-80e3-47fe03b77367_639196387004593848.xml,BLUS,Go South Coast,Go South Coast 2605 Inbound,Wellow - Brockenhurst College,price_band_4.0@AdultSingle,4.0
WDBC_8270_Outbound_ChildReturn_a9f4b9e2-e9ea-4456-80e3-47fe03b77367_639196410380540322.xml,WDBC,Go South Coast,Go South Coast 8270 Outbound,Brockenhurst - New Park,price_band_7.5@ChildReturn,7.5
WDBC_1821_Outbound_ChildSingle_a9f4b9e2-e9ea-4456-80e3-47fe03b77367_639196381044342869.xml,WDBC,Go South Coast,Go South Coast 1821 Outbound,Bournemouth - Burton,price_band_2.1@ChildSingle,2.1
DAMY_6487_Inbound_AdultSingle_a9f4b9e2-e9ea-4456-80e3-47fe03b77367_639196407072227688.xml,DAMY,Go South Coast,Go South Coast 6487 Inbound,Blandford - Dorchester,price_band_2.8@AdultSingle,2.8
WDBC_8601_Inbound_ChildReturn_7d800d50-9d7d-4ca5-8d9f-bc4e97764d9d_639196410836204210.xml,WDBC,Go South Coast,Go South Coast 8601 Inbound,Creekmoor - Poole,price_band_0.5@ChildReturn,0.5
BLUS_4506_Inbound_AdultSingle_a9f4b9e2-e9ea-4456-80e3-47fe03b77367_639196403000602458.xml,BLUS,Go South Coast,Go South Coast 4506 Inbound,City Centre - Cantell School,price_band_2.3@AdultSingle,2.3
SWWD_3310_Outbound_AdultSingle_a9f4b9e2-e9ea-4456-80e3-47fe03b77367_639196394683025994.xml,SWWD,Go South Coast,Go South Coast 3310 Outbound,City Centre - St Peters Place,price_band_3.0@AdultSingle,3.0
WDBC_1644_Inbound_ChildSingle_a9f4b9e2-e9ea-4456-80e3-47fe03b77367_639196378937005092.xml,WDBC,Go South Coast,Go South Coast 1644 Inbound,Westbourne - Talbot Campus,price_band_2.1@ChildSingle,2.1
DAMY_6787_Outbound_ChildSingle_a9f4b9e2-e9ea-4456-80e3-47fe03b77367_639196407415881127.xml,DAMY,Go South Coast,Go South Coast 6787 Outbound,Winfrith Newburgh - Purbeck School,price_band_4.7@ChildSingle,4.7
WDBC_1050_Inbound_AdultSingle_a9f4b9e2-e9ea-4456-80e3-47fe03b77367_639196375491852261.xml,WDBC,Go South Coast,Go South Coast 1050 Inbound,Bournemouth Station - Swanage,price_band_2.6@AdultSingle,2.6
SWWD_3166_Inbound_AdultSingle_a9f4b9e2-e9ea-4456-80e3-47fe03b77367_639196393576385780.xml,SWWD,Go South Coast,Go South Coast 3166 Inbound,South Wilts Grammar School - Idmiston,price_band_3.0@AdultSingle,3.0
SWWD_3325_Inbound_AdultReturn_a9f4b9e2-e9ea-4456-80e3-47fe03b77367_639196394820782745.xml,SWWD,Go South Coast,Go South Coast 3325 Inbound,South Wilts Grammar School - Hindon,price_band_4.2@AdultReturn,4.2
WDBC_2956_Outbound_AdultSingle_a9f4b9e2-e9ea-4456-80e3-47fe03b77367_639196389636348836.xml,WDBC,Go South Coast,Go South Coast 2956 Outbound,Ringwood - Bournemouth,price_band_2.6@AdultSingle,2.6
SWWD_3040_Outbound_ChildReturn_a9f4b9e2-e9ea-4456-80e3-47fe03b77367_639196391587779883.xml,SWWD,Go South Coast,Go South Coast 3040 Outbound,Salisbury - Woodfalls,price_band_5.6@ChildReturn,5.6
TDTR_7064_Outbound_YoungPersonSgl_a9f4b9e2-e9ea-4456-80e3-47fe03b77367_639196408652571372.xml,TDTR,Go South Coast,Go South Coast 7064 Outbound,Town Centre - Eldene,price_band_2.5@YoungPersonSgl,2.5
SWWD_3404_Inbound_ChildSingle_a9f4b9e2-e9ea-4456-80e3-47fe03b77367_639196396114116022.xml,SWWD,Go South Coast,Go South Coast 3404 Inbound,Salisbury - Larkhill,price_band_2.5@ChildSingle,2.5
WDBC_2002_Outbound_ChildReturn_a9f4b9e2-e9ea-4456-80e3-47fe03b77367_639196385418186648.xml,WDBC,Go South Coast,Go South Coast 2002 Outbound,Bournemouth - Lymington,price_band_3.4@ChildReturn,3.4
WDBC_6448_Inbound_ChildSingle_a9f4b9e2-e9ea-4456-80e3-47fe03b77367_639196406849977314.xml,WDBC,Go South Coast,Go South Coast 6448 Inbound,Furnell Road - Parkstone Grammar,price_band_2.1@ChildSingle,2.1
TDTR_7046_Inbound_AdultReturn_a9f4b9e2-e9ea-4456-80e3-47fe03b77367_639196408396258045.xml,TDTR,Go South Coast,Go South Coast 7046 Inbound,Swindon - Hungerford,price_band_6.0@AdultReturn,6.0
WDBC_6415_Outbound_ChildSingle_a9f4b9e2-e9ea-4456-80e3-47fe03b77367_639196406582208448.xml,WDBC,Go South Coast,Go South Coast 6415 Outbound,St Anns Hospital - Poole Grammar School,price_band_3.4@ChildSingle,3.4
TDTR_7016_Inbound_YoungPersonSgl_a9f4b9e2-e9ea-4456-80e3-47fe03b77367_639196408225882385.xml,TDTR,Go South Coast,Go South Coast 7016 Inbound,Bus Station - Blunsdon,price_band_1.8@YoungPersonSgl,1.8
WDBC_1642_Outbound_AdultSingle_a9f4b9e2-e9ea-4456-80e3-47fe03b77367_639196378823464368.xml,WDBC,Go South Coast,Go South Coast 1642 Outbound,Poole  - Talbot Campus,price_band_2.4@AdultSingle,2.4
WDBC_1908_Inbound_ChildSingle_a9f4b9e2-e9ea-4456-80e3-47fe03b77367_639196383430736532.xml,WDBC,Go South Coast,Go South Coast 1908 Inbound,Poole - Blandford,price_band_2.5@ChildSingle,2.5
WDBC_6449_Inbound_ChildSingle_a9f4b9e2-e9ea-4456-80e3-47fe03b77367_639196406922445975.xml,WDBC,Go South Coast,Go South Coast 6449 Inbound,St Osmunds - Parkstone Grammar,price_band_1.6@ChildSingle,1.6
DAMY_6487_Outbound_AdultReturn_a9f4b9e2-e9ea-4456-80e3-47fe03b77367_639196407135008067.xml,DAMY,Go South Coast,Go South Coast 6487 Outbound,Blandford - Dorchester,price_band_6.0@AdultReturn,6.0
WDBC_2906_Outbound_ChildSingle_2f1f0c04-770d-4707-ab06-213c5a798ad7_639196388570360857.xml,WDBC,Go South Coast,Go South Coast 2906 Outbound,Poole - Ringwood,price_band_3.0@ChildSingle,3.0
SWWD_7201_Inbound_ChildReturn_a9f4b9e2-e9ea-4456-80e3-47fe03b77367_639196409634398062.xml,SWWD,Go South Coast,Go South Coast 7201 Inbound,Figheldean - Salisbury,price_band_5.4@ChildReturn,5.4
WDBC_2120_Inbound_AdultReturn_a9f4b9e2-e9ea-4456-80e3-47fe03b77367_639196386401057801.xml,WDBC,Go South Coast,Go South Coast 2120 Inbound,New Milton Tesco - Lymington,price_band_6.0@AdultReturn,6.0
TDTR_7076_Outbound_YoungPersonSgl_a9f4b9e2-e9ea-4456-80e3-47fe03b77367_639196408750618859.xml,TDTR,Go South Coast,Go South Coast 7076 Outbound,Marlborough - Bath,price_band_1.5@YoungPersonSgl,1.5
WDBC_1789_Outbound_ChildSingle_a9f4b9e2-e9ea-4456-80e3-47fe03b77367_639196379418716693.xml,WDBC,Go South Coast,Go South Coast 1789 Outbound,Bournemouth School for Girls - Lymington,price_band_2.2@ChildSingle,2.2
WDBC_2906_Outbound_ChildSingle_2f1f0c04-770d-4707-ab06-213c5a798ad7_639196388570360857.xml,WDBC,Go South Coast,Go South Coast 2906 Outbound,Poole - Ringwood,price_band_2.6@ChildSingle,2.6
TDTR_7146_Outbound_ChildReturn_a9f4b9e2-e9ea-4456-80e3-47fe03b77367_639196409098340196.xml,TDTR,Go South Coast,Go South Coast 7146 Outbound,Swindon - Hungerford,price_band_4.7@ChildReturn,4.7
WDBC_1741_Inbound_ChildSingle_a9f4b9e2-e9ea-4456-80e3-47fe03b77367_639196379057798178.xml,WDBC,Go South Coast,Go South Coast 1741 Inbound,Sandbanks Ferry - Parkstone Grammar School,price_band_2.1@ChildSingle,2.1
WDBC_2120_Inbound_ChildReturn_a9f4b9e2-e9ea-4456-80e3-47fe03b77367_639196386391190830.xml,WDBC,Go South Coast,Go South Coast 2120 Inbound,New Milton Tesco - Lymington,price_band_3.8@ChildReturn,3.8
WDBC_1908_Outbound_ChildSingle_2f1f0c04-770d-4707-ab06-213c5a798ad7_639196383499614451.xml,WDBC,Go South Coast,Go South Coast 1908 Outbound,Poole - Blandford,price_band_1.0@ChildSingle,1.0
SWWD_3087_Inbound_AdultReturn_a9f4b9e2-e9ea-4456-80e3-47fe03b77367_639196391719718334.xml,SWWD,Go South Coast,Go South Coast 3087 Inbound,South Wilts Grammar School - Lopcombe Corner,price_band_4.5@AdultReturn,4.5
WDBC_2176_Inbound_ChildSingle_a9f4b9e2-e9ea-4456-80e3-47fe03b77367_639196386517544843.xml,WDBC,Go South Coast,Go South Coast 2176 Inbound,Christchurch - Ringwood,price_band_2.1@ChildSingle,2.1
TDTR_7042_Inbound_ChildReturn_a9f4b9e2-e9ea-4456-80e3-47fe03b77367_639196408287052126.xml,TDTR,Go South Coast,Go South Coast 7042 Inbound,Calne - St John's School,price_band_1.5@ChildReturn,1.5
WDBC_1642_Outbound_UniIDSingle_d46597a9-440e-4c13-b49a-76a3986683d1_639196378844561003.xml,WDBC,Go South Coast,Go South Coast 1642 Outbound,Poole  - Talbot Campus,price_band_1.0@UniIDSingle,1.0
TDTR_7061_Outbound_YoungPersonSgl_a9f4b9e2-e9ea-4456-80e3-47fe03b77367_639196408627984901.xml,TDTR,Go South Coast,Go South Coast 7061 Outbound,Great Western Hospital - Middleleaze,price_band_2.2@YoungPersonSgl,2.2
TDTR_7046_Inbound_AdultReturn_a9f4b9e2-e9ea-4456-80e3-47fe03b77367_639196408396258045.xml,TDTR,Go South Coast,Go South Coast 7046 Inbound,Swindon - Hungerford,price_band_4.5@AdultReturn,4.5
SWWD_7201_Inbound_ChildSingle_a9f4b9e2-e9ea-4456-80e3-47fe03b77367_639196409621895930.xml,SWWD,Go South Coast,Go South Coast 7201 Inbound,Figheldean - Salisbury,price_band_2.2@ChildSingle,2.2
WDBC_1741_Inbound_ChildReturn_a9f4b9e2-e9ea-4456-80e3-47fe03b77367_639196379050947352.xml,WDBC,Go South Coast,Go South Coast 1741 Inbound,Sandbanks Ferry - Parkstone Grammar School,price_band_2.9@ChildReturn,2.9
WDBC_1013_Outbound_ChildSingle_2f1f0c04-770d-4707-ab06-213c5a798ad7_639196371605999149.xml,WDBC,Go South Coast,Go South Coast 1013 Outbound,Bournemouth - Wimborne,price_band_3.0@ChildSingle,3.0
SWWD_3305_Outbound_AdultSingle_a9f4b9e2-e9ea-4456-80e3-47fe03b77367_639196394511463548.xml,SWWD,Go South Coast,Go South Coast 3305 Outbound,City Centre - West Harnham,price_band_2.3@AdultSingle,2.3
WDBC_1789_Outbound_ChildSingle_a9f4b9e2-e9ea-4456-80e3-47fe03b77367_639196379418716693.xml,WDBC,Go South Coast,Go South Coast 1789 Outbound,Bournemouth School for Girls - Lymington,price_band_3.5@ChildSingle,3.5
WDBC_2002_Outbound_AdultSingle_a9f4b9e2-e9ea-4456-80e3-47fe03b77367_639196385337486110.xml,WDBC,Go South Coast,Go South Coast 2002 Outbound,Bournemouth - Lymington,price_band_2.3@AdultSingle,2.3
BLUS_4008_Inbound_ChildReturn_a9f4b9e2-e9ea-4456-80e3-47fe03b77367_639196401431499465.xml,BLUS,Go South Coast,Go South Coast 4008 Inbound,Southampton - Hythe,price_band_4.5@ChildReturn,4.5
WDBC_2956_Inbound_AdultSingle_2f1f0c04-770d-4707-ab06-213c5a798ad7_639196389464549393.xml,WDBC,Go South Coast,Go South Coast 2956 Inbound,Ringwood - Bournemouth,price_band_2.3@AdultSingle,2.3
WDBC_6185_Outbound_ChildReturn_a9f4b9e2-e9ea-4456-80e3-47fe03b77367_639196406399899986.xml,WDBC,Go South Coast,Go South Coast 6185 Outbound,Blandford - Blandford Sch,price_band_4.2@ChildReturn,4.2
WDBC_2002_Outbound_AdultSingle_d46597a9-440e-4c13-b49a-76a3986683d1_639196385566711431.xml,WDBC,Go South Coast,Go South Coast 2002 Outbound,Bournemouth - Lymington,price_band_2.5@AdultSingle,2.5
WDBC_1788_Outbound_ChildReturn_a9f4b9e2-e9ea-4456-80e3-47fe03b77367_639196379266735554.xml,WDBC,Go South Coast,Go South Coast 1788 Outbound,Walkford - Bournemouth School for Girls,price_band_5.2@ChildReturn,5.2
BLUS_4103_Inbound_ChildSingle_f15d1b06-486f-433a-8991-95f1a97a87e0_639196402637029553.xml,BLUS,Go South Coast,Go South Coast 4103 Inbound,Southampton - Eastleigh,price_band_1.0@ChildSingle,1.0
DAMY_6307_Inbound_ChildSingle_a9f4b9e2-e9ea-4456-80e3-47fe03b77367_639196406414235561.xml,DAMY,Go South Coast,Go South Coast 6307 Inbound,Blandford - Shaftesbury,price_band_2.2@ChildSingle,2.2
WDBC_1642_Inbound_ChildSingle_a9f4b9e2-e9ea-4456-80e3-47fe03b77367_639196378784556325.xml,WDBC,Go South Coast,Go South Coast 1642 Inbound,Poole  - Talbot Campus,price_band_2.1@ChildSingle,2.1
WDBC_2024_Outbound_ChildSingle_a9f4b9e2-e9ea-4456-80e3-47fe03b77367_639196386250426749.xml,WDBC,Go South Coast,Go South Coast 2024 Outbound,Castlepoint - Christchurch,price_band_2.3@ChildSingle,2.3
WDBC_1883_Inbound_AdultSingle_a9f4b9e2-e9ea-4456-80e3-47fe03b77367_639196382524811961.xml,WDBC,Go South Coast,Go South Coast 1883 Inbound,Alum Chine - Castlepoint,price_band_2.8@AdultSingle,2.8
WDBC_2120_Inbound_AdultReturn_a9f4b9e2-e9ea-4456-80e3-47fe03b77367_639196386401057801.xml,WDBC,Go South Coast,Go South Coast 2120 Inbound,New Milton Tesco - Lymington,price_band_4.2@AdultReturn,4.2
WDBC_2186_Inbound_AdultSingle_a9f4b9e2-e9ea-4456-80e3-47fe03b77367_639196386687841833.xml,WDBC,Go South Coast,Go South Coast 2186 Inbound,Southampton - Lymington,price_band_2.5@AdultSingle,2.5
WDBC_1801_Inbound_ChildSingle_a9f4b9e2-e9ea-4456-80e3-47fe03b77367_639196379446634713.xml,WDBC,Go South Coast,Go South Coast 1801 Inbound,Bournemouth - Christchurch,price_band_2.1@ChildSingle,2.1
WDBC_2001_Inbound_ChildSingle_a9f4b9e2-e9ea-4456-80e3-47fe03b77367_639196384385006027.xml,WDBC,Go South Coast,Go South Coast 2001 Inbound,Bournemouth - Lymington,price_band_2.3@ChildSingle,2.3
SWWD_3008_Outbound_AdultReturn_a9f4b9e2-e9ea-4456-80e3-47fe03b77367_639196390919631158.xml,SWWD,Go South Coast,Go South Coast 3008 Outbound,Salisbury - Zouch Estate,price_band_6.0@AdultReturn,6.0
SWWD_3138_Outbound_ChildSingle_a9f4b9e2-e9ea-4456-80e3-47fe03b77367_639196393553094397.xml,SWWD,Go South Coast,Go South Coast 3138 Outbound,West Dean  - Laverstock & Grammar,price_band_2.3@ChildSingle,2.3
TDTR_7537_Outbound_AdultReturn_a9f4b9e2-e9ea-4456-80e3-47fe03b77367_639196409900754241.xml,TDTR,Go South Coast,Go South Coast 7537 Outbound,Highworth - Cirencester College,price_band_8.3@AdultReturn,8.3
BLUS_4425_Outbound_AdultSingle_a9f4b9e2-e9ea-4456-80e3-47fe03b77367_639196402932458361.xml,BLUS,Go South Coast,Go South Coast 4425 Outbound,Eastleigh - Boorley Park,price_band_2.5@AdultSingle,2.5
SWWD_3533_Inbound_AdultReturn_a9f4b9e2-e9ea-4456-80e3-47fe03b77367_639196399556459866.xml,SWWD,Go South Coast,Go South Coast 3533 Inbound,Dinton - City Centre,price_band_4.9@AdultReturn,4.9
WDBC_2401_Inbound_ChildReturn_a9f4b9e2-e9ea-4456-80e3-47fe03b77367_639196386958424801.xml,WDBC,Go South Coast,Go South Coast 2401 Inbound,Verwood - Ferndown Upper,price_band_5.4@ChildReturn,5.4
SWWD_3457_Inbound_ChildSingle_a9f4b9e2-e9ea-4456-80e3-47fe03b77367_639196398011492336.xml,SWWD,Go South Coast,Go South Coast 3457 Inbound,Salisbury - Southampton,price_band_3.0@ChildSingle,3.0
WDBC_1755_Outbound_ChildReturn_a9f4b9e2-e9ea-4456-80e3-47fe03b77367_639196379148562803.xml,WDBC,Go South Coast,Go South Coast 1755 Outbound,Bournemouth Station - Bournemouth School for Girls,price_band_3.1@ChildReturn,3.1
WDBC_2762_Outbound_AdultReturn_a9f4b9e2-e9ea-4456-80e3-47fe03b77367_639196387472070091.xml,WDBC,Go South Coast,Go South Coast 2762 Outbound,Keyhaven Road  - Priestlands School,price_band_6.0@AdultReturn,6.0
WDBC_1021_Outbound_ChildSingle_a9f4b9e2-e9ea-4456-80e3-47fe03b77367_639196374173005308.xml,WDBC,Go South Coast,Go South Coast 1021 Outbound,Bournemouth - High Howe,price_band_1.9@ChildSingle,1.9
WDBC_1011_Outbound_ChildSingle_d46597a9-440e-4c13-b49a-76a3986683d1_639196371134714546.xml,WDBC,Go South Coast,Go South Coast 1011 Outbound,Bournemouth - Canford Paddock,price_band_1.0@ChildSingle,1.0
SWWD_3881_Inbound_ChildReturn_a9f4b9e2-e9ea-4456-80e3-47fe03b77367_639196400588231467.xml,SWWD,Go South Coast,Go South Coast 3881 Inbound,Wilton Road  - Burgate School,price_band_6.0@ChildReturn,6.0
WDBC_2906_Inbound_ChildReturn_a9f4b9e2-e9ea-4456-80e3-47fe03b77367_639196387737928859.xml,WDBC,Go South Coast,Go South Coast 2906 Inbound,Poole - Ringwood,price_band_4.0@ChildReturn,4.0
WDBC_1831_Inbound_AdultSingle_a9f4b9e2-e9ea-4456-80e3-47fe03b77367_639196381148799421.xml,WDBC,Go South Coast,Go South Coast 1831 Inbound,Bournemouth - Hunt Road and Somerford,price_band_2.6@AdultSingle,2.6
WDBC_1804_Outbound_ChildReturn_a9f4b9e2-e9ea-4456-80e3-47fe03b77367_639196379722214050.xml,WDBC,Go South Coast,Go South Coast 1804 Outbound,Bournemouth - Castlepoint,price_band_3.7@ChildReturn,3.7
WDBC_6448_Inbound_ChildSingle_a9f4b9e2-e9ea-4456-80e3-47fe03b77367_639196406849977314.xml,WDBC,Go South Coast,Go South Coast 6448 Inbound,Furnell Road - Parkstone Grammar,price_band_1.7@ChildSingle,1.7
WDBC_6416_Inbound_AdultSingle_a9f4b9e2-e9ea-4456-80e3-47fe03b77367_639196406602363431.xml,WDBC,Go South Coast,Go South Coast 6416 Inbound,Penn Hill Avenue  - Poole Grammar School,price_band_2.7@AdultSingle,2.7
WDBC_1786_Inbound_AdultSingle_a9f4b9e2-e9ea-4456-80e3-47fe03b77367_639196379193219072.xml,WDBC,Go South Coast,Go South Coast 1786 Inbound,Park Gates - Bournemouth School for Girls,price_band_2.4@AdultSingle,2.4
WDBC_1908_Inbound_ChildReturn_a9f4b9e2-e9ea-4456-80e3-47fe03b77367_639196383436933791.xml,WDBC,Go South Coast,Go South Coast 1908 Inbound,Poole - Blandford,price_band_6.0@ChildReturn,6.0
SVCT_5012_Outbound_ChildSingle_a9f4b9e2-e9ea-4456-80e3-47fe03b77367_639196404267334967.xml,SVCT,Go South Coast,Go South Coast 5012 Outbound,Newport - Alum Bay,price_band_3.0@ChildSingle,3.0
WDBC_8429_Outbound_AdultSingle_a9f4b9e2-e9ea-4456-80e3-47fe03b77367_639196410430594161.xml,WDBC,Go South Coast,Go South Coast 8429 Outbound,Exbury - Lyndhurst GREEN,price_band_21.5@AdultSingle,21.5
WDBC_6415_Inbound_ChildSingle_a9f4b9e2-e9ea-4456-80e3-47fe03b77367_639196406520735000.xml,WDBC,Go South Coast,Go South Coast 6415 Inbound,St Anns Hospital - Poole Grammar School,price_band_3.1@ChildSingle,3.1
SWWD_3125_Outbound_ChildReturn_a9f4b9e2-e9ea-4456-80e3-47fe03b77367_639196392988098341.xml,SWWD,Go South Coast,Go South Coast 3125 Outbound,South Wilts Grammar School - Hindon,price_band_5.6@ChildReturn,5.6
WDBC_6701_Outbound_ChildSingle_a9f4b9e2-e9ea-4456-80e3-47fe03b77367_639196407360617162.xml,WDBC,Go South Coast,Go South Coast 6701 Outbound,Queen Elizabeth's School - Kinson,price_band_5.7@ChildSingle,5.7
WDBC_2953_Inbound_ChildReturn_a9f4b9e2-e9ea-4456-80e3-47fe03b77367_639196388696796653.xml,WDBC,Go South Coast,Go South Coast 2953 Inbound,Salisbury - Ringwood,price_band_2.8@ChildReturn,2.8
WDBC_1052_Outbound_ChildSingle_a9f4b9e2-e9ea-4456-80e3-47fe03b77367_639196375937797115.xml,WDBC,Go South Coast,Go South Coast 1052 Outbound,Rockley - Sandbanks,price_band_2.1@ChildSingle,2.1
SVCT_5112_Inbound_YoungAdSingle_a9f4b9e2-e9ea-4456-80e3-47fe03b77367_639196405352737871.xml,SVCT,Go South Coast,Go South Coast 5112 Inbound,Alum Bay - Newport,price_band_3.0@YoungAdSingle,3.0
WDBC_1040_Inbound_ChildReturn_a9f4b9e2-e9ea-4456-80e3-47fe03b77367_639196374887739308.xml,WDBC,Go South Coast,Go South Coast 1040 Inbound,Swanage - Poole,price_band_2.8@ChildReturn,2.8
BLUS_4425_Inbound_ChildSingle_a9f4b9e2-e9ea-4456-80e3-47fe03b77367_639196402921677370.xml,BLUS,Go South Coast,Go South Coast 4425 Inbound,Eastleigh - Boorley Park,price_band_2.5@ChildSingle,2.5
WDBC_1005_Outbound_ChildSingle_d46597a9-440e-4c13-b49a-76a3986683d1_639196370672671629.xml,WDBC,Go South Coast,Go South Coast 1005 Outbound,Poole - Tower Park,price_band_1.0@ChildSingle,1.0
WDBC_1950_Inbound_ChildSingle_d46597a9-440e-4c13-b49a-76a3986683d1_639196383803681087.xml,WDBC,Go South Coast,Go South Coast 1950 Inbound,Bournemouth - Swanage,price_band_2.8@ChildSingle,2.8
WDBC_1841_Inbound_ChildSingle_a9f4b9e2-e9ea-4456-80e3-47fe03b77367_639196381990492504.xml,WDBC,Go South Coast,Go South Coast 1841 Inbound,Bournemouth - Mudeford and Somerford,price_band_2.3@ChildSingle,2.3
TDTR_7042_Outbound_AdultReturn_a9f4b9e2-e9ea-4456-80e3-47fe03b77367_639196408380457205.xml,TDTR,Go South Coast,Go South Coast 7042 Outbound,Calne - St John's School,price_band_3.0@AdultReturn,3.0
WDBC_1015_Outbound_AdultReturn_a9f4b9e2-e9ea-4456-80e3-47fe03b77367_639196371848887620.xml,WDBC,Go South Coast,Go South Coast 1015 Outbound,Poole - Bournemouth Hospital,price_band_4.2@AdultReturn,4.2
TDTR_7180_Inbound_AdultReturn_a9f4b9e2-e9ea-4456-80e3-47fe03b77367_639196409498292008.xml,TDTR,Go South Coast,Go South Coast 7180 Inbound,Marlborough - Ludgershall,price_band_3.6@AdultReturn,3.6
WDBC_1003_Inbound_AdultReturn_a9f4b9e2-e9ea-4456-80e3-47fe03b77367_639196370367861697.xml,WDBC,Go South Coast,Go South Coast 1003 Inbound,Poole - Wimborne,price_band_4.5@AdultReturn,4.5
WDBC_1052_Inbound_ChildReturn_a9f4b9e2-e9ea-4456-80e3-47fe03b77367_639196375806553070.xml,WDBC,Go South Coast,Go South Coast 1052 Inbound,Rockley - Sandbanks,price_band_3.1@ChildReturn,3.1
WDBC_1806_Inbound_ChildSingle_a9f4b9e2-e9ea-4456-80e3-47fe03b77367_639196379870848354.xml,WDBC,Go South Coast,Go South Coast 1806 Inbound,Bournemouth - Wimborne,price_band_2.5@ChildSingle,2.5
WDBC_2001_Inbound_ChildSingle_d46597a9-440e-4c13-b49a-76a3986683d1_639196384631343625.xml,WDBC,Go South Coast,Go South Coast 2001 Inbound,Bournemouth - Lymington,price_band_2.8@ChildSingle,2.8
SWWD_3457_Outbound_AdultReturn_a9f4b9e2-e9ea-4456-80e3-47fe03b77367_639196398219453971.xml,SWWD,Go South Coast,Go South Coast 3457 Outbound,Salisbury - Southampton,price_band_6.0@AdultReturn,6.0
BLUS_2627_Inbound_AdultSingle_a9f4b9e2-e9ea-4456-80e3-47fe03b77367_639196387371146569.xml,BLUS,Go South Coast,Go South Coast 2627 Inbound,Totton - Marchwood,price_band_2.1@AdultSingle,2.1
SWWD_3402_Outbound_ChildSingle_a9f4b9e2-e9ea-4456-80e3-47fe03b77367_639196395949834686.xml,SWWD,Go South Coast,Go South Coast 3402 Outbound,Salisbury - Devizes,price_band_2.2@ChildSingle,2.2
WDBC_1040_Outbound_ChildSingle_a9f4b9e2-e9ea-4456-80e3-47fe03b77367_639196375272862585.xml,WDBC,Go South Coast,Go South Coast 1040 Outbound,Swanage - Poole,price_band_3.0@ChildSingle,3.0
TDTR_7063_Outbound_YoungPersonSgl_a9f4b9e2-e9ea-4456-80e3-47fe03b77367_639196408640212345.xml,TDTR,Go South Coast,Go South Coast 7063 Outbound,Town Centre - Eldene,price_band_2.5@YoungPersonSgl,2.5
UNIL_4722_Outbound_AdultSingle_eed5e2e8-c472-41af-825e-db09ec887334_639196403321506761.xml,UNIL,Go South Coast,Go South Coast 4722 Outbound,Mayflower Halls - Highfield Campus,price_band_1.0@AdultSingle,1.0
WDBC_6671_Outbound_ChildReturn_a9f4b9e2-e9ea-4456-80e3-47fe03b77367_639196407261645376.xml,WDBC,Go South Coast,Go South Coast 6671 Outbound,Albert Road - Alderney West,price_band_3.2@ChildReturn,3.2
BLUS_4014_Inbound_AdultReturn_a9f4b9e2-e9ea-4456-80e3-47fe03b77367_639196401851763851.xml,BLUS,Go South Coast,Go South Coast 4014 Inbound,Southampton - Hedge End,price_band_4.2@AdultReturn,4.2
SWWD_3684_Outbound_AdultSingle_a9f4b9e2-e9ea-4456-80e3-47fe03b77367_639196400290660095.xml,SWWD,Go South Coast,Go South Coast 3684 Outbound,Coombe Bissett - Burgate,price_band_4.2@AdultSingle,4.2
WDBC_1786_Inbound_ChildSingle_a9f4b9e2-e9ea-4456-80e3-47fe03b77367_639196379203343948.xml,WDBC,Go South Coast,Go South Coast 1786 Inbound,Park Gates - Bournemouth School for Girls,price_band_2.0@ChildSingle,2.0
WDBC_2906_Inbound_ChildReturn_a9f4b9e2-e9ea-4456-80e3-47fe03b77367_639196387737928859.xml,WDBC,Go South Coast,Go South Coast 2906 Inbound,Poole - Ringwood,price_band_3.1@ChildReturn,3.1
TDTR_7042_Outbound_AdultSingle_a9f4b9e2-e9ea-4456-80e3-47fe03b77367_639196408363317556.xml,TDTR,Go South Coast,Go South Coast 7042 Outbound,Calne - St John's School,price_band_1.5@AdultSingle,1.5
WDBC_8279_Outbound_ChildSingle_a9f4b9e2-e9ea-4456-80e3-47fe03b77367_639196410387977963.xml,WDBC,Go South Coast,Go South Coast 8279 Outbound,New Milton - Brockenhurst BLUE,price_band_3.3@ChildSingle,3.3
WDBC_2906_Inbound_ChildSingle_a9f4b9e2-e9ea-4456-80e3-47fe03b77367_639196387692353098.xml,WDBC,Go South Coast,Go South Coast 2906 Inbound,Poole - Ringwood,price_band_1.9@ChildSingle,1.9
WDBC_1053_Outbound_ChildSingle_a9f4b9e2-e9ea-4456-80e3-47fe03b77367_639196376334244450.xml,WDBC,Go South Coast,Go South Coast 1053 Outbound,Bournemouth - Wimborne,price_band_3.0@ChildSingle,3.0
WDBC_1053_Inbound_ChildSingle_d46597a9-440e-4c13-b49a-76a3986683d1_639196376215004487.xml,WDBC,Go South Coast,Go South Coast 1053 Inbound,Bournemouth - Wimborne,price_band_1.0@ChildSingle,1.0
BLUS_4001_Inbound_ChildSingle_eed5e2e8-c472-41af-825e-db09ec887334_639196400973010300.xml,BLUS,Go South Coast,Go South Coast 4001 Inbound,Southampton - Winchester,price_band_1.0@ChildSingle,1.0
WDBC_1053_Inbound_AdultReturn_a9f4b9e2-e9ea-4456-80e3-47fe03b77367_639196376027572776.xml,WDBC,Go South Coast,Go South Coast 1053 Inbound,Bournemouth - Wimborne,price_band_5.1@AdultReturn,5.1
WDBC_1741_Outbound_ChildReturn_a9f4b9e2-e9ea-4456-80e3-47fe03b77367_639196379085427524.xml,WDBC,Go South Coast,Go South Coast 1741 Outbound,Sandbanks Ferry - Parkstone Grammar School,price_band_2.3@ChildReturn,2.3
SWWD_7201_Outbound_AdultReturn_a9f4b9e2-e9ea-4456-80e3-47fe03b77367_639196409656757382.xml,SWWD,Go South Coast,Go South Coast 7201 Outbound,Figheldean - Salisbury,price_band_6.0@AdultReturn,6.0
WDBC_2002_Outbound_AdultReturn_a9f4b9e2-e9ea-4456-80e3-47fe03b77367_639196385363795459.xml,WDBC,Go South Coast,Go South Coast 2002 Outbound,Bournemouth - Lymington,price_band_5.1@AdultReturn,5.1
SWWD_3002_Inbound_ChildReturn_a9f4b9e2-e9ea-4456-80e3-47fe03b77367_639196390217555892.xml,SWWD,Go South Coast,Go South Coast 3002 Inbound,Salisbury - Devizes,price_band_3.8@ChildReturn,3.8
WDBC_8429_Outbound_AdultSingle_a9f4b9e2-e9ea-4456-80e3-47fe03b77367_639196410430594161.xml,WDBC,Go South Coast,Go South Coast 8429 Outbound,Exbury - Lyndhurst GREEN,price_band_2.5@AdultSingle,2.5
WDBC_2956_Inbound_AdultReturn_a9f4b9e2-e9ea-4456-80e3-47fe03b77367_639196389259023042.xml,WDBC,Go South Coast,Go South Coast 2956 Inbound,Ringwood - Bournemouth,price_band_4.7@AdultReturn,4.7
WDBC_1021_Inbound_ChildReturn_a9f4b9e2-e9ea-4456-80e3-47fe03b77367_639196374080460327.xml,WDBC,Go South Coast,Go South Coast 1021 Inbound,Bournemouth - High Howe,price_band_3.7@ChildReturn,3.7
SWWD_3303_Inbound_ChildSingle_a9f4b9e2-e9ea-4456-80e3-47fe03b77367_639196394405323604.xml,SWWD,Go South Coast,Go South Coast 3303 Inbound,City Centre - Ditchampton,price_band_2.5@ChildSingle,2.5
BLUS_4103_Outbound_ChildSingle_f15d1b06-486f-433a-8991-95f1a97a87e0_639196402697689468.xml,BLUS,Go South Coast,Go South Coast 4103 Outbound,Southampton - Eastleigh,price_band_1.0@ChildSingle,1.0
WDBC_6737_Inbound_ChildSingle_a9f4b9e2-e9ea-4456-80e3-47fe03b77367_639196407385195955.xml,WDBC,Go South Coast,Go South Coast 6737 Inbound,Verwood - Ferndown Upper School,price_band_3.5@ChildSingle,3.5
WDBC_1003_Inbound_ChildSingle_d46597a9-440e-4c13-b49a-76a3986683d1_639196370420901638.xml,WDBC,Go South Coast,Go South Coast 1003 Inbound,Poole - Wimborne,price_band_2.8@ChildSingle,2.8
WDBC_2001_Outbound_AdultReturn_a9f4b9e2-e9ea-4456-80e3-47fe03b77367_639196384662992972.xml,WDBC,Go South Coast,Go South Coast 2001 Outbound,Bournemouth - Lymington,price_band_4.5@AdultReturn,4.5
SVCT_5004_Outbound_YoungAdSingle_a9f4b9e2-e9ea-4456-80e3-47fe03b77367_639196403865009601.xml,SVCT,Go South Coast,Go South Coast 5004 Outbound,Ryde  - East Cowes,price_band_3.0@YoungAdSingle,3.0
SWWD_3885_Inbound_AdultReturn_a9f4b9e2-e9ea-4456-80e3-47fe03b77367_639196400739582598.xml,SWWD,Go South Coast,Go South Coast 3885 Inbound,Whaddon - Burgate School,price_band_4.7@AdultReturn,4.7
SWWD_3166_Inbound_AdultReturn_a9f4b9e2-e9ea-4456-80e3-47fe03b77367_639196393590483712.xml,SWWD,Go South Coast,Go South Coast 3166 Inbound,South Wilts Grammar School - Idmiston,price_band_5.7@AdultReturn,5.7
TDTR_7052_Inbound_YoungPersonSgl_a9f4b9e2-e9ea-4456-80e3-47fe03b77367_639196408580868281.xml,TDTR,Go South Coast,Go South Coast 7052 Inbound,Barnfield - Okus,price_band_2.5@YoungPersonSgl,2.5
WDBC_1053_Inbound_AdultReturn_a9f4b9e2-e9ea-4456-80e3-47fe03b77367_639196376027572776.xml,WDBC,Go South Coast,Go South Coast 1053 Inbound,Bournemouth - Wimborne,price_band_6.0@AdultReturn,6.0
SWWD_3513_Inbound_ChildReturn_a9f4b9e2-e9ea-4456-80e3-47fe03b77367_639196399171113761.xml,SWWD,Go South Coast,Go South Coast 3513 Inbound,Blue Boar Row - Bulbridge Chantry Road,price_band_3.6@ChildReturn,3.6
WDBC_1806_Outbound_ChildReturn_a9f4b9e2-e9ea-4456-80e3-47fe03b77367_639196379964545373.xml,WDBC,Go South Coast,Go South Coast 1806 Outbound,Bournemouth - Wimborne,price_band_3.7@ChildReturn,3.7
WDBC_2761_Outbound_ChildReturn_a9f4b9e2-e9ea-4456-80e3-47fe03b77367_639196387451111130.xml,WDBC,Go South Coast,Go South Coast 2761 Outbound,Bunkers Hill Cottage - Priestlands School,price_band_4.3@ChildReturn,4.3
SWWD_3677_Outbound_AdultReturn_a9f4b9e2-e9ea-4456-80e3-47fe03b77367_639196400212676734.xml,SWWD,Go South Coast,Go South Coast 3677 Outbound,Stratford Road Grammar School - West Wellow,price_band_5.8@AdultReturn,5.8
BLUS_4026_Outbound_AdultSingle_f15d1b06-486f-433a-8991-95f1a97a87e0_639196402519190382.xml,BLUS,Go South Coast,Go South Coast 4026 Outbound,Southampton - Whiteley,price_band_1.0@AdultSingle,1.0
SWWD_3495_Outbound_ChildReturn_a9f4b9e2-e9ea-4456-80e3-47fe03b77367_639196398999976967.xml,SWWD,Go South Coast,Go South Coast 3495 Outbound,Swindon - Pewsey,price_band_5.0@ChildReturn,5.0
WDBC_1903_Outbound_AdultReturn_a9f4b9e2-e9ea-4456-80e3-47fe03b77367_639196383307648736.xml,WDBC,Go South Coast,Go South Coast 1903 Outbound,Poole - Wimborne,price_band_6.0@AdultReturn,6.0
DAMY_6486_Outbound_ChildSingle_a9f4b9e2-e9ea-4456-80e3-47fe03b77367_639196407055195196.xml,DAMY,Go South Coast,Go South Coast 6486 Outbound,Milton Abbey - Thomas Hardye,price_band_4.7@ChildSingle,4.7
SWWD_3511_Outbound_ChildReturn_a9f4b9e2-e9ea-4456-80e3-47fe03b77367_639196399135198024.xml,SWWD,Go South Coast,Go South Coast 3511 Outbound,Blue Boar Row - Old Sarum,price_band_3.6@ChildReturn,3.6
WDBC_1017_Outbound_ChildReturn_a9f4b9e2-e9ea-4456-80e3-47fe03b77367_639196372944669512.xml,WDBC,Go South Coast,Go South Coast 1017 Outbound,Poole - Bournemouth,price_band_3.2@ChildReturn,3.2
WDBC_1032_Outbound_AdultReturn_a9f4b9e2-e9ea-4456-80e3-47fe03b77367_639196374416851020.xml,WDBC,Go South Coast,Go South Coast 1032 Outbound,Poole - Bournemouth,price_band_4.8@AdultReturn,4.8
BLUS_4015_Inbound_AdultSingle_a9f4b9e2-e9ea-4456-80e3-47fe03b77367_639196401912725843.xml,BLUS,Go South Coast,Go South Coast 4015 Inbound,Central Station - Hamble,price_band_2.6@AdultSingle,2.6
BLUS_4011_Outbound_ChildSingle_a9f4b9e2-e9ea-4456-80e3-47fe03b77367_639196401722819212.xml,BLUS,Go South Coast,Go South Coast 4011 Outbound,Southampton - West Totton,price_band_2.5@ChildSingle,2.5
WDBC_1836_Outbound_AdultSingle_a9f4b9e2-e9ea-4456-80e3-47fe03b77367_639196381799121304.xml,WDBC,Go South Coast,Go South Coast 1836 Outbound,Talbot View - Kinson,price_band_2.3@AdultSingle,2.3
SWWD_3763_Outbound_ChildSingle_a9f4b9e2-e9ea-4456-80e3-47fe03b77367_639196400511467841.xml,SWWD,Go South Coast,Go South Coast 3763 Outbound,Mount Pleasant Farm - Burgate School,price_band_3.4@ChildSingle,3.4
BLUS_3135_Outbound_ChildReturn_a9f4b9e2-e9ea-4456-80e3-47fe03b77367_639196393320007740.xml,BLUS,Go South Coast,Go South Coast 3135 Outbound,Romsey - Braishfield,price_band_4.5@ChildReturn,4.5
UNIL_4742_Inbound_ChildSingle_f15d1b06-486f-433a-8991-95f1a97a87e0_639196403348597789.xml,UNIL,Go South Coast,Go South Coast 4742 Inbound,Chamberlain Halls - Highfield,price_band_1.0@ChildSingle,1.0
TDTR_7005_Outbound_YoungPersonSgl_a9f4b9e2-e9ea-4456-80e3-47fe03b77367_639196408099935104.xml,TDTR,Go South Coast,Go South Coast 7005 Outbound,Haydon Wick - Park North,price_band_1.8@YoungPersonSgl,1.8
WDBC_1020_Outbound_AdultReturn_a9f4b9e2-e9ea-4456-80e3-47fe03b77367_639196373663947034.xml,WDBC,Go South Coast,Go South Coast 1020 Outbound,Poole - Christchurch,price_band_4.7@AdultReturn,4.7
WDBC_1806_Outbound_ChildSingle_d46597a9-440e-4c13-b49a-76a3986683d1_639196379999922462.xml,WDBC,Go South Coast,Go South Coast 1806 Outbound,Bournemouth - Wimborne,price_band_2.7@ChildSingle,2.7
BLUS_3634_Outbound_ChildReturn_a9f4b9e2-e9ea-4456-80e3-47fe03b77367_639196399704054492.xml,BLUS,Go South Coast,Go South Coast 3634 Outbound,East Wellow  - Romsey School,price_band_5.5@ChildReturn,5.5
TDTR_7146_Inbound_ChildSingle_a9f4b9e2-e9ea-4456-80e3-47fe03b77367_639196409031966467.xml,TDTR,Go South Coast,Go South Coast 7146 Inbound,Swindon - Hungerford,price_band_2.0@ChildSingle,2.0
BLUS_4007_Inbound_AdultSingle_f15d1b06-486f-433a-8991-95f1a97a87e0_639196401337766470.xml,BLUS,Go South Coast,Go South Coast 4007 Inbound,Lordshill - Sholing,price_band_1.0@AdultSingle,1.0
SWWD_3102_Inbound_ChildReturn_a9f4b9e2-e9ea-4456-80e3-47fe03b77367_639196392142959391.xml,SWWD,Go South Coast,Go South Coast 3102 Inbound,Salisbury - Devizes,price_band_2.5@ChildReturn,2.5
SWWD_3125_Inbound_ChildReturn_a9f4b9e2-e9ea-4456-80e3-47fe03b77367_639196392828778045.xml,SWWD,Go South Coast,Go South Coast 3125 Inbound,South Wilts Grammar School - Hindon,price_band_4.5@ChildReturn,4.5
SWWD_3402_Outbound_AdultReturn_a9f4b9e2-e9ea-4456-80e3-47fe03b77367_639196395933624667.xml,SWWD,Go South Coast,Go South Coast 3402 Outbound,Salisbury - Devizes,price_band_4.5@AdultReturn,4.5
WDBC_6448_Outbound_ChildReturn_a9f4b9e2-e9ea-4456-80e3-47fe03b77367_639196406895676567.xml,WDBC,Go South Coast,Go South Coast 6448 Outbound,Furnell Road - Parkstone Grammar,price_band_2.4@ChildReturn,2.4
WDBC_6903_Inbound_ChildSingle_a9f4b9e2-e9ea-4456-80e3-47fe03b77367_639196407469886969.xml,WDBC,Go South Coast,Go South Coast 6903 Inbound,Swanage - Lulworth,price_band_1.9@ChildSingle,1.9
BLUS_4204_Inbound_AdultSingle_a9f4b9e2-e9ea-4456-80e3-47fe03b77367_639196402826651028.xml,BLUS,Go South Coast,Go South Coast 4204 Inbound,Totton - Totton Anti-Clockwise,price_band_2.5@AdultSingle,2.5
WDBC_2906_Inbound_ChildSingle_d46597a9-440e-4c13-b49a-76a3986683d1_639196388050132362.xml,WDBC,Go South Coast,Go South Coast 2906 Inbound,Poole - Ringwood,price_band_2.6@ChildSingle,2.6
SVCT_5037_Outbound_YoungAdSingle_a9f4b9e2-e9ea-4456-80e3-47fe03b77367_639196404504253111.xml,SVCT,Go South Coast,Go South Coast 5037 Outbound,Ryde  - Ryde,price_band_2.4@YoungAdSingle,2.4
WDBC_1015_Inbound_AdultSingle_a9f4b9e2-e9ea-4456-80e3-47fe03b77367_639196371683321933.xml,WDBC,Go South Coast,Go South Coast 1015 Inbound,Poole - Bournemouth Hospital,price_band_3.0@AdultSingle,3.0
WDBC_1818_Inbound_ChildSingle_d46597a9-440e-4c13-b49a-76a3986683d1_639196380317842090.xml,WDBC,Go South Coast,Go South Coast 1818 Inbound,Bournemouth - Broadstone,price_band_1.0@ChildSingle,1.0
DAMY_6505_Outbound_ChildReturn_a9f4b9e2-e9ea-4456-80e3-47fe03b77367_639196407235345589.xml,DAMY,Go South Coast,Go South Coast 6505 Outbound,Weymouth - Dorchester,price_band_3.7@ChildReturn,3.7
WDBC_1105_Outbound_ChildReturn_a9f4b9e2-e9ea-4456-80e3-47fe03b77367_639196377260202155.xml,WDBC,Go South Coast,Go South Coast 1105 Outbound,Poole - Tower Park,price_band_2.8@ChildReturn,2.8
SWWD_7201_Outbound_ChildReturn_a9f4b9e2-e9ea-4456-80e3-47fe03b77367_639196409679715329.xml,SWWD,Go South Coast,Go South Coast 7201 Outbound,Figheldean - Salisbury,price_band_2.4@ChildReturn,2.4
SWWD_7201_Inbound_ChildReturn_a9f4b9e2-e9ea-4456-80e3-47fe03b77367_639196409634398062.xml,SWWD,Go South Coast,Go South Coast 7201 Inbound,Figheldean - Salisbury,price_band_4.1@ChildReturn,4.1
SWWD_3883_Inbound_AdultSingle_a9f4b9e2-e9ea-4456-80e3-47fe03b77367_639196400670087903.xml,SWWD,Go South Coast,Go South Coast 3883 Inbound,Bishopdown Farm  - Burgate School,price_band_2.3@AdultSingle,2.3
WDBC_1841_Inbound_AdultSingle_d46597a9-440e-4c13-b49a-76a3986683d1_639196382058872650.xml,WDBC,Go South Coast,Go South Coast 1841 Inbound,Bournemouth - Mudeford and Somerford,price_band_1.0@AdultSingle,1.0
TDTR_7537_Inbound_AdultReturn_a9f4b9e2-e9ea-4456-80e3-47fe03b77367_639196409890524142.xml,TDTR,Go South Coast,Go South Coast 7537 Inbound,Highworth - Cirencester College,price_band_8.3@AdultReturn,8.3
TDTR_7180_Inbound_YoungPersonRtn_a9f4b9e2-e9ea-4456-80e3-47fe03b77367_639196409480175907.xml,TDTR,Go South Coast,Go South Coast 7180 Inbound,Marlborough - Ludgershall,price_band_3.0@YoungPersonRtn,3.0
TDTR_7042_Outbound_ChildReturn_a9f4b9e2-e9ea-4456-80e3-47fe03b77367_639196408348218188.xml,TDTR,Go South Coast,Go South Coast 7042 Outbound,Calne - St John's School,price_band_1.2@ChildReturn,1.2
SWWD_3881_Outbound_AdultSingle_a9f4b9e2-e9ea-4456-80e3-47fe03b77367_639196400596045153.xml,SWWD,Go South Coast,Go South Coast 3881 Outbound,Wilton Road  - Burgate School,price_band_2.3@AdultSingle,2.3
SWWD_3881_Outbound_AdultReturn_a9f4b9e2-e9ea-4456-80e3-47fe03b77367_639196400602662314.xml,SWWD,Go South Coast,Go South Coast 3881 Outbound,Wilton Road  - Burgate School,price_band_4.5@AdultReturn,4.5
BLUS_4004_Outbound_AdultReturn_a9f4b9e2-e9ea-4456-80e3-47fe03b77367_639196401160156794.xml,BLUS,Go South Coast,Go South Coast 4004 Outbound,Southampton - Romsey,price_band_4.9@AdultReturn,4.9
WDBC_8409_Outbound_ChildSingle_a9f4b9e2-e9ea-4456-80e3-47fe03b77367_639196410426715561.xml,WDBC,Go South Coast,Go South Coast 8409 Outbound,Lyndhurst - Exbury GREEN,price_band_3.2@ChildSingle,3.2
SWWD_3304_Outbound_AdultReturn_a9f4b9e2-e9ea-4456-80e3-47fe03b77367_639196394490792424.xml,SWWD,Go South Coast,Go South Coast 3304 Outbound,City Centre - Paul's Dene,price_band_4.2@AdultReturn,4.2
SVCT_5089_Outbound_ChildSingle_a9f4b9e2-e9ea-4456-80e3-47fe03b77367_639196404671030305.xml,SVCT,Go South Coast,Go South Coast 5089 Outbound,Newport  - Ryde,price_band_2.4@ChildSingle,2.4
WDBC_1755_Outbound_AdultReturn_a9f4b9e2-e9ea-4456-80e3-47fe03b77367_639196379138502871.xml,WDBC,Go South Coast,Go South Coast 1755 Outbound,Bournemouth Station - Bournemouth School for Girls,price_band_3.8@AdultReturn,3.8
WDBC_1020_Inbound_AdultSingle_a9f4b9e2-e9ea-4456-80e3-47fe03b77367_639196373411086075.xml,WDBC,Go South Coast,Go South Coast 1020 Inbound,Poole - Christchurch,price_band_2.8@AdultSingle,2.8
DAMY_6787_Inbound_ChildReturn_a9f4b9e2-e9ea-4456-80e3-47fe03b77367_639196407412518109.xml,DAMY,Go South Coast,Go South Coast 6787 Inbound,Winfrith Newburgh - Purbeck School,price_band_6.9@ChildReturn,6.9
TDTR_7080_Outbound_AdultReturn_a9f4b9e2-e9ea-4456-80e3-47fe03b77367_639196408817785315.xml,TDTR,Go South Coast,Go South Coast 7080 Outbound,Swindon - Marlborough,price_band_4.5@AdultReturn,4.5
WDBC_1011_Outbound_ChildReturn_a9f4b9e2-e9ea-4456-80e3-47fe03b77367_639196371081628281.xml,WDBC,Go South Coast,Go South Coast 1011 Outbound,Bournemouth - Canford Paddock,price_band_3.4@ChildReturn,3.4
WDBC_1908_Inbound_ChildSingle_d46597a9-440e-4c13-b49a-76a3986683d1_639196383460484098.xml,WDBC,Go South Coast,Go South Coast 1908 Inbound,Poole - Blandford,price_band_2.8@ChildSingle,2.8
WDBC_1170_Outbound_AdultSingle_a9f4b9e2-e9ea-4456-80e3-47fe03b77367_639196378421741130.xml,WDBC,Go South Coast,Go South Coast 1170 Outbound,Rockley Park - Hengistbury Head,price_band_2.5@AdultSingle,2.5
WDBC_1002_Outbound_ChildSingle_a9f4b9e2-e9ea-4456-80e3-47fe03b77367_639196370118848525.xml,WDBC,Go South Coast,Go South Coast 1002 Outbound,Poole - Southbourne,price_band_2.1@ChildSingle,2.1
SVCT_8501_Outbound_ChildSingle_a9f4b9e2-e9ea-4456-80e3-47fe03b77367_639196410602290032.xml,SVCT,Go South Coast,Go South Coast 8501 Outbound,Island Coaster - West,price_band_2.4@ChildSingle,2.4
BLUS_4538_Inbound_ChildReturn_a9f4b9e2-e9ea-4456-80e3-47fe03b77367_639196403016404997.xml,BLUS,Go South Coast,Go South Coast 4538 Inbound,Rushington - Applemore College,price_band_4.6@ChildReturn,4.6
SWWD_3040_Inbound_ChildReturn_a9f4b9e2-e9ea-4456-80e3-47fe03b77367_639196391517369137.xml,SWWD,Go South Coast,Go South Coast 3040 Inbound,Salisbury - Woodfalls,price_band_3.6@ChildReturn,3.6
SWWD_3040_Outbound_ChildSingle_a9f4b9e2-e9ea-4456-80e3-47fe03b77367_639196391578171459.xml,SWWD,Go South Coast,Go South Coast 3040 Outbound,Salisbury - Woodfalls,price_band_2.9@ChildSingle,2.9
WDBC_1005_Inbound_AdultSingle_a9f4b9e2-e9ea-4456-80e3-47fe03b77367_639196370499847221.xml,WDBC,Go South Coast,Go South Coast 1005 Inbound,Poole - Tower Park,price_band_2.3@AdultSingle,2.3
SWWD_3404_Outbound_ChildSingle_a9f4b9e2-e9ea-4456-80e3-47fe03b77367_639196396341061238.xml,SWWD,Go South Coast,Go South Coast 3404 Outbound,Salisbury - Larkhill,price_band_3.0@ChildSingle,3.0
WDBC_1054_Inbound_ChildSingle_d46597a9-440e-4c13-b49a-76a3986683d1_639196376593709307.xml,WDBC,Go South Coast,Go South Coast 1054 Inbound,Poole - Wimborne,price_band_1.0@ChildSingle,1.0
SWWD_3008_Inbound_ChildReturn_a9f4b9e2-e9ea-4456-80e3-47fe03b77367_639196390712342619.xml,SWWD,Go South Coast,Go South Coast 3008 Inbound,Salisbury - Zouch Estate,price_band_2.9@ChildReturn,2.9
SWWD_3303_Inbound_AdultReturn_a9f4b9e2-e9ea-4456-80e3-47fe03b77367_639196394392677512.xml,SWWD,Go South Coast,Go South Coast 3303 Inbound,City Centre - Ditchampton,price_band_4.5@AdultReturn,4.5
TDTR_7076_Outbound_YoungPersonRtn_a9f4b9e2-e9ea-4456-80e3-47fe03b77367_639196408736218992.xml,TDTR,Go South Coast,Go South Coast 7076 Outbound,Marlborough - Bath,price_band_1.7@YoungPersonRtn,1.7
WDBC_1016_Inbound_ChildReturn_a9f4b9e2-e9ea-4456-80e3-47fe03b77367_639196372076738338.xml,WDBC,Go South Coast,Go South Coast 1016 Inbound,Poole - Bournemouth,price_band_2.9@ChildReturn,2.9
SVCT_5105_Inbound_YoungAdSingle_a9f4b9e2-e9ea-4456-80e3-47fe03b77367_639196405006908217.xml,SVCT,Go South Coast,Go South Coast 5105 Inbound,East Cowes - Newport,price_band_2.4@YoungAdSingle,2.4
WDBC_1032_Outbound_AdultReturn_a9f4b9e2-e9ea-4456-80e3-47fe03b77367_639196374416851020.xml,WDBC,Go South Coast,Go South Coast 1032 Outbound,Poole - Bournemouth,price_band_4.5@AdultReturn,4.5
WDBC_1003_Outbound_AdultSingle_d46597a9-440e-4c13-b49a-76a3986683d1_639196370476328230.xml,WDBC,Go South Coast,Go South Coast 1003 Outbound,Poole - Wimborne,price_band_3.0@AdultSingle,3.0
WDBC_1836_Outbound_AdultSingle_a9f4b9e2-e9ea-4456-80e3-47fe03b77367_639196381799121304.xml,WDBC,Go South Coast,Go South Coast 1836 Outbound,Talbot View - Kinson,price_band_2.6@AdultSingle,2.6
WDBC_2956_Outbound_ChildSingle_a9f4b9e2-e9ea-4456-80e3-47fe03b77367_639196389678919503.xml,WDBC,Go South Coast,Go South Coast 2956 Outbound,Ringwood - Bournemouth,price_band_2.3@ChildSingle,2.3
UNIL_4702_Outbound_AdultSingle_eed5e2e8-c472-41af-825e-db09ec887334_639196403099469517.xml,UNIL,Go South Coast,Go South Coast 4702 Outbound,Mayflower Halls - Bassett Green,price_band_1.0@AdultSingle,1.0
BLUS_4015_Outbound_ChildReturn_a9f4b9e2-e9ea-4456-80e3-47fe03b77367_639196401954331863.xml,BLUS,Go South Coast,Go South Coast 4015 Outbound,Central Station - Hamble,price_band_2.6@ChildReturn,2.6
BLUS_4019_Outbound_AdultSingle_eed5e2e8-c472-41af-825e-db09ec887334_639196402269449289.xml,BLUS,Go South Coast,Go South Coast 4019 Outbound,Thornhill - Lordshill,price_band_1.0@AdultSingle,1.0
SWWD_3325_Inbound_ChildReturn_a9f4b9e2-e9ea-4456-80e3-47fe03b77367_639196394859392639.xml,SWWD,Go South Coast,Go South Coast 3325 Inbound,South Wilts Grammar School - Hindon,price_band_3.6@ChildReturn,3.6
TDTR_7011_Inbound_AdultSingle_a9f4b9e2-e9ea-4456-80e3-47fe03b77367_639196408118562014.xml,TDTR,Go South Coast,Go South Coast 7011 Inbound,Taw Hill - Middle Wichel,price_band_2.8@AdultSingle,2.8
WDBC_1114_Inbound_ChildReturn_a9f4b9e2-e9ea-4456-80e3-47fe03b77367_639196377684555116.xml,WDBC,Go South Coast,Go South Coast 1114 Inbound,Poole - RB Hospital,price_band_3.1@ChildReturn,3.1
TDTR_7826_Outbound_AdultSingle_a9f4b9e2-e9ea-4456-80e3-47fe03b77367_639196410207210660.xml,TDTR,Go South Coast,Go South Coast 7826 Outbound,Draycot Foliat - Ridgeway School,price_band_3.3@AdultSingle,3.3
WDBC_1013_Outbound_AdultSingle_2f1f0c04-770d-4707-ab06-213c5a798ad7_639196371544618816.xml,WDBC,Go South Coast,Go South Coast 1013 Outbound,Bournemouth - Wimborne,price_band_2.8@AdultSingle,2.8
WDBC_1011_Inbound_ChildReturn_a9f4b9e2-e9ea-4456-80e3-47fe03b77367_639196371001216345.xml,WDBC,Go South Coast,Go South Coast 1011 Inbound,Bournemouth - Canford Paddock,price_band_2.2@ChildReturn,2.2
WDBC_1003_Outbound_ChildSingle_2f1f0c04-770d-4707-ab06-213c5a798ad7_639196370485563140.xml,WDBC,Go South Coast,Go South Coast 1003 Outbound,Poole - Wimborne,price_band_1.9@ChildSingle,1.9
SWWD_3125_Inbound_ChildReturn_a9f4b9e2-e9ea-4456-80e3-47fe03b77367_639196392828778045.xml,SWWD,Go South Coast,Go South Coast 3125 Inbound,South Wilts Grammar School - Hindon,price_band_3.2@ChildReturn,3.2
TDTR_7042_Outbound_ChildSingle_a9f4b9e2-e9ea-4456-80e3-47fe03b77367_639196408331477297.xml,TDTR,Go South Coast,Go South Coast 7042 Outbound,Calne - St John's School,price_band_1.5@ChildSingle,1.5
WDBC_1643_Inbound_ChildSingle_d46597a9-440e-4c13-b49a-76a3986683d1_639196378894869990.xml,WDBC,Go South Coast,Go South Coast 1643 Inbound,Fishermans Walk - Talbot Campus,price_band_1.0@ChildSingle,1.0
SWWD_8334_Inbound_AdultSingle_a9f4b9e2-e9ea-4456-80e3-47fe03b77367_639196410411602919.xml,SWWD,Go South Coast,Go South Coast 8334 Inbound,Wilton P&R - Stonehenge,price_band_10.0@AdultSingle,10.0
WDBC_6943_Outbound_AdultReturn_a9f4b9e2-e9ea-4456-80e3-47fe03b77367_639196408030521027.xml,WDBC,Go South Coast,Go South Coast 6943 Outbound,Lulworth - Weymouth,price_band_4.8@AdultReturn,4.8
WDBC_1741_Outbound_AdultSingle_a9f4b9e2-e9ea-4456-80e3-47fe03b77367_639196379075274914.xml,WDBC,Go South Coast,Go South Coast 1741 Outbound,Sandbanks Ferry - Parkstone Grammar School,price_band_2.2@AdultSingle,2.2
WDBC_6415_Outbound_AdultSingle_a9f4b9e2-e9ea-4456-80e3-47fe03b77367_639196406551733639.xml,WDBC,Go South Coast,Go South Coast 6415 Outbound,St Anns Hospital - Poole Grammar School,price_band_3.5@AdultSingle,3.5
SWWD_3886_Outbound_ChildSingle_a9f4b9e2-e9ea-4456-80e3-47fe03b77367_639196400895237132.xml,SWWD,Go South Coast,Go South Coast 3886 Outbound,St Peters Place  - Burgate School,price_band_2.9@ChildSingle,2.9
SWWD_3029_Inbound_ChildSingle_a9f4b9e2-e9ea-4456-80e3-47fe03b77367_639196391365576655.xml,SWWD,Go South Coast,Go South Coast 3029 Inbound,Salisbury - Shaftesbury,price_band_2.3@ChildSingle,2.3
WDBC_2003_Outbound_ChildReturn_a9f4b9e2-e9ea-4456-80e3-47fe03b77367_639196386007497361.xml,WDBC,Go South Coast,Go South Coast 2003 Outbound,Salisbury - Bournemouth,price_band_3.4@ChildReturn,3.4
SWWD_3495_Outbound_ChildSingle_a9f4b9e2-e9ea-4456-80e3-47fe03b77367_639196399012648638.xml,SWWD,Go South Coast,Go South Coast 3495 Outbound,Swindon - Pewsey,price_band_3.0@ChildSingle,3.0
SWWD_3125_Outbound_ChildReturn_a9f4b9e2-e9ea-4456-80e3-47fe03b77367_639196392988098341.xml,SWWD,Go South Coast,Go South Coast 3125 Outbound,South Wilts Grammar School - Hindon,price_band_5.3@ChildReturn,5.3
SWWD_7086_Outbound_AdultSingle_a9f4b9e2-e9ea-4456-80e3-47fe03b77367_639196408892154118.xml,SWWD,Go South Coast,Go South Coast 7086 Outbound,Ansty - Shaftesbury,price_band_2.4@AdultSingle,2.4
SVCT_5106_Inbound_ChildSingle_a9f4b9e2-e9ea-4456-80e3-47fe03b77367_639196405051383561.xml,SVCT,Go South Coast,Go South Coast 5106 Inbound,Ventnor  - Newport,price_band_3.0@ChildSingle,3.0
SWWD_3457_Outbound_AdultSingle_a9f4b9e2-e9ea-4456-80e3-47fe03b77367_639196398186997020.xml,SWWD,Go South Coast,Go South Coast 3457 Outbound,Salisbury - Southampton,price_band_2.6@AdultSingle,2.6
WDBC_1021_Outbound_ChildReturn_a9f4b9e2-e9ea-4456-80e3-47fe03b77367_639196374187242002.xml,WDBC,Go South Coast,Go South Coast 1021 Outbound,Bournemouth - High Howe,price_band_3.1@ChildReturn,3.1
WDBC_2176_Inbound_AdultSingle_a9f4b9e2-e9ea-4456-80e3-47fe03b77367_639196386498624976.xml,WDBC,Go South Coast,Go South Coast 2176 Inbound,Christchurch - Ringwood,price_band_3.0@AdultSingle,3.0
SWWD_3012_Inbound_AdultReturn_a9f4b9e2-e9ea-4456-80e3-47fe03b77367_639196391236259509.xml,SWWD,Go South Coast,Go South Coast 3012 Inbound,Salisbury - Stratford,price_band_4.5@AdultReturn,4.5
SVCT_5007_Outbound_ChildSingle_a9f4b9e2-e9ea-4456-80e3-47fe03b77367_639196404048053175.xml,SVCT,Go South Coast,Go South Coast 5007 Outbound,Newport  - Alum Bay,price_band_3.0@ChildSingle,3.0
SWWD_3533_Inbound_AdultReturn_a9f4b9e2-e9ea-4456-80e3-47fe03b77367_639196399556459866.xml,SWWD,Go South Coast,Go South Coast 3533 Inbound,Dinton - City Centre,price_band_4.5@AdultReturn,4.5
TDTR_7061_Outbound_AdultSingle_a9f4b9e2-e9ea-4456-80e3-47fe03b77367_639196408619937469.xml,TDTR,Go South Coast,Go South Coast 7061 Outbound,Great Western Hospital - Middleleaze,price_band_2.2@AdultSingle,2.2
WDBC_1788_Outbound_AdultSingle_a9f4b9e2-e9ea-4456-80e3-47fe03b77367_639196379261422382.xml,WDBC,Go South Coast,Go South Coast 1788 Outbound,Walkford - Bournemouth School for Girls,price_band_4.7@AdultSingle,4.7
SWWD_7201_Outbound_ChildReturn_a9f4b9e2-e9ea-4456-80e3-47fe03b77367_639196409679715329.xml,SWWD,Go South Coast,Go South Coast 7201 Outbound,Figheldean - Salisbury,price_band_4.1@ChildReturn,4.1
SWWD_3087_Inbound_AdultReturn_a9f4b9e2-e9ea-4456-80e3-47fe03b77367_639196391719718334.xml,SWWD,Go South Coast,Go South Coast 3087 Inbound,South Wilts Grammar School - Lopcombe Corner,price_band_4.2@AdultReturn,4.2
WDBC_1052_Outbound_AdultSingle_2f1f0c04-770d-4707-ab06-213c5a798ad7_639196375950809104.xml,WDBC,Go South Coast,Go South Coast 1052 Outbound,Rockley - Sandbanks,price_band_1.0@AdultSingle,1.0
WDBC_1789_Inbound_AdultSingle_a9f4b9e2-e9ea-4456-80e3-47fe03b77367_639196379307254639.xml,WDBC,Go South Coast,Go South Coast 1789 Inbound,Bournemouth School for Girls - Lymington,price_band_2.9@AdultSingle,2.9
WDBC_1903_Inbound_AdultReturn_a9f4b9e2-e9ea-4456-80e3-47fe03b77367_639196383158516479.xml,WDBC,Go South Coast,Go South Coast 1903 Inbound,Poole - Wimborne,price_band_4.5@AdultReturn,4.5
DAMY_6307_Outbound_ChildReturn_a9f4b9e2-e9ea-4456-80e3-47fe03b77367_639196406455837620.xml,DAMY,Go South Coast,Go South Coast 6307 Outbound,Blandford - Shaftesbury,price_band_2.5@ChildReturn,2.5
BLUS_4015_Inbound_AdultSingle_a9f4b9e2-e9ea-4456-80e3-47fe03b77367_639196401912725843.xml,BLUS,Go South Coast,Go South Coast 4015 Inbound,Central Station - Hamble,price_band_3.0@AdultSingle,3.0
SWWD_3645_Inbound_ChildReturn_a9f4b9e2-e9ea-4456-80e3-47fe03b77367_639196399792578213.xml,SWWD,Go South Coast,Go South Coast 3645 Inbound,Stratford Road Grammar School - Hamptworth Cuckoo,price_band_5.6@ChildReturn,5.6
WDBC_2002_Inbound_ChildSingle_a9f4b9e2-e9ea-4456-80e3-47fe03b77367_639196385089390985.xml,WDBC,Go South Coast,Go South Coast 2002 Inbound,Bournemouth - Lymington,price_band_2.5@ChildSingle,2.5
WDBC_1054_Inbound_AdultReturn_a9f4b9e2-e9ea-4456-80e3-47fe03b77367_639196376467401475.xml,WDBC,Go South Coast,Go South Coast 1054 Inbound,Poole - Wimborne,price_band_4.5@AdultReturn,4.5
WDBC_1013_Inbound_ChildReturn_a9f4b9e2-e9ea-4456-80e3-47fe03b77367_639196371231761902.xml,WDBC,Go South Coast,Go South Coast 1013 Inbound,Bournemouth - Wimborne,price_band_3.7@ChildReturn,3.7
TDTR_7146_Outbound_ChildSingle_a9f4b9e2-e9ea-4456-80e3-47fe03b77367_639196409087562810.xml,TDTR,Go South Coast,Go South Coast 7146 Outbound,Swindon - Hungerford,price_band_1.4@ChildSingle,1.4
WDBC_1837_Outbound_ChildSingle_d46597a9-440e-4c13-b49a-76a3986683d1_639196381971154071.xml,WDBC,Go South Coast,Go South Coast 1837 Outbound,Bournemouth - Bournemouth International Airport,price_band_2.8@ChildSingle,2.8
TDTR_7046_Outbound_AdultSingle_a9f4b9e2-e9ea-4456-80e3-47fe03b77367_639196408426620170.xml,TDTR,Go South Coast,Go South Coast 7046 Outbound,Swindon - Hungerford,price_band_2.2@AdultSingle,2.2
SWWD_3366_Outbound_ChildSingle_a9f4b9e2-e9ea-4456-80e3-47fe03b77367_639196395743233694.xml,SWWD,Go South Coast,Go South Coast 3366 Outbound,South Wilts Grammar School - Idmiston,price_band_2.3@ChildSingle,2.3
WDBC_1013_Outbound_ChildSingle_2f1f0c04-770d-4707-ab06-213c5a798ad7_639196371605999149.xml,WDBC,Go South Coast,Go South Coast 1013 Outbound,Bournemouth - Wimborne,price_band_2.3@ChildSingle,2.3
WDBC_2001_Inbound_ChildReturn_a9f4b9e2-e9ea-4456-80e3-47fe03b77367_639196384347707226.xml,WDBC,Go South Coast,Go South Coast 2001 Inbound,Bournemouth - Lymington,price_band_5.1@ChildReturn,5.1
WDBC_6415_Outbound_ChildReturn_a9f4b9e2-e9ea-4456-80e3-47fe03b77367_639196406567395495.xml,WDBC,Go South Coast,Go South Coast 6415 Outbound,St Anns Hospital - Poole Grammar School,price_band_3.3@ChildReturn,3.3
WDBC_2176_Outbound_AdultReturn_a9f4b9e2-e9ea-4456-80e3-47fe03b77367_639196386587781987.xml,WDBC,Go South Coast,Go South Coast 2176 Outbound,Christchurch - Ringwood,price_band_4.2@AdultReturn,4.2
SWWD_3305_Outbound_AdultSingle_a9f4b9e2-e9ea-4456-80e3-47fe03b77367_639196394511463548.xml,SWWD,Go South Coast,Go South Coast 3305 Outbound,City Centre - West Harnham,price_band_3.0@AdultSingle,3.0
WDBC_1017_Outbound_ChildReturn_a9f4b9e2-e9ea-4456-80e3-47fe03b77367_639196372944669512.xml,WDBC,Go South Coast,Go South Coast 1017 Outbound,Poole - Bournemouth,price_band_3.4@ChildReturn,3.4
BLUS_4805_Outbound_ChildSingle_a9f4b9e2-e9ea-4456-80e3-47fe03b77367_639196403455859424.xml,BLUS,Go South Coast,Go South Coast 4805 Outbound,Boyatt Wood - Shootash,price_band_2.3@ChildSingle,2.3
BLUS_4015_Outbound_ChildReturn_a9f4b9e2-e9ea-4456-80e3-47fe03b77367_639196401954331863.xml,BLUS,Go South Coast,Go South Coast 4015 Outbound,Central Station - Hamble,price_band_4.0@ChildReturn,4.0
WDBC_1106_Inbound_ChildSingle_d46597a9-440e-4c13-b49a-76a3986683d1_639196377342974303.xml,WDBC,Go South Coast,Go South Coast 1106 Inbound,Poole - Tower Park,price_band_1.0@ChildSingle,1.0
TDTR_7180_Outbound_YoungPersonSgl_a9f4b9e2-e9ea-4456-80e3-47fe03b77367_639196409581102181.xml,TDTR,Go South Coast,Go South Coast 7180 Outbound,Marlborough - Ludgershall,price_band_3.0@YoungPersonSgl,3.0
WDBC_1883_Outbound_AdultSingle_a9f4b9e2-e9ea-4456-80e3-47fe03b77367_639196382569978481.xml,WDBC,Go South Coast,Go South Coast 1883 Outbound,Alum Chine - Castlepoint,price_band_2.3@AdultSingle,2.3
TDTR_7552_Outbound_AdultReturn_a9f4b9e2-e9ea-4456-80e3-47fe03b77367_639196410094755714.xml,TDTR,Go South Coast,Go South Coast 7552 Outbound,Malmesbury - Cirencester College,price_band_8.3@AdultReturn,8.3
BLUS_4011_Outbound_AdultReturn_a9f4b9e2-e9ea-4456-80e3-47fe03b77367_639196401715454187.xml,BLUS,Go South Coast,Go South Coast 4011 Outbound,Southampton - West Totton,price_band_4.5@AdultReturn,4.5
WDBC_6416_Outbound_ChildReturn_a9f4b9e2-e9ea-4456-80e3-47fe03b77367_639196406650542511.xml,WDBC,Go South Coast,Go South Coast 6416 Outbound,Penn Hill Avenue  - Poole Grammar School,price_band_2.1@ChildReturn,2.1
BLUS_4004_Inbound_AdultSingle_a9f4b9e2-e9ea-4456-80e3-47fe03b77367_639196401107568054.xml,BLUS,Go South Coast,Go South Coast 4004 Inbound,Southampton - Romsey,price_band_3.0@AdultSingle,3.0
BLUS_8461_Outbound_AdultSingle_a9f4b9e2-e9ea-4456-80e3-47fe03b77367_639196410549900430.xml,BLUS,Go South Coast,Go South Coast 8461 Outbound,Bevois Valley - Nursling Ind. Estate,price_band_2.6@AdultSingle,2.6
WDBC_1903_Inbound_ChildSingle_2f1f0c04-770d-4707-ab06-213c5a798ad7_639196383252639639.xml,WDBC,Go South Coast,Go South Coast 1903 Inbound,Poole - Wimborne,price_band_3.0@ChildSingle,3.0
WDBC_1101_Outbound_ChildSingle_a9f4b9e2-e9ea-4456-80e3-47fe03b77367_639196377229729299.xml,WDBC,Go South Coast,Go South Coast 1101 Outbound,Poole - Poole Town Circular,price_band_1.2@ChildSingle,1.2
TDTR_7553_Outbound_ChildSingle_a9f4b9e2-e9ea-4456-80e3-47fe03b77367_639196410117556541.xml,TDTR,Go South Coast,Go South Coast 7553 Outbound,Royal Wootton Bassett - Cirencester College,price_band_5.2@ChildSingle,5.2
WDBC_1821_Inbound_ChildReturn_a9f4b9e2-e9ea-4456-80e3-47fe03b77367_639196380870295753.xml,WDBC,Go South Coast,Go South Coast 1821 Inbound,Bournemouth - Burton,price_band_2.8@ChildReturn,2.8
WDBC_1050_Inbound_ChildReturn_a9f4b9e2-e9ea-4456-80e3-47fe03b77367_639196375512524519.xml,WDBC,Go South Coast,Go South Coast 1050 Inbound,Bournemouth Station - Swanage,price_band_2.8@ChildReturn,2.8
BLUS_8438_Inbound_AdultReturn_a9f4b9e2-e9ea-4456-80e3-47fe03b77367_639196410451682457.xml,BLUS,Go South Coast,Go South Coast 8438 Inbound,Winchester - Petersfield,price_band_6.0@AdultReturn,6.0
WDBC_1010_Outbound_AdultReturn_a9f4b9e2-e9ea-4456-80e3-47fe03b77367_639196370931329305.xml,WDBC,Go South Coast,Go South Coast 1010 Outbound,Poole - Lytchett Matravers,price_band_5.1@AdultReturn,5.1
BLUS_4011_Outbound_ChildSingle_f15d1b06-486f-433a-8991-95f1a97a87e0_639196401732283076.xml,BLUS,Go South Coast,Go South Coast 4011 Outbound,Southampton - West Totton,price_band_1.0@ChildSingle,1.0
SWWD_3404_Inbound_AdultSingle_a9f4b9e2-e9ea-4456-80e3-47fe03b77367_639196396052749845.xml,SWWD,Go South Coast,Go South Coast 3404 Inbound,Salisbury - Larkhill,price_band_2.3@AdultSingle,2.3
WDBC_1903_Inbound_ChildSingle_a9f4b9e2-e9ea-4456-80e3-47fe03b77367_639196383195113160.xml,WDBC,Go South Coast,Go South Coast 1903 Inbound,Poole - Wimborne,price_band_3.0@ChildSingle,3.0
WDBC_8409_Outbound_AdultSingle_a9f4b9e2-e9ea-4456-80e3-47fe03b77367_639196410420358607.xml,WDBC,Go South Coast,Go South Coast 8409 Outbound,Lyndhurst - Exbury GREEN,price_band_7.5@AdultSingle,7.5
TDTR_7042_Inbound_ChildSingle_a9f4b9e2-e9ea-4456-80e3-47fe03b77367_639196408272961852.xml,TDTR,Go South Coast,Go South Coast 7042 Inbound,Calne - St John's School,price_band_0.8@ChildSingle,0.8
SWWD_3014_Outbound_AdultSingle_a9f4b9e2-e9ea-4456-80e3-47fe03b77367_639196391278149463.xml,SWWD,Go South Coast,Go South Coast 3014 Outbound,Salisbury - Harnham Hill,price_band_3.0@AdultSingle,3.0
SWWD_3684_Outbound_AdultSingle_a9f4b9e2-e9ea-4456-80e3-47fe03b77367_639196400290660095.xml,SWWD,Go South Coast,Go South Coast 3684 Outbound,Coombe Bissett - Burgate,price_band_5.7@AdultSingle,5.7
WDBC_6419_Outbound_ChildSingle_a9f4b9e2-e9ea-4456-80e3-47fe03b77367_639196406825655245.xml,WDBC,Go South Coast,Go South Coast 6419 Outbound,Compton Avenue - Poole Grammar,price_band_1.7@ChildSingle,1.7
WDBC_1013_Inbound_ChildSingle_a9f4b9e2-e9ea-4456-80e3-47fe03b77367_639196371262982949.xml,WDBC,Go South Coast,Go South Coast 1013 Inbound,Bournemouth - Wimborne,price_band_2.5@ChildSingle,2.5
WDBC_2761_Inbound_AdultReturn_a9f4b9e2-e9ea-4456-80e3-47fe03b77367_639196387430904619.xml,WDBC,Go South Coast,Go South Coast 2761 Inbound,Bunkers Hill Cottage - Priestlands School,price_band_4.9@AdultReturn,4.9
SWWD_3210_Inbound_AdultSingle_a9f4b9e2-e9ea-4456-80e3-47fe03b77367_639196394058378877.xml,SWWD,Go South Coast,Go South Coast 3210 Inbound,City Centre - St Peters Place,price_band_2.3@AdultSingle,2.3
SWWD_3726_Outbound_ChildSingle_a9f4b9e2-e9ea-4456-80e3-47fe03b77367_639196400421560426.xml,SWWD,Go South Coast,Go South Coast 3726 Outbound,Salisbury - East Knoyle,price_band_2.9@ChildSingle,2.9
BLUS_4805_Outbound_AdultReturn_a9f4b9e2-e9ea-4456-80e3-47fe03b77367_639196403435352418.xml,BLUS,Go South Coast,Go South Coast 4805 Outbound,Boyatt Wood - Shootash,price_band_4.5@AdultReturn,4.5
BLUS_4008_Inbound_ChildSingle_f15d1b06-486f-433a-8991-95f1a97a87e0_639196401458142628.xml,BLUS,Go South Coast,Go South Coast 4008 Inbound,Southampton - Hythe,price_band_1.0@ChildSingle,1.0
BLUS_4424_Inbound_AdultSingle_a9f4b9e2-e9ea-4456-80e3-47fe03b77367_639196402872942829.xml,BLUS,Go South Coast,Go South Coast 4424 Inbound,Eastleigh - Hedge End,price_band_3.0@AdultSingle,3.0
TDTR_7042_Inbound_AdultReturn_a9f4b9e2-e9ea-4456-80e3-47fe03b77367_639196408316008683.xml,TDTR,Go South Coast,Go South Coast 7042 Inbound,Calne - St John's School,price_band_2.5@AdultReturn,2.5
WDBC_2112_Outbound_ChildReturn_a9f4b9e2-e9ea-4456-80e3-47fe03b77367_639196386369738702.xml,WDBC,Go South Coast,Go South Coast 2112 Outbound,Hythe - Lymington,price_band_4.6@ChildReturn,4.6
WDBC_6903_Outbound_AdultSingle_a9f4b9e2-e9ea-4456-80e3-47fe03b77367_639196407548406824.xml,WDBC,Go South Coast,Go South Coast 6903 Outbound,Swanage - Lulworth,price_band_3.0@AdultSingle,3.0
WDBC_1052_Outbound_AdultReturn_a9f4b9e2-e9ea-4456-80e3-47fe03b77367_639196375890139301.xml,WDBC,Go South Coast,Go South Coast 1052 Outbound,Rockley - Sandbanks,price_band_4.2@AdultReturn,4.2
TDTR_7015_Outbound_YoungPersonSgl_a9f4b9e2-e9ea-4456-80e3-47fe03b77367_639196408215137774.xml,TDTR,Go South Coast,Go South Coast 7015 Outbound,Haydon Wick - Bus Station,price_band_2.5@YoungPersonSgl,2.5
WDBC_2003_Inbound_ChildSingle_a9f4b9e2-e9ea-4456-80e3-47fe03b77367_639196385695078988.xml,WDBC,Go South Coast,Go South Coast 2003 Inbound,Salisbury - Bournemouth,price_band_2.3@ChildSingle,2.3
TDTR_7046_Inbound_ChildSingle_a9f4b9e2-e9ea-4456-80e3-47fe03b77367_639196408405590139.xml,TDTR,Go South Coast,Go South Coast 7046 Inbound,Swindon - Hungerford,price_band_2.4@ChildSingle,2.4
WDBC_1806_Inbound_ChildSingle_a9f4b9e2-e9ea-4456-80e3-47fe03b77367_639196379870848354.xml,WDBC,Go South Coast,Go South Coast 1806 Inbound,Bournemouth - Wimborne,price_band_2.3@ChildSingle,2.3
WDBC_2176_Inbound_ChildReturn_a9f4b9e2-e9ea-4456-80e3-47fe03b77367_639196386527099334.xml,WDBC,Go South Coast,Go South Coast 2176 Inbound,Christchurch - Ringwood,price_band_4.6@ChildReturn,4.6
DAMY_6020_Outbound_ChildSingle_a9f4b9e2-e9ea-4456-80e3-47fe03b77367_639196406143501955.xml,DAMY,Go South Coast,Go South Coast 6020 Outbound,Salisbury - Blandford,price_band_3.0@ChildSingle,3.0
SVCT_5004_Outbound_ChildSingle_a9f4b9e2-e9ea-4456-80e3-47fe03b77367_639196403841830166.xml,SVCT,Go South Coast,Go South Coast 5004 Outbound,Ryde  - East Cowes,price_band_2.4@ChildSingle,2.4
SWWD_3533_Inbound_ChildReturn_a9f4b9e2-e9ea-4456-80e3-47fe03b77367_639196399578633562.xml,SWWD,Go South Coast,Go South Coast 3533 Inbound,Dinton - City Centre,price_band_2.5@ChildReturn,2.5
SWWD_3137_Inbound_ChildReturn_a9f4b9e2-e9ea-4456-80e3-47fe03b77367_639196393388117836.xml,SWWD,Go South Coast,Go South Coast 3137 Inbound,Salisbury - West Dean,price_band_3.6@ChildReturn,3.6
TDTR_7046_Outbound_AdultSingle_a9f4b9e2-e9ea-4456-80e3-47fe03b77367_639196408426620170.xml,TDTR,Go South Coast,Go South Coast 7046 Outbound,Swindon - Hungerford,price_band_2.9@AdultSingle,2.9
WDBC_6903_Outbound_ChildReturn_a9f4b9e2-e9ea-4456-80e3-47fe03b77367_639196407677198414.xml,WDBC,Go South Coast,Go South Coast 6903 Outbound,Swanage - Lulworth,price_band_2.9@ChildReturn,2.9
WDBC_2633_Inbound_AdultSingle_a9f4b9e2-e9ea-4456-80e3-47fe03b77367_639196387404256464.xml,WDBC,Go South Coast,Go South Coast 2633 Inbound,Wimborne - Brockenhurst College,price_band_3.4@AdultSingle,3.4
TDTR_7148_Outbound_AdultSingle_a9f4b9e2-e9ea-4456-80e3-47fe03b77367_639196409179812811.xml,TDTR,Go South Coast,Go South Coast 7148 Outbound,Swindon - Marlborough,price_band_2.1@AdultSingle,2.1
BLUS_4019_Inbound_AdultSingle_eed5e2e8-c472-41af-825e-db09ec887334_639196402223133149.xml,BLUS,Go South Coast,Go South Coast 4019 Inbound,Thornhill - Lordshill,price_band_1.0@AdultSingle,1.0
SWWD_3404_Inbound_AdultReturn_a9f4b9e2-e9ea-4456-80e3-47fe03b77367_639196396083184380.xml,SWWD,Go South Coast,Go South Coast 3404 Inbound,Salisbury - Larkhill,price_band_6.0@AdultReturn,6.0
DAMY_6487_Inbound_ChildReturn_a9f4b9e2-e9ea-4456-80e3-47fe03b77367_639196407097431280.xml,DAMY,Go South Coast,Go South Coast 6487 Inbound,Blandford - Dorchester,price_band_5.1@ChildReturn,5.1
DAMY_6307_Outbound_ChildReturn_a9f4b9e2-e9ea-4456-80e3-47fe03b77367_639196406455837620.xml,DAMY,Go South Coast,Go South Coast 6307 Outbound,Blandford - Shaftesbury,price_band_1.9@ChildReturn,1.9
BLUS_3634_Inbound_ChildSingle_a9f4b9e2-e9ea-4456-80e3-47fe03b77367_639196399662541611.xml,BLUS,Go South Coast,Go South Coast 3634 Inbound,East Wellow  - Romsey School,price_band_3.8@ChildSingle,3.8
DAMY_6487_Outbound_AdultSingle_a9f4b9e2-e9ea-4456-80e3-47fe03b77367_639196407121808034.xml,DAMY,Go South Coast,Go South Coast 6487 Outbound,Blandford - Dorchester,price_band_3.0@AdultSingle,3.0
WDBC_1021_Outbound_AdultReturn_a9f4b9e2-e9ea-4456-80e3-47fe03b77367_639196374160670738.xml,WDBC,Go South Coast,Go South Coast 1021 Outbound,Bournemouth - High Howe,price_band_4.8@AdultReturn,4.8
WDBC_1017_Outbound_AdultReturn_a9f4b9e2-e9ea-4456-80e3-47fe03b77367_639196372899475743.xml,WDBC,Go South Coast,Go South Coast 1017 Outbound,Poole - Bournemouth,price_band_4.5@AdultReturn,4.5
WDBC_2137_Outbound_ChildReturn_a9f4b9e2-e9ea-4456-80e3-47fe03b77367_639196386473737292.xml,WDBC,Go South Coast,Go South Coast 2137 Outbound,Ringwood - Ringwood,price_band_2.9@ChildReturn,2.9
WDBC_8429_Outbound_ChildSingle_a9f4b9e2-e9ea-4456-80e3-47fe03b77367_639196410434706459.xml,WDBC,Go South Coast,Go South Coast 8429 Outbound,Exbury - Lyndhurst GREEN,price_band_2.0@ChildSingle,2.0
WDBC_2003_Outbound_ChildReturn_a9f4b9e2-e9ea-4456-80e3-47fe03b77367_639196386007497361.xml,WDBC,Go South Coast,Go South Coast 2003 Outbound,Salisbury - Bournemouth,price_band_5.6@ChildReturn,5.6
TDTR_7046_Outbound_AdultReturn_a9f4b9e2-e9ea-4456-80e3-47fe03b77367_639196408433106157.xml,TDTR,Go South Coast,Go South Coast 7046 Outbound,Swindon - Hungerford,price_band_3.6@AdultReturn,3.6
BLUS_4009_Outbound_ChildSingle_a9f4b9e2-e9ea-4456-80e3-47fe03b77367_639196401596848495.xml,BLUS,Go South Coast,Go South Coast 4009 Outbound,Southampton - Langley/Fawley,price_band_2.1@ChildSingle,2.1
SWWD_3010_Inbound_AdultSingle_a9f4b9e2-e9ea-4456-80e3-47fe03b77367_639196391160324233.xml,SWWD,Go South Coast,Go South Coast 3010 Inbound,City Centre - St Peters Place,price_band_3.0@AdultSingle,3.0
WDBC_1010_Outbound_AdultReturn_a9f4b9e2-e9ea-4456-80e3-47fe03b77367_639196370931329305.xml,WDBC,Go South Coast,Go South Coast 1010 Outbound,Poole - Lytchett Matravers,price_band_6.0@AdultReturn,6.0
BLUS_4024_Outbound_ChildReturn_a9f4b9e2-e9ea-4456-80e3-47fe03b77367_639196402474620724.xml,BLUS,Go South Coast,Go South Coast 4024 Outbound,Eastleigh - Hedge End,price_band_4.0@ChildReturn,4.0
WDBC_2777_Inbound_AdultSingle_a9f4b9e2-e9ea-4456-80e3-47fe03b77367_639196387534334101.xml,WDBC,Go South Coast,Go South Coast 2777 Inbound,New Forest Drive - Lymington,price_band_2.9@AdultSingle,2.9
DAMY_3183_Outbound_ChildReturn_a9f4b9e2-e9ea-4456-80e3-47fe03b77367_639196393946141695.xml,DAMY,Go South Coast,Go South Coast 3183 Outbound,Blandford - Weymouth,price_band_2.3@ChildReturn,2.3
SWWD_3308_Outbound_ChildSingle_a9f4b9e2-e9ea-4456-80e3-47fe03b77367_639196394629802012.xml,SWWD,Go South Coast,Go South Coast 3308 Outbound,Blue Boar Row - Ditchampton,price_band_1.9@ChildSingle,1.9
SWWD_3040_Outbound_ChildReturn_a9f4b9e2-e9ea-4456-80e3-47fe03b77367_639196391587779883.xml,SWWD,Go South Coast,Go South Coast 3040 Outbound,Salisbury - Woodfalls,price_band_2.5@ChildReturn,2.5
WDBC_1021_Inbound_ChildSingle_a9f4b9e2-e9ea-4456-80e3-47fe03b77367_639196374068758049.xml,WDBC,Go South Coast,Go South Coast 1021 Inbound,Bournemouth - High Howe,price_band_1.9@ChildSingle,1.9
TDTR_7046_Outbound_ChildReturn_a9f4b9e2-e9ea-4456-80e3-47fe03b77367_639196408448353921.xml,TDTR,Go South Coast,Go South Coast 7046 Outbound,Swindon - Hungerford,price_band_3.3@ChildReturn,3.3
BLUS_4016_Outbound_AdultSingle_eed5e2e8-c472-41af-825e-db09ec887334_639196402013692198.xml,BLUS,Go South Coast,Go South Coast 4016 Outbound,Southampton - Townhill Park,price_band_1.0@AdultSingle,1.0
SWWD_3507_Outbound_ChildSingle_a9f4b9e2-e9ea-4456-80e3-47fe03b77367_639196399054193002.xml,SWWD,Go South Coast,Go South Coast 3507 Outbound,City Centre - Lopcombe Corner,price_band_2.3@ChildSingle,2.3
WDBC_6903_Outbound_ChildReturn_a9f4b9e2-e9ea-4456-80e3-47fe03b77367_639196407677198414.xml,WDBC,Go South Coast,Go South Coast 6903 Outbound,Swanage - Lulworth,price_band_5.6@ChildReturn,5.6
WDBC_1053_Inbound_ChildReturn_a9f4b9e2-e9ea-4456-80e3-47fe03b77367_639196376058761639.xml,WDBC,Go South Coast,Go South Coast 1053 Inbound,Bournemouth - Wimborne,price_band_3.2@ChildReturn,3.2
SWWD_3102_Outbound_ChildReturn_a9f4b9e2-e9ea-4456-80e3-47fe03b77367_639196392294832997.xml,SWWD,Go South Coast,Go South Coast 3102 Outbound,Salisbury - Devizes,price_band_2.7@ChildReturn,2.7
TDTR_7552_Inbound_AdultReturn_a9f4b9e2-e9ea-4456-80e3-47fe03b77367_639196410078222882.xml,TDTR,Go South Coast,Go South Coast 7552 Inbound,Malmesbury - Cirencester College,price_band_8.3@AdultReturn,8.3
SWWD_3667_Outbound_ChildReturn_a9f4b9e2-e9ea-4456-80e3-47fe03b77367_639196400071529748.xml,SWWD,Go South Coast,Go South Coast 3667 Outbound,Wilton & Barford Primary Sch  - Fugglestone,price_band_2.0@ChildReturn,2.0
WDBC_1811_Inbound_AdultSingle_d46597a9-440e-4c13-b49a-76a3986683d1_639196380045064074.xml,WDBC,Go South Coast,Go South Coast 1811 Inbound,Bournemouth - Somerford,price_band_1.0@AdultSingle,1.0
WDBC_1805_Outbound_AdultSingle_a9f4b9e2-e9ea-4456-80e3-47fe03b77367_639196379795976746.xml,WDBC,Go South Coast,Go South Coast 1805 Outbound,Bournemouth - Kinson,price_band_2.8@AdultSingle,2.8
BLUS_4024_Inbound_AdultSingle_f15d1b06-486f-433a-8991-95f1a97a87e0_639196402453396944.xml,BLUS,Go South Coast,Go South Coast 4024 Inbound,Eastleigh - Hedge End,price_band_1.0@AdultSingle,1.0
DAMY_6505_Outbound_AdultReturn_a9f4b9e2-e9ea-4456-80e3-47fe03b77367_639196407214953151.xml,DAMY,Go South Coast,Go South Coast 6505 Outbound,Weymouth - Dorchester,price_band_4.8@AdultReturn,4.8
WDBC_1011_Outbound_AdultReturn_a9f4b9e2-e9ea-4456-80e3-47fe03b77367_639196371057801478.xml,WDBC,Go South Coast,Go South Coast 1011 Outbound,Bournemouth - Canford Paddock,price_band_4.8@AdultReturn,4.8
WDBC_1415_Outbound_ChildReturn_a9f4b9e2-e9ea-4456-80e3-47fe03b77367_639196378713539726.xml,WDBC,Go South Coast,Go South Coast 1415 Outbound,Poole High - Canford Heath,price_band_3.7@ChildReturn,3.7
BLUS_4015_Inbound_ChildSingle_f15d1b06-486f-433a-8991-95f1a97a87e0_639196401936342739.xml,BLUS,Go South Coast,Go South Coast 4015 Inbound,Central Station - Hamble,price_band_1.0@ChildSingle,1.0
SWWD_7086_Inbound_ChildSingle_a9f4b9e2-e9ea-4456-80e3-47fe03b77367_639196408880355462.xml,SWWD,Go South Coast,Go South Coast 7086 Inbound,Ansty - Shaftesbury,price_band_1.7@ChildSingle,1.7
WDBC_1903_Outbound_AdultSingle_2f1f0c04-770d-4707-ab06-213c5a798ad7_639196383359929184.xml,WDBC,Go South Coast,Go South Coast 1903 Outbound,Poole - Wimborne,price_band_3.0@AdultSingle,3.0
WDBC_1788_Inbound_AdultReturn_a9f4b9e2-e9ea-4456-80e3-47fe03b77367_639196379231134024.xml,WDBC,Go South Coast,Go South Coast 1788 Inbound,Walkford - Bournemouth School for Girls,price_band_4.4@AdultReturn,4.4
WDBC_1788_Outbound_ChildReturn_a9f4b9e2-e9ea-4456-80e3-47fe03b77367_639196379266735554.xml,WDBC,Go South Coast,Go South Coast 1788 Outbound,Walkford - Bournemouth School for Girls,price_band_5.9@ChildReturn,5.9
BLUS_4021_Inbound_AdultSingle_eed5e2e8-c472-41af-825e-db09ec887334_639196402346017128.xml,BLUS,Go South Coast,Go South Coast 4021 Inbound,Southampton - Lordshill,price_band_1.0@AdultSingle,1.0
TDTR_7180_Inbound_AdultSingle_a9f4b9e2-e9ea-4456-80e3-47fe03b77367_639196409462181321.xml,TDTR,Go South Coast,Go South Coast 7180 Inbound,Marlborough - Ludgershall,price_band_2.1@AdultSingle,2.1
DAMY_6487_Inbound_AdultReturn_a9f4b9e2-e9ea-4456-80e3-47fe03b77367_639196407086470118.xml,DAMY,Go South Coast,Go South Coast 6487 Inbound,Blandford - Dorchester,price_band_6.0@AdultReturn,6.0
WDBC_1003_Outbound_AdultSingle_a9f4b9e2-e9ea-4456-80e3-47fe03b77367_639196370430002317.xml,WDBC,Go South Coast,Go South Coast 1003 Outbound,Poole - Wimborne,price_band_2.3@AdultSingle,2.3
SWWD_2615_Outbound_AdultSingle_a9f4b9e2-e9ea-4456-80e3-47fe03b77367_639196387187302723.xml,SWWD,Go South Coast,Go South Coast 2615 Outbound,Salisbury  - Brockenhurst College,price_band_5.6@AdultSingle,5.6
SWWD_3102_Outbound_ChildReturn_a9f4b9e2-e9ea-4456-80e3-47fe03b77367_639196392294832997.xml,SWWD,Go South Coast,Go South Coast 3102 Outbound,Salisbury - Devizes,price_band_2.5@ChildReturn,2.5
SWWD_3102_Outbound_AdultSingle_a9f4b9e2-e9ea-4456-80e3-47fe03b77367_639196392273814968.xml,SWWD,Go South Coast,Go South Coast 3102 Outbound,Salisbury - Devizes,price_band_3.0@AdultSingle,3.0
WDBC_1811_Outbound_AdultSingle_a9f4b9e2-e9ea-4456-80e3-47fe03b77367_639196380076014890.xml,WDBC,Go South Coast,Go South Coast 1811 Outbound,Bournemouth - Somerford,price_band_2.8@AdultSingle,2.8
WDBC_1032_Inbound_AdultReturn_a9f4b9e2-e9ea-4456-80e3-47fe03b77367_639196374272656837.xml,WDBC,Go South Coast,Go South Coast 1032 Inbound,Poole - Bournemouth,price_band_4.5@AdultReturn,4.5
TDTR_7531_Inbound_ChildReturn_a9f4b9e2-e9ea-4456-80e3-47fe03b77367_639196409759426451.xml,TDTR,Go South Coast,Go South Coast 7531 Inbound,Rushey Platt - Cirencester College,price_band_8.3@ChildReturn,8.3
WDBC_6047_Outbound_ChildSingle_a9f4b9e2-e9ea-4456-80e3-47fe03b77367_639196406360960623.xml,WDBC,Go South Coast,Go South Coast 6047 Outbound,Ringwood Road - Parkstone Grammar School,price_band_2.2@ChildSingle,2.2
WDBC_1804_Outbound_AdultSingle_2f1f0c04-770d-4707-ab06-213c5a798ad7_639196379727276572.xml,WDBC,Go South Coast,Go South Coast 1804 Outbound,Bournemouth - Castlepoint,price_band_1.0@AdultSingle,1.0
WDBC_2906_Inbound_AdultSingle_d46597a9-440e-4c13-b49a-76a3986683d1_639196387976418315.xml,WDBC,Go South Coast,Go South Coast 2906 Inbound,Poole - Ringwood,price_band_3.0@AdultSingle,3.0
TDTR_7180_Inbound_YoungPersonRtn_a9f4b9e2-e9ea-4456-80e3-47fe03b77367_639196409480175907.xml,TDTR,Go South Coast,Go South Coast 7180 Inbound,Marlborough - Ludgershall,price_band_3.3@YoungPersonRtn,3.3
TDTR_7148_Outbound_ChildReturn_a9f4b9e2-e9ea-4456-80e3-47fe03b77367_639196409217318209.xml,TDTR,Go South Coast,Go South Coast 7148 Outbound,Swindon - Marlborough,price_band_1.8@ChildReturn,1.8
WDBC_1050_Inbound_ChildSingle_2f1f0c04-770d-4707-ab06-213c5a798ad7_639196375591808267.xml,WDBC,Go South Coast,Go South Coast 1050 Inbound,Bournemouth Station - Swanage,price_band_2.8@ChildSingle,2.8
WDBC_2953_Outbound_AdultReturn_a9f4b9e2-e9ea-4456-80e3-47fe03b77367_639196388978219889.xml,WDBC,Go South Coast,Go South Coast 2953 Outbound,Salisbury - Ringwood,price_band_4.2@AdultReturn,4.2
SWWD_3126_Outbound_ChildReturn_a9f4b9e2-e9ea-4456-80e3-47fe03b77367_639196393248019592.xml,SWWD,Go South Coast,Go South Coast 3126 Outbound,Salisbury - Hindon,price_band_2.7@ChildReturn,2.7
SWWD_3404_Outbound_ChildReturn_a9f4b9e2-e9ea-4456-80e3-47fe03b77367_639196396371448456.xml,SWWD,Go South Coast,Go South Coast 3404 Outbound,Salisbury - Larkhill,price_band_6.0@ChildReturn,6.0
WDBC_6043_Outbound_AdultSingle_a9f4b9e2-e9ea-4456-80e3-47fe03b77367_639196406279242469.xml,WDBC,Go South Coast,Go South Coast 6043 Outbound,County Gates - Parkstone Grammar School,price_band_2.9@AdultSingle,2.9
SWWD_3667_Inbound_AdultReturn_a9f4b9e2-e9ea-4456-80e3-47fe03b77367_639196400055389183.xml,SWWD,Go South Coast,Go South Coast 3667 Inbound,Wilton & Barford Primary Sch  - Fugglestone,price_band_4.0@AdultReturn,4.0
SWWD_3405_Inbound_ChildReturn_a9f4b9e2-e9ea-4456-80e3-47fe03b77367_639196396561961188.xml,SWWD,Go South Coast,Go South Coast 3405 Inbound,Salisbury - Pewsey,price_band_5.3@ChildReturn,5.3
TDTR_7001_Inbound_YoungPersonSgl_a9f4b9e2-e9ea-4456-80e3-47fe03b77367_639196408055378134.xml,TDTR,Go South Coast,Go South Coast 7001 Inbound,Middleleaze - Great Western Hospital,price_band_1.8@YoungPersonSgl,1.8
TDTR_7048_Outbound_ChildSingle_a9f4b9e2-e9ea-4456-80e3-47fe03b77367_639196408540389430.xml,TDTR,Go South Coast,Go South Coast 7048 Outbound,Swindon - Marlborough,price_band_2.0@ChildSingle,2.0
TDTR_7052_Inbound_AdultSingle_a9f4b9e2-e9ea-4456-80e3-47fe03b77367_639196408577731550.xml,TDTR,Go South Coast,Go South Coast 7052 Inbound,Barnfield - Okus,price_band_2.2@AdultSingle,2.2
WDBC_1804_Inbound_AdultSingle_a9f4b9e2-e9ea-4456-80e3-47fe03b77367_639196379659286517.xml,WDBC,Go South Coast,Go South Coast 1804 Inbound,Bournemouth - Castlepoint,price_band_2.3@AdultSingle,2.3
WDBC_1010_Outbound_ChildSingle_a9f4b9e2-e9ea-4456-80e3-47fe03b77367_639196370951513784.xml,WDBC,Go South Coast,Go South Coast 1010 Outbound,Poole - Lytchett Matravers,price_band_2.5@ChildSingle,2.5
WDBC_1054_Outbound_ChildReturn_a9f4b9e2-e9ea-4456-80e3-47fe03b77367_639196376649545363.xml,WDBC,Go South Coast,Go South Coast 1054 Outbound,Poole - Wimborne,price_band_3.7@ChildReturn,3.7
BLUS_2607_Inbound_AdultSingle_a9f4b9e2-e9ea-4456-80e3-47fe03b77367_639196387037329872.xml,BLUS,Go South Coast,Go South Coast 2607 Inbound,North Baddesley - Brockenhurst College,price_band_5.6@AdultSingle,5.6
WDBC_2775_Outbound_ChildReturn_a9f4b9e2-e9ea-4456-80e3-47fe03b77367_639196387505370179.xml,WDBC,Go South Coast,Go South Coast 2775 Outbound,Milford on Sea - Priestlands School,price_band_4.0@ChildReturn,4.0
SWWD_3763_Inbound_ChildSingle_a9f4b9e2-e9ea-4456-80e3-47fe03b77367_639196400481757004.xml,SWWD,Go South Coast,Go South Coast 3763 Inbound,Mount Pleasant Farm - Burgate School,price_band_1.9@ChildSingle,1.9
WDBC_1003_Outbound_ChildSingle_d46597a9-440e-4c13-b49a-76a3986683d1_639196370492659200.xml,WDBC,Go South Coast,Go South Coast 1003 Outbound,Poole - Wimborne,price_band_2.8@ChildSingle,2.8
DAMY_6020_Outbound_ChildReturn_a9f4b9e2-e9ea-4456-80e3-47fe03b77367_639196406158048579.xml,DAMY,Go South Coast,Go South Coast 6020 Outbound,Salisbury - Blandford,price_band_3.7@ChildReturn,3.7
WDBC_1831_Inbound_AdultSingle_2f1f0c04-770d-4707-ab06-213c5a798ad7_639196381196944431.xml,WDBC,Go South Coast,Go South Coast 1831 Inbound,Bournemouth - Hunt Road and Somerford,price_band_1.0@AdultSingle,1.0
TDTR_7012_Outbound_AdultSingle_a9f4b9e2-e9ea-4456-80e3-47fe03b77367_639196408164635063.xml,TDTR,Go South Coast,Go South Coast 7012 Outbound,Oakhurst - Great Western Hospital,price_band_3.0@AdultSingle,3.0
WDBC_2906_Inbound_AdultSingle_d46597a9-440e-4c13-b49a-76a3986683d1_639196387976418315.xml,WDBC,Go South Coast,Go South Coast 2906 Inbound,Poole - Ringwood,price_band_2.3@AdultSingle,2.3
SWWD_3101_Outbound_AdultSingle_a9f4b9e2-e9ea-4456-80e3-47fe03b77367_639196391989170936.xml,SWWD,Go South Coast,Go South Coast 3101 Outbound,Devizes - Pewsey,price_band_3.0@AdultSingle,3.0
WDBC_2001_Outbound_ChildSingle_2f1f0c04-770d-4707-ab06-213c5a798ad7_639196384982936481.xml,WDBC,Go South Coast,Go South Coast 2001 Outbound,Bournemouth - Lymington,price_band_1.0@ChildSingle,1.0
DAMY_6487_Inbound_ChildReturn_a9f4b9e2-e9ea-4456-80e3-47fe03b77367_639196407097431280.xml,DAMY,Go South Coast,Go South Coast 6487 Inbound,Blandford - Dorchester,price_band_5.4@ChildReturn,5.4
SWWD_7086_Outbound_ChildSingle_a9f4b9e2-e9ea-4456-80e3-47fe03b77367_639196408903632613.xml,SWWD,Go South Coast,Go South Coast 7086 Outbound,Ansty - Shaftesbury,price_band_2.2@ChildSingle,2.2
WDBC_1021_Outbound_ChildSingle_a9f4b9e2-e9ea-4456-80e3-47fe03b77367_639196374173005308.xml,WDBC,Go South Coast,Go South Coast 1021 Outbound,Bournemouth - High Howe,price_band_2.1@ChildSingle,2.1
WDBC_1068_Outbound_ChildSingle_2f1f0c04-770d-4707-ab06-213c5a798ad7_639196377030732138.xml,WDBC,Go South Coast,Go South Coast 1068 Outbound,Poole - Poole Clockwise,price_band_1.0@ChildSingle,1.0
WDBC_1786_Outbound_AdultReturn_a9f4b9e2-e9ea-4456-80e3-47fe03b77367_639196379210182800.xml,WDBC,Go South Coast,Go South Coast 1786 Outbound,Park Gates - Bournemouth School for Girls,price_band_3.7@AdultReturn,3.7
SWWD_3407_Outbound_ChildSingle_a9f4b9e2-e9ea-4456-80e3-47fe03b77367_639196397493104918.xml,SWWD,Go South Coast,Go South Coast 3407 Outbound,Salisbury - Southampton,price_band_2.5@ChildSingle,2.5
BLUS_4009_Outbound_ChildSingle_eed5e2e8-c472-41af-825e-db09ec887334_639196401631902460.xml,BLUS,Go South Coast,Go South Coast 4009 Outbound,Southampton - Langley/Fawley,price_band_1.0@ChildSingle,1.0
TDTR_7009_Inbound_AdultSingle_a9f4b9e2-e9ea-4456-80e3-47fe03b77367_639196408102271866.xml,TDTR,Go South Coast,Go South Coast 7009 Inbound,Swindon - Wroughton,price_band_2.8@AdultSingle,2.8
WDBC_2616_Inbound_AdultSingle_a9f4b9e2-e9ea-4456-80e3-47fe03b77367_639196387190271681.xml,WDBC,Go South Coast,Go South Coast 2616 Inbound,Ringwood - Brockenhurst College,price_band_5.6@AdultSingle,5.6
WDBC_2024_Outbound_ChildReturn_a9f4b9e2-e9ea-4456-80e3-47fe03b77367_639196386257031263.xml,WDBC,Go South Coast,Go South Coast 2024 Outbound,Castlepoint - Christchurch,price_band_3.1@ChildReturn,3.1
WDBC_1806_Outbound_ChildSingle_a9f4b9e2-e9ea-4456-80e3-47fe03b77367_639196379954878978.xml,WDBC,Go South Coast,Go South Coast 1806 Outbound,Bournemouth - Wimborne,price_band_1.9@ChildSingle,1.9
WDBC_2402_Inbound_ChildSingle_a9f4b9e2-e9ea-4456-80e3-47fe03b77367_639196386964666656.xml,WDBC,Go South Coast,Go South Coast 2402 Inbound,Verwood - Ferndown Upper,price_band_3.5@ChildSingle,3.5
WDBC_6943_Outbound_ChildSingle_a9f4b9e2-e9ea-4456-80e3-47fe03b77367_639196408018644321.xml,WDBC,Go South Coast,Go South Coast 6943 Outbound,Lulworth - Weymouth,price_band_1.7@ChildSingle,1.7
TDTR_7053_Outbound_YoungPersonSgl_a9f4b9e2-e9ea-4456-80e3-47fe03b77367_639196408601929554.xml,TDTR,Go South Coast,Go South Coast 7053 Outbound,Fleming Way - South Marston,price_band_1.8@YoungPersonSgl,1.8
WDBC_1762_Outbound_AdultSingle_a9f4b9e2-e9ea-4456-80e3-47fe03b77367_639196379169279805.xml,WDBC,Go South Coast,Go South Coast 1762 Outbound,Merley - Corfe Hills,price_band_4.6@AdultSingle,4.6
TDTR_7546_Inbound_ChildSingle_a9f4b9e2-e9ea-4456-80e3-47fe03b77367_639196410035834313.xml,TDTR,Go South Coast,Go South Coast 7546 Inbound,Shrivenham - Cirencester College,price_band_5.2@ChildSingle,5.2
WDBC_6418_Inbound_ChildSingle_a9f4b9e2-e9ea-4456-80e3-47fe03b77367_639196406709584634.xml,WDBC,Go South Coast,Go South Coast 6418 Inbound,Sandbanks Ferry - Poole Grammar School,price_band_1.6@ChildSingle,1.6
WDBC_1950_Outbound_ChildReturn_a9f4b9e2-e9ea-4456-80e3-47fe03b77367_639196383897377725.xml,WDBC,Go South Coast,Go South Coast 1950 Outbound,Bournemouth - Swanage,price_band_3.1@ChildReturn,3.1
SVCT_5257_Inbound_YoungAdSingle_a9f4b9e2-e9ea-4456-80e3-47fe03b77367_639196405563456968.xml,SVCT,Go South Coast,Go South Coast 5257 Inbound,Freshwater - Cowes,price_band_2.4@YoungAdSingle,2.4
SWWD_3137_Inbound_ChildReturn_a9f4b9e2-e9ea-4456-80e3-47fe03b77367_639196393388117836.xml,SWWD,Go South Coast,Go South Coast 3137 Inbound,Salisbury - West Dean,price_band_4.8@ChildReturn,4.8
WDBC_2002_Outbound_AdultSingle_a9f4b9e2-e9ea-4456-80e3-47fe03b77367_639196385337486110.xml,WDBC,Go South Coast,Go South Coast 2002 Outbound,Bournemouth - Lymington,price_band_2.6@AdultSingle,2.6
WDBC_1908_Inbound_AdultReturn_a9f4b9e2-e9ea-4456-80e3-47fe03b77367_639196383425309453.xml,WDBC,Go South Coast,Go South Coast 1908 Inbound,Poole - Blandford,price_band_6.0@AdultReturn,6.0
WDBC_1908_Inbound_ChildSingle_2f1f0c04-770d-4707-ab06-213c5a798ad7_639196383454951234.xml,WDBC,Go South Coast,Go South Coast 1908 Inbound,Poole - Blandford,price_band_1.9@ChildSingle,1.9
SWWD_3303_Inbound_AdultReturn_a9f4b9e2-e9ea-4456-80e3-47fe03b77367_639196394392677512.xml,SWWD,Go South Coast,Go South Coast 3303 Inbound,City Centre - Ditchampton,price_band_5.7@AdultReturn,5.7
TDTR_7064_Outbound_AdultSingle_a9f4b9e2-e9ea-4456-80e3-47fe03b77367_639196408649577066.xml,TDTR,Go South Coast,Go South Coast 7064 Outbound,Town Centre - Eldene,price_band_2.2@AdultSingle,2.2
WDBC_1833_Inbound_ChildReturn_a9f4b9e2-e9ea-4456-80e3-47fe03b77367_639196381609173020.xml,WDBC,Go South Coast,Go South Coast 1833 Inbound,Alum Chine - Castlepoint,price_band_3.1@ChildReturn,3.1
WDBC_2906_Inbound_ChildSingle_a9f4b9e2-e9ea-4456-80e3-47fe03b77367_639196387692353098.xml,WDBC,Go South Coast,Go South Coast 2906 Inbound,Poole - Ringwood,price_band_2.2@ChildSingle,2.2
WDBC_1013_Inbound_AdultSingle_2f1f0c04-770d-4707-ab06-213c5a798ad7_639196371296367843.xml,WDBC,Go South Coast,Go South Coast 1013 Inbound,Bournemouth - Wimborne,price_band_2.3@AdultSingle,2.3
SVCT_5102_Inbound_ChildSingle_a9f4b9e2-e9ea-4456-80e3-47fe03b77367_639196404761049576.xml,SVCT,Go South Coast,Go South Coast 5102 Inbound,Ryde  - Newport,price_band_3.0@ChildSingle,3.0
SWWD_3002_Outbound_AdultSingle_a9f4b9e2-e9ea-4456-80e3-47fe03b77367_639196390408038966.xml,SWWD,Go South Coast,Go South Coast 3002 Outbound,Salisbury - Devizes,price_band_2.3@AdultSingle,2.3
SWWD_3763_Inbound_AdultSingle_a9f4b9e2-e9ea-4456-80e3-47fe03b77367_639196400467321605.xml,SWWD,Go South Coast,Go South Coast 3763 Inbound,Mount Pleasant Farm - Burgate School,price_band_2.1@AdultSingle,2.1
WDBC_1951_Outbound_ChildSingle_2f1f0c04-770d-4707-ab06-213c5a798ad7_639196384232667774.xml,WDBC,Go South Coast,Go South Coast 1951 Outbound,Bournemouth - Sandbanks,price_band_1.0@ChildSingle,1.0
BLUS_4119_Inbound_AdultSingle_a9f4b9e2-e9ea-4456-80e3-47fe03b77367_639196402714690346.xml,BLUS,Go South Coast,Go South Coast 4119 Inbound,Thornhill - Lordshill,price_band_2.6@AdultSingle,2.6
BLUS_2605_Outbound_AdultSingle_a9f4b9e2-e9ea-4456-80e3-47fe03b77367_639196387017390165.xml,BLUS,Go South Coast,Go South Coast 2605 Outbound,Wellow - Brockenhurst College,price_band_4.0@AdultSingle,4.0
WDBC_1054_Inbound_ChildSingle_d46597a9-440e-4c13-b49a-76a3986683d1_639196376593709307.xml,WDBC,Go South Coast,Go South Coast 1054 Inbound,Poole - Wimborne,price_band_2.7@ChildSingle,2.7
SWWD_3110_Inbound_ChildSingle_a9f4b9e2-e9ea-4456-80e3-47fe03b77367_639196392729725546.xml,SWWD,Go South Coast,Go South Coast 3110 Inbound,Bedwyn - Marlborough,price_band_1.5@ChildSingle,1.5
TDTR_7176_Outbound_YoungPersonRtn_a9f4b9e2-e9ea-4456-80e3-47fe03b77367_639196409401708869.xml,TDTR,Go South Coast,Go South Coast 7176 Outbound,Calne - Bath,price_band_3.3@YoungPersonRtn,3.3
TDTR_7148_Inbound_AdultReturn_a9f4b9e2-e9ea-4456-80e3-47fe03b77367_639196409133361031.xml,TDTR,Go South Coast,Go South Coast 7148 Inbound,Swindon - Marlborough,price_band_4.5@AdultReturn,4.5
WDBC_1032_Inbound_AdultReturn_a9f4b9e2-e9ea-4456-80e3-47fe03b77367_639196374272656837.xml,WDBC,Go South Coast,Go South Coast 1032 Inbound,Poole - Bournemouth,price_band_4.7@AdultReturn,4.7
WDBC_2003_Inbound_ChildSingle_2f1f0c04-770d-4707-ab06-213c5a798ad7_639196385881155247.xml,WDBC,Go South Coast,Go South Coast 2003 Inbound,Salisbury - Bournemouth,price_band_1.0@ChildSingle,1.0
SVCT_5012_Outbound_ChildSingle_a9f4b9e2-e9ea-4456-80e3-47fe03b77367_639196404267334967.xml,SVCT,Go South Coast,Go South Coast 5012 Outbound,Newport - Alum Bay,price_band_1.8@ChildSingle,1.8
SWWD_3329_Outbound_ChildReturn_a9f4b9e2-e9ea-4456-80e3-47fe03b77367_639196395700700871.xml,SWWD,Go South Coast,Go South Coast 3329 Outbound,Salisbury - Broad Chalke,price_band_3.6@ChildReturn,3.6
WDBC_1017_Inbound_AdultSingle_2f1f0c04-770d-4707-ab06-213c5a798ad7_639196372739596148.xml,WDBC,Go South Coast,Go South Coast 1017 Inbound,Poole - Bournemouth,price_band_1.0@AdultSingle,1.0
SWWD_3886_Inbound_AdultReturn_a9f4b9e2-e9ea-4456-80e3-47fe03b77367_639196400873165727.xml,SWWD,Go South Coast,Go South Coast 3886 Inbound,St Peters Place  - Burgate School,price_band_4.2@AdultReturn,4.2
SWWD_3883_Outbound_ChildReturn_a9f4b9e2-e9ea-4456-80e3-47fe03b77367_639196400706529365.xml,SWWD,Go South Coast,Go South Coast 3883 Outbound,Bishopdown Farm  - Burgate School,price_band_4.5@ChildReturn,4.5
WDBC_6943_Outbound_AdultReturn_a9f4b9e2-e9ea-4456-80e3-47fe03b77367_639196408030521027.xml,WDBC,Go South Coast,Go South Coast 6943 Outbound,Lulworth - Weymouth,price_band_6.0@AdultReturn,6.0
SWWD_2615_Inbound_AdultReturn_a9f4b9e2-e9ea-4456-80e3-47fe03b77367_639196387141963722.xml,SWWD,Go South Coast,Go South Coast 2615 Inbound,Salisbury  - Brockenhurst College,price_band_6.4@AdultReturn,6.4
SWWD_3325_Outbound_ChildSingle_a9f4b9e2-e9ea-4456-80e3-47fe03b77367_639196394977169430.xml,SWWD,Go South Coast,Go South Coast 3325 Outbound,South Wilts Grammar School - Hindon,price_band_2.7@ChildSingle,2.7
WDBC_3882_Inbound_AdultReturn_a9f4b9e2-e9ea-4456-80e3-47fe03b77367_639196400629782362.xml,WDBC,Go South Coast,Go South Coast 3882 Inbound,Stratford Road Grammar School - Burgate School,price_band_3.7@AdultReturn,3.7
TDTR_7148_Inbound_AdultSingle_a9f4b9e2-e9ea-4456-80e3-47fe03b77367_639196409121321976.xml,TDTR,Go South Coast,Go South Coast 7148 Inbound,Swindon - Marlborough,price_band_2.4@AdultSingle,2.4
WDBC_2003_Outbound_ChildReturn_a9f4b9e2-e9ea-4456-80e3-47fe03b77367_639196386007497361.xml,WDBC,Go South Coast,Go South Coast 2003 Outbound,Salisbury - Bournemouth,price_band_3.1@ChildReturn,3.1
WDBC_2618_Outbound_AdultSingle_a9f4b9e2-e9ea-4456-80e3-47fe03b77367_639196387257164916.xml,WDBC,Go South Coast,Go South Coast 2618 Outbound,Cooper Dean - Brockenhurst College,price_band_3.0@AdultSingle,3.0
SWWD_3677_Inbound_AdultSingle_a9f4b9e2-e9ea-4456-80e3-47fe03b77367_639196400129073202.xml,SWWD,Go South Coast,Go South Coast 3677 Inbound,Stratford Road Grammar School - West Wellow,price_band_3.0@AdultSingle,3.0
DAMY_6487_Inbound_AdultReturn_a9f4b9e2-e9ea-4456-80e3-47fe03b77367_639196407086470118.xml,DAMY,Go South Coast,Go South Coast 6487 Inbound,Blandford - Dorchester,price_band_4.2@AdultReturn,4.2
SWWD_3029_Inbound_AdultReturn_a9f4b9e2-e9ea-4456-80e3-47fe03b77367_639196391342117362.xml,SWWD,Go South Coast,Go South Coast 3029 Inbound,Salisbury - Shaftesbury,price_band_4.5@AdultReturn,4.5
WDBC_1021_Inbound_ChildSingle_d46597a9-440e-4c13-b49a-76a3986683d1_639196374135594629.xml,WDBC,Go South Coast,Go South Coast 1021 Inbound,Bournemouth - High Howe,price_band_1.0@ChildSingle,1.0
TDTR_7053_Inbound_AdultSingle_a9f4b9e2-e9ea-4456-80e3-47fe03b77367_639196408592850504.xml,TDTR,Go South Coast,Go South Coast 7053 Inbound,Fleming Way - South Marston,price_band_2.2@AdultSingle,2.2
WDBC_1805_Outbound_AdultSingle_d46597a9-440e-4c13-b49a-76a3986683d1_639196379826268496.xml,WDBC,Go South Coast,Go South Coast 1805 Outbound,Bournemouth - Kinson,price_band_1.0@AdultSingle,1.0
WDBC_2001_Outbound_AdultReturn_a9f4b9e2-e9ea-4456-80e3-47fe03b77367_639196384662992972.xml,WDBC,Go South Coast,Go South Coast 2001 Outbound,Bournemouth - Lymington,price_band_4.2@AdultReturn,4.2
SWWD_3886_Inbound_ChildReturn_a9f4b9e2-e9ea-4456-80e3-47fe03b77367_639196400848675025.xml,SWWD,Go South Coast,Go South Coast 3886 Inbound,St Peters Place  - Burgate School,price_band_2.5@ChildReturn,2.5
WDBC_1811_Inbound_ChildSingle_a9f4b9e2-e9ea-4456-80e3-47fe03b77367_639196380022763608.xml,WDBC,Go South Coast,Go South Coast 1811 Inbound,Bournemouth - Somerford,price_band_2.5@ChildSingle,2.5
WDBC_1050_Outbound_ChildSingle_a9f4b9e2-e9ea-4456-80e3-47fe03b77367_639196375696950415.xml,WDBC,Go South Coast,Go South Coast 1050 Outbound,Bournemouth Station - Swanage,price_band_2.9@ChildSingle,2.9
WDBC_1054_Outbound_ChildSingle_d46597a9-440e-4c13-b49a-76a3986683d1_639196376739744176.xml,WDBC,Go South Coast,Go South Coast 1054 Outbound,Poole - Wimborne,price_band_1.0@ChildSingle,1.0
SWWD_3883_Outbound_ChildSingle_a9f4b9e2-e9ea-4456-80e3-47fe03b77367_639196400701528975.xml,SWWD,Go South Coast,Go South Coast 3883 Outbound,Bishopdown Farm  - Burgate School,price_band_1.9@ChildSingle,1.9
WDBC_1035_Inbound_ChildSingle_a9f4b9e2-e9ea-4456-80e3-47fe03b77367_639196374583091701.xml,WDBC,Go South Coast,Go South Coast 1035 Inbound,Swanage - Wareham,price_band_2.8@ChildSingle,2.8
WDBC_1806_Inbound_ChildReturn_a9f4b9e2-e9ea-4456-80e3-47fe03b77367_639196379882749275.xml,WDBC,Go South Coast,Go South Coast 1806 Inbound,Bournemouth - Wimborne,price_band_4.6@ChildReturn,4.6
WDBC_1035_Inbound_ChildReturn_a9f4b9e2-e9ea-4456-80e3-47fe03b77367_639196374621180380.xml,WDBC,Go South Coast,Go South Coast 1035 Inbound,Swanage - Wareham,price_band_2.9@ChildReturn,2.9
DAMY_6020_Inbound_ChildSingle_a9f4b9e2-e9ea-4456-80e3-47fe03b77367_639196406032203739.xml,DAMY,Go South Coast,Go South Coast 6020 Inbound,Salisbury - Blandford,price_band_3.0@ChildSingle,3.0
WDBC_1016_Inbound_AdultSingle_2f1f0c04-770d-4707-ab06-213c5a798ad7_639196372176472833.xml,WDBC,Go South Coast,Go South Coast 1016 Inbound,Poole - Bournemouth,price_band_1.0@AdultSingle,1.0
TDTR_7148_Inbound_ChildReturn_a9f4b9e2-e9ea-4456-80e3-47fe03b77367_639196409158228761.xml,TDTR,Go South Coast,Go South Coast 7148 Inbound,Swindon - Marlborough,price_band_4.1@ChildReturn,4.1
BLUS_4009_Inbound_ChildSingle_a9f4b9e2-e9ea-4456-80e3-47fe03b77367_639196401538933310.xml,BLUS,Go South Coast,Go South Coast 4009 Inbound,Southampton - Langley/Fawley,price_band_2.5@ChildSingle,2.5
SWWD_2615_Inbound_AdultSingle_a9f4b9e2-e9ea-4456-80e3-47fe03b77367_639196387158069862.xml,SWWD,Go South Coast,Go South Coast 2615 Inbound,Salisbury  - Brockenhurst College,price_band_4.0@AdultSingle,4.0
SWWD_3881_Outbound_AdultSingle_a9f4b9e2-e9ea-4456-80e3-47fe03b77367_639196400596045153.xml,SWWD,Go South Coast,Go South Coast 3881 Outbound,Wilton Road  - Burgate School,price_band_3.0@AdultSingle,3.0
WDBC_6415_Inbound_ChildSingle_a9f4b9e2-e9ea-4456-80e3-47fe03b77367_639196406520735000.xml,WDBC,Go South Coast,Go South Coast 6415 Inbound,St Anns Hospital - Poole Grammar School,price_band_1.9@ChildSingle,1.9
WDBC_1833_Inbound_AdultReturn_a9f4b9e2-e9ea-4456-80e3-47fe03b77367_639196381588150498.xml,WDBC,Go South Coast,Go South Coast 1833 Inbound,Alum Chine - Castlepoint,price_band_4.5@AdultReturn,4.5
WDBC_2001_Inbound_ChildReturn_a9f4b9e2-e9ea-4456-80e3-47fe03b77367_639196384347707226.xml,WDBC,Go South Coast,Go South Coast 2001 Inbound,Bournemouth - Lymington,price_band_5.6@ChildReturn,5.6
BLUS_4026_Outbound_AdultSingle_eed5e2e8-c472-41af-825e-db09ec887334_639196402522990578.xml,BLUS,Go South Coast,Go South Coast 4026 Outbound,Southampton - Whiteley,price_band_1.0@AdultSingle,1.0
WDBC_1802_Outbound_ChildSingle_a9f4b9e2-e9ea-4456-80e3-47fe03b77367_639196379618433909.xml,WDBC,Go South Coast,Go South Coast 1802 Outbound,Bournemouth - Castlepoint,price_band_2.2@ChildSingle,2.2
TDTR_7012_Inbound_AdultSingle_a9f4b9e2-e9ea-4456-80e3-47fe03b77367_639196408149481650.xml,TDTR,Go South Coast,Go South Coast 7012 Inbound,Oakhurst - Great Western Hospital,price_band_2.2@AdultSingle,2.2
WDBC_6418_Inbound_AdultReturn_a9f4b9e2-e9ea-4456-80e3-47fe03b77367_639196406669610886.xml,WDBC,Go South Coast,Go South Coast 6418 Inbound,Sandbanks Ferry - Poole Grammar School,price_band_4.3@AdultReturn,4.3
WDBC_6450_Outbound_AdultReturn_a9f4b9e2-e9ea-4456-80e3-47fe03b77367_639196407013172864.xml,WDBC,Go South Coast,Go South Coast 6450 Outbound,Wallisdown - Parkstone Grammar,price_band_5.9@AdultReturn,5.9
BLUS_4026_Inbound_AdultReturn_a9f4b9e2-e9ea-4456-80e3-47fe03b77367_639196402499047992.xml,BLUS,Go South Coast,Go South Coast 4026 Inbound,Southampton - Whiteley,price_band_4.5@AdultReturn,4.5
BLUS_4902_Outbound_AdultSingle_a9f4b9e2-e9ea-4456-80e3-47fe03b77367_639196403572527751.xml,BLUS,Go South Coast,Go South Coast 4902 Outbound,Southampton - Swaythling,price_band_3.0@AdultSingle,3.0
WDBC_6943_Inbound_ChildSingle_a9f4b9e2-e9ea-4456-80e3-47fe03b77367_639196407906147726.xml,WDBC,Go South Coast,Go South Coast 6943 Inbound,Lulworth - Weymouth,price_band_1.9@ChildSingle,1.9
SWWD_3517_Inbound_AdultReturn_a9f4b9e2-e9ea-4456-80e3-47fe03b77367_639196399331085267.xml,SWWD,Go South Coast,Go South Coast 3517 Inbound,New Canal  - Lopcombe Corner,price_band_4.2@AdultReturn,4.2
WDBC_1951_Outbound_ChildReturn_a9f4b9e2-e9ea-4456-80e3-47fe03b77367_639196384165233519.xml,WDBC,Go South Coast,Go South Coast 1951 Outbound,Bournemouth - Sandbanks,price_band_2.8@ChildReturn,2.8
SWWD_3819_Inbound_AdultSingle_a9f4b9e2-e9ea-4456-80e3-47fe03b77367_639196400522589246.xml,SWWD,Go South Coast,Go South Coast 3819 Inbound,Marlborough - Burbage,price_band_3.0@AdultSingle,3.0
WDBC_1003_Outbound_ChildSingle_a9f4b9e2-e9ea-4456-80e3-47fe03b77367_639196370457953675.xml,WDBC,Go South Coast,Go South Coast 1003 Outbound,Poole - Wimborne,price_band_2.3@ChildSingle,2.3
WDBC_1060_Outbound_AdultSingle_d46597a9-440e-4c13-b49a-76a3986683d1_639196376886262404.xml,WDBC,Go South Coast,Go South Coast 1060 Outbound,Rockley - Sandbanks,price_band_1.0@AdultSingle,1.0
TDTR_7046_Outbound_AdultReturn_a9f4b9e2-e9ea-4456-80e3-47fe03b77367_639196408433106157.xml,TDTR,Go South Coast,Go South Coast 7046 Outbound,Swindon - Hungerford,price_band_4.5@AdultReturn,4.5
WDBC_1841_Outbound_AdultSingle_a9f4b9e2-e9ea-4456-80e3-47fe03b77367_639196382130631696.xml,WDBC,Go South Coast,Go South Coast 1841 Outbound,Bournemouth - Mudeford and Somerford,price_band_2.3@AdultSingle,2.3
WDBC_1032_Inbound_AdultReturn_a9f4b9e2-e9ea-4456-80e3-47fe03b77367_639196374272656837.xml,WDBC,Go South Coast,Go South Coast 1032 Inbound,Poole - Bournemouth,price_band_4.2@AdultReturn,4.2
WDBC_2002_Outbound_ChildSingle_d46597a9-440e-4c13-b49a-76a3986683d1_639196385621493533.xml,WDBC,Go South Coast,Go South Coast 2002 Outbound,Bournemouth - Lymington,price_band_1.0@ChildSingle,1.0
SWWD_3308_Outbound_AdultSingle_a9f4b9e2-e9ea-4456-80e3-47fe03b77367_639196394622413821.xml,SWWD,Go South Coast,Go South Coast 3308 Outbound,Blue Boar Row - Ditchampton,price_band_3.0@AdultSingle,3.0
SWWD_3008_Inbound_AdultReturn_a9f4b9e2-e9ea-4456-80e3-47fe03b77367_639196390636624051.xml,SWWD,Go South Coast,Go South Coast 3008 Inbound,Salisbury - Zouch Estate,price_band_6.0@AdultReturn,6.0
SWWD_3517_Outbound_ChildSingle_a9f4b9e2-e9ea-4456-80e3-47fe03b77367_639196399396120341.xml,SWWD,Go South Coast,Go South Coast 3517 Outbound,New Canal  - Lopcombe Corner,price_band_2.2@ChildSingle,2.2
WDBC_1831_Outbound_AdultSingle_a9f4b9e2-e9ea-4456-80e3-47fe03b77367_639196381276077193.xml,WDBC,Go South Coast,Go South Coast 1831 Outbound,Bournemouth - Hunt Road and Somerford,price_band_2.6@AdultSingle,2.6
WDBC_1054_Inbound_AdultSingle_d46597a9-440e-4c13-b49a-76a3986683d1_639196376557939977.xml,WDBC,Go South Coast,Go South Coast 1054 Inbound,Poole - Wimborne,price_band_2.2@AdultSingle,2.2
WDBC_1038_Inbound_ChildReturn_a9f4b9e2-e9ea-4456-80e3-47fe03b77367_639196374693950538.xml,WDBC,Go South Coast,Go South Coast 1038 Inbound,Ferndown - Ringwood,price_band_4.6@ChildReturn,4.6
WDBC_6449_Outbound_AdultSingle_a9f4b9e2-e9ea-4456-80e3-47fe03b77367_639196406940282122.xml,WDBC,Go South Coast,Go South Coast 6449 Outbound,St Osmunds - Parkstone Grammar,price_band_3.5@AdultSingle,3.5
TDTR_7080_Outbound_YoungPersonSgl_a9f4b9e2-e9ea-4456-80e3-47fe03b77367_639196408849535299.xml,TDTR,Go South Coast,Go South Coast 7080 Outbound,Swindon - Marlborough,price_band_1.8@YoungPersonSgl,1.8
WDBC_3882_Inbound_ChildReturn_a9f4b9e2-e9ea-4456-80e3-47fe03b77367_639196400640344963.xml,WDBC,Go South Coast,Go South Coast 3882 Inbound,Stratford Road Grammar School - Burgate School,price_band_4.5@ChildReturn,4.5
WDBC_1805_Inbound_ChildReturn_a9f4b9e2-e9ea-4456-80e3-47fe03b77367_639196379764165872.xml,WDBC,Go South Coast,Go South Coast 1805 Inbound,Bournemouth - Kinson,price_band_3.2@ChildReturn,3.2
BLUS_4002_Inbound_WyvernSchRtn_995d91fb-b0e5-4533-aa2a-6427dd49f7a7_639196401035211307.xml,BLUS,Go South Coast,Go South Coast 4002 Inbound,Southampton - Fair Oak,price_band_3.0@WyvernSchRtn,3.0
SWWD_3010_Outbound_AdultReturn_a9f4b9e2-e9ea-4456-80e3-47fe03b77367_639196391185198302.xml,SWWD,Go South Coast,Go South Coast 3010 Outbound,City Centre - St Peters Place,price_band_4.2@AdultReturn,4.2
WDBC_8279_Outbound_AdultSingle_a9f4b9e2-e9ea-4456-80e3-47fe03b77367_639196410391571978.xml,WDBC,Go South Coast,Go South Coast 8279 Outbound,New Milton - Brockenhurst BLUE,price_band_5.5@AdultSingle,5.5
WDBC_2001_Outbound_AdultReturn_a9f4b9e2-e9ea-4456-80e3-47fe03b77367_639196384662992972.xml,WDBC,Go South Coast,Go South Coast 2001 Outbound,Bournemouth - Lymington,price_band_6.0@AdultReturn,6.0
WDBC_6047_Outbound_ChildReturn_a9f4b9e2-e9ea-4456-80e3-47fe03b77367_639196406369321733.xml,WDBC,Go South Coast,Go South Coast 6047 Outbound,Ringwood Road - Parkstone Grammar School,price_band_3.1@ChildReturn,3.1
WDBC_2003_Inbound_ChildReturn_a9f4b9e2-e9ea-4456-80e3-47fe03b77367_639196385719101629.xml,WDBC,Go South Coast,Go South Coast 2003 Inbound,Salisbury - Bournemouth,price_band_3.1@ChildReturn,3.1
SWWD_3044_Outbound_ChildSingle_a9f4b9e2-e9ea-4456-80e3-47fe03b77367_639196391706881165.xml,SWWD,Go South Coast,Go South Coast 3044 Outbound,Salisbury - Woodfalls,price_band_1.9@ChildSingle,1.9
WDBC_2906_Inbound_AdultSingle_2f1f0c04-770d-4707-ab06-213c5a798ad7_639196387940285165.xml,WDBC,Go South Coast,Go South Coast 2906 Inbound,Poole - Ringwood,price_band_2.3@AdultSingle,2.3
WDBC_1802_Outbound_ChildReturn_a9f4b9e2-e9ea-4456-80e3-47fe03b77367_639196379625164601.xml,WDBC,Go South Coast,Go South Coast 1802 Outbound,Bournemouth - Castlepoint,price_band_3.4@ChildReturn,3.4
TDTR_7080_Inbound_YoungPersonRtn_a9f4b9e2-e9ea-4456-80e3-47fe03b77367_639196408802237036.xml,TDTR,Go South Coast,Go South Coast 7080 Inbound,Swindon - Marlborough,price_band_4.8@YoungPersonRtn,4.8
WDBC_1837_Outbound_ChildSingle_2f1f0c04-770d-4707-ab06-213c5a798ad7_639196381963734747.xml,WDBC,Go South Coast,Go South Coast 1837 Outbound,Bournemouth - Bournemouth International Airport,price_band_2.1@ChildSingle,2.1
SWWD_3002_Outbound_AdultReturn_a9f4b9e2-e9ea-4456-80e3-47fe03b77367_639196390378537219.xml,SWWD,Go South Coast,Go South Coast 3002 Outbound,Salisbury - Devizes,price_band_4.9@AdultReturn,4.9
WDBC_1053_Inbound_ChildReturn_a9f4b9e2-e9ea-4456-80e3-47fe03b77367_639196376058761639.xml,WDBC,Go South Coast,Go South Coast 1053 Inbound,Bournemouth - Wimborne,price_band_3.1@ChildReturn,3.1
WDBC_1744_Outbound_ChildSingle_a9f4b9e2-e9ea-4456-80e3-47fe03b77367_639196379108168695.xml,WDBC,Go South Coast,Go South Coast 1744 Outbound,Old Town - South Road Middle,price_band_2.7@ChildSingle,2.7
SWWD_3044_Outbound_ChildReturn_a9f4b9e2-e9ea-4456-80e3-47fe03b77367_639196391697596435.xml,SWWD,Go South Coast,Go South Coast 3044 Outbound,Salisbury - Woodfalls,price_band_3.6@ChildReturn,3.6
SWWD_3308_Inbound_ChildSingle_a9f4b9e2-e9ea-4456-80e3-47fe03b77367_639196394608090747.xml,SWWD,Go South Coast,Go South Coast 3308 Inbound,Blue Boar Row - Ditchampton,price_band_2.3@ChildSingle,2.3
WDBC_1013_Inbound_AdultReturn_a9f4b9e2-e9ea-4456-80e3-47fe03b77367_639196371167533681.xml,WDBC,Go South Coast,Go South Coast 1013 Inbound,Bournemouth - Wimborne,price_band_5.5@AdultReturn,5.5
SWWD_3405_Inbound_ChildReturn_a9f4b9e2-e9ea-4456-80e3-47fe03b77367_639196396561961188.xml,SWWD,Go South Coast,Go South Coast 3405 Inbound,Salisbury - Pewsey,price_band_3.6@ChildReturn,3.6
SWWD_7601_Outbound_AdultReturn_a9f4b9e2-e9ea-4456-80e3-47fe03b77367_639196410157160949.xml,SWWD,Go South Coast,Go South Coast 7601 Outbound,Stratford Road - Stratford sub Castle School,price_band_4.0@AdultReturn,4.0
WDBC_8429_Outbound_ChildSingle_a9f4b9e2-e9ea-4456-80e3-47fe03b77367_639196410434706459.xml,WDBC,Go South Coast,Go South Coast 8429 Outbound,Exbury - Lyndhurst GREEN,price_band_12.0@ChildSingle,12.0
BLUS_8438_Inbound_AdultReturn_a9f4b9e2-e9ea-4456-80e3-47fe03b77367_639196410451682457.xml,BLUS,Go South Coast,Go South Coast 8438 Inbound,Winchester - Petersfield,price_band_5.7@AdultReturn,5.7
WDBC_6450_Outbound_ChildReturn_a9f4b9e2-e9ea-4456-80e3-47fe03b77367_639196407046433646.xml,WDBC,Go South Coast,Go South Coast 6450 Outbound,Wallisdown - Parkstone Grammar,price_band_3.8@ChildReturn,3.8
WDBC_1038_Outbound_ChildSingle_a9f4b9e2-e9ea-4456-80e3-47fe03b77367_639196374719725195.xml,WDBC,Go South Coast,Go South Coast 1038 Outbound,Ferndown - Ringwood,price_band_1.9@ChildSingle,1.9
WDBC_1015_Inbound_ChildReturn_a9f4b9e2-e9ea-4456-80e3-47fe03b77367_639196371709340946.xml,WDBC,Go South Coast,Go South Coast 1015 Inbound,Poole - Bournemouth Hospital,price_band_2.8@ChildReturn,2.8
SWWD_3014_Outbound_AdultReturn_a9f4b9e2-e9ea-4456-80e3-47fe03b77367_639196391282067538.xml,SWWD,Go South Coast,Go South Coast 3014 Outbound,Salisbury - Harnham Hill,price_band_4.2@AdultReturn,4.2
WDBC_1833_Inbound_AdultSingle_a9f4b9e2-e9ea-4456-80e3-47fe03b77367_639196381576746617.xml,WDBC,Go South Coast,Go South Coast 1833 Inbound,Alum Chine - Castlepoint,price_band_2.8@AdultSingle,2.8
SWWD_3677_Outbound_AdultSingle_a9f4b9e2-e9ea-4456-80e3-47fe03b77367_639196400188163058.xml,SWWD,Go South Coast,Go South Coast 3677 Outbound,Stratford Road Grammar School - West Wellow,price_band_2.3@AdultSingle,2.3
BLUS_4022_Outbound_ChildSingle_a9f4b9e2-e9ea-4456-80e3-47fe03b77367_639196402412096094.xml,BLUS,Go South Coast,Go South Coast 4022 Outbound,Southampton - Shirley,price_band_2.1@ChildSingle,2.1
WDBC_1054_Inbound_ChildSingle_a9f4b9e2-e9ea-4456-80e3-47fe03b77367_639196376520950971.xml,WDBC,Go South Coast,Go South Coast 1054 Inbound,Poole - Wimborne,price_band_1.9@ChildSingle,1.9
BLUS_4425_Outbound_AdultSingle_f15d1b06-486f-433a-8991-95f1a97a87e0_639196402935256014.xml,BLUS,Go South Coast,Go South Coast 4425 Outbound,Eastleigh - Boorley Park,price_band_1.0@AdultSingle,1.0
WDBC_1013_Inbound_AdultSingle_d46597a9-440e-4c13-b49a-76a3986683d1_639196371327948124.xml,WDBC,Go South Coast,Go South Coast 1013 Inbound,Bournemouth - Wimborne,price_band_2.8@AdultSingle,2.8
SWWD_3457_Inbound_AdultSingle_a9f4b9e2-e9ea-4456-80e3-47fe03b77367_639196397949522505.xml,SWWD,Go South Coast,Go South Coast 3457 Inbound,Salisbury - Southampton,price_band_3.0@AdultSingle,3.0
TDTR_7535_Outbound_ChildSingle_a9f4b9e2-e9ea-4456-80e3-47fe03b77367_639196409846564665.xml,TDTR,Go South Coast,Go South Coast 7535 Outbound,Wanborough - Cirencester College,price_band_5.2@ChildSingle,5.2
SWWD_3326_Inbound_ChildSingle_a9f4b9e2-e9ea-4456-80e3-47fe03b77367_639196395131968093.xml,SWWD,Go South Coast,Go South Coast 3326 Inbound,Salisbury - Hindon,price_band_2.7@ChildSingle,2.7
WDBC_8209_Outbound_ChildSingle_a9f4b9e2-e9ea-4456-80e3-47fe03b77367_639196410348087432.xml,WDBC,Go South Coast,Go South Coast 8209 Outbound,Ringwood - Lyndhurst RED,price_band_1.7@ChildSingle,1.7
SWWD_3029_Outbound_ChildSingle_a9f4b9e2-e9ea-4456-80e3-47fe03b77367_639196391456912319.xml,SWWD,Go South Coast,Go South Coast 3029 Outbound,Salisbury - Shaftesbury,price_band_2.5@ChildSingle,2.5
WDBC_6943_Inbound_AdultReturn_a9f4b9e2-e9ea-4456-80e3-47fe03b77367_639196407951881567.xml,WDBC,Go South Coast,Go South Coast 6943 Inbound,Lulworth - Weymouth,price_band_6.0@AdultReturn,6.0
WDBC_2186_Outbound_AdultReturn_a9f4b9e2-e9ea-4456-80e3-47fe03b77367_639196386768264192.xml,WDBC,Go South Coast,Go South Coast 2186 Outbound,Southampton - Lymington,price_band_5.2@AdultReturn,5.2
TDTR_7146_Inbound_ChildReturn_a9f4b9e2-e9ea-4456-80e3-47fe03b77367_639196409044265171.xml,TDTR,Go South Coast,Go South Coast 7146 Inbound,Swindon - Hungerford,price_band_1.8@ChildReturn,1.8
WDBC_1011_Inbound_AdultReturn_a9f4b9e2-e9ea-4456-80e3-47fe03b77367_639196370982106913.xml,WDBC,Go South Coast,Go South Coast 1011 Inbound,Bournemouth - Canford Paddock,price_band_4.7@AdultReturn,4.7
WDBC_1003_Inbound_ChildSingle_2f1f0c04-770d-4707-ab06-213c5a798ad7_639196370411361395.xml,WDBC,Go South Coast,Go South Coast 1003 Inbound,Poole - Wimborne,price_band_1.0@ChildSingle,1.0
SWWD_3012_Outbound_ChildReturn_a9f4b9e2-e9ea-4456-80e3-47fe03b77367_639196391267346706.xml,SWWD,Go South Coast,Go South Coast 3012 Outbound,Salisbury - Stratford,price_band_2.5@ChildReturn,2.5
WDBC_1725_Inbound_ChildReturn_a9f4b9e2-e9ea-4456-80e3-47fe03b77367_639196379023342063.xml,WDBC,Go South Coast,Go South Coast 1725 Inbound,Wareham - Lytchett Minster School,price_band_4.2@ChildReturn,4.2
SWWD_3726_Outbound_ChildSingle_a9f4b9e2-e9ea-4456-80e3-47fe03b77367_639196400421560426.xml,SWWD,Go South Coast,Go South Coast 3726 Outbound,Salisbury - East Knoyle,price_band_2.3@ChildSingle,2.3
WDBC_2193_Outbound_ChildSingle_a9f4b9e2-e9ea-4456-80e3-47fe03b77367_639196386885522059.xml,WDBC,Go South Coast,Go South Coast 2193 Outbound,New Milton - New Milton,price_band_2.1@ChildSingle,2.1
SWWD_3513_Inbound_ChildReturn_a9f4b9e2-e9ea-4456-80e3-47fe03b77367_639196399171113761.xml,SWWD,Go South Coast,Go South Coast 3513 Inbound,Blue Boar Row - Bulbridge Chantry Road,price_band_2.5@ChildReturn,2.5
SVCT_8503_Outbound_AdultSingle_a9f4b9e2-e9ea-4456-80e3-47fe03b77367_639196410649295032.xml,SVCT,Go South Coast,Go South Coast 8503 Outbound,Needles - Breezer,price_band_4.2@AdultSingle,4.2
SWWD_3684_Inbound_ChildReturn_a9f4b9e2-e9ea-4456-80e3-47fe03b77367_639196400273843845.xml,SWWD,Go South Coast,Go South Coast 3684 Inbound,Coombe Bissett - Burgate,price_band_5.7@ChildReturn,5.7
TDTR_7541_Inbound_ChildSingle_a9f4b9e2-e9ea-4456-80e3-47fe03b77367_639196409999349165.xml,TDTR,Go South Coast,Go South Coast 7541 Inbound,Coate - Cirencester College,price_band_5.2@ChildSingle,5.2
SWWD_3404_Outbound_AdultSingle_a9f4b9e2-e9ea-4456-80e3-47fe03b77367_639196396277963486.xml,SWWD,Go South Coast,Go South Coast 3404 Outbound,Salisbury - Larkhill,price_band_2.3@AdultSingle,2.3
WDBC_1015_Outbound_AdultSingle_a9f4b9e2-e9ea-4456-80e3-47fe03b77367_639196371871192567.xml,WDBC,Go South Coast,Go South Coast 1015 Outbound,Poole - Bournemouth Hospital,price_band_3.0@AdultSingle,3.0
WDBC_6043_Inbound_AdultSingle_a9f4b9e2-e9ea-4456-80e3-47fe03b77367_639196406231945929.xml,WDBC,Go South Coast,Go South Coast 6043 Inbound,County Gates - Parkstone Grammar School,price_band_3.2@AdultSingle,3.2
WDBC_1741_Outbound_AdultSingle_a9f4b9e2-e9ea-4456-80e3-47fe03b77367_639196379075274914.xml,WDBC,Go South Coast,Go South Coast 1741 Outbound,Sandbanks Ferry - Parkstone Grammar School,price_band_3.2@AdultSingle,3.2
WDBC_1802_Outbound_AdultReturn_a9f4b9e2-e9ea-4456-80e3-47fe03b77367_639196379611497754.xml,WDBC,Go South Coast,Go South Coast 1802 Outbound,Bournemouth - Castlepoint,price_band_4.5@AdultReturn,4.5
WDBC_2906_Inbound_AdultSingle_2f1f0c04-770d-4707-ab06-213c5a798ad7_639196387940285165.xml,WDBC,Go South Coast,Go South Coast 2906 Inbound,Poole - Ringwood,price_band_2.8@AdultSingle,2.8
WDBC_1950_Outbound_AdultSingle_d46597a9-440e-4c13-b49a-76a3986683d1_639196384021056214.xml,WDBC,Go South Coast,Go South Coast 1950 Outbound,Bournemouth - Swanage,price_band_3.0@AdultSingle,3.0
WDBC_1818_Inbound_ChildSingle_a9f4b9e2-e9ea-4456-80e3-47fe03b77367_639196380178151392.xml,WDBC,Go South Coast,Go South Coast 1818 Inbound,Bournemouth - Broadstone,price_band_2.5@ChildSingle,2.5
WDBC_1035_Outbound_ChildReturn_a9f4b9e2-e9ea-4456-80e3-47fe03b77367_639196374680330806.xml,WDBC,Go South Coast,Go South Coast 1035 Outbound,Swanage - Wareham,price_band_5.7@ChildReturn,5.7
TDTR_7532_Outbound_ChildSingle_a9f4b9e2-e9ea-4456-80e3-47fe03b77367_639196409799832061.xml,TDTR,Go South Coast,Go South Coast 7532 Outbound,Link Centre - Cirencester College,price_band_5.2@ChildSingle,5.2
BLUS_4001_Inbound_ChildSingle_a9f4b9e2-e9ea-4456-80e3-47fe03b77367_639196400950141148.xml,BLUS,Go South Coast,Go South Coast 4001 Inbound,Southampton - Winchester,price_band_2.1@ChildSingle,2.1
BLUS_4011_Outbound_ChildSingle_a9f4b9e2-e9ea-4456-80e3-47fe03b77367_639196401722819212.xml,BLUS,Go South Coast,Go South Coast 4011 Outbound,Southampton - West Totton,price_band_2.1@ChildSingle,2.1
WDBC_1006_Outbound_ChildSingle_2f1f0c04-770d-4707-ab06-213c5a798ad7_639196370860183573.xml,WDBC,Go South Coast,Go South Coast 1006 Outbound,Poole - Tower Park,price_band_1.0@ChildSingle,1.0
SWWD_3405_Outbound_AdultReturn_a9f4b9e2-e9ea-4456-80e3-47fe03b77367_639196396742191077.xml,SWWD,Go South Coast,Go South Coast 3405 Outbound,Salisbury - Pewsey,price_band_4.2@AdultReturn,4.2
DAMY_6920_Outbound_ChildSingle_a9f4b9e2-e9ea-4456-80e3-47fe03b77367_639196407806502366.xml,DAMY,Go South Coast,Go South Coast 6920 Outbound,Salisbury - Steam Fair,price_band_2.8@ChildSingle,2.8
WDBC_1841_Inbound_ChildReturn_a9f4b9e2-e9ea-4456-80e3-47fe03b77367_639196382001476704.xml,WDBC,Go South Coast,Go South Coast 1841 Inbound,Bournemouth - Mudeford and Somerford,price_band_3.7@ChildReturn,3.7
BLUS_4103_Inbound_AdultSingle_f15d1b06-486f-433a-8991-95f1a97a87e0_639196402623147530.xml,BLUS,Go South Coast,Go South Coast 4103 Inbound,Southampton - Eastleigh,price_band_1.0@AdultSingle,1.0
TDTR_7052_Outbound_YoungPersonSgl_a9f4b9e2-e9ea-4456-80e3-47fe03b77367_639196408590037838.xml,TDTR,Go South Coast,Go South Coast 7052 Outbound,Barnfield - Okus,price_band_2.5@YoungPersonSgl,2.5
WDBC_1805_Outbound_ChildSingle_a9f4b9e2-e9ea-4456-80e3-47fe03b77367_639196379808489733.xml,WDBC,Go South Coast,Go South Coast 1805 Outbound,Bournemouth - Kinson,price_band_2.1@ChildSingle,2.1
SWWD_3525_Inbound_ChildSingle_a9f4b9e2-e9ea-4456-80e3-47fe03b77367_639196399495610199.xml,SWWD,Go South Coast,Go South Coast 3525 Inbound,City Centre - Petersfinger Park & Ride,price_band_3.0@ChildSingle,3.0
WDBC_2953_Inbound_AdultReturn_a9f4b9e2-e9ea-4456-80e3-47fe03b77367_639196388747958544.xml,WDBC,Go South Coast,Go South Coast 2953 Inbound,Salisbury - Ringwood,price_band_5.1@AdultReturn,5.1
SWWD_3311_Inbound_ChildSingle_a9f4b9e2-e9ea-4456-80e3-47fe03b77367_639196394714401658.xml,SWWD,Go South Coast,Go South Coast 3311 Inbound,Coronation Road - Ditchampton,price_band_2.5@ChildSingle,2.5
WDBC_2001_Inbound_ChildSingle_a9f4b9e2-e9ea-4456-80e3-47fe03b77367_639196384385006027.xml,WDBC,Go South Coast,Go South Coast 2001 Inbound,Bournemouth - Lymington,price_band_3.0@ChildSingle,3.0
BLUS_4012_Inbound_ChildSingle_a9f4b9e2-e9ea-4456-80e3-47fe03b77367_639196401749358743.xml,BLUS,Go South Coast,Go South Coast 4012 Inbound,Southampton - Calmore,price_band_2.5@ChildSingle,2.5
SWWD_3885_Outbound_ChildReturn_a9f4b9e2-e9ea-4456-80e3-47fe03b77367_639196400840543507.xml,SWWD,Go South Coast,Go South Coast 3885 Outbound,Whaddon - Burgate School,price_band_5.6@ChildReturn,5.6
TDTR_7064_Inbound_AdultSingle_a9f4b9e2-e9ea-4456-80e3-47fe03b77367_639196408643173013.xml,TDTR,Go South Coast,Go South Coast 7064 Inbound,Town Centre - Eldene,price_band_2.2@AdultSingle,2.2
WDBC_1789_Inbound_ChildSingle_a9f4b9e2-e9ea-4456-80e3-47fe03b77367_639196379342289488.xml,WDBC,Go South Coast,Go South Coast 1789 Inbound,Bournemouth School for Girls - Lymington,price_band_4.0@ChildSingle,4.0
WDBC_1811_Inbound_ChildSingle_a9f4b9e2-e9ea-4456-80e3-47fe03b77367_639196380022763608.xml,WDBC,Go South Coast,Go South Coast 1811 Inbound,Bournemouth - Somerford,price_band_2.2@ChildSingle,2.2
TDTR_7195_Inbound_AdultSingle_a9f4b9e2-e9ea-4456-80e3-47fe03b77367_639196409583464017.xml,TDTR,Go South Coast,Go South Coast 7195 Inbound,Greenbridge - Ridgeway School,price_band_3.1@AdultSingle,3.1
SWWD_3126_Outbound_AdultReturn_a9f4b9e2-e9ea-4456-80e3-47fe03b77367_639196393210383237.xml,SWWD,Go South Coast,Go South Coast 3126 Outbound,Salisbury - Hindon,price_band_6.0@AdultReturn,6.0
WDBC_1053_Outbound_AdultReturn_a9f4b9e2-e9ea-4456-80e3-47fe03b77367_639196376245552313.xml,WDBC,Go South Coast,Go South Coast 1053 Outbound,Bournemouth - Wimborne,price_band_6.0@AdultReturn,6.0
DAMY_6486_Outbound_ChildReturn_a9f4b9e2-e9ea-4456-80e3-47fe03b77367_639196407058945495.xml,DAMY,Go South Coast,Go South Coast 6486 Outbound,Milton Abbey - Thomas Hardye,price_band_6.9@ChildReturn,6.9
DAMY_6920_Inbound_ChildReturn_a9f4b9e2-e9ea-4456-80e3-47fe03b77367_639196407771189759.xml,DAMY,Go South Coast,Go South Coast 6920 Inbound,Salisbury - Steam Fair,price_band_6.0@ChildReturn,6.0
SWWD_3404_Outbound_AdultReturn_a9f4b9e2-e9ea-4456-80e3-47fe03b77367_639196396309504942.xml,SWWD,Go South Coast,Go South Coast 3404 Outbound,Salisbury - Larkhill,price_band_6.0@AdultReturn,6.0
SWWD_3126_Outbound_ChildReturn_a9f4b9e2-e9ea-4456-80e3-47fe03b77367_639196393248019592.xml,SWWD,Go South Coast,Go South Coast 3126 Outbound,Salisbury - Hindon,price_band_4.5@ChildReturn,4.5
WDBC_1811_Outbound_ChildSingle_a9f4b9e2-e9ea-4456-80e3-47fe03b77367_639196380086904887.xml,WDBC,Go South Coast,Go South Coast 1811 Outbound,Bournemouth - Somerford,price_band_2.1@ChildSingle,2.1
BLUS_4103_Outbound_AdultReturn_a9f4b9e2-e9ea-4456-80e3-47fe03b77367_639196402658751278.xml,BLUS,Go South Coast,Go South Coast 4103 Outbound,Southampton - Eastleigh,price_band_4.5@AdultReturn,4.5
WDBC_1017_Inbound_ChildReturn_a9f4b9e2-e9ea-4456-80e3-47fe03b77367_639196372622500146.xml,WDBC,Go South Coast,Go South Coast 1017 Inbound,Poole - Bournemouth,price_band_2.8@ChildReturn,2.8
