source_file,operator_ref,operator_name,line_name,line_description,price_id,amount_gbp
TDTR_7046_Inbound_ChildReturn_a9f4b9e2-e9ea-4456-80e3-47fe03b77367_639196408411798946.xml,TDTR,Go South Coast,Go South Coast 7046 Inbound,Swindon - Hungerford,price_band_1.8@ChildReturn,1.8
BLUS_4805_Inbound_AdultSingle_a9f4b9e2-e9ea-4456-80e3-47fe03b77367_639196403425183950.xml,BLUS,Go South Coast,Go South Coast 4805 Inbound,Boyatt Wood - Shootash,price_band_2.3@AdultSingle,2.3
WDBC_8209_Outbound_ChildSingle_a9f4b9e2-e9ea-4456-80e3-47fe03b77367_639196410348087432.xml,WDBC,Go South Coast,Go South Coast 8209 Outbound,Ringwood - Lyndhurst RED,price_band_3.9@ChildSingle,3.9
WDBC_1821_Inbound_AdultSingle_a9f4b9e2-e9ea-4456-80e3-47fe03b77367_639196380749875326.xml,WDBC,Go South Coast,Go South Coast 1821 Inbound,Bournemouth - Burton,price_band_2.8@AdultSingle,2.8
SWWD_3405_Inbound_ChildSingle_a9f4b9e2-e9ea-4456-80e3-47fe03b77367_639196396540600287.xml,SWWD,Go South Coast,Go South Coast 3405 Inbound,Salisbury - Pewsey,price_band_3.0@ChildSingle,3.0
WDBC_2024_Outbound_AdultReturn_a9f4b9e2-e9ea-4456-80e3-47fe03b77367_639196386245091584.xml,WDBC,Go South Coast,Go South Coast 2024 Outbound,Castlepoint - Christchurch,price_band_3.8@AdultReturn,3.8
WDBC_1016_Outbound_ChildSingle_a9f4b9e2-e9ea-4456-80e3-47fe03b77367_639196372360236986.xml,WDBC,Go South Coast,Go South Coast 1016 Outbound,Poole - Bournemouth,price_band_2.3@ChildSingle,2.3
BLUS_4004_Outbound_AdultReturn_a9f4b9e2-e9ea-4456-80e3-47fe03b77367_639196401160156794.xml,BLUS,Go South Coast,Go South Coast 4004 Outbound,Southampton - Romsey,price_band_4.5@AdultReturn,4.5
WDBC_6419_Inbound_ChildReturn_a9f4b9e2-e9ea-4456-80e3-47fe03b77367_639196406787885234.xml,WDBC,Go South Coast,Go South Coast 6419 Inbound,Compton Avenue - Poole Grammar,price_band_2.7@ChildReturn,2.7
SWWD_3327_Inbound_ChildReturn_a9f4b9e2-e9ea-4456-80e3-47fe03b77367_639196395499310498.xml,SWWD,Go South Coast,Go South Coast 3327 Inbound,Salisbury - Shaftesbury,price_band_4.5@ChildReturn,4.5
TDTR_7076_Inbound_YoungPersonSgl_a9f4b9e2-e9ea-4456-80e3-47fe03b77367_639196408693831771.xml,TDTR,Go South Coast,Go South Coast 7076 Inbound,Marlborough - Bath,price_band_1.2@YoungPersonSgl,1.2
WDBC_2186_Inbound_ChildReturn_a9f4b9e2-e9ea-4456-80e3-47fe03b77367_639196386678698346.xml,WDBC,Go South Coast,Go South Coast 2186 Inbound,Southampton - Lymington,price_band_4.0@ChildReturn,4.0
SWWD_3407_Inbound_ChildSingle_f15d1b06-486f-433a-8991-95f1a97a87e0_639196397266649239.xml,SWWD,Go South Coast,Go South Coast 3407 Inbound,Salisbury - Southampton,price_band_3.0@ChildSingle,3.0
TDTR_7540_Inbound_ChildSingle_a9f4b9e2-e9ea-4456-80e3-47fe03b77367_639196409969300092.xml,TDTR,Go South Coast,Go South Coast 7540 Inbound,Lydiard Millicent - Cirencester College,price_band_5.2@ChildSingle,5.2
BLUS_3634_Inbound_ChildSingle_a9f4b9e2-e9ea-4456-80e3-47fe03b77367_639196399662541611.xml,BLUS,Go South Coast,Go South Coast 3634 Inbound,East Wellow  - Romsey School,price_band_1.9@ChildSingle,1.9
WDBC_2956_Outbound_AdultReturn_a9f4b9e2-e9ea-4456-80e3-47fe03b77367_639196389767600797.xml,WDBC,Go South Coast,Go South Coast 2956 Outbound,Ringwood - Bournemouth,price_band_4.2@AdultReturn,4.2
SWWD_3326_Outbound_AdultReturn_a9f4b9e2-e9ea-4456-80e3-47fe03b77367_639196395281317520.xml,SWWD,Go South Coast,Go South Coast 3326 Outbound,Salisbury - Hindon,price_band_6.0@AdultReturn,6.0
WDBC_6449_Inbound_AdultReturn_a9f4b9e2-e9ea-4456-80e3-47fe03b77367_639196406914164075.xml,WDBC,Go South Coast,Go South Coast 6449 Inbound,St Osmunds - Parkstone Grammar,price_band_5.8@AdultReturn,5.8
SVCT_5249_Outbound_ChildSingle_a9f4b9e2-e9ea-4456-80e3-47fe03b77367_639196405550849305.xml,SVCT,Go South Coast,Go South Coast 5249 Outbound,Ryde - Newport,price_band_2.4@ChildSingle,2.4
WDBC_8279_Outbound_ChildSingle_a9f4b9e2-e9ea-4456-80e3-47fe03b77367_639196410387977963.xml,WDBC,Go South Coast,Go South Coast 8279 Outbound,New Milton - Brockenhurst BLUE,price_band_2.8@ChildSingle,2.8
BLUS_4007_Inbound_AdultSingle_a9f4b9e2-e9ea-4456-80e3-47fe03b77367_639196401316966075.xml,BLUS,Go South Coast,Go South Coast 4007 Inbound,Lordshill - Sholing,price_band_2.6@AdultSingle,2.6
WDBC_2176_Outbound_ChildReturn_a9f4b9e2-e9ea-4456-80e3-47fe03b77367_639196386614618914.xml,WDBC,Go South Coast,Go South Coast 2176 Outbound,Christchurch - Ringwood,price_band_2.9@ChildReturn,2.9
WDBC_1802_Inbound_ChildReturn_a9f4b9e2-e9ea-4456-80e3-47fe03b77367_639196379565861328.xml,WDBC,Go South Coast,Go South Coast 1802 Inbound,Bournemouth - Castlepoint,price_band_3.7@ChildReturn,3.7
BLUS_4815_Outbound_AdultReturn_a9f4b9e2-e9ea-4456-80e3-47fe03b77367_639196403538361956.xml,BLUS,Go South Coast,Go South Coast 4815 Outbound,Boyatt Wood - Eastleigh,price_band_6.0@AdultReturn,6.0
SWWD_3126_Inbound_AdultSingle_a9f4b9e2-e9ea-4456-80e3-47fe03b77367_639196393140963144.xml,SWWD,Go South Coast,Go South Coast 3126 Inbound,Salisbury - Hindon,price_band_3.0@AdultSingle,3.0
SWWD_3087_Inbound_AdultReturn_a9f4b9e2-e9ea-4456-80e3-47fe03b77367_639196391719718334.xml,SWWD,Go South Coast,Go South Coast 3087 Inbound,South Wilts Grammar School - Lopcombe Corner,price_band_6.0@AdultReturn,6.0
WDBC_1821_Outbound_AdultReturn_a9f4b9e2-e9ea-4456-80e3-47fe03b77367_639196381026493911.xml,WDBC,Go South Coast,Go South Coast 1821 Outbound,Bournemouth - Burton,price_band_4.2@AdultReturn,4.2
BLUS_4014_Outbound_AdultSingle_eed5e2e8-c472-41af-825e-db09ec887334_639196401901067362.xml,BLUS,Go South Coast,Go South Coast 4014 Outbound,Southampton - Hedge End,price_band_1.0@AdultSingle,1.0
SWWD_3206_Outbound_AdultReturn_a9f4b9e2-e9ea-4456-80e3-47fe03b77367_639196394052641098.xml,SWWD,Go South Coast,Go South Coast 3206 Outbound,Allington - Blue Boar Row,price_band_5.7@AdultReturn,5.7
WDBC_1950_Inbound_AdultSingle_2f1f0c04-770d-4707-ab06-213c5a798ad7_639196383730198476.xml,WDBC,Go South Coast,Go South Coast 1950 Inbound,Bournemouth - Swanage,price_band_2.3@AdultSingle,2.3
SWWD_3763_Outbound_AdultSingle_a9f4b9e2-e9ea-4456-80e3-47fe03b77367_639196400497448956.xml,SWWD,Go South Coast,Go South Coast 3763 Outbound,Mount Pleasant Farm - Burgate School,price_band_5.2@AdultSingle,5.2
WDBC_1013_Outbound_ChildSingle_d46597a9-440e-4c13-b49a-76a3986683d1_639196371637714285.xml,WDBC,Go South Coast,Go South Coast 1013 Outbound,Bournemouth - Wimborne,price_band_1.0@ChildSingle,1.0
WDBC_1054_Inbound_AdultSingle_2f1f0c04-770d-4707-ab06-213c5a798ad7_639196376540230414.xml,WDBC,Go South Coast,Go South Coast 1054 Inbound,Poole - Wimborne,price_band_1.0@AdultSingle,1.0
WDBC_1950_Outbound_ChildReturn_a9f4b9e2-e9ea-4456-80e3-47fe03b77367_639196383897377725.xml,WDBC,Go South Coast,Go South Coast 1950 Outbound,Bournemouth - Swanage,price_band_4.6@ChildReturn,4.6
TDTR_7553_Outbound_AdultReturn_a9f4b9e2-e9ea-4456-80e3-47fe03b77367_639196410114431307.xml,TDTR,Go South Coast,Go South Coast 7553 Outbound,Royal Wootton Bassett - Cirencester College,price_band_8.3@AdultReturn,8.3
SWWD_3650_Inbound_ChildSingle_a9f4b9e2-e9ea-4456-80e3-47fe03b77367_639196399976961024.xml,SWWD,Go South Coast,Go South Coast 3650 Inbound,Laverstock Schools  - West Harnham,price_band_2.3@ChildSingle,2.3
SWWD_3517_Outbound_ChildReturn_a9f4b9e2-e9ea-4456-80e3-47fe03b77367_639196399402190465.xml,SWWD,Go South Coast,Go South Coast 3517 Outbound,New Canal  - Lopcombe Corner,price_band_3.6@ChildReturn,3.6
SVCT_5008_Outbound_YoungAdSingle_a9f4b9e2-e9ea-4456-80e3-47fe03b77367_639196404159391116.xml,SVCT,Go South Coast,Go South Coast 5008 Outbound,Newport  - Ryde,price_band_3.0@YoungAdSingle,3.0
BLUS_4006_Inbound_AdultSingle_a9f4b9e2-e9ea-4456-80e3-47fe03b77367_639196401265576827.xml,BLUS,Go South Coast,Go South Coast 4006 Inbound,Southampton - Townhill Park,price_band_2.6@AdultSingle,2.6
TDTR_7532_Inbound_ChildReturn_a9f4b9e2-e9ea-4456-80e3-47fe03b77367_639196409788959610.xml,TDTR,Go South Coast,Go South Coast 7532 Inbound,Link Centre - Cirencester College,price_band_8.3@ChildReturn,8.3
SWWD_3125_Outbound_ChildSingle_a9f4b9e2-e9ea-4456-80e3-47fe03b77367_639196392967358719.xml,SWWD,Go South Coast,Go South Coast 3125 Outbound,South Wilts Grammar School - Hindon,price_band_2.3@ChildSingle,2.3
SWWD_3651_Outbound_AdultReturn_a9f4b9e2-e9ea-4456-80e3-47fe03b77367_639196400003240105.xml,SWWD,Go South Coast,Go South Coast 3651 Outbound,Avon Valley College - Sling,price_band_4.5@AdultReturn,4.5
WDBC_2002_Outbound_ChildReturn_a9f4b9e2-e9ea-4456-80e3-47fe03b77367_639196385418186648.xml,WDBC,Go South Coast,Go South Coast 2002 Outbound,Bournemouth - Lymington,price_band_4.2@ChildReturn,4.2
DAMY_6307_Outbound_AdultReturn_a9f4b9e2-e9ea-4456-80e3-47fe03b77367_639196406448411072.xml,DAMY,Go South Coast,Go South Coast 6307 Outbound,Blandford - Shaftesbury,price_band_4.8@AdultReturn,4.8
WDBC_1114_Outbound_ChildSingle_a9f4b9e2-e9ea-4456-80e3-47fe03b77367_639196377897167239.xml,WDBC,Go South Coast,Go South Coast 1114 Outbound,Poole - RB Hospital,price_band_2.8@ChildSingle,2.8
WDBC_1883_Inbound_AdultSingle_a9f4b9e2-e9ea-4456-80e3-47fe03b77367_639196382524811961.xml,WDBC,Go South Coast,Go South Coast 1883 Inbound,Alum Chine - Castlepoint,price_band_3.0@AdultSingle,3.0
TDTR_7148_Inbound_ChildSingle_a9f4b9e2-e9ea-4456-80e3-47fe03b77367_639196409147058480.xml,TDTR,Go South Coast,Go South Coast 7148 Inbound,Swindon - Marlborough,price_band_2.4@ChildSingle,2.4
WDBC_1805_Inbound_AdultSingle_2f1f0c04-770d-4707-ab06-213c5a798ad7_639196379770103501.xml,WDBC,Go South Coast,Go South Coast 1805 Inbound,Bournemouth - Kinson,price_band_1.0@AdultSingle,1.0
SWWD_3210_Outbound_AdultSingle_a9f4b9e2-e9ea-4456-80e3-47fe03b77367_639196394081151926.xml,SWWD,Go South Coast,Go South Coast 3210 Outbound,City Centre - St Peters Place,price_band_3.0@AdultSingle,3.0
WDBC_1837_Inbound_ChildSingle_d46597a9-440e-4c13-b49a-76a3986683d1_639196381906882492.xml,WDBC,Go South Coast,Go South Coast 1837 Inbound,Bournemouth - Bournemouth International Airport,price_band_2.2@ChildSingle,2.2
WDBC_8409_Outbound_ChildSingle_a9f4b9e2-e9ea-4456-80e3-47fe03b77367_639196410426715561.xml,WDBC,Go South Coast,Go South Coast 8409 Outbound,Lyndhurst - Exbury GREEN,price_band_1.6@ChildSingle,1.6
SWWD_3325_Outbound_ChildReturn_a9f4b9e2-e9ea-4456-80e3-47fe03b77367_639196394994539816.xml,SWWD,Go South Coast,Go South Coast 3325 Outbound,South Wilts Grammar School - Hindon,price_band_3.6@ChildReturn,3.6
SWWD_3125_Outbound_ChildReturn_a9f4b9e2-e9ea-4456-80e3-47fe03b77367_639196392988098341.xml,SWWD,Go South Coast,Go South Coast 3125 Outbound,South Wilts Grammar School - Hindon,price_band_3.8@ChildReturn,3.8
SWWD_3457_Inbound_ChildSingle_a9f4b9e2-e9ea-4456-80e3-47fe03b77367_639196398011492336.xml,SWWD,Go South Coast,Go South Coast 3457 Inbound,Salisbury - Southampton,price_band_2.9@ChildSingle,2.9
SWWD_3726_Outbound_AdultReturn_a9f4b9e2-e9ea-4456-80e3-47fe03b77367_639196400408884012.xml,SWWD,Go South Coast,Go South Coast 3726 Outbound,Salisbury - East Knoyle,price_band_4.5@AdultReturn,4.5
SWWD_3087_Inbound_ChildSingle_a9f4b9e2-e9ea-4456-80e3-47fe03b77367_639196391757074693.xml,SWWD,Go South Coast,Go South Coast 3087 Inbound,South Wilts Grammar School - Lopcombe Corner,price_band_1.9@ChildSingle,1.9
TDTR_7180_Outbound_YoungPersonSgl_a9f4b9e2-e9ea-4456-80e3-47fe03b77367_639196409581102181.xml,TDTR,Go South Coast,Go South Coast 7180 Outbound,Marlborough - Ludgershall,price_band_2.4@YoungPersonSgl,2.4
WDBC_6943_Inbound_ChildSingle_a9f4b9e2-e9ea-4456-80e3-47fe03b77367_639196407906147726.xml,WDBC,Go South Coast,Go South Coast 6943 Inbound,Lulworth - Weymouth,price_band_2.6@ChildSingle,2.6
BLUS_3634_Outbound_ChildReturn_a9f4b9e2-e9ea-4456-80e3-47fe03b77367_639196399704054492.xml,BLUS,Go South Coast,Go South Coast 3634 Outbound,East Wellow  - Romsey School,price_band_4.6@ChildReturn,4.6
WDBC_1755_Outbound_ChildReturn_a9f4b9e2-e9ea-4456-80e3-47fe03b77367_639196379148562803.xml,WDBC,Go South Coast,Go South Coast 1755 Outbound,Bournemouth Station - Bournemouth School for Girls,price_band_2.4@ChildReturn,2.4
SWWD_3405_Outbound_AdultSingle_a9f4b9e2-e9ea-4456-80e3-47fe03b77367_639196396690371802.xml,SWWD,Go South Coast,Go South Coast 3405 Outbound,Salisbury - Pewsey,price_band_2.3@AdultSingle,2.3
BLUS_4014_Inbound_ChildSingle_a9f4b9e2-e9ea-4456-80e3-47fe03b77367_639196401856351099.xml,BLUS,Go South Coast,Go South Coast 4014 Inbound,Southampton - Hedge End,price_band_2.5@ChildSingle,2.5
DAMY_3183_Inbound_AdultReturn_a9f4b9e2-e9ea-4456-80e3-47fe03b77367_639196393797551416.xml,DAMY,Go South Coast,Go South Coast 3183 Inbound,Blandford - Weymouth,price_band_4.5@AdultReturn,4.5
WDBC_2956_Inbound_ChildSingle_d46597a9-440e-4c13-b49a-76a3986683d1_639196389594352455.xml,WDBC,Go South Coast,Go South Coast 2956 Inbound,Ringwood - Bournemouth,price_band_1.9@ChildSingle,1.9
SWWD_3495_Outbound_AdultSingle_a9f4b9e2-e9ea-4456-80e3-47fe03b77367_639196399028471300.xml,SWWD,Go South Coast,Go South Coast 3495 Outbound,Swindon - Pewsey,price_band_2.3@AdultSingle,2.3
WDBC_1837_Outbound_AdultSingle_d46597a9-440e-4c13-b49a-76a3986683d1_639196381957484376.xml,WDBC,Go South Coast,Go South Coast 1837 Outbound,Bournemouth - Bournemouth International Airport,price_band_2.8@AdultSingle,2.8
WDBC_1013_Outbound_ChildReturn_a9f4b9e2-e9ea-4456-80e3-47fe03b77367_639196371479454355.xml,WDBC,Go South Coast,Go South Coast 1013 Outbound,Bournemouth - Wimborne,price_band_4.6@ChildReturn,4.6
WDBC_2219_Outbound_ChildSingle_a9f4b9e2-e9ea-4456-80e3-47fe03b77367_639196386952330574.xml,WDBC,Go South Coast,Go South Coast 2219 Outbound,Lymington  - New Milton,price_band_2.1@ChildSingle,2.1
WDBC_1050_Outbound_AdultReturn_a9f4b9e2-e9ea-4456-80e3-47fe03b77367_639196375631431393.xml,WDBC,Go South Coast,Go South Coast 1050 Outbound,Bournemouth Station - Swanage,price_band_4.7@AdultReturn,4.7
WDBC_1883_Inbound_ChildSingle_a9f4b9e2-e9ea-4456-80e3-47fe03b77367_639196382536654541.xml,WDBC,Go South Coast,Go South Coast 1883 Inbound,Alum Chine - Castlepoint,price_band_2.5@ChildSingle,2.5
SWWD_7201_Inbound_ChildReturn_a9f4b9e2-e9ea-4456-80e3-47fe03b77367_639196409634398062.xml,SWWD,Go South Coast,Go South Coast 7201 Inbound,Figheldean - Salisbury,price_band_4.9@ChildReturn,4.9
BLUS_4028_Inbound_AdultSingle_a9f4b9e2-e9ea-4456-80e3-47fe03b77367_639196402544874277.xml,BLUS,Go South Coast,Go South Coast 4028 Inbound,Southampton - Southampton Science Park,price_band_2.6@AdultSingle,2.6
SWWD_3885_Outbound_ChildReturn_a9f4b9e2-e9ea-4456-80e3-47fe03b77367_639196400840543507.xml,SWWD,Go South Coast,Go South Coast 3885 Outbound,Whaddon - Burgate School,price_band_5.2@ChildReturn,5.2
BLUS_4012_Outbound_AdultSingle_f15d1b06-486f-433a-8991-95f1a97a87e0_639196401777246983.xml,BLUS,Go South Coast,Go South Coast 4012 Outbound,Southampton - Calmore,price_band_1.0@AdultSingle,1.0
WDBC_2906_Outbound_ChildSingle_a9f4b9e2-e9ea-4456-80e3-47fe03b77367_639196388193779482.xml,WDBC,Go South Coast,Go South Coast 2906 Outbound,Poole - Ringwood,price_band_2.9@ChildSingle,2.9
WDBC_1836_Inbound_AdultReturn_a9f4b9e2-e9ea-4456-80e3-47fe03b77367_639196381768682596.xml,WDBC,Go South Coast,Go South Coast 1836 Inbound,Talbot View - Kinson,price_band_4.2@AdultReturn,4.2
SWWD_3137_Outbound_ChildReturn_a9f4b9e2-e9ea-4456-80e3-47fe03b77367_639196393481415769.xml,SWWD,Go South Coast,Go South Coast 3137 Outbound,Salisbury - West Dean,price_band_2.5@ChildReturn,2.5
BLUS_4018_Inbound_ChildSingle_f15d1b06-486f-433a-8991-95f1a97a87e0_639196402151819932.xml,BLUS,Go South Coast,Go South Coast 4018 Inbound,Millbrook - Thornhill,price_band_1.0@ChildSingle,1.0
WDBC_2176_Inbound_ChildSingle_a9f4b9e2-e9ea-4456-80e3-47fe03b77367_639196386517544843.xml,WDBC,Go South Coast,Go South Coast 2176 Inbound,Christchurch - Ringwood,price_band_2.3@ChildSingle,2.3
BLUS_4425_Inbound_AdultReturn_a9f4b9e2-e9ea-4456-80e3-47fe03b77367_639196402919489709.xml,BLUS,Go South Coast,Go South Coast 4425 Inbound,Eastleigh - Boorley Park,price_band_4.2@AdultReturn,4.2
SWWD_3407_Outbound_ChildSingle_f15d1b06-486f-433a-8991-95f1a97a87e0_639196397730711306.xml,SWWD,Go South Coast,Go South Coast 3407 Outbound,Salisbury - Southampton,price_band_2.9@ChildSingle,2.9
SWWD_3495_Inbound_AdultSingle_a9f4b9e2-e9ea-4456-80e3-47fe03b77367_639196398970481910.xml,SWWD,Go South Coast,Go South Coast 3495 Inbound,Swindon - Pewsey,price_band_2.3@AdultSingle,2.3
SWWD_3533_Inbound_AdultReturn_a9f4b9e2-e9ea-4456-80e3-47fe03b77367_639196399556459866.xml,SWWD,Go South Coast,Go South Coast 3533 Inbound,Dinton - City Centre,price_band_5.4@AdultReturn,5.4
SWWD_3885_Outbound_ChildReturn_a9f4b9e2-e9ea-4456-80e3-47fe03b77367_639196400840543507.xml,SWWD,Go South Coast,Go South Coast 3885 Outbound,Whaddon - Burgate School,price_band_5.1@ChildReturn,5.1
WDBC_1050_Inbound_ChildSingle_a9f4b9e2-e9ea-4456-80e3-47fe03b77367_639196375531808668.xml,WDBC,Go South Coast,Go South Coast 1050 Inbound,Bournemouth Station - Swanage,price_band_2.5@ChildSingle,2.5
WDBC_1951_Inbound_ChildSingle_a9f4b9e2-e9ea-4456-80e3-47fe03b77367_639196384120568027.xml,WDBC,Go South Coast,Go South Coast 1951 Inbound,Bournemouth - Sandbanks,price_band_2.8@ChildSingle,2.8
WDBC_1050_Outbound_ChildSingle_2f1f0c04-770d-4707-ab06-213c5a798ad7_639196375745990312.xml,WDBC,Go South Coast,Go South Coast 1050 Outbound,Bournemouth Station - Swanage,price_band_3.0@ChildSingle,3.0
BLUS_4424_Outbound_AdultSingle_f15d1b06-486f-433a-8991-95f1a97a87e0_639196402896438529.xml,BLUS,Go South Coast,Go South Coast 4424 Outbound,Eastleigh - Hedge End,price_band_1.0@AdultSingle,1.0
TDTR_7539_Outbound_ChildSingle_a9f4b9e2-e9ea-4456-80e3-47fe03b77367_639196409957224946.xml,TDTR,Go South Coast,Go South Coast 7539 Outbound,Wroughton - Cirencester College,price_band_5.2@ChildSingle,5.2
SWWD_7201_Inbound_ChildReturn_a9f4b9e2-e9ea-4456-80e3-47fe03b77367_639196409634398062.xml,SWWD,Go South Coast,Go South Coast 7201 Inbound,Figheldean - Salisbury,price_band_2.4@ChildReturn,2.4
DAMY_6180_Outbound_ChildSingle_a9f4b9e2-e9ea-4456-80e3-47fe03b77367_639196406390791474.xml,DAMY,Go South Coast,Go South Coast 6180 Outbound,Centre Blandford - Steam Fair Site,price_band_2.3@ChildSingle,2.3
WDBC_8429_Outbound_AdultSingle_a9f4b9e2-e9ea-4456-80e3-47fe03b77367_639196410430594161.xml,WDBC,Go South Coast,Go South Coast 8429 Outbound,Exbury - Lyndhurst GREEN,price_band_4.0@AdultSingle,4.0
WDBC_1017_Inbound_AdultReturn_a9f4b9e2-e9ea-4456-80e3-47fe03b77367_639196372577167753.xml,WDBC,Go South Coast,Go South Coast 1017 Inbound,Poole - Bournemouth,price_band_4.5@AdultReturn,4.5
BLUS_3135_Outbound_AdultSingle_a9f4b9e2-e9ea-4456-80e3-47fe03b77367_639196393324474134.xml,BLUS,Go South Coast,Go South Coast 3135 Outbound,Romsey - Braishfield,price_band_3.0@AdultSingle,3.0
BLUS_4026_Inbound_AdultReturn_a9f4b9e2-e9ea-4456-80e3-47fe03b77367_639196402499047992.xml,BLUS,Go South Coast,Go South Coast 4026 Inbound,Southampton - Whiteley,price_band_5.7@AdultReturn,5.7
SVCT_5003_Outbound_ChildSingle_a9f4b9e2-e9ea-4456-80e3-47fe03b77367_639196403764389810.xml,SVCT,Go South Coast,Go South Coast 5003 Outbound,Newport  - Ryde,price_band_3.0@ChildSingle,3.0
BLUS_4001_Inbound_AdultSingle_eed5e2e8-c472-41af-825e-db09ec887334_639196400965250933.xml,BLUS,Go South Coast,Go South Coast 4001 Inbound,Southampton - Winchester,price_band_1.0@AdultSingle,1.0
BLUS_4014_Outbound_AdultSingle_f15d1b06-486f-433a-8991-95f1a97a87e0_639196401897473323.xml,BLUS,Go South Coast,Go South Coast 4014 Outbound,Southampton - Hedge End,price_band_1.0@AdultSingle,1.0
TDTR_7180_Outbound_YoungPersonRtn_a9f4b9e2-e9ea-4456-80e3-47fe03b77367_639196409548679878.xml,TDTR,Go South Coast,Go South Coast 7180 Outbound,Marlborough - Ludgershall,price_band_3.3@YoungPersonRtn,3.3
WDBC_1170_Inbound_ChildSingle_a9f4b9e2-e9ea-4456-80e3-47fe03b77367_639196378199693405.xml,WDBC,Go South Coast,Go South Coast 1170 Inbound,Rockley Park - Hengistbury Head,price_band_2.3@ChildSingle,2.3
WDBC_1950_Inbound_ChildSingle_a9f4b9e2-e9ea-4456-80e3-47fe03b77367_639196383599091215.xml,WDBC,Go South Coast,Go South Coast 1950 Inbound,Bournemouth - Swanage,price_band_1.9@ChildSingle,1.9
WDBC_1032_Outbound_ChildReturn_a9f4b9e2-e9ea-4456-80e3-47fe03b77367_639196374493340861.xml,WDBC,Go South Coast,Go South Coast 1032 Outbound,Poole - Bournemouth,price_band_3.1@ChildReturn,3.1
BLUS_3634_Inbound_AdultSingle_a9f4b9e2-e9ea-4456-80e3-47fe03b77367_639196399650031455.xml,BLUS,Go South Coast,Go South Coast 3634 Inbound,East Wellow  - Romsey School,price_band_2.1@AdultSingle,2.1
WDBC_1804_Inbound_AdultSingle_a9f4b9e2-e9ea-4456-80e3-47fe03b77367_639196379659286517.xml,WDBC,Go South Coast,Go South Coast 1804 Inbound,Bournemouth - Castlepoint,price_band_2.8@AdultSingle,2.8
WDBC_6415_Outbound_ChildSingle_a9f4b9e2-e9ea-4456-80e3-47fe03b77367_639196406582208448.xml,WDBC,Go South Coast,Go South Coast 6415 Outbound,St Anns Hospital - Poole Grammar School,price_band_1.7@ChildSingle,1.7
WDBC_1038_Outbound_ChildReturn_a9f4b9e2-e9ea-4456-80e3-47fe03b77367_639196374712380593.xml,WDBC,Go South Coast,Go South Coast 1038 Outbound,Ferndown - Ringwood,price_band_3.5@ChildReturn,3.5
WDBC_1013_Inbound_ChildSingle_2f1f0c04-770d-4707-ab06-213c5a798ad7_639196371357692822.xml,WDBC,Go South Coast,Go South Coast 1013 Inbound,Bournemouth - Wimborne,price_band_2.2@ChildSingle,2.2
TDTR_7146_Outbound_ChildSingle_a9f4b9e2-e9ea-4456-80e3-47fe03b77367_639196409087562810.xml,TDTR,Go South Coast,Go South Coast 7146 Outbound,Swindon - Hungerford,price_band_2.0@ChildSingle,2.0
SWWD_3101_Inbound_AdultSingle_a9f4b9e2-e9ea-4456-80e3-47fe03b77367_639196391978450697.xml,SWWD,Go South Coast,Go South Coast 3101 Inbound,Devizes - Pewsey,price_band_3.0@AdultSingle,3.0
TDTR_7535_Outbound_ChildReturn_a9f4b9e2-e9ea-4456-80e3-47fe03b77367_639196409849371557.xml,TDTR,Go South Coast,Go South Coast 7535 Outbound,Wanborough - Cirencester College,price_band_8.3@ChildReturn,8.3
WDBC_2775_Inbound_ChildReturn_a9f4b9e2-e9ea-4456-80e3-47fe03b77367_639196387492806095.xml,WDBC,Go South Coast,Go South Coast 2775 Inbound,Milford on Sea - Priestlands School,price_band_4.6@ChildReturn,4.6
BLUS_4015_Outbound_AdultSingle_a9f4b9e2-e9ea-4456-80e3-47fe03b77367_639196401943346044.xml,BLUS,Go South Coast,Go South Coast 4015 Outbound,Central Station - Hamble,price_band_2.6@AdultSingle,2.6
SWWD_7086_Inbound_ChildReturn_a9f4b9e2-e9ea-4456-80e3-47fe03b77367_639196408886307715.xml,SWWD,Go South Coast,Go South Coast 7086 Inbound,Ansty - Shaftesbury,price_band_3.9@ChildReturn,3.9
SVCT_5419_Inbound_AdultSingle_a9f4b9e2-e9ea-4456-80e3-47fe03b77367_639196405900352015.xml,SVCT,Go South Coast,Go South Coast 5419 Inbound,Ryde  - Newport [N9],price_band_3.0@AdultSingle,3.0
TDTR_7824_Outbound_AdultSingle_a9f4b9e2-e9ea-4456-80e3-47fe03b77367_639196410193594322.xml,TDTR,Go South Coast,Go South Coast 7824 Outbound,Wanborough (Lotmead Farm) - Ridgeway School,price_band_3.3@AdultSingle,3.3
WDBC_1818_Outbound_ChildReturn_a9f4b9e2-e9ea-4456-80e3-47fe03b77367_639196380505760325.xml,WDBC,Go South Coast,Go South Coast 1818 Outbound,Bournemouth - Broadstone,price_band_2.8@ChildReturn,2.8
WDBC_1837_Inbound_ChildSingle_2f1f0c04-770d-4707-ab06-213c5a798ad7_639196381896349388.xml,WDBC,Go South Coast,Go South Coast 1837 Inbound,Bournemouth - Bournemouth International Airport,price_band_1.0@ChildSingle,1.0
SVCT_5257_Outbound_YoungAdSingle_a9f4b9e2-e9ea-4456-80e3-47fe03b77367_639196405573284789.xml,SVCT,Go South Coast,Go South Coast 5257 Outbound,Freshwater - Cowes,price_band_2.4@YoungAdSingle,2.4
WDBC_1013_Outbound_AdultSingle_a9f4b9e2-e9ea-4456-80e3-47fe03b77367_639196371448131963.xml,WDBC,Go South Coast,Go South Coast 1013 Outbound,Bournemouth - Wimborne,price_band_2.3@AdultSingle,2.3
WDBC_1032_Inbound_AdultSingle_a9f4b9e2-e9ea-4456-80e3-47fe03b77367_639196374308009927.xml,WDBC,Go South Coast,Go South Coast 1032 Inbound,Poole - Bournemouth,price_band_3.0@AdultSingle,3.0
WDBC_6043_Outbound_ChildReturn_a9f4b9e2-e9ea-4456-80e3-47fe03b77367_639196406291518594.xml,WDBC,Go South Coast,Go South Coast 6043 Outbound,County Gates - Parkstone Grammar School,price_band_3.7@ChildReturn,3.7
WDBC_8259_Outbound_AdultSingle_a9f4b9e2-e9ea-4456-80e3-47fe03b77367_639196410361764361.xml,WDBC,Go South Coast,Go South Coast 8259 Outbound,Brockenhurst - New Milton BLUE,price_band_21.5@AdultSingle,21.5
WDBC_6448_Outbound_ChildSingle_a9f4b9e2-e9ea-4456-80e3-47fe03b77367_639196406886163468.xml,WDBC,Go South Coast,Go South Coast 6448 Outbound,Furnell Road - Parkstone Grammar,price_band_1.9@ChildSingle,1.9
BLUS_4011_Outbound_AdultSingle_a9f4b9e2-e9ea-4456-80e3-47fe03b77367_639196401717798014.xml,BLUS,Go South Coast,Go South Coast 4011 Outbound,Southampton - West Totton,price_band_2.6@AdultSingle,2.6
DAMY_6920_Outbound_ChildReturn_a9f4b9e2-e9ea-4456-80e3-47fe03b77367_639196407818029503.xml,DAMY,Go South Coast,Go South Coast 6920 Outbound,Salisbury - Steam Fair,price_band_4.3@ChildReturn,4.3
WDBC_2024_Inbound_ChildSingle_a9f4b9e2-e9ea-4456-80e3-47fe03b77367_639196386227697926.xml,WDBC,Go South Coast,Go South Coast 2024 Inbound,Castlepoint - Christchurch,price_band_2.1@ChildSingle,2.1
WDBC_2112_Outbound_AdultReturn_a9f4b9e2-e9ea-4456-80e3-47fe03b77367_639196386339679969.xml,WDBC,Go South Coast,Go South Coast 2112 Outbound,Hythe - Lymington,price_band_4.2@AdultReturn,4.2
WDBC_8600_Outbound_AdultReturn_a9f4b9e2-e9ea-4456-80e3-47fe03b77367_639196410827603758.xml,WDBC,Go South Coast,Go South Coast 8600 Outbound,Kings Park - Boscombe Pier,price_band_1.5@AdultReturn,1.5
SWWD_3008_Inbound_ChildSingle_a9f4b9e2-e9ea-4456-80e3-47fe03b77367_639196390674414802.xml,SWWD,Go South Coast,Go South Coast 3008 Inbound,Salisbury - Zouch Estate,price_band_2.2@ChildSingle,2.2
SWWD_3008_Inbound_AdultSingle_a9f4b9e2-e9ea-4456-80e3-47fe03b77367_639196390599674762.xml,SWWD,Go South Coast,Go South Coast 3008 Inbound,Salisbury - Zouch Estate,price_band_2.7@AdultSingle,2.7
WDBC_6903_Inbound_ChildReturn_a9f4b9e2-e9ea-4456-80e3-47fe03b77367_639196407501779126.xml,WDBC,Go South Coast,Go South Coast 6903 Inbound,Swanage - Lulworth,price_band_3.9@ChildReturn,3.9
WDBC_1762_Outbound_AdultSingle_a9f4b9e2-e9ea-4456-80e3-47fe03b77367_639196379169279805.xml,WDBC,Go South Coast,Go South Coast 1762 Outbound,Merley - Corfe Hills,price_band_2.5@AdultSingle,2.5
WDBC_1831_Outbound_ChildSingle_a9f4b9e2-e9ea-4456-80e3-47fe03b77367_639196381315872156.xml,WDBC,Go South Coast,Go South Coast 1831 Outbound,Bournemouth - Hunt Road and Somerford,price_band_2.1@ChildSingle,2.1
WDBC_1883_Inbound_AdultSingle_a9f4b9e2-e9ea-4456-80e3-47fe03b77367_639196382524811961.xml,WDBC,Go South Coast,Go South Coast 1883 Inbound,Alum Chine - Castlepoint,price_band_2.3@AdultSingle,2.3
WDBC_2003_Outbound_ChildSingle_a9f4b9e2-e9ea-4456-80e3-47fe03b77367_639196385983774623.xml,WDBC,Go South Coast,Go South Coast 2003 Outbound,Salisbury - Bournemouth,price_band_1.9@ChildSingle,1.9
WDBC_1846_Inbound_ChildSingle_a9f4b9e2-e9ea-4456-80e3-47fe03b77367_639196382409404878.xml,WDBC,Go South Coast,Go South Coast 1846 Inbound,Throop - Avonbourne Academy,price_band_2.9@ChildSingle,2.9
SWWD_3125_Outbound_ChildReturn_a9f4b9e2-e9ea-4456-80e3-47fe03b77367_639196392988098341.xml,SWWD,Go South Coast,Go South Coast 3125 Outbound,South Wilts Grammar School - Hindon,price_band_6.0@ChildReturn,6.0
WDBC_1060_Outbound_ChildReturn_a9f4b9e2-e9ea-4456-80e3-47fe03b77367_639196376851886583.xml,WDBC,Go South Coast,Go South Coast 1060 Outbound,Rockley - Sandbanks,price_band_2.8@ChildReturn,2.8
WDBC_8209_Outbound_AdultSingle_a9f4b9e2-e9ea-4456-80e3-47fe03b77367_639196410338766567.xml,WDBC,Go South Coast,Go South Coast 8209 Outbound,Ringwood - Lyndhurst RED,price_band_21.5@AdultSingle,21.5
SWWD_3513_Inbound_AdultReturn_a9f4b9e2-e9ea-4456-80e3-47fe03b77367_639196399180162772.xml,SWWD,Go South Coast,Go South Coast 3513 Inbound,Blue Boar Row - Bulbridge Chantry Road,price_band_3.5@AdultReturn,3.5
SWWD_3305_Outbound_ChildReturn_a9f4b9e2-e9ea-4456-80e3-47fe03b77367_639196394530409496.xml,SWWD,Go South Coast,Go South Coast 3305 Outbound,City Centre - West Harnham,price_band_3.6@ChildReturn,3.6
WDBC_1054_Inbound_ChildSingle_d46597a9-440e-4c13-b49a-76a3986683d1_639196376593709307.xml,WDBC,Go South Coast,Go South Coast 1054 Inbound,Poole - Wimborne,price_band_1.8@ChildSingle,1.8
WDBC_1646_Outbound_ChildSingle_2f1f0c04-770d-4707-ab06-213c5a798ad7_639196379005264072.xml,WDBC,Go South Coast,Go South Coast 1646 Outbound,Dorchester House  - Talbot Campus,price_band_1.0@ChildSingle,1.0
WDBC_8279_Outbound_AdultSingle_a9f4b9e2-e9ea-4456-80e3-47fe03b77367_639196410391571978.xml,WDBC,Go South Coast,Go South Coast 8279 Outbound,New Milton - Brockenhurst BLUE,price_band_4.3@AdultSingle,4.3
SWWD_3405_Inbound_ChildSingle_a9f4b9e2-e9ea-4456-80e3-47fe03b77367_639196396540600287.xml,SWWD,Go South Coast,Go South Coast 3405 Inbound,Salisbury - Pewsey,price_band_2.3@ChildSingle,2.3
WDBC_1035_Outbound_ChildReturn_a9f4b9e2-e9ea-4456-80e3-47fe03b77367_639196374680330806.xml,WDBC,Go South Coast,Go South Coast 1035 Outbound,Swanage - Wareham,price_band_3.8@ChildReturn,3.8
WDBC_1114_Outbound_AdultSingle_a9f4b9e2-e9ea-4456-80e3-47fe03b77367_639196377839210680.xml,WDBC,Go South Coast,Go South Coast 1114 Outbound,Poole - RB Hospital,price_band_3.0@AdultSingle,3.0
WDBC_1642_Inbound_AdultReturn_a9f4b9e2-e9ea-4456-80e3-47fe03b77367_639196378775989182.xml,WDBC,Go South Coast,Go South Coast 1642 Inbound,Poole  - Talbot Campus,price_band_4.2@AdultReturn,4.2
WDBC_6786_Inbound_ChildSingle_a9f4b9e2-e9ea-4456-80e3-47fe03b77367_639196407400526001.xml,WDBC,Go South Coast,Go South Coast 6786 Inbound,Bere Regis - Purbeck School,price_band_4.7@ChildSingle,4.7
SWWD_3881_Inbound_AdultReturn_a9f4b9e2-e9ea-4456-80e3-47fe03b77367_639196400573837640.xml,SWWD,Go South Coast,Go South Coast 3881 Inbound,Wilton Road  - Burgate School,price_band_4.2@AdultReturn,4.2
WDBC_1950_Inbound_ChildReturn_a9f4b9e2-e9ea-4456-80e3-47fe03b77367_639196383626189776.xml,WDBC,Go South Coast,Go South Coast 1950 Inbound,Bournemouth - Swanage,price_band_6.0@ChildReturn,6.0
WDBC_6943_Inbound_AdultSingle_a9f4b9e2-e9ea-4456-80e3-47fe03b77367_639196407859927538.xml,WDBC,Go South Coast,Go South Coast 6943 Inbound,Lulworth - Weymouth,price_band_2.6@AdultSingle,2.6
SWWD_3044_Outbound_ChildReturn_a9f4b9e2-e9ea-4456-80e3-47fe03b77367_639196391697596435.xml,SWWD,Go South Coast,Go South Coast 3044 Outbound,Salisbury - Woodfalls,price_band_5.6@ChildReturn,5.6
TDTR_3620_Outbound_YoungPersonSgl_a9f4b9e2-e9ea-4456-80e3-47fe03b77367_639196399623229188.xml,TDTR,Go South Coast,Go South Coast 3620 Outbound,Hungerford Priory  - St Johns Sch,price_band_3.3@YoungPersonSgl,3.3
BLUS_4010_Inbound_AdultSingle_a9f4b9e2-e9ea-4456-80e3-47fe03b77367_639196401636129095.xml,BLUS,Go South Coast,Go South Coast 4010 Inbound,Southampton - Sholing,price_band_2.6@AdultSingle,2.6
WDBC_1050_Inbound_AdultSingle_2f1f0c04-770d-4707-ab06-213c5a798ad7_639196375551311138.xml,WDBC,Go South Coast,Go South Coast 1050 Inbound,Bournemouth Station - Swanage,price_band_1.0@AdultSingle,1.0
WDBC_1003_Outbound_ChildSingle_2f1f0c04-770d-4707-ab06-213c5a798ad7_639196370485563140.xml,WDBC,Go South Coast,Go South Coast 1003 Outbound,Poole - Wimborne,price_band_2.5@ChildSingle,2.5
WDBC_6672_Outbound_ChildReturn_a9f4b9e2-e9ea-4456-80e3-47fe03b77367_639196407292033504.xml,WDBC,Go South Coast,Go South Coast 6672 Outbound,Albert Road - Bloxworth,price_band_3.2@ChildReturn,3.2
WDBC_1806_Outbound_AdultSingle_d46597a9-440e-4c13-b49a-76a3986683d1_639196379983275624.xml,WDBC,Go South Coast,Go South Coast 1806 Outbound,Bournemouth - Wimborne,price_band_2.2@AdultSingle,2.2
TDTR_7051_Inbound_YoungPersonSgl_a9f4b9e2-e9ea-4456-80e3-47fe03b77367_639196408568344532.xml,TDTR,Go South Coast,Go South Coast 7051 Inbound,Fleming Way - Deer's Leap,price_band_2.5@YoungPersonSgl,2.5
WDBC_1886_Inbound_AdultSingle_a9f4b9e2-e9ea-4456-80e3-47fe03b77367_639196382776012904.xml,WDBC,Go South Coast,Go South Coast 1886 Inbound,Corfe Mullen - St Peters School,price_band_4.0@AdultSingle,4.0
WDBC_1002_Outbound_ChildSingle_d46597a9-440e-4c13-b49a-76a3986683d1_639196370280660693.xml,WDBC,Go South Coast,Go South Coast 1002 Outbound,Poole - Southbourne,price_band_1.0@ChildSingle,1.0
WDBC_1804_Outbound_AdultSingle_a9f4b9e2-e9ea-4456-80e3-47fe03b77367_639196379708780322.xml,WDBC,Go South Coast,Go South Coast 1804 Outbound,Bournemouth - Castlepoint,price_band_3.0@AdultSingle,3.0
SWWD_3885_Inbound_ChildReturn_a9f4b9e2-e9ea-4456-80e3-47fe03b77367_639196400773713449.xml,SWWD,Go South Coast,Go South Coast 3885 Inbound,Whaddon - Burgate School,price_band_3.8@ChildReturn,3.8
SWWD_7086_Inbound_ChildReturn_a9f4b9e2-e9ea-4456-80e3-47fe03b77367_639196408886307715.xml,SWWD,Go South Coast,Go South Coast 7086 Inbound,Ansty - Shaftesbury,price_band_3.0@ChildReturn,3.0
BLUS_4014_Inbound_AdultReturn_a9f4b9e2-e9ea-4456-80e3-47fe03b77367_639196401851763851.xml,BLUS,Go South Coast,Go South Coast 4014 Inbound,Southampton - Hedge End,price_band_5.1@AdultReturn,5.1
WDBC_6047_Outbound_AdultReturn_a9f4b9e2-e9ea-4456-80e3-47fe03b77367_639196406352906636.xml,WDBC,Go South Coast,Go South Coast 6047 Outbound,Ringwood Road - Parkstone Grammar School,price_band_5.8@AdultReturn,5.8
SWWD_3457_Inbound_ChildSingle_a9f4b9e2-e9ea-4456-80e3-47fe03b77367_639196398011492336.xml,SWWD,Go South Coast,Go South Coast 3457 Inbound,Salisbury - Southampton,price_band_2.1@ChildSingle,2.1
WDBC_1053_Inbound_ChildSingle_a9f4b9e2-e9ea-4456-80e3-47fe03b77367_639196376118157824.xml,WDBC,Go South Coast,Go South Coast 1053 Inbound,Bournemouth - Wimborne,price_band_2.3@ChildSingle,2.3
TDTR_7538_Inbound_ChildReturn_a9f4b9e2-e9ea-4456-80e3-47fe03b77367_639196409919837961.xml,TDTR,Go South Coast,Go South Coast 7538 Inbound,Bridgemead - Cirencester College,price_band_8.3@ChildReturn,8.3
SVCT_5127_Inbound_AdultSingle_a9f4b9e2-e9ea-4456-80e3-47fe03b77367_639196405396633821.xml,SVCT,Go South Coast,Go South Coast 5127 Inbound,Yarmouth - Newport,price_band_3.0@AdultSingle,3.0
SWWD_3011_Outbound_AdultSingle_a9f4b9e2-e9ea-4456-80e3-47fe03b77367_639196391221130673.xml,SWWD,Go South Coast,Go South Coast 3011 Outbound,City Centre - Old Sarum,price_band_2.3@AdultSingle,2.3
SWWD_3886_Inbound_AdultSingle_a9f4b9e2-e9ea-4456-80e3-47fe03b77367_639196400856954795.xml,SWWD,Go South Coast,Go South Coast 3886 Inbound,St Peters Place  - Burgate School,price_band_3.0@AdultSingle,3.0
WDBC_1013_Outbound_AdultReturn_a9f4b9e2-e9ea-4456-80e3-47fe03b77367_639196371418225698.xml,WDBC,Go South Coast,Go South Coast 1013 Outbound,Bournemouth - Wimborne,price_band_5.7@AdultReturn,5.7
SWWD_3002_Inbound_ChildReturn_a9f4b9e2-e9ea-4456-80e3-47fe03b77367_639196390217555892.xml,SWWD,Go South Coast,Go South Coast 3002 Inbound,Salisbury - Devizes,price_band_4.5@ChildReturn,4.5
WDBC_1908_Outbound_ChildSingle_2f1f0c04-770d-4707-ab06-213c5a798ad7_639196383499614451.xml,WDBC,Go South Coast,Go South Coast 1908 Outbound,Poole - Blandford,price_band_2.8@ChildSingle,2.8
WDBC_2956_Inbound_AdultSingle_a9f4b9e2-e9ea-4456-80e3-47fe03b77367_639196389114705890.xml,WDBC,Go South Coast,Go South Coast 2956 Inbound,Ringwood - Bournemouth,price_band_3.0@AdultSingle,3.0
TDTR_7533_Inbound_AdultReturn_a9f4b9e2-e9ea-4456-80e3-47fe03b77367_639196409808437872.xml,TDTR,Go South Coast,Go South Coast 7533 Inbound,Oakhurst - Cirencester College,price_band_8.3@AdultReturn,8.3
WDBC_1013_Outbound_AdultSingle_a9f4b9e2-e9ea-4456-80e3-47fe03b77367_639196371448131963.xml,WDBC,Go South Coast,Go South Coast 1013 Outbound,Bournemouth - Wimborne,price_band_3.0@AdultSingle,3.0
BLUS_2627_Outbound_AdultSingle_a9f4b9e2-e9ea-4456-80e3-47fe03b77367_639196387377639135.xml,BLUS,Go South Coast,Go South Coast 2627 Outbound,Totton - Marchwood,price_band_5.2@AdultSingle,5.2
SVCT_5003_Outbound_ChildSingle_a9f4b9e2-e9ea-4456-80e3-47fe03b77367_639196403764389810.xml,SVCT,Go South Coast,Go South Coast 5003 Outbound,Newport  - Ryde,price_band_2.4@ChildSingle,2.4
SVCT_5257_Outbound_ChildSingle_a9f4b9e2-e9ea-4456-80e3-47fe03b77367_639196405570031007.xml,SVCT,Go South Coast,Go South Coast 5257 Outbound,Freshwater - Cowes,price_band_1.8@ChildSingle,1.8
SWWD_3327_Inbound_AdultReturn_a9f4b9e2-e9ea-4456-80e3-47fe03b77367_639196395455571575.xml,SWWD,Go South Coast,Go South Coast 3327 Inbound,Salisbury - Shaftesbury,price_band_4.5@AdultReturn,4.5
WDBC_2906_Outbound_AdultSingle_d46597a9-440e-4c13-b49a-76a3986683d1_639196388523393548.xml,WDBC,Go South Coast,Go South Coast 2906 Outbound,Poole - Ringwood,price_band_3.0@AdultSingle,3.0
SWWD_3325_Outbound_AdultSingle_a9f4b9e2-e9ea-4456-80e3-47fe03b77367_639196394942240928.xml,SWWD,Go South Coast,Go South Coast 3325 Outbound,South Wilts Grammar School - Hindon,price_band_2.7@AdultSingle,2.7
SWWD_3304_Outbound_ChildSingle_a9f4b9e2-e9ea-4456-80e3-47fe03b77367_639196394495512689.xml,SWWD,Go South Coast,Go South Coast 3304 Outbound,City Centre - Paul's Dene,price_band_1.9@ChildSingle,1.9
SWWD_3677_Outbound_ChildReturn_a9f4b9e2-e9ea-4456-80e3-47fe03b77367_639196400257854619.xml,SWWD,Go South Coast,Go South Coast 3677 Outbound,Stratford Road Grammar School - West Wellow,price_band_4.5@ChildReturn,4.5
WDBC_6043_Outbound_AdultReturn_a9f4b9e2-e9ea-4456-80e3-47fe03b77367_639196406267589367.xml,WDBC,Go South Coast,Go South Coast 6043 Outbound,County Gates - Parkstone Grammar School,price_band_3.8@AdultReturn,3.8
WDBC_6673_Outbound_ChildSingle_a9f4b9e2-e9ea-4456-80e3-47fe03b77367_639196407327173084.xml,WDBC,Go South Coast,Go South Coast 6673 Outbound,Albert Road - Tower Park,price_band_2.2@ChildSingle,2.2
WDBC_6418_Outbound_ChildReturn_a9f4b9e2-e9ea-4456-80e3-47fe03b77367_639196406749532960.xml,WDBC,Go South Coast,Go South Coast 6418 Outbound,Sandbanks Ferry - Poole Grammar School,price_band_5.2@ChildReturn,5.2
WDBC_2775_Inbound_ChildReturn_a9f4b9e2-e9ea-4456-80e3-47fe03b77367_639196387492806095.xml,WDBC,Go South Coast,Go South Coast 2775 Inbound,Milford on Sea - Priestlands School,price_band_2.8@ChildReturn,2.8
WDBC_1805_Inbound_AdultSingle_a9f4b9e2-e9ea-4456-80e3-47fe03b77367_639196379748370852.xml,WDBC,Go South Coast,Go South Coast 1805 Inbound,Bournemouth - Kinson,price_band_3.0@AdultSingle,3.0
WDBC_1887_Inbound_ChildReturn_a9f4b9e2-e9ea-4456-80e3-47fe03b77367_639196383095383991.xml,WDBC,Go South Coast,Go South Coast 1887 Inbound,Charminster - St Peters School,price_band_5.8@ChildReturn,5.8
SWWD_3407_Outbound_ChildSingle_f15d1b06-486f-433a-8991-95f1a97a87e0_639196397730711306.xml,SWWD,Go South Coast,Go South Coast 3407 Outbound,Salisbury - Southampton,price_band_3.0@ChildSingle,3.0
WDBC_2219_Inbound_AdultReturn_a9f4b9e2-e9ea-4456-80e3-47fe03b77367_639196386896952516.xml,WDBC,Go South Coast,Go South Coast 2219 Inbound,Lymington  - New Milton,price_band_6.0@AdultReturn,6.0
TDTR_3820_Inbound_ChildSingle_a9f4b9e2-e9ea-4456-80e3-47fe03b77367_639196400543008094.xml,TDTR,Go South Coast,Go South Coast 3820 Inbound,Marlborough - Newbury,price_band_1.4@ChildSingle,1.4
BLUS_4218_Inbound_AdultSingle_a9f4b9e2-e9ea-4456-80e3-47fe03b77367_639196402851030294.xml,BLUS,Go South Coast,Go South Coast 4218 Inbound,Millbrook - Thornhill,price_band_3.0@AdultSingle,3.0
WDBC_1020_Outbound_ChildSingle_a9f4b9e2-e9ea-4456-80e3-47fe03b77367_639196373715081996.xml,WDBC,Go South Coast,Go South Coast 1020 Outbound,Poole - Christchurch,price_band_2.5@ChildSingle,2.5
WDBC_1802_Inbound_ChildReturn_a9f4b9e2-e9ea-4456-80e3-47fe03b77367_639196379565861328.xml,WDBC,Go South Coast,Go South Coast 1802 Inbound,Bournemouth - Castlepoint,price_band_3.4@ChildReturn,3.4
SWWD_3029_Inbound_ChildSingle_a9f4b9e2-e9ea-4456-80e3-47fe03b77367_639196391365576655.xml,SWWD,Go South Coast,Go South Coast 3029 Inbound,Salisbury - Shaftesbury,price_band_3.0@ChildSingle,3.0
BLUS_4020_Inbound_ChildReturn_a9f4b9e2-e9ea-4456-80e3-47fe03b77367_639196402292266608.xml,BLUS,Go South Coast,Go South Coast 4020 Inbound,Southampton - Townhill Park,price_band_2.6@ChildReturn,2.6
WDBC_1841_Inbound_AdultSingle_a9f4b9e2-e9ea-4456-80e3-47fe03b77367_639196381980968349.xml,WDBC,Go South Coast,Go South Coast 1841 Inbound,Bournemouth - Mudeford and Somerford,price_band_3.0@AdultSingle,3.0
BLUS_4007_Outbound_ChildSingle_a9f4b9e2-e9ea-4456-80e3-47fe03b77367_639196401383443486.xml,BLUS,Go South Coast,Go South Coast 4007 Outbound,Lordshill - Sholing,price_band_2.1@ChildSingle,2.1
TDTR_7051_Inbound_YoungPersonSgl_a9f4b9e2-e9ea-4456-80e3-47fe03b77367_639196408568344532.xml,TDTR,Go South Coast,Go South Coast 7051 Inbound,Fleming Way - Deer's Leap,price_band_1.5@YoungPersonSgl,1.5
WDBC_2002_Outbound_ChildSingle_d46597a9-440e-4c13-b49a-76a3986683d1_639196385621493533.xml,WDBC,Go South Coast,Go South Coast 2002 Outbound,Bournemouth - Lymington,price_band_2.8@ChildSingle,2.8
WDBC_1035_Inbound_AdultSingle_a9f4b9e2-e9ea-4456-80e3-47fe03b77367_639196374547636589.xml,WDBC,Go South Coast,Go South Coast 1035 Inbound,Swanage - Wareham,price_band_2.3@AdultSingle,2.3
WDBC_1789_Outbound_AdultReturn_a9f4b9e2-e9ea-4456-80e3-47fe03b77367_639196379362514665.xml,WDBC,Go South Coast,Go South Coast 1789 Outbound,Bournemouth School for Girls - Lymington,price_band_3.8@AdultReturn,3.8
SWWD_3325_Inbound_ChildReturn_a9f4b9e2-e9ea-4456-80e3-47fe03b77367_639196394859392639.xml,SWWD,Go South Coast,Go South Coast 3325 Inbound,South Wilts Grammar School - Hindon,price_band_2.7@ChildReturn,2.7
WDBC_1818_Outbound_ChildReturn_a9f4b9e2-e9ea-4456-80e3-47fe03b77367_639196380505760325.xml,WDBC,Go South Coast,Go South Coast 1818 Outbound,Bournemouth - Broadstone,price_band_3.7@ChildReturn,3.7
SWWD_3525_Inbound_ChildReturn_a9f4b9e2-e9ea-4456-80e3-47fe03b77367_639196399501053497.xml,SWWD,Go South Coast,Go South Coast 3525 Inbound,City Centre - Petersfinger Park & Ride,price_band_4.5@ChildReturn,4.5
WDBC_8270_Outbound_AdultSingle_a9f4b9e2-e9ea-4456-80e3-47fe03b77367_639196410376350464.xml,WDBC,Go South Coast,Go South Coast 8270 Outbound,Brockenhurst - New Park,price_band_5.0@AdultSingle,5.0
WDBC_2001_Outbound_ChildReturn_a9f4b9e2-e9ea-4456-80e3-47fe03b77367_639196384725076307.xml,WDBC,Go South Coast,Go South Coast 2001 Outbound,Bournemouth - Lymington,price_band_2.8@ChildReturn,2.8
SWWD_3327_Inbound_ChildReturn_a9f4b9e2-e9ea-4456-80e3-47fe03b77367_639196395499310498.xml,SWWD,Go South Coast,Go South Coast 3327 Inbound,Salisbury - Shaftesbury,price_band_5.1@ChildReturn,5.1
WDBC_6047_Inbound_ChildReturn_a9f4b9e2-e9ea-4456-80e3-47fe03b77367_639196406336174687.xml,WDBC,Go South Coast,Go South Coast 6047 Inbound,Ringwood Road - Parkstone Grammar School,price_band_5.2@ChildReturn,5.2
SWWD_3726_Inbound_ChildSingle_a9f4b9e2-e9ea-4456-80e3-47fe03b77367_639196400346811942.xml,SWWD,Go South Coast,Go South Coast 3726 Inbound,Salisbury - East Knoyle,price_band_2.9@ChildSingle,2.9
BLUS_4024_Outbound_ChildSingle_a9f4b9e2-e9ea-4456-80e3-47fe03b77367_639196402471205530.xml,BLUS,Go South Coast,Go South Coast 4024 Outbound,Eastleigh - Hedge End,price_band_2.1@ChildSingle,2.1
WDBC_6737_Inbound_ChildReturn_a9f4b9e2-e9ea-4456-80e3-47fe03b77367_639196407382570376.xml,WDBC,Go South Coast,Go South Coast 6737 Inbound,Verwood - Ferndown Upper School,price_band_5.4@ChildReturn,5.4
SWWD_3404_Inbound_ChildSingle_a9f4b9e2-e9ea-4456-80e3-47fe03b77367_639196396114116022.xml,SWWD,Go South Coast,Go South Coast 3404 Inbound,Salisbury - Larkhill,price_band_2.1@ChildSingle,2.1
WDBC_1837_Outbound_ChildSingle_d46597a9-440e-4c13-b49a-76a3986683d1_639196381971154071.xml,WDBC,Go South Coast,Go South Coast 1837 Outbound,Bournemouth - Bournemouth International Airport,price_band_2.2@ChildSingle,2.2
WDBC_1040_Outbound_ChildSingle_d46597a9-440e-4c13-b49a-76a3986683d1_639196375449463659.xml,WDBC,Go South Coast,Go South Coast 1040 Outbound,Swanage - Poole,price_band_1.9@ChildSingle,1.9
BLUS_4103_Outbound_ChildReturn_a9f4b9e2-e9ea-4456-80e3-47fe03b77367_639196402674936574.xml,BLUS,Go South Coast,Go South Coast 4103 Outbound,Southampton - Eastleigh,price_band_4.0@ChildReturn,4.0
BLUS_4028_Inbound_AdultSingle_f15d1b06-486f-433a-8991-95f1a97a87e0_639196402547530740.xml,BLUS,Go South Coast,Go South Coast 4028 Inbound,Southampton - Southampton Science Park,price_band_1.0@AdultSingle,1.0
SWWD_3517_Outbound_ChildReturn_a9f4b9e2-e9ea-4456-80e3-47fe03b77367_639196399402190465.xml,SWWD,Go South Coast,Go South Coast 3517 Outbound,New Canal  - Lopcombe Corner,price_band_2.5@ChildReturn,2.5
SWWD_3525_Inbound_AdultSingle_a9f4b9e2-e9ea-4456-80e3-47fe03b77367_639196399480999521.xml,SWWD,Go South Coast,Go South Coast 3525 Inbound,City Centre - Petersfinger Park & Ride,price_band_2.3@AdultSingle,2.3
WDBC_6448_Outbound_ChildReturn_a9f4b9e2-e9ea-4456-80e3-47fe03b77367_639196406895676567.xml,WDBC,Go South Coast,Go South Coast 6448 Outbound,Furnell Road - Parkstone Grammar,price_band_2.3@ChildReturn,2.3
WDBC_2906_Outbound_ChildSingle_2f1f0c04-770d-4707-ab06-213c5a798ad7_639196388570360857.xml,WDBC,Go South Coast,Go South Coast 2906 Outbound,Poole - Ringwood,price_band_2.9@ChildSingle,2.9
WDBC_2906_Inbound_AdultSingle_a9f4b9e2-e9ea-4456-80e3-47fe03b77367_639196387599907148.xml,WDBC,Go South Coast,Go South Coast 2906 Inbound,Poole - Ringwood,price_band_3.0@AdultSingle,3.0
TDTR_7046_Inbound_ChildSingle_a9f4b9e2-e9ea-4456-80e3-47fe03b77367_639196408405590139.xml,TDTR,Go South Coast,Go South Coast 7046 Inbound,Swindon - Hungerford,price_band_1.8@ChildSingle,1.8
BLUS_4021_Outbound_AdultSingle_a9f4b9e2-e9ea-4456-80e3-47fe03b77367_639196402355014974.xml,BLUS,Go South Coast,Go South Coast 4021 Outbound,Southampton - Lordshill,price_band_2.6@AdultSingle,2.6
BLUS_8438_Outbound_ChildReturn_a9f4b9e2-e9ea-4456-80e3-47fe03b77367_639196410478079640.xml,BLUS,Go South Coast,Go South Coast 8438 Outbound,Winchester - Petersfield,price_band_3.2@ChildReturn,3.2
SVCT_5411_Inbound_AdultReturn_1713f49b-7cad-4131-9ade-e07849b9212b_639196405824984504.xml,SVCT,Go South Coast,Go South Coast 5411 Inbound,Cowes - Newport [N1],price_band_6.0@AdultReturn,6.0
WDBC_1806_Inbound_ChildReturn_a9f4b9e2-e9ea-4456-80e3-47fe03b77367_639196379882749275.xml,WDBC,Go South Coast,Go South Coast 1806 Inbound,Bournemouth - Wimborne,price_band_3.9@ChildReturn,3.9
DAMY_6920_Outbound_AdultReturn_a9f4b9e2-e9ea-4456-80e3-47fe03b77367_639196407793510247.xml,DAMY,Go South Coast,Go South Coast 6920 Outbound,Salisbury - Steam Fair,price_band_6.0@AdultReturn,6.0
TDTR_7154_Outbound_AdultSingle_a9f4b9e2-e9ea-4456-80e3-47fe03b77367_639196409269397860.xml,TDTR,Go South Coast,Go South Coast 7154 Outbound,Ramleaze (Orkney Close) - Ridgeway School,price_band_3.1@AdultSingle,3.1
WDBC_6449_Outbound_ChildReturn_a9f4b9e2-e9ea-4456-80e3-47fe03b77367_639196406968851108.xml,WDBC,Go South Coast,Go South Coast 6449 Outbound,St Osmunds - Parkstone Grammar,price_band_2.1@ChildReturn,2.1
SWWD_3684_Outbound_AdultReturn_a9f4b9e2-e9ea-4456-80e3-47fe03b77367_639196400285449956.xml,SWWD,Go South Coast,Go South Coast 3684 Outbound,Coombe Bissett - Burgate,price_band_8.1@AdultReturn,8.1
SWWD_3405_Inbound_ChildReturn_a9f4b9e2-e9ea-4456-80e3-47fe03b77367_639196396561961188.xml,SWWD,Go South Coast,Go South Coast 3405 Inbound,Salisbury - Pewsey,price_band_3.8@ChildReturn,3.8
SVCT_8502_Outbound_YoungAdSingle_a9f4b9e2-e9ea-4456-80e3-47fe03b77367_639196410644293578.xml,SVCT,Go South Coast,Go South Coast 8502 Outbound,Downs - Breezer,price_band_3.4@YoungAdSingle,3.4
WDBC_1021_Inbound_AdultSingle_2f1f0c04-770d-4707-ab06-213c5a798ad7_639196374093858922.xml,WDBC,Go South Coast,Go South Coast 1021 Inbound,Bournemouth - High Howe,price_band_1.0@AdultSingle,1.0
SWWD_3322_Outbound_ChildReturn_a9f4b9e2-e9ea-4456-80e3-47fe03b77367_639196394759417497.xml,SWWD,Go South Coast,Go South Coast 3322 Outbound,City Centre - Bishopdown,price_band_2.5@ChildReturn,2.5
WDBC_6418_Inbound_ChildReturn_a9f4b9e2-e9ea-4456-80e3-47fe03b77367_639196406697275955.xml,WDBC,Go South Coast,Go South Coast 6418 Inbound,Sandbanks Ferry - Poole Grammar School,price_band_2.9@ChildReturn,2.9
WDBC_6449_Outbound_ChildSingle_a9f4b9e2-e9ea-4456-80e3-47fe03b77367_639196406959656211.xml,WDBC,Go South Coast,Go South Coast 6449 Outbound,St Osmunds - Parkstone Grammar,price_band_1.6@ChildSingle,1.6
WDBC_6415_Inbound_AdultReturn_a9f4b9e2-e9ea-4456-80e3-47fe03b77367_639196406471757575.xml,WDBC,Go South Coast,Go South Coast 6415 Inbound,St Anns Hospital - Poole Grammar School,price_band_4.3@AdultReturn,4.3
WDBC_1040_Inbound_ChildSingle_2f1f0c04-770d-4707-ab06-213c5a798ad7_639196375060016169.xml,WDBC,Go South Coast,Go South Coast 1040 Inbound,Swanage - Poole,price_band_1.0@ChildSingle,1.0
WDBC_1837_Inbound_ChildSingle_2f1f0c04-770d-4707-ab06-213c5a798ad7_639196381896349388.xml,WDBC,Go South Coast,Go South Coast 1837 Inbound,Bournemouth - Bournemouth International Airport,price_band_1.9@ChildSingle,1.9
TDTR_7012_Outbound_AdultSingle_a9f4b9e2-e9ea-4456-80e3-47fe03b77367_639196408164635063.xml,TDTR,Go South Coast,Go South Coast 7012 Outbound,Oakhurst - Great Western Hospital,price_band_2.2@AdultSingle,2.2
WDBC_8600_Inbound_ChildReturn_a9f4b9e2-e9ea-4456-80e3-47fe03b77367_639196410822502798.xml,WDBC,Go South Coast,Go South Coast 8600 Inbound,Kings Park - Boscombe Pier,price_band_1.0@ChildReturn,1.0
WDBC_8409_Outbound_ChildSingle_a9f4b9e2-e9ea-4456-80e3-47fe03b77367_639196410426715561.xml,WDBC,Go South Coast,Go South Coast 8409 Outbound,Lyndhurst - Exbury GREEN,price_band_2.6@ChildSingle,2.6
SWWD_3102_Inbound_ChildSingle_a9f4b9e2-e9ea-4456-80e3-47fe03b77367_639196392041860066.xml,SWWD,Go South Coast,Go South Coast 3102 Inbound,Salisbury - Devizes,price_band_3.0@ChildSingle,3.0
TDTR_7051_Inbound_AdultSingle_a9f4b9e2-e9ea-4456-80e3-47fe03b77367_639196408563470825.xml,TDTR,Go South Coast,Go South Coast 7051 Inbound,Fleming Way - Deer's Leap,price_band_2.2@AdultSingle,2.2
WDBC_1950_Inbound_ChildReturn_a9f4b9e2-e9ea-4456-80e3-47fe03b77367_639196383626189776.xml,WDBC,Go South Coast,Go South Coast 1950 Inbound,Bournemouth - Swanage,price_band_5.1@ChildReturn,5.1
WDBC_1811_Outbound_AdultReturn_a9f4b9e2-e9ea-4456-80e3-47fe03b77367_639196380068670495.xml,WDBC,Go South Coast,Go South Coast 1811 Outbound,Bournemouth - Somerford,price_band_4.7@AdultReturn,4.7
WDBC_1013_Outbound_ChildReturn_a9f4b9e2-e9ea-4456-80e3-47fe03b77367_639196371479454355.xml,WDBC,Go South Coast,Go South Coast 1013 Outbound,Bournemouth - Wimborne,price_band_3.4@ChildReturn,3.4
WDBC_2003_Inbound_ChildReturn_a9f4b9e2-e9ea-4456-80e3-47fe03b77367_639196385719101629.xml,WDBC,Go South Coast,Go South Coast 2003 Inbound,Salisbury - Bournemouth,price_band_6.0@ChildReturn,6.0
TDTR_7009_Outbound_YoungPersonSgl_a9f4b9e2-e9ea-4456-80e3-47fe03b77367_639196408110399079.xml,TDTR,Go South Coast,Go South Coast 7009 Outbound,Swindon - Wroughton,price_band_1.8@YoungPersonSgl,1.8
BLUS_4103_Outbound_ChildSingle_a9f4b9e2-e9ea-4456-80e3-47fe03b77367_639196402666255348.xml,BLUS,Go South Coast,Go South Coast 4103 Outbound,Southampton - Eastleigh,price_band_2.1@ChildSingle,2.1
SWWD_3011_Outbound_ChildSingle_a9f4b9e2-e9ea-4456-80e3-47fe03b77367_639196391225913054.xml,SWWD,Go South Coast,Go South Coast 3011 Outbound,City Centre - Old Sarum,price_band_1.9@ChildSingle,1.9
SWWD_3885_Inbound_ChildReturn_a9f4b9e2-e9ea-4456-80e3-47fe03b77367_639196400773713449.xml,SWWD,Go South Coast,Go South Coast 3885 Inbound,Whaddon - Burgate School,price_band_3.0@ChildReturn,3.0
SVCT_5022_Outbound_YoungAdSingle_a9f4b9e2-e9ea-4456-80e3-47fe03b77367_639196404303905122.xml,SVCT,Go South Coast,Go South Coast 5022 Outbound,Shanklin - Community Route 22,price_band_3.0@YoungAdSingle,3.0
WDBC_1802_Outbound_AdultSingle_a9f4b9e2-e9ea-4456-80e3-47fe03b77367_639196379602934648.xml,WDBC,Go South Coast,Go South Coast 1802 Outbound,Bournemouth - Castlepoint,price_band_2.6@AdultSingle,2.6
WDBC_1724_Inbound_ChildReturn_a9f4b9e2-e9ea-4456-80e3-47fe03b77367_639196379011819398.xml,WDBC,Go South Coast,Go South Coast 1724 Inbound,Bloxworth - Lytchett Minster School,price_band_2.4@ChildReturn,2.4
SWWD_3763_Inbound_ChildReturn_a9f4b9e2-e9ea-4456-80e3-47fe03b77367_639196400489938277.xml,SWWD,Go South Coast,Go South Coast 3763 Inbound,Mount Pleasant Farm - Burgate School,price_band_2.1@ChildReturn,2.1
WDBC_1818_Outbound_ChildSingle_a9f4b9e2-e9ea-4456-80e3-47fe03b77367_639196380451551605.xml,WDBC,Go South Coast,Go South Coast 1818 Outbound,Bournemouth - Broadstone,price_band_2.8@ChildSingle,2.8
BLUS_4008_Outbound_AdultSingle_f15d1b06-486f-433a-8991-95f1a97a87e0_639196401498401971.xml,BLUS,Go South Coast,Go South Coast 4008 Outbound,Southampton - Hythe,price_band_1.0@AdultSingle,1.0
SWWD_3108_Outbound_ChildReturn_a9f4b9e2-e9ea-4456-80e3-47fe03b77367_639196392538848351.xml,SWWD,Go South Coast,Go South Coast 3108 Outbound,Salisbury - Zouch Estate,price_band_5.0@ChildReturn,5.0
DAMY_3183_Outbound_ChildSingle_a9f4b9e2-e9ea-4456-80e3-47fe03b77367_639196393928196536.xml,DAMY,Go South Coast,Go South Coast 3183 Outbound,Blandford - Weymouth,price_band_1.6@ChildSingle,1.6
SWWD_3407_Inbound_AdultReturn_a9f4b9e2-e9ea-4456-80e3-47fe03b77367_639196397024621812.xml,SWWD,Go South Coast,Go South Coast 3407 Inbound,Salisbury - Southampton,price_band_4.9@AdultReturn,4.9
WDBC_8409_Outbound_ChildSingle_a9f4b9e2-e9ea-4456-80e3-47fe03b77367_639196410426715561.xml,WDBC,Go South Coast,Go South Coast 8409 Outbound,Lyndhurst - Exbury GREEN,price_band_12.0@ChildSingle,12.0
SWWD_3088_Outbound_AdultReturn_a9f4b9e2-e9ea-4456-80e3-47fe03b77367_639196391924474140.xml,SWWD,Go South Coast,Go South Coast 3088 Outbound,Salisbury - Winterslow Gunville Stockbridge Turn,price_band_6.0@AdultReturn,6.0
WDBC_2137_Outbound_ChildSingle_a9f4b9e2-e9ea-4456-80e3-47fe03b77367_639196386470033590.xml,WDBC,Go South Coast,Go South Coast 2137 Outbound,Ringwood - Ringwood,price_band_1.9@ChildSingle,1.9
SWWD_7201_Inbound_AdultSingle_a9f4b9e2-e9ea-4456-80e3-47fe03b77367_639196409599041023.xml,SWWD,Go South Coast,Go South Coast 7201 Inbound,Figheldean - Salisbury,price_band_2.4@AdultSingle,2.4
BLUS_4024_Inbound_AdultSingle_a9f4b9e2-e9ea-4456-80e3-47fe03b77367_639196402442825650.xml,BLUS,Go South Coast,Go South Coast 4024 Inbound,Eastleigh - Hedge End,price_band_2.5@AdultSingle,2.5
BLUS_3635_Inbound_AdultReturn_a9f4b9e2-e9ea-4456-80e3-47fe03b77367_639196399712837020.xml,BLUS,Go South Coast,Go South Coast 3635 Inbound,Romsey - Ampfield,price_band_7.6@AdultReturn,7.6
WDBC_1762_Inbound_ChildReturn_a9f4b9e2-e9ea-4456-80e3-47fe03b77367_639196379163418973.xml,WDBC,Go South Coast,Go South Coast 1762 Inbound,Merley - Corfe Hills,price_band_2.9@ChildReturn,2.9
WDBC_1886_Outbound_AdultReturn_a9f4b9e2-e9ea-4456-80e3-47fe03b77367_639196382986842320.xml,WDBC,Go South Coast,Go South Coast 1886 Outbound,Corfe Mullen - St Peters School,price_band_5.8@AdultReturn,5.8
SWWD_3650_Inbound_AdultSingle_a9f4b9e2-e9ea-4456-80e3-47fe03b77367_639196399966883787.xml,SWWD,Go South Coast,Go South Coast 3650 Inbound,Laverstock Schools  - West Harnham,price_band_2.1@AdultSingle,2.1
SVCT_5112_Inbound_ChildSingle_a9f4b9e2-e9ea-4456-80e3-47fe03b77367_639196405331319755.xml,SVCT,Go South Coast,Go South Coast 5112 Inbound,Alum Bay - Newport,price_band_1.8@ChildSingle,1.8
SWWD_3325_Outbound_ChildSingle_a9f4b9e2-e9ea-4456-80e3-47fe03b77367_639196394977169430.xml,SWWD,Go South Coast,Go South Coast 3325 Outbound,South Wilts Grammar School - Hindon,price_band_2.3@ChildSingle,2.3
SWWD_3010_Inbound_ChildSingle_a9f4b9e2-e9ea-4456-80e3-47fe03b77367_639196391167898257.xml,SWWD,Go South Coast,Go South Coast 3010 Inbound,City Centre - St Peters Place,price_band_1.9@ChildSingle,1.9
SWWD_3002_Outbound_AdultReturn_a9f4b9e2-e9ea-4456-80e3-47fe03b77367_639196390378537219.xml,SWWD,Go South Coast,Go South Coast 3002 Outbound,Salisbury - Devizes,price_band_5.4@AdultReturn,5.4
WDBC_2906_Inbound_AdultSingle_2f1f0c04-770d-4707-ab06-213c5a798ad7_639196387940285165.xml,WDBC,Go South Coast,Go South Coast 2906 Inbound,Poole - Ringwood,price_band_3.0@AdultSingle,3.0
DAMY_6487_Outbound_AdultSingle_a9f4b9e2-e9ea-4456-80e3-47fe03b77367_639196407121808034.xml,DAMY,Go South Coast,Go South Coast 6487 Outbound,Blandford - Dorchester,price_band_2.5@AdultSingle,2.5
TDTR_7541_Outbound_AdultReturn_a9f4b9e2-e9ea-4456-80e3-47fe03b77367_639196410013756636.xml,TDTR,Go South Coast,Go South Coast 7541 Outbound,Coate - Cirencester College,price_band_8.3@AdultReturn,8.3
SWWD_3684_Inbound_ChildReturn_a9f4b9e2-e9ea-4456-80e3-47fe03b77367_639196400273843845.xml,SWWD,Go South Coast,Go South Coast 3684 Inbound,Coombe Bissett - Burgate,price_band_7.3@ChildReturn,7.3
SWWD_3675_Inbound_ChildReturn_a9f4b9e2-e9ea-4456-80e3-47fe03b77367_639196400089415816.xml,SWWD,Go South Coast,Go South Coast 3675 Inbound,Castle Road - Amesbury,price_band_4.5@ChildReturn,4.5
DAMY_6307_Outbound_ChildSingle_a9f4b9e2-e9ea-4456-80e3-47fe03b77367_639196406441081124.xml,DAMY,Go South Coast,Go South Coast 6307 Outbound,Blandford - Shaftesbury,price_band_1.9@ChildSingle,1.9
WDBC_1054_Outbound_ChildSingle_d46597a9-440e-4c13-b49a-76a3986683d1_639196376739744176.xml,WDBC,Go South Coast,Go South Coast 1054 Outbound,Poole - Wimborne,price_band_2.2@ChildSingle,2.2
WDBC_1883_Inbound_ChildReturn_a9f4b9e2-e9ea-4456-80e3-47fe03b77367_639196382512904232.xml,WDBC,Go South Coast,Go South Coast 1883 Inbound,Alum Chine - Castlepoint,price_band_3.2@ChildReturn,3.2
BLUS_4009_Inbound_ChildSingle_a9f4b9e2-e9ea-4456-80e3-47fe03b77367_639196401538933310.xml,BLUS,Go South Coast,Go South Coast 4009 Inbound,Southampton - Langley/Fawley,price_band_2.1@ChildSingle,2.1
BLUS_4011_Inbound_ChildReturn_a9f4b9e2-e9ea-4456-80e3-47fe03b77367_639196401698648584.xml,BLUS,Go South Coast,Go South Coast 4011 Inbound,Southampton - West Totton,price_band_4.0@ChildReturn,4.0
BLUS_3635_Inbound_AdultSingle_a9f4b9e2-e9ea-4456-80e3-47fe03b77367_639196399708590250.xml,BLUS,Go South Coast,Go South Coast 3635 Inbound,Romsey - Ampfield,price_band_2.5@AdultSingle,2.5
BLUS_4001_Inbound_ChildReturn_a9f4b9e2-e9ea-4456-80e3-47fe03b77367_639196400955707393.xml,BLUS,Go South Coast,Go South Coast 4001 Inbound,Southampton - Winchester,price_band_4.5@ChildReturn,4.5
SWWD_3126_Inbound_ChildReturn_a9f4b9e2-e9ea-4456-80e3-47fe03b77367_639196393154456719.xml,SWWD,Go South Coast,Go South Coast 3126 Inbound,Salisbury - Hindon,price_band_3.2@ChildReturn,3.2
SWWD_3763_Outbound_ChildSingle_a9f4b9e2-e9ea-4456-80e3-47fe03b77367_639196400511467841.xml,SWWD,Go South Coast,Go South Coast 3763 Outbound,Mount Pleasant Farm - Burgate School,price_band_1.9@ChildSingle,1.9
SWWD_3883_Inbound_ChildReturn_a9f4b9e2-e9ea-4456-80e3-47fe03b77367_639196400686049945.xml,SWWD,Go South Coast,Go South Coast 3883 Inbound,Bishopdown Farm  - Burgate School,price_band_2.4@ChildReturn,2.4
WDBC_1011_Inbound_AdultSingle_a9f4b9e2-e9ea-4456-80e3-47fe03b77367_639196370990830787.xml,WDBC,Go South Coast,Go South Coast 1011 Inbound,Bournemouth - Canford Paddock,price_band_2.6@AdultSingle,2.6
SWWD_3675_Inbound_ChildSingle_a9f4b9e2-e9ea-4456-80e3-47fe03b77367_639196400110369936.xml,SWWD,Go South Coast,Go South Coast 3675 Inbound,Castle Road - Amesbury,price_band_2.8@ChildSingle,2.8
SWWD_3029_Outbound_ChildReturn_a9f4b9e2-e9ea-4456-80e3-47fe03b77367_639196391480317502.xml,SWWD,Go South Coast,Go South Coast 3029 Outbound,Salisbury - Shaftesbury,price_band_4.3@ChildReturn,4.3
WDBC_8600_Inbound_AdultSingle_a9f4b9e2-e9ea-4456-80e3-47fe03b77367_639196410817189919.xml,WDBC,Go South Coast,Go South Coast 8600 Inbound,Kings Park - Boscombe Pier,price_band_1.0@AdultSingle,1.0
BLUS_4015_Inbound_AdultReturn_a9f4b9e2-e9ea-4456-80e3-47fe03b77367_639196401917312852.xml,BLUS,Go South Coast,Go South Coast 4015 Inbound,Central Station - Hamble,price_band_6.0@AdultReturn,6.0
WDBC_1903_Inbound_ChildSingle_a9f4b9e2-e9ea-4456-80e3-47fe03b77367_639196383195113160.xml,WDBC,Go South Coast,Go South Coast 1903 Inbound,Poole - Wimborne,price_band_2.3@ChildSingle,2.3
WDBC_6416_Outbound_ChildReturn_a9f4b9e2-e9ea-4456-80e3-47fe03b77367_639196406650542511.xml,WDBC,Go South Coast,Go South Coast 6416 Outbound,Penn Hill Avenue  - Poole Grammar School,price_band_2.9@ChildReturn,2.9
SVCT_5268_Inbound_ChildSingle_a9f4b9e2-e9ea-4456-80e3-47fe03b77367_639196405633215003.xml,SVCT,Go South Coast,Go South Coast 5268 Inbound,Carisbrooke - St Helens,price_band_1.8@ChildSingle,1.8
SWWD_3366_Outbound_AdultSingle_a9f4b9e2-e9ea-4456-80e3-47fe03b77367_639196395716046975.xml,SWWD,Go South Coast,Go South Coast 3366 Outbound,South Wilts Grammar School - Idmiston,price_band_3.0@AdultSingle,3.0
SWWD_3002_Inbound_ChildSingle_a9f4b9e2-e9ea-4456-80e3-47fe03b77367_639196390247575616.xml,SWWD,Go South Coast,Go South Coast 3002 Inbound,Salisbury - Devizes,price_band_3.0@ChildSingle,3.0
WDBC_6448_Outbound_ChildSingle_a9f4b9e2-e9ea-4456-80e3-47fe03b77367_639196406886163468.xml,WDBC,Go South Coast,Go South Coast 6448 Outbound,Furnell Road - Parkstone Grammar,price_band_2.8@ChildSingle,2.8
WDBC_1053_Outbound_AdultReturn_a9f4b9e2-e9ea-4456-80e3-47fe03b77367_639196376245552313.xml,WDBC,Go South Coast,Go South Coast 1053 Outbound,Bournemouth - Wimborne,price_band_4.7@AdultReturn,4.7
SWWD_3326_Outbound_ChildSingle_a9f4b9e2-e9ea-4456-80e3-47fe03b77367_639196395306226571.xml,SWWD,Go South Coast,Go South Coast 3326 Outbound,Salisbury - Hindon,price_band_1.7@ChildSingle,1.7
WDBC_1806_Inbound_AdultReturn_a9f4b9e2-e9ea-4456-80e3-47fe03b77367_639196379860696326.xml,WDBC,Go South Coast,Go South Coast 1806 Inbound,Bournemouth - Wimborne,price_band_4.8@AdultReturn,4.8
TDTR_7146_Inbound_AdultReturn_a9f4b9e2-e9ea-4456-80e3-47fe03b77367_639196409021263564.xml,TDTR,Go South Coast,Go South Coast 7146 Inbound,Swindon - Hungerford,price_band_3.8@AdultReturn,3.8
WDBC_2956_Outbound_ChildSingle_a9f4b9e2-e9ea-4456-80e3-47fe03b77367_639196389678919503.xml,WDBC,Go South Coast,Go South Coast 2956 Outbound,Ringwood - Bournemouth,price_band_1.9@ChildSingle,1.9
TDTR_7048_Inbound_ChildReturn_a9f4b9e2-e9ea-4456-80e3-47fe03b77367_639196408499728756.xml,TDTR,Go South Coast,Go South Coast 7048 Inbound,Swindon - Marlborough,price_band_3.0@ChildReturn,3.0
WDBC_2761_Inbound_AdultSingle_a9f4b9e2-e9ea-4456-80e3-47fe03b77367_639196387434425384.xml,WDBC,Go South Coast,Go South Coast 2761 Inbound,Bunkers Hill Cottage - Priestlands School,price_band_2.4@AdultSingle,2.4
WDBC_1788_Inbound_ChildSingle_a9f4b9e2-e9ea-4456-80e3-47fe03b77367_639196379249363002.xml,WDBC,Go South Coast,Go South Coast 1788 Inbound,Walkford - Bournemouth School for Girls,price_band_2.0@ChildSingle,2.0
BLUS_4019_Inbound_ChildSingle_f15d1b06-486f-433a-8991-95f1a97a87e0_639196402229314255.xml,BLUS,Go South Coast,Go South Coast 4019 Inbound,Thornhill - Lordshill,price_band_1.0@ChildSingle,1.0
WDBC_1005_Outbound_AdultSingle_d46597a9-440e-4c13-b49a-76a3986683d1_639196370659531835.xml,WDBC,Go South Coast,Go South Coast 1005 Outbound,Poole - Tower Park,price_band_1.0@AdultSingle,1.0
WDBC_1837_Inbound_ChildSingle_2f1f0c04-770d-4707-ab06-213c5a798ad7_639196381896349388.xml,WDBC,Go South Coast,Go South Coast 1837 Inbound,Bournemouth - Bournemouth International Airport,price_band_2.1@ChildSingle,2.1
SWWD_3137_Outbound_ChildReturn_a9f4b9e2-e9ea-4456-80e3-47fe03b77367_639196393481415769.xml,SWWD,Go South Coast,Go South Coast 3137 Outbound,Salisbury - West Dean,price_band_4.5@ChildReturn,4.5
WDBC_2403_Outbound_ChildSingle_a9f4b9e2-e9ea-4456-80e3-47fe03b77367_639196386978158848.xml,WDBC,Go South Coast,Go South Coast 2403 Outbound,Verwood - Ferndown Upper,price_band_3.5@ChildSingle,3.5
SWWD_8302_Outbound_AdultSingle_a9f4b9e2-e9ea-4456-80e3-47fe03b77367_639196410397711684.xml,SWWD,Go South Coast,Go South Coast 8302 Outbound,Salisbury R/Station - Salisbury via Stones,price_band_11.0@AdultSingle,11.0
WDBC_1833_Outbound_AdultReturn_a9f4b9e2-e9ea-4456-80e3-47fe03b77367_639196381680902456.xml,WDBC,Go South Coast,Go South Coast 1833 Outbound,Alum Chine - Castlepoint,price_band_4.7@AdultReturn,4.7
WDBC_1020_Inbound_ChildReturn_a9f4b9e2-e9ea-4456-80e3-47fe03b77367_639196373360407510.xml,WDBC,Go South Coast,Go South Coast 1020 Inbound,Poole - Christchurch,price_band_3.7@ChildReturn,3.7
WDBC_2956_Inbound_ChildSingle_a9f4b9e2-e9ea-4456-80e3-47fe03b77367_639196389166362355.xml,WDBC,Go South Coast,Go South Coast 2956 Inbound,Ringwood - Bournemouth,price_band_3.0@ChildSingle,3.0
SWWD_3326_Inbound_ChildReturn_a9f4b9e2-e9ea-4456-80e3-47fe03b77367_639196395157852986.xml,SWWD,Go South Coast,Go South Coast 3326 Inbound,Salisbury - Hindon,price_band_3.6@ChildReturn,3.6
UNIL_4707_Outbound_AdultReturn_a9f4b9e2-e9ea-4456-80e3-47fe03b77367_639196403140768747.xml,UNIL,Go South Coast,Go South Coast 4707 Outbound,Highfield - Winchester,price_band_6.0@AdultReturn,6.0
WDBC_1013_Inbound_ChildSingle_d46597a9-440e-4c13-b49a-76a3986683d1_639196371388291411.xml,WDBC,Go South Coast,Go South Coast 1013 Inbound,Bournemouth - Wimborne,price_band_1.0@ChildSingle,1.0
WDBC_1831_Outbound_ChildSingle_a9f4b9e2-e9ea-4456-80e3-47fe03b77367_639196381315872156.xml,WDBC,Go South Coast,Go South Coast 1831 Outbound,Bournemouth - Hunt Road and Somerford,price_band_2.3@ChildSingle,2.3
WDBC_8429_Outbound_ChildSingle_a9f4b9e2-e9ea-4456-80e3-47fe03b77367_639196410434706459.xml,WDBC,Go South Coast,Go South Coast 8429 Outbound,Exbury - Lyndhurst GREEN,price_band_3.8@ChildSingle,3.8
SWWD_2615_Inbound_AdultSingle_a9f4b9e2-e9ea-4456-80e3-47fe03b77367_639196387158069862.xml,SWWD,Go South Coast,Go South Coast 2615 Inbound,Salisbury  - Brockenhurst College,price_band_6.0@AdultSingle,6.0
UNIL_4712_Inbound_ChildSingle_eed5e2e8-c472-41af-825e-db09ec887334_639196403220538696.xml,UNIL,Go South Coast,Go South Coast 4712 Inbound,Bassett Green - Mayflower Halls,price_band_1.0@ChildSingle,1.0
SWWD_7201_Inbound_AdultReturn_a9f4b9e2-e9ea-4456-80e3-47fe03b77367_639196409611567721.xml,SWWD,Go South Coast,Go South Coast 7201 Inbound,Figheldean - Salisbury,price_band_5.6@AdultReturn,5.6
WDBC_1021_Inbound_AdultSingle_a9f4b9e2-e9ea-4456-80e3-47fe03b77367_639196374044867753.xml,WDBC,Go South Coast,Go South Coast 1021 Inbound,Bournemouth - High Howe,price_band_3.0@AdultSingle,3.0
WDBC_1060_Outbound_AdultSingle_a9f4b9e2-e9ea-4456-80e3-47fe03b77367_639196376864019750.xml,WDBC,Go South Coast,Go South Coast 1060 Outbound,Rockley - Sandbanks,price_band_3.0@AdultSingle,3.0
WDBC_1641_Inbound_ChildSingle_a9f4b9e2-e9ea-4456-80e3-47fe03b77367_639196378732035740.xml,WDBC,Go South Coast,Go South Coast 1641 Inbound,Dorchester House  - Talbot Campus,price_band_2.1@ChildSingle,2.1
TDTR_7042_Inbound_ChildReturn_a9f4b9e2-e9ea-4456-80e3-47fe03b77367_639196408287052126.xml,TDTR,Go South Coast,Go South Coast 7042 Inbound,Calne - St John's School,price_band_2.2@ChildReturn,2.2
TDTR_7148_Outbound_AdultSingle_a9f4b9e2-e9ea-4456-80e3-47fe03b77367_639196409179812811.xml,TDTR,Go South Coast,Go South Coast 7148 Outbound,Swindon - Marlborough,price_band_2.2@AdultSingle,2.2
WDBC_2176_Outbound_ChildSingle_a9f4b9e2-e9ea-4456-80e3-47fe03b77367_639196386600673694.xml,WDBC,Go South Coast,Go South Coast 2176 Outbound,Christchurch - Ringwood,price_band_2.9@ChildSingle,2.9
WDBC_1931_Outbound_AdultSingle_a9f4b9e2-e9ea-4456-80e3-47fe03b77367_639196383510229950.xml,WDBC,Go South Coast,Go South Coast 1931 Outbound,Wool - Lulworth,price_band_3.0@AdultSingle,3.0
WDBC_1052_Inbound_AdultSingle_a9f4b9e2-e9ea-4456-80e3-47fe03b77367_639196375791206301.xml,WDBC,Go South Coast,Go South Coast 1052 Inbound,Rockley - Sandbanks,price_band_2.6@AdultSingle,2.6
WDBC_1950_Inbound_ChildSingle_a9f4b9e2-e9ea-4456-80e3-47fe03b77367_639196383599091215.xml,WDBC,Go South Coast,Go South Coast 1950 Inbound,Bournemouth - Swanage,price_band_2.5@ChildSingle,2.5
DAMY_6487_Outbound_AdultReturn_a9f4b9e2-e9ea-4456-80e3-47fe03b77367_639196407135008067.xml,DAMY,Go South Coast,Go South Coast 6487 Outbound,Blandford - Dorchester,price_band_5.8@AdultReturn,5.8
WDBC_1805_Outbound_AdultSingle_a9f4b9e2-e9ea-4456-80e3-47fe03b77367_639196379795976746.xml,WDBC,Go South Coast,Go South Coast 1805 Outbound,Bournemouth - Kinson,price_band_3.0@AdultSingle,3.0
WDBC_2112_Inbound_ChildSingle_a9f4b9e2-e9ea-4456-80e3-47fe03b77367_639196386324315955.xml,WDBC,Go South Coast,Go South Coast 2112 Inbound,Hythe - Lymington,price_band_3.0@ChildSingle,3.0
WDBC_6419_Inbound_ChildReturn_a9f4b9e2-e9ea-4456-80e3-47fe03b77367_639196406787885234.xml,WDBC,Go South Coast,Go South Coast 6419 Inbound,Compton Avenue - Poole Grammar,price_band_5.7@ChildReturn,5.7
TDTR_7893_Inbound_YoungPersonSgl_a9f4b9e2-e9ea-4456-80e3-47fe03b77367_639196410213782513.xml,TDTR,Go South Coast,Go South Coast 7893 Inbound,St Andrews Ridge - Warneford School,price_band_3.3@YoungPersonSgl,3.3
WDBC_1789_Inbound_AdultReturn_a9f4b9e2-e9ea-4456-80e3-47fe03b77367_639196379289700065.xml,WDBC,Go South Coast,Go South Coast 1789 Inbound,Bournemouth School for Girls - Lymington,price_band_6.9@AdultReturn,6.9
WDBC_1032_Inbound_ChildSingle_a9f4b9e2-e9ea-4456-80e3-47fe03b77367_639196374382108166.xml,WDBC,Go South Coast,Go South Coast 1032 Inbound,Poole - Bournemouth,price_band_1.9@ChildSingle,1.9
WDBC_1016_Outbound_AdultSingle_a9f4b9e2-e9ea-4456-80e3-47fe03b77367_639196372326430904.xml,WDBC,Go South Coast,Go South Coast 1016 Outbound,Poole - Bournemouth,price_band_3.0@AdultSingle,3.0
WDBC_1811_Outbound_ChildSingle_d46597a9-440e-4c13-b49a-76a3986683d1_639196380128178916.xml,WDBC,Go South Coast,Go South Coast 1811 Outbound,Bournemouth - Somerford,price_band_1.0@ChildSingle,1.0
WDBC_1038_Outbound_ChildReturn_a9f4b9e2-e9ea-4456-80e3-47fe03b77367_639196374712380593.xml,WDBC,Go South Coast,Go South Coast 1038 Outbound,Ferndown - Ringwood,price_band_5.6@ChildReturn,5.6
TDTR_7080_Outbound_AdultReturn_a9f4b9e2-e9ea-4456-80e3-47fe03b77367_639196408817785315.xml,TDTR,Go South Coast,Go South Coast 7080 Outbound,Swindon - Marlborough,price_band_3.6@AdultReturn,3.6
WDBC_1837_Inbound_ChildSingle_d46597a9-440e-4c13-b49a-76a3986683d1_639196381906882492.xml,WDBC,Go South Coast,Go South Coast 1837 Inbound,Bournemouth - Bournemouth International Airport,price_band_1.0@ChildSingle,1.0
SWWD_3266_Inbound_AdultSingle_a9f4b9e2-e9ea-4456-80e3-47fe03b77367_639196394132682634.xml,SWWD,Go South Coast,Go South Coast 3266 Inbound,South Wilts Grammar School - Idmiston,price_band_3.0@AdultSingle,3.0
SWWD_3014_Outbound_ChildSingle_a9f4b9e2-e9ea-4456-80e3-47fe03b77367_639196391287357866.xml,SWWD,Go South Coast,Go South Coast 3014 Outbound,Salisbury - Harnham Hill,price_band_2.3@ChildSingle,2.3
WDBC_1951_Inbound_AdultReturn_a9f4b9e2-e9ea-4456-80e3-47fe03b77367_639196384107693394.xml,WDBC,Go South Coast,Go South Coast 1951 Inbound,Bournemouth - Sandbanks,price_band_4.7@AdultReturn,4.7
WDBC_2906_Inbound_AdultReturn_a9f4b9e2-e9ea-4456-80e3-47fe03b77367_639196387645832397.xml,WDBC,Go South Coast,Go South Coast 2906 Inbound,Poole - Ringwood,price_band_6.0@AdultReturn,6.0
SVCT_5001_Outbound_AdultSingle_a9f4b9e2-e9ea-4456-80e3-47fe03b77367_639196403592054258.xml,SVCT,Go South Coast,Go South Coast 5001 Outbound,Newport - Cowes,price_band_2.0@AdultSingle,2.0
SWWD_3137_Outbound_AdultReturn_a9f4b9e2-e9ea-4456-80e3-47fe03b77367_639196393461843931.xml,SWWD,Go South Coast,Go South Coast 3137 Outbound,Salisbury - West Dean,price_band_5.8@AdultReturn,5.8
BLUS_4028_Outbound_ChildReturn_a9f4b9e2-e9ea-4456-80e3-47fe03b77367_639196402585918379.xml,BLUS,Go South Coast,Go South Coast 4028 Outbound,Southampton - Southampton Science Park,price_band_2.6@ChildReturn,2.6
SWWD_3102_Outbound_ChildSingle_a9f4b9e2-e9ea-4456-80e3-47fe03b77367_639196392204977181.xml,SWWD,Go South Coast,Go South Coast 3102 Outbound,Salisbury - Devizes,price_band_2.2@ChildSingle,2.2
SVCT_5268_Outbound_ChildSingle_a9f4b9e2-e9ea-4456-80e3-47fe03b77367_639196405643919496.xml,SVCT,Go South Coast,Go South Coast 5268 Outbound,Carisbrooke - St Helens,price_band_1.8@ChildSingle,1.8
DAMY_6307_Inbound_ChildReturn_a9f4b9e2-e9ea-4456-80e3-47fe03b77367_639196406428329780.xml,DAMY,Go South Coast,Go South Coast 6307 Inbound,Blandford - Shaftesbury,price_band_2.3@ChildReturn,2.3
TDTR_7076_Inbound_AdultSingle_a9f4b9e2-e9ea-4456-80e3-47fe03b77367_639196408721773337.xml,TDTR,Go South Coast,Go South Coast 7076 Inbound,Marlborough - Bath,price_band_1.7@AdultSingle,1.7
WDBC_1040_Inbound_ChildSingle_2f1f0c04-770d-4707-ab06-213c5a798ad7_639196375060016169.xml,WDBC,Go South Coast,Go South Coast 1040 Inbound,Swanage - Poole,price_band_1.9@ChildSingle,1.9
WDBC_2906_Inbound_AdultSingle_a9f4b9e2-e9ea-4456-80e3-47fe03b77367_639196387599907148.xml,WDBC,Go South Coast,Go South Coast 2906 Inbound,Poole - Ringwood,price_band_2.3@AdultSingle,2.3
WDBC_1016_Inbound_ChildSingle_a9f4b9e2-e9ea-4456-80e3-47fe03b77367_639196372093735412.xml,WDBC,Go South Coast,Go South Coast 1016 Inbound,Poole - Bournemouth,price_band_1.9@ChildSingle,1.9
TDTR_7048_Inbound_AdultReturn_a9f4b9e2-e9ea-4456-80e3-47fe03b77367_639196408478077017.xml,TDTR,Go South Coast,Go South Coast 7048 Inbound,Swindon - Marlborough,price_band_4.5@AdultReturn,4.5
WDBC_6415_Inbound_ChildReturn_a9f4b9e2-e9ea-4456-80e3-47fe03b77367_639196406505178677.xml,WDBC,Go South Coast,Go South Coast 6415 Inbound,St Anns Hospital - Poole Grammar School,price_band_5.7@ChildReturn,5.7
SWWD_3726_Outbound_AdultReturn_a9f4b9e2-e9ea-4456-80e3-47fe03b77367_639196400408884012.xml,SWWD,Go South Coast,Go South Coast 3726 Outbound,Salisbury - East Knoyle,price_band_5.7@AdultReturn,5.7
WDBC_1805_Inbound_AdultReturn_a9f4b9e2-e9ea-4456-80e3-47fe03b77367_639196379753977529.xml,WDBC,Go South Coast,Go South Coast 1805 Inbound,Bournemouth - Kinson,price_band_4.2@AdultReturn,4.2
WDBC_1908_Outbound_AdultSingle_a9f4b9e2-e9ea-4456-80e3-47fe03b77367_639196383467203334.xml,WDBC,Go South Coast,Go South Coast 1908 Outbound,Poole - Blandford,price_band_2.5@AdultSingle,2.5
TDTR_7217_Outbound_ChildSingle_a9f4b9e2-e9ea-4456-80e3-47fe03b77367_639196409726874207.xml,TDTR,Go South Coast,Go South Coast 7217 Outbound,Marlborough - Marlborough,price_band_1.3@ChildSingle,1.3
SVCT_8503_Outbound_YoungAdReturn_a9f4b9e2-e9ea-4456-80e3-47fe03b77367_639196410672265315.xml,SVCT,Go South Coast,Go South Coast 8503 Outbound,Needles - Breezer,price_band_6.4@YoungAdReturn,6.4
WDBC_1811_Outbound_AdultSingle_d46597a9-440e-4c13-b49a-76a3986683d1_639196380111594166.xml,WDBC,Go South Coast,Go South Coast 1811 Outbound,Bournemouth - Somerford,price_band_1.0@AdultSingle,1.0
SWWD_3310_Inbound_ChildSingle_a9f4b9e2-e9ea-4456-80e3-47fe03b77367_639196394656152713.xml,SWWD,Go South Coast,Go South Coast 3310 Inbound,City Centre - St Peters Place,price_band_2.3@ChildSingle,2.3
SVCT_5411_Inbound_AdultSingle_a9f4b9e2-e9ea-4456-80e3-47fe03b77367_639196405818505708.xml,SVCT,Go South Coast,Go South Coast 5411 Inbound,Cowes - Newport [N1],price_band_2.0@AdultSingle,2.0
SWWD_3011_Outbound_ChildSingle_a9f4b9e2-e9ea-4456-80e3-47fe03b77367_639196391225913054.xml,SWWD,Go South Coast,Go South Coast 3011 Outbound,City Centre - Old Sarum,price_band_2.3@ChildSingle,2.3
WDBC_1903_Inbound_ChildSingle_2f1f0c04-770d-4707-ab06-213c5a798ad7_639196383252639639.xml,WDBC,Go South Coast,Go South Coast 1903 Inbound,Poole - Wimborne,price_band_2.3@ChildSingle,2.3
DAMY_3183_Outbound_ChildSingle_a9f4b9e2-e9ea-4456-80e3-47fe03b77367_639196393928196536.xml,DAMY,Go South Coast,Go South Coast 3183 Outbound,Blandford - Weymouth,price_band_2.5@ChildSingle,2.5
WDBC_2906_Outbound_AdultReturn_a9f4b9e2-e9ea-4456-80e3-47fe03b77367_639196388155131611.xml,WDBC,Go South Coast,Go South Coast 2906 Outbound,Poole - Ringwood,price_band_4.5@AdultReturn,4.5
WDBC_1811_Inbound_AdultSingle_a9f4b9e2-e9ea-4456-80e3-47fe03b77367_639196380015744500.xml,WDBC,Go South Coast,Go South Coast 1811 Inbound,Bournemouth - Somerford,price_band_2.6@AdultSingle,2.6
WDBC_2956_Inbound_ChildReturn_a9f4b9e2-e9ea-4456-80e3-47fe03b77367_639196389210427380.xml,WDBC,Go South Coast,Go South Coast 2956 Inbound,Ringwood - Bournemouth,price_band_3.1@ChildReturn,3.1
TDTR_7535_Outbound_AdultReturn_a9f4b9e2-e9ea-4456-80e3-47fe03b77367_639196409842079617.xml,TDTR,Go South Coast,Go South Coast 7535 Outbound,Wanborough - Cirencester College,price_band_8.3@AdultReturn,8.3
WDBC_1806_Inbound_ChildReturn_a9f4b9e2-e9ea-4456-80e3-47fe03b77367_639196379882749275.xml,WDBC,Go South Coast,Go South Coast 1806 Inbound,Bournemouth - Wimborne,price_band_2.8@ChildReturn,2.8
BLUS_4002_Outbound_ChildReturn_a9f4b9e2-e9ea-4456-80e3-47fe03b77367_639196401076837257.xml,BLUS,Go South Coast,Go South Coast 4002 Outbound,Southampton - Fair Oak,price_band_2.6@ChildReturn,2.6
DAMY_6920_Inbound_AdultReturn_a9f4b9e2-e9ea-4456-80e3-47fe03b77367_639196407749894779.xml,DAMY,Go South Coast,Go South Coast 6920 Inbound,Salisbury - Steam Fair,price_band_4.3@AdultReturn,4.3
TDTR_7017_Inbound_YoungPersonSgl_a9f4b9e2-e9ea-4456-80e3-47fe03b77367_639196408243397924.xml,TDTR,Go South Coast,Go South Coast 7017 Inbound,Penhill - Park South,price_band_1.8@YoungPersonSgl,1.8
TDTR_3620_Outbound_YoungPersonRtn_a9f4b9e2-e9ea-4456-80e3-47fe03b77367_639196399628380399.xml,TDTR,Go South Coast,Go South Coast 3620 Outbound,Hungerford Priory  - St Johns Sch,price_band_4.5@YoungPersonRtn,4.5
TDTR_7011_Outbound_AdultSingle_a9f4b9e2-e9ea-4456-80e3-47fe03b77367_639196408134910706.xml,TDTR,Go South Coast,Go South Coast 7011 Outbound,Taw Hill - Middle Wichel,price_band_2.8@AdultSingle,2.8
SWWD_3404_Inbound_ChildReturn_a9f4b9e2-e9ea-4456-80e3-47fe03b77367_639196396143086831.xml,SWWD,Go South Coast,Go South Coast 3404 Inbound,Salisbury - Larkhill,price_band_5.3@ChildReturn,5.3
WDBC_1806_Inbound_ChildSingle_a9f4b9e2-e9ea-4456-80e3-47fe03b77367_639196379870848354.xml,WDBC,Go South Coast,Go South Coast 1806 Inbound,Bournemouth - Wimborne,price_band_2.8@ChildSingle,2.8
WDBC_1643_Outbound_UniIDReturn_a9f4b9e2-e9ea-4456-80e3-47fe03b77367_639196378910655460.xml,WDBC,Go South Coast,Go South Coast 1643 Outbound,Fishermans Walk - Talbot Campus,price_band_3.2@UniIDReturn,3.2
TDTR_7080_Outbound_YoungPersonRtn_a9f4b9e2-e9ea-4456-80e3-47fe03b77367_639196408865610342.xml,TDTR,Go South Coast,Go South Coast 7080 Outbound,Swindon - Marlborough,price_band_2.5@YoungPersonRtn,2.5
SWWD_2615_Outbound_AdultReturn_a9f4b9e2-e9ea-4456-80e3-47fe03b77367_639196387171351940.xml,SWWD,Go South Coast,Go South Coast 2615 Outbound,Salisbury  - Brockenhurst College,price_band_8.7@AdultReturn,8.7
SWWD_3040_Outbound_ChildReturn_a9f4b9e2-e9ea-4456-80e3-47fe03b77367_639196391587779883.xml,SWWD,Go South Coast,Go South Coast 3040 Outbound,Salisbury - Woodfalls,price_band_3.6@ChildReturn,3.6
SVCT_8511_Inbound_ChildSingle_a9f4b9e2-e9ea-4456-80e3-47fe03b77367_639196410803534184.xml,SVCT,Go South Coast,Go South Coast 8511 Inbound,Island Coaster - East,price_band_3.1@ChildSingle,3.1
WDBC_1642_Outbound_ChildSingle_a9f4b9e2-e9ea-4456-80e3-47fe03b77367_639196378828283826.xml,WDBC,Go South Coast,Go South Coast 1642 Outbound,Poole  - Talbot Campus,price_band_2.1@ChildSingle,2.1
SWWD_3327_Inbound_AdultReturn_a9f4b9e2-e9ea-4456-80e3-47fe03b77367_639196395455571575.xml,SWWD,Go South Coast,Go South Coast 3327 Inbound,Salisbury - Shaftesbury,price_band_5.4@AdultReturn,5.4
SWWD_3125_Inbound_ChildReturn_a9f4b9e2-e9ea-4456-80e3-47fe03b77367_639196392828778045.xml,SWWD,Go South Coast,Go South Coast 3125 Inbound,South Wilts Grammar School - Hindon,price_band_5.3@ChildReturn,5.3
SWWD_3326_Outbound_ChildReturn_a9f4b9e2-e9ea-4456-80e3-47fe03b77367_639196395329090036.xml,SWWD,Go South Coast,Go South Coast 3326 Outbound,Salisbury - Hindon,price_band_2.5@ChildReturn,2.5
WDBC_2777_Outbound_AdultReturn_a9f4b9e2-e9ea-4456-80e3-47fe03b77367_639196387542926542.xml,WDBC,Go South Coast,Go South Coast 2777 Outbound,New Forest Drive - Lymington,price_band_6.5@AdultReturn,6.5
BLUS_4815_Inbound_AdultReturn_a9f4b9e2-e9ea-4456-80e3-47fe03b77367_639196403510716980.xml,BLUS,Go South Coast,Go South Coast 4815 Inbound,Boyatt Wood - Eastleigh,price_band_4.5@AdultReturn,4.5
WDBC_6416_Outbound_AdultReturn_a9f4b9e2-e9ea-4456-80e3-47fe03b77367_639196406631663757.xml,WDBC,Go South Coast,Go South Coast 6416 Outbound,Penn Hill Avenue  - Poole Grammar School,price_band_3.8@AdultReturn,3.8
BLUS_4424_Outbound_AdultSingle_eed5e2e8-c472-41af-825e-db09ec887334_639196402898394168.xml,BLUS,Go South Coast,Go South Coast 4424 Outbound,Eastleigh - Hedge End,price_band_1.0@AdultSingle,1.0
BLUS_3635_Inbound_AdultReturn_a9f4b9e2-e9ea-4456-80e3-47fe03b77367_639196399712837020.xml,BLUS,Go South Coast,Go South Coast 3635 Inbound,Romsey - Ampfield,price_band_4.2@AdultReturn,4.2
SWWD_3326_Outbound_ChildSingle_a9f4b9e2-e9ea-4456-80e3-47fe03b77367_639196395306226571.xml,SWWD,Go South Coast,Go South Coast 3326 Outbound,Salisbury - Hindon,price_band_3.0@ChildSingle,3.0
SVCT_5263_Outbound_AdultSingle_a9f4b9e2-e9ea-4456-80e3-47fe03b77367_639196405630061018.xml,SVCT,Go South Coast,Go South Coast 5263 Outbound,Newport - Ventnor,price_band_3.0@AdultSingle,3.0
TDTR_7067_Inbound_YoungPersonSgl_a9f4b9e2-e9ea-4456-80e3-47fe03b77367_639196408659892155.xml,TDTR,Go South Coast,Go South Coast 7067 Inbound,Penhill - Park South,price_band_2.2@YoungPersonSgl,2.2
WDBC_2762_Outbound_AdultSingle_a9f4b9e2-e9ea-4456-80e3-47fe03b77367_639196387476311255.xml,WDBC,Go South Coast,Go South Coast 2762 Outbound,Keyhaven Road  - Priestlands School,price_band_3.0@AdultSingle,3.0
WDBC_1038_Outbound_ChildSingle_a9f4b9e2-e9ea-4456-80e3-47fe03b77367_639196374719725195.xml,WDBC,Go South Coast,Go South Coast 1038 Outbound,Ferndown - Ringwood,price_band_2.2@ChildSingle,2.2
SWWD_3645_Inbound_AdultReturn_a9f4b9e2-e9ea-4456-80e3-47fe03b77367_639196399766990389.xml,SWWD,Go South Coast,Go South Coast 3645 Inbound,Stratford Road Grammar School - Hamptworth Cuckoo,price_band_6.0@AdultReturn,6.0
TDTR_3620_Outbound_AdultSingle_a9f4b9e2-e9ea-4456-80e3-47fe03b77367_639196399619448040.xml,TDTR,Go South Coast,Go South Coast 3620 Outbound,Hungerford Priory  - St Johns Sch,price_band_1.6@AdultSingle,1.6
SWWD_3726_Inbound_AdultReturn_a9f4b9e2-e9ea-4456-80e3-47fe03b77367_639196400332138382.xml,SWWD,Go South Coast,Go South Coast 3726 Inbound,Salisbury - East Knoyle,price_band_5.7@AdultReturn,5.7
TDTR_7148_Outbound_ChildSingle_a9f4b9e2-e9ea-4456-80e3-47fe03b77367_639196409205118335.xml,TDTR,Go South Coast,Go South Coast 7148 Outbound,Swindon - Marlborough,price_band_1.8@ChildSingle,1.8
WDBC_1642_Outbound_UniIDReturn_a9f4b9e2-e9ea-4456-80e3-47fe03b77367_639196378837046391.xml,WDBC,Go South Coast,Go South Coast 1642 Outbound,Poole  - Talbot Campus,price_band_3.2@UniIDReturn,3.2
WDBC_1801_Inbound_ChildReturn_a9f4b9e2-e9ea-4456-80e3-47fe03b77367_639196379440228067.xml,WDBC,Go South Coast,Go South Coast 1801 Inbound,Bournemouth - Christchurch,price_band_2.8@ChildReturn,2.8
DAMY_6020_Outbound_AdultSingle_a9f4b9e2-e9ea-4456-80e3-47fe03b77367_639196406113514895.xml,DAMY,Go South Coast,Go South Coast 6020 Outbound,Salisbury - Blandford,price_band_2.7@AdultSingle,2.7
SWWD_3137_Inbound_AdultReturn_a9f4b9e2-e9ea-4456-80e3-47fe03b77367_639196393354070530.xml,SWWD,Go South Coast,Go South Coast 3137 Inbound,Salisbury - West Dean,price_band_6.0@AdultReturn,6.0
WDBC_2120_Inbound_ChildSingle_a9f4b9e2-e9ea-4456-80e3-47fe03b77367_639196386405901867.xml,WDBC,Go South Coast,Go South Coast 2120 Inbound,New Milton Tesco - Lymington,price_band_2.3@ChildSingle,2.3
WDBC_2906_Outbound_AdultSingle_d46597a9-440e-4c13-b49a-76a3986683d1_639196388523393548.xml,WDBC,Go South Coast,Go South Coast 2906 Outbound,Poole - Ringwood,price_band_1.0@AdultSingle,1.0
WDBC_2956_Inbound_AdultSingle_2f1f0c04-770d-4707-ab06-213c5a798ad7_639196389464549393.xml,WDBC,Go South Coast,Go South Coast 2956 Inbound,Ringwood - Bournemouth,price_band_3.0@AdultSingle,3.0
WDBC_1032_Outbound_AdultSingle_a9f4b9e2-e9ea-4456-80e3-47fe03b77367_639196374454033630.xml,WDBC,Go South Coast,Go South Coast 1032 Outbound,Poole - Bournemouth,price_band_3.0@AdultSingle,3.0
WDBC_1881_Inbound_ChildSingle_a9f4b9e2-e9ea-4456-80e3-47fe03b77367_639196382462279680.xml,WDBC,Go South Coast,Go South Coast 1881 Inbound,Charminster - Avonbourne Academy,price_band_2.9@ChildSingle,2.9
WDBC_1818_Inbound_AdultSingle_a9f4b9e2-e9ea-4456-80e3-47fe03b77367_639196380144261180.xml,WDBC,Go South Coast,Go South Coast 1818 Inbound,Bournemouth - Broadstone,price_band_3.0@AdultSingle,3.0
SVCT_5009_Outbound_YoungAdSingle_a9f4b9e2-e9ea-4456-80e3-47fe03b77367_639196404223540336.xml,SVCT,Go South Coast,Go South Coast 5009 Outbound,Newport  - Ryde,price_band_2.4@YoungAdSingle,2.4
WDBC_2001_Inbound_AdultSingle_2f1f0c04-770d-4707-ab06-213c5a798ad7_639196384526786978.xml,WDBC,Go South Coast,Go South Coast 2001 Inbound,Bournemouth - Lymington,price_band_1.0@AdultSingle,1.0
DAMY_6920_Inbound_ChildReturn_a9f4b9e2-e9ea-4456-80e3-47fe03b77367_639196407771189759.xml,DAMY,Go South Coast,Go South Coast 6920 Inbound,Salisbury - Steam Fair,price_band_4.3@ChildReturn,4.3
DAMY_6020_Outbound_AdultSingle_a9f4b9e2-e9ea-4456-80e3-47fe03b77367_639196406113514895.xml,DAMY,Go South Coast,Go South Coast 6020 Outbound,Salisbury - Blandford,price_band_2.5@AdultSingle,2.5
SWWD_3012_Inbound_AdultSingle_a9f4b9e2-e9ea-4456-80e3-47fe03b77367_639196391232361075.xml,SWWD,Go South Coast,Go South Coast 3012 Inbound,Salisbury - Stratford,price_band_2.3@AdultSingle,2.3
DAMY_6002_Outbound_AdultSingle_a9f4b9e2-e9ea-4456-80e3-47fe03b77367_639196405917297021.xml,DAMY,Go South Coast,Go South Coast 6002 Outbound,Dorchester  - Dorchester,price_band_2.6@AdultSingle,2.6
WDBC_6448_Outbound_AdultReturn_a9f4b9e2-e9ea-4456-80e3-47fe03b77367_639196406876950563.xml,WDBC,Go South Coast,Go South Coast 6448 Outbound,Furnell Road - Parkstone Grammar,price_band_4.5@AdultReturn,4.5
WDBC_1040_Outbound_ChildSingle_d46597a9-440e-4c13-b49a-76a3986683d1_639196375449463659.xml,WDBC,Go South Coast,Go South Coast 1040 Outbound,Swanage - Poole,price_band_2.8@ChildSingle,2.8
SWWD_3088_Outbound_AdultReturn_a9f4b9e2-e9ea-4456-80e3-47fe03b77367_639196391924474140.xml,SWWD,Go South Coast,Go South Coast 3088 Outbound,Salisbury - Winterslow Gunville Stockbridge Turn,price_band_4.5@AdultReturn,4.5
WDBC_1005_Outbound_AdultSingle_a9f4b9e2-e9ea-4456-80e3-47fe03b77367_639196370600687522.xml,WDBC,Go South Coast,Go South Coast 1005 Outbound,Poole - Tower Park,price_band_3.0@AdultSingle,3.0
WDBC_2953_Inbound_ChildReturn_a9f4b9e2-e9ea-4456-80e3-47fe03b77367_639196388696796653.xml,WDBC,Go South Coast,Go South Coast 2953 Inbound,Salisbury - Ringwood,price_band_6.0@ChildReturn,6.0
WDBC_1641_Outbound_UniIDSingle_d46597a9-440e-4c13-b49a-76a3986683d1_639196378764154418.xml,WDBC,Go South Coast,Go South Coast 1641 Outbound,Dorchester House  - Talbot Campus,price_band_1.0@UniIDSingle,1.0
WDBC_2002_Outbound_ChildSingle_2f1f0c04-770d-4707-ab06-213c5a798ad7_639196385595886681.xml,WDBC,Go South Coast,Go South Coast 2002 Outbound,Bournemouth - Lymington,price_band_2.5@ChildSingle,2.5
WDBC_2906_Outbound_AdultSingle_a9f4b9e2-e9ea-4456-80e3-47fe03b77367_639196388115815036.xml,WDBC,Go South Coast,Go South Coast 2906 Outbound,Poole - Ringwood,price_band_2.8@AdultSingle,2.8
WDBC_1841_Inbound_ChildSingle_d46597a9-440e-4c13-b49a-76a3986683d1_639196382088608288.xml,WDBC,Go South Coast,Go South Coast 1841 Inbound,Bournemouth - Mudeford and Somerford,price_band_1.0@ChildSingle,1.0
SWWD_3402_Outbound_ChildSingle_a9f4b9e2-e9ea-4456-80e3-47fe03b77367_639196395949834686.xml,SWWD,Go South Coast,Go South Coast 3402 Outbound,Salisbury - Devizes,price_band_3.0@ChildSingle,3.0
WDBC_1053_Outbound_ChildReturn_a9f4b9e2-e9ea-4456-80e3-47fe03b77367_639196376275393422.xml,WDBC,Go South Coast,Go South Coast 1053 Outbound,Bournemouth - Wimborne,price_band_3.1@ChildReturn,3.1
SWWD_3883_Inbound_AdultSingle_a9f4b9e2-e9ea-4456-80e3-47fe03b77367_639196400670087903.xml,SWWD,Go South Coast,Go South Coast 3883 Inbound,Bishopdown Farm  - Burgate School,price_band_2.9@AdultSingle,2.9
DAMY_6505_Inbound_AdultReturn_a9f4b9e2-e9ea-4456-80e3-47fe03b77367_639196407177192280.xml,DAMY,Go South Coast,Go South Coast 6505 Inbound,Weymouth - Dorchester,price_band_6.0@AdultReturn,6.0
SWWD_3883_Outbound_ChildSingle_a9f4b9e2-e9ea-4456-80e3-47fe03b77367_639196400701528975.xml,SWWD,Go South Coast,Go South Coast 3883 Outbound,Bishopdown Farm  - Burgate School,price_band_2.3@ChildSingle,2.3
SWWD_3495_Inbound_ChildReturn_a9f4b9e2-e9ea-4456-80e3-47fe03b77367_639196398829248740.xml,SWWD,Go South Coast,Go South Coast 3495 Inbound,Swindon - Pewsey,price_band_3.6@ChildReturn,3.6
SWWD_3325_Outbound_ChildReturn_a9f4b9e2-e9ea-4456-80e3-47fe03b77367_639196394994539816.xml,SWWD,Go South Coast,Go South Coast 3325 Outbound,South Wilts Grammar School - Hindon,price_band_2.7@ChildReturn,2.7
WDBC_1788_Outbound_ChildSingle_a9f4b9e2-e9ea-4456-80e3-47fe03b77367_639196379271894228.xml,WDBC,Go South Coast,Go South Coast 1788 Outbound,Walkford - Bournemouth School for Girls,price_band_2.2@ChildSingle,2.2
WDBC_2120_Outbound_AdultReturn_a9f4b9e2-e9ea-4456-80e3-47fe03b77367_639196386423000162.xml,WDBC,Go South Coast,Go South Coast 2120 Outbound,New Milton Tesco - Lymington,price_band_6.0@AdultReturn,6.0
BLUS_4023_Outbound_AdultSingle_a9f4b9e2-e9ea-4456-80e3-47fe03b77367_639196402422323518.xml,BLUS,Go South Coast,Go South Coast 4023 Outbound,Eastleigh - Velmore,price_band_3.0@AdultSingle,3.0
SWWD_3885_Inbound_ChildReturn_a9f4b9e2-e9ea-4456-80e3-47fe03b77367_639196400773713449.xml,SWWD,Go South Coast,Go South Coast 3885 Inbound,Whaddon - Burgate School,price_band_4.0@ChildReturn,4.0
WDBC_2633_Inbound_AdultReturn_a9f4b9e2-e9ea-4456-80e3-47fe03b77367_639196387391976789.xml,WDBC,Go South Coast,Go South Coast 2633 Inbound,Wimborne - Brockenhurst College,price_band_5.0@AdultReturn,5.0
WDBC_1950_Inbound_AdultSingle_d46597a9-440e-4c13-b49a-76a3986683d1_639196383753375432.xml,WDBC,Go South Coast,Go South Coast 1950 Inbound,Bournemouth - Swanage,price_band_3.0@AdultSingle,3.0
BLUS_3634_Inbound_AdultReturn_a9f4b9e2-e9ea-4456-80e3-47fe03b77367_639196399657109726.xml,BLUS,Go South Coast,Go South Coast 3634 Inbound,East Wellow  - Romsey School,price_band_8.5@AdultReturn,8.5
WDBC_6943_Inbound_ChildSingle_a9f4b9e2-e9ea-4456-80e3-47fe03b77367_639196407906147726.xml,WDBC,Go South Coast,Go South Coast 6943 Inbound,Lulworth - Weymouth,price_band_1.7@ChildSingle,1.7
TDTR_7048_Inbound_AdultSingle_a9f4b9e2-e9ea-4456-80e3-47fe03b77367_639196408466591234.xml,TDTR,Go South Coast,Go South Coast 7048 Inbound,Swindon - Marlborough,price_band_2.1@AdultSingle,2.1
WDBC_1050_Outbound_AdultSingle_d46597a9-440e-4c13-b49a-76a3986683d1_639196375732733963.xml,WDBC,Go South Coast,Go South Coast 1050 Outbound,Bournemouth Station - Swanage,price_band_1.0@AdultSingle,1.0
SWWD_3511_Inbound_AdultReturn_a9f4b9e2-e9ea-4456-80e3-47fe03b77367_639196399099929743.xml,SWWD,Go South Coast,Go South Coast 3511 Inbound,Blue Boar Row - Old Sarum,price_band_4.5@AdultReturn,4.5
SWWD_7201_Inbound_AdultReturn_a9f4b9e2-e9ea-4456-80e3-47fe03b77367_639196409611567721.xml,SWWD,Go South Coast,Go South Coast 7201 Inbound,Figheldean - Salisbury,price_band_4.9@AdultReturn,4.9
SWWD_3457_Outbound_ChildSingle_a9f4b9e2-e9ea-4456-80e3-47fe03b77367_639196398247122010.xml,SWWD,Go South Coast,Go South Coast 3457 Outbound,Salisbury - Southampton,price_band_2.1@ChildSingle,2.1
SWWD_3326_Inbound_ChildReturn_a9f4b9e2-e9ea-4456-80e3-47fe03b77367_639196395157852986.xml,SWWD,Go South Coast,Go South Coast 3326 Inbound,Salisbury - Hindon,price_band_5.1@ChildReturn,5.1
WDBC_1040_Outbound_ChildSingle_2f1f0c04-770d-4707-ab06-213c5a798ad7_639196375405128204.xml,WDBC,Go South Coast,Go South Coast 1040 Outbound,Swanage - Poole,price_band_1.0@ChildSingle,1.0
TDTR_7146_Outbound_AdultSingle_a9f4b9e2-e9ea-4456-80e3-47fe03b77367_639196409066386614.xml,TDTR,Go South Coast,Go South Coast 7146 Outbound,Swindon - Hungerford,price_band_3.0@AdultSingle,3.0
WDBC_1837_Inbound_AdultSingle_d46597a9-440e-4c13-b49a-76a3986683d1_639196381887430945.xml,WDBC,Go South Coast,Go South Coast 1837 Inbound,Bournemouth - Bournemouth International Airport,price_band_2.8@AdultSingle,2.8
BLUS_4004_Outbound_ChildReturn_a9f4b9e2-e9ea-4456-80e3-47fe03b77367_639196401167919204.xml,BLUS,Go South Coast,Go South Coast 4004 Outbound,Southampton - Romsey,price_band_2.6@ChildReturn,2.6
WDBC_1050_Outbound_ChildSingle_d46597a9-440e-4c13-b49a-76a3986683d1_639196375757832533.xml,WDBC,Go South Coast,Go South Coast 1050 Outbound,Bournemouth Station - Swanage,price_band_2.8@ChildSingle,2.8
WDBC_1762_Outbound_ChildReturn_a9f4b9e2-e9ea-4456-80e3-47fe03b77367_639196379183472900.xml,WDBC,Go South Coast,Go South Coast 1762 Outbound,Merley - Corfe Hills,price_band_3.2@ChildReturn,3.2
WDBC_6415_Inbound_ChildReturn_a9f4b9e2-e9ea-4456-80e3-47fe03b77367_639196406505178677.xml,WDBC,Go South Coast,Go South Coast 6415 Inbound,St Anns Hospital - Poole Grammar School,price_band_3.4@ChildReturn,3.4
SWWD_3402_Outbound_ChildReturn_a9f4b9e2-e9ea-4456-80e3-47fe03b77367_639196396010784145.xml,SWWD,Go South Coast,Go South Coast 3402 Outbound,Salisbury - Devizes,price_band_4.9@ChildReturn,4.9
BLUS_4020_Outbound_AdultSingle_a9f4b9e2-e9ea-4456-80e3-47fe03b77367_639196402306576709.xml,BLUS,Go South Coast,Go South Coast 4020 Outbound,Southampton - Townhill Park,price_band_2.6@AdultSingle,2.6
WDBC_6903_Outbound_AdultReturn_a9f4b9e2-e9ea-4456-80e3-47fe03b77367_639196407632442021.xml,WDBC,Go South Coast,Go South Coast 6903 Outbound,Swanage - Lulworth,price_band_6.0@AdultReturn,6.0
WDBC_1003_Outbound_AdultSingle_d46597a9-440e-4c13-b49a-76a3986683d1_639196370476328230.xml,WDBC,Go South Coast,Go South Coast 1003 Outbound,Poole - Wimborne,price_band_1.0@AdultSingle,1.0
WDBC_2002_Inbound_AdultSingle_a9f4b9e2-e9ea-4456-80e3-47fe03b77367_639196385036836003.xml,WDBC,Go South Coast,Go South Coast 2002 Inbound,Bournemouth - Lymington,price_band_3.0@AdultSingle,3.0
BLUS_4006_Outbound_AdultSingle_a9f4b9e2-e9ea-4456-80e3-47fe03b77367_639196401286010670.xml,BLUS,Go South Coast,Go South Coast 4006 Outbound,Southampton - Townhill Park,price_band_2.6@AdultSingle,2.6
WDBC_1821_Inbound_AdultReturn_a9f4b9e2-e9ea-4456-80e3-47fe03b77367_639196380789042650.xml,WDBC,Go South Coast,Go South Coast 1821 Inbound,Bournemouth - Burton,price_band_4.7@AdultReturn,4.7
WDBC_6419_Inbound_AdultSingle_a9f4b9e2-e9ea-4456-80e3-47fe03b77367_639196406779974725.xml,WDBC,Go South Coast,Go South Coast 6419 Inbound,Compton Avenue - Poole Grammar,price_band_2.0@AdultSingle,2.0
SWWD_3663_Inbound_AdultReturn_a9f4b9e2-e9ea-4456-80e3-47fe03b77367_639196400019722767.xml,SWWD,Go South Coast,Go South Coast 3663 Inbound,Wilton Road  - Laverstock Schools,price_band_4.5@AdultReturn,4.5
WDBC_1831_Inbound_ChildSingle_2f1f0c04-770d-4707-ab06-213c5a798ad7_639196381226870304.xml,WDBC,Go South Coast,Go South Coast 1831 Inbound,Bournemouth - Hunt Road and Somerford,price_band_1.0@ChildSingle,1.0
TDTR_7046_Outbound_YoungPersonSgl_a9f4b9e2-e9ea-4456-80e3-47fe03b77367_639196408455292338.xml,TDTR,Go South Coast,Go South Coast 7046 Outbound,Swindon - Hungerford,price_band_1.7@YoungPersonSgl,1.7
BLUS_3135_Outbound_AdultSingle_a9f4b9e2-e9ea-4456-80e3-47fe03b77367_639196393324474134.xml,BLUS,Go South Coast,Go South Coast 3135 Outbound,Romsey - Braishfield,price_band_2.5@AdultSingle,2.5
WDBC_1950_Inbound_AdultReturn_a9f4b9e2-e9ea-4456-80e3-47fe03b77367_639196383576385953.xml,WDBC,Go South Coast,Go South Coast 1950 Inbound,Bournemouth - Swanage,price_band_4.7@AdultReturn,4.7
WDBC_1040_Inbound_AdultReturn_a9f4b9e2-e9ea-4456-80e3-47fe03b77367_639196374792359537.xml,WDBC,Go South Coast,Go South Coast 1040 Inbound,Swanage - Poole,price_band_6.0@AdultReturn,6.0
WDBC_1105_Outbound_ChildSingle_2f1f0c04-770d-4707-ab06-213c5a798ad7_639196377282008355.xml,WDBC,Go South Coast,Go South Coast 1105 Outbound,Poole - Tower Park,price_band_1.0@ChildSingle,1.0
WDBC_1069_Outbound_AdultSingle_d46597a9-440e-4c13-b49a-76a3986683d1_639196377151513642.xml,WDBC,Go South Coast,Go South Coast 1069 Outbound,Poole - Poole Anti-Clockwise,price_band_1.0@AdultSingle,1.0
WDBC_1017_Outbound_AdultSingle_a9f4b9e2-e9ea-4456-80e3-47fe03b77367_639196372920461949.xml,WDBC,Go South Coast,Go South Coast 1017 Outbound,Poole - Bournemouth,price_band_2.8@AdultSingle,2.8
WDBC_1003_Inbound_ChildSingle_2f1f0c04-770d-4707-ab06-213c5a798ad7_639196370411361395.xml,WDBC,Go South Coast,Go South Coast 1003 Inbound,Poole - Wimborne,price_band_1.9@ChildSingle,1.9
WDBC_6418_Inbound_ChildReturn_a9f4b9e2-e9ea-4456-80e3-47fe03b77367_639196406697275955.xml,WDBC,Go South Coast,Go South Coast 6418 Inbound,Sandbanks Ferry - Poole Grammar School,price_band_5.7@ChildReturn,5.7
WDBC_3882_Outbound_AdultSingle_a9f4b9e2-e9ea-4456-80e3-47fe03b77367_639196400647091595.xml,WDBC,Go South Coast,Go South Coast 3882 Outbound,Stratford Road Grammar School - Burgate School,price_band_2.3@AdultSingle,2.3
BLUS_4103_Inbound_ChildSingle_a9f4b9e2-e9ea-4456-80e3-47fe03b77367_639196402605960696.xml,BLUS,Go South Coast,Go South Coast 4103 Inbound,Southampton - Eastleigh,price_band_2.5@ChildSingle,2.5
TDTR_3620_Inbound_YoungPersonRtn_a9f4b9e2-e9ea-4456-80e3-47fe03b77367_639196399611303455.xml,TDTR,Go South Coast,Go South Coast 3620 Inbound,Hungerford Priory  - St Johns Sch,price_band_4.5@YoungPersonRtn,4.5
WDBC_2219_Inbound_AdultReturn_a9f4b9e2-e9ea-4456-80e3-47fe03b77367_639196386896952516.xml,WDBC,Go South Coast,Go South Coast 2219 Inbound,Lymington  - New Milton,price_band_5.1@AdultReturn,5.1
TDTR_7048_Outbound_AdultSingle_a9f4b9e2-e9ea-4456-80e3-47fe03b77367_639196408520228081.xml,TDTR,Go South Coast,Go South Coast 7048 Outbound,Swindon - Marlborough,price_band_1.5@AdultSingle,1.5
WDBC_1950_Outbound_ChildSingle_a9f4b9e2-e9ea-4456-80e3-47fe03b77367_639196383874299538.xml,WDBC,Go South Coast,Go South Coast 1950 Outbound,Bournemouth - Swanage,price_band_2.8@ChildSingle,2.8
WDBC_1050_Outbound_AdultSingle_d46597a9-440e-4c13-b49a-76a3986683d1_639196375732733963.xml,WDBC,Go South Coast,Go South Coast 1050 Outbound,Bournemouth Station - Swanage,price_band_2.3@AdultSingle,2.3
BLUS_4011_Inbound_AdultSingle_a9f4b9e2-e9ea-4456-80e3-47fe03b77367_639196401695835844.xml,BLUS,Go South Coast,Go South Coast 4011 Inbound,Southampton - West Totton,price_band_2.6@AdultSingle,2.6
WDBC_2003_Inbound_AdultSingle_d46597a9-440e-4c13-b49a-76a3986683d1_639196385855772675.xml,WDBC,Go South Coast,Go South Coast 2003 Inbound,Salisbury - Bournemouth,price_band_1.0@AdultSingle,1.0
WDBC_2776_Inbound_AdultSingle_a9f4b9e2-e9ea-4456-80e3-47fe03b77367_639196387513063174.xml,WDBC,Go South Coast,Go South Coast 2776 Inbound,Lyndhurst - Priestlands School,price_band_3.0@AdultSingle,3.0
WDBC_8209_Outbound_AdultSingle_a9f4b9e2-e9ea-4456-80e3-47fe03b77367_639196410338766567.xml,WDBC,Go South Coast,Go South Coast 8209 Outbound,Ringwood - Lyndhurst RED,price_band_5.5@AdultSingle,5.5
SWWD_3881_Outbound_ChildSingle_a9f4b9e2-e9ea-4456-80e3-47fe03b77367_639196400609537794.xml,SWWD,Go South Coast,Go South Coast 3881 Outbound,Wilton Road  - Burgate School,price_band_2.3@ChildSingle,2.3
SWWD_3402_Inbound_ChildReturn_a9f4b9e2-e9ea-4456-80e3-47fe03b77367_639196395908099026.xml,SWWD,Go South Coast,Go South Coast 3402 Inbound,Salisbury - Devizes,price_band_4.9@ChildReturn,4.9
WDBC_1021_Inbound_ChildSingle_2f1f0c04-770d-4707-ab06-213c5a798ad7_639196374119904558.xml,WDBC,Go South Coast,Go South Coast 1021 Inbound,Bournemouth - High Howe,price_band_1.0@ChildSingle,1.0
SWWD_7201_Outbound_ChildSingle_a9f4b9e2-e9ea-4456-80e3-47fe03b77367_639196409668297115.xml,SWWD,Go South Coast,Go South Coast 7201 Outbound,Figheldean - Salisbury,price_band_2.6@ChildSingle,2.6
BLUS_2605_Inbound_AdultSingle_a9f4b9e2-e9ea-4456-80e3-47fe03b77367_639196387004593848.xml,BLUS,Go South Coast,Go South Coast 2605 Inbound,Wellow - Brockenhurst College,price_band_5.2@AdultSingle,5.2
DAMY_6487_Inbound_ChildReturn_a9f4b9e2-e9ea-4456-80e3-47fe03b77367_639196407097431280.xml,DAMY,Go South Coast,Go South Coast 6487 Inbound,Blandford - Dorchester,price_band_3.1@ChildReturn,3.1
WDBC_1837_Outbound_ChildSingle_2f1f0c04-770d-4707-ab06-213c5a798ad7_639196381963734747.xml,WDBC,Go South Coast,Go South Coast 1837 Outbound,Bournemouth - Bournemouth International Airport,price_band_1.9@ChildSingle,1.9
TDTR_7046_Inbound_AdultSingle_a9f4b9e2-e9ea-4456-80e3-47fe03b77367_639196408388353117.xml,TDTR,Go South Coast,Go South Coast 7046 Inbound,Swindon - Hungerford,price_band_1.5@AdultSingle,1.5
SWWD_3308_Inbound_AdultReturn_a9f4b9e2-e9ea-4456-80e3-47fe03b77367_639196394603250068.xml,SWWD,Go South Coast,Go South Coast 3308 Inbound,Blue Boar Row - Ditchampton,price_band_5.7@AdultReturn,5.7
WDBC_2953_Outbound_ChildReturn_a9f4b9e2-e9ea-4456-80e3-47fe03b77367_639196388918636375.xml,WDBC,Go South Coast,Go South Coast 2953 Outbound,Salisbury - Ringwood,price_band_3.7@ChildReturn,3.7
WDBC_1806_Outbound_ChildReturn_a9f4b9e2-e9ea-4456-80e3-47fe03b77367_639196379964545373.xml,WDBC,Go South Coast,Go South Coast 1806 Outbound,Bournemouth - Wimborne,price_band_3.4@ChildReturn,3.4
WDBC_1015_Outbound_ChildSingle_a9f4b9e2-e9ea-4456-80e3-47fe03b77367_639196371920220477.xml,WDBC,Go South Coast,Go South Coast 1015 Outbound,Poole - Bournemouth Hospital,price_band_2.8@ChildSingle,2.8
WDBC_1846_Inbound_ChildReturn_a9f4b9e2-e9ea-4456-80e3-47fe03b77367_639196382416227976.xml,WDBC,Go South Coast,Go South Coast 1846 Inbound,Throop - Avonbourne Academy,price_band_5.0@ChildReturn,5.0
TDTR_7046_Inbound_ChildSingle_a9f4b9e2-e9ea-4456-80e3-47fe03b77367_639196408405590139.xml,TDTR,Go South Coast,Go South Coast 7046 Inbound,Swindon - Hungerford,price_band_2.0@ChildSingle,2.0
WDBC_2953_Inbound_AdultReturn_a9f4b9e2-e9ea-4456-80e3-47fe03b77367_639196388747958544.xml,WDBC,Go South Coast,Go South Coast 2953 Inbound,Salisbury - Ringwood,price_band_5.7@AdultReturn,5.7
WDBC_2906_Inbound_AdultSingle_a9f4b9e2-e9ea-4456-80e3-47fe03b77367_639196387599907148.xml,WDBC,Go South Coast,Go South Coast 2906 Inbound,Poole - Ringwood,price_band_2.8@AdultSingle,2.8
SWWD_7901_Outbound_YoungPersonSgl_a9f4b9e2-e9ea-4456-80e3-47fe03b77367_639196410227901857.xml,SWWD,Go South Coast,Go South Coast 7901 Outbound,Devizes - Pewsey DRT,price_band_1.5@YoungPersonSgl,1.5
SWWD_3650_Inbound_AdultSingle_a9f4b9e2-e9ea-4456-80e3-47fe03b77367_639196399966883787.xml,SWWD,Go South Coast,Go South Coast 3650 Inbound,Laverstock Schools  - West Harnham,price_band_3.0@AdultSingle,3.0
WDBC_6047_Outbound_AdultReturn_a9f4b9e2-e9ea-4456-80e3-47fe03b77367_639196406352906636.xml,WDBC,Go South Coast,Go South Coast 6047 Outbound,Ringwood Road - Parkstone Grammar School,price_band_4.4@AdultReturn,4.4
DAMY_6487_Outbound_ChildReturn_a9f4b9e2-e9ea-4456-80e3-47fe03b77367_639196407147859780.xml,DAMY,Go South Coast,Go South Coast 6487 Outbound,Blandford - Dorchester,price_band_6.0@ChildReturn,6.0
TDTR_7012_Outbound_YoungPersonSgl_a9f4b9e2-e9ea-4456-80e3-47fe03b77367_639196408170729275.xml,TDTR,Go South Coast,Go South Coast 7012 Outbound,Oakhurst - Great Western Hospital,price_band_1.8@YoungPersonSgl,1.8
BLUS_3135_Inbound_AdultSingle_a9f4b9e2-e9ea-4456-80e3-47fe03b77367_639196393307703675.xml,BLUS,Go South Coast,Go South Coast 3135 Inbound,Romsey - Braishfield,price_band_3.0@AdultSingle,3.0
WDBC_1788_Inbound_ChildReturn_a9f4b9e2-e9ea-4456-80e3-47fe03b77367_639196379244026628.xml,WDBC,Go South Coast,Go South Coast 1788 Inbound,Walkford - Bournemouth School for Girls,price_band_5.4@ChildReturn,5.4
SWWD_3407_Outbound_AdultSingle_eed5e2e8-c472-41af-825e-db09ec887334_639196397700142334.xml,SWWD,Go South Coast,Go South Coast 3407 Outbound,Salisbury - Southampton,price_band_2.8@AdultSingle,2.8
WDBC_1951_Outbound_AdultReturn_a9f4b9e2-e9ea-4456-80e3-47fe03b77367_639196384191807946.xml,WDBC,Go South Coast,Go South Coast 1951 Outbound,Bournemouth - Sandbanks,price_band_4.7@AdultReturn,4.7
WDBC_6419_Outbound_ChildReturn_a9f4b9e2-e9ea-4456-80e3-47fe03b77367_639196406818586499.xml,WDBC,Go South Coast,Go South Coast 6419 Outbound,Compton Avenue - Poole Grammar,price_band_2.4@ChildReturn,2.4
WDBC_1950_Outbound_ChildReturn_a9f4b9e2-e9ea-4456-80e3-47fe03b77367_639196383897377725.xml,WDBC,Go South Coast,Go South Coast 1950 Outbound,Bournemouth - Swanage,price_band_5.1@ChildReturn,5.1
WDBC_1805_Outbound_ChildSingle_a9f4b9e2-e9ea-4456-80e3-47fe03b77367_639196379808489733.xml,WDBC,Go South Coast,Go South Coast 1805 Outbound,Bournemouth - Kinson,price_band_2.3@ChildSingle,2.3
DAMY_6006_Outbound_ChildSingle_a9f4b9e2-e9ea-4456-80e3-47fe03b77367_639196405938981570.xml,DAMY,Go South Coast,Go South Coast 6006 Outbound,Dorchester - Poundbury,price_band_2.3@ChildSingle,2.3
WDBC_1725_Outbound_ChildSingle_a9f4b9e2-e9ea-4456-80e3-47fe03b77367_639196379025529781.xml,WDBC,Go South Coast,Go South Coast 1725 Outbound,Wareham - Lytchett Minster School,price_band_2.1@ChildSingle,2.1
WDBC_6416_Inbound_ChildReturn_a9f4b9e2-e9ea-4456-80e3-47fe03b77367_639196406612122695.xml,WDBC,Go South Coast,Go South Coast 6416 Inbound,Penn Hill Avenue  - Poole Grammar School,price_band_2.9@ChildReturn,2.9
WDBC_1068_Outbound_AdultSingle_d46597a9-440e-4c13-b49a-76a3986683d1_639196377012419171.xml,WDBC,Go South Coast,Go South Coast 1068 Outbound,Poole - Poole Clockwise,price_band_1.0@AdultSingle,1.0
WDBC_1831_Outbound_ChildReturn_a9f4b9e2-e9ea-4456-80e3-47fe03b77367_639196381356634629.xml,WDBC,Go South Coast,Go South Coast 1831 Outbound,Bournemouth - Hunt Road and Somerford,price_band_3.7@ChildReturn,3.7
SWWD_3303_Inbound_ChildSingle_a9f4b9e2-e9ea-4456-80e3-47fe03b77367_639196394405323604.xml,SWWD,Go South Coast,Go South Coast 3303 Inbound,City Centre - Ditchampton,price_band_2.3@ChildSingle,2.3
UNIL_4709_Outbound_ChildSingle_eed5e2e8-c472-41af-825e-db09ec887334_639196403169078195.xml,UNIL,Go South Coast,Go South Coast 4709 Outbound,Townhill Park - General Hospital,price_band_1.0@ChildSingle,1.0
SWWD_3008_Outbound_AdultSingle_a9f4b9e2-e9ea-4456-80e3-47fe03b77367_639196390878122931.xml,SWWD,Go South Coast,Go South Coast 3008 Outbound,Salisbury - Zouch Estate,price_band_3.0@AdultSingle,3.0
WDBC_2953_Inbound_ChildReturn_a9f4b9e2-e9ea-4456-80e3-47fe03b77367_639196388696796653.xml,WDBC,Go South Coast,Go South Coast 2953 Inbound,Salisbury - Ringwood,price_band_2.5@ChildReturn,2.5
WDBC_1170_Outbound_ChildSingle_a9f4b9e2-e9ea-4456-80e3-47fe03b77367_639196378486419292.xml,WDBC,Go South Coast,Go South Coast 1170 Outbound,Rockley Park - Hengistbury Head,price_band_3.0@ChildSingle,3.0
SVCT_5263_Outbound_YoungAdSingle_a9f4b9e2-e9ea-4456-80e3-47fe03b77367_639196405627520847.xml,SVCT,Go South Coast,Go South Coast 5263 Outbound,Newport - Ventnor,price_band_3.0@YoungAdSingle,3.0
BLUS_4013_Outbound_ChildSingle_a9f4b9e2-e9ea-4456-80e3-47fe03b77367_639196401826258695.xml,BLUS,Go South Coast,Go South Coast 4013 Outbound,Southampton - Harefield,price_band_2.1@ChildSingle,2.1
BLUS_8438_Outbound_AdultSingle_a9f4b9e2-e9ea-4456-80e3-47fe03b77367_639196410461754451.xml,BLUS,Go South Coast,Go South Coast 8438 Outbound,Winchester - Petersfield,price_band_3.0@AdultSingle,3.0
WDBC_1001_Outbound_ChildReturn_a9f4b9e2-e9ea-4456-80e3-47fe03b77367_639196369508013809.xml,WDBC,Go South Coast,Go South Coast 1001 Outbound,Poole - Bournemouth Hospital,price_band_3.1@ChildReturn,3.1
TDTR_7046_Outbound_AdultSingle_a9f4b9e2-e9ea-4456-80e3-47fe03b77367_639196408426620170.xml,TDTR,Go South Coast,Go South Coast 7046 Outbound,Swindon - Hungerford,price_band_2.1@AdultSingle,2.1
WDBC_6415_Outbound_AdultSingle_a9f4b9e2-e9ea-4456-80e3-47fe03b77367_639196406551733639.xml,WDBC,Go South Coast,Go South Coast 6415 Outbound,St Anns Hospital - Poole Grammar School,price_band_2.8@AdultSingle,2.8
WDBC_2775_Inbound_ChildSingle_a9f4b9e2-e9ea-4456-80e3-47fe03b77367_639196387496783052.xml,WDBC,Go South Coast,Go South Coast 2775 Inbound,Milford on Sea - Priestlands School,price_band_3.0@ChildSingle,3.0
TDTR_7011_Outbound_YoungPersonSgl_a9f4b9e2-e9ea-4456-80e3-47fe03b77367_639196408141562782.xml,TDTR,Go South Coast,Go South Coast 7011 Outbound,Taw Hill - Middle Wichel,price_band_1.8@YoungPersonSgl,1.8
SWWD_3044_Outbound_AdultReturn_a9f4b9e2-e9ea-4456-80e3-47fe03b77367_639196391677734087.xml,SWWD,Go South Coast,Go South Coast 3044 Outbound,Salisbury - Woodfalls,price_band_4.5@AdultReturn,4.5
SWWD_3029_Outbound_AdultReturn_a9f4b9e2-e9ea-4456-80e3-47fe03b77367_639196391434760536.xml,SWWD,Go South Coast,Go South Coast 3029 Outbound,Salisbury - Shaftesbury,price_band_5.7@AdultReturn,5.7
WDBC_1931_Outbound_AdultReturn_a9f4b9e2-e9ea-4456-80e3-47fe03b77367_639196383520967748.xml,WDBC,Go South Coast,Go South Coast 1931 Outbound,Wool - Lulworth,price_band_4.2@AdultReturn,4.2
BLUS_4504_Outbound_AdultSingle_a9f4b9e2-e9ea-4456-80e3-47fe03b77367_639196402989459241.xml,BLUS,Go South Coast,Go South Coast 4504 Outbound,Lordshill - Mountbatten School,price_band_3.0@AdultSingle,3.0
WDBC_1762_Outbound_ChildReturn_a9f4b9e2-e9ea-4456-80e3-47fe03b77367_639196379183472900.xml,WDBC,Go South Coast,Go South Coast 1762 Outbound,Merley - Corfe Hills,price_band_2.6@ChildReturn,2.6
WDBC_6903_Inbound_ChildReturn_a9f4b9e2-e9ea-4456-80e3-47fe03b77367_639196407501779126.xml,WDBC,Go South Coast,Go South Coast 6903 Inbound,Swanage - Lulworth,price_band_4.6@ChildReturn,4.6
WDBC_1789_Inbound_ChildReturn_a9f4b9e2-e9ea-4456-80e3-47fe03b77367_639196379325905462.xml,WDBC,Go South Coast,Go South Coast 1789 Inbound,Bournemouth School for Girls - Lymington,price_band_4.7@ChildReturn,4.7
WDBC_1053_Inbound_ChildSingle_2f1f0c04-770d-4707-ab06-213c5a798ad7_639196376182498982.xml,WDBC,Go South Coast,Go South Coast 1053 Inbound,Bournemouth - Wimborne,price_band_1.0@ChildSingle,1.0
WDBC_1003_Inbound_ChildSingle_d46597a9-440e-4c13-b49a-76a3986683d1_639196370420901638.xml,WDBC,Go South Coast,Go South Coast 1003 Inbound,Poole - Wimborne,price_band_1.9@ChildSingle,1.9
BLUS_4566_Inbound_ChildReturn_a9f4b9e2-e9ea-4456-80e3-47fe03b77367_639196403047179075.xml,BLUS,Go South Coast,Go South Coast 4566 Inbound,Aldermoor - St Georges,price_band_2.6@ChildReturn,2.6
WDBC_1060_Outbound_ChildReturn_a9f4b9e2-e9ea-4456-80e3-47fe03b77367_639196376851886583.xml,WDBC,Go South Coast,Go South Coast 1060 Outbound,Rockley - Sandbanks,price_band_3.1@ChildReturn,3.1
WDBC_8409_Outbound_AdultSingle_a9f4b9e2-e9ea-4456-80e3-47fe03b77367_639196410420358607.xml,WDBC,Go South Coast,Go South Coast 8409 Outbound,Lyndhurst - Exbury GREEN,price_band_2.5@AdultSingle,2.5
SVCT_5259_Inbound_AdultSingle_a9f4b9e2-e9ea-4456-80e3-47fe03b77367_639196405585395767.xml,SVCT,Go South Coast,Go South Coast 5259 Inbound,Carisbrooke - Bembridge,price_band_3.0@AdultSingle,3.0
SWWD_3517_Outbound_ChildSingle_a9f4b9e2-e9ea-4456-80e3-47fe03b77367_639196399396120341.xml,SWWD,Go South Coast,Go South Coast 3517 Outbound,New Canal  - Lopcombe Corner,price_band_2.3@ChildSingle,2.3
SWWD_3029_Outbound_AdultSingle_a9f4b9e2-e9ea-4456-80e3-47fe03b77367_639196391412426095.xml,SWWD,Go South Coast,Go South Coast 3029 Outbound,Salisbury - Shaftesbury,price_band_2.9@AdultSingle,2.9
SWWD_3402_Inbound_ChildReturn_a9f4b9e2-e9ea-4456-80e3-47fe03b77367_639196395908099026.xml,SWWD,Go South Coast,Go South Coast 3402 Inbound,Salisbury - Devizes,price_band_3.8@ChildReturn,3.8
BLUS_4503_Inbound_AdultSingle_a9f4b9e2-e9ea-4456-80e3-47fe03b77367_639196402956408884.xml,BLUS,Go South Coast,Go South Coast 4503 Inbound,Valley Park - Thornden,price_band_2.5@AdultSingle,2.5
WDBC_1642_Outbound_ChildSingle_2f1f0c04-770d-4707-ab06-213c5a798ad7_639196378857017933.xml,WDBC,Go South Coast,Go South Coast 1642 Outbound,Poole  - Talbot Campus,price_band_1.0@ChildSingle,1.0
WDBC_1744_Inbound_ChildSingle_a9f4b9e2-e9ea-4456-80e3-47fe03b77367_639196379101636138.xml,WDBC,Go South Coast,Go South Coast 1744 Inbound,Old Town - South Road Middle,price_band_2.7@ChildSingle,2.7
TDTR_3820_Outbound_ChildReturn_a9f4b9e2-e9ea-4456-80e3-47fe03b77367_639196400559854465.xml,TDTR,Go South Coast,Go South Coast 3820 Outbound,Marlborough - Newbury,price_band_3.6@ChildReturn,3.6
WDBC_6448_Inbound_ChildSingle_a9f4b9e2-e9ea-4456-80e3-47fe03b77367_639196406849977314.xml,WDBC,Go South Coast,Go South Coast 6448 Inbound,Furnell Road - Parkstone Grammar,price_band_1.9@ChildSingle,1.9
SWWD_3138_Outbound_ChildSingle_a9f4b9e2-e9ea-4456-80e3-47fe03b77367_639196393553094397.xml,SWWD,Go South Coast,Go South Coast 3138 Outbound,West Dean  - Laverstock & Grammar,price_band_1.9@ChildSingle,1.9
WDBC_1821_Outbound_ChildReturn_a9f4b9e2-e9ea-4456-80e3-47fe03b77367_639196381060424746.xml,WDBC,Go South Coast,Go South Coast 1821 Outbound,Bournemouth - Burton,price_band_2.8@ChildReturn,2.8
DAMY_6920_Outbound_ChildReturn_a9f4b9e2-e9ea-4456-80e3-47fe03b77367_639196407818029503.xml,DAMY,Go South Coast,Go South Coast 6920 Outbound,Salisbury - Steam Fair,price_band_4.6@ChildReturn,4.6
WDBC_1642_Inbound_UniIDSingle_a9f4b9e2-e9ea-4456-80e3-47fe03b77367_639196378788262553.xml,WDBC,Go South Coast,Go South Coast 1642 Inbound,Poole  - Talbot Campus,price_band_2.0@UniIDSingle,2.0
WDBC_1644_Inbound_ChildSingle_a9f4b9e2-e9ea-4456-80e3-47fe03b77367_639196378937005092.xml,WDBC,Go South Coast,Go South Coast 1644 Inbound,Westbourne - Talbot Campus,price_band_2.2@ChildSingle,2.2
SWWD_3511_Outbound_AdultSingle_a9f4b9e2-e9ea-4456-80e3-47fe03b77367_639196399120434177.xml,SWWD,Go South Coast,Go South Coast 3511 Outbound,Blue Boar Row - Old Sarum,price_band_3.0@AdultSingle,3.0
SWWD_3677_Inbound_ChildSingle_a9f4b9e2-e9ea-4456-80e3-47fe03b77367_639196400150224090.xml,SWWD,Go South Coast,Go South Coast 3677 Inbound,Stratford Road Grammar School - West Wellow,price_band_2.9@ChildSingle,2.9
WDBC_1032_Inbound_AdultReturn_a9f4b9e2-e9ea-4456-80e3-47fe03b77367_639196374272656837.xml,WDBC,Go South Coast,Go South Coast 1032 Inbound,Poole - Bournemouth,price_band_4.8@AdultReturn,4.8
BLUS_4005_Outbound_ChildReturn_a9f4b9e2-e9ea-4456-80e3-47fe03b77367_639196401240242442.xml,BLUS,Go South Coast,Go South Coast 4005 Outbound,Boyatt Wood - Romsey,price_band_4.0@ChildReturn,4.0
BLUS_4001_Inbound_AdultReturn_a9f4b9e2-e9ea-4456-80e3-47fe03b77367_639196400946055148.xml,BLUS,Go South Coast,Go South Coast 4001 Inbound,Southampton - Winchester,price_band_4.9@AdultReturn,4.9
SVCT_5103_Inbound_ChildSingle_a9f4b9e2-e9ea-4456-80e3-47fe03b77367_639196404851672867.xml,SVCT,Go South Coast,Go South Coast 5103 Inbound,Ryde  - Newport,price_band_3.0@ChildSingle,3.0
WDBC_2186_Inbound_AdultSingle_a9f4b9e2-e9ea-4456-80e3-47fe03b77367_639196386687841833.xml,WDBC,Go South Coast,Go South Coast 2186 Inbound,Southampton - Lymington,price_band_3.0@AdultSingle,3.0
SWWD_3886_Outbound_AdultSingle_a9f4b9e2-e9ea-4456-80e3-47fe03b77367_639196400888306245.xml,SWWD,Go South Coast,Go South Coast 3886 Outbound,St Peters Place  - Burgate School,price_band_2.2@AdultSingle,2.2
BLUS_4008_Outbound_AdultSingle_a9f4b9e2-e9ea-4456-80e3-47fe03b77367_639196401470948784.xml,BLUS,Go South Coast,Go South Coast 4008 Outbound,Southampton - Hythe,price_band_2.5@AdultSingle,2.5
WDBC_1908_Outbound_ChildSingle_d46597a9-440e-4c13-b49a-76a3986683d1_639196383504614848.xml,WDBC,Go South Coast,Go South Coast 1908 Outbound,Poole - Blandford,price_band_2.8@ChildSingle,2.8
SWWD_3495_Outbound_AdultSingle_a9f4b9e2-e9ea-4456-80e3-47fe03b77367_639196399028471300.xml,SWWD,Go South Coast,Go South Coast 3495 Outbound,Swindon - Pewsey,price_band_3.0@AdultSingle,3.0
WDBC_1806_Inbound_AdultReturn_a9f4b9e2-e9ea-4456-80e3-47fe03b77367_639196379860696326.xml,WDBC,Go South Coast,Go South Coast 1806 Inbound,Bournemouth - Wimborne,price_band_4.2@AdultReturn,4.2
BLUS_4014_Outbound_AdultReturn_a9f4b9e2-e9ea-4456-80e3-47fe03b77367_639196401885966456.xml,BLUS,Go South Coast,Go South Coast 4014 Outbound,Southampton - Hedge End,price_band_4.2@AdultReturn,4.2
SWWD_7201_Outbound_ChildReturn_a9f4b9e2-e9ea-4456-80e3-47fe03b77367_639196409679715329.xml,SWWD,Go South Coast,Go South Coast 7201 Outbound,Figheldean - Salisbury,price_band_3.9@ChildReturn,3.9
WDBC_1833_Inbound_ChildSingle_2f1f0c04-770d-4707-ab06-213c5a798ad7_639196381647679889.xml,WDBC,Go South Coast,Go South Coast 1833 Inbound,Alum Chine - Castlepoint,price_band_1.0@ChildSingle,1.0
WDBC_1010_Outbound_ChildReturn_a9f4b9e2-e9ea-4456-80e3-47fe03b77367_639196370973107163.xml,WDBC,Go South Coast,Go South Coast 1010 Outbound,Poole - Lytchett Matravers,price_band_2.8@ChildReturn,2.8
WDBC_1020_Outbound_ChildReturn_a9f4b9e2-e9ea-4456-80e3-47fe03b77367_639196373769580077.xml,WDBC,Go South Coast,Go South Coast 1020 Outbound,Poole - Christchurch,price_band_3.7@ChildReturn,3.7
SWWD_3675_Inbound_AdultSingle_a9f4b9e2-e9ea-4456-80e3-47fe03b77367_639196400080226521.xml,SWWD,Go South Coast,Go South Coast 3675 Inbound,Castle Road - Amesbury,price_band_2.3@AdultSingle,2.3
TDTR_3820_Inbound_AdultSingle_a9f4b9e2-e9ea-4456-80e3-47fe03b77367_639196400537447189.xml,TDTR,Go South Coast,Go South Coast 3820 Inbound,Marlborough - Newbury,price_band_2.2@AdultSingle,2.2
WDBC_6450_Outbound_AdultReturn_a9f4b9e2-e9ea-4456-80e3-47fe03b77367_639196407013172864.xml,WDBC,Go South Coast,Go South Coast 6450 Outbound,Wallisdown - Parkstone Grammar,price_band_3.8@AdultReturn,3.8
TDTR_7180_Inbound_YoungPersonSgl_a9f4b9e2-e9ea-4456-80e3-47fe03b77367_639196409516467218.xml,TDTR,Go South Coast,Go South Coast 7180 Inbound,Marlborough - Ludgershall,price_band_1.6@YoungPersonSgl,1.6
WDBC_2001_Inbound_AdultReturn_a9f4b9e2-e9ea-4456-80e3-47fe03b77367_639196384273526245.xml,WDBC,Go South Coast,Go South Coast 2001 Inbound,Bournemouth - Lymington,price_band_4.7@AdultReturn,4.7
TDTR_7180_Inbound_YoungPersonRtn_a9f4b9e2-e9ea-4456-80e3-47fe03b77367_639196409480175907.xml,TDTR,Go South Coast,Go South Coast 7180 Inbound,Marlborough - Ludgershall,price_band_5.8@YoungPersonRtn,5.8
DAMY_6020_Outbound_AdultReturn_a9f4b9e2-e9ea-4456-80e3-47fe03b77367_639196406128778219.xml,DAMY,Go South Coast,Go South Coast 6020 Outbound,Salisbury - Blandford,price_band_5.1@AdultReturn,5.1
SVCT_8503_Outbound_ChildSingle_a9f4b9e2-e9ea-4456-80e3-47fe03b77367_639196410654466348.xml,SVCT,Go South Coast,Go South Coast 8503 Outbound,Needles - Breezer,price_band_4.2@ChildSingle,4.2
BLUS_4014_Outbound_AdultSingle_a9f4b9e2-e9ea-4456-80e3-47fe03b77367_639196401880614465.xml,BLUS,Go South Coast,Go South Coast 4014 Outbound,Southampton - Hedge End,price_band_2.6@AdultSingle,2.6
TDTR_7076_Outbound_YoungPersonRtn_a9f4b9e2-e9ea-4456-80e3-47fe03b77367_639196408736218992.xml,TDTR,Go South Coast,Go South Coast 7076 Outbound,Marlborough - Bath,price_band_4.0@YoungPersonRtn,4.0
BLUS_4011_Outbound_ChildReturn_a9f4b9e2-e9ea-4456-80e3-47fe03b77367_639196401720298229.xml,BLUS,Go South Coast,Go South Coast 4011 Outbound,Southampton - West Totton,price_band_2.6@ChildReturn,2.6
WDBC_8600_Inbound_AdultReturn_a9f4b9e2-e9ea-4456-80e3-47fe03b77367_639196410819065047.xml,WDBC,Go South Coast,Go South Coast 8600 Inbound,Kings Park - Boscombe Pier,price_band_1.5@AdultReturn,1.5
SWWD_3645_Outbound_ChildReturn_a9f4b9e2-e9ea-4456-80e3-47fe03b77367_639196399905237155.xml,SWWD,Go South Coast,Go South Coast 3645 Outbound,Stratford Road Grammar School - Hamptworth Cuckoo,price_band_4.9@ChildReturn,4.9
WDBC_2633_Inbound_AdultSingle_a9f4b9e2-e9ea-4456-80e3-47fe03b77367_639196387404256464.xml,WDBC,Go South Coast,Go South Coast 2633 Inbound,Wimborne - Brockenhurst College,price_band_2.0@AdultSingle,2.0
SWWD_3011_Outbound_AdultReturn_a9f4b9e2-e9ea-4456-80e3-47fe03b77367_639196391218005449.xml,SWWD,Go South Coast,Go South Coast 3011 Outbound,City Centre - Old Sarum,price_band_4.2@AdultReturn,4.2
WDBC_1903_Inbound_ChildSingle_d46597a9-440e-4c13-b49a-76a3986683d1_639196383271165900.xml,WDBC,Go South Coast,Go South Coast 1903 Inbound,Poole - Wimborne,price_band_2.3@ChildSingle,2.3
DAMY_6920_Inbound_ChildReturn_a9f4b9e2-e9ea-4456-80e3-47fe03b77367_639196407771189759.xml,DAMY,Go South Coast,Go South Coast 6920 Inbound,Salisbury - Steam Fair,price_band_4.9@ChildReturn,4.9
WDBC_1908_Outbound_AdultReturn_a9f4b9e2-e9ea-4456-80e3-47fe03b77367_639196383472494660.xml,WDBC,Go South Coast,Go South Coast 1908 Outbound,Poole - Blandford,price_band_5.1@AdultReturn,5.1
SWWD_3087_Inbound_ChildReturn_a9f4b9e2-e9ea-4456-80e3-47fe03b77367_639196391743039552.xml,SWWD,Go South Coast,Go South Coast 3087 Inbound,South Wilts Grammar School - Lopcombe Corner,price_band_2.5@ChildReturn,2.5
BLUS_4424_Inbound_ChildReturn_a9f4b9e2-e9ea-4456-80e3-47fe03b77367_639196402889552044.xml,BLUS,Go South Coast,Go South Coast 4424 Inbound,Eastleigh - Hedge End,price_band_2.6@ChildReturn,2.6
TDTR_7061_Inbound_AdultSingle_a9f4b9e2-e9ea-4456-80e3-47fe03b77367_639196408608005271.xml,TDTR,Go South Coast,Go South Coast 7061 Inbound,Great Western Hospital - Middleleaze,price_band_3.0@AdultSingle,3.0
WDBC_2956_Inbound_ChildSingle_d46597a9-440e-4c13-b49a-76a3986683d1_639196389594352455.xml,WDBC,Go South Coast,Go South Coast 2956 Inbound,Ringwood - Bournemouth,price_band_3.0@ChildSingle,3.0
SWWD_3040_Inbound_AdultSingle_a9f4b9e2-e9ea-4456-80e3-47fe03b77367_639196391498399089.xml,SWWD,Go South Coast,Go South Coast 3040 Inbound,Salisbury - Woodfalls,price_band_2.3@AdultSingle,2.3
WDBC_2002_Outbound_AdultReturn_a9f4b9e2-e9ea-4456-80e3-47fe03b77367_639196385363795459.xml,WDBC,Go South Coast,Go South Coast 2002 Outbound,Bournemouth - Lymington,price_band_4.5@AdultReturn,4.5
TDTR_7120_Inbound_AdultReturn_a9f4b9e2-e9ea-4456-80e3-47fe03b77367_639196408956574165.xml,TDTR,Go South Coast,Go South Coast 7120 Inbound,Marlborough - Hungerford,price_band_4.0@AdultReturn,4.0
SWWD_3326_Inbound_ChildReturn_a9f4b9e2-e9ea-4456-80e3-47fe03b77367_639196395157852986.xml,SWWD,Go South Coast,Go South Coast 3326 Inbound,Salisbury - Hindon,price_band_6.0@ChildReturn,6.0
BLUS_4028_Outbound_AdultSingle_a9f4b9e2-e9ea-4456-80e3-47fe03b77367_639196402567708313.xml,BLUS,Go South Coast,Go South Coast 4028 Outbound,Southampton - Southampton Science Park,price_band_2.6@AdultSingle,2.6
TDTR_7067_Inbound_AdultSingle_a9f4b9e2-e9ea-4456-80e3-47fe03b77367_639196408656790367.xml,TDTR,Go South Coast,Go South Coast 7067 Inbound,Penhill - Park South,price_band_2.2@AdultSingle,2.2
WDBC_6715_Outbound_ChildSingle_a9f4b9e2-e9ea-4456-80e3-47fe03b77367_639196407376224299.xml,WDBC,Go South Coast,Go South Coast 6715 Outbound,Verwood - QE School,price_band_6.0@ChildSingle,6.0
WDBC_1641_Outbound_AdultSingle_d46597a9-440e-4c13-b49a-76a3986683d1_639196378767748460.xml,WDBC,Go South Coast,Go South Coast 1641 Outbound,Dorchester House  - Talbot Campus,price_band_1.0@AdultSingle,1.0
DAMY_6505_Outbound_AdultSingle_a9f4b9e2-e9ea-4456-80e3-47fe03b77367_639196407204943262.xml,DAMY,Go South Coast,Go South Coast 6505 Outbound,Weymouth - Dorchester,price_band_3.0@AdultSingle,3.0
TDTR_7259_Inbound_YoungPersonSgl_a9f4b9e2-e9ea-4456-80e3-47fe03b77367_639196409740311280.xml,TDTR,Go South Coast,Go South Coast 7259 Inbound,Town Centre - Ridgeway School,price_band_2.6@YoungPersonSgl,2.6
TDTR_7012_Inbound_AdultSingle_a9f4b9e2-e9ea-4456-80e3-47fe03b77367_639196408149481650.xml,TDTR,Go South Coast,Go South Coast 7012 Inbound,Oakhurst - Great Western Hospital,price_band_2.8@AdultSingle,2.8
SWWD_3125_Outbound_ChildSingle_a9f4b9e2-e9ea-4456-80e3-47fe03b77367_639196392967358719.xml,SWWD,Go South Coast,Go South Coast 3125 Outbound,South Wilts Grammar School - Hindon,price_band_2.2@ChildSingle,2.2
SWWD_2615_Outbound_AdultSingle_a9f4b9e2-e9ea-4456-80e3-47fe03b77367_639196387187302723.xml,SWWD,Go South Coast,Go South Coast 2615 Outbound,Salisbury  - Brockenhurst College,price_band_1.9@AdultSingle,1.9
BLUS_3634_Inbound_ChildReturn_a9f4b9e2-e9ea-4456-80e3-47fe03b77367_639196399668588501.xml,BLUS,Go South Coast,Go South Coast 3634 Inbound,East Wellow  - Romsey School,price_band_4.6@ChildReturn,4.6
SWWD_7086_Inbound_ChildSingle_a9f4b9e2-e9ea-4456-80e3-47fe03b77367_639196408880355462.xml,SWWD,Go South Coast,Go South Coast 7086 Inbound,Ansty - Shaftesbury,price_band_2.0@ChildSingle,2.0
BLUS_4119_Outbound_ChildSingle_f15d1b06-486f-433a-8991-95f1a97a87e0_639196402778838397.xml,BLUS,Go South Coast,Go South Coast 4119 Outbound,Thornhill - Lordshill,price_band_1.0@ChildSingle,1.0
WDBC_1003_Inbound_AdultSingle_d46597a9-440e-4c13-b49a-76a3986683d1_639196370402684632.xml,WDBC,Go South Coast,Go South Coast 1003 Inbound,Poole - Wimborne,price_band_3.0@AdultSingle,3.0
SWWD_3507_Inbound_AdultReturn_a9f4b9e2-e9ea-4456-80e3-47fe03b77367_639196399034414596.xml,SWWD,Go South Coast,Go South Coast 3507 Inbound,City Centre - Lopcombe Corner,price_band_4.2@AdultReturn,4.2
WDBC_1050_Inbound_AdultReturn_a9f4b9e2-e9ea-4456-80e3-47fe03b77367_639196375470037211.xml,WDBC,Go South Coast,Go South Coast 1050 Inbound,Bournemouth Station - Swanage,price_band_4.2@AdultReturn,4.2
WDBC_1831_Outbound_ChildSingle_a9f4b9e2-e9ea-4456-80e3-47fe03b77367_639196381315872156.xml,WDBC,Go South Coast,Go South Coast 1831 Outbound,Bournemouth - Hunt Road and Somerford,price_band_2.8@ChildSingle,2.8
WDBC_1841_Inbound_AdultSingle_2f1f0c04-770d-4707-ab06-213c5a798ad7_639196382043767172.xml,WDBC,Go South Coast,Go South Coast 1841 Inbound,Bournemouth - Mudeford and Somerford,price_band_1.0@AdultSingle,1.0
WDBC_1054_Outbound_AdultSingle_2f1f0c04-770d-4707-ab06-213c5a798ad7_639196376685659415.xml,WDBC,Go South Coast,Go South Coast 1054 Outbound,Poole - Wimborne,price_band_2.2@AdultSingle,2.2
WDBC_6416_Outbound_ChildSingle_a9f4b9e2-e9ea-4456-80e3-47fe03b77367_639196406660001858.xml,WDBC,Go South Coast,Go South Coast 6416 Outbound,Penn Hill Avenue  - Poole Grammar School,price_band_2.4@ChildSingle,2.4
WDBC_1789_Outbound_AdultReturn_a9f4b9e2-e9ea-4456-80e3-47fe03b77367_639196379362514665.xml,WDBC,Go South Coast,Go South Coast 1789 Outbound,Bournemouth School for Girls - Lymington,price_band_7.6@AdultReturn,7.6
SWWD_3088_Outbound_ChildSingle_a9f4b9e2-e9ea-4456-80e3-47fe03b77367_639196391954079983.xml,SWWD,Go South Coast,Go South Coast 3088 Outbound,Salisbury - Winterslow Gunville Stockbridge Turn,price_band_2.3@ChildSingle,2.3
SWWD_3495_Outbound_AdultReturn_a9f4b9e2-e9ea-4456-80e3-47fe03b77367_639196398985590044.xml,SWWD,Go South Coast,Go South Coast 3495 Outbound,Swindon - Pewsey,price_band_6.0@AdultReturn,6.0
WDBC_6419_Inbound_ChildReturn_a9f4b9e2-e9ea-4456-80e3-47fe03b77367_639196406787885234.xml,WDBC,Go South Coast,Go South Coast 6419 Inbound,Compton Avenue - Poole Grammar,price_band_3.3@ChildReturn,3.3
SWWD_3667_Inbound_AdultSingle_a9f4b9e2-e9ea-4456-80e3-47fe03b77367_639196400051372880.xml,SWWD,Go South Coast,Go South Coast 3667 Inbound,Wilton & Barford Primary Sch  - Fugglestone,price_band_2.0@AdultSingle,2.0
WDBC_2024_Inbound_AdultReturn_a9f4b9e2-e9ea-4456-80e3-47fe03b77367_639196386219976029.xml,WDBC,Go South Coast,Go South Coast 2024 Inbound,Castlepoint - Christchurch,price_band_4.2@AdultReturn,4.2
BLUS_4021_Outbound_AdultSingle_eed5e2e8-c472-41af-825e-db09ec887334_639196402369939950.xml,BLUS,Go South Coast,Go South Coast 4021 Outbound,Southampton - Lordshill,price_band_1.0@AdultSingle,1.0
WDBC_1950_Outbound_ChildSingle_2f1f0c04-770d-4707-ab06-213c5a798ad7_639196384045180142.xml,WDBC,Go South Coast,Go South Coast 1950 Outbound,Bournemouth - Swanage,price_band_1.9@ChildSingle,1.9
BLUS_4005_Inbound_ChildSingle_a9f4b9e2-e9ea-4456-80e3-47fe03b77367_639196401207736379.xml,BLUS,Go South Coast,Go South Coast 4005 Inbound,Boyatt Wood - Romsey,price_band_2.5@ChildSingle,2.5
SWWD_3326_Inbound_ChildReturn_a9f4b9e2-e9ea-4456-80e3-47fe03b77367_639196395157852986.xml,SWWD,Go South Coast,Go South Coast 3326 Inbound,Salisbury - Hindon,price_band_2.7@ChildReturn,2.7
SWWD_3675_Inbound_AdultReturn_a9f4b9e2-e9ea-4456-80e3-47fe03b77367_639196400099596482.xml,SWWD,Go South Coast,Go South Coast 3675 Inbound,Castle Road - Amesbury,price_band_4.9@AdultReturn,4.9
SWWD_3651_Outbound_AdultReturn_a9f4b9e2-e9ea-4456-80e3-47fe03b77367_639196400003240105.xml,SWWD,Go South Coast,Go South Coast 3651 Outbound,Avon Valley College - Sling,price_band_4.2@AdultReturn,4.2
WDBC_2620_Outbound_AdultReturn_a9f4b9e2-e9ea-4456-80e3-47fe03b77367_639196387347166763.xml,WDBC,Go South Coast,Go South Coast 2620 Outbound,Thorney Hill - Brockenhurst College,price_band_7.6@AdultReturn,7.6
WDBC_1003_Inbound_ChildSingle_2f1f0c04-770d-4707-ab06-213c5a798ad7_639196370411361395.xml,WDBC,Go South Coast,Go South Coast 1003 Inbound,Poole - Wimborne,price_band_2.3@ChildSingle,2.3
SWWD_3677_Outbound_AdultReturn_a9f4b9e2-e9ea-4456-80e3-47fe03b77367_639196400212676734.xml,SWWD,Go South Coast,Go South Coast 3677 Outbound,Stratford Road Grammar School - West Wellow,price_band_6.0@AdultReturn,6.0
SWWD_3451_Outbound_ChildReturn_a9f4b9e2-e9ea-4456-80e3-47fe03b77367_639196397922008390.xml,SWWD,Go South Coast,Go South Coast 3451 Outbound,Salisbury - Sling - Larkhill,price_band_6.0@ChildReturn,6.0
TDTR_7180_Outbound_YoungPersonSgl_a9f4b9e2-e9ea-4456-80e3-47fe03b77367_639196409581102181.xml,TDTR,Go South Coast,Go South Coast 7180 Outbound,Marlborough - Ludgershall,price_band_2.7@YoungPersonSgl,2.7
SWWD_3325_Inbound_AdultReturn_a9f4b9e2-e9ea-4456-80e3-47fe03b77367_639196394820782745.xml,SWWD,Go South Coast,Go South Coast 3325 Inbound,South Wilts Grammar School - Hindon,price_band_4.9@AdultReturn,4.9
WDBC_1836_Outbound_ChildReturn_a9f4b9e2-e9ea-4456-80e3-47fe03b77367_639196381828910612.xml,WDBC,Go South Coast,Go South Coast 1836 Outbound,Talbot View - Kinson,price_band_3.2@ChildReturn,3.2
WDBC_6943_Outbound_AdultReturn_a9f4b9e2-e9ea-4456-80e3-47fe03b77367_639196408030521027.xml,WDBC,Go South Coast,Go South Coast 6943 Outbound,Lulworth - Weymouth,price_band_5.5@AdultReturn,5.5
WDBC_3882_Outbound_AdultSingle_a9f4b9e2-e9ea-4456-80e3-47fe03b77367_639196400647091595.xml,WDBC,Go South Coast,Go South Coast 3882 Outbound,Stratford Road Grammar School - Burgate School,price_band_2.1@AdultSingle,2.1
WDBC_2776_Inbound_ChildSingle_a9f4b9e2-e9ea-4456-80e3-47fe03b77367_639196387516032105.xml,WDBC,Go South Coast,Go South Coast 2776 Inbound,Lyndhurst - Priestlands School,price_band_2.5@ChildSingle,2.5
TDTR_7017_Inbound_AdultSingle_a9f4b9e2-e9ea-4456-80e3-47fe03b77367_639196408239692777.xml,TDTR,Go South Coast,Go South Coast 7017 Inbound,Penhill - Park South,price_band_2.8@AdultSingle,2.8
SWWD_3404_Outbound_ChildReturn_a9f4b9e2-e9ea-4456-80e3-47fe03b77367_639196396371448456.xml,SWWD,Go South Coast,Go South Coast 3404 Outbound,Salisbury - Larkhill,price_band_3.6@ChildReturn,3.6
WDBC_6450_Inbound_ChildSingle_a9f4b9e2-e9ea-4456-80e3-47fe03b77367_639196406996752516.xml,WDBC,Go South Coast,Go South Coast 6450 Inbound,Wallisdown - Parkstone Grammar,price_band_1.8@ChildSingle,1.8
BLUS_4504_Inbound_AdultReturn_a9f4b9e2-e9ea-4456-80e3-47fe03b77367_639196402971166726.xml,BLUS,Go South Coast,Go South Coast 4504 Inbound,Lordshill - Mountbatten School,price_band_6.0@AdultReturn,6.0
WDBC_1837_Outbound_AdultSingle_2f1f0c04-770d-4707-ab06-213c5a798ad7_639196381950908520.xml,WDBC,Go South Coast,Go South Coast 1837 Outbound,Bournemouth - Bournemouth International Airport,price_band_2.8@AdultSingle,2.8
TDTR_7120_Inbound_YoungPersonRtn_a9f4b9e2-e9ea-4456-80e3-47fe03b77367_639196408963529092.xml,TDTR,Go South Coast,Go South Coast 7120 Inbound,Marlborough - Hungerford,price_band_2.0@YoungPersonRtn,2.0
BLUS_2605_Outbound_AdultReturn_a9f4b9e2-e9ea-4456-80e3-47fe03b77367_639196387010844311.xml,BLUS,Go South Coast,Go South Coast 2605 Outbound,Wellow - Brockenhurst College,price_band_5.8@AdultReturn,5.8
WDBC_1903_Outbound_AdultSingle_2f1f0c04-770d-4707-ab06-213c5a798ad7_639196383359929184.xml,WDBC,Go South Coast,Go South Coast 1903 Outbound,Poole - Wimborne,price_band_1.0@AdultSingle,1.0
WDBC_2906_Outbound_ChildSingle_2f1f0c04-770d-4707-ab06-213c5a798ad7_639196388570360857.xml,WDBC,Go South Coast,Go South Coast 2906 Outbound,Poole - Ringwood,price_band_1.0@ChildSingle,1.0
WDBC_6418_Inbound_ChildReturn_a9f4b9e2-e9ea-4456-80e3-47fe03b77367_639196406697275955.xml,WDBC,Go South Coast,Go South Coast 6418 Inbound,Sandbanks Ferry - Poole Grammar School,price_band_5.2@ChildReturn,5.2
TDTR_7046_Inbound_AdultSingle_a9f4b9e2-e9ea-4456-80e3-47fe03b77367_639196408388353117.xml,TDTR,Go South Coast,Go South Coast 7046 Inbound,Swindon - Hungerford,price_band_2.9@AdultSingle,2.9
SWWD_3312_Outbound_AdultReturn_a9f4b9e2-e9ea-4456-80e3-47fe03b77367_639196394738750935.xml,SWWD,Go South Coast,Go South Coast 3312 Outbound,City Centre - Bishopdown Farm,price_band_4.5@AdultReturn,4.5
SWWD_3885_Outbound_ChildSingle_a9f4b9e2-e9ea-4456-80e3-47fe03b77367_639196400823412285.xml,SWWD,Go South Coast,Go South Coast 3885 Outbound,Whaddon - Burgate School,price_band_1.9@ChildSingle,1.9
BLUS_4805_Outbound_AdultReturn_a9f4b9e2-e9ea-4456-80e3-47fe03b77367_639196403435352418.xml,BLUS,Go South Coast,Go South Coast 4805 Outbound,Boyatt Wood - Shootash,price_band_5.8@AdultReturn,5.8
SWWD_3495_Outbound_AdultReturn_a9f4b9e2-e9ea-4456-80e3-47fe03b77367_639196398985590044.xml,SWWD,Go South Coast,Go South Coast 3495 Outbound,Swindon - Pewsey,price_band_5.2@AdultReturn,5.2
WDBC_1821_Outbound_AdultReturn_a9f4b9e2-e9ea-4456-80e3-47fe03b77367_639196381026493911.xml,WDBC,Go South Coast,Go South Coast 1821 Outbound,Bournemouth - Burton,price_band_4.7@AdultReturn,4.7
WDBC_1032_Outbound_ChildReturn_a9f4b9e2-e9ea-4456-80e3-47fe03b77367_639196374493340861.xml,WDBC,Go South Coast,Go South Coast 1032 Outbound,Poole - Bournemouth,price_band_3.4@ChildReturn,3.4
WDBC_1050_Outbound_AdultReturn_a9f4b9e2-e9ea-4456-80e3-47fe03b77367_639196375631431393.xml,WDBC,Go South Coast,Go South Coast 1050 Outbound,Bournemouth Station - Swanage,price_band_6.0@AdultReturn,6.0
WDBC_1016_Inbound_ChildSingle_a9f4b9e2-e9ea-4456-80e3-47fe03b77367_639196372093735412.xml,WDBC,Go South Coast,Go South Coast 1016 Inbound,Poole - Bournemouth,price_band_2.8@ChildSingle,2.8
WDBC_2777_Outbound_ChildReturn_a9f4b9e2-e9ea-4456-80e3-47fe03b77367_639196387549399667.xml,WDBC,Go South Coast,Go South Coast 2777 Outbound,New Forest Drive - Lymington,price_band_4.3@ChildReturn,4.3
TDTR_7146_Inbound_AdultSingle_a9f4b9e2-e9ea-4456-80e3-47fe03b77367_639196409009778914.xml,TDTR,Go South Coast,Go South Coast 7146 Inbound,Swindon - Hungerford,price_band_2.4@AdultSingle,2.4
WDBC_6448_Inbound_ChildReturn_a9f4b9e2-e9ea-4456-80e3-47fe03b77367_639196406858116661.xml,WDBC,Go South Coast,Go South Coast 6448 Inbound,Furnell Road - Parkstone Grammar,price_band_2.3@ChildReturn,2.3
WDBC_1050_Inbound_AdultSingle_d46597a9-440e-4c13-b49a-76a3986683d1_639196375572348665.xml,WDBC,Go South Coast,Go South Coast 1050 Inbound,Bournemouth Station - Swanage,price_band_2.3@AdultSingle,2.3
DAMY_6505_Outbound_AdultSingle_a9f4b9e2-e9ea-4456-80e3-47fe03b77367_639196407204943262.xml,DAMY,Go South Coast,Go South Coast 6505 Outbound,Weymouth - Dorchester,price_band_2.6@AdultSingle,2.6
WDBC_1789_Outbound_AdultSingle_a9f4b9e2-e9ea-4456-80e3-47fe03b77367_639196379381398294.xml,WDBC,Go South Coast,Go South Coast 1789 Outbound,Bournemouth School for Girls - Lymington,price_band_4.4@AdultSingle,4.4
WDBC_2613_Outbound_AdultReturn_a9f4b9e2-e9ea-4456-80e3-47fe03b77367_639196387115374821.xml,WDBC,Go South Coast,Go South Coast 2613 Outbound,Broadstone - Brockenhurst College,price_band_4.0@AdultReturn,4.0
TDTR_7011_Inbound_YoungPersonSgl_a9f4b9e2-e9ea-4456-80e3-47fe03b77367_639196408127381355.xml,TDTR,Go South Coast,Go South Coast 7011 Inbound,Taw Hill - Middle Wichel,price_band_2.2@YoungPersonSgl,2.2
WDBC_6415_Outbound_ChildReturn_a9f4b9e2-e9ea-4456-80e3-47fe03b77367_639196406567395495.xml,WDBC,Go South Coast,Go South Coast 6415 Outbound,St Anns Hospital - Poole Grammar School,price_band_2.9@ChildReturn,2.9
WDBC_2002_Outbound_ChildSingle_a9f4b9e2-e9ea-4456-80e3-47fe03b77367_639196385390206070.xml,WDBC,Go South Coast,Go South Coast 2002 Outbound,Bournemouth - Lymington,price_band_3.0@ChildSingle,3.0
WDBC_1821_Outbound_ChildReturn_a9f4b9e2-e9ea-4456-80e3-47fe03b77367_639196381060424746.xml,WDBC,Go South Coast,Go South Coast 1821 Outbound,Bournemouth - Burton,price_band_3.4@ChildReturn,3.4
WDBC_1401_Outbound_ChildReturn_a9f4b9e2-e9ea-4456-80e3-47fe03b77367_639196378689262452.xml,WDBC,Go South Coast,Go South Coast 1401 Outbound,Poole High - Branksome,price_band_3.1@ChildReturn,3.1
SWWD_7210_Inbound_ChildSingle_a9f4b9e2-e9ea-4456-80e3-47fe03b77367_639196409701517472.xml,SWWD,Go South Coast,Go South Coast 7210 Inbound,Figheldean - Devizes,price_band_1.5@ChildSingle,1.5
WDBC_1050_Outbound_ChildSingle_2f1f0c04-770d-4707-ab06-213c5a798ad7_639196375745990312.xml,WDBC,Go South Coast,Go South Coast 1050 Outbound,Bournemouth Station - Swanage,price_band_1.0@ChildSingle,1.0
DAMY_6001_Outbound_ChildReturn_a9f4b9e2-e9ea-4456-80e3-47fe03b77367_639196405911775871.xml,DAMY,Go South Coast,Go South Coast 6001 Outbound,Dorchester  - Dorchester,price_band_3.1@ChildReturn,3.1
WDBC_1001_Outbound_AdultReturn_a9f4b9e2-e9ea-4456-80e3-47fe03b77367_639196369483868807.xml,WDBC,Go South Coast,Go South Coast 1001 Outbound,Poole - Bournemouth Hospital,price_band_4.7@AdultReturn,4.7
SWWD_3102_Outbound_AdultReturn_a9f4b9e2-e9ea-4456-80e3-47fe03b77367_639196392182546296.xml,SWWD,Go South Coast,Go South Coast 3102 Outbound,Salisbury - Devizes,price_band_4.5@AdultReturn,4.5
WDBC_2001_Outbound_ChildReturn_a9f4b9e2-e9ea-4456-80e3-47fe03b77367_639196384725076307.xml,WDBC,Go South Coast,Go South Coast 2001 Outbound,Bournemouth - Lymington,price_band_5.1@ChildReturn,5.1
TDTR_7076_Inbound_YoungPersonRtn_a9f4b9e2-e9ea-4456-80e3-47fe03b77367_639196408679877245.xml,TDTR,Go South Coast,Go South Coast 7076 Inbound,Marlborough - Bath,price_band_2.3@YoungPersonRtn,2.3
WDBC_1644_Outbound_UniIDSingle_2f1f0c04-770d-4707-ab06-213c5a798ad7_639196378973468219.xml,WDBC,Go South Coast,Go South Coast 1644 Outbound,Westbourne - Talbot Campus,price_band_1.0@UniIDSingle,1.0
BLUS_4024_Outbound_AdultSingle_f15d1b06-486f-433a-8991-95f1a97a87e0_639196402477444948.xml,BLUS,Go South Coast,Go South Coast 4024 Outbound,Eastleigh - Hedge End,price_band_1.0@AdultSingle,1.0
SWWD_3322_Outbound_ChildReturn_a9f4b9e2-e9ea-4456-80e3-47fe03b77367_639196394759417497.xml,SWWD,Go South Coast,Go South Coast 3322 Outbound,City Centre - Bishopdown,price_band_3.8@ChildReturn,3.8
WDBC_1789_Outbound_AdultSingle_a9f4b9e2-e9ea-4456-80e3-47fe03b77367_639196379381398294.xml,WDBC,Go South Coast,Go South Coast 1789 Outbound,Bournemouth School for Girls - Lymington,price_band_2.2@AdultSingle,2.2
WDBC_1818_Outbound_AdultSingle_2f1f0c04-770d-4707-ab06-213c5a798ad7_639196380565215937.xml,WDBC,Go South Coast,Go South Coast 1818 Outbound,Bournemouth - Broadstone,price_band_1.0@AdultSingle,1.0
WDBC_2953_Outbound_ChildSingle_a9f4b9e2-e9ea-4456-80e3-47fe03b77367_639196389041038966.xml,WDBC,Go South Coast,Go South Coast 2953 Outbound,Salisbury - Ringwood,price_band_2.9@ChildSingle,2.9
WDBC_1011_Outbound_ChildReturn_a9f4b9e2-e9ea-4456-80e3-47fe03b77367_639196371081628281.xml,WDBC,Go South Coast,Go South Coast 1011 Outbound,Bournemouth - Canford Paddock,price_band_2.2@ChildReturn,2.2
WDBC_1741_Outbound_ChildReturn_a9f4b9e2-e9ea-4456-80e3-47fe03b77367_639196379085427524.xml,WDBC,Go South Coast,Go South Coast 1741 Outbound,Sandbanks Ferry - Parkstone Grammar School,price_band_5.7@ChildReturn,5.7
WDBC_6449_Inbound_AdultSingle_a9f4b9e2-e9ea-4456-80e3-47fe03b77367_639196406904386428.xml,WDBC,Go South Coast,Go South Coast 6449 Inbound,St Osmunds - Parkstone Grammar,price_band_3.2@AdultSingle,3.2
BLUS_4805_Outbound_ChildSingle_f15d1b06-486f-433a-8991-95f1a97a87e0_639196403466500242.xml,BLUS,Go South Coast,Go South Coast 4805 Outbound,Boyatt Wood - Shootash,price_band_1.0@ChildSingle,1.0
TDTR_7148_Inbound_AdultReturn_a9f4b9e2-e9ea-4456-80e3-47fe03b77367_639196409133361031.xml,TDTR,Go South Coast,Go South Coast 7148 Inbound,Swindon - Marlborough,price_band_3.6@AdultReturn,3.6
TDTR_7642_Outbound_ChildReturn_a9f4b9e2-e9ea-4456-80e3-47fe03b77367_639196410169810560.xml,TDTR,Go South Coast,Go South Coast 7642 Outbound,Hilmarton - Calne,price_band_1.2@ChildReturn,1.2
TDTR_7017_Inbound_AdultSingle_a9f4b9e2-e9ea-4456-80e3-47fe03b77367_639196408239692777.xml,TDTR,Go South Coast,Go South Coast 7017 Inbound,Penhill - Park South,price_band_2.2@AdultSingle,2.2
SVCT_8501_Outbound_ChildSingle_a9f4b9e2-e9ea-4456-80e3-47fe03b77367_639196410602290032.xml,SVCT,Go South Coast,Go South Coast 8501 Outbound,Island Coaster - West,price_band_1.8@ChildSingle,1.8
BLUS_4026_Outbound_AdultReturn_a9f4b9e2-e9ea-4456-80e3-47fe03b77367_639196402527304262.xml,BLUS,Go South Coast,Go South Coast 4026 Outbound,Southampton - Whiteley,price_band_4.5@AdultReturn,4.5
WDBC_1806_Outbound_ChildSingle_d46597a9-440e-4c13-b49a-76a3986683d1_639196379999922462.xml,WDBC,Go South Coast,Go South Coast 1806 Outbound,Bournemouth - Wimborne,price_band_1.8@ChildSingle,1.8
WDBC_1833_Outbound_ChildSingle_a9f4b9e2-e9ea-4456-80e3-47fe03b77367_639196381693130299.xml,WDBC,Go South Coast,Go South Coast 1833 Outbound,Alum Chine - Castlepoint,price_band_1.9@ChildSingle,1.9
WDBC_6943_Outbound_ChildReturn_a9f4b9e2-e9ea-4456-80e3-47fe03b77367_639196408041685500.xml,WDBC,Go South Coast,Go South Coast 6943 Outbound,Lulworth - Weymouth,price_band_3.0@ChildReturn,3.0
WDBC_1788_Inbound_AdultReturn_a9f4b9e2-e9ea-4456-80e3-47fe03b77367_639196379231134024.xml,WDBC,Go South Coast,Go South Coast 1788 Inbound,Walkford - Bournemouth School for Girls,price_band_6.8@AdultReturn,6.8
SWWD_3327_Outbound_ChildSingle_a9f4b9e2-e9ea-4456-80e3-47fe03b77367_639196395609603542.xml,SWWD,Go South Coast,Go South Coast 3327 Outbound,Salisbury - Shaftesbury,price_band_1.9@ChildSingle,1.9
WDBC_1040_Inbound_ChildReturn_a9f4b9e2-e9ea-4456-80e3-47fe03b77367_639196374887739308.xml,WDBC,Go South Coast,Go South Coast 1040 Inbound,Swanage - Poole,price_band_3.7@ChildReturn,3.7
DAMY_6307_Outbound_ChildReturn_a9f4b9e2-e9ea-4456-80e3-47fe03b77367_639196406455837620.xml,DAMY,Go South Coast,Go South Coast 6307 Outbound,Blandford - Shaftesbury,price_band_2.3@ChildReturn,2.3
SWWD_3010_Inbound_ChildReturn_a9f4b9e2-e9ea-4456-80e3-47fe03b77367_639196391171179762.xml,SWWD,Go South Coast,Go South Coast 3010 Inbound,City Centre - St Peters Place,price_band_2.5@ChildReturn,2.5
SWWD_3325_Outbound_AdultReturn_a9f4b9e2-e9ea-4456-80e3-47fe03b77367_639196394959413919.xml,SWWD,Go South Coast,Go South Coast 3325 Outbound,South Wilts Grammar School - Hindon,price_band_4.2@AdultReturn,4.2
SWWD_3012_Outbound_ChildSingle_a9f4b9e2-e9ea-4456-80e3-47fe03b77367_639196391261818004.xml,SWWD,Go South Coast,Go South Coast 3012 Outbound,Salisbury - Stratford,price_band_1.9@ChildSingle,1.9
SWWD_3301_Outbound_ChildSingle_a9f4b9e2-e9ea-4456-80e3-47fe03b77367_639196394331132769.xml,SWWD,Go South Coast,Go South Coast 3301 Outbound,District Hospital - Bemerton Heath,price_band_2.3@ChildSingle,2.3
SVCT_5273_Outbound_YoungAdSingle_a9f4b9e2-e9ea-4456-80e3-47fe03b77367_639196405708077203.xml,SVCT,Go South Coast,Go South Coast 5273 Outbound,Newport - Ventnor,price_band_2.4@YoungAdSingle,2.4
WDBC_2219_Inbound_AdultSingle_a9f4b9e2-e9ea-4456-80e3-47fe03b77367_639196386904883180.xml,WDBC,Go South Coast,Go South Coast 2219 Inbound,Lymington  - New Milton,price_band_3.0@AdultSingle,3.0
DAMY_6487_Outbound_ChildReturn_a9f4b9e2-e9ea-4456-80e3-47fe03b77367_639196407147859780.xml,DAMY,Go South Coast,Go South Coast 6487 Outbound,Blandford - Dorchester,price_band_4.3@ChildReturn,4.3
WDBC_6043_Inbound_ChildSingle_a9f4b9e2-e9ea-4456-80e3-47fe03b77367_639196406256748189.xml,WDBC,Go South Coast,Go South Coast 6043 Inbound,County Gates - Parkstone Grammar School,price_band_3.4@ChildSingle,3.4
SWWD_3326_Outbound_ChildSingle_a9f4b9e2-e9ea-4456-80e3-47fe03b77367_639196395306226571.xml,SWWD,Go South Coast,Go South Coast 3326 Outbound,Salisbury - Hindon,price_band_2.7@ChildSingle,2.7
WDBC_2775_Inbound_ChildReturn_a9f4b9e2-e9ea-4456-80e3-47fe03b77367_639196387492806095.xml,WDBC,Go South Coast,Go South Coast 2775 Inbound,Milford on Sea - Priestlands School,price_band_3.8@ChildReturn,3.8
WDBC_1017_Inbound_ChildSingle_a9f4b9e2-e9ea-4456-80e3-47fe03b77367_639196372642771553.xml,WDBC,Go South Coast,Go South Coast 1017 Inbound,Poole - Bournemouth,price_band_2.3@ChildSingle,2.3
BLUS_4424_Inbound_AdultReturn_a9f4b9e2-e9ea-4456-80e3-47fe03b77367_639196402875610947.xml,BLUS,Go South Coast,Go South Coast 4424 Inbound,Eastleigh - Hedge End,price_band_4.5@AdultReturn,4.5
SWWD_3407_Inbound_ChildSingle_f15d1b06-486f-433a-8991-95f1a97a87e0_639196397266649239.xml,SWWD,Go South Coast,Go South Coast 3407 Inbound,Salisbury - Southampton,price_band_1.0@ChildSingle,1.0
WDBC_6047_Outbound_ChildReturn_a9f4b9e2-e9ea-4456-80e3-47fe03b77367_639196406369321733.xml,WDBC,Go South Coast,Go South Coast 6047 Outbound,Ringwood Road - Parkstone Grammar School,price_band_5.2@ChildReturn,5.2
SWWD_3266_Inbound_AdultReturn_a9f4b9e2-e9ea-4456-80e3-47fe03b77367_639196394121840197.xml,SWWD,Go South Coast,Go South Coast 3266 Inbound,South Wilts Grammar School - Idmiston,price_band_6.0@AdultReturn,6.0
DAMY_3183_Inbound_ChildReturn_a9f4b9e2-e9ea-4456-80e3-47fe03b77367_639196393827698517.xml,DAMY,Go South Coast,Go South Coast 3183 Inbound,Blandford - Weymouth,price_band_3.2@ChildReturn,3.2
SWWD_3881_Outbound_ChildReturn_a9f4b9e2-e9ea-4456-80e3-47fe03b77367_639196400617952320.xml,SWWD,Go South Coast,Go South Coast 3881 Outbound,Wilton Road  - Burgate School,price_band_5.1@ChildReturn,5.1
WDBC_1837_Outbound_ChildSingle_a9f4b9e2-e9ea-4456-80e3-47fe03b77367_639196381935312133.xml,WDBC,Go South Coast,Go South Coast 1837 Outbound,Bournemouth - Bournemouth International Airport,price_band_2.1@ChildSingle,2.1
BLUS_4424_Outbound_AdultReturn_a9f4b9e2-e9ea-4456-80e3-47fe03b77367_639196402893927340.xml,BLUS,Go South Coast,Go South Coast 4424 Outbound,Eastleigh - Hedge End,price_band_4.7@AdultReturn,4.7
SVCT_5007_Outbound_AdultSingle_a9f4b9e2-e9ea-4456-80e3-47fe03b77367_639196404023050066.xml,SVCT,Go South Coast,Go South Coast 5007 Outbound,Newport  - Alum Bay,price_band_3.0@AdultSingle,3.0
WDBC_1040_Outbound_ChildSingle_a9f4b9e2-e9ea-4456-80e3-47fe03b77367_639196375272862585.xml,WDBC,Go South Coast,Go South Coast 1040 Outbound,Swanage - Poole,price_band_2.5@ChildSingle,2.5
WDBC_1789_Inbound_ChildSingle_a9f4b9e2-e9ea-4456-80e3-47fe03b77367_639196379342289488.xml,WDBC,Go South Coast,Go South Coast 1789 Inbound,Bournemouth School for Girls - Lymington,price_band_2.5@ChildSingle,2.5
WDBC_1050_Outbound_AdultSingle_a9f4b9e2-e9ea-4456-80e3-47fe03b77367_639196375652925815.xml,WDBC,Go South Coast,Go South Coast 1050 Outbound,Bournemouth Station - Swanage,price_band_2.3@AdultSingle,2.3
WDBC_1003_Outbound_AdultReturn_a9f4b9e2-e9ea-4456-80e3-47fe03b77367_639196370438778224.xml,WDBC,Go South Coast,Go South Coast 1003 Outbound,Poole - Wimborne,price_band_4.2@AdultReturn,4.2
SWWD_3308_Outbound_ChildReturn_a9f4b9e2-e9ea-4456-80e3-47fe03b77367_639196394634038333.xml,SWWD,Go South Coast,Go South Coast 3308 Outbound,Blue Boar Row - Ditchampton,price_band_3.6@ChildReturn,3.6
WDBC_6943_Outbound_ChildReturn_a9f4b9e2-e9ea-4456-80e3-47fe03b77367_639196408041685500.xml,WDBC,Go South Coast,Go South Coast 6943 Outbound,Lulworth - Weymouth,price_band_5.6@ChildReturn,5.6
BLUS_4006_Outbound_ChildSingle_a9f4b9e2-e9ea-4456-80e3-47fe03b77367_639196401293091312.xml,BLUS,Go South Coast,Go South Coast 4006 Outbound,Southampton - Townhill Park,price_band_2.1@ChildSingle,2.1
WDBC_1833_Inbound_AdultSingle_a9f4b9e2-e9ea-4456-80e3-47fe03b77367_639196381576746617.xml,WDBC,Go South Coast,Go South Coast 1833 Inbound,Alum Chine - Castlepoint,price_band_2.6@AdultSingle,2.6
BLUS_4119_Inbound_AdultSingle_eed5e2e8-c472-41af-825e-db09ec887334_639196402726232166.xml,BLUS,Go South Coast,Go South Coast 4119 Inbound,Thornhill - Lordshill,price_band_1.0@AdultSingle,1.0
SWWD_3511_Inbound_AdultReturn_a9f4b9e2-e9ea-4456-80e3-47fe03b77367_639196399099929743.xml,SWWD,Go South Coast,Go South Coast 3511 Inbound,Blue Boar Row - Old Sarum,price_band_4.2@AdultReturn,4.2
WDBC_1060_Inbound_ChildSingle_a9f4b9e2-e9ea-4456-80e3-47fe03b77367_639196376758367974.xml,WDBC,Go South Coast,Go South Coast 1060 Inbound,Rockley - Sandbanks,price_band_3.0@ChildSingle,3.0
DAMY_6020_Inbound_AdultSingle_a9f4b9e2-e9ea-4456-80e3-47fe03b77367_639196406002357673.xml,DAMY,Go South Coast,Go South Coast 6020 Inbound,Salisbury - Blandford,price_band_2.5@AdultSingle,2.5
SVCT_5106_Inbound_ChildSingle_a9f4b9e2-e9ea-4456-80e3-47fe03b77367_639196405051383561.xml,SVCT,Go South Coast,Go South Coast 5106 Inbound,Ventnor  - Newport,price_band_1.8@ChildSingle,1.8
SWWD_3515_Outbound_AdultReturn_a9f4b9e2-e9ea-4456-80e3-47fe03b77367_639196399298999822.xml,SWWD,Go South Coast,Go South Coast 3515 Outbound,City Centre - Petersfinger Park & Ride,price_band_4.2@AdultReturn,4.2
WDBC_1050_Inbound_ChildSingle_a9f4b9e2-e9ea-4456-80e3-47fe03b77367_639196375531808668.xml,WDBC,Go South Coast,Go South Coast 1050 Inbound,Bournemouth Station - Swanage,price_band_2.8@ChildSingle,2.8
BLUS_4012_Outbound_ChildSingle_a9f4b9e2-e9ea-4456-80e3-47fe03b77367_639196401774744509.xml,BLUS,Go South Coast,Go South Coast 4012 Outbound,Southampton - Calmore,price_band_2.1@ChildSingle,2.1
WDBC_1038_Inbound_ChildSingle_a9f4b9e2-e9ea-4456-80e3-47fe03b77367_639196374698013422.xml,WDBC,Go South Coast,Go South Coast 1038 Inbound,Ferndown - Ringwood,price_band_3.0@ChildSingle,3.0
SWWD_7086_Inbound_ChildSingle_a9f4b9e2-e9ea-4456-80e3-47fe03b77367_639196408880355462.xml,SWWD,Go South Coast,Go South Coast 7086 Inbound,Ansty - Shaftesbury,price_band_2.1@ChildSingle,2.1
WDBC_6903_Inbound_AdultReturn_a9f4b9e2-e9ea-4456-80e3-47fe03b77367_639196407486328935.xml,WDBC,Go South Coast,Go South Coast 6903 Inbound,Swanage - Lulworth,price_band_6.0@AdultReturn,6.0
TDTR_7048_Outbound_AdultSingle_a9f4b9e2-e9ea-4456-80e3-47fe03b77367_639196408520228081.xml,TDTR,Go South Coast,Go South Coast 7048 Outbound,Swindon - Marlborough,price_band_2.9@AdultSingle,2.9
BLUS_4015_Outbound_ChildSingle_a9f4b9e2-e9ea-4456-80e3-47fe03b77367_639196401950581619.xml,BLUS,Go South Coast,Go South Coast 4015 Outbound,Central Station - Hamble,price_band_2.5@ChildSingle,2.5
SWWD_7086_Inbound_ChildSingle_a9f4b9e2-e9ea-4456-80e3-47fe03b77367_639196408880355462.xml,SWWD,Go South Coast,Go South Coast 7086 Inbound,Ansty - Shaftesbury,price_band_1.4@ChildSingle,1.4
WDBC_1903_Outbound_ChildReturn_a9f4b9e2-e9ea-4456-80e3-47fe03b77367_639196383290605294.xml,WDBC,Go South Coast,Go South Coast 1903 Outbound,Poole - Wimborne,price_band_3.4@ChildReturn,3.4
WDBC_1054_Inbound_AdultSingle_d46597a9-440e-4c13-b49a-76a3986683d1_639196376557939977.xml,WDBC,Go South Coast,Go South Coast 1054 Inbound,Poole - Wimborne,price_band_2.9@AdultSingle,2.9
WDBC_1003_Outbound_AdultReturn_a9f4b9e2-e9ea-4456-80e3-47fe03b77367_639196370438778224.xml,WDBC,Go South Coast,Go South Coast 1003 Outbound,Poole - Wimborne,price_band_5.1@AdultReturn,5.1
SVCT_5008_Outbound_ChildSingle_a9f4b9e2-e9ea-4456-80e3-47fe03b77367_639196404128572938.xml,SVCT,Go South Coast,Go South Coast 5008 Outbound,Newport  - Ryde,price_band_3.0@ChildSingle,3.0
SWWD_3651_Outbound_AdultReturn_a9f4b9e2-e9ea-4456-80e3-47fe03b77367_639196400003240105.xml,SWWD,Go South Coast,Go South Coast 3651 Outbound,Avon Valley College - Sling,price_band_6.0@AdultReturn,6.0
WDBC_1801_Inbound_ChildSingle_a9f4b9e2-e9ea-4456-80e3-47fe03b77367_639196379446634713.xml,WDBC,Go South Coast,Go South Coast 1801 Inbound,Bournemouth - Christchurch,price_band_2.2@ChildSingle,2.2
WDBC_2002_Inbound_ChildSingle_d46597a9-440e-4c13-b49a-76a3986683d1_639196385309242072.xml,WDBC,Go South Coast,Go South Coast 2002 Inbound,Bournemouth - Lymington,price_band_2.5@ChildSingle,2.5
SWWD_3311_Inbound_AdultReturn_a9f4b9e2-e9ea-4456-80e3-47fe03b77367_639196394705295479.xml,SWWD,Go South Coast,Go South Coast 3311 Inbound,Coronation Road - Ditchampton,price_band_5.4@AdultReturn,5.4
TDTR_7539_Outbound_AdultSingle_a9f4b9e2-e9ea-4456-80e3-47fe03b77367_639196409950818226.xml,TDTR,Go South Coast,Go South Coast 7539 Outbound,Wroughton - Cirencester College,price_band_5.2@AdultSingle,5.2
BLUS_4002_Inbound_AdultSingle_eed5e2e8-c472-41af-825e-db09ec887334_639196401045474640.xml,BLUS,Go South Coast,Go South Coast 4002 Inbound,Southampton - Fair Oak,price_band_1.0@AdultSingle,1.0
SWWD_3883_Inbound_AdultSingle_a9f4b9e2-e9ea-4456-80e3-47fe03b77367_639196400670087903.xml,SWWD,Go South Coast,Go South Coast 3883 Inbound,Bishopdown Farm  - Burgate School,price_band_3.0@AdultSingle,3.0
WDBC_2002_Inbound_AdultSingle_2f1f0c04-770d-4707-ab06-213c5a798ad7_639196385228949871.xml,WDBC,Go South Coast,Go South Coast 2002 Inbound,Bournemouth - Lymington,price_band_3.0@AdultSingle,3.0
WDBC_2906_Inbound_AdultReturn_a9f4b9e2-e9ea-4456-80e3-47fe03b77367_639196387645832397.xml,WDBC,Go South Coast,Go South Coast 2906 Inbound,Poole - Ringwood,price_band_4.2@AdultReturn,4.2
DAMY_6505_Inbound_AdultSingle_a9f4b9e2-e9ea-4456-80e3-47fe03b77367_639196407169414629.xml,DAMY,Go South Coast,Go South Coast 6505 Inbound,Weymouth - Dorchester,price_band_2.8@AdultSingle,2.8
WDBC_2604_Inbound_AdultReturn_a9f4b9e2-e9ea-4456-80e3-47fe03b77367_639196386983994727.xml,WDBC,Go South Coast,Go South Coast 2604 Inbound,Langley Farm - Brockenhurst College,price_band_4.0@AdultReturn,4.0
SWWD_3029_Inbound_ChildReturn_a9f4b9e2-e9ea-4456-80e3-47fe03b77367_639196391389453148.xml,SWWD,Go South Coast,Go South Coast 3029 Inbound,Salisbury - Shaftesbury,price_band_2.5@ChildReturn,2.5
SWWD_3451_Outbound_AdultSingle_a9f4b9e2-e9ea-4456-80e3-47fe03b77367_639196397884503525.xml,SWWD,Go South Coast,Go South Coast 3451 Outbound,Salisbury - Sling - Larkhill,price_band_2.4@AdultSingle,2.4
WDBC_2112_Inbound_ChildReturn_a9f4b9e2-e9ea-4456-80e3-47fe03b77367_639196386308053625.xml,WDBC,Go South Coast,Go South Coast 2112 Inbound,Hythe - Lymington,price_band_2.5@ChildReturn,2.5
WDBC_1788_Inbound_ChildSingle_a9f4b9e2-e9ea-4456-80e3-47fe03b77367_639196379249363002.xml,WDBC,Go South Coast,Go South Coast 1788 Inbound,Walkford - Bournemouth School for Girls,price_band_3.5@ChildSingle,3.5
SWWD_3451_Outbound_AdultReturn_a9f4b9e2-e9ea-4456-80e3-47fe03b77367_639196397896872194.xml,SWWD,Go South Coast,Go South Coast 3451 Outbound,Salisbury - Sling - Larkhill,price_band_4.5@AdultReturn,4.5
SWWD_3515_Outbound_AdultSingle_a9f4b9e2-e9ea-4456-80e3-47fe03b77367_639196399295991344.xml,SWWD,Go South Coast,Go South Coast 3515 Outbound,City Centre - Petersfinger Park & Ride,price_band_2.3@AdultSingle,2.3
TDTR_7532_Inbound_AdultReturn_a9f4b9e2-e9ea-4456-80e3-47fe03b77367_639196409782336512.xml,TDTR,Go South Coast,Go South Coast 7532 Inbound,Link Centre - Cirencester College,price_band_8.3@AdultReturn,8.3
WDBC_2002_Outbound_ChildSingle_2f1f0c04-770d-4707-ab06-213c5a798ad7_639196385595886681.xml,WDBC,Go South Coast,Go South Coast 2002 Outbound,Bournemouth - Lymington,price_band_3.0@ChildSingle,3.0
WDBC_1401_Outbound_ChildSingle_a9f4b9e2-e9ea-4456-80e3-47fe03b77367_639196378686438687.xml,WDBC,Go South Coast,Go South Coast 1401 Outbound,Poole High - Branksome,price_band_2.1@ChildSingle,2.1
WDBC_1801_Outbound_AdultSingle_2f1f0c04-770d-4707-ab06-213c5a798ad7_639196379514451563.xml,WDBC,Go South Coast,Go South Coast 1801 Outbound,Bournemouth - Christchurch,price_band_1.0@AdultSingle,1.0
WDBC_1052_Outbound_AdultSingle_d46597a9-440e-4c13-b49a-76a3986683d1_639196375967117941.xml,WDBC,Go South Coast,Go South Coast 1052 Outbound,Rockley - Sandbanks,price_band_1.0@AdultSingle,1.0
WDBC_1053_Inbound_ChildSingle_2f1f0c04-770d-4707-ab06-213c5a798ad7_639196376182498982.xml,WDBC,Go South Coast,Go South Coast 1053 Inbound,Bournemouth - Wimborne,price_band_2.5@ChildSingle,2.5
WDBC_1837_Outbound_AdultSingle_d46597a9-440e-4c13-b49a-76a3986683d1_639196381957484376.xml,WDBC,Go South Coast,Go South Coast 1837 Outbound,Bournemouth - Bournemouth International Airport,price_band_1.0@AdultSingle,1.0
TDTR_7120_Outbound_AdultReturn_a9f4b9e2-e9ea-4456-80e3-47fe03b77367_639196408975602802.xml,TDTR,Go South Coast,Go South Coast 7120 Outbound,Marlborough - Hungerford,price_band_4.0@AdultReturn,4.0
SVCT_5009_Outbound_YoungAdSingle_a9f4b9e2-e9ea-4456-80e3-47fe03b77367_639196404223540336.xml,SVCT,Go South Coast,Go South Coast 5009 Outbound,Newport  - Ryde,price_band_3.0@YoungAdSingle,3.0
WDBC_1885_Inbound_ChildSingle_a9f4b9e2-e9ea-4456-80e3-47fe03b77367_639196382642361946.xml,WDBC,Go South Coast,Go South Coast 1885 Inbound,Bournemouth University - St Peters School,price_band_3.4@ChildSingle,3.4
BLUS_4024_Outbound_AdultSingle_a9f4b9e2-e9ea-4456-80e3-47fe03b77367_639196402466260867.xml,BLUS,Go South Coast,Go South Coast 4024 Outbound,Eastleigh - Hedge End,price_band_2.8@AdultSingle,2.8
WDBC_2002_Outbound_AdultSingle_a9f4b9e2-e9ea-4456-80e3-47fe03b77367_639196385337486110.xml,WDBC,Go South Coast,Go South Coast 2002 Outbound,Bournemouth - Lymington,price_band_2.8@AdultSingle,2.8
SVCT_5257_Inbound_AdultSingle_a9f4b9e2-e9ea-4456-80e3-47fe03b77367_639196405566739276.xml,SVCT,Go South Coast,Go South Coast 5257 Inbound,Freshwater - Cowes,price_band_3.0@AdultSingle,3.0
TDTR_7080_Outbound_YoungPersonRtn_a9f4b9e2-e9ea-4456-80e3-47fe03b77367_639196408865610342.xml,TDTR,Go South Coast,Go South Coast 7080 Outbound,Swindon - Marlborough,price_band_2.8@YoungPersonRtn,2.8
TDTR_7042_Inbound_ChildReturn_a9f4b9e2-e9ea-4456-80e3-47fe03b77367_639196408287052126.xml,TDTR,Go South Coast,Go South Coast 7042 Inbound,Calne - St John's School,price_band_2.5@ChildReturn,2.5
WDBC_6416_Inbound_AdultSingle_a9f4b9e2-e9ea-4456-80e3-47fe03b77367_639196406602363431.xml,WDBC,Go South Coast,Go South Coast 6416 Inbound,Penn Hill Avenue  - Poole Grammar School,price_band_2.5@AdultSingle,2.5
WDBC_8229_Outbound_AdultSingle_a9f4b9e2-e9ea-4456-80e3-47fe03b77367_639196410358482826.xml,WDBC,Go South Coast,Go South Coast 8229 Outbound,Lyndhurst - Ringwood RED,price_band_3.5@AdultSingle,3.5
SWWD_3513_Inbound_AdultReturn_a9f4b9e2-e9ea-4456-80e3-47fe03b77367_639196399180162772.xml,SWWD,Go South Coast,Go South Coast 3513 Inbound,Blue Boar Row - Bulbridge Chantry Road,price_band_4.2@AdultReturn,4.2
WDBC_1885_Outbound_ChildReturn_a9f4b9e2-e9ea-4456-80e3-47fe03b77367_639196382735993038.xml,WDBC,Go South Coast,Go South Coast 1885 Outbound,Bournemouth University - St Peters School,price_band_5.8@ChildReturn,5.8
WDBC_1837_Outbound_ChildSingle_d46597a9-440e-4c13-b49a-76a3986683d1_639196381971154071.xml,WDBC,Go South Coast,Go South Coast 1837 Outbound,Bournemouth - Bournemouth International Airport,price_band_2.3@ChildSingle,2.3
BLUS_4016_Inbound_AdultSingle_eed5e2e8-c472-41af-825e-db09ec887334_639196401989334340.xml,BLUS,Go South Coast,Go South Coast 4016 Inbound,Southampton - Townhill Park,price_band_1.0@AdultSingle,1.0
SWWD_3087_Inbound_ChildReturn_a9f4b9e2-e9ea-4456-80e3-47fe03b77367_639196391743039552.xml,SWWD,Go South Coast,Go South Coast 3087 Inbound,South Wilts Grammar School - Lopcombe Corner,price_band_3.6@ChildReturn,3.6
SVCT_5109_Inbound_ChildSingle_a9f4b9e2-e9ea-4456-80e3-47fe03b77367_639196405267178783.xml,SVCT,Go South Coast,Go South Coast 5109 Inbound,Ryde  - Newport,price_band_2.4@ChildSingle,2.4
WDBC_2003_Outbound_ChildReturn_a9f4b9e2-e9ea-4456-80e3-47fe03b77367_639196386007497361.xml,WDBC,Go South Coast,Go South Coast 2003 Outbound,Salisbury - Bournemouth,price_band_3.7@ChildReturn,3.7
WDBC_1069_Outbound_ChildSingle_2f1f0c04-770d-4707-ab06-213c5a798ad7_639196377170478743.xml,WDBC,Go South Coast,Go South Coast 1069 Outbound,Poole - Poole Anti-Clockwise,price_band_1.0@ChildSingle,1.0
TDTR_3620_Inbound_YoungPersonRtn_a9f4b9e2-e9ea-4456-80e3-47fe03b77367_639196399611303455.xml,TDTR,Go South Coast,Go South Coast 3620 Inbound,Hungerford Priory  - St Johns Sch,price_band_2.8@YoungPersonRtn,2.8
TDTR_7541_Inbound_AdultReturn_a9f4b9e2-e9ea-4456-80e3-47fe03b77367_639196409994805041.xml,TDTR,Go South Coast,Go South Coast 7541 Inbound,Coate - Cirencester College,price_band_8.3@AdultReturn,8.3
WDBC_1054_Inbound_ChildSingle_2f1f0c04-770d-4707-ab06-213c5a798ad7_639196376576496022.xml,WDBC,Go South Coast,Go South Coast 1054 Inbound,Poole - Wimborne,price_band_2.7@ChildSingle,2.7
SWWD_3883_Inbound_ChildReturn_a9f4b9e2-e9ea-4456-80e3-47fe03b77367_639196400686049945.xml,SWWD,Go South Coast,Go South Coast 3883 Inbound,Bishopdown Farm  - Burgate School,price_band_2.6@ChildReturn,2.6
WDBC_2633_Outbound_AdultSingle_a9f4b9e2-e9ea-4456-80e3-47fe03b77367_639196387427779345.xml,WDBC,Go South Coast,Go South Coast 2633 Outbound,Wimborne - Brockenhurst College,price_band_5.6@AdultSingle,5.6
TDTR_7080_Outbound_YoungPersonSgl_a9f4b9e2-e9ea-4456-80e3-47fe03b77367_639196408849535299.xml,TDTR,Go South Coast,Go South Coast 7080 Outbound,Swindon - Marlborough,price_band_3.0@YoungPersonSgl,3.0
BLUS_4538_Outbound_AdultReturn_a9f4b9e2-e9ea-4456-80e3-47fe03b77367_639196403022545319.xml,BLUS,Go South Coast,Go South Coast 4538 Outbound,Rushington - Applemore College,price_band_4.9@AdultReturn,4.9
WDBC_1802_Outbound_AdultSingle_a9f4b9e2-e9ea-4456-80e3-47fe03b77367_639196379602934648.xml,WDBC,Go South Coast,Go South Coast 1802 Outbound,Bournemouth - Castlepoint,price_band_3.0@AdultSingle,3.0
DAMY_6487_Inbound_AdultSingle_a9f4b9e2-e9ea-4456-80e3-47fe03b77367_639196407072227688.xml,DAMY,Go South Coast,Go South Coast 6487 Inbound,Blandford - Dorchester,price_band_2.6@AdultSingle,2.6
BLUS_2627_Inbound_AdultReturn_a9f4b9e2-e9ea-4456-80e3-47fe03b77367_639196387375365629.xml,BLUS,Go South Coast,Go South Coast 2627 Inbound,Totton - Marchwood,price_band_6.0@AdultReturn,6.0
SWWD_3014_Outbound_AdultSingle_a9f4b9e2-e9ea-4456-80e3-47fe03b77367_639196391278149463.xml,SWWD,Go South Coast,Go South Coast 3014 Outbound,Salisbury - Harnham Hill,price_band_2.3@AdultSingle,2.3
WDBC_1038_Inbound_ChildReturn_a9f4b9e2-e9ea-4456-80e3-47fe03b77367_639196374693950538.xml,WDBC,Go South Coast,Go South Coast 1038 Inbound,Ferndown - Ringwood,price_band_2.9@ChildReturn,2.9
WDBC_6943_Inbound_ChildReturn_a9f4b9e2-e9ea-4456-80e3-47fe03b77367_639196407994428424.xml,WDBC,Go South Coast,Go South Coast 6943 Inbound,Lulworth - Weymouth,price_band_6.0@ChildReturn,6.0
WDBC_2001_Outbound_ChildReturn_a9f4b9e2-e9ea-4456-80e3-47fe03b77367_639196384725076307.xml,WDBC,Go South Coast,Go South Coast 2001 Outbound,Bournemouth - Lymington,price_band_5.6@ChildReturn,5.6
BLUS_4805_Inbound_ChildSingle_f15d1b06-486f-433a-8991-95f1a97a87e0_639196403388115838.xml,BLUS,Go South Coast,Go South Coast 4805 Inbound,Boyatt Wood - Shootash,price_band_1.0@ChildSingle,1.0
SVCT_5022_Outbound_YoungAdSingle_a9f4b9e2-e9ea-4456-80e3-47fe03b77367_639196404303905122.xml,SVCT,Go South Coast,Go South Coast 5022 Outbound,Shanklin - Community Route 22,price_band_2.4@YoungAdSingle,2.4
SWWD_7201_Outbound_ChildSingle_a9f4b9e2-e9ea-4456-80e3-47fe03b77367_639196409668297115.xml,SWWD,Go South Coast,Go South Coast 7201 Outbound,Figheldean - Salisbury,price_band_2.2@ChildSingle,2.2
SWWD_3885_Inbound_AdultReturn_a9f4b9e2-e9ea-4456-80e3-47fe03b77367_639196400739582598.xml,SWWD,Go South Coast,Go South Coast 3885 Inbound,Whaddon - Burgate School,price_band_6.0@AdultReturn,6.0
BLUS_4815_Outbound_AdultSingle_a9f4b9e2-e9ea-4456-80e3-47fe03b77367_639196403562164209.xml,BLUS,Go South Coast,Go South Coast 4815 Outbound,Boyatt Wood - Eastleigh,price_band_2.5@AdultSingle,2.5
TDTR_7148_Outbound_ChildSingle_a9f4b9e2-e9ea-4456-80e3-47fe03b77367_639196409205118335.xml,TDTR,Go South Coast,Go South Coast 7148 Outbound,Swindon - Marlborough,price_band_1.4@ChildSingle,1.4
SWWD_3407_Outbound_ChildSingle_a9f4b9e2-e9ea-4456-80e3-47fe03b77367_639196397493104918.xml,SWWD,Go South Coast,Go South Coast 3407 Outbound,Salisbury - Southampton,price_band_3.0@ChildSingle,3.0
WDBC_6418_Outbound_AdultSingle_a9f4b9e2-e9ea-4456-80e3-47fe03b77367_639196406735669010.xml,WDBC,Go South Coast,Go South Coast 6418 Outbound,Sandbanks Ferry - Poole Grammar School,price_band_3.5@AdultSingle,3.5
BLUS_4506_Inbound_ChildReturn_a9f4b9e2-e9ea-4456-80e3-47fe03b77367_639196402995709703.xml,BLUS,Go South Coast,Go South Coast 4506 Inbound,City Centre - Cantell School,price_band_2.5@ChildReturn,2.5
SWWD_3012_Outbound_AdultReturn_a9f4b9e2-e9ea-4456-80e3-47fe03b77367_639196391258849010.xml,SWWD,Go South Coast,Go South Coast 3012 Outbound,Salisbury - Stratford,price_band_4.5@AdultReturn,4.5
BLUS_4022_Outbound_ChildSingle_f15d1b06-486f-433a-8991-95f1a97a87e0_639196402414908797.xml,BLUS,Go South Coast,Go South Coast 4022 Outbound,Southampton - Shirley,price_band_1.0@ChildSingle,1.0
SWWD_3726_Outbound_ChildReturn_a9f4b9e2-e9ea-4456-80e3-47fe03b77367_639196400436322760.xml,SWWD,Go South Coast,Go South Coast 3726 Outbound,Salisbury - East Knoyle,price_band_4.5@ChildReturn,4.5
SWWD_3308_Inbound_ChildReturn_a9f4b9e2-e9ea-4456-80e3-47fe03b77367_639196394611227461.xml,SWWD,Go South Coast,Go South Coast 3308 Inbound,Blue Boar Row - Ditchampton,price_band_3.8@ChildReturn,3.8
SVCT_5006_Outbound_YoungAdSingle_a9f4b9e2-e9ea-4456-80e3-47fe03b77367_639196403997781994.xml,SVCT,Go South Coast,Go South Coast 5006 Outbound,Newport  - Ventnor,price_band_3.0@YoungAdSingle,3.0
SWWD_3404_Inbound_AdultSingle_a9f4b9e2-e9ea-4456-80e3-47fe03b77367_639196396052749845.xml,SWWD,Go South Coast,Go South Coast 3404 Inbound,Salisbury - Larkhill,price_band_2.4@AdultSingle,2.4
WDBC_8279_Outbound_AdultSingle_a9f4b9e2-e9ea-4456-80e3-47fe03b77367_639196410391571978.xml,WDBC,Go South Coast,Go South Coast 8279 Outbound,New Milton - Brockenhurst BLUE,price_band_3.5@AdultSingle,3.5
WDBC_1762_Inbound_AdultSingle_a9f4b9e2-e9ea-4456-80e3-47fe03b77367_639196379152000511.xml,WDBC,Go South Coast,Go South Coast 1762 Inbound,Merley - Corfe Hills,price_band_2.5@AdultSingle,2.5
TDTR_7180_Outbound_AdultSingle_a9f4b9e2-e9ea-4456-80e3-47fe03b77367_639196409531579251.xml,TDTR,Go South Coast,Go South Coast 7180 Outbound,Marlborough - Ludgershall,price_band_2.4@AdultSingle,2.4
WDBC_1017_Inbound_AdultReturn_a9f4b9e2-e9ea-4456-80e3-47fe03b77367_639196372577167753.xml,WDBC,Go South Coast,Go South Coast 1017 Inbound,Poole - Bournemouth,price_band_4.7@AdultReturn,4.7
SWWD_7201_Outbound_AdultSingle_a9f4b9e2-e9ea-4456-80e3-47fe03b77367_639196409646102895.xml,SWWD,Go South Coast,Go South Coast 7201 Outbound,Figheldean - Salisbury,price_band_2.5@AdultSingle,2.5
WDBC_2002_Inbound_AdultSingle_a9f4b9e2-e9ea-4456-80e3-47fe03b77367_639196385036836003.xml,WDBC,Go South Coast,Go South Coast 2002 Inbound,Bournemouth - Lymington,price_band_2.6@AdultSingle,2.6
SWWD_3457_Outbound_ChildReturn_a9f4b9e2-e9ea-4456-80e3-47fe03b77367_639196398318067462.xml,SWWD,Go South Coast,Go South Coast 3457 Outbound,Salisbury - Southampton,price_band_4.5@ChildReturn,4.5
WDBC_1788_Inbound_ChildReturn_a9f4b9e2-e9ea-4456-80e3-47fe03b77367_639196379244026628.xml,WDBC,Go South Coast,Go South Coast 1788 Inbound,Walkford - Bournemouth School for Girls,price_band_5.9@ChildReturn,5.9
WDBC_3882_Inbound_ChildReturn_a9f4b9e2-e9ea-4456-80e3-47fe03b77367_639196400640344963.xml,WDBC,Go South Coast,Go South Coast 3882 Inbound,Stratford Road Grammar School - Burgate School,price_band_2.5@ChildReturn,2.5
SVCT_5271_Inbound_YoungAdSingle_a9f4b9e2-e9ea-4456-80e3-47fe03b77367_639196405658113022.xml,SVCT,Go South Coast,Go South Coast 5271 Inbound,Ryde - Ventnor,price_band_2.4@YoungAdSingle,2.4
WDBC_1950_Outbound_ChildSingle_a9f4b9e2-e9ea-4456-80e3-47fe03b77367_639196383874299538.xml,WDBC,Go South Coast,Go South Coast 1950 Outbound,Bournemouth - Swanage,price_band_2.5@ChildSingle,2.5
BLUS_4008_Inbound_ChildReturn_a9f4b9e2-e9ea-4456-80e3-47fe03b77367_639196401431499465.xml,BLUS,Go South Coast,Go South Coast 4008 Inbound,Southampton - Hythe,price_band_2.7@ChildReturn,2.7
WDBC_1886_Outbound_ChildReturn_a9f4b9e2-e9ea-4456-80e3-47fe03b77367_639196383068478920.xml,WDBC,Go South Coast,Go South Coast 1886 Outbound,Corfe Mullen - St Peters School,price_band_6.6@ChildReturn,6.6
SWWD_7201_Outbound_ChildReturn_a9f4b9e2-e9ea-4456-80e3-47fe03b77367_639196409679715329.xml,SWWD,Go South Coast,Go South Coast 7201 Outbound,Figheldean - Salisbury,price_band_3.5@ChildReturn,3.5
WDBC_1885_Outbound_ChildSingle_a9f4b9e2-e9ea-4456-80e3-47fe03b77367_639196382717164474.xml,WDBC,Go South Coast,Go South Coast 1885 Outbound,Bournemouth University - St Peters School,price_band_3.4@ChildSingle,3.4
DAMY_6487_Inbound_ChildReturn_a9f4b9e2-e9ea-4456-80e3-47fe03b77367_639196407097431280.xml,DAMY,Go South Coast,Go South Coast 6487 Inbound,Blandford - Dorchester,price_band_4.0@ChildReturn,4.0
TDTR_7154_Inbound_YoungPersonSgl_a9f4b9e2-e9ea-4456-80e3-47fe03b77367_639196409264360759.xml,TDTR,Go South Coast,Go South Coast 7154 Inbound,Ramleaze (Orkney Close) - Ridgeway School,price_band_2.6@YoungPersonSgl,2.6
WDBC_1106_Inbound_ChildSingle_a9f4b9e2-e9ea-4456-80e3-47fe03b77367_639196377302506568.xml,WDBC,Go South Coast,Go South Coast 1106 Inbound,Poole - Tower Park,price_band_2.5@ChildSingle,2.5
WDBC_1170_Outbound_ChildSingle_a9f4b9e2-e9ea-4456-80e3-47fe03b77367_639196378486419292.xml,WDBC,Go South Coast,Go South Coast 1170 Outbound,Rockley Park - Hengistbury Head,price_band_2.2@ChildSingle,2.2
SWWD_3126_Outbound_AdultSingle_a9f4b9e2-e9ea-4456-80e3-47fe03b77367_639196393235980758.xml,SWWD,Go South Coast,Go South Coast 3126 Outbound,Salisbury - Hindon,price_band_2.7@AdultSingle,2.7
BLUS_4805_Outbound_AdultSingle_a9f4b9e2-e9ea-4456-80e3-47fe03b77367_639196403507435583.xml,BLUS,Go South Coast,Go South Coast 4805 Outbound,Boyatt Wood - Shootash,price_band_3.0@AdultSingle,3.0
WDBC_1805_Outbound_ChildReturn_a9f4b9e2-e9ea-4456-80e3-47fe03b77367_639196379814868213.xml,WDBC,Go South Coast,Go South Coast 1805 Outbound,Bournemouth - Kinson,price_band_3.4@ChildReturn,3.4
WDBC_1806_Outbound_ChildSingle_a9f4b9e2-e9ea-4456-80e3-47fe03b77367_639196379954878978.xml,WDBC,Go South Coast,Go South Coast 1806 Outbound,Bournemouth - Wimborne,price_band_2.8@ChildSingle,2.8
SWWD_3763_Outbound_ChildReturn_a9f4b9e2-e9ea-4456-80e3-47fe03b77367_639196400519593475.xml,SWWD,Go South Coast,Go South Coast 3763 Outbound,Mount Pleasant Farm - Burgate School,price_band_5.6@ChildReturn,5.6
WDBC_2956_Outbound_ChildSingle_d46597a9-440e-4c13-b49a-76a3986683d1_639196390123232397.xml,WDBC,Go South Coast,Go South Coast 2956 Outbound,Ringwood - Bournemouth,price_band_3.0@ChildSingle,3.0
DAMY_6505_Inbound_AdultSingle_a9f4b9e2-e9ea-4456-80e3-47fe03b77367_639196407169414629.xml,DAMY,Go South Coast,Go South Coast 6505 Inbound,Weymouth - Dorchester,price_band_2.6@AdultSingle,2.6
UNIL_4709_Outbound_AdultSingle_eed5e2e8-c472-41af-825e-db09ec887334_639196403160312143.xml,UNIL,Go South Coast,Go South Coast 4709 Outbound,Townhill Park - General Hospital,price_band_1.0@AdultSingle,1.0
WDBC_1837_Inbound_AdultSingle_2f1f0c04-770d-4707-ab06-213c5a798ad7_639196381876655621.xml,WDBC,Go South Coast,Go South Coast 1837 Inbound,Bournemouth - Bournemouth International Airport,price_band_2.3@AdultSingle,2.3
SWWD_3044_Outbound_AdultReturn_a9f4b9e2-e9ea-4456-80e3-47fe03b77367_639196391677734087.xml,SWWD,Go South Coast,Go South Coast 3044 Outbound,Salisbury - Woodfalls,price_band_5.7@AdultReturn,5.7
SWWD_3684_Inbound_ChildReturn_a9f4b9e2-e9ea-4456-80e3-47fe03b77367_639196400273843845.xml,SWWD,Go South Coast,Go South Coast 3684 Inbound,Coombe Bissett - Burgate,price_band_5.6@ChildReturn,5.6
WDBC_1105_Outbound_AdultSingle_a9f4b9e2-e9ea-4456-80e3-47fe03b77367_639196377244854915.xml,WDBC,Go South Coast,Go South Coast 1105 Outbound,Poole - Tower Park,price_band_3.0@AdultSingle,3.0
WDBC_2761_Inbound_AdultSingle_a9f4b9e2-e9ea-4456-80e3-47fe03b77367_639196387434425384.xml,WDBC,Go South Coast,Go South Coast 2761 Inbound,Bunkers Hill Cottage - Priestlands School,price_band_3.3@AdultSingle,3.3
WDBC_1837_Outbound_ChildSingle_a9f4b9e2-e9ea-4456-80e3-47fe03b77367_639196381935312133.xml,WDBC,Go South Coast,Go South Coast 1837 Outbound,Bournemouth - Bournemouth International Airport,price_band_2.3@ChildSingle,2.3
SWWD_3125_Inbound_AdultSingle_a9f4b9e2-e9ea-4456-80e3-47fe03b77367_639196392761265647.xml,SWWD,Go South Coast,Go South Coast 3125 Inbound,South Wilts Grammar School - Hindon,price_band_3.0@AdultSingle,3.0
WDBC_1003_Outbound_ChildSingle_2f1f0c04-770d-4707-ab06-213c5a798ad7_639196370485563140.xml,WDBC,Go South Coast,Go South Coast 1003 Outbound,Poole - Wimborne,price_band_1.0@ChildSingle,1.0
SWWD_3029_Inbound_AdultReturn_a9f4b9e2-e9ea-4456-80e3-47fe03b77367_639196391342117362.xml,SWWD,Go South Coast,Go South Coast 3029 Inbound,Salisbury - Shaftesbury,price_band_6.0@AdultReturn,6.0
WDBC_2401_Outbound_ChildSingle_a9f4b9e2-e9ea-4456-80e3-47fe03b77367_639196386960144244.xml,WDBC,Go South Coast,Go South Coast 2401 Outbound,Verwood - Ferndown Upper,price_band_3.5@ChildSingle,3.5
BLUS_3634_Inbound_AdultReturn_a9f4b9e2-e9ea-4456-80e3-47fe03b77367_639196399657109726.xml,BLUS,Go South Coast,Go South Coast 3634 Inbound,East Wellow  - Romsey School,price_band_5.4@AdultReturn,5.4
WDBC_1053_Inbound_AdultSingle_2f1f0c04-770d-4707-ab06-213c5a798ad7_639196376135837412.xml,WDBC,Go South Coast,Go South Coast 1053 Inbound,Bournemouth - Wimborne,price_band_2.3@AdultSingle,2.3
WDBC_6737_Outbound_ChildSingle_a9f4b9e2-e9ea-4456-80e3-47fe03b77367_639196407389656932.xml,WDBC,Go South Coast,Go South Coast 6737 Outbound,Verwood - Ferndown Upper School,price_band_3.5@ChildSingle,3.5
WDBC_6415_Inbound_AdultSingle_a9f4b9e2-e9ea-4456-80e3-47fe03b77367_639196406488668465.xml,WDBC,Go South Coast,Go South Coast 6415 Inbound,St Anns Hospital - Poole Grammar School,price_band_2.2@AdultSingle,2.2
WDBC_1013_Outbound_ChildSingle_d46597a9-440e-4c13-b49a-76a3986683d1_639196371637714285.xml,WDBC,Go South Coast,Go South Coast 1013 Outbound,Bournemouth - Wimborne,price_band_2.5@ChildSingle,2.5
SWWD_3763_Inbound_ChildReturn_a9f4b9e2-e9ea-4456-80e3-47fe03b77367_639196400489938277.xml,SWWD,Go South Coast,Go South Coast 3763 Inbound,Mount Pleasant Farm - Burgate School,price_band_4.1@ChildReturn,4.1
SWWD_3326_Inbound_ChildSingle_a9f4b9e2-e9ea-4456-80e3-47fe03b77367_639196395131968093.xml,SWWD,Go South Coast,Go South Coast 3326 Inbound,Salisbury - Hindon,price_band_2.9@ChildSingle,2.9
BLUS_4009_Inbound_AdultSingle_f15d1b06-486f-433a-8991-95f1a97a87e0_639196401552558300.xml,BLUS,Go South Coast,Go South Coast 4009 Inbound,Southampton - Langley/Fawley,price_band_1.0@AdultSingle,1.0
SWWD_7201_Outbound_ChildSingle_a9f4b9e2-e9ea-4456-80e3-47fe03b77367_639196409668297115.xml,SWWD,Go South Coast,Go South Coast 7201 Outbound,Figheldean - Salisbury,price_band_2.8@ChildSingle,2.8
TDTR_3820_Outbound_ChildReturn_a9f4b9e2-e9ea-4456-80e3-47fe03b77367_639196400559854465.xml,TDTR,Go South Coast,Go South Coast 3820 Outbound,Marlborough - Newbury,price_band_2.3@ChildReturn,2.3
SWWD_3325_Outbound_ChildSingle_a9f4b9e2-e9ea-4456-80e3-47fe03b77367_639196394977169430.xml,SWWD,Go South Coast,Go South Coast 3325 Outbound,South Wilts Grammar School - Hindon,price_band_2.5@ChildSingle,2.5
SVCT_5409_Outbound_AdultSingle_a9f4b9e2-e9ea-4456-80e3-47fe03b77367_639196405815849286.xml,SVCT,Go South Coast,Go South Coast 5409 Outbound,Newport  - Ryde [N9],price_band_3.0@AdultSingle,3.0
WDBC_6416_Inbound_ChildReturn_a9f4b9e2-e9ea-4456-80e3-47fe03b77367_639196406612122695.xml,WDBC,Go South Coast,Go South Coast 6416 Inbound,Penn Hill Avenue  - Poole Grammar School,price_band_3.7@ChildReturn,3.7
SVCT_8505_Outbound_YoungAdSingle_a9f4b9e2-e9ea-4456-80e3-47fe03b77367_639196410756583036.xml,SVCT,Go South Coast,Go South Coast 8505 Outbound,Shanklin - Shuttle,price_band_3.4@YoungAdSingle,3.4
TDTR_7080_Inbound_YoungPersonSgl_a9f4b9e2-e9ea-4456-80e3-47fe03b77367_639196408796693410.xml,TDTR,Go South Coast,Go South Coast 7080 Inbound,Swindon - Marlborough,price_band_2.4@YoungPersonSgl,2.4
WDBC_1805_Outbound_AdultReturn_a9f4b9e2-e9ea-4456-80e3-47fe03b77367_639196379801758404.xml,WDBC,Go South Coast,Go South Coast 1805 Outbound,Bournemouth - Kinson,price_band_4.5@AdultReturn,4.5
SWWD_3881_Inbound_ChildSingle_a9f4b9e2-e9ea-4456-80e3-47fe03b77367_639196400580339402.xml,SWWD,Go South Coast,Go South Coast 3881 Inbound,Wilton Road  - Burgate School,price_band_2.6@ChildSingle,2.6
WDBC_1883_Inbound_ChildReturn_a9f4b9e2-e9ea-4456-80e3-47fe03b77367_639196382512904232.xml,WDBC,Go South Coast,Go South Coast 1883 Inbound,Alum Chine - Castlepoint,price_band_2.8@ChildReturn,2.8
WDBC_1032_Outbound_AdultReturn_a9f4b9e2-e9ea-4456-80e3-47fe03b77367_639196374416851020.xml,WDBC,Go South Coast,Go South Coast 1032 Outbound,Poole - Bournemouth,price_band_4.7@AdultReturn,4.7
WDBC_2176_Inbound_AdultReturn_a9f4b9e2-e9ea-4456-80e3-47fe03b77367_639196386508659951.xml,WDBC,Go South Coast,Go South Coast 2176 Inbound,Christchurch - Ringwood,price_band_4.2@AdultReturn,4.2
TDTR_7005_Inbound_YoungPersonSgl_a9f4b9e2-e9ea-4456-80e3-47fe03b77367_639196408089555894.xml,TDTR,Go South Coast,Go South Coast 7005 Inbound,Haydon Wick - Park North,price_band_1.8@YoungPersonSgl,1.8
DAMY_6505_Inbound_ChildReturn_a9f4b9e2-e9ea-4456-80e3-47fe03b77367_639196407196013441.xml,DAMY,Go South Coast,Go South Coast 6505 Inbound,Weymouth - Dorchester,price_band_3.7@ChildReturn,3.7
SWWD_3763_Inbound_AdultSingle_a9f4b9e2-e9ea-4456-80e3-47fe03b77367_639196400467321605.xml,SWWD,Go South Coast,Go South Coast 3763 Inbound,Mount Pleasant Farm - Burgate School,price_band_4.2@AdultSingle,4.2
SWWD_3008_Inbound_ChildSingle_a9f4b9e2-e9ea-4456-80e3-47fe03b77367_639196390674414802.xml,SWWD,Go South Coast,Go South Coast 3008 Inbound,Salisbury - Zouch Estate,price_band_1.9@ChildSingle,1.9
WDBC_1053_Inbound_ChildReturn_a9f4b9e2-e9ea-4456-80e3-47fe03b77367_639196376058761639.xml,WDBC,Go South Coast,Go South Coast 1053 Inbound,Bournemouth - Wimborne,price_band_4.0@ChildReturn,4.0
SWWD_3402_Outbound_AdultSingle_a9f4b9e2-e9ea-4456-80e3-47fe03b77367_639196395998165671.xml,SWWD,Go South Coast,Go South Coast 3402 Outbound,Salisbury - Devizes,price_band_2.3@AdultSingle,2.3
WDBC_1801_Inbound_AdultSingle_2f1f0c04-770d-4707-ab06-213c5a798ad7_639196379453020720.xml,WDBC,Go South Coast,Go South Coast 1801 Inbound,Bournemouth - Christchurch,price_band_1.0@AdultSingle,1.0
SWWD_3110_Inbound_AdultSingle_a9f4b9e2-e9ea-4456-80e3-47fe03b77367_639196392724676717.xml,SWWD,Go South Coast,Go South Coast 3110 Inbound,Bedwyn - Marlborough,price_band_3.0@AdultSingle,3.0
BLUS_4204_Inbound_ChildReturn_a9f4b9e2-e9ea-4456-80e3-47fe03b77367_639196402829776336.xml,BLUS,Go South Coast,Go South Coast 4204 Inbound,Totton - Totton Anti-Clockwise,price_band_3.9@ChildReturn,3.9
SWWD_3405_Outbound_ChildSingle_a9f4b9e2-e9ea-4456-80e3-47fe03b77367_639196396786684282.xml,SWWD,Go South Coast,Go South Coast 3405 Outbound,Salisbury - Pewsey,price_band_2.1@ChildSingle,2.1
TDTR_7046_Outbound_ChildSingle_a9f4b9e2-e9ea-4456-80e3-47fe03b77367_639196408440599274.xml,TDTR,Go South Coast,Go South Coast 7046 Outbound,Swindon - Hungerford,price_band_2.8@ChildSingle,2.8
WDBC_1003_Outbound_ChildReturn_a9f4b9e2-e9ea-4456-80e3-47fe03b77367_639196370448802847.xml,WDBC,Go South Coast,Go South Coast 1003 Outbound,Poole - Wimborne,price_band_2.8@ChildReturn,2.8
BLUS_4022_Inbound_AdultSingle_f15d1b06-486f-433a-8991-95f1a97a87e0_639196402381258968.xml,BLUS,Go South Coast,Go South Coast 4022 Inbound,Southampton - Shirley,price_band_1.0@AdultSingle,1.0
DAMY_6905_Outbound_AdultReturn_a9f4b9e2-e9ea-4456-80e3-47fe03b77367_639196407708914715.xml,DAMY,Go South Coast,Go South Coast 6905 Outbound,Warmwell - Dorchester,price_band_6.0@AdultReturn,6.0
WDBC_2001_Outbound_ChildSingle_a9f4b9e2-e9ea-4456-80e3-47fe03b77367_639196384755784352.xml,WDBC,Go South Coast,Go South Coast 2001 Outbound,Bournemouth - Lymington,price_band_2.2@ChildSingle,2.2
WDBC_1054_Outbound_ChildSingle_a9f4b9e2-e9ea-4456-80e3-47fe03b77367_639196376668519897.xml,WDBC,Go South Coast,Go South Coast 1054 Outbound,Poole - Wimborne,price_band_2.5@ChildSingle,2.5
WDBC_6419_Inbound_ChildSingle_a9f4b9e2-e9ea-4456-80e3-47fe03b77367_639196406796721247.xml,WDBC,Go South Coast,Go South Coast 6419 Inbound,Compton Avenue - Poole Grammar,price_band_2.4@ChildSingle,2.4
WDBC_1006_Outbound_ChildSingle_a9f4b9e2-e9ea-4456-80e3-47fe03b77367_639196370807924324.xml,WDBC,Go South Coast,Go South Coast 1006 Outbound,Poole - Tower Park,price_band_2.5@ChildSingle,2.5
BLUS_4805_Outbound_ChildReturn_a9f4b9e2-e9ea-4456-80e3-47fe03b77367_639196403445813195.xml,BLUS,Go South Coast,Go South Coast 4805 Outbound,Boyatt Wood - Shootash,price_band_3.7@ChildReturn,3.7
WDBC_1831_Inbound_AdultSingle_a9f4b9e2-e9ea-4456-80e3-47fe03b77367_639196381148799421.xml,WDBC,Go South Coast,Go South Coast 1831 Inbound,Bournemouth - Hunt Road and Somerford,price_band_2.3@AdultSingle,2.3
SWWD_3307_Outbound_AdultReturn_a9f4b9e2-e9ea-4456-80e3-47fe03b77367_639196394588117267.xml,SWWD,Go South Coast,Go South Coast 3307 Outbound,City Centre - Bishopdown Farm,price_band_4.5@AdultReturn,4.5
WDBC_1801_Outbound_ChildSingle_2f1f0c04-770d-4707-ab06-213c5a798ad7_639196379531125859.xml,WDBC,Go South Coast,Go South Coast 1801 Outbound,Bournemouth - Christchurch,price_band_1.0@ChildSingle,1.0
WDBC_1013_Inbound_ChildSingle_d46597a9-440e-4c13-b49a-76a3986683d1_639196371388291411.xml,WDBC,Go South Coast,Go South Coast 1013 Inbound,Bournemouth - Wimborne,price_band_2.1@ChildSingle,2.1
SWWD_3407_Outbound_ChildReturn_a9f4b9e2-e9ea-4456-80e3-47fe03b77367_639196397524240595.xml,SWWD,Go South Coast,Go South Coast 3407 Outbound,Salisbury - Southampton,price_band_2.5@ChildReturn,2.5
WDBC_1755_Inbound_ChildReturn_a9f4b9e2-e9ea-4456-80e3-47fe03b77367_639196379128472663.xml,WDBC,Go South Coast,Go South Coast 1755 Inbound,Bournemouth Station - Bournemouth School for Girls,price_band_3.1@ChildReturn,3.1
WDBC_1050_Inbound_ChildSingle_d46597a9-440e-4c13-b49a-76a3986683d1_639196375612020620.xml,WDBC,Go South Coast,Go South Coast 1050 Inbound,Bournemouth Station - Swanage,price_band_2.9@ChildSingle,2.9
WDBC_2186_Outbound_ChildReturn_a9f4b9e2-e9ea-4456-80e3-47fe03b77367_639196386777685999.xml,WDBC,Go South Coast,Go South Coast 2186 Outbound,Southampton - Lymington,price_band_4.0@ChildReturn,4.0
SVCT_5012_Outbound_YoungAdSingle_a9f4b9e2-e9ea-4456-80e3-47fe03b77367_639196404289491590.xml,SVCT,Go South Coast,Go South Coast 5012 Outbound,Newport - Alum Bay,price_band_3.0@YoungAdSingle,3.0
WDBC_1846_Outbound_AdultSingle_a9f4b9e2-e9ea-4456-80e3-47fe03b77367_639196382451513303.xml,WDBC,Go South Coast,Go South Coast 1846 Outbound,Throop - Avonbourne Academy,price_band_4.0@AdultSingle,4.0
WDBC_1015_Outbound_ChildSingle_a9f4b9e2-e9ea-4456-80e3-47fe03b77367_639196371920220477.xml,WDBC,Go South Coast,Go South Coast 1015 Outbound,Poole - Bournemouth Hospital,price_band_2.3@ChildSingle,2.3
WDBC_2953_Inbound_ChildReturn_a9f4b9e2-e9ea-4456-80e3-47fe03b77367_639196388696796653.xml,WDBC,Go South Coast,Go South Coast 2953 Inbound,Salisbury - Ringwood,price_band_3.7@ChildReturn,3.7
SVCT_5001_Outbound_YoungAdSingle_a9f4b9e2-e9ea-4456-80e3-47fe03b77367_639196403599692597.xml,SVCT,Go South Coast,Go South Coast 5001 Outbound,Newport - Cowes,price_band_2.4@YoungAdSingle,2.4
SVCT_5151_Inbound_ChildSingle_a9f4b9e2-e9ea-4456-80e3-47fe03b77367_639196405475767441.xml,SVCT,Go South Coast,Go South Coast 5151 Inbound,Enterprise College - Newport,price_band_1.8@ChildSingle,1.8
DAMY_6020_Inbound_ChildSingle_a9f4b9e2-e9ea-4456-80e3-47fe03b77367_639196406032203739.xml,DAMY,Go South Coast,Go South Coast 6020 Inbound,Salisbury - Blandford,price_band_2.1@ChildSingle,2.1
SWWD_3663_Inbound_ChildReturn_a9f4b9e2-e9ea-4456-80e3-47fe03b77367_639196400029974223.xml,SWWD,Go South Coast,Go South Coast 3663 Inbound,Wilton Road  - Laverstock Schools,price_band_3.6@ChildReturn,3.6
WDBC_1788_Outbound_ChildReturn_a9f4b9e2-e9ea-4456-80e3-47fe03b77367_639196379266735554.xml,WDBC,Go South Coast,Go South Coast 1788 Outbound,Walkford - Bournemouth School for Girls,price_band_3.1@ChildReturn,3.1
SWWD_3322_Outbound_ChildReturn_a9f4b9e2-e9ea-4456-80e3-47fe03b77367_639196394759417497.xml,SWWD,Go South Coast,Go South Coast 3322 Outbound,City Centre - Bishopdown,price_band_3.6@ChildReturn,3.6
SWWD_3088_Inbound_AdultReturn_a9f4b9e2-e9ea-4456-80e3-47fe03b77367_639196391861650613.xml,SWWD,Go South Coast,Go South Coast 3088 Inbound,Salisbury - Winterslow Gunville Stockbridge Turn,price_band_4.5@AdultReturn,4.5
WDBC_2613_Outbound_AdultSingle_a9f4b9e2-e9ea-4456-80e3-47fe03b77367_639196387127437651.xml,WDBC,Go South Coast,Go South Coast 2613 Outbound,Broadstone - Brockenhurst College,price_band_2.6@AdultSingle,2.6
DAMY_3183_Inbound_AdultReturn_a9f4b9e2-e9ea-4456-80e3-47fe03b77367_639196393797551416.xml,DAMY,Go South Coast,Go South Coast 3183 Inbound,Blandford - Weymouth,price_band_5.8@AdultReturn,5.8
WDBC_1054_Outbound_ChildSingle_a9f4b9e2-e9ea-4456-80e3-47fe03b77367_639196376668519897.xml,WDBC,Go South Coast,Go South Coast 1054 Outbound,Poole - Wimborne,price_band_3.0@ChildSingle,3.0
WDBC_1003_Outbound_ChildReturn_a9f4b9e2-e9ea-4456-80e3-47fe03b77367_639196370448802847.xml,WDBC,Go South Coast,Go South Coast 1003 Outbound,Poole - Wimborne,price_band_3.4@ChildReturn,3.4
BLUS_4424_Inbound_ChildReturn_a9f4b9e2-e9ea-4456-80e3-47fe03b77367_639196402889552044.xml,BLUS,Go South Coast,Go South Coast 4424 Inbound,Eastleigh - Hedge End,price_band_4.0@ChildReturn,4.0
SWWD_3886_Outbound_AdultSingle_a9f4b9e2-e9ea-4456-80e3-47fe03b77367_639196400888306245.xml,SWWD,Go South Coast,Go South Coast 3886 Outbound,St Peters Place  - Burgate School,price_band_3.0@AdultSingle,3.0
SWWD_3885_Outbound_AdultSingle_a9f4b9e2-e9ea-4456-80e3-47fe03b77367_639196400790128512.xml,SWWD,Go South Coast,Go South Coast 3885 Outbound,Whaddon - Burgate School,price_band_2.9@AdultSingle,2.9
DAMY_3183_Outbound_ChildReturn_a9f4b9e2-e9ea-4456-80e3-47fe03b77367_639196393946141695.xml,DAMY,Go South Coast,Go South Coast 3183 Outbound,Blandford - Weymouth,price_band_3.6@ChildReturn,3.6
SWWD_3044_Inbound_ChildSingle_a9f4b9e2-e9ea-4456-80e3-47fe03b77367_639196391667798972.xml,SWWD,Go South Coast,Go South Coast 3044 Inbound,Salisbury - Woodfalls,price_band_1.9@ChildSingle,1.9
WDBC_8429_Outbound_AdultSingle_a9f4b9e2-e9ea-4456-80e3-47fe03b77367_639196410430594161.xml,WDBC,Go South Coast,Go South Coast 8429 Outbound,Exbury - Lyndhurst GREEN,price_band_3.0@AdultSingle,3.0
BLUS_4014_Inbound_AdultReturn_a9f4b9e2-e9ea-4456-80e3-47fe03b77367_639196401851763851.xml,BLUS,Go South Coast,Go South Coast 4014 Inbound,Southampton - Hedge End,price_band_4.5@AdultReturn,4.5
WDBC_1052_Outbound_ChildSingle_a9f4b9e2-e9ea-4456-80e3-47fe03b77367_639196375937797115.xml,WDBC,Go South Coast,Go South Coast 1052 Outbound,Rockley - Sandbanks,price_band_2.5@ChildSingle,2.5
TDTR_7048_Outbound_AdultSingle_a9f4b9e2-e9ea-4456-80e3-47fe03b77367_639196408520228081.xml,TDTR,Go South Coast,Go South Coast 7048 Outbound,Swindon - Marlborough,price_band_2.6@AdultSingle,2.6
TDTR_3620_Inbound_AdultReturn_a9f4b9e2-e9ea-4456-80e3-47fe03b77367_639196399600774663.xml,TDTR,Go South Coast,Go South Coast 3620 Inbound,Hungerford Priory  - St Johns Sch,price_band_4.5@AdultReturn,4.5
WDBC_1060_Inbound_ChildSingle_a9f4b9e2-e9ea-4456-80e3-47fe03b77367_639196376758367974.xml,WDBC,Go South Coast,Go South Coast 1060 Inbound,Rockley - Sandbanks,price_band_2.8@ChildSingle,2.8
WDBC_2775_Outbound_AdultReturn_a9f4b9e2-e9ea-4456-80e3-47fe03b77367_639196387499276152.xml,WDBC,Go South Coast,Go South Coast 2775 Outbound,Milford on Sea - Priestlands School,price_band_4.2@AdultReturn,4.2
BLUS_4014_Outbound_AdultReturn_a9f4b9e2-e9ea-4456-80e3-47fe03b77367_639196401885966456.xml,BLUS,Go South Coast,Go South Coast 4014 Outbound,Southampton - Hedge End,price_band_6.0@AdultReturn,6.0
SWWD_3138_Inbound_AdultReturn_a9f4b9e2-e9ea-4456-80e3-47fe03b77367_639196393538335291.xml,SWWD,Go South Coast,Go South Coast 3138 Inbound,West Dean  - Laverstock & Grammar,price_band_4.5@AdultReturn,4.5
WDBC_1002_Inbound_ChildSingle_2f1f0c04-770d-4707-ab06-213c5a798ad7_639196369969283424.xml,WDBC,Go South Coast,Go South Coast 1002 Inbound,Poole - Southbourne,price_band_1.0@ChildSingle,1.0
WDBC_1950_Outbound_ChildReturn_a9f4b9e2-e9ea-4456-80e3-47fe03b77367_639196383897377725.xml,WDBC,Go South Coast,Go South Coast 1950 Outbound,Bournemouth - Swanage,price_band_6.0@ChildReturn,6.0
SWWD_3101_Outbound_YoungPersonSgl_a9f4b9e2-e9ea-4456-80e3-47fe03b77367_639196391994442341.xml,SWWD,Go South Coast,Go South Coast 3101 Outbound,Devizes - Pewsey,price_band_1.5@YoungPersonSgl,1.5
WDBC_6415_Outbound_ChildSingle_a9f4b9e2-e9ea-4456-80e3-47fe03b77367_639196406582208448.xml,WDBC,Go South Coast,Go South Coast 6415 Outbound,St Anns Hospital - Poole Grammar School,price_band_3.1@ChildSingle,3.1
WDBC_1950_Inbound_ChildReturn_a9f4b9e2-e9ea-4456-80e3-47fe03b77367_639196383626189776.xml,WDBC,Go South Coast,Go South Coast 1950 Inbound,Bournemouth - Swanage,price_band_5.6@ChildReturn,5.6
WDBC_1811_Outbound_ChildReturn_a9f4b9e2-e9ea-4456-80e3-47fe03b77367_639196380095499254.xml,WDBC,Go South Coast,Go South Coast 1811 Outbound,Bournemouth - Somerford,price_band_2.8@ChildReturn,2.8
WDBC_1837_Outbound_ChildSingle_a9f4b9e2-e9ea-4456-80e3-47fe03b77367_639196381935312133.xml,WDBC,Go South Coast,Go South Coast 1837 Outbound,Bournemouth - Bournemouth International Airport,price_band_2.8@ChildSingle,2.8
WDBC_1806_Inbound_ChildSingle_2f1f0c04-770d-4707-ab06-213c5a798ad7_639196379915039634.xml,WDBC,Go South Coast,Go South Coast 1806 Inbound,Bournemouth - Wimborne,price_band_2.7@ChildSingle,2.7
SWWD_3308_Outbound_AdultReturn_a9f4b9e2-e9ea-4456-80e3-47fe03b77367_639196394626338918.xml,SWWD,Go South Coast,Go South Coast 3308 Outbound,Blue Boar Row - Ditchampton,price_band_5.4@AdultReturn,5.4
SWWD_3457_Outbound_ChildReturn_a9f4b9e2-e9ea-4456-80e3-47fe03b77367_639196398318067462.xml,SWWD,Go South Coast,Go South Coast 3457 Outbound,Salisbury - Southampton,price_band_4.9@ChildReturn,4.9
WDBC_1001_Inbound_ChildSingle_a9f4b9e2-e9ea-4456-80e3-47fe03b77367_639196369176305284.xml,WDBC,Go South Coast,Go South Coast 1001 Inbound,Poole - Bournemouth Hospital,price_band_2.1@ChildSingle,2.1
WDBC_1837_Outbound_AdultSingle_d46597a9-440e-4c13-b49a-76a3986683d1_639196381957484376.xml,WDBC,Go South Coast,Go South Coast 1837 Outbound,Bournemouth - Bournemouth International Airport,price_band_3.0@AdultSingle,3.0
SWWD_3402_Inbound_AdultReturn_a9f4b9e2-e9ea-4456-80e3-47fe03b77367_639196395826887922.xml,SWWD,Go South Coast,Go South Coast 3402 Inbound,Salisbury - Devizes,price_band_6.0@AdultReturn,6.0
WDBC_2002_Inbound_ChildSingle_a9f4b9e2-e9ea-4456-80e3-47fe03b77367_639196385089390985.xml,WDBC,Go South Coast,Go South Coast 2002 Inbound,Bournemouth - Lymington,price_band_2.1@ChildSingle,2.1
SWWD_3507_Outbound_AdultSingle_a9f4b9e2-e9ea-4456-80e3-47fe03b77367_639196399048556536.xml,SWWD,Go South Coast,Go South Coast 3507 Outbound,City Centre - Lopcombe Corner,price_band_2.3@AdultSingle,2.3
SWWD_3325_Outbound_ChildReturn_a9f4b9e2-e9ea-4456-80e3-47fe03b77367_639196394994539816.xml,SWWD,Go South Coast,Go South Coast 3325 Outbound,South Wilts Grammar School - Hindon,price_band_3.2@ChildReturn,3.2
WDBC_1040_Outbound_AdultSingle_2f1f0c04-770d-4707-ab06-213c5a798ad7_639196375314828207.xml,WDBC,Go South Coast,Go South Coast 1040 Outbound,Swanage - Poole,price_band_1.0@AdultSingle,1.0
TDTR_3820_Inbound_AdultReturn_a9f4b9e2-e9ea-4456-80e3-47fe03b77367_639196400540210961.xml,TDTR,Go South Coast,Go South Coast 3820 Inbound,Marlborough - Newbury,price_band_4.1@AdultReturn,4.1
WDBC_1881_Outbound_AdultReturn_a9f4b9e2-e9ea-4456-80e3-47fe03b77367_639196382490510391.xml,WDBC,Go South Coast,Go South Coast 1881 Outbound,Charminster - Avonbourne Academy,price_band_6.2@AdultReturn,6.2
WDBC_6416_Inbound_AdultSingle_a9f4b9e2-e9ea-4456-80e3-47fe03b77367_639196406602363431.xml,WDBC,Go South Coast,Go South Coast 6416 Inbound,Penn Hill Avenue  - Poole Grammar School,price_band_3.2@AdultSingle,3.2
TDTR_7148_Outbound_AdultReturn_a9f4b9e2-e9ea-4456-80e3-47fe03b77367_639196409191504641.xml,TDTR,Go South Coast,Go South Coast 7148 Outbound,Swindon - Marlborough,price_band_4.5@AdultReturn,4.5
SWWD_3881_Outbound_ChildSingle_a9f4b9e2-e9ea-4456-80e3-47fe03b77367_639196400609537794.xml,SWWD,Go South Coast,Go South Coast 3881 Outbound,Wilton Road  - Burgate School,price_band_2.6@ChildSingle,2.6
WDBC_1111_Outbound_AdultSingle_c8ecdd78-25f4-44ca-849f-b46b34af3909_639196377443806249.xml,WDBC,Go South Coast,Go South Coast 1111 Outbound,Poole - R B Hospital,price_band_3.0@AdultSingle,3.0
WDBC_1804_Inbound_ChildSingle_a9f4b9e2-e9ea-4456-80e3-47fe03b77367_639196379669897960.xml,WDBC,Go South Coast,Go South Coast 1804 Inbound,Bournemouth - Castlepoint,price_band_2.1@ChildSingle,2.1
SWWD_3404_Inbound_ChildSingle_a9f4b9e2-e9ea-4456-80e3-47fe03b77367_639196396114116022.xml,SWWD,Go South Coast,Go South Coast 3404 Inbound,Salisbury - Larkhill,price_band_2.3@ChildSingle,2.3
SWWD_3138_Outbound_AdultReturn_a9f4b9e2-e9ea-4456-80e3-47fe03b77367_639196393558968819.xml,SWWD,Go South Coast,Go South Coast 3138 Outbound,West Dean  - Laverstock & Grammar,price_band_6.0@AdultReturn,6.0
SWWD_3002_Outbound_ChildReturn_a9f4b9e2-e9ea-4456-80e3-47fe03b77367_639196390438312146.xml,SWWD,Go South Coast,Go South Coast 3002 Outbound,Salisbury - Devizes,price_band_2.5@ChildReturn,2.5
SWWD_3325_Inbound_ChildSingle_a9f4b9e2-e9ea-4456-80e3-47fe03b77367_639196394840182380.xml,SWWD,Go South Coast,Go South Coast 3325 Inbound,South Wilts Grammar School - Hindon,price_band_2.3@ChildSingle,2.3
SWWD_3102_Outbound_ChildSingle_a9f4b9e2-e9ea-4456-80e3-47fe03b77367_639196392204977181.xml,SWWD,Go South Coast,Go South Coast 3102 Outbound,Salisbury - Devizes,price_band_2.3@ChildSingle,2.3
WDBC_1053_Inbound_AdultSingle_a9f4b9e2-e9ea-4456-80e3-47fe03b77367_639196376088053578.xml,WDBC,Go South Coast,Go South Coast 1053 Inbound,Bournemouth - Wimborne,price_band_3.0@AdultSingle,3.0
WDBC_1020_Inbound_AdultSingle_a9f4b9e2-e9ea-4456-80e3-47fe03b77367_639196373411086075.xml,WDBC,Go South Coast,Go South Coast 1020 Inbound,Poole - Christchurch,price_band_3.0@AdultSingle,3.0
SWWD_3457_Inbound_AdultSingle_a9f4b9e2-e9ea-4456-80e3-47fe03b77367_639196397949522505.xml,SWWD,Go South Coast,Go South Coast 3457 Inbound,Salisbury - Southampton,price_band_2.8@AdultSingle,2.8
WDBC_2186_Outbound_AdultSingle_f15d1b06-486f-433a-8991-95f1a97a87e0_639196386836339744.xml,WDBC,Go South Coast,Go South Coast 2186 Outbound,Southampton - Lymington,price_band_1.0@AdultSingle,1.0
WDBC_1833_Outbound_AdultSingle_d46597a9-440e-4c13-b49a-76a3986683d1_639196381728611381.xml,WDBC,Go South Coast,Go South Coast 1833 Outbound,Alum Chine - Castlepoint,price_band_1.0@AdultSingle,1.0
SWWD_3325_Inbound_AdultReturn_a9f4b9e2-e9ea-4456-80e3-47fe03b77367_639196394820782745.xml,SWWD,Go South Coast,Go South Coast 3325 Inbound,South Wilts Grammar School - Hindon,price_band_4.5@AdultReturn,4.5
WDBC_1015_Outbound_ChildReturn_a9f4b9e2-e9ea-4456-80e3-47fe03b77367_639196371897513613.xml,WDBC,Go South Coast,Go South Coast 1015 Outbound,Poole - Bournemouth Hospital,price_band_3.1@ChildReturn,3.1
WDBC_2402_Inbound_ChildReturn_a9f4b9e2-e9ea-4456-80e3-47fe03b77367_639196386966854205.xml,WDBC,Go South Coast,Go South Coast 2402 Inbound,Verwood - Ferndown Upper,price_band_5.4@ChildReturn,5.4
SWWD_3533_Inbound_AdultReturn_a9f4b9e2-e9ea-4456-80e3-47fe03b77367_639196399556459866.xml,SWWD,Go South Coast,Go South Coast 3533 Inbound,Dinton - City Centre,price_band_4.2@AdultReturn,4.2
BLUS_4026_Inbound_AdultReturn_a9f4b9e2-e9ea-4456-80e3-47fe03b77367_639196402499047992.xml,BLUS,Go South Coast,Go South Coast 4026 Inbound,Southampton - Whiteley,price_band_4.9@AdultReturn,4.9
DAMY_6487_Outbound_AdultReturn_a9f4b9e2-e9ea-4456-80e3-47fe03b77367_639196407135008067.xml,DAMY,Go South Coast,Go South Coast 6487 Outbound,Blandford - Dorchester,price_band_4.2@AdultReturn,4.2
WDBC_2953_Outbound_ChildReturn_a9f4b9e2-e9ea-4456-80e3-47fe03b77367_639196388918636375.xml,WDBC,Go South Coast,Go South Coast 2953 Outbound,Salisbury - Ringwood,price_band_2.5@ChildReturn,2.5
SVCT_5262_Inbound_YoungAdSingle_a9f4b9e2-e9ea-4456-80e3-47fe03b77367_639196405600793546.xml,SVCT,Go South Coast,Go South Coast 5262 Inbound,Newport - Sandown,price_band_3.0@YoungAdSingle,3.0
SWWD_3763_Outbound_AdultSingle_a9f4b9e2-e9ea-4456-80e3-47fe03b77367_639196400497448956.xml,SWWD,Go South Coast,Go South Coast 3763 Outbound,Mount Pleasant Farm - Burgate School,price_band_2.0@AdultSingle,2.0
WDBC_6418_Outbound_ChildReturn_a9f4b9e2-e9ea-4456-80e3-47fe03b77367_639196406749532960.xml,WDBC,Go South Coast,Go South Coast 6418 Outbound,Sandbanks Ferry - Poole Grammar School,price_band_3.3@ChildReturn,3.3
BLUS_4006_Outbound_ChildReturn_a9f4b9e2-e9ea-4456-80e3-47fe03b77367_639196401296685311.xml,BLUS,Go South Coast,Go South Coast 4006 Outbound,Southampton - Townhill Park,price_band_2.6@ChildReturn,2.6
WDBC_1013_Inbound_ChildReturn_a9f4b9e2-e9ea-4456-80e3-47fe03b77367_639196371231761902.xml,WDBC,Go South Coast,Go South Coast 1013 Inbound,Bournemouth - Wimborne,price_band_3.4@ChildReturn,3.4
WDBC_1883_Inbound_AdultReturn_a9f4b9e2-e9ea-4456-80e3-47fe03b77367_639196382500736447.xml,WDBC,Go South Coast,Go South Coast 1883 Inbound,Alum Chine - Castlepoint,price_band_4.2@AdultReturn,4.2
SWWD_3404_Outbound_AdultReturn_a9f4b9e2-e9ea-4456-80e3-47fe03b77367_639196396309504942.xml,SWWD,Go South Coast,Go South Coast 3404 Outbound,Salisbury - Larkhill,price_band_4.9@AdultReturn,4.9
WDBC_1013_Inbound_ChildSingle_d46597a9-440e-4c13-b49a-76a3986683d1_639196371388291411.xml,WDBC,Go South Coast,Go South Coast 1013 Inbound,Bournemouth - Wimborne,price_band_2.2@ChildSingle,2.2
SWWD_7201_Outbound_ChildReturn_a9f4b9e2-e9ea-4456-80e3-47fe03b77367_639196409679715329.xml,SWWD,Go South Coast,Go South Coast 7201 Outbound,Figheldean - Salisbury,price_band_5.4@ChildReturn,5.4
BLUS_4012_Inbound_AdultSingle_a9f4b9e2-e9ea-4456-80e3-47fe03b77367_639196401742045980.xml,BLUS,Go South Coast,Go South Coast 4012 Inbound,Southampton - Calmore,price_band_3.0@AdultSingle,3.0
TDTR_7076_Outbound_AdultSingle_a9f4b9e2-e9ea-4456-80e3-47fe03b77367_639196408778942749.xml,TDTR,Go South Coast,Go South Coast 7076 Outbound,Marlborough - Bath,price_band_1.5@AdultSingle,1.5
SVCT_5108_Inbound_ChildSingle_a9f4b9e2-e9ea-4456-80e3-47fe03b77367_639196405197904812.xml,SVCT,Go South Coast,Go South Coast 5108 Inbound,Ryde  - Newport,price_band_3.0@ChildSingle,3.0
SWWD_3407_Outbound_ChildReturn_a9f4b9e2-e9ea-4456-80e3-47fe03b77367_639196397524240595.xml,SWWD,Go South Coast,Go South Coast 3407 Outbound,Salisbury - Southampton,price_band_6.0@ChildReturn,6.0
BLUS_4119_Outbound_AdultSingle_eed5e2e8-c472-41af-825e-db09ec887334_639196402766325326.xml,BLUS,Go South Coast,Go South Coast 4119 Outbound,Thornhill - Lordshill,price_band_1.0@AdultSingle,1.0
WDBC_1804_Outbound_ChildSingle_a9f4b9e2-e9ea-4456-80e3-47fe03b77367_639196379717671390.xml,WDBC,Go South Coast,Go South Coast 1804 Outbound,Bournemouth - Castlepoint,price_band_1.9@ChildSingle,1.9
UNIL_4722_Outbound_AdultSingle_a9f4b9e2-e9ea-4456-80e3-47fe03b77367_639196403312468129.xml,UNIL,Go South Coast,Go South Coast 4722 Outbound,Mayflower Halls - Highfield Campus,price_band_2.6@AdultSingle,2.6
WDBC_1762_Inbound_ChildReturn_a9f4b9e2-e9ea-4456-80e3-47fe03b77367_639196379163418973.xml,WDBC,Go South Coast,Go South Coast 1762 Inbound,Merley - Corfe Hills,price_band_4.2@ChildReturn,4.2
WDBC_2002_Inbound_AdultSingle_d46597a9-440e-4c13-b49a-76a3986683d1_639196385255540252.xml,WDBC,Go South Coast,Go South Coast 2002 Inbound,Bournemouth - Lymington,price_band_3.0@AdultSingle,3.0
SWWD_3327_Inbound_AdultSingle_a9f4b9e2-e9ea-4456-80e3-47fe03b77367_639196395432469907.xml,SWWD,Go South Coast,Go South Coast 3327 Inbound,Salisbury - Shaftesbury,price_band_2.7@AdultSingle,2.7
SWWD_3206_Outbound_ChildSingle_a9f4b9e2-e9ea-4456-80e3-47fe03b77367_639196394044612563.xml,SWWD,Go South Coast,Go South Coast 3206 Outbound,Allington - Blue Boar Row,price_band_2.3@ChildSingle,2.3
TDTR_7080_Inbound_AdultReturn_a9f4b9e2-e9ea-4456-80e3-47fe03b77367_639196408785451710.xml,TDTR,Go South Coast,Go South Coast 7080 Inbound,Swindon - Marlborough,price_band_6.0@AdultReturn,6.0
WDBC_6701_Outbound_ChildReturn_a9f4b9e2-e9ea-4456-80e3-47fe03b77367_639196407355147956.xml,WDBC,Go South Coast,Go South Coast 6701 Outbound,Queen Elizabeth's School - Kinson,price_band_2.4@ChildReturn,2.4
SWWD_3087_Inbound_AdultReturn_a9f4b9e2-e9ea-4456-80e3-47fe03b77367_639196391719718334.xml,SWWD,Go South Coast,Go South Coast 3087 Inbound,South Wilts Grammar School - Lopcombe Corner,price_band_3.7@AdultReturn,3.7
WDBC_1170_Outbound_ChildSingle_a9f4b9e2-e9ea-4456-80e3-47fe03b77367_639196378486419292.xml,WDBC,Go South Coast,Go South Coast 1170 Outbound,Rockley Park - Hengistbury Head,price_band_2.5@ChildSingle,2.5
BLUS_4022_Outbound_AdultSingle_f15d1b06-486f-433a-8991-95f1a97a87e0_639196402403235659.xml,BLUS,Go South Coast,Go South Coast 4022 Outbound,Southampton - Shirley,price_band_1.0@AdultSingle,1.0
WDBC_1789_Inbound_ChildSingle_a9f4b9e2-e9ea-4456-80e3-47fe03b77367_639196379342289488.xml,WDBC,Go South Coast,Go South Coast 1789 Inbound,Bournemouth School for Girls - Lymington,price_band_2.0@ChildSingle,2.0
WDBC_6418_Outbound_AdultReturn_a9f4b9e2-e9ea-4456-80e3-47fe03b77367_639196406722279593.xml,WDBC,Go South Coast,Go South Coast 6418 Outbound,Sandbanks Ferry - Poole Grammar School,price_band_4.9@AdultReturn,4.9
SWWD_3029_Outbound_AdultReturn_a9f4b9e2-e9ea-4456-80e3-47fe03b77367_639196391434760536.xml,SWWD,Go South Coast,Go South Coast 3029 Outbound,Salisbury - Shaftesbury,price_band_5.8@AdultReturn,5.8
WDBC_1032_Inbound_AdultSingle_a9f4b9e2-e9ea-4456-80e3-47fe03b77367_639196374308009927.xml,WDBC,Go South Coast,Go South Coast 1032 Inbound,Poole - Bournemouth,price_band_2.3@AdultSingle,2.3
WDBC_6448_Outbound_ChildReturn_a9f4b9e2-e9ea-4456-80e3-47fe03b77367_639196406895676567.xml,WDBC,Go South Coast,Go South Coast 6448 Outbound,Furnell Road - Parkstone Grammar,price_band_5.2@ChildReturn,5.2
WDBC_1060_Outbound_ChildSingle_a9f4b9e2-e9ea-4456-80e3-47fe03b77367_639196376841491543.xml,WDBC,Go South Coast,Go South Coast 1060 Outbound,Rockley - Sandbanks,price_band_1.9@ChildSingle,1.9
WDBC_1744_Outbound_AdultReturn_a9f4b9e2-e9ea-4456-80e3-47fe03b77367_639196379103354969.xml,WDBC,Go South Coast,Go South Coast 1744 Outbound,Old Town - South Road Middle,price_band_4.6@AdultReturn,4.6
WDBC_1903_Outbound_ChildSingle_d46597a9-440e-4c13-b49a-76a3986683d1_639196383413417697.xml,WDBC,Go South Coast,Go South Coast 1903 Outbound,Poole - Wimborne,price_band_2.3@ChildSingle,2.3
WDBC_1415_Outbound_ChildSingle_a9f4b9e2-e9ea-4456-80e3-47fe03b77367_639196378718434393.xml,WDBC,Go South Coast,Go South Coast 1415 Outbound,Poole High - Canford Heath,price_band_2.5@ChildSingle,2.5
TDTR_7014_Outbound_AdultSingle_a9f4b9e2-e9ea-4456-80e3-47fe03b77367_639196408195165731.xml,TDTR,Go South Coast,Go South Coast 7014 Outbound,Fleming Way - Eldene,price_band_3.0@AdultSingle,3.0
WDBC_1013_Outbound_ChildReturn_a9f4b9e2-e9ea-4456-80e3-47fe03b77367_639196371479454355.xml,WDBC,Go South Coast,Go South Coast 1013 Outbound,Bournemouth - Wimborne,price_band_3.2@ChildReturn,3.2
TDTR_7148_Outbound_ChildSingle_a9f4b9e2-e9ea-4456-80e3-47fe03b77367_639196409205118335.xml,TDTR,Go South Coast,Go South Coast 7148 Outbound,Swindon - Marlborough,price_band_1.0@ChildSingle,1.0
WDBC_1015_Outbound_AdultReturn_a9f4b9e2-e9ea-4456-80e3-47fe03b77367_639196371848887620.xml,WDBC,Go South Coast,Go South Coast 1015 Outbound,Poole - Bournemouth Hospital,price_band_4.7@AdultReturn,4.7
BLUS_4119_Outbound_ChildSingle_a9f4b9e2-e9ea-4456-80e3-47fe03b77367_639196402774968653.xml,BLUS,Go South Coast,Go South Coast 4119 Outbound,Thornhill - Lordshill,price_band_2.1@ChildSingle,2.1
WDBC_2191_Outbound_AdultReturn_a9f4b9e2-e9ea-4456-80e3-47fe03b77367_639196386868285407.xml,WDBC,Go South Coast,Go South Coast 2191 Outbound,New Milton - New Milton,price_band_4.2@AdultReturn,4.2
BLUS_4008_Outbound_AdultReturn_a9f4b9e2-e9ea-4456-80e3-47fe03b77367_639196401477892302.xml,BLUS,Go South Coast,Go South Coast 4008 Outbound,Southampton - Hythe,price_band_4.5@AdultReturn,4.5
UNIL_4702_Outbound_ChildSingle_f15d1b06-486f-433a-8991-95f1a97a87e0_639196403102438528.xml,UNIL,Go South Coast,Go South Coast 4702 Outbound,Mayflower Halls - Bassett Green,price_band_1.0@ChildSingle,1.0
WDBC_1821_Inbound_ChildSingle_2f1f0c04-770d-4707-ab06-213c5a798ad7_639196380971790482.xml,WDBC,Go South Coast,Go South Coast 1821 Inbound,Bournemouth - Burton,price_band_1.0@ChildSingle,1.0
SWWD_3533_Inbound_ChildSingle_a9f4b9e2-e9ea-4456-80e3-47fe03b77367_639196399567890553.xml,SWWD,Go South Coast,Go South Coast 3533 Inbound,Dinton - City Centre,price_band_2.9@ChildSingle,2.9
WDBC_1786_Outbound_AdultSingle_a9f4b9e2-e9ea-4456-80e3-47fe03b77367_639196379214564608.xml,WDBC,Go South Coast,Go South Coast 1786 Outbound,Park Gates - Bournemouth School for Girls,price_band_4.2@AdultSingle,4.2
BLUS_4016_Outbound_ChildSingle_a9f4b9e2-e9ea-4456-80e3-47fe03b77367_639196402007597997.xml,BLUS,Go South Coast,Go South Coast 4016 Outbound,Southampton - Townhill Park,price_band_2.1@ChildSingle,2.1
WDBC_2001_Outbound_AdultSingle_2f1f0c04-770d-4707-ab06-213c5a798ad7_639196384919067459.xml,WDBC,Go South Coast,Go South Coast 2001 Outbound,Bournemouth - Lymington,price_band_2.5@AdultSingle,2.5
WDBC_1951_Outbound_ChildReturn_a9f4b9e2-e9ea-4456-80e3-47fe03b77367_639196384165233519.xml,WDBC,Go South Coast,Go South Coast 1951 Outbound,Bournemouth - Sandbanks,price_band_3.7@ChildReturn,3.7
SVCT_5001_Outbound_ChildSingle_a9f4b9e2-e9ea-4456-80e3-47fe03b77367_639196403595942311.xml,SVCT,Go South Coast,Go South Coast 5001 Outbound,Newport - Cowes,price_band_1.8@ChildSingle,1.8
WDBC_2001_Outbound_AdultReturn_a9f4b9e2-e9ea-4456-80e3-47fe03b77367_639196384662992972.xml,WDBC,Go South Coast,Go South Coast 2001 Outbound,Bournemouth - Lymington,price_band_4.7@AdultReturn,4.7
WDBC_2618_Inbound_AdultReturn_a9f4b9e2-e9ea-4456-80e3-47fe03b77367_639196387209198526.xml,WDBC,Go South Coast,Go South Coast 2618 Inbound,Cooper Dean - Brockenhurst College,price_band_6.5@AdultReturn,6.5
SWWD_3684_Outbound_ChildReturn_a9f4b9e2-e9ea-4456-80e3-47fe03b77367_639196400296909605.xml,SWWD,Go South Coast,Go South Coast 3684 Outbound,Coombe Bissett - Burgate,price_band_5.6@ChildReturn,5.6
SWWD_3407_Outbound_AdultReturn_a9f4b9e2-e9ea-4456-80e3-47fe03b77367_639196397463452948.xml,SWWD,Go South Coast,Go South Coast 3407 Outbound,Salisbury - Southampton,price_band_4.2@AdultReturn,4.2
WDBC_2003_Inbound_AdultReturn_a9f4b9e2-e9ea-4456-80e3-47fe03b77367_639196385669687617.xml,WDBC,Go South Coast,Go South Coast 2003 Inbound,Salisbury - Bournemouth,price_band_4.2@AdultReturn,4.2
WDBC_1836_Outbound_AdultSingle_a9f4b9e2-e9ea-4456-80e3-47fe03b77367_639196381799121304.xml,WDBC,Go South Coast,Go South Coast 1836 Outbound,Talbot View - Kinson,price_band_3.0@AdultSingle,3.0
WDBC_2002_Inbound_ChildSingle_d46597a9-440e-4c13-b49a-76a3986683d1_639196385309242072.xml,WDBC,Go South Coast,Go South Coast 2002 Inbound,Bournemouth - Lymington,price_band_3.0@ChildSingle,3.0
TDTR_7067_Outbound_AdultSingle_a9f4b9e2-e9ea-4456-80e3-47fe03b77367_639196408663329905.xml,TDTR,Go South Coast,Go South Coast 7067 Outbound,Penhill - Park South,price_band_3.0@AdultSingle,3.0
SWWD_3040_Outbound_AdultSingle_a9f4b9e2-e9ea-4456-80e3-47fe03b77367_639196391567950214.xml,SWWD,Go South Coast,Go South Coast 3040 Outbound,Salisbury - Woodfalls,price_band_3.0@AdultSingle,3.0
WDBC_1821_Inbound_AdultSingle_2f1f0c04-770d-4707-ab06-213c5a798ad7_639196380908314214.xml,WDBC,Go South Coast,Go South Coast 1821 Inbound,Bournemouth - Burton,price_band_1.0@AdultSingle,1.0
DAMY_3183_Outbound_ChildReturn_a9f4b9e2-e9ea-4456-80e3-47fe03b77367_639196393946141695.xml,DAMY,Go South Coast,Go South Coast 3183 Outbound,Blandford - Weymouth,price_band_2.9@ChildReturn,2.9
WDBC_6715_Inbound_ChildReturn_a9f4b9e2-e9ea-4456-80e3-47fe03b77367_639196407370777488.xml,WDBC,Go South Coast,Go South Coast 6715 Inbound,Verwood - QE School,price_band_8.0@ChildReturn,8.0
WDBC_6943_Outbound_ChildSingle_a9f4b9e2-e9ea-4456-80e3-47fe03b77367_639196408018644321.xml,WDBC,Go South Coast,Go South Coast 6943 Outbound,Lulworth - Weymouth,price_band_2.6@ChildSingle,2.6
WDBC_2001_Inbound_ChildSingle_d46597a9-440e-4c13-b49a-76a3986683d1_639196384631343625.xml,WDBC,Go South Coast,Go South Coast 2001 Inbound,Bournemouth - Lymington,price_band_3.0@ChildSingle,3.0
DAMY_6487_Inbound_ChildReturn_a9f4b9e2-e9ea-4456-80e3-47fe03b77367_639196407097431280.xml,DAMY,Go South Coast,Go South Coast 6487 Inbound,Blandford - Dorchester,price_band_6.0@ChildReturn,6.0
SWWD_3108_Outbound_ChildReturn_a9f4b9e2-e9ea-4456-80e3-47fe03b77367_639196392538848351.xml,SWWD,Go South Coast,Go South Coast 3108 Outbound,Salisbury - Zouch Estate,price_band_2.9@ChildReturn,2.9
WDBC_1040_Outbound_AdultReturn_a9f4b9e2-e9ea-4456-80e3-47fe03b77367_639196375143206504.xml,WDBC,Go South Coast,Go South Coast 1040 Outbound,Swanage - Poole,price_band_6.0@AdultReturn,6.0
WDBC_1821_Inbound_ChildSingle_d46597a9-440e-4c13-b49a-76a3986683d1_639196380990211875.xml,WDBC,Go South Coast,Go South Coast 1821 Inbound,Bournemouth - Burton,price_band_1.0@ChildSingle,1.0
WDBC_1001_Inbound_AdultSingle_d46597a9-440e-4c13-b49a-76a3986683d1_639196369305896000.xml,WDBC,Go South Coast,Go South Coast 1001 Inbound,Poole - Bournemouth Hospital,price_band_1.0@AdultSingle,1.0
WDBC_2906_Inbound_ChildSingle_d46597a9-440e-4c13-b49a-76a3986683d1_639196388050132362.xml,WDBC,Go South Coast,Go South Coast 2906 Inbound,Poole - Ringwood,price_band_3.0@ChildSingle,3.0
WDBC_2633_Inbound_AdultSingle_a9f4b9e2-e9ea-4456-80e3-47fe03b77367_639196387404256464.xml,WDBC,Go South Coast,Go South Coast 2633 Inbound,Wimborne - Brockenhurst College,price_band_6.0@AdultSingle,6.0
TDTR_7005_Outbound_AdultSingle_a9f4b9e2-e9ea-4456-80e3-47fe03b77367_639196408095091082.xml,TDTR,Go South Coast,Go South Coast 7005 Outbound,Haydon Wick - Park North,price_band_2.2@AdultSingle,2.2
WDBC_2402_Outbound_ChildSingle_a9f4b9e2-e9ea-4456-80e3-47fe03b77367_639196386968741663.xml,WDBC,Go South Coast,Go South Coast 2402 Outbound,Verwood - Ferndown Upper,price_band_3.5@ChildSingle,3.5
WDBC_2613_Inbound_AdultReturn_a9f4b9e2-e9ea-4456-80e3-47fe03b77367_639196387088472717.xml,WDBC,Go South Coast,Go South Coast 2613 Inbound,Broadstone - Brockenhurst College,price_band_3.6@AdultReturn,3.6
WDBC_1903_Outbound_ChildSingle_d46597a9-440e-4c13-b49a-76a3986683d1_639196383413417697.xml,WDBC,Go South Coast,Go South Coast 1903 Outbound,Poole - Wimborne,price_band_2.8@ChildSingle,2.8
WDBC_6415_Inbound_ChildReturn_a9f4b9e2-e9ea-4456-80e3-47fe03b77367_639196406505178677.xml,WDBC,Go South Coast,Go South Coast 6415 Inbound,St Anns Hospital - Poole Grammar School,price_band_2.1@ChildReturn,2.1
WDBC_1013_Outbound_AdultReturn_a9f4b9e2-e9ea-4456-80e3-47fe03b77367_639196371418225698.xml,WDBC,Go South Coast,Go South Coast 1013 Outbound,Bournemouth - Wimborne,price_band_6.0@AdultReturn,6.0
SVCT_5271_Outbound_ChildSingle_a9f4b9e2-e9ea-4456-80e3-47fe03b77367_639196405666261482.xml,SVCT,Go South Coast,Go South Coast 5271 Outbound,Ryde - Ventnor,price_band_2.4@ChildSingle,2.4
SVCT_8511_Inbound_AdultSingle_a9f4b9e2-e9ea-4456-80e3-47fe03b77367_639196410814000597.xml,SVCT,Go South Coast,Go South Coast 8511 Inbound,Island Coaster - East,price_band_5.6@AdultSingle,5.6
WDBC_2176_Outbound_ChildReturn_a9f4b9e2-e9ea-4456-80e3-47fe03b77367_639196386614618914.xml,WDBC,Go South Coast,Go South Coast 2176 Outbound,Christchurch - Ringwood,price_band_3.6@ChildReturn,3.6
SWWD_3305_Outbound_AdultReturn_a9f4b9e2-e9ea-4456-80e3-47fe03b77367_639196394518279161.xml,SWWD,Go South Coast,Go South Coast 3305 Outbound,City Centre - West Harnham,price_band_4.5@AdultReturn,4.5
WDBC_1016_Outbound_AdultSingle_a9f4b9e2-e9ea-4456-80e3-47fe03b77367_639196372326430904.xml,WDBC,Go South Coast,Go South Coast 1016 Outbound,Poole - Bournemouth,price_band_2.3@AdultSingle,2.3
TDTR_7538_Inbound_AdultReturn_a9f4b9e2-e9ea-4456-80e3-47fe03b77367_639196409912567573.xml,TDTR,Go South Coast,Go South Coast 7538 Inbound,Bridgemead - Cirencester College,price_band_8.3@AdultReturn,8.3
WDBC_1013_Outbound_ChildSingle_d46597a9-440e-4c13-b49a-76a3986683d1_639196371637714285.xml,WDBC,Go South Coast,Go South Coast 1013 Outbound,Bournemouth - Wimborne,price_band_2.1@ChildSingle,2.1
BLUS_4014_Outbound_AdultReturn_a9f4b9e2-e9ea-4456-80e3-47fe03b77367_639196401885966456.xml,BLUS,Go South Coast,Go South Coast 4014 Outbound,Southampton - Hedge End,price_band_5.7@AdultReturn,5.7
SWWD_3978_Inbound_ChildReturn_a9f4b9e2-e9ea-4456-80e3-47fe03b77367_639196400928239842.xml,SWWD,Go South Coast,Go South Coast 3978 Inbound,Victoria Park - Laverstock Schools,price_band_2.6@ChildReturn,2.6
BLUS_4805_Outbound_ChildSingle_eed5e2e8-c472-41af-825e-db09ec887334_639196403475984118.xml,BLUS,Go South Coast,Go South Coast 4805 Outbound,Boyatt Wood - Shootash,price_band_1.0@ChildSingle,1.0
WDBC_1003_Inbound_ChildReturn_a9f4b9e2-e9ea-4456-80e3-47fe03b77367_639196370376596603.xml,WDBC,Go South Coast,Go South Coast 1003 Inbound,Poole - Wimborne,price_band_4.6@ChildReturn,4.6
WDBC_8120_Inbound_ChildSingle_a9f4b9e2-e9ea-4456-80e3-47fe03b77367_639196410269659745.xml,WDBC,Go South Coast,Go South Coast 8120 Inbound,Poole - Bournemoputh International Airport,price_band_2.5@ChildSingle,2.5
WDBC_1003_Outbound_ChildSingle_2f1f0c04-770d-4707-ab06-213c5a798ad7_639196370485563140.xml,WDBC,Go South Coast,Go South Coast 1003 Outbound,Poole - Wimborne,price_band_3.0@ChildSingle,3.0
SWWD_3326_Outbound_ChildSingle_a9f4b9e2-e9ea-4456-80e3-47fe03b77367_639196395306226571.xml,SWWD,Go South Coast,Go South Coast 3326 Outbound,Salisbury - Hindon,price_band_2.3@ChildSingle,2.3
TDTR_7562_Outbound_AdultReturn_a9f4b9e2-e9ea-4456-80e3-47fe03b77367_639196410144884984.xml,TDTR,Go South Coast,Go South Coast 7562 Outbound,Yate - Malmesbury,price_band_8.3@AdultReturn,8.3
BLUS_4425_Inbound_ChildReturn_a9f4b9e2-e9ea-4456-80e3-47fe03b77367_639196402929947240.xml,BLUS,Go South Coast,Go South Coast 4425 Inbound,Eastleigh - Boorley Park,price_band_2.6@ChildReturn,2.6
WDBC_1903_Outbound_ChildSingle_2f1f0c04-770d-4707-ab06-213c5a798ad7_639196383394568640.xml,WDBC,Go South Coast,Go South Coast 1903 Outbound,Poole - Wimborne,price_band_1.9@ChildSingle,1.9
SWWD_3108_Outbound_ChildReturn_a9f4b9e2-e9ea-4456-80e3-47fe03b77367_639196392538848351.xml,SWWD,Go South Coast,Go South Coast 3108 Outbound,Salisbury - Zouch Estate,price_band_5.6@ChildReturn,5.6
WDBC_6943_Outbound_AdultSingle_a9f4b9e2-e9ea-4456-80e3-47fe03b77367_639196408006358807.xml,WDBC,Go South Coast,Go South Coast 6943 Outbound,Lulworth - Weymouth,price_band_2.6@AdultSingle,2.6
TDTR_3620_Outbound_AdultReturn_a9f4b9e2-e9ea-4456-80e3-47fe03b77367_639196399616168175.xml,TDTR,Go South Coast,Go South Coast 3620 Outbound,Hungerford Priory  - St Johns Sch,price_band_5.5@AdultReturn,5.5
WDBC_1052_Outbound_ChildSingle_a9f4b9e2-e9ea-4456-80e3-47fe03b77367_639196375937797115.xml,WDBC,Go South Coast,Go South Coast 1052 Outbound,Rockley - Sandbanks,price_band_1.9@ChildSingle,1.9
WDBC_6419_Inbound_AdultReturn_a9f4b9e2-e9ea-4456-80e3-47fe03b77367_639196406771655102.xml,WDBC,Go South Coast,Go South Coast 6419 Inbound,Compton Avenue - Poole Grammar,price_band_4.3@AdultReturn,4.3
DAMY_6006_Outbound_AdultSingle_a9f4b9e2-e9ea-4456-80e3-47fe03b77367_639196405932514173.xml,DAMY,Go South Coast,Go South Coast 6006 Outbound,Dorchester - Poundbury,price_band_2.6@AdultSingle,2.6
WDBC_6449_Inbound_ChildSingle_a9f4b9e2-e9ea-4456-80e3-47fe03b77367_639196406922445975.xml,WDBC,Go South Coast,Go South Coast 6449 Inbound,St Osmunds - Parkstone Grammar,price_band_2.2@ChildSingle,2.2
WDBC_1011_Outbound_AdultSingle_a9f4b9e2-e9ea-4456-80e3-47fe03b77367_639196371070458652.xml,WDBC,Go South Coast,Go South Coast 1011 Outbound,Bournemouth - Canford Paddock,price_band_2.6@AdultSingle,2.6
TDTR_7535_Outbound_AdultSingle_a9f4b9e2-e9ea-4456-80e3-47fe03b77367_639196409839390532.xml,TDTR,Go South Coast,Go South Coast 7535 Outbound,Wanborough - Cirencester College,price_band_5.2@AdultSingle,5.2
WDBC_1741_Inbound_AdultReturn_a9f4b9e2-e9ea-4456-80e3-47fe03b77367_639196379035050717.xml,WDBC,Go South Coast,Go South Coast 1741 Inbound,Sandbanks Ferry - Parkstone Grammar School,price_band_4.3@AdultReturn,4.3
WDBC_2002_Inbound_ChildReturn_a9f4b9e2-e9ea-4456-80e3-47fe03b77367_639196385115015873.xml,WDBC,Go South Coast,Go South Coast 2002 Inbound,Bournemouth - Lymington,price_band_4.2@ChildReturn,4.2
WDBC_1908_Inbound_AdultSingle_2f1f0c04-770d-4707-ab06-213c5a798ad7_639196383442389929.xml,WDBC,Go South Coast,Go South Coast 1908 Inbound,Poole - Blandford,price_band_1.0@AdultSingle,1.0
TDTR_7013_Outbound_AdultSingle_a9f4b9e2-e9ea-4456-80e3-47fe03b77367_639196408180845308.xml,TDTR,Go South Coast,Go South Coast 7013 Outbound,Fleming Way - Eldene,price_band_3.0@AdultSingle,3.0
WDBC_1021_Outbound_AdultReturn_a9f4b9e2-e9ea-4456-80e3-47fe03b77367_639196374160670738.xml,WDBC,Go South Coast,Go South Coast 1021 Outbound,Bournemouth - High Howe,price_band_4.7@AdultReturn,4.7
WDBC_1114_Inbound_AdultSingle_2f1f0c04-770d-4707-ab06-213c5a798ad7_639196377717143989.xml,WDBC,Go South Coast,Go South Coast 1114 Inbound,Poole - RB Hospital,price_band_1.0@AdultSingle,1.0
BLUS_3634_Outbound_AdultSingle_a9f4b9e2-e9ea-4456-80e3-47fe03b77367_639196399678179226.xml,BLUS,Go South Coast,Go South Coast 3634 Outbound,East Wellow  - Romsey School,price_band_3.7@AdultSingle,3.7
BLUS_4008_Inbound_ChildReturn_a9f4b9e2-e9ea-4456-80e3-47fe03b77367_639196401431499465.xml,BLUS,Go South Coast,Go South Coast 4008 Inbound,Southampton - Hythe,price_band_4.0@ChildReturn,4.0
TDTR_7016_Inbound_AdultSingle_a9f4b9e2-e9ea-4456-80e3-47fe03b77367_639196408219825563.xml,TDTR,Go South Coast,Go South Coast 7016 Inbound,Bus Station - Blunsdon,price_band_3.0@AdultSingle,3.0
SWWD_3511_Inbound_ChildReturn_a9f4b9e2-e9ea-4456-80e3-47fe03b77367_639196399107563074.xml,SWWD,Go South Coast,Go South Coast 3511 Inbound,Blue Boar Row - Old Sarum,price_band_3.6@ChildReturn,3.6
SWWD_3515_Inbound_ChildSingle_a9f4b9e2-e9ea-4456-80e3-47fe03b77367_639196399284624939.xml,SWWD,Go South Coast,Go South Coast 3515 Inbound,City Centre - Petersfinger Park & Ride,price_band_1.9@ChildSingle,1.9
WDBC_1833_Inbound_ChildReturn_a9f4b9e2-e9ea-4456-80e3-47fe03b77367_639196381609173020.xml,WDBC,Go South Coast,Go South Coast 1833 Inbound,Alum Chine - Castlepoint,price_band_3.4@ChildReturn,3.4
SWWD_3763_Outbound_AdultReturn_a9f4b9e2-e9ea-4456-80e3-47fe03b77367_639196400504674444.xml,SWWD,Go South Coast,Go South Coast 3763 Outbound,Mount Pleasant Farm - Burgate School,price_band_7.6@AdultReturn,7.6
SWWD_3407_Inbound_AdultSingle_f15d1b06-486f-433a-8991-95f1a97a87e0_639196397212314662.xml,SWWD,Go South Coast,Go South Coast 3407 Inbound,Salisbury - Southampton,price_band_2.3@AdultSingle,2.3
SVCT_5022_Outbound_ChildSingle_a9f4b9e2-e9ea-4456-80e3-47fe03b77367_639196404301248745.xml,SVCT,Go South Coast,Go South Coast 5022 Outbound,Shanklin - Community Route 22,price_band_1.8@ChildSingle,1.8
SWWD_3883_Outbound_AdultSingle_a9f4b9e2-e9ea-4456-80e3-47fe03b77367_639196400690757195.xml,SWWD,Go South Coast,Go South Coast 3883 Outbound,Bishopdown Farm  - Burgate School,price_band_3.0@AdultSingle,3.0
WDBC_2002_Outbound_ChildReturn_a9f4b9e2-e9ea-4456-80e3-47fe03b77367_639196385418186648.xml,WDBC,Go South Coast,Go South Coast 2002 Outbound,Bournemouth - Lymington,price_band_3.2@ChildReturn,3.2
BLUS_4011_Inbound_AdultSingle_eed5e2e8-c472-41af-825e-db09ec887334_639196401706950420.xml,BLUS,Go South Coast,Go South Coast 4011 Inbound,Southampton - West Totton,price_band_1.0@AdultSingle,1.0
WDBC_1050_Outbound_AdultReturn_a9f4b9e2-e9ea-4456-80e3-47fe03b77367_639196375631431393.xml,WDBC,Go South Coast,Go South Coast 1050 Outbound,Bournemouth Station - Swanage,price_band_4.5@AdultReturn,4.5
WDBC_1017_Inbound_ChildSingle_d46597a9-440e-4c13-b49a-76a3986683d1_639196372803133603.xml,WDBC,Go South Coast,Go South Coast 1017 Inbound,Poole - Bournemouth,price_band_1.0@ChildSingle,1.0
WDBC_6449_Inbound_AdultSingle_a9f4b9e2-e9ea-4456-80e3-47fe03b77367_639196406904386428.xml,WDBC,Go South Coast,Go South Coast 6449 Inbound,St Osmunds - Parkstone Grammar,price_band_2.8@AdultSingle,2.8
WDBC_1804_Outbound_AdultReturn_a9f4b9e2-e9ea-4456-80e3-47fe03b77367_639196379713124426.xml,WDBC,Go South Coast,Go South Coast 1804 Outbound,Bournemouth - Castlepoint,price_band_4.5@AdultReturn,4.5
WDBC_1054_Inbound_AdultSingle_d46597a9-440e-4c13-b49a-76a3986683d1_639196376557939977.xml,WDBC,Go South Coast,Go South Coast 1054 Inbound,Poole - Wimborne,price_band_3.0@AdultSingle,3.0
WDBC_2633_Inbound_AdultReturn_a9f4b9e2-e9ea-4456-80e3-47fe03b77367_639196387391976789.xml,WDBC,Go South Coast,Go South Coast 2633 Inbound,Wimborne - Brockenhurst College,price_band_6.0@AdultReturn,6.0
SVCT_8505_Outbound_YoungAdSingle_a9f4b9e2-e9ea-4456-80e3-47fe03b77367_639196410756583036.xml,SVCT,Go South Coast,Go South Coast 8505 Outbound,Shanklin - Shuttle,price_band_4.3@YoungAdSingle,4.3
SWWD_3883_Inbound_ChildReturn_a9f4b9e2-e9ea-4456-80e3-47fe03b77367_639196400686049945.xml,SWWD,Go South Coast,Go South Coast 3883 Inbound,Bishopdown Farm  - Burgate School,price_band_4.5@ChildReturn,4.5
SVCT_8511_Inbound_AdultSingle_a9f4b9e2-e9ea-4456-80e3-47fe03b77367_639196410814000597.xml,SVCT,Go South Coast,Go South Coast 8511 Inbound,Island Coaster - East,price_band_8.0@AdultSingle,8.0
SWWD_3010_Outbound_ChildSingle_a9f4b9e2-e9ea-4456-80e3-47fe03b77367_639196391188995990.xml,SWWD,Go South Coast,Go South Coast 3010 Outbound,City Centre - St Peters Place,price_band_1.9@ChildSingle,1.9
BLUS_4026_Inbound_AdultReturn_a9f4b9e2-e9ea-4456-80e3-47fe03b77367_639196402499047992.xml,BLUS,Go South Coast,Go South Coast 4026 Inbound,Southampton - Whiteley,price_band_5.4@AdultReturn,5.4
SWWD_3402_Inbound_ChildSingle_a9f4b9e2-e9ea-4456-80e3-47fe03b77367_639196395840858699.xml,SWWD,Go South Coast,Go South Coast 3402 Inbound,Salisbury - Devizes,price_band_2.3@ChildSingle,2.3
SVCT_5268_Outbound_YoungAdSingle_a9f4b9e2-e9ea-4456-80e3-47fe03b77367_639196405647357303.xml,SVCT,Go South Coast,Go South Coast 5268 Outbound,Carisbrooke - St Helens,price_band_2.4@YoungAdSingle,2.4
SWWD_3885_Inbound_ChildSingle_a9f4b9e2-e9ea-4456-80e3-47fe03b77367_639196400756565050.xml,SWWD,Go South Coast,Go South Coast 3885 Inbound,Whaddon - Burgate School,price_band_2.4@ChildSingle,2.4
BLUS_3135_Inbound_ChildSingle_a9f4b9e2-e9ea-4456-80e3-47fe03b77367_639196393299663085.xml,BLUS,Go South Coast,Go South Coast 3135 Inbound,Romsey - Braishfield,price_band_2.1@ChildSingle,2.1
WDBC_1811_Inbound_AdultReturn_a9f4b9e2-e9ea-4456-80e3-47fe03b77367_639196380008712671.xml,WDBC,Go South Coast,Go South Coast 1811 Inbound,Bournemouth - Somerford,price_band_4.2@AdultReturn,4.2
WDBC_2956_Inbound_ChildSingle_a9f4b9e2-e9ea-4456-80e3-47fe03b77367_639196389166362355.xml,WDBC,Go South Coast,Go South Coast 2956 Inbound,Ringwood - Bournemouth,price_band_2.3@ChildSingle,2.3
SWWD_3166_Inbound_ChildSingle_a9f4b9e2-e9ea-4456-80e3-47fe03b77367_639196393620514087.xml,SWWD,Go South Coast,Go South Coast 3166 Inbound,South Wilts Grammar School - Idmiston,price_band_2.9@ChildSingle,2.9
WDBC_2003_Outbound_ChildSingle_2f1f0c04-770d-4707-ab06-213c5a798ad7_639196386182254413.xml,WDBC,Go South Coast,Go South Coast 2003 Outbound,Salisbury - Bournemouth,price_band_3.0@ChildSingle,3.0
WDBC_1951_Inbound_AdultReturn_a9f4b9e2-e9ea-4456-80e3-47fe03b77367_639196384107693394.xml,WDBC,Go South Coast,Go South Coast 1951 Inbound,Bournemouth - Sandbanks,price_band_4.2@AdultReturn,4.2
WDBC_2002_Outbound_ChildSingle_a9f4b9e2-e9ea-4456-80e3-47fe03b77367_639196385390206070.xml,WDBC,Go South Coast,Go South Coast 2002 Outbound,Bournemouth - Lymington,price_band_2.8@ChildSingle,2.8
SVCT_5005_Outbound_YoungAdSingle_a9f4b9e2-e9ea-4456-80e3-47fe03b77367_639196403926789222.xml,SVCT,Go South Coast,Go South Coast 5005 Outbound,Newport  - East Cowes,price_band_3.0@YoungAdSingle,3.0
BLUS_4805_Outbound_AdultReturn_a9f4b9e2-e9ea-4456-80e3-47fe03b77367_639196403435352418.xml,BLUS,Go South Coast,Go South Coast 4805 Outbound,Boyatt Wood - Shootash,price_band_4.2@AdultReturn,4.2
BLUS_4016_Inbound_ChildSingle_eed5e2e8-c472-41af-825e-db09ec887334_639196401996053590.xml,BLUS,Go South Coast,Go South Coast 4016 Inbound,Southampton - Townhill Park,price_band_1.0@ChildSingle,1.0
SWWD_3881_Outbound_AdultReturn_a9f4b9e2-e9ea-4456-80e3-47fe03b77367_639196400602662314.xml,SWWD,Go South Coast,Go South Coast 3881 Outbound,Wilton Road  - Burgate School,price_band_6.0@AdultReturn,6.0
SWWD_3008_Inbound_ChildSingle_a9f4b9e2-e9ea-4456-80e3-47fe03b77367_639196390674414802.xml,SWWD,Go South Coast,Go South Coast 3008 Inbound,Salisbury - Zouch Estate,price_band_2.1@ChildSingle,2.1
SWWD_3684_Inbound_ChildSingle_a9f4b9e2-e9ea-4456-80e3-47fe03b77367_639196400279500602.xml,SWWD,Go South Coast,Go South Coast 3684 Inbound,Coombe Bissett - Burgate,price_band_1.8@ChildSingle,1.8
BLUS_4005_Outbound_AdultSingle_a9f4b9e2-e9ea-4456-80e3-47fe03b77367_639196401235833258.xml,BLUS,Go South Coast,Go South Coast 4005 Outbound,Boyatt Wood - Romsey,price_band_2.5@AdultSingle,2.5
WDBC_1806_Outbound_ChildReturn_a9f4b9e2-e9ea-4456-80e3-47fe03b77367_639196379964545373.xml,WDBC,Go South Coast,Go South Coast 1806 Outbound,Bournemouth - Wimborne,price_band_4.6@ChildReturn,4.6
WDBC_1804_Outbound_ChildSingle_2f1f0c04-770d-4707-ab06-213c5a798ad7_639196379736397017.xml,WDBC,Go South Coast,Go South Coast 1804 Outbound,Bournemouth - Castlepoint,price_band_1.0@ChildSingle,1.0
WDBC_1011_Inbound_ChildReturn_a9f4b9e2-e9ea-4456-80e3-47fe03b77367_639196371001216345.xml,WDBC,Go South Coast,Go South Coast 1011 Inbound,Bournemouth - Canford Paddock,price_band_3.2@ChildReturn,3.2
WDBC_1805_Inbound_AdultSingle_d46597a9-440e-4c13-b49a-76a3986683d1_639196379777557596.xml,WDBC,Go South Coast,Go South Coast 1805 Inbound,Bournemouth - Kinson,price_band_1.0@AdultSingle,1.0
SWWD_3819_Inbound_AdultSingle_a9f4b9e2-e9ea-4456-80e3-47fe03b77367_639196400522589246.xml,SWWD,Go South Coast,Go South Coast 3819 Inbound,Marlborough - Burbage,price_band_2.0@AdultSingle,2.0
WDBC_2633_Outbound_AdultReturn_a9f4b9e2-e9ea-4456-80e3-47fe03b77367_639196387416522704.xml,WDBC,Go South Coast,Go South Coast 2633 Outbound,Wimborne - Brockenhurst College,price_band_8.7@AdultReturn,8.7
SWWD_3677_Outbound_ChildSingle_a9f4b9e2-e9ea-4456-80e3-47fe03b77367_639196400235205687.xml,SWWD,Go South Coast,Go South Coast 3677 Outbound,Stratford Road Grammar School - West Wellow,price_band_1.9@ChildSingle,1.9
SWWD_7201_Inbound_ChildSingle_a9f4b9e2-e9ea-4456-80e3-47fe03b77367_639196409621895930.xml,SWWD,Go South Coast,Go South Coast 7201 Inbound,Figheldean - Salisbury,price_band_2.8@ChildSingle,2.8
WDBC_1950_Outbound_ChildSingle_a9f4b9e2-e9ea-4456-80e3-47fe03b77367_639196383874299538.xml,WDBC,Go South Coast,Go South Coast 1950 Outbound,Bournemouth - Swanage,price_band_1.9@ChildSingle,1.9
WDBC_8270_Inbound_AdultReturn_a9f4b9e2-e9ea-4456-80e3-47fe03b77367_639196410369189730.xml,WDBC,Go South Coast,Go South Coast 8270 Inbound,Brockenhurst - New Park,price_band_7.5@AdultReturn,7.5
SWWD_3126_Inbound_ChildReturn_a9f4b9e2-e9ea-4456-80e3-47fe03b77367_639196393154456719.xml,SWWD,Go South Coast,Go South Coast 3126 Inbound,Salisbury - Hindon,price_band_3.8@ChildReturn,3.8
SWWD_3517_Outbound_AdultReturn_a9f4b9e2-e9ea-4456-80e3-47fe03b77367_639196399387616314.xml,SWWD,Go South Coast,Go South Coast 3517 Outbound,New Canal  - Lopcombe Corner,price_band_4.5@AdultReturn,4.5
SWWD_3515_Outbound_ChildSingle_a9f4b9e2-e9ea-4456-80e3-47fe03b77367_639196399301187505.xml,SWWD,Go South Coast,Go South Coast 3515 Outbound,City Centre - Petersfinger Park & Ride,price_band_2.3@ChildSingle,2.3
SWWD_3517_Inbound_ChildReturn_a9f4b9e2-e9ea-4456-80e3-47fe03b77367_639196399351674273.xml,SWWD,Go South Coast,Go South Coast 3517 Inbound,New Canal  - Lopcombe Corner,price_band_2.5@ChildReturn,2.5
TDTR_3820_Outbound_AdultReturn_a9f4b9e2-e9ea-4456-80e3-47fe03b77367_639196400552666436.xml,TDTR,Go South Coast,Go South Coast 3820 Outbound,Marlborough - Newbury,price_band_5.2@AdultReturn,5.2
BLUS_4002_Inbound_AdultSingle_a9f4b9e2-e9ea-4456-80e3-47fe03b77367_639196401014189866.xml,BLUS,Go South Coast,Go South Coast 4002 Inbound,Southampton - Fair Oak,price_band_3.0@AdultSingle,3.0
WDBC_1053_Outbound_ChildSingle_a9f4b9e2-e9ea-4456-80e3-47fe03b77367_639196376334244450.xml,WDBC,Go South Coast,Go South Coast 1053 Outbound,Bournemouth - Wimborne,price_band_2.8@ChildSingle,2.8
WDBC_1016_Inbound_ChildReturn_a9f4b9e2-e9ea-4456-80e3-47fe03b77367_639196372076738338.xml,WDBC,Go South Coast,Go South Coast 1016 Inbound,Poole - Bournemouth,price_band_3.1@ChildReturn,3.1
WDBC_2186_Inbound_AdultReturn_a9f4b9e2-e9ea-4456-80e3-47fe03b77367_639196386670547250.xml,WDBC,Go South Coast,Go South Coast 2186 Inbound,Southampton - Lymington,price_band_5.6@AdultReturn,5.6
BLUS_8438_Outbound_AdultSingle_a9f4b9e2-e9ea-4456-80e3-47fe03b77367_639196410461754451.xml,BLUS,Go South Coast,Go South Coast 8438 Outbound,Winchester - Petersfield,price_band_2.0@AdultSingle,2.0
WDBC_2612_Outbound_AdultReturn_a9f4b9e2-e9ea-4456-80e3-47fe03b77367_639196387073886424.xml,WDBC,Go South Coast,Go South Coast 2612 Outbound,Dibden Purlieu - Brockenhurst College,price_band_7.9@AdultReturn,7.9
WDBC_6449_Inbound_AdultReturn_a9f4b9e2-e9ea-4456-80e3-47fe03b77367_639196406914164075.xml,WDBC,Go South Coast,Go South Coast 6449 Inbound,St Osmunds - Parkstone Grammar,price_band_3.8@AdultReturn,3.8
WDBC_1762_Outbound_ChildReturn_a9f4b9e2-e9ea-4456-80e3-47fe03b77367_639196379183472900.xml,WDBC,Go South Coast,Go South Coast 1762 Outbound,Merley - Corfe Hills,price_band_3.0@ChildReturn,3.0
SWWD_3326_Inbound_ChildReturn_a9f4b9e2-e9ea-4456-80e3-47fe03b77367_639196395157852986.xml,SWWD,Go South Coast,Go South Coast 3326 Inbound,Salisbury - Hindon,price_band_2.5@ChildReturn,2.5
WDBC_2186_Outbound_AdultSingle_a9f4b9e2-e9ea-4456-80e3-47fe03b77367_639196386787166326.xml,WDBC,Go South Coast,Go South Coast 2186 Outbound,Southampton - Lymington,price_band_2.6@AdultSingle,2.6
WDBC_6449_Inbound_ChildSingle_a9f4b9e2-e9ea-4456-80e3-47fe03b77367_639196406922445975.xml,WDBC,Go South Coast,Go South Coast 6449 Inbound,St Osmunds - Parkstone Grammar,price_band_1.7@ChildSingle,1.7
WDBC_1802_Inbound_ChildReturn_a9f4b9e2-e9ea-4456-80e3-47fe03b77367_639196379565861328.xml,WDBC,Go South Coast,Go South Coast 1802 Inbound,Bournemouth - Castlepoint,price_band_3.1@ChildReturn,3.1
SWWD_3327_Outbound_ChildSingle_a9f4b9e2-e9ea-4456-80e3-47fe03b77367_639196395609603542.xml,SWWD,Go South Coast,Go South Coast 3327 Outbound,Salisbury - Shaftesbury,price_band_2.5@ChildSingle,2.5
SWWD_3519_Outbound_ChildSingle_a9f4b9e2-e9ea-4456-80e3-47fe03b77367_639196399460083561.xml,SWWD,Go South Coast,Go South Coast 3519 Outbound,Milford Street - New Canal,price_band_1.9@ChildSingle,1.9
WDBC_1903_Outbound_ChildSingle_a9f4b9e2-e9ea-4456-80e3-47fe03b77367_639196383342947421.xml,WDBC,Go South Coast,Go South Coast 1903 Outbound,Poole - Wimborne,price_band_3.0@ChildSingle,3.0
WDBC_1846_Inbound_AdultSingle_a9f4b9e2-e9ea-4456-80e3-47fe03b77367_639196382423455404.xml,WDBC,Go South Coast,Go South Coast 1846 Inbound,Throop - Avonbourne Academy,price_band_4.0@AdultSingle,4.0
TDTR_7546_Inbound_ChildReturn_a9f4b9e2-e9ea-4456-80e3-47fe03b77367_639196410039779830.xml,TDTR,Go South Coast,Go South Coast 7546 Inbound,Shrivenham - Cirencester College,price_band_8.3@ChildReturn,8.3
SWWD_3900_Outbound_ChildSingle_a9f4b9e2-e9ea-4456-80e3-47fe03b77367_639196400912661337.xml,SWWD,Go South Coast,Go South Coast 3900 Outbound,Devizes - Marlborough,price_band_1.0@ChildSingle,1.0
WDBC_1016_Outbound_AdultSingle_d46597a9-440e-4c13-b49a-76a3986683d1_639196372459238938.xml,WDBC,Go South Coast,Go South Coast 1016 Outbound,Poole - Bournemouth,price_band_1.0@AdultSingle,1.0
DAMY_6001_Outbound_ChildSingle_a9f4b9e2-e9ea-4456-80e3-47fe03b77367_639196405909032832.xml,DAMY,Go South Coast,Go South Coast 6001 Outbound,Dorchester  - Dorchester,price_band_2.3@ChildSingle,2.3
BLUS_4503_Outbound_ChildSingle_a9f4b9e2-e9ea-4456-80e3-47fe03b77367_639196402961859674.xml,BLUS,Go South Coast,Go South Coast 4503 Outbound,Valley Park - Thornden,price_band_2.5@ChildSingle,2.5
WDBC_1886_Outbound_ChildSingle_a9f4b9e2-e9ea-4456-80e3-47fe03b77367_639196383028299421.xml,WDBC,Go South Coast,Go South Coast 1886 Outbound,Corfe Mullen - St Peters School,price_band_3.4@ChildSingle,3.4
TDTR_7046_Inbound_AdultReturn_a9f4b9e2-e9ea-4456-80e3-47fe03b77367_639196408396258045.xml,TDTR,Go South Coast,Go South Coast 7046 Inbound,Swindon - Hungerford,price_band_2.6@AdultReturn,2.6
WDBC_1762_Outbound_ChildSingle_a9f4b9e2-e9ea-4456-80e3-47fe03b77367_639196379178723324.xml,WDBC,Go South Coast,Go South Coast 1762 Outbound,Merley - Corfe Hills,price_band_2.0@ChildSingle,2.0
WDBC_1762_Outbound_ChildSingle_a9f4b9e2-e9ea-4456-80e3-47fe03b77367_639196379178723324.xml,WDBC,Go South Coast,Go South Coast 1762 Outbound,Merley - Corfe Hills,price_band_2.1@ChildSingle,2.1
WDBC_2112_Inbound_ChildReturn_a9f4b9e2-e9ea-4456-80e3-47fe03b77367_639196386308053625.xml,WDBC,Go South Coast,Go South Coast 2112 Inbound,Hythe - Lymington,price_band_5.6@ChildReturn,5.6
SWWD_3881_Inbound_AdultReturn_a9f4b9e2-e9ea-4456-80e3-47fe03b77367_639196400573837640.xml,SWWD,Go South Coast,Go South Coast 3881 Inbound,Wilton Road  - Burgate School,price_band_4.3@AdultReturn,4.3
TDTR_7180_Outbound_YoungPersonRtn_a9f4b9e2-e9ea-4456-80e3-47fe03b77367_639196409548679878.xml,TDTR,Go South Coast,Go South Coast 7180 Outbound,Marlborough - Ludgershall,price_band_2.4@YoungPersonRtn,2.4
WDBC_1831_Inbound_AdultSingle_a9f4b9e2-e9ea-4456-80e3-47fe03b77367_639196381148799421.xml,WDBC,Go South Coast,Go South Coast 1831 Inbound,Bournemouth - Hunt Road and Somerford,price_band_3.0@AdultSingle,3.0
WDBC_1053_Inbound_AdultSingle_a9f4b9e2-e9ea-4456-80e3-47fe03b77367_639196376088053578.xml,WDBC,Go South Coast,Go South Coast 1053 Inbound,Bournemouth - Wimborne,price_band_2.8@AdultSingle,2.8
WDBC_1821_Outbound_ChildSingle_a9f4b9e2-e9ea-4456-80e3-47fe03b77367_639196381044342869.xml,WDBC,Go South Coast,Go South Coast 1821 Outbound,Bournemouth - Burton,price_band_2.5@ChildSingle,2.5
WDBC_1837_Inbound_AdultReturn_a9f4b9e2-e9ea-4456-80e3-47fe03b77367_639196381847145371.xml,WDBC,Go South Coast,Go South Coast 1837 Inbound,Bournemouth - Bournemouth International Airport,price_band_4.8@AdultReturn,4.8
SVCT_5106_Inbound_AdultSingle_a9f4b9e2-e9ea-4456-80e3-47fe03b77367_639196405029362388.xml,SVCT,Go South Coast,Go South Coast 5106 Inbound,Ventnor  - Newport,price_band_3.0@AdultSingle,3.0
WDBC_2120_Outbound_ChildSingle_a9f4b9e2-e9ea-4456-80e3-47fe03b77367_639196386428993774.xml,WDBC,Go South Coast,Go South Coast 2120 Outbound,New Milton Tesco - Lymington,price_band_2.5@ChildSingle,2.5
SWWD_3040_Outbound_ChildSingle_a9f4b9e2-e9ea-4456-80e3-47fe03b77367_639196391578171459.xml,SWWD,Go South Coast,Go South Coast 3040 Outbound,Salisbury - Woodfalls,price_band_2.1@ChildSingle,2.1
WDBC_1837_Outbound_AdultSingle_2f1f0c04-770d-4707-ab06-213c5a798ad7_639196381950908520.xml,WDBC,Go South Coast,Go South Coast 1837 Outbound,Bournemouth - Bournemouth International Airport,price_band_2.3@AdultSingle,2.3
SWWD_3206_Outbound_AdultSingle_a9f4b9e2-e9ea-4456-80e3-47fe03b77367_639196394028714243.xml,SWWD,Go South Coast,Go South Coast 3206 Outbound,Allington - Blue Boar Row,price_band_3.0@AdultSingle,3.0
WDBC_1831_Outbound_AdultSingle_2f1f0c04-770d-4707-ab06-213c5a798ad7_639196381442576941.xml,WDBC,Go South Coast,Go South Coast 1831 Outbound,Bournemouth - Hunt Road and Somerford,price_band_1.0@AdultSingle,1.0
SWWD_3327_Outbound_ChildReturn_a9f4b9e2-e9ea-4456-80e3-47fe03b77367_639196395634987743.xml,SWWD,Go South Coast,Go South Coast 3327 Outbound,Salisbury - Shaftesbury,price_band_3.2@ChildReturn,3.2
WDBC_1032_Inbound_AdultSingle_a9f4b9e2-e9ea-4456-80e3-47fe03b77367_639196374308009927.xml,WDBC,Go South Coast,Go South Coast 1032 Inbound,Poole - Bournemouth,price_band_2.8@AdultSingle,2.8
WDBC_1011_Inbound_ChildReturn_a9f4b9e2-e9ea-4456-80e3-47fe03b77367_639196371001216345.xml,WDBC,Go South Coast,Go South Coast 1011 Inbound,Bournemouth - Canford Paddock,price_band_3.7@ChildReturn,3.7
WDBC_1011_Outbound_AdultReturn_a9f4b9e2-e9ea-4456-80e3-47fe03b77367_639196371057801478.xml,WDBC,Go South Coast,Go South Coast 1011 Outbound,Bournemouth - Canford Paddock,price_band_4.2@AdultReturn,4.2
SWWD_3002_Outbound_AdultReturn_a9f4b9e2-e9ea-4456-80e3-47fe03b77367_639196390378537219.xml,SWWD,Go South Coast,Go South Coast 3002 Outbound,Salisbury - Devizes,price_band_6.0@AdultReturn,6.0
DAMY_6307_Inbound_ChildSingle_a9f4b9e2-e9ea-4456-80e3-47fe03b77367_639196406414235561.xml,DAMY,Go South Coast,Go South Coast 6307 Inbound,Blandford - Shaftesbury,price_band_2.8@ChildSingle,2.8
BLUS_4026_Outbound_AdultReturn_a9f4b9e2-e9ea-4456-80e3-47fe03b77367_639196402527304262.xml,BLUS,Go South Coast,Go South Coast 4026 Outbound,Southampton - Whiteley,price_band_4.9@AdultReturn,4.9
WDBC_1050_Outbound_ChildReturn_a9f4b9e2-e9ea-4456-80e3-47fe03b77367_639196375675418878.xml,WDBC,Go South Coast,Go South Coast 1050 Outbound,Bournemouth Station - Swanage,price_band_5.1@ChildReturn,5.1
TDTR_7046_Inbound_AdultReturn_a9f4b9e2-e9ea-4456-80e3-47fe03b77367_639196408396258045.xml,TDTR,Go South Coast,Go South Coast 7046 Inbound,Swindon - Hungerford,price_band_5.0@AdultReturn,5.0
SWWD_3726_Outbound_ChildSingle_a9f4b9e2-e9ea-4456-80e3-47fe03b77367_639196400421560426.xml,SWWD,Go South Coast,Go South Coast 3726 Outbound,Salisbury - East Knoyle,price_band_1.9@ChildSingle,1.9
WDBC_1837_Inbound_AdultReturn_a9f4b9e2-e9ea-4456-80e3-47fe03b77367_639196381847145371.xml,WDBC,Go South Coast,Go South Coast 1837 Inbound,Bournemouth - Bournemouth International Airport,price_band_4.2@AdultReturn,4.2
WDBC_2762_Outbound_ChildReturn_a9f4b9e2-e9ea-4456-80e3-47fe03b77367_639196387479626175.xml,WDBC,Go South Coast,Go South Coast 2762 Outbound,Keyhaven Road  - Priestlands School,price_band_2.8@ChildReturn,2.8
DAMY_6307_Inbound_ChildReturn_a9f4b9e2-e9ea-4456-80e3-47fe03b77367_639196406428329780.xml,DAMY,Go South Coast,Go South Coast 6307 Inbound,Blandford - Shaftesbury,price_band_1.9@ChildReturn,1.9
WDBC_2906_Outbound_ChildSingle_a9f4b9e2-e9ea-4456-80e3-47fe03b77367_639196388193779482.xml,WDBC,Go South Coast,Go South Coast 2906 Outbound,Poole - Ringwood,price_band_2.6@ChildSingle,2.6
WDBC_8279_Outbound_ChildSingle_a9f4b9e2-e9ea-4456-80e3-47fe03b77367_639196410387977963.xml,WDBC,Go South Coast,Go South Coast 8279 Outbound,New Milton - Brockenhurst BLUE,price_band_2.0@ChildSingle,2.0
WDBC_1020_Outbound_AdultSingle_a9f4b9e2-e9ea-4456-80e3-47fe03b77367_639196373819711913.xml,WDBC,Go South Coast,Go South Coast 1020 Outbound,Poole - Christchurch,price_band_3.0@AdultSingle,3.0
TDTR_7531_Outbound_ChildSingle_a9f4b9e2-e9ea-4456-80e3-47fe03b77367_639196409771422068.xml,TDTR,Go South Coast,Go South Coast 7531 Outbound,Rushey Platt - Cirencester College,price_band_5.2@ChildSingle,5.2
SWWD_3407_Inbound_AdultReturn_a9f4b9e2-e9ea-4456-80e3-47fe03b77367_639196397024621812.xml,SWWD,Go South Coast,Go South Coast 3407 Inbound,Salisbury - Southampton,price_band_5.8@AdultReturn,5.8
BLUS_2607_Outbound_AdultSingle_a9f4b9e2-e9ea-4456-80e3-47fe03b77367_639196387057478163.xml,BLUS,Go South Coast,Go South Coast 2607 Outbound,North Baddesley - Brockenhurst College,price_band_4.0@AdultSingle,4.0
WDBC_1003_Inbound_AdultSingle_d46597a9-440e-4c13-b49a-76a3986683d1_639196370402684632.xml,WDBC,Go South Coast,Go South Coast 1003 Inbound,Poole - Wimborne,price_band_1.0@AdultSingle,1.0
SWWD_3625_Outbound_ChildReturn_a9f4b9e2-e9ea-4456-80e3-47fe03b77367_639196399644238682.xml,SWWD,Go South Coast,Go South Coast 3625 Outbound,Mere - Gillingham,price_band_3.0@ChildReturn,3.0
SWWD_3002_Inbound_ChildReturn_a9f4b9e2-e9ea-4456-80e3-47fe03b77367_639196390217555892.xml,SWWD,Go South Coast,Go South Coast 3002 Inbound,Salisbury - Devizes,price_band_3.6@ChildReturn,3.6
WDBC_1170_Inbound_ChildReturn_a9f4b9e2-e9ea-4456-80e3-47fe03b77367_639196378241131175.xml,WDBC,Go South Coast,Go South Coast 1170 Inbound,Rockley Park - Hengistbury Head,price_band_3.1@ChildReturn,3.1
WDBC_1032_Outbound_ChildReturn_a9f4b9e2-e9ea-4456-80e3-47fe03b77367_639196374493340861.xml,WDBC,Go South Coast,Go South Coast 1032 Outbound,Poole - Bournemouth,price_band_3.2@ChildReturn,3.2
SWWD_3883_Outbound_AdultReturn_a9f4b9e2-e9ea-4456-80e3-47fe03b77367_639196400696963986.xml,SWWD,Go South Coast,Go South Coast 3883 Outbound,Bishopdown Farm  - Burgate School,price_band_4.5@AdultReturn,4.5
WDBC_1762_Inbound_ChildReturn_a9f4b9e2-e9ea-4456-80e3-47fe03b77367_639196379163418973.xml,WDBC,Go South Coast,Go South Coast 1762 Inbound,Merley - Corfe Hills,price_band_3.3@ChildReturn,3.3
BLUS_4024_Outbound_ChildReturn_a9f4b9e2-e9ea-4456-80e3-47fe03b77367_639196402474620724.xml,BLUS,Go South Coast,Go South Coast 4024 Outbound,Eastleigh - Hedge End,price_band_2.6@ChildReturn,2.6
WDBC_2956_Outbound_AdultSingle_2f1f0c04-770d-4707-ab06-213c5a798ad7_639196389989121883.xml,WDBC,Go South Coast,Go South Coast 2956 Outbound,Ringwood - Bournemouth,price_band_3.0@AdultSingle,3.0
SWWD_3883_Outbound_AdultSingle_a9f4b9e2-e9ea-4456-80e3-47fe03b77367_639196400690757195.xml,SWWD,Go South Coast,Go South Coast 3883 Outbound,Bishopdown Farm  - Burgate School,price_band_2.3@AdultSingle,2.3
TDTR_7091_Inbound_YoungPersonSgl_a9f4b9e2-e9ea-4456-80e3-47fe03b77367_639196408929816814.xml,TDTR,Go South Coast,Go South Coast 7091 Inbound,Orbital Park - GW Hospital,price_band_1.8@YoungPersonSgl,1.8
SVCT_5109_Inbound_YoungAdSingle_a9f4b9e2-e9ea-4456-80e3-47fe03b77367_639196405287659353.xml,SVCT,Go South Coast,Go South Coast 5109 Inbound,Ryde  - Newport,price_band_3.0@YoungAdSingle,3.0
WDBC_1052_Inbound_AdultReturn_a9f4b9e2-e9ea-4456-80e3-47fe03b77367_639196375772501471.xml,WDBC,Go South Coast,Go South Coast 1052 Inbound,Rockley - Sandbanks,price_band_4.2@AdultReturn,4.2
WDBC_1053_Outbound_AdultSingle_a9f4b9e2-e9ea-4456-80e3-47fe03b77367_639196376305645321.xml,WDBC,Go South Coast,Go South Coast 1053 Outbound,Bournemouth - Wimborne,price_band_3.0@AdultSingle,3.0
WDBC_1643_Outbound_AdultSingle_d46597a9-440e-4c13-b49a-76a3986683d1_639196378923169123.xml,WDBC,Go South Coast,Go South Coast 1643 Outbound,Fishermans Walk - Talbot Campus,price_band_1.0@AdultSingle,1.0
WDBC_1786_Inbound_AdultReturn_a9f4b9e2-e9ea-4456-80e3-47fe03b77367_639196379188296229.xml,WDBC,Go South Coast,Go South Coast 1786 Inbound,Park Gates - Bournemouth School for Girls,price_band_6.3@AdultReturn,6.3
WDBC_1885_Outbound_AdultSingle_a9f4b9e2-e9ea-4456-80e3-47fe03b77367_639196382680280308.xml,WDBC,Go South Coast,Go South Coast 1885 Outbound,Bournemouth University - St Peters School,price_band_3.4@AdultSingle,3.4
DAMY_6905_Outbound_ChildReturn_a9f4b9e2-e9ea-4456-80e3-47fe03b77367_639196407722599317.xml,DAMY,Go South Coast,Go South Coast 6905 Outbound,Warmwell - Dorchester,price_band_3.7@ChildReturn,3.7
TDTR_7067_Inbound_YoungPersonSgl_a9f4b9e2-e9ea-4456-80e3-47fe03b77367_639196408659892155.xml,TDTR,Go South Coast,Go South Coast 7067 Inbound,Penhill - Park South,price_band_2.5@YoungPersonSgl,2.5
WDBC_1050_Outbound_ChildSingle_a9f4b9e2-e9ea-4456-80e3-47fe03b77367_639196375696950415.xml,WDBC,Go South Coast,Go South Coast 1050 Outbound,Bournemouth Station - Swanage,price_band_2.1@ChildSingle,2.1
TDTR_7013_Inbound_YoungPersonSgl_a9f4b9e2-e9ea-4456-80e3-47fe03b77367_639196408177863174.xml,TDTR,Go South Coast,Go South Coast 7013 Inbound,Fleming Way - Eldene,price_band_1.8@YoungPersonSgl,1.8
WDBC_1801_Outbound_ChildReturn_a9f4b9e2-e9ea-4456-80e3-47fe03b77367_639196379499943625.xml,WDBC,Go South Coast,Go South Coast 1801 Outbound,Bournemouth - Christchurch,price_band_3.2@ChildReturn,3.2
WDBC_1053_Inbound_ChildSingle_2f1f0c04-770d-4707-ab06-213c5a798ad7_639196376182498982.xml,WDBC,Go South Coast,Go South Coast 1053 Inbound,Bournemouth - Wimborne,price_band_2.8@ChildSingle,2.8
BLUS_4004_Inbound_AdultSingle_eed5e2e8-c472-41af-825e-db09ec887334_639196401137392664.xml,BLUS,Go South Coast,Go South Coast 4004 Inbound,Southampton - Romsey,price_band_1.0@AdultSingle,1.0
WDBC_1833_Inbound_AdultSingle_a9f4b9e2-e9ea-4456-80e3-47fe03b77367_639196381576746617.xml,WDBC,Go South Coast,Go South Coast 1833 Inbound,Alum Chine - Castlepoint,price_band_2.3@AdultSingle,2.3
WDBC_1788_Outbound_AdultSingle_a9f4b9e2-e9ea-4456-80e3-47fe03b77367_639196379261422382.xml,WDBC,Go South Coast,Go South Coast 1788 Outbound,Walkford - Bournemouth School for Girls,price_band_3.2@AdultSingle,3.2
BLUS_4011_Outbound_AdultSingle_eed5e2e8-c472-41af-825e-db09ec887334_639196401729565383.xml,BLUS,Go South Coast,Go South Coast 4011 Outbound,Southampton - West Totton,price_band_1.0@AdultSingle,1.0
SWWD_3101_Inbound_YoungPersonSgl_a9f4b9e2-e9ea-4456-80e3-47fe03b77367_639196391982901508.xml,SWWD,Go South Coast,Go South Coast 3101 Inbound,Devizes - Pewsey,price_band_1.0@YoungPersonSgl,1.0
BLUS_4004_Inbound_AdultReturn_a9f4b9e2-e9ea-4456-80e3-47fe03b77367_639196401112255915.xml,BLUS,Go South Coast,Go South Coast 4004 Inbound,Southampton - Romsey,price_band_6.0@AdultReturn,6.0
DAMY_6920_Outbound_ChildReturn_a9f4b9e2-e9ea-4456-80e3-47fe03b77367_639196407818029503.xml,DAMY,Go South Coast,Go South Coast 6920 Outbound,Salisbury - Steam Fair,price_band_3.1@ChildReturn,3.1
SWWD_3303_Outbound_ChildReturn_a9f4b9e2-e9ea-4456-80e3-47fe03b77367_639196394453251173.xml,SWWD,Go South Coast,Go South Coast 3303 Outbound,City Centre - Ditchampton,price_band_2.5@ChildReturn,2.5
WDBC_2633_Inbound_AdultReturn_a9f4b9e2-e9ea-4456-80e3-47fe03b77367_639196387391976789.xml,WDBC,Go South Coast,Go South Coast 2633 Inbound,Wimborne - Brockenhurst College,price_band_6.4@AdultReturn,6.4
SVCT_8502_Outbound_YoungAdSingle_a9f4b9e2-e9ea-4456-80e3-47fe03b77367_639196410644293578.xml,SVCT,Go South Coast,Go South Coast 8502 Outbound,Downs - Breezer,price_band_2.6@YoungAdSingle,2.6
SWWD_3667_Outbound_AdultReturn_a9f4b9e2-e9ea-4456-80e3-47fe03b77367_639196400066673630.xml,SWWD,Go South Coast,Go South Coast 3667 Outbound,Wilton & Barford Primary Sch  - Fugglestone,price_band_4.0@AdultReturn,4.0
WDBC_1801_Outbound_AdultSingle_a9f4b9e2-e9ea-4456-80e3-47fe03b77367_639196379491974291.xml,WDBC,Go South Coast,Go South Coast 1801 Outbound,Bournemouth - Christchurch,price_band_3.0@AdultSingle,3.0
WDBC_1788_Inbound_ChildReturn_a9f4b9e2-e9ea-4456-80e3-47fe03b77367_639196379244026628.xml,WDBC,Go South Coast,Go South Coast 1788 Inbound,Walkford - Bournemouth School for Girls,price_band_4.6@ChildReturn,4.6
SWWD_3511_Outbound_ChildReturn_a9f4b9e2-e9ea-4456-80e3-47fe03b77367_639196399135198024.xml,SWWD,Go South Coast,Go South Coast 3511 Outbound,Blue Boar Row - Old Sarum,price_band_2.5@ChildReturn,2.5
BLUS_4007_Inbound_ChildReturn_a9f4b9e2-e9ea-4456-80e3-47fe03b77367_639196401323337675.xml,BLUS,Go South Coast,Go South Coast 4007 Inbound,Lordshill - Sholing,price_band_2.6@ChildReturn,2.6
SWWD_3329_Outbound_AdultReturn_a9f4b9e2-e9ea-4456-80e3-47fe03b77367_639196395680614135.xml,SWWD,Go South Coast,Go South Coast 3329 Outbound,Salisbury - Broad Chalke,price_band_5.8@AdultReturn,5.8
TDTR_7538_Outbound_ChildReturn_a9f4b9e2-e9ea-4456-80e3-47fe03b77367_639196409936122242.xml,TDTR,Go South Coast,Go South Coast 7538 Outbound,Bridgemead - Cirencester College,price_band_8.3@ChildReturn,8.3
WDBC_2906_Inbound_AdultReturn_a9f4b9e2-e9ea-4456-80e3-47fe03b77367_639196387645832397.xml,WDBC,Go South Coast,Go South Coast 2906 Inbound,Poole - Ringwood,price_band_4.7@AdultReturn,4.7
WDBC_1786_Outbound_ChildSingle_a9f4b9e2-e9ea-4456-80e3-47fe03b77367_639196379223545893.xml,WDBC,Go South Coast,Go South Coast 1786 Outbound,Park Gates - Bournemouth School for Girls,price_band_3.7@ChildSingle,3.7
DAMY_3183_Outbound_ChildReturn_a9f4b9e2-e9ea-4456-80e3-47fe03b77367_639196393946141695.xml,DAMY,Go South Coast,Go South Coast 3183 Outbound,Blandford - Weymouth,price_band_3.1@ChildReturn,3.1
WDBC_1841_Outbound_ChildSingle_a9f4b9e2-e9ea-4456-80e3-47fe03b77367_639196382165873871.xml,WDBC,Go South Coast,Go South Coast 1841 Outbound,Bournemouth - Mudeford and Somerford,price_band_2.8@ChildSingle,2.8
TDTR_7148_Outbound_ChildReturn_a9f4b9e2-e9ea-4456-80e3-47fe03b77367_639196409217318209.xml,TDTR,Go South Coast,Go South Coast 7148 Outbound,Swindon - Marlborough,price_band_2.6@ChildReturn,2.6
UNIL_4701_Outbound_AdultSingle_a9f4b9e2-e9ea-4456-80e3-47fe03b77367_639196403064465859.xml,UNIL,Go South Coast,Go South Coast 4701 Outbound,NOCS - Airport,price_band_2.6@AdultSingle,2.6
TDTR_7552_Inbound_ChildSingle_a9f4b9e2-e9ea-4456-80e3-47fe03b77367_639196410066508847.xml,TDTR,Go South Coast,Go South Coast 7552 Inbound,Malmesbury - Cirencester College,price_band_5.2@ChildSingle,5.2
SWWD_3108_Outbound_AdultSingle_a9f4b9e2-e9ea-4456-80e3-47fe03b77367_639196392367870068.xml,SWWD,Go South Coast,Go South Coast 3108 Outbound,Salisbury - Zouch Estate,price_band_2.7@AdultSingle,2.7
TDTR_7015_Outbound_AdultSingle_a9f4b9e2-e9ea-4456-80e3-47fe03b77367_639196408210445735.xml,TDTR,Go South Coast,Go South Coast 7015 Outbound,Haydon Wick - Bus Station,price_band_3.0@AdultSingle,3.0
WDBC_1644_Outbound_ChildSingle_2f1f0c04-770d-4707-ab06-213c5a798ad7_639196378982867444.xml,WDBC,Go South Coast,Go South Coast 1644 Outbound,Westbourne - Talbot Campus,price_band_1.0@ChildSingle,1.0
SWWD_3322_Outbound_AdultReturn_a9f4b9e2-e9ea-4456-80e3-47fe03b77367_639196394769538305.xml,SWWD,Go South Coast,Go South Coast 3322 Outbound,City Centre - Bishopdown,price_band_4.2@AdultReturn,4.2
WDBC_6701_Outbound_ChildSingle_a9f4b9e2-e9ea-4456-80e3-47fe03b77367_639196407360617162.xml,WDBC,Go South Coast,Go South Coast 6701 Outbound,Queen Elizabeth's School - Kinson,price_band_2.0@ChildSingle,2.0
DAMY_6505_Outbound_ChildSingle_a9f4b9e2-e9ea-4456-80e3-47fe03b77367_639196407225193951.xml,DAMY,Go South Coast,Go South Coast 6505 Outbound,Weymouth - Dorchester,price_band_3.0@ChildSingle,3.0
WDBC_6419_Inbound_AdultSingle_a9f4b9e2-e9ea-4456-80e3-47fe03b77367_639196406779974725.xml,WDBC,Go South Coast,Go South Coast 6419 Inbound,Compton Avenue - Poole Grammar,price_band_3.5@AdultSingle,3.5
TDTR_7146_Inbound_AdultSingle_a9f4b9e2-e9ea-4456-80e3-47fe03b77367_639196409009778914.xml,TDTR,Go South Coast,Go South Coast 7146 Inbound,Swindon - Hungerford,price_band_2.2@AdultSingle,2.2
BLUS_4009_Inbound_AdultSingle_a9f4b9e2-e9ea-4456-80e3-47fe03b77367_639196401525833382.xml,BLUS,Go South Coast,Go South Coast 4009 Inbound,Southampton - Langley/Fawley,price_band_2.5@AdultSingle,2.5
WDBC_1006_Inbound_ChildReturn_a9f4b9e2-e9ea-4456-80e3-47fe03b77367_639196370721606242.xml,WDBC,Go South Coast,Go South Coast 1006 Inbound,Poole - Tower Park,price_band_3.7@ChildReturn,3.7
TDTR_7080_Inbound_YoungPersonRtn_a9f4b9e2-e9ea-4456-80e3-47fe03b77367_639196408802237036.xml,TDTR,Go South Coast,Go South Coast 7080 Inbound,Swindon - Marlborough,price_band_2.4@YoungPersonRtn,2.4
WDBC_1053_Outbound_AdultReturn_a9f4b9e2-e9ea-4456-80e3-47fe03b77367_639196376245552313.xml,WDBC,Go South Coast,Go South Coast 1053 Outbound,Bournemouth - Wimborne,price_band_5.5@AdultReturn,5.5
TDTR_7048_Outbound_ChildReturn_a9f4b9e2-e9ea-4456-80e3-47fe03b77367_639196408550634722.xml,TDTR,Go South Coast,Go South Coast 7048 Outbound,Swindon - Marlborough,price_band_2.4@ChildReturn,2.4
SWWD_3517_Outbound_AdultReturn_a9f4b9e2-e9ea-4456-80e3-47fe03b77367_639196399387616314.xml,SWWD,Go South Coast,Go South Coast 3517 Outbound,New Canal  - Lopcombe Corner,price_band_6.0@AdultReturn,6.0
WDBC_1641_Outbound_UniIDSingle_2f1f0c04-770d-4707-ab06-213c5a798ad7_639196378760513732.xml,WDBC,Go South Coast,Go South Coast 1641 Outbound,Dorchester House  - Talbot Campus,price_band_1.0@UniIDSingle,1.0
WDBC_6448_Inbound_AdultSingle_a9f4b9e2-e9ea-4456-80e3-47fe03b77367_639196406834369755.xml,WDBC,Go South Coast,Go South Coast 6448 Inbound,Furnell Road - Parkstone Grammar,price_band_2.5@AdultSingle,2.5
TDTR_3620_Inbound_YoungPersonSgl_a9f4b9e2-e9ea-4456-80e3-47fe03b77367_639196399608178223.xml,TDTR,Go South Coast,Go South Coast 3620 Inbound,Hungerford Priory  - St Johns Sch,price_band_1.7@YoungPersonSgl,1.7
BLUS_4013_Outbound_ChildReturn_a9f4b9e2-e9ea-4456-80e3-47fe03b77367_639196401829383915.xml,BLUS,Go South Coast,Go South Coast 4013 Outbound,Southampton - Harefield,price_band_2.6@ChildReturn,2.6
DAMY_6020_Inbound_AdultSingle_a9f4b9e2-e9ea-4456-80e3-47fe03b77367_639196406002357673.xml,DAMY,Go South Coast,Go South Coast 6020 Inbound,Salisbury - Blandford,price_band_2.7@AdultSingle,2.7
SWWD_3210_Inbound_AdultReturn_a9f4b9e2-e9ea-4456-80e3-47fe03b77367_639196394063704251.xml,SWWD,Go South Coast,Go South Coast 3210 Inbound,City Centre - St Peters Place,price_band_4.2@AdultReturn,4.2
SWWD_3684_Inbound_AdultReturn_a9f4b9e2-e9ea-4456-80e3-47fe03b77367_639196400263021587.xml,SWWD,Go South Coast,Go South Coast 3684 Inbound,Coombe Bissett - Burgate,price_band_8.1@AdultReturn,8.1
WDBC_2761_Outbound_ChildReturn_a9f4b9e2-e9ea-4456-80e3-47fe03b77367_639196387451111130.xml,WDBC,Go South Coast,Go South Coast 2761 Outbound,Bunkers Hill Cottage - Priestlands School,price_band_5.1@ChildReturn,5.1
BLUS_4014_Inbound_ChildReturn_a9f4b9e2-e9ea-4456-80e3-47fe03b77367_639196401860257611.xml,BLUS,Go South Coast,Go South Coast 4014 Inbound,Southampton - Hedge End,price_band_2.6@ChildReturn,2.6
SWWD_3102_Inbound_ChildReturn_a9f4b9e2-e9ea-4456-80e3-47fe03b77367_639196392142959391.xml,SWWD,Go South Coast,Go South Coast 3102 Inbound,Salisbury - Devizes,price_band_4.9@ChildReturn,4.9
SWWD_3881_Outbound_ChildReturn_a9f4b9e2-e9ea-4456-80e3-47fe03b77367_639196400617952320.xml,SWWD,Go South Coast,Go South Coast 3881 Outbound,Wilton Road  - Burgate School,price_band_3.9@ChildReturn,3.9
TDTR_7140_Outbound_AdultSingle_a9f4b9e2-e9ea-4456-80e3-47fe03b77367_639196408990256848.xml,TDTR,Go South Coast,Go South Coast 7140 Outbound,Calne - Calne Tesco,price_band_1.3@AdultSingle,1.3
WDBC_6415_Inbound_AdultSingle_a9f4b9e2-e9ea-4456-80e3-47fe03b77367_639196406488668465.xml,WDBC,Go South Coast,Go South Coast 6415 Inbound,St Anns Hospital - Poole Grammar School,price_band_2.7@AdultSingle,2.7
SWWD_7201_Inbound_AdultSingle_a9f4b9e2-e9ea-4456-80e3-47fe03b77367_639196409599041023.xml,SWWD,Go South Coast,Go South Coast 7201 Inbound,Figheldean - Salisbury,price_band_3.0@AdultSingle,3.0
SWWD_3726_Inbound_ChildSingle_a9f4b9e2-e9ea-4456-80e3-47fe03b77367_639196400346811942.xml,SWWD,Go South Coast,Go South Coast 3726 Inbound,Salisbury - East Knoyle,price_band_2.3@ChildSingle,2.3
BLUS_4020_Inbound_AdultSingle_a9f4b9e2-e9ea-4456-80e3-47fe03b77367_639196402284511039.xml,BLUS,Go South Coast,Go South Coast 4020 Inbound,Southampton - Townhill Park,price_band_2.6@AdultSingle,2.6
SWWD_3886_Inbound_AdultReturn_a9f4b9e2-e9ea-4456-80e3-47fe03b77367_639196400873165727.xml,SWWD,Go South Coast,Go South Coast 3886 Inbound,St Peters Place  - Burgate School,price_band_6.0@AdultReturn,6.0
TDTR_7824_Inbound_AdultSingle_a9f4b9e2-e9ea-4456-80e3-47fe03b77367_639196410188149693.xml,TDTR,Go South Coast,Go South Coast 7824 Inbound,Wanborough (Lotmead Farm) - Ridgeway School,price_band_3.3@AdultSingle,3.3
SWWD_3881_Inbound_ChildSingle_a9f4b9e2-e9ea-4456-80e3-47fe03b77367_639196400580339402.xml,SWWD,Go South Coast,Go South Coast 3881 Inbound,Wilton Road  - Burgate School,price_band_2.9@ChildSingle,2.9
SWWD_3325_Outbound_AdultReturn_a9f4b9e2-e9ea-4456-80e3-47fe03b77367_639196394959413919.xml,SWWD,Go South Coast,Go South Coast 3325 Outbound,South Wilts Grammar School - Hindon,price_band_4.5@AdultReturn,4.5
BLUS_4805_Outbound_ChildReturn_a9f4b9e2-e9ea-4456-80e3-47fe03b77367_639196403445813195.xml,BLUS,Go South Coast,Go South Coast 4805 Outbound,Boyatt Wood - Shootash,price_band_4.0@ChildReturn,4.0
WDBC_2625_Outbound_AdultReturn_a9f4b9e2-e9ea-4456-80e3-47fe03b77367_639196387367552573.xml,WDBC,Go South Coast,Go South Coast 2625 Outbound,Brook - Brockenhurst College,price_band_5.8@AdultReturn,5.8
SWWD_3366_Outbound_ChildSingle_a9f4b9e2-e9ea-4456-80e3-47fe03b77367_639196395743233694.xml,SWWD,Go South Coast,Go South Coast 3366 Outbound,South Wilts Grammar School - Idmiston,price_band_2.9@ChildSingle,2.9
WDBC_2906_Inbound_ChildSingle_2f1f0c04-770d-4707-ab06-213c5a798ad7_639196388010827258.xml,WDBC,Go South Coast,Go South Coast 2906 Inbound,Poole - Ringwood,price_band_1.0@ChildSingle,1.0
WDBC_1950_Outbound_AdultSingle_a9f4b9e2-e9ea-4456-80e3-47fe03b77367_639196383827164618.xml,WDBC,Go South Coast,Go South Coast 1950 Outbound,Bournemouth - Swanage,price_band_2.6@AdultSingle,2.6
WDBC_2604_Inbound_AdultSingle_a9f4b9e2-e9ea-4456-80e3-47fe03b77367_639196386987381722.xml,WDBC,Go South Coast,Go South Coast 2604 Inbound,Langley Farm - Brockenhurst College,price_band_5.1@AdultSingle,5.1
SWWD_3308_Outbound_AdultSingle_a9f4b9e2-e9ea-4456-80e3-47fe03b77367_639196394622413821.xml,SWWD,Go South Coast,Go South Coast 3308 Outbound,Blue Boar Row - Ditchampton,price_band_2.3@AdultSingle,2.3
BLUS_4005_Inbound_AdultSingle_a9f4b9e2-e9ea-4456-80e3-47fe03b77367_639196401198829499.xml,BLUS,Go South Coast,Go South Coast 4005 Inbound,Boyatt Wood - Romsey,price_band_3.0@AdultSingle,3.0
BLUS_2605_Inbound_AdultReturn_a9f4b9e2-e9ea-4456-80e3-47fe03b77367_639196386999326662.xml,BLUS,Go South Coast,Go South Coast 2605 Inbound,Wellow - Brockenhurst College,price_band_5.8@AdultReturn,5.8
SWWD_3326_Outbound_ChildReturn_a9f4b9e2-e9ea-4456-80e3-47fe03b77367_639196395329090036.xml,SWWD,Go South Coast,Go South Coast 3326 Outbound,Salisbury - Hindon,price_band_5.1@ChildReturn,5.1
SWWD_7210_Outbound_ChildSingle_a9f4b9e2-e9ea-4456-80e3-47fe03b77367_639196409722132137.xml,SWWD,Go South Coast,Go South Coast 7210 Outbound,Figheldean - Devizes,price_band_1.0@ChildSingle,1.0
SWWD_3885_Inbound_AdultReturn_a9f4b9e2-e9ea-4456-80e3-47fe03b77367_639196400739582598.xml,SWWD,Go South Coast,Go South Coast 3885 Inbound,Whaddon - Burgate School,price_band_3.7@AdultReturn,3.7
TDTR_7076_Outbound_AdultSingle_a9f4b9e2-e9ea-4456-80e3-47fe03b77367_639196408778942749.xml,TDTR,Go South Coast,Go South Coast 7076 Outbound,Marlborough - Bath,price_band_1.7@AdultSingle,1.7
WDBC_1741_Inbound_ChildSingle_a9f4b9e2-e9ea-4456-80e3-47fe03b77367_639196379057798178.xml,WDBC,Go South Coast,Go South Coast 1741 Inbound,Sandbanks Ferry - Parkstone Grammar School,price_band_2.0@ChildSingle,2.0
WDBC_6898_Outbound_ChildSingle_a9f4b9e2-e9ea-4456-80e3-47fe03b77367_639196407430800668.xml,WDBC,Go South Coast,Go South Coast 6898 Outbound,Poole  - ASDA,price_band_1.9@ChildSingle,1.9
SVCT_8503_Outbound_AdultSingle_a9f4b9e2-e9ea-4456-80e3-47fe03b77367_639196410649295032.xml,SVCT,Go South Coast,Go South Coast 8503 Outbound,Needles - Breezer,price_band_15.9@AdultSingle,15.9
WDBC_1846_Outbound_AdultReturn_a9f4b9e2-e9ea-4456-80e3-47fe03b77367_639196382458701331.xml,WDBC,Go South Coast,Go South Coast 1846 Outbound,Throop - Avonbourne Academy,price_band_6.0@AdultReturn,6.0
WDBC_6419_Inbound_ChildReturn_a9f4b9e2-e9ea-4456-80e3-47fe03b77367_639196406787885234.xml,WDBC,Go South Coast,Go South Coast 6419 Inbound,Compton Avenue - Poole Grammar,price_band_5.2@ChildReturn,5.2
WDBC_6449_Inbound_AdultSingle_a9f4b9e2-e9ea-4456-80e3-47fe03b77367_639196406904386428.xml,WDBC,Go South Coast,Go South Coast 6449 Inbound,St Osmunds - Parkstone Grammar,price_band_2.5@AdultSingle,2.5
BLUS_4001_Outbound_AdultReturn_a9f4b9e2-e9ea-4456-80e3-47fe03b77367_639196400981801080.xml,BLUS,Go South Coast,Go South Coast 4001 Outbound,Southampton - Winchester,price_band_6.0@AdultReturn,6.0
SWWD_3407_Outbound_ChildReturn_a9f4b9e2-e9ea-4456-80e3-47fe03b77367_639196397524240595.xml,SWWD,Go South Coast,Go South Coast 3407 Outbound,Salisbury - Southampton,price_band_3.6@ChildReturn,3.6
WDBC_2003_Inbound_ChildSingle_d46597a9-440e-4c13-b49a-76a3986683d1_639196385907911848.xml,WDBC,Go South Coast,Go South Coast 2003 Inbound,Salisbury - Bournemouth,price_band_1.9@ChildSingle,1.9
TDTR_7148_Outbound_ChildReturn_a9f4b9e2-e9ea-4456-80e3-47fe03b77367_639196409217318209.xml,TDTR,Go South Coast,Go South Coast 7148 Outbound,Swindon - Marlborough,price_band_3.3@ChildReturn,3.3
SWWD_2615_Outbound_AdultReturn_a9f4b9e2-e9ea-4456-80e3-47fe03b77367_639196387171351940.xml,SWWD,Go South Coast,Go South Coast 2615 Outbound,Salisbury  - Brockenhurst College,price_band_5.9@AdultReturn,5.9
TDTR_7546_Outbound_ChildSingle_a9f4b9e2-e9ea-4456-80e3-47fe03b77367_639196410053788174.xml,TDTR,Go South Coast,Go South Coast 7546 Outbound,Shrivenham - Cirencester College,price_band_5.2@ChildSingle,5.2
SWWD_3495_Inbound_ChildSingle_a9f4b9e2-e9ea-4456-80e3-47fe03b77367_639196398911751806.xml,SWWD,Go South Coast,Go South Coast 3495 Inbound,Swindon - Pewsey,price_band_1.8@ChildSingle,1.8
SWWD_3404_Inbound_ChildReturn_a9f4b9e2-e9ea-4456-80e3-47fe03b77367_639196396143086831.xml,SWWD,Go South Coast,Go South Coast 3404 Inbound,Salisbury - Larkhill,price_band_4.9@ChildReturn,4.9
SVCT_5263_Outbound_YoungAdSingle_a9f4b9e2-e9ea-4456-80e3-47fe03b77367_639196405627520847.xml,SVCT,Go South Coast,Go South Coast 5263 Outbound,Newport - Ventnor,price_band_2.4@YoungAdSingle,2.4
WDBC_1052_Inbound_AdultSingle_d46597a9-440e-4c13-b49a-76a3986683d1_639196375850684933.xml,WDBC,Go South Coast,Go South Coast 1052 Inbound,Rockley - Sandbanks,price_band_1.0@AdultSingle,1.0
TDTR_7076_Outbound_YoungPersonRtn_a9f4b9e2-e9ea-4456-80e3-47fe03b77367_639196408736218992.xml,TDTR,Go South Coast,Go South Coast 7076 Outbound,Marlborough - Bath,price_band_2.5@YoungPersonRtn,2.5
SWWD_3451_Outbound_ChildReturn_a9f4b9e2-e9ea-4456-80e3-47fe03b77367_639196397922008390.xml,SWWD,Go South Coast,Go South Coast 3451 Outbound,Salisbury - Sling - Larkhill,price_band_4.8@ChildReturn,4.8
SWWD_3881_Inbound_ChildReturn_a9f4b9e2-e9ea-4456-80e3-47fe03b77367_639196400588231467.xml,SWWD,Go South Coast,Go South Coast 3881 Inbound,Wilton Road  - Burgate School,price_band_4.5@ChildReturn,4.5
TDTR_7176_Inbound_YoungPersonSgl_a9f4b9e2-e9ea-4456-80e3-47fe03b77367_639196409358263186.xml,TDTR,Go South Coast,Go South Coast 7176 Inbound,Calne - Bath,price_band_2.0@YoungPersonSgl,2.0
SWWD_3002_Inbound_ChildSingle_a9f4b9e2-e9ea-4456-80e3-47fe03b77367_639196390247575616.xml,SWWD,Go South Coast,Go South Coast 3002 Inbound,Salisbury - Devizes,price_band_2.3@ChildSingle,2.3
WDBC_6943_Outbound_ChildReturn_a9f4b9e2-e9ea-4456-80e3-47fe03b77367_639196408041685500.xml,WDBC,Go South Coast,Go South Coast 6943 Outbound,Lulworth - Weymouth,price_band_3.6@ChildReturn,3.6
SWWD_3310_Outbound_ChildReturn_a9f4b9e2-e9ea-4456-80e3-47fe03b77367_639196394687141491.xml,SWWD,Go South Coast,Go South Coast 3310 Outbound,City Centre - St Peters Place,price_band_2.5@ChildReturn,2.5
WDBC_6450_Inbound_ChildSingle_a9f4b9e2-e9ea-4456-80e3-47fe03b77367_639196406996752516.xml,WDBC,Go South Coast,Go South Coast 6450 Inbound,Wallisdown - Parkstone Grammar,price_band_3.4@ChildSingle,3.4
WDBC_1053_Inbound_ChildSingle_d46597a9-440e-4c13-b49a-76a3986683d1_639196376215004487.xml,WDBC,Go South Coast,Go South Coast 1053 Inbound,Bournemouth - Wimborne,price_band_2.2@ChildSingle,2.2
WDBC_1032_Inbound_ChildSingle_a9f4b9e2-e9ea-4456-80e3-47fe03b77367_639196374382108166.xml,WDBC,Go South Coast,Go South Coast 1032 Inbound,Poole - Bournemouth,price_band_2.5@ChildSingle,2.5
BLUS_8438_Inbound_AdultSingle_a9f4b9e2-e9ea-4456-80e3-47fe03b77367_639196410440447816.xml,BLUS,Go South Coast,Go South Coast 8438 Inbound,Winchester - Petersfield,price_band_3.0@AdultSingle,3.0
WDBC_1054_Outbound_ChildReturn_a9f4b9e2-e9ea-4456-80e3-47fe03b77367_639196376649545363.xml,WDBC,Go South Coast,Go South Coast 1054 Outbound,Poole - Wimborne,price_band_2.8@ChildReturn,2.8
BLUS_4012_Inbound_AdultSingle_f15d1b06-486f-433a-8991-95f1a97a87e0_639196401752652057.xml,BLUS,Go South Coast,Go South Coast 4012 Inbound,Southampton - Calmore,price_band_1.0@AdultSingle,1.0
WDBC_1762_Inbound_ChildReturn_a9f4b9e2-e9ea-4456-80e3-47fe03b77367_639196379163418973.xml,WDBC,Go South Coast,Go South Coast 1762 Inbound,Merley - Corfe Hills,price_band_3.0@ChildReturn,3.0
SWWD_3137_Outbound_AdultReturn_a9f4b9e2-e9ea-4456-80e3-47fe03b77367_639196393461843931.xml,SWWD,Go South Coast,Go South Coast 3137 Outbound,Salisbury - West Dean,price_band_4.2@AdultReturn,4.2
BLUS_4012_Inbound_ChildSingle_eed5e2e8-c472-41af-825e-db09ec887334_639196401762812875.xml,BLUS,Go South Coast,Go South Coast 4012 Inbound,Southampton - Calmore,price_band_1.0@ChildSingle,1.0
TDTR_7046_Inbound_AdultReturn_a9f4b9e2-e9ea-4456-80e3-47fe03b77367_639196408396258045.xml,TDTR,Go South Coast,Go South Coast 7046 Inbound,Swindon - Hungerford,price_band_3.6@AdultReturn,3.6
UNIL_4719_Inbound_ChildSingle_a9f4b9e2-e9ea-4456-80e3-47fe03b77367_639196403261596808.xml,UNIL,Go South Coast,Go South Coast 4719 Inbound,General Hospital - Townhill Park,price_band_2.0@ChildSingle,2.0
WDBC_1053_Outbound_ChildSingle_2f1f0c04-770d-4707-ab06-213c5a798ad7_639196376421005259.xml,WDBC,Go South Coast,Go South Coast 1053 Outbound,Bournemouth - Wimborne,price_band_2.1@ChildSingle,2.1
BLUS_4024_Inbound_ChildReturn_a9f4b9e2-e9ea-4456-80e3-47fe03b77367_639196402450493711.xml,BLUS,Go South Coast,Go South Coast 4024 Inbound,Eastleigh - Hedge End,price_band_2.6@ChildReturn,2.6
WDBC_1931_Outbound_AdultSingle_a9f4b9e2-e9ea-4456-80e3-47fe03b77367_639196383510229950.xml,WDBC,Go South Coast,Go South Coast 1931 Outbound,Wool - Lulworth,price_band_2.3@AdultSingle,2.3
WDBC_1060_Inbound_ChildSingle_a9f4b9e2-e9ea-4456-80e3-47fe03b77367_639196376758367974.xml,WDBC,Go South Coast,Go South Coast 1060 Inbound,Rockley - Sandbanks,price_band_1.9@ChildSingle,1.9
WDBC_1011_Inbound_AdultReturn_a9f4b9e2-e9ea-4456-80e3-47fe03b77367_639196370982106913.xml,WDBC,Go South Coast,Go South Coast 1011 Inbound,Bournemouth - Canford Paddock,price_band_4.8@AdultReturn,4.8
WDBC_1013_Inbound_AdultReturn_a9f4b9e2-e9ea-4456-80e3-47fe03b77367_639196371167533681.xml,WDBC,Go South Coast,Go South Coast 1013 Inbound,Bournemouth - Wimborne,price_band_6.0@AdultReturn,6.0
WDBC_1806_Inbound_AdultSingle_d46597a9-440e-4c13-b49a-76a3986683d1_639196379905713674.xml,WDBC,Go South Coast,Go South Coast 1806 Inbound,Bournemouth - Wimborne,price_band_2.9@AdultSingle,2.9
TDTR_7120_Outbound_AdultSingle_a9f4b9e2-e9ea-4456-80e3-47fe03b77367_639196408969317599.xml,TDTR,Go South Coast,Go South Coast 7120 Outbound,Marlborough - Hungerford,price_band_2.0@AdultSingle,2.0
WDBC_1015_Outbound_ChildSingle_2f1f0c04-770d-4707-ab06-213c5a798ad7_639196371991797621.xml,WDBC,Go South Coast,Go South Coast 1015 Outbound,Poole - Bournemouth Hospital,price_band_1.0@ChildSingle,1.0
TDTR_7048_Inbound_ChildSingle_a9f4b9e2-e9ea-4456-80e3-47fe03b77367_639196408488570662.xml,TDTR,Go South Coast,Go South Coast 7048 Inbound,Swindon - Marlborough,price_band_1.6@ChildSingle,1.6
SWWD_3885_Outbound_AdultReturn_a9f4b9e2-e9ea-4456-80e3-47fe03b77367_639196400807148431.xml,SWWD,Go South Coast,Go South Coast 3885 Outbound,Whaddon - Burgate School,price_band_4.7@AdultReturn,4.7
WDBC_1646_Outbound_AdultSingle_d46597a9-440e-4c13-b49a-76a3986683d1_639196379003232630.xml,WDBC,Go South Coast,Go South Coast 1646 Outbound,Dorchester House  - Talbot Campus,price_band_1.0@AdultSingle,1.0
WDBC_1642_Outbound_ChildSingle_d46597a9-440e-4c13-b49a-76a3986683d1_639196378860623018.xml,WDBC,Go South Coast,Go South Coast 1642 Outbound,Poole  - Talbot Campus,price_band_1.0@ChildSingle,1.0
SVCT_8505_Outbound_YoungAdSingle_a9f4b9e2-e9ea-4456-80e3-47fe03b77367_639196410756583036.xml,SVCT,Go South Coast,Go South Coast 8505 Outbound,Shanklin - Shuttle,price_band_2.5@YoungAdSingle,2.5
SWWD_3029_Inbound_ChildSingle_a9f4b9e2-e9ea-4456-80e3-47fe03b77367_639196391365576655.xml,SWWD,Go South Coast,Go South Coast 3029 Inbound,Salisbury - Shaftesbury,price_band_2.7@ChildSingle,2.7
SWWD_3495_Inbound_ChildSingle_a9f4b9e2-e9ea-4456-80e3-47fe03b77367_639196398911751806.xml,SWWD,Go South Coast,Go South Coast 3495 Inbound,Swindon - Pewsey,price_band_2.3@ChildSingle,2.3
WDBC_6903_Outbound_ChildSingle_a9f4b9e2-e9ea-4456-80e3-47fe03b77367_639196407590298414.xml,WDBC,Go South Coast,Go South Coast 6903 Outbound,Swanage - Lulworth,price_band_1.9@ChildSingle,1.9
SWWD_3266_Outbound_ChildSingle_a9f4b9e2-e9ea-4456-80e3-47fe03b77367_639196394182434664.xml,SWWD,Go South Coast,Go South Coast 3266 Outbound,South Wilts Grammar School - Idmiston,price_band_1.9@ChildSingle,1.9
SWWD_3044_Outbound_ChildReturn_a9f4b9e2-e9ea-4456-80e3-47fe03b77367_639196391697596435.xml,SWWD,Go South Coast,Go South Coast 3044 Outbound,Salisbury - Woodfalls,price_band_6.0@ChildReturn,6.0
DAMY_6505_Outbound_AdultReturn_a9f4b9e2-e9ea-4456-80e3-47fe03b77367_639196407214953151.xml,DAMY,Go South Coast,Go South Coast 6505 Outbound,Weymouth - Dorchester,price_band_4.4@AdultReturn,4.4
WDBC_1801_Outbound_ChildSingle_a9f4b9e2-e9ea-4456-80e3-47fe03b77367_639196379506331845.xml,WDBC,Go South Coast,Go South Coast 1801 Outbound,Bournemouth - Christchurch,price_band_2.2@ChildSingle,2.2
WDBC_1053_Outbound_ChildReturn_a9f4b9e2-e9ea-4456-80e3-47fe03b77367_639196376275393422.xml,WDBC,Go South Coast,Go South Coast 1053 Outbound,Bournemouth - Wimborne,price_band_6.0@ChildReturn,6.0
DAMY_6920_Outbound_AdultSingle_a9f4b9e2-e9ea-4456-80e3-47fe03b77367_639196407782557059.xml,DAMY,Go South Coast,Go South Coast 6920 Outbound,Salisbury - Steam Fair,price_band_3.0@AdultSingle,3.0
WDBC_1801_Inbound_ChildSingle_d46597a9-440e-4c13-b49a-76a3986683d1_639196379476197331.xml,WDBC,Go South Coast,Go South Coast 1801 Inbound,Bournemouth - Christchurch,price_band_1.0@ChildSingle,1.0
UNIL_4911_Outbound_AdultSingle_a9f4b9e2-e9ea-4456-80e3-47fe03b77367_639196403588304006.xml,UNIL,Go South Coast,Go South Coast 4911 Outbound,Civic Centre - Wessex Lane,price_band_3.0@AdultSingle,3.0
SWWD_3675_Inbound_ChildReturn_a9f4b9e2-e9ea-4456-80e3-47fe03b77367_639196400089415816.xml,SWWD,Go South Coast,Go South Coast 3675 Inbound,Castle Road - Amesbury,price_band_4.4@ChildReturn,4.4
WDBC_6449_Outbound_ChildSingle_a9f4b9e2-e9ea-4456-80e3-47fe03b77367_639196406959656211.xml,WDBC,Go South Coast,Go South Coast 6449 Outbound,St Osmunds - Parkstone Grammar,price_band_1.7@ChildSingle,1.7
WDBC_2219_Outbound_AdultReturn_a9f4b9e2-e9ea-4456-80e3-47fe03b77367_639196386928858086.xml,WDBC,Go South Coast,Go South Coast 2219 Outbound,Lymington  - New Milton,price_band_5.1@AdultReturn,5.1
WDBC_1013_Inbound_ChildSingle_a9f4b9e2-e9ea-4456-80e3-47fe03b77367_639196371262982949.xml,WDBC,Go South Coast,Go South Coast 1013 Inbound,Bournemouth - Wimborne,price_band_3.0@ChildSingle,3.0
WDBC_1724_Inbound_ChildSingle_a9f4b9e2-e9ea-4456-80e3-47fe03b77367_639196379009476700.xml,WDBC,Go South Coast,Go South Coast 1724 Inbound,Bloxworth - Lytchett Minster School,price_band_2.2@ChildSingle,2.2
WDBC_2953_Inbound_AdultReturn_a9f4b9e2-e9ea-4456-80e3-47fe03b77367_639196388747958544.xml,WDBC,Go South Coast,Go South Coast 2953 Inbound,Salisbury - Ringwood,price_band_4.5@AdultReturn,4.5
WDBC_1836_Inbound_AdultSingle_a9f4b9e2-e9ea-4456-80e3-47fe03b77367_639196381760751679.xml,WDBC,Go South Coast,Go South Coast 1836 Inbound,Talbot View - Kinson,price_band_2.3@AdultSingle,2.3
WDBC_8209_Outbound_AdultSingle_a9f4b9e2-e9ea-4456-80e3-47fe03b77367_639196410338766567.xml,WDBC,Go South Coast,Go South Coast 8209 Outbound,Ringwood - Lyndhurst RED,price_band_4.0@AdultSingle,4.0
TDTR_7046_Inbound_ChildReturn_a9f4b9e2-e9ea-4456-80e3-47fe03b77367_639196408411798946.xml,TDTR,Go South Coast,Go South Coast 7046 Inbound,Swindon - Hungerford,price_band_4.7@ChildReturn,4.7
SWWD_3663_Outbound_ChildReturn_a9f4b9e2-e9ea-4456-80e3-47fe03b77367_639196400048912425.xml,SWWD,Go South Coast,Go South Coast 3663 Outbound,Wilton Road  - Laverstock Schools,price_band_2.5@ChildReturn,2.5
WDBC_1054_Outbound_AdultSingle_d46597a9-440e-4c13-b49a-76a3986683d1_639196376704755080.xml,WDBC,Go South Coast,Go South Coast 1054 Outbound,Poole - Wimborne,price_band_1.0@AdultSingle,1.0
SWWD_3457_Outbound_AdultSingle_a9f4b9e2-e9ea-4456-80e3-47fe03b77367_639196398186997020.xml,SWWD,Go South Coast,Go South Coast 3457 Outbound,Salisbury - Southampton,price_band_3.0@AdultSingle,3.0
SWWD_8333_Outbound_AdultSingle_a9f4b9e2-e9ea-4456-80e3-47fe03b77367_639196410410040310.xml,SWWD,Go South Coast,Go South Coast 8333 Outbound,Salisbury Railway Station - Stonehenge,price_band_10.0@AdultSingle,10.0
BLUS_4218_Outbound_AdultSingle_a9f4b9e2-e9ea-4456-80e3-47fe03b77367_639196402854780487.xml,BLUS,Go South Coast,Go South Coast 4218 Outbound,Millbrook - Thornhill,price_band_3.0@AdultSingle,3.0
WDBC_1020_Inbound_AdultSingle_a9f4b9e2-e9ea-4456-80e3-47fe03b77367_639196373411086075.xml,WDBC,Go South Coast,Go South Coast 1020 Inbound,Poole - Christchurch,price_band_2.6@AdultSingle,2.6
WDBC_2762_Inbound_ChildSingle_a9f4b9e2-e9ea-4456-80e3-47fe03b77367_639196387468944842.xml,WDBC,Go South Coast,Go South Coast 2762 Inbound,Keyhaven Road  - Priestlands School,price_band_2.5@ChildSingle,2.5
DAMY_3183_Outbound_ChildSingle_a9f4b9e2-e9ea-4456-80e3-47fe03b77367_639196393928196536.xml,DAMY,Go South Coast,Go South Coast 3183 Outbound,Blandford - Weymouth,price_band_2.8@ChildSingle,2.8
SWWD_3088_Outbound_ChildReturn_a9f4b9e2-e9ea-4456-80e3-47fe03b77367_639196391944347279.xml,SWWD,Go South Coast,Go South Coast 3088 Outbound,Salisbury - Winterslow Gunville Stockbridge Turn,price_band_3.6@ChildReturn,3.6
SWWD_3102_Inbound_ChildSingle_a9f4b9e2-e9ea-4456-80e3-47fe03b77367_639196392041860066.xml,SWWD,Go South Coast,Go South Coast 3102 Inbound,Salisbury - Devizes,price_band_2.3@ChildSingle,2.3
UNIL_4722_Outbound_ChildSingle_eed5e2e8-c472-41af-825e-db09ec887334_639196403327000769.xml,UNIL,Go South Coast,Go South Coast 4722 Outbound,Mayflower Halls - Highfield Campus,price_band_1.0@ChildSingle,1.0
SVCT_5257_Inbound_YoungAdSingle_a9f4b9e2-e9ea-4456-80e3-47fe03b77367_639196405563456968.xml,SVCT,Go South Coast,Go South Coast 5257 Inbound,Freshwater - Cowes,price_band_3.0@YoungAdSingle,3.0
WDBC_1003_Inbound_ChildSingle_2f1f0c04-770d-4707-ab06-213c5a798ad7_639196370411361395.xml,WDBC,Go South Coast,Go South Coast 1003 Inbound,Poole - Wimborne,price_band_2.8@ChildSingle,2.8
SWWD_3404_Inbound_AdultReturn_a9f4b9e2-e9ea-4456-80e3-47fe03b77367_639196396083184380.xml,SWWD,Go South Coast,Go South Coast 3404 Inbound,Salisbury - Larkhill,price_band_4.2@AdultReturn,4.2
TDTR_7148_Inbound_ChildSingle_a9f4b9e2-e9ea-4456-80e3-47fe03b77367_639196409147058480.xml,TDTR,Go South Coast,Go South Coast 7148 Inbound,Swindon - Marlborough,price_band_1.8@ChildSingle,1.8
SWWD_3645_Outbound_ChildReturn_a9f4b9e2-e9ea-4456-80e3-47fe03b77367_639196399905237155.xml,SWWD,Go South Coast,Go South Coast 3645 Outbound,Stratford Road Grammar School - Hamptworth Cuckoo,price_band_5.6@ChildReturn,5.6
SWWD_3125_Outbound_ChildSingle_a9f4b9e2-e9ea-4456-80e3-47fe03b77367_639196392967358719.xml,SWWD,Go South Coast,Go South Coast 3125 Outbound,South Wilts Grammar School - Hindon,price_band_2.9@ChildSingle,2.9
WDBC_1013_Inbound_ChildSingle_2f1f0c04-770d-4707-ab06-213c5a798ad7_639196371357692822.xml,WDBC,Go South Coast,Go South Coast 1013 Inbound,Bournemouth - Wimborne,price_band_2.8@ChildSingle,2.8
WDBC_1833_Inbound_AdultReturn_a9f4b9e2-e9ea-4456-80e3-47fe03b77367_639196381588150498.xml,WDBC,Go South Coast,Go South Coast 1833 Inbound,Alum Chine - Castlepoint,price_band_4.7@AdultReturn,4.7
BLUS_4204_Inbound_ChildSingle_a9f4b9e2-e9ea-4456-80e3-47fe03b77367_639196402834403507.xml,BLUS,Go South Coast,Go South Coast 4204 Inbound,Totton - Totton Anti-Clockwise,price_band_2.1@ChildSingle,2.1
WDBC_1950_Inbound_AdultReturn_a9f4b9e2-e9ea-4456-80e3-47fe03b77367_639196383576385953.xml,WDBC,Go South Coast,Go South Coast 1950 Inbound,Bournemouth - Swanage,price_band_6.0@AdultReturn,6.0
SWWD_3407_Inbound_AdultSingle_a9f4b9e2-e9ea-4456-80e3-47fe03b77367_639196396990341758.xml,SWWD,Go South Coast,Go South Coast 3407 Inbound,Salisbury - Southampton,price_band_2.8@AdultSingle,2.8
WDBC_2956_Inbound_AdultSingle_d46597a9-440e-4c13-b49a-76a3986683d1_639196389508353628.xml,WDBC,Go South Coast,Go South Coast 2956 Inbound,Ringwood - Bournemouth,price_band_3.0@AdultSingle,3.0
WDBC_1021_Outbound_ChildSingle_a9f4b9e2-e9ea-4456-80e3-47fe03b77367_639196374173005308.xml,WDBC,Go South Coast,Go South Coast 1021 Outbound,Bournemouth - High Howe,price_band_2.5@ChildSingle,2.5
WDBC_1806_Inbound_ChildSingle_2f1f0c04-770d-4707-ab06-213c5a798ad7_639196379915039634.xml,WDBC,Go South Coast,Go South Coast 1806 Inbound,Bournemouth - Wimborne,price_band_1.0@ChildSingle,1.0
TDTR_7042_Inbound_AdultSingle_a9f4b9e2-e9ea-4456-80e3-47fe03b77367_639196408300706610.xml,TDTR,Go South Coast,Go South Coast 7042 Inbound,Calne - St John's School,price_band_2.0@AdultSingle,2.0
BLUS_4538_Inbound_ChildSingle_a9f4b9e2-e9ea-4456-80e3-47fe03b77367_639196403018482526.xml,BLUS,Go South Coast,Go South Coast 4538 Inbound,Rushington - Applemore College,price_band_2.5@ChildSingle,2.5
SWWD_3126_Outbound_ChildSingle_a9f4b9e2-e9ea-4456-80e3-47fe03b77367_639196393222165369.xml,SWWD,Go South Coast,Go South Coast 3126 Outbound,Salisbury - Hindon,price_band_2.7@ChildSingle,2.7
SWWD_3495_Inbound_ChildSingle_a9f4b9e2-e9ea-4456-80e3-47fe03b77367_639196398911751806.xml,SWWD,Go South Coast,Go South Coast 3495 Inbound,Swindon - Pewsey,price_band_2.5@ChildSingle,2.5
SWWD_3517_Inbound_ChildSingle_a9f4b9e2-e9ea-4456-80e3-47fe03b77367_639196399341524525.xml,SWWD,Go South Coast,Go South Coast 3517 Inbound,New Canal  - Lopcombe Corner,price_band_1.9@ChildSingle,1.9
WDBC_1789_Inbound_ChildReturn_a9f4b9e2-e9ea-4456-80e3-47fe03b77367_639196379325905462.xml,WDBC,Go South Coast,Go South Coast 1789 Inbound,Bournemouth School for Girls - Lymington,price_band_5.2@ChildReturn,5.2
WDBC_1786_Inbound_AdultReturn_a9f4b9e2-e9ea-4456-80e3-47fe03b77367_639196379188296229.xml,WDBC,Go South Coast,Go South Coast 1786 Inbound,Park Gates - Bournemouth School for Girls,price_band_4.2@AdultReturn,4.2
WDBC_2112_Inbound_ChildSingle_a9f4b9e2-e9ea-4456-80e3-47fe03b77367_639196386324315955.xml,WDBC,Go South Coast,Go South Coast 2112 Inbound,Hythe - Lymington,price_band_2.9@ChildSingle,2.9
WDBC_2003_Outbound_ChildSingle_a9f4b9e2-e9ea-4456-80e3-47fe03b77367_639196385983774623.xml,WDBC,Go South Coast,Go South Coast 2003 Outbound,Salisbury - Bournemouth,price_band_2.5@ChildSingle,2.5
SWWD_3677_Outbound_ChildSingle_a9f4b9e2-e9ea-4456-80e3-47fe03b77367_639196400235205687.xml,SWWD,Go South Coast,Go South Coast 3677 Outbound,Stratford Road Grammar School - West Wellow,price_band_3.0@ChildSingle,3.0
SWWD_2615_Inbound_AdultSingle_a9f4b9e2-e9ea-4456-80e3-47fe03b77367_639196387158069862.xml,SWWD,Go South Coast,Go South Coast 2615 Inbound,Salisbury  - Brockenhurst College,price_band_5.6@AdultSingle,5.6
WDBC_1020_Inbound_ChildReturn_a9f4b9e2-e9ea-4456-80e3-47fe03b77367_639196373360407510.xml,WDBC,Go South Coast,Go South Coast 1020 Inbound,Poole - Christchurch,price_band_3.1@ChildReturn,3.1
SWWD_3402_Outbound_AdultReturn_a9f4b9e2-e9ea-4456-80e3-47fe03b77367_639196395933624667.xml,SWWD,Go South Coast,Go South Coast 3402 Outbound,Salisbury - Devizes,price_band_4.2@AdultReturn,4.2
WDBC_1641_Inbound_UniIDSingle_2f1f0c04-770d-4707-ab06-213c5a798ad7_639196378737627787.xml,WDBC,Go South Coast,Go South Coast 1641 Inbound,Dorchester House  - Talbot Campus,price_band_1.0@UniIDSingle,1.0
SWWD_3763_Outbound_ChildReturn_a9f4b9e2-e9ea-4456-80e3-47fe03b77367_639196400519593475.xml,SWWD,Go South Coast,Go South Coast 3763 Outbound,Mount Pleasant Farm - Burgate School,price_band_7.3@ChildReturn,7.3
WDBC_1755_Inbound_ChildSingle_a9f4b9e2-e9ea-4456-80e3-47fe03b77367_639196379123503150.xml,WDBC,Go South Coast,Go South Coast 1755 Inbound,Bournemouth Station - Bournemouth School for Girls,price_band_2.0@ChildSingle,2.0
WDBC_8209_Outbound_AdultSingle_a9f4b9e2-e9ea-4456-80e3-47fe03b77367_639196410338766567.xml,WDBC,Go South Coast,Go South Coast 8209 Outbound,Ringwood - Lyndhurst RED,price_band_6.5@AdultSingle,6.5
SWWD_3684_Outbound_AdultSingle_a9f4b9e2-e9ea-4456-80e3-47fe03b77367_639196400290660095.xml,SWWD,Go South Coast,Go South Coast 3684 Outbound,Coombe Bissett - Burgate,price_band_3.5@AdultSingle,3.5
SWWD_7086_Inbound_ChildReturn_a9f4b9e2-e9ea-4456-80e3-47fe03b77367_639196408886307715.xml,SWWD,Go South Coast,Go South Coast 7086 Inbound,Ansty - Shaftesbury,price_band_3.1@ChildReturn,3.1
TDTR_3620_Outbound_AdultSingle_a9f4b9e2-e9ea-4456-80e3-47fe03b77367_639196399619448040.xml,TDTR,Go South Coast,Go South Coast 3620 Outbound,Hungerford Priory  - St Johns Sch,price_band_3.6@AdultSingle,3.6
SWWD_3306_Outbound_AdultSingle_a9f4b9e2-e9ea-4456-80e3-47fe03b77367_639196394544342272.xml,SWWD,Go South Coast,Go South Coast 3306 Outbound,Endless Street - Blue Boar Row,price_band_3.0@AdultSingle,3.0
WDBC_1003_Outbound_ChildSingle_a9f4b9e2-e9ea-4456-80e3-47fe03b77367_639196370457953675.xml,WDBC,Go South Coast,Go South Coast 1003 Outbound,Poole - Wimborne,price_band_3.0@ChildSingle,3.0
DAMY_6905_Inbound_ChildReturn_a9f4b9e2-e9ea-4456-80e3-47fe03b77367_639196407696318462.xml,DAMY,Go South Coast,Go South Coast 6905 Inbound,Warmwell - Dorchester,price_band_3.1@ChildReturn,3.1
SWWD_3405_Inbound_AdultSingle_a9f4b9e2-e9ea-4456-80e3-47fe03b77367_639196396496890437.xml,SWWD,Go South Coast,Go South Coast 3405 Inbound,Salisbury - Pewsey,price_band_3.0@AdultSingle,3.0
WDBC_1005_Outbound_ChildReturn_a9f4b9e2-e9ea-4456-80e3-47fe03b77367_639196370616153355.xml,WDBC,Go South Coast,Go South Coast 1005 Outbound,Poole - Tower Park,price_band_3.7@ChildReturn,3.7
WDBC_1741_Inbound_AdultSingle_a9f4b9e2-e9ea-4456-80e3-47fe03b77367_639196379043613624.xml,WDBC,Go South Coast,Go South Coast 1741 Inbound,Sandbanks Ferry - Parkstone Grammar School,price_band_3.2@AdultSingle,3.2
TDTR_7146_Inbound_AdultReturn_a9f4b9e2-e9ea-4456-80e3-47fe03b77367_639196409021263564.xml,TDTR,Go South Coast,Go South Coast 7146 Inbound,Swindon - Hungerford,price_band_5.0@AdultReturn,5.0
WDBC_2906_Inbound_ChildReturn_a9f4b9e2-e9ea-4456-80e3-47fe03b77367_639196387737928859.xml,WDBC,Go South Coast,Go South Coast 2906 Inbound,Poole - Ringwood,price_band_3.7@ChildReturn,3.7
WDBC_1021_Outbound_AdultReturn_a9f4b9e2-e9ea-4456-80e3-47fe03b77367_639196374160670738.xml,WDBC,Go South Coast,Go South Coast 1021 Outbound,Bournemouth - High Howe,price_band_4.2@AdultReturn,4.2
WDBC_1013_Inbound_AdultSingle_a9f4b9e2-e9ea-4456-80e3-47fe03b77367_639196371199580017.xml,WDBC,Go South Coast,Go South Coast 1013 Inbound,Bournemouth - Wimborne,price_band_3.0@AdultSingle,3.0
TDTR_7048_Outbound_AdultReturn_a9f4b9e2-e9ea-4456-80e3-47fe03b77367_639196408530239677.xml,TDTR,Go South Coast,Go South Coast 7048 Outbound,Swindon - Marlborough,price_band_5.0@AdultReturn,5.0
WDBC_6418_Outbound_ChildSingle_a9f4b9e2-e9ea-4456-80e3-47fe03b77367_639196406763434311.xml,WDBC,Go South Coast,Go South Coast 6418 Outbound,Sandbanks Ferry - Poole Grammar School,price_band_2.4@ChildSingle,2.4
WDBC_1806_Inbound_ChildReturn_a9f4b9e2-e9ea-4456-80e3-47fe03b77367_639196379882749275.xml,WDBC,Go South Coast,Go South Coast 1806 Inbound,Bournemouth - Wimborne,price_band_3.4@ChildReturn,3.4
WDBC_1170_Inbound_AdultSingle_a9f4b9e2-e9ea-4456-80e3-47fe03b77367_639196378115976628.xml,WDBC,Go South Coast,Go South Coast 1170 Inbound,Rockley Park - Hengistbury Head,price_band_2.3@AdultSingle,2.3
WDBC_1013_Inbound_ChildSingle_2f1f0c04-770d-4707-ab06-213c5a798ad7_639196371357692822.xml,WDBC,Go South Coast,Go South Coast 1013 Inbound,Bournemouth - Wimborne,price_band_1.0@ChildSingle,1.0
SWWD_3087_Outbound_ChildSingle_a9f4b9e2-e9ea-4456-80e3-47fe03b77367_639196391831007211.xml,SWWD,Go South Coast,Go South Coast 3087 Outbound,South Wilts Grammar School - Lopcombe Corner,price_band_2.3@ChildSingle,2.3
TDTR_7539_Outbound_ChildReturn_a9f4b9e2-e9ea-4456-80e3-47fe03b77367_639196409959964565.xml,TDTR,Go South Coast,Go South Coast 7539 Outbound,Wroughton - Cirencester College,price_band_8.3@ChildReturn,8.3
WDBC_1903_Outbound_ChildReturn_a9f4b9e2-e9ea-4456-80e3-47fe03b77367_639196383290605294.xml,WDBC,Go South Coast,Go South Coast 1903 Outbound,Poole - Wimborne,price_band_4.6@ChildReturn,4.6
WDBC_6047_Inbound_AdultSingle_a9f4b9e2-e9ea-4456-80e3-47fe03b77367_639196406312904875.xml,WDBC,Go South Coast,Go South Coast 6047 Inbound,Ringwood Road - Parkstone Grammar School,price_band_3.2@AdultSingle,3.2
WDBC_1802_Inbound_AdultSingle_a9f4b9e2-e9ea-4456-80e3-47fe03b77367_639196379545479857.xml,WDBC,Go South Coast,Go South Coast 1802 Inbound,Bournemouth - Castlepoint,price_band_2.3@AdultSingle,2.3
WDBC_1011_Inbound_ChildSingle_d46597a9-440e-4c13-b49a-76a3986683d1_639196371047359355.xml,WDBC,Go South Coast,Go South Coast 1011 Inbound,Bournemouth - Canford Paddock,price_band_1.0@ChildSingle,1.0
WDBC_6448_Inbound_ChildReturn_a9f4b9e2-e9ea-4456-80e3-47fe03b77367_639196406858116661.xml,WDBC,Go South Coast,Go South Coast 6448 Inbound,Furnell Road - Parkstone Grammar,price_band_5.2@ChildReturn,5.2
WDBC_1811_Outbound_AdultSingle_2f1f0c04-770d-4707-ab06-213c5a798ad7_639196380104562430.xml,WDBC,Go South Coast,Go South Coast 1811 Outbound,Bournemouth - Somerford,price_band_1.0@AdultSingle,1.0
TDTR_7046_Inbound_AdultSingle_a9f4b9e2-e9ea-4456-80e3-47fe03b77367_639196408388353117.xml,TDTR,Go South Coast,Go South Coast 7046 Inbound,Swindon - Hungerford,price_band_2.6@AdultSingle,2.6
SWWD_3040_Inbound_ChildReturn_a9f4b9e2-e9ea-4456-80e3-47fe03b77367_639196391517369137.xml,SWWD,Go South Coast,Go South Coast 3040 Inbound,Salisbury - Woodfalls,price_band_2.6@ChildReturn,2.6
WDBC_6943_Outbound_ChildSingle_a9f4b9e2-e9ea-4456-80e3-47fe03b77367_639196408018644321.xml,WDBC,Go South Coast,Go South Coast 6943 Outbound,Lulworth - Weymouth,price_band_3.0@ChildSingle,3.0
BLUS_4503_Inbound_AdultSingle_a9f4b9e2-e9ea-4456-80e3-47fe03b77367_639196402956408884.xml,BLUS,Go South Coast,Go South Coast 4503 Inbound,Valley Park - Thornden,price_band_2.3@AdultSingle,2.3
WDBC_1811_Inbound_AdultSingle_a9f4b9e2-e9ea-4456-80e3-47fe03b77367_639196380015744500.xml,WDBC,Go South Coast,Go South Coast 1811 Inbound,Bournemouth - Somerford,price_band_2.3@AdultSingle,2.3
WDBC_6416_Inbound_AdultSingle_a9f4b9e2-e9ea-4456-80e3-47fe03b77367_639196406602363431.xml,WDBC,Go South Coast,Go South Coast 6416 Inbound,Penn Hill Avenue  - Poole Grammar School,price_band_2.2@AdultSingle,2.2
WDBC_1788_Inbound_AdultReturn_a9f4b9e2-e9ea-4456-80e3-47fe03b77367_639196379231134024.xml,WDBC,Go South Coast,Go South Coast 1788 Inbound,Walkford - Bournemouth School for Girls,price_band_6.4@AdultReturn,6.4
WDBC_6416_Outbound_ChildReturn_a9f4b9e2-e9ea-4456-80e3-47fe03b77367_639196406650542511.xml,WDBC,Go South Coast,Go South Coast 6416 Outbound,Penn Hill Avenue  - Poole Grammar School,price_band_3.4@ChildReturn,3.4
WDBC_6418_Outbound_ChildReturn_a9f4b9e2-e9ea-4456-80e3-47fe03b77367_639196406749532960.xml,WDBC,Go South Coast,Go South Coast 6418 Outbound,Sandbanks Ferry - Poole Grammar School,price_band_3.4@ChildReturn,3.4
WDBC_1050_Inbound_AdultSingle_d46597a9-440e-4c13-b49a-76a3986683d1_639196375572348665.xml,WDBC,Go South Coast,Go South Coast 1050 Inbound,Bournemouth Station - Swanage,price_band_3.0@AdultSingle,3.0
WDBC_1908_Inbound_ChildReturn_a9f4b9e2-e9ea-4456-80e3-47fe03b77367_639196383436933791.xml,WDBC,Go South Coast,Go South Coast 1908 Inbound,Poole - Blandford,price_band_2.8@ChildReturn,2.8
SWWD_3407_Inbound_ChildSingle_f15d1b06-486f-433a-8991-95f1a97a87e0_639196397266649239.xml,SWWD,Go South Coast,Go South Coast 3407 Inbound,Salisbury - Southampton,price_band_2.9@ChildSingle,2.9
DAMY_6920_Inbound_ChildSingle_a9f4b9e2-e9ea-4456-80e3-47fe03b77367_639196407760505535.xml,DAMY,Go South Coast,Go South Coast 6920 Inbound,Salisbury - Steam Fair,price_band_2.1@ChildSingle,2.1
WDBC_1837_Outbound_AdultSingle_a9f4b9e2-e9ea-4456-80e3-47fe03b77367_639196381915789362.xml,WDBC,Go South Coast,Go South Coast 1837 Outbound,Bournemouth - Bournemouth International Airport,price_band_2.8@AdultSingle,2.8
SWWD_3312_Outbound_AdultSingle_a9f4b9e2-e9ea-4456-80e3-47fe03b77367_639196394742570959.xml,SWWD,Go South Coast,Go South Coast 3312 Outbound,City Centre - Bishopdown Farm,price_band_2.3@AdultSingle,2.3
BLUS_3634_Outbound_ChildReturn_a9f4b9e2-e9ea-4456-80e3-47fe03b77367_639196399704054492.xml,BLUS,Go South Coast,Go South Coast 3634 Outbound,East Wellow  - Romsey School,price_band_3.9@ChildReturn,3.9
BLUS_4014_Outbound_AdultReturn_a9f4b9e2-e9ea-4456-80e3-47fe03b77367_639196401885966456.xml,BLUS,Go South Coast,Go South Coast 4014 Outbound,Southampton - Hedge End,price_band_5.1@AdultReturn,5.1
WDBC_1788_Outbound_ChildReturn_a9f4b9e2-e9ea-4456-80e3-47fe03b77367_639196379266735554.xml,WDBC,Go South Coast,Go South Coast 1788 Outbound,Walkford - Bournemouth School for Girls,price_band_5.4@ChildReturn,5.4
DAMY_3183_Inbound_ChildSingle_a9f4b9e2-e9ea-4456-80e3-47fe03b77367_639196393811938325.xml,DAMY,Go South Coast,Go South Coast 3183 Inbound,Blandford - Weymouth,price_band_2.7@ChildSingle,2.7
WDBC_1950_Inbound_ChildReturn_a9f4b9e2-e9ea-4456-80e3-47fe03b77367_639196383626189776.xml,WDBC,Go South Coast,Go South Coast 1950 Inbound,Bournemouth - Swanage,price_band_4.6@ChildReturn,4.6
SVCT_5037_Outbound_ChildSingle_a9f4b9e2-e9ea-4456-80e3-47fe03b77367_639196404481798314.xml,SVCT,Go South Coast,Go South Coast 5037 Outbound,Ryde  - Ryde,price_band_1.8@ChildSingle,1.8
WDBC_1805_Inbound_ChildSingle_a9f4b9e2-e9ea-4456-80e3-47fe03b77367_639196379759134214.xml,WDBC,Go South Coast,Go South Coast 1805 Inbound,Bournemouth - Kinson,price_band_2.1@ChildSingle,2.1
UNIL_4721_Outbound_ChildSingle_f15d1b06-486f-433a-8991-95f1a97a87e0_639196403305666442.xml,UNIL,Go South Coast,Go South Coast 4721 Outbound,NOCS - Eastleigh,price_band_1.0@ChildSingle,1.0
BLUS_4503_Inbound_AdultReturn_a9f4b9e2-e9ea-4456-80e3-47fe03b77367_639196402958109368.xml,BLUS,Go South Coast,Go South Coast 4503 Inbound,Valley Park - Thornden,price_band_4.5@AdultReturn,4.5
TDTR_7146_Inbound_ChildReturn_a9f4b9e2-e9ea-4456-80e3-47fe03b77367_639196409044265171.xml,TDTR,Go South Coast,Go South Coast 7146 Inbound,Swindon - Hungerford,price_band_3.0@ChildReturn,3.0
BLUS_4012_Inbound_AdultSingle_eed5e2e8-c472-41af-825e-db09ec887334_639196401756249857.xml,BLUS,Go South Coast,Go South Coast 4012 Inbound,Southampton - Calmore,price_band_1.0@AdultSingle,1.0
SWWD_3087_Outbound_ChildReturn_a9f4b9e2-e9ea-4456-80e3-47fe03b77367_639196391819567596.xml,SWWD,Go South Coast,Go South Coast 3087 Outbound,South Wilts Grammar School - Lopcombe Corner,price_band_2.5@ChildReturn,2.5
SWWD_3885_Inbound_ChildSingle_a9f4b9e2-e9ea-4456-80e3-47fe03b77367_639196400756565050.xml,SWWD,Go South Coast,Go South Coast 3885 Inbound,Whaddon - Burgate School,price_band_1.9@ChildSingle,1.9
BLUS_8438_Inbound_AdultReturn_a9f4b9e2-e9ea-4456-80e3-47fe03b77367_639196410451682457.xml,BLUS,Go South Coast,Go South Coast 8438 Inbound,Winchester - Petersfield,price_band_3.5@AdultReturn,3.5
SWWD_3029_Inbound_ChildReturn_a9f4b9e2-e9ea-4456-80e3-47fe03b77367_639196391389453148.xml,SWWD,Go South Coast,Go South Coast 3029 Inbound,Salisbury - Shaftesbury,price_band_4.3@ChildReturn,4.3
WDBC_1642_Inbound_AdultSingle_a9f4b9e2-e9ea-4456-80e3-47fe03b77367_639196378780844486.xml,WDBC,Go South Coast,Go South Coast 1642 Inbound,Poole  - Talbot Campus,price_band_2.8@AdultSingle,2.8
SWWD_3327_Outbound_AdultReturn_a9f4b9e2-e9ea-4456-80e3-47fe03b77367_639196395585882115.xml,SWWD,Go South Coast,Go South Coast 3327 Outbound,Salisbury - Shaftesbury,price_band_4.5@AdultReturn,4.5
WDBC_1644_Inbound_UniIDSingle_d46597a9-440e-4c13-b49a-76a3986683d1_639196378946795903.xml,WDBC,Go South Coast,Go South Coast 1644 Inbound,Westbourne - Talbot Campus,price_band_1.0@UniIDSingle,1.0
WDBC_1006_Outbound_AdultSingle_a9f4b9e2-e9ea-4456-80e3-47fe03b77367_639196370819746301.xml,WDBC,Go South Coast,Go South Coast 1006 Outbound,Poole - Tower Park,price_band_3.0@AdultSingle,3.0
WDBC_1011_Inbound_ChildReturn_a9f4b9e2-e9ea-4456-80e3-47fe03b77367_639196371001216345.xml,WDBC,Go South Coast,Go South Coast 1011 Inbound,Bournemouth - Canford Paddock,price_band_2.8@ChildReturn,2.8
SWWD_3405_Inbound_ChildReturn_a9f4b9e2-e9ea-4456-80e3-47fe03b77367_639196396561961188.xml,SWWD,Go South Coast,Go South Coast 3405 Inbound,Salisbury - Pewsey,price_band_6.0@ChildReturn,6.0
SWWD_3372_Outbound_AdultSingle_a9f4b9e2-e9ea-4456-80e3-47fe03b77367_639196395806345886.xml,SWWD,Go South Coast,Go South Coast 3372 Outbound,City Centre - Bishopdown,price_band_2.3@AdultSingle,2.3
SWWD_3684_Outbound_AdultReturn_a9f4b9e2-e9ea-4456-80e3-47fe03b77367_639196400285449956.xml,SWWD,Go South Coast,Go South Coast 3684 Outbound,Coombe Bissett - Burgate,price_band_6.2@AdultReturn,6.2
DAMY_6307_Inbound_AdultSingle_a9f4b9e2-e9ea-4456-80e3-47fe03b77367_639196406407713068.xml,DAMY,Go South Coast,Go South Coast 6307 Inbound,Blandford - Shaftesbury,price_band_1.7@AdultSingle,1.7
SWWD_3684_Inbound_AdultSingle_a9f4b9e2-e9ea-4456-80e3-47fe03b77367_639196400268803265.xml,SWWD,Go South Coast,Go South Coast 3684 Inbound,Coombe Bissett - Burgate,price_band_3.7@AdultSingle,3.7
WDBC_1020_Outbound_ChildSingle_a9f4b9e2-e9ea-4456-80e3-47fe03b77367_639196373715081996.xml,WDBC,Go South Coast,Go South Coast 1020 Outbound,Poole - Christchurch,price_band_2.3@ChildSingle,2.3
SWWD_3684_Inbound_ChildSingle_a9f4b9e2-e9ea-4456-80e3-47fe03b77367_639196400279500602.xml,SWWD,Go South Coast,Go South Coast 3684 Inbound,Coombe Bissett - Burgate,price_band_4.9@ChildSingle,4.9
WDBC_1821_Outbound_AdultSingle_a9f4b9e2-e9ea-4456-80e3-47fe03b77367_639196381009151378.xml,WDBC,Go South Coast,Go South Coast 1821 Outbound,Bournemouth - Burton,price_band_3.0@AdultSingle,3.0
SWWD_3210_Inbound_ChildSingle_a9f4b9e2-e9ea-4456-80e3-47fe03b77367_639196394075595101.xml,SWWD,Go South Coast,Go South Coast 3210 Inbound,City Centre - St Peters Place,price_band_2.3@ChildSingle,2.3
TDTR_7067_Inbound_AdultSingle_a9f4b9e2-e9ea-4456-80e3-47fe03b77367_639196408656790367.xml,TDTR,Go South Coast,Go South Coast 7067 Inbound,Penhill - Park South,price_band_3.0@AdultSingle,3.0
SWWD_3029_Outbound_AdultReturn_a9f4b9e2-e9ea-4456-80e3-47fe03b77367_639196391434760536.xml,SWWD,Go South Coast,Go South Coast 3029 Outbound,Salisbury - Shaftesbury,price_band_4.5@AdultReturn,4.5
SWWD_3206_Outbound_AdultReturn_a9f4b9e2-e9ea-4456-80e3-47fe03b77367_639196394052641098.xml,SWWD,Go South Coast,Go South Coast 3206 Outbound,Allington - Blue Boar Row,price_band_4.2@AdultReturn,4.2
WDBC_1833_Inbound_ChildSingle_a9f4b9e2-e9ea-4456-80e3-47fe03b77367_639196381598838673.xml,WDBC,Go South Coast,Go South Coast 1833 Inbound,Alum Chine - Castlepoint,price_band_1.9@ChildSingle,1.9
TDTR_7180_Outbound_YoungPersonRtn_a9f4b9e2-e9ea-4456-80e3-47fe03b77367_639196409548679878.xml,TDTR,Go South Coast,Go South Coast 7180 Outbound,Marlborough - Ludgershall,price_band_4.0@YoungPersonRtn,4.0
SWWD_3306_Outbound_AdultReturn_a9f4b9e2-e9ea-4456-80e3-47fe03b77367_639196394548717533.xml,SWWD,Go South Coast,Go South Coast 3306 Outbound,Endless Street - Blue Boar Row,price_band_4.2@AdultReturn,4.2
TDTR_7080_Inbound_AdultReturn_a9f4b9e2-e9ea-4456-80e3-47fe03b77367_639196408785451710.xml,TDTR,Go South Coast,Go South Coast 7080 Inbound,Swindon - Marlborough,price_band_3.6@AdultReturn,3.6
WDBC_3882_Inbound_ChildReturn_a9f4b9e2-e9ea-4456-80e3-47fe03b77367_639196400640344963.xml,WDBC,Go South Coast,Go South Coast 3882 Inbound,Stratford Road Grammar School - Burgate School,price_band_5.1@ChildReturn,5.1
TDTR_7052_Inbound_YoungPersonSgl_a9f4b9e2-e9ea-4456-80e3-47fe03b77367_639196408580868281.xml,TDTR,Go South Coast,Go South Coast 7052 Inbound,Barnfield - Okus,price_band_1.8@YoungPersonSgl,1.8
BLUS_4425_Inbound_AdultReturn_a9f4b9e2-e9ea-4456-80e3-47fe03b77367_639196402919489709.xml,BLUS,Go South Coast,Go South Coast 4425 Inbound,Eastleigh - Boorley Park,price_band_6.0@AdultReturn,6.0
WDBC_1806_Outbound_AdultSingle_d46597a9-440e-4c13-b49a-76a3986683d1_639196379983275624.xml,WDBC,Go South Coast,Go South Coast 1806 Outbound,Bournemouth - Wimborne,price_band_1.0@AdultSingle,1.0
WDBC_1013_Inbound_AdultSingle_a9f4b9e2-e9ea-4456-80e3-47fe03b77367_639196371199580017.xml,WDBC,Go South Coast,Go South Coast 1013 Inbound,Bournemouth - Wimborne,price_band_2.3@AdultSingle,2.3
TDTR_7012_Inbound_YoungPersonSgl_a9f4b9e2-e9ea-4456-80e3-47fe03b77367_639196408157786588.xml,TDTR,Go South Coast,Go South Coast 7012 Inbound,Oakhurst - Great Western Hospital,price_band_1.8@YoungPersonSgl,1.8
WDBC_2003_Inbound_AdultSingle_2f1f0c04-770d-4707-ab06-213c5a798ad7_639196385830221040.xml,WDBC,Go South Coast,Go South Coast 2003 Inbound,Salisbury - Bournemouth,price_band_3.0@AdultSingle,3.0
BLUS_4503_Outbound_AdultSingle_a9f4b9e2-e9ea-4456-80e3-47fe03b77367_639196402964203563.xml,BLUS,Go South Coast,Go South Coast 4503 Outbound,Valley Park - Thornden,price_band_2.3@AdultSingle,2.3
TDTR_7562_Inbound_ChildSingle_a9f4b9e2-e9ea-4456-80e3-47fe03b77367_639196410132417055.xml,TDTR,Go South Coast,Go South Coast 7562 Inbound,Yate - Malmesbury,price_band_5.2@ChildSingle,5.2
SWWD_3886_Inbound_ChildSingle_a9f4b9e2-e9ea-4456-80e3-47fe03b77367_639196400866248604.xml,SWWD,Go South Coast,Go South Coast 3886 Inbound,St Peters Place  - Burgate School,price_band_2.2@ChildSingle,2.2
WDBC_1114_Inbound_ChildSingle_2f1f0c04-770d-4707-ab06-213c5a798ad7_639196377776405980.xml,WDBC,Go South Coast,Go South Coast 1114 Inbound,Poole - RB Hospital,price_band_1.0@ChildSingle,1.0
SWWD_3977_Outbound_ChildSingle_a9f4b9e2-e9ea-4456-80e3-47fe03b77367_639196400919861113.xml,SWWD,Go South Coast,Go South Coast 3977 Outbound,Victoria Park - Laverstock Schools,price_band_2.5@ChildSingle,2.5
WDBC_2001_Outbound_ChildReturn_a9f4b9e2-e9ea-4456-80e3-47fe03b77367_639196384725076307.xml,WDBC,Go South Coast,Go South Coast 2001 Outbound,Bournemouth - Lymington,price_band_3.1@ChildReturn,3.1
WDBC_1805_Outbound_AdultReturn_a9f4b9e2-e9ea-4456-80e3-47fe03b77367_639196379801758404.xml,WDBC,Go South Coast,Go South Coast 1805 Outbound,Bournemouth - Kinson,price_band_4.2@AdultReturn,4.2
WDBC_1886_Outbound_ChildSingle_a9f4b9e2-e9ea-4456-80e3-47fe03b77367_639196383028299421.xml,WDBC,Go South Coast,Go South Coast 1886 Outbound,Corfe Mullen - St Peters School,price_band_4.0@ChildSingle,4.0
WDBC_2633_Outbound_AdultReturn_a9f4b9e2-e9ea-4456-80e3-47fe03b77367_639196387416522704.xml,WDBC,Go South Coast,Go South Coast 2633 Outbound,Wimborne - Brockenhurst College,price_band_3.6@AdultReturn,3.6
WDBC_1786_Inbound_AdultSingle_a9f4b9e2-e9ea-4456-80e3-47fe03b77367_639196379193219072.xml,WDBC,Go South Coast,Go South Coast 1786 Inbound,Park Gates - Bournemouth School for Girls,price_band_2.9@AdultSingle,2.9
SWWD_3886_Inbound_AdultReturn_a9f4b9e2-e9ea-4456-80e3-47fe03b77367_639196400873165727.xml,SWWD,Go South Coast,Go South Coast 3886 Inbound,St Peters Place  - Burgate School,price_band_3.7@AdultReturn,3.7
WDBC_6416_Outbound_ChildReturn_a9f4b9e2-e9ea-4456-80e3-47fe03b77367_639196406650542511.xml,WDBC,Go South Coast,Go South Coast 6416 Outbound,Penn Hill Avenue  - Poole Grammar School,price_band_5.7@ChildReturn,5.7
WDBC_1643_Outbound_ChildSingle_a9f4b9e2-e9ea-4456-80e3-47fe03b77367_639196378904881632.xml,WDBC,Go South Coast,Go South Coast 1643 Outbound,Fishermans Walk - Talbot Campus,price_band_2.1@ChildSingle,2.1
WDBC_1053_Inbound_ChildReturn_a9f4b9e2-e9ea-4456-80e3-47fe03b77367_639196376058761639.xml,WDBC,Go South Coast,Go South Coast 1053 Inbound,Bournemouth - Wimborne,price_band_3.7@ChildReturn,3.7
SWWD_3651_Outbound_AdultSingle_a9f4b9e2-e9ea-4456-80e3-47fe03b77367_639196399999646061.xml,SWWD,Go South Coast,Go South Coast 3651 Outbound,Avon Valley College - Sling,price_band_2.7@AdultSingle,2.7
WDBC_1401_Outbound_AdultSingle_a9f4b9e2-e9ea-4456-80e3-47fe03b77367_639196378691918850.xml,WDBC,Go South Coast,Go South Coast 1401 Outbound,Poole High - Branksome,price_band_2.6@AdultSingle,2.6
WDBC_6943_Outbound_ChildReturn_a9f4b9e2-e9ea-4456-80e3-47fe03b77367_639196408041685500.xml,WDBC,Go South Coast,Go South Coast 6943 Outbound,Lulworth - Weymouth,price_band_4.3@ChildReturn,4.3
WDBC_6043_Outbound_ChildSingle_a9f4b9e2-e9ea-4456-80e3-47fe03b77367_639196406305893325.xml,WDBC,Go South Coast,Go South Coast 6043 Outbound,County Gates - Parkstone Grammar School,price_band_2.0@ChildSingle,2.0
SWWD_3684_Outbound_ChildReturn_a9f4b9e2-e9ea-4456-80e3-47fe03b77367_639196400296909605.xml,SWWD,Go South Coast,Go South Coast 3684 Outbound,Coombe Bissett - Burgate,price_band_5.7@ChildReturn,5.7
SVCT_5127_Inbound_ChildSingle_a9f4b9e2-e9ea-4456-80e3-47fe03b77367_639196405373626247.xml,SVCT,Go South Coast,Go South Coast 5127 Inbound,Yarmouth - Newport,price_band_1.8@ChildSingle,1.8
WDBC_8409_Outbound_AdultSingle_a9f4b9e2-e9ea-4456-80e3-47fe03b77367_639196410420358607.xml,WDBC,Go South Coast,Go South Coast 8409 Outbound,Lyndhurst - Exbury GREEN,price_band_5.0@AdultSingle,5.0
DAMY_6905_Outbound_ChildSingle_a9f4b9e2-e9ea-4456-80e3-47fe03b77367_639196407716727735.xml,DAMY,Go South Coast,Go South Coast 6905 Outbound,Warmwell - Dorchester,price_band_3.0@ChildSingle,3.0
SVCT_5272_Outbound_ChildSingle_a9f4b9e2-e9ea-4456-80e3-47fe03b77367_639196405689071524.xml,SVCT,Go South Coast,Go South Coast 5272 Outbound,Ryde - Ventnor,price_band_1.8@ChildSingle,1.8
BLUS_4012_Outbound_ChildSingle_a9f4b9e2-e9ea-4456-80e3-47fe03b77367_639196401774744509.xml,BLUS,Go South Coast,Go South Coast 4012 Outbound,Southampton - Calmore,price_band_2.5@ChildSingle,2.5
WDBC_2001_Inbound_ChildSingle_2f1f0c04-770d-4707-ab06-213c5a798ad7_639196384597498916.xml,WDBC,Go South Coast,Go South Coast 2001 Inbound,Bournemouth - Lymington,price_band_2.8@ChildSingle,2.8
WDBC_1789_Outbound_AdultReturn_a9f4b9e2-e9ea-4456-80e3-47fe03b77367_639196379362514665.xml,WDBC,Go South Coast,Go South Coast 1789 Outbound,Bournemouth School for Girls - Lymington,price_band_5.4@AdultReturn,5.4
SWWD_3519_Outbound_ChildSingle_a9f4b9e2-e9ea-4456-80e3-47fe03b77367_639196399460083561.xml,SWWD,Go South Coast,Go South Coast 3519 Outbound,Milford Street - New Canal,price_band_2.3@ChildSingle,2.3
BLUS_4018_Inbound_AdultSingle_a9f4b9e2-e9ea-4456-80e3-47fe03b77367_639196402130347755.xml,BLUS,Go South Coast,Go South Coast 4018 Inbound,Millbrook - Thornhill,price_band_2.6@AdultSingle,2.6
BLUS_4021_Inbound_ChildSingle_eed5e2e8-c472-41af-825e-db09ec887334_639196402351108396.xml,BLUS,Go South Coast,Go South Coast 4021 Inbound,Southampton - Lordshill,price_band_1.0@ChildSingle,1.0
WDBC_1755_Outbound_ChildReturn_a9f4b9e2-e9ea-4456-80e3-47fe03b77367_639196379148562803.xml,WDBC,Go South Coast,Go South Coast 1755 Outbound,Bournemouth Station - Bournemouth School for Girls,price_band_5.4@ChildReturn,5.4
WDBC_1013_Outbound_ChildSingle_d46597a9-440e-4c13-b49a-76a3986683d1_639196371637714285.xml,WDBC,Go South Coast,Go South Coast 1013 Outbound,Bournemouth - Wimborne,price_band_2.8@ChildSingle,2.8
WDBC_1821_Inbound_AdultSingle_a9f4b9e2-e9ea-4456-80e3-47fe03b77367_639196380749875326.xml,WDBC,Go South Coast,Go South Coast 1821 Inbound,Bournemouth - Burton,price_band_3.0@AdultSingle,3.0
DAMY_6020_Outbound_ChildReturn_a9f4b9e2-e9ea-4456-80e3-47fe03b77367_639196406158048579.xml,DAMY,Go South Coast,Go South Coast 6020 Outbound,Salisbury - Blandford,price_band_5.7@ChildReturn,5.7
TDTR_7146_Inbound_ChildReturn_a9f4b9e2-e9ea-4456-80e3-47fe03b77367_639196409044265171.xml,TDTR,Go South Coast,Go South Coast 7146 Inbound,Swindon - Hungerford,price_band_3.3@ChildReturn,3.3
WDBC_6419_Inbound_ChildSingle_a9f4b9e2-e9ea-4456-80e3-47fe03b77367_639196406796721247.xml,WDBC,Go South Coast,Go South Coast 6419 Inbound,Compton Avenue - Poole Grammar,price_band_1.6@ChildSingle,1.6
WDBC_6415_Outbound_ChildSingle_a9f4b9e2-e9ea-4456-80e3-47fe03b77367_639196406582208448.xml,WDBC,Go South Coast,Go South Coast 6415 Outbound,St Anns Hospital - Poole Grammar School,price_band_2.4@ChildSingle,2.4
WDBC_1821_Outbound_ChildSingle_d46597a9-440e-4c13-b49a-76a3986683d1_639196381133311232.xml,WDBC,Go South Coast,Go South Coast 1821 Outbound,Bournemouth - Burton,price_band_1.0@ChildSingle,1.0
WDBC_1741_Outbound_AdultSingle_a9f4b9e2-e9ea-4456-80e3-47fe03b77367_639196379075274914.xml,WDBC,Go South Coast,Go South Coast 1741 Outbound,Sandbanks Ferry - Parkstone Grammar School,price_band_3.5@AdultSingle,3.5
TDTR_7824_Outbound_ChildSingle_a9f4b9e2-e9ea-4456-80e3-47fe03b77367_639196410196417312.xml,TDTR,Go South Coast,Go South Coast 7824 Outbound,Wanborough (Lotmead Farm) - Ridgeway School,price_band_3.3@ChildSingle,3.3
SWWD_3675_Inbound_ChildReturn_a9f4b9e2-e9ea-4456-80e3-47fe03b77367_639196400089415816.xml,SWWD,Go South Coast,Go South Coast 3675 Inbound,Castle Road - Amesbury,price_band_6.0@ChildReturn,6.0
BLUS_4002_Inbound_AdultSingle_f15d1b06-486f-433a-8991-95f1a97a87e0_639196401040011302.xml,BLUS,Go South Coast,Go South Coast 4002 Inbound,Southampton - Fair Oak,price_band_1.0@AdultSingle,1.0
WDBC_1788_Outbound_ChildSingle_a9f4b9e2-e9ea-4456-80e3-47fe03b77367_639196379271894228.xml,WDBC,Go South Coast,Go South Coast 1788 Outbound,Walkford - Bournemouth School for Girls,price_band_3.1@ChildSingle,3.1
WDBC_1762_Outbound_ChildSingle_a9f4b9e2-e9ea-4456-80e3-47fe03b77367_639196379178723324.xml,WDBC,Go South Coast,Go South Coast 1762 Outbound,Merley - Corfe Hills,price_band_2.4@ChildSingle,2.4
WDBC_2956_Inbound_AdultSingle_d46597a9-440e-4c13-b49a-76a3986683d1_639196389508353628.xml,WDBC,Go South Coast,Go South Coast 2956 Inbound,Ringwood - Bournemouth,price_band_2.3@AdultSingle,2.3
DAMY_3183_Outbound_AdultSingle_a9f4b9e2-e9ea-4456-80e3-47fe03b77367_639196393896036878.xml,DAMY,Go South Coast,Go South Coast 3183 Outbound,Blandford - Weymouth,price_band_2.5@AdultSingle,2.5
SVCT_8505_Outbound_AdultSingle_a9f4b9e2-e9ea-4456-80e3-47fe03b77367_639196410702305794.xml,SVCT,Go South Coast,Go South Coast 8505 Outbound,Shanklin - Shuttle,price_band_4.2@AdultSingle,4.2
SWWD_3495_Outbound_AdultReturn_a9f4b9e2-e9ea-4456-80e3-47fe03b77367_639196398985590044.xml,SWWD,Go South Coast,Go South Coast 3495 Outbound,Swindon - Pewsey,price_band_4.2@AdultReturn,4.2
WDBC_1883_Outbound_ChildSingle_a9f4b9e2-e9ea-4456-80e3-47fe03b77367_639196382583495729.xml,WDBC,Go South Coast,Go South Coast 1883 Outbound,Alum Chine - Castlepoint,price_band_2.2@ChildSingle,2.2
WDBC_1837_Inbound_ChildReturn_a9f4b9e2-e9ea-4456-80e3-47fe03b77367_639196381865931691.xml,WDBC,Go South Coast,Go South Coast 1837 Inbound,Bournemouth - Bournemouth International Airport,price_band_2.8@ChildReturn,2.8
TDTR_7051_Outbound_AdultSingle_a9f4b9e2-e9ea-4456-80e3-47fe03b77367_639196408571000977.xml,TDTR,Go South Coast,Go South Coast 7051 Outbound,Fleming Way - Deer's Leap,price_band_2.2@AdultSingle,2.2
WDBC_1010_Outbound_ChildSingle_a9f4b9e2-e9ea-4456-80e3-47fe03b77367_639196370951513784.xml,WDBC,Go South Coast,Go South Coast 1010 Outbound,Poole - Lytchett Matravers,price_band_3.0@ChildSingle,3.0
WDBC_1644_Inbound_AdultReturn_a9f4b9e2-e9ea-4456-80e3-47fe03b77367_639196378931271922.xml,WDBC,Go South Coast,Go South Coast 1644 Inbound,Westbourne - Talbot Campus,price_band_4.2@AdultReturn,4.2
WDBC_6416_Inbound_AdultReturn_a9f4b9e2-e9ea-4456-80e3-47fe03b77367_639196406593034448.xml,WDBC,Go South Coast,Go South Coast 6416 Inbound,Penn Hill Avenue  - Poole Grammar School,price_band_4.3@AdultReturn,4.3
SVCT_5024_Outbound_YoungAdSingle_a9f4b9e2-e9ea-4456-80e3-47fe03b77367_639196404312746981.xml,SVCT,Go South Coast,Go South Coast 5024 Outbound,Shanklin - Community Route 24,price_band_3.0@YoungAdSingle,3.0
WDBC_2112_Outbound_ChildSingle_a9f4b9e2-e9ea-4456-80e3-47fe03b77367_639196386385776673.xml,WDBC,Go South Coast,Go South Coast 2112 Outbound,Hythe - Lymington,price_band_3.0@ChildSingle,3.0
WDBC_1887_Outbound_AdultReturn_a9f4b9e2-e9ea-4456-80e3-47fe03b77367_639196383107824430.xml,WDBC,Go South Coast,Go South Coast 1887 Outbound,Charminster - St Peters School,price_band_5.8@AdultReturn,5.8
SVCT_5009_Outbound_ChildSingle_a9f4b9e2-e9ea-4456-80e3-47fe03b77367_639196404202381155.xml,SVCT,Go South Coast,Go South Coast 5009 Outbound,Newport  - Ryde,price_band_1.8@ChildSingle,1.8
WDBC_2001_Outbound_ChildSingle_a9f4b9e2-e9ea-4456-80e3-47fe03b77367_639196384755784352.xml,WDBC,Go South Coast,Go South Coast 2001 Outbound,Bournemouth - Lymington,price_band_2.3@ChildSingle,2.3
BLUS_4128_Inbound_ChildSingle_a9f4b9e2-e9ea-4456-80e3-47fe03b77367_639196402791728482.xml,BLUS,Go South Coast,Go South Coast 4128 Inbound,Highfield - Southampton Science Park,price_band_2.1@ChildSingle,2.1
DAMY_6920_Outbound_ChildReturn_a9f4b9e2-e9ea-4456-80e3-47fe03b77367_639196407818029503.xml,DAMY,Go South Coast,Go South Coast 6920 Outbound,Salisbury - Steam Fair,price_band_4.9@ChildReturn,4.9
WDBC_1741_Inbound_AdultSingle_a9f4b9e2-e9ea-4456-80e3-47fe03b77367_639196379043613624.xml,WDBC,Go South Coast,Go South Coast 1741 Inbound,Sandbanks Ferry - Parkstone Grammar School,price_band_2.9@AdultSingle,2.9
WDBC_1005_Inbound_AdultSingle_d46597a9-440e-4c13-b49a-76a3986683d1_639196370556007908.xml,WDBC,Go South Coast,Go South Coast 1005 Inbound,Poole - Tower Park,price_band_1.0@AdultSingle,1.0
TDTR_7012_Outbound_YoungPersonSgl_a9f4b9e2-e9ea-4456-80e3-47fe03b77367_639196408170729275.xml,TDTR,Go South Coast,Go South Coast 7012 Outbound,Oakhurst - Great Western Hospital,price_band_2.2@YoungPersonSgl,2.2
WDBC_1035_Outbound_ChildSingle_a9f4b9e2-e9ea-4456-80e3-47fe03b77367_639196374669803025.xml,WDBC,Go South Coast,Go South Coast 1035 Outbound,Swanage - Wareham,price_band_1.9@ChildSingle,1.9
BLUS_3634_Inbound_ChildReturn_a9f4b9e2-e9ea-4456-80e3-47fe03b77367_639196399668588501.xml,BLUS,Go South Coast,Go South Coast 3634 Inbound,East Wellow  - Romsey School,price_band_5.5@ChildReturn,5.5
WDBC_1818_Outbound_AdultReturn_a9f4b9e2-e9ea-4456-80e3-47fe03b77367_639196380399900307.xml,WDBC,Go South Coast,Go South Coast 1818 Outbound,Bournemouth - Broadstone,price_band_4.7@AdultReturn,4.7
TDTR_3820_Inbound_ChildReturn_a9f4b9e2-e9ea-4456-80e3-47fe03b77367_639196400547070977.xml,TDTR,Go South Coast,Go South Coast 3820 Inbound,Marlborough - Newbury,price_band_1.3@ChildReturn,1.3
WDBC_1950_Inbound_ChildSingle_a9f4b9e2-e9ea-4456-80e3-47fe03b77367_639196383599091215.xml,WDBC,Go South Coast,Go South Coast 1950 Inbound,Bournemouth - Swanage,price_band_3.0@ChildSingle,3.0
BLUS_4002_Inbound_ChildReturn_a9f4b9e2-e9ea-4456-80e3-47fe03b77367_639196401030360598.xml,BLUS,Go South Coast,Go South Coast 4002 Inbound,Southampton - Fair Oak,price_band_2.6@ChildReturn,2.6
WDBC_6450_Outbound_ChildReturn_a9f4b9e2-e9ea-4456-80e3-47fe03b77367_639196407046433646.xml,WDBC,Go South Coast,Go South Coast 6450 Outbound,Wallisdown - Parkstone Grammar,price_band_2.4@ChildReturn,2.4
SWWD_3977_Inbound_ChildSingle_a9f4b9e2-e9ea-4456-80e3-47fe03b77367_639196400914860778.xml,SWWD,Go South Coast,Go South Coast 3977 Inbound,Victoria Park - Laverstock Schools,price_band_1.9@ChildSingle,1.9
WDBC_1885_Inbound_ChildReturn_a9f4b9e2-e9ea-4456-80e3-47fe03b77367_639196382660876150.xml,WDBC,Go South Coast,Go South Coast 1885 Inbound,Bournemouth University - St Peters School,price_band_5.8@ChildReturn,5.8
DAMY_3183_Outbound_AdultSingle_a9f4b9e2-e9ea-4456-80e3-47fe03b77367_639196393896036878.xml,DAMY,Go South Coast,Go South Coast 3183 Outbound,Blandford - Weymouth,price_band_3.0@AdultSingle,3.0
BLUS_4022_Outbound_ChildSingle_eed5e2e8-c472-41af-825e-db09ec887334_639196402417834830.xml,BLUS,Go South Coast,Go South Coast 4022 Outbound,Southampton - Shirley,price_band_1.0@ChildSingle,1.0
WDBC_2002_Outbound_AdultSingle_a9f4b9e2-e9ea-4456-80e3-47fe03b77367_639196385337486110.xml,WDBC,Go South Coast,Go South Coast 2002 Outbound,Bournemouth - Lymington,price_band_3.0@AdultSingle,3.0
SWWD_3513_Outbound_AdultReturn_a9f4b9e2-e9ea-4456-80e3-47fe03b77367_639196399249284376.xml,SWWD,Go South Coast,Go South Coast 3513 Outbound,Blue Boar Row - Bulbridge Chantry Road,price_band_4.2@AdultReturn,4.2
WDBC_1035_Inbound_AdultSingle_a9f4b9e2-e9ea-4456-80e3-47fe03b77367_639196374547636589.xml,WDBC,Go South Coast,Go South Coast 1035 Inbound,Swanage - Wareham,price_band_3.0@AdultSingle,3.0
TDTR_7042_Outbound_ChildSingle_a9f4b9e2-e9ea-4456-80e3-47fe03b77367_639196408331477297.xml,TDTR,Go South Coast,Go South Coast 7042 Outbound,Calne - St John's School,price_band_1.3@ChildSingle,1.3
WDBC_8229_Outbound_AdultSingle_a9f4b9e2-e9ea-4456-80e3-47fe03b77367_639196410358482826.xml,WDBC,Go South Coast,Go South Coast 8229 Outbound,Lyndhurst - Ringwood RED,price_band_3.0@AdultSingle,3.0
WDBC_1002_Outbound_AdultSingle_2f1f0c04-770d-4707-ab06-213c5a798ad7_639196370222186436.xml,WDBC,Go South Coast,Go South Coast 1002 Outbound,Poole - Southbourne,price_band_1.0@AdultSingle,1.0
WDBC_2112_Inbound_AdultReturn_a9f4b9e2-e9ea-4456-80e3-47fe03b77367_639196386272766907.xml,WDBC,Go South Coast,Go South Coast 2112 Inbound,Hythe - Lymington,price_band_4.2@AdultReturn,4.2
BLUS_4011_Inbound_AdultSingle_a9f4b9e2-e9ea-4456-80e3-47fe03b77367_639196401695835844.xml,BLUS,Go South Coast,Go South Coast 4011 Inbound,Southampton - West Totton,price_band_2.5@AdultSingle,2.5
WDBC_1642_Inbound_UniIDSingle_d46597a9-440e-4c13-b49a-76a3986683d1_639196378799195021.xml,WDBC,Go South Coast,Go South Coast 1642 Inbound,Poole  - Talbot Campus,price_band_1.0@UniIDSingle,1.0
WDBC_1017_Inbound_ChildReturn_a9f4b9e2-e9ea-4456-80e3-47fe03b77367_639196372622500146.xml,WDBC,Go South Coast,Go South Coast 1017 Inbound,Poole - Bournemouth,price_band_3.7@ChildReturn,3.7
SWWD_3307_Outbound_ChildSingle_a9f4b9e2-e9ea-4456-80e3-47fe03b77367_639196394590472337.xml,SWWD,Go South Coast,Go South Coast 3307 Outbound,City Centre - Bishopdown Farm,price_band_1.9@ChildSingle,1.9
WDBC_2191_Outbound_AdultReturn_a9f4b9e2-e9ea-4456-80e3-47fe03b77367_639196386868285407.xml,WDBC,Go South Coast,Go South Coast 2191 Outbound,New Milton - New Milton,price_band_5.1@AdultReturn,5.1
BLUS_3634_Inbound_AdultSingle_a9f4b9e2-e9ea-4456-80e3-47fe03b77367_639196399650031455.xml,BLUS,Go South Coast,Go South Coast 3634 Inbound,East Wellow  - Romsey School,price_band_5.0@AdultSingle,5.0
SWWD_3327_Outbound_AdultReturn_a9f4b9e2-e9ea-4456-80e3-47fe03b77367_639196395585882115.xml,SWWD,Go South Coast,Go South Coast 3327 Outbound,Salisbury - Shaftesbury,price_band_5.4@AdultReturn,5.4
SWWD_3110_Inbound_AdultSingle_a9f4b9e2-e9ea-4456-80e3-47fe03b77367_639196392724676717.xml,SWWD,Go South Coast,Go South Coast 3110 Inbound,Bedwyn - Marlborough,price_band_2.0@AdultSingle,2.0
WDBC_1755_Inbound_AdultSingle_a9f4b9e2-e9ea-4456-80e3-47fe03b77367_639196379113481579.xml,WDBC,Go South Coast,Go South Coast 1755 Inbound,Bournemouth Station - Bournemouth School for Girls,price_band_3.1@AdultSingle,3.1
SWWD_3885_Outbound_ChildSingle_a9f4b9e2-e9ea-4456-80e3-47fe03b77367_639196400823412285.xml,SWWD,Go South Coast,Go South Coast 3885 Outbound,Whaddon - Burgate School,price_band_2.5@ChildSingle,2.5
SWWD_3029_Outbound_AdultSingle_a9f4b9e2-e9ea-4456-80e3-47fe03b77367_639196391412426095.xml,SWWD,Go South Coast,Go South Coast 3029 Outbound,Salisbury - Shaftesbury,price_band_2.3@AdultSingle,2.3
WDBC_1011_Inbound_ChildReturn_a9f4b9e2-e9ea-4456-80e3-47fe03b77367_639196371001216345.xml,WDBC,Go South Coast,Go South Coast 1011 Inbound,Bournemouth - Canford Paddock,price_band_3.4@ChildReturn,3.4
WDBC_2633_Inbound_AdultReturn_a9f4b9e2-e9ea-4456-80e3-47fe03b77367_639196387391976789.xml,WDBC,Go South Coast,Go South Coast 2633 Inbound,Wimborne - Brockenhurst College,price_band_3.6@AdultReturn,3.6
WDBC_1806_Inbound_ChildReturn_a9f4b9e2-e9ea-4456-80e3-47fe03b77367_639196379882749275.xml,WDBC,Go South Coast,Go South Coast 1806 Inbound,Bournemouth - Wimborne,price_band_3.1@ChildReturn,3.1
SVCT_5003_Outbound_YoungAdSingle_a9f4b9e2-e9ea-4456-80e3-47fe03b77367_639196403799945930.xml,SVCT,Go South Coast,Go South Coast 5003 Outbound,Newport  - Ryde,price_band_2.4@YoungAdSingle,2.4
SWWD_3507_Outbound_AdultReturn_a9f4b9e2-e9ea-4456-80e3-47fe03b77367_639196399050911494.xml,SWWD,Go South Coast,Go South Coast 3507 Outbound,City Centre - Lopcombe Corner,price_band_4.5@AdultReturn,4.5
DAMY_3183_Outbound_ChildSingle_a9f4b9e2-e9ea-4456-80e3-47fe03b77367_639196393928196536.xml,DAMY,Go South Coast,Go South Coast 3183 Outbound,Blandford - Weymouth,price_band_2.9@ChildSingle,2.9
BLUS_4425_Outbound_ChildSingle_a9f4b9e2-e9ea-4456-80e3-47fe03b77367_639196402942949774.xml,BLUS,Go South Coast,Go South Coast 4425 Outbound,Eastleigh - Boorley Park,price_band_2.5@ChildSingle,2.5
WDBC_1021_Outbound_ChildReturn_a9f4b9e2-e9ea-4456-80e3-47fe03b77367_639196374187242002.xml,WDBC,Go South Coast,Go South Coast 1021 Outbound,Bournemouth - High Howe,price_band_2.8@ChildReturn,2.8
TDTR_7013_Inbound_YoungPersonSgl_a9f4b9e2-e9ea-4456-80e3-47fe03b77367_639196408177863174.xml,TDTR,Go South Coast,Go South Coast 7013 Inbound,Fleming Way - Eldene,price_band_2.5@YoungPersonSgl,2.5
WDBC_2761_Outbound_ChildSingle_a9f4b9e2-e9ea-4456-80e3-47fe03b77367_639196387454705173.xml,WDBC,Go South Coast,Go South Coast 2761 Outbound,Bunkers Hill Cottage - Priestlands School,price_band_3.6@ChildSingle,3.6
WDBC_2776_Inbound_AdultReturn_a9f4b9e2-e9ea-4456-80e3-47fe03b77367_639196387510719282.xml,WDBC,Go South Coast,Go South Coast 2776 Inbound,Lyndhurst - Priestlands School,price_band_4.5@AdultReturn,4.5
TDTR_7146_Outbound_ChildReturn_a9f4b9e2-e9ea-4456-80e3-47fe03b77367_639196409098340196.xml,TDTR,Go South Coast,Go South Coast 7146 Outbound,Swindon - Hungerford,price_band_3.0@ChildReturn,3.0
BLUS_4013_Inbound_AdultSingle_f15d1b06-486f-433a-8991-95f1a97a87e0_639196401804262044.xml,BLUS,Go South Coast,Go South Coast 4013 Inbound,Southampton - Harefield,price_band_1.0@AdultSingle,1.0
WDBC_1015_Outbound_AdultSingle_a9f4b9e2-e9ea-4456-80e3-47fe03b77367_639196371871192567.xml,WDBC,Go South Coast,Go South Coast 1015 Outbound,Poole - Bournemouth Hospital,price_band_2.3@AdultSingle,2.3
WDBC_1786_Outbound_AdultSingle_a9f4b9e2-e9ea-4456-80e3-47fe03b77367_639196379214564608.xml,WDBC,Go South Coast,Go South Coast 1786 Outbound,Park Gates - Bournemouth School for Girls,price_band_2.2@AdultSingle,2.2
SWWD_3303_Outbound_AdultReturn_a9f4b9e2-e9ea-4456-80e3-47fe03b77367_639196394441183590.xml,SWWD,Go South Coast,Go South Coast 3303 Outbound,City Centre - Ditchampton,price_band_5.4@AdultReturn,5.4
WDBC_1725_Inbound_ChildSingle_a9f4b9e2-e9ea-4456-80e3-47fe03b77367_639196379020986330.xml,WDBC,Go South Coast,Go South Coast 1725 Inbound,Wareham - Lytchett Minster School,price_band_2.1@ChildSingle,2.1
WDBC_1818_Inbound_AdultReturn_a9f4b9e2-e9ea-4456-80e3-47fe03b77367_639196380160185369.xml,WDBC,Go South Coast,Go South Coast 1818 Inbound,Bournemouth - Broadstone,price_band_4.7@AdultReturn,4.7
WDBC_1035_Outbound_AdultSingle_a9f4b9e2-e9ea-4456-80e3-47fe03b77367_639196374639756272.xml,WDBC,Go South Coast,Go South Coast 1035 Outbound,Swanage - Wareham,price_band_3.0@AdultSingle,3.0
WDBC_1114_Inbound_ChildSingle_a9f4b9e2-e9ea-4456-80e3-47fe03b77367_639196377653627154.xml,WDBC,Go South Coast,Go South Coast 1114 Inbound,Poole - RB Hospital,price_band_2.8@ChildSingle,2.8
WDBC_6416_Inbound_AdultReturn_a9f4b9e2-e9ea-4456-80e3-47fe03b77367_639196406593034448.xml,WDBC,Go South Coast,Go South Coast 6416 Inbound,Penn Hill Avenue  - Poole Grammar School,price_band_3.8@AdultReturn,3.8
TDTR_7176_Inbound_YoungPersonRtn_a9f4b9e2-e9ea-4456-80e3-47fe03b77367_639196409343005529.xml,TDTR,Go South Coast,Go South Coast 7176 Inbound,Calne - Bath,price_band_2.8@YoungPersonRtn,2.8
WDBC_1762_Inbound_AdultSingle_a9f4b9e2-e9ea-4456-80e3-47fe03b77367_639196379152000511.xml,WDBC,Go South Coast,Go South Coast 1762 Inbound,Merley - Corfe Hills,price_band_4.0@AdultSingle,4.0
WDBC_6419_Outbound_AdultReturn_a9f4b9e2-e9ea-4456-80e3-47fe03b77367_639196406803608483.xml,WDBC,Go South Coast,Go South Coast 6419 Outbound,Compton Avenue - Poole Grammar,price_band_4.3@AdultReturn,4.3
WDBC_1020_Inbound_ChildSingle_a9f4b9e2-e9ea-4456-80e3-47fe03b77367_639196373307408516.xml,WDBC,Go South Coast,Go South Coast 1020 Inbound,Poole - Christchurch,price_band_1.9@ChildSingle,1.9
TDTR_7016_Outbound_YoungPersonSgl_a9f4b9e2-e9ea-4456-80e3-47fe03b77367_639196408236369292.xml,TDTR,Go South Coast,Go South Coast 7016 Outbound,Bus Station - Blunsdon,price_band_1.8@YoungPersonSgl,1.8
SVCT_5002_Outbound_ChildSingle_a9f4b9e2-e9ea-4456-80e3-47fe03b77367_639196403664470097.xml,SVCT,Go South Coast,Go South Coast 5002 Outbound,Newport - Ryde,price_band_3.0@ChildSingle,3.0
BLUS_4424_Outbound_AdultReturn_a9f4b9e2-e9ea-4456-80e3-47fe03b77367_639196402893927340.xml,BLUS,Go South Coast,Go South Coast 4424 Outbound,Eastleigh - Hedge End,price_band_4.2@AdultReturn,4.2
WDBC_1837_Inbound_ChildSingle_a9f4b9e2-e9ea-4456-80e3-47fe03b77367_639196381856544957.xml,WDBC,Go South Coast,Go South Coast 1837 Inbound,Bournemouth - Bournemouth International Airport,price_band_2.5@ChildSingle,2.5
SWWD_3677_Inbound_ChildReturn_a9f4b9e2-e9ea-4456-80e3-47fe03b77367_639196400161512315.xml,SWWD,Go South Coast,Go South Coast 3677 Inbound,Stratford Road Grammar School - West Wellow,price_band_3.6@ChildReturn,3.6
WDBC_1020_Inbound_ChildSingle_a9f4b9e2-e9ea-4456-80e3-47fe03b77367_639196373307408516.xml,WDBC,Go South Coast,Go South Coast 1020 Inbound,Poole - Christchurch,price_band_2.5@ChildSingle,2.5
WDBC_1053_Outbound_ChildReturn_a9f4b9e2-e9ea-4456-80e3-47fe03b77367_639196376275393422.xml,WDBC,Go South Coast,Go South Coast 1053 Outbound,Bournemouth - Wimborne,price_band_3.0@ChildReturn,3.0
SWWD_3326_Inbound_AdultSingle_a9f4b9e2-e9ea-4456-80e3-47fe03b77367_639196395080759962.xml,SWWD,Go South Coast,Go South Coast 3326 Inbound,Salisbury - Hindon,price_band_2.3@AdultSingle,2.3
WDBC_1741_Outbound_AdultReturn_a9f4b9e2-e9ea-4456-80e3-47fe03b77367_639196379066970173.xml,WDBC,Go South Coast,Go South Coast 1741 Outbound,Sandbanks Ferry - Parkstone Grammar School,price_band_3.8@AdultReturn,3.8
WDBC_1050_Outbound_ChildReturn_a9f4b9e2-e9ea-4456-80e3-47fe03b77367_639196375675418878.xml,WDBC,Go South Coast,Go South Coast 1050 Outbound,Bournemouth Station - Swanage,price_band_2.8@ChildReturn,2.8
SWWD_3404_Inbound_AdultSingle_a9f4b9e2-e9ea-4456-80e3-47fe03b77367_639196396052749845.xml,SWWD,Go South Coast,Go South Coast 3404 Inbound,Salisbury - Larkhill,price_band_3.0@AdultSingle,3.0
SWWD_7201_Outbound_ChildReturn_a9f4b9e2-e9ea-4456-80e3-47fe03b77367_639196409679715329.xml,SWWD,Go South Coast,Go South Coast 7201 Outbound,Figheldean - Salisbury,price_band_2.6@ChildReturn,2.6
WDBC_6448_Outbound_ChildSingle_a9f4b9e2-e9ea-4456-80e3-47fe03b77367_639196406886163468.xml,WDBC,Go South Coast,Go South Coast 6448 Outbound,Furnell Road - Parkstone Grammar,price_band_1.6@ChildSingle,1.6
WDBC_2112_Inbound_ChildSingle_a9f4b9e2-e9ea-4456-80e3-47fe03b77367_639196386324315955.xml,WDBC,Go South Coast,Go South Coast 2112 Inbound,Hythe - Lymington,price_band_1.9@ChildSingle,1.9
TDTR_7001_Outbound_AdultSingle_a9f4b9e2-e9ea-4456-80e3-47fe03b77367_639196408061379278.xml,TDTR,Go South Coast,Go South Coast 7001 Outbound,Middleleaze - Great Western Hospital,price_band_3.0@AdultSingle,3.0
WDBC_1021_Outbound_ChildReturn_a9f4b9e2-e9ea-4456-80e3-47fe03b77367_639196374187242002.xml,WDBC,Go South Coast,Go South Coast 1021 Outbound,Bournemouth - High Howe,price_band_3.4@ChildReturn,3.4
SWWD_3763_Inbound_AdultReturn_a9f4b9e2-e9ea-4456-80e3-47fe03b77367_639196400474836937.xml,SWWD,Go South Coast,Go South Coast 3763 Inbound,Mount Pleasant Farm - Burgate School,price_band_3.7@AdultReturn,3.7
WDBC_1837_Outbound_ChildSingle_2f1f0c04-770d-4707-ab06-213c5a798ad7_639196381963734747.xml,WDBC,Go South Coast,Go South Coast 1837 Outbound,Bournemouth - Bournemouth International Airport,price_band_2.8@ChildSingle,2.8
WDBC_1050_Outbound_AdultSingle_a9f4b9e2-e9ea-4456-80e3-47fe03b77367_639196375652925815.xml,WDBC,Go South Coast,Go South Coast 1050 Outbound,Bournemouth Station - Swanage,price_band_3.0@AdultSingle,3.0
WDBC_6671_Outbound_ChildReturn_a9f4b9e2-e9ea-4456-80e3-47fe03b77367_639196407261645376.xml,WDBC,Go South Coast,Go South Coast 6671 Outbound,Albert Road - Alderney West,price_band_2.9@ChildReturn,2.9
SWWD_2615_Outbound_AdultReturn_a9f4b9e2-e9ea-4456-80e3-47fe03b77367_639196387171351940.xml,SWWD,Go South Coast,Go South Coast 2615 Outbound,Salisbury  - Brockenhurst College,price_band_6.4@AdultReturn,6.4
WDBC_1114_Inbound_AdultReturn_a9f4b9e2-e9ea-4456-80e3-47fe03b77367_639196377624699606.xml,WDBC,Go South Coast,Go South Coast 1114 Inbound,Poole - RB Hospital,price_band_4.5@AdultReturn,4.5
SWWD_3677_Inbound_ChildSingle_a9f4b9e2-e9ea-4456-80e3-47fe03b77367_639196400150224090.xml,SWWD,Go South Coast,Go South Coast 3677 Inbound,Stratford Road Grammar School - West Wellow,price_band_3.0@ChildSingle,3.0
TDTR_7091_Inbound_AdultSingle_a9f4b9e2-e9ea-4456-80e3-47fe03b77367_639196408919599182.xml,TDTR,Go South Coast,Go South Coast 7091 Inbound,Orbital Park - GW Hospital,price_band_2.8@AdultSingle,2.8
SWWD_7086_Outbound_AdultReturn_a9f4b9e2-e9ea-4456-80e3-47fe03b77367_639196408898404039.xml,SWWD,Go South Coast,Go South Coast 7086 Outbound,Ansty - Shaftesbury,price_band_6.0@AdultReturn,6.0
BLUS_4001_Outbound_AdultSingle_a9f4b9e2-e9ea-4456-80e3-47fe03b77367_639196400978207096.xml,BLUS,Go South Coast,Go South Coast 4001 Outbound,Southampton - Winchester,price_band_2.6@AdultSingle,2.6
SWWD_3885_Inbound_AdultReturn_a9f4b9e2-e9ea-4456-80e3-47fe03b77367_639196400739582598.xml,SWWD,Go South Coast,Go South Coast 3885 Inbound,Whaddon - Burgate School,price_band_5.2@AdultReturn,5.2
WDBC_1010_Outbound_AdultSingle_a9f4b9e2-e9ea-4456-80e3-47fe03b77367_639196370909253056.xml,WDBC,Go South Coast,Go South Coast 1010 Outbound,Poole - Lytchett Matravers,price_band_2.3@AdultSingle,2.3
TDTR_7046_Outbound_YoungPersonSgl_a9f4b9e2-e9ea-4456-80e3-47fe03b77367_639196408455292338.xml,TDTR,Go South Coast,Go South Coast 7046 Outbound,Swindon - Hungerford,price_band_2.4@YoungPersonSgl,2.4
SWWD_3303_Outbound_AdultReturn_a9f4b9e2-e9ea-4456-80e3-47fe03b77367_639196394441183590.xml,SWWD,Go South Coast,Go South Coast 3303 Outbound,City Centre - Ditchampton,price_band_4.5@AdultReturn,4.5
SVCT_5262_Inbound_ChildSingle_a9f4b9e2-e9ea-4456-80e3-47fe03b77367_639196405597809487.xml,SVCT,Go South Coast,Go South Coast 5262 Inbound,Newport - Sandown,price_band_3.0@ChildSingle,3.0
WDBC_1833_Inbound_AdultSingle_d46597a9-440e-4c13-b49a-76a3986683d1_639196381632377878.xml,WDBC,Go South Coast,Go South Coast 1833 Inbound,Alum Chine - Castlepoint,price_band_1.0@AdultSingle,1.0
SWWD_3763_Outbound_ChildReturn_a9f4b9e2-e9ea-4456-80e3-47fe03b77367_639196400519593475.xml,SWWD,Go South Coast,Go South Coast 3763 Outbound,Mount Pleasant Farm - Burgate School,price_band_2.6@ChildReturn,2.6
WDBC_1053_Outbound_ChildSingle_d46597a9-440e-4c13-b49a-76a3986683d1_639196376449410194.xml,WDBC,Go South Coast,Go South Coast 1053 Outbound,Bournemouth - Wimborne,price_band_2.1@ChildSingle,2.1
UNIL_4721_Outbound_AdultSingle_a9f4b9e2-e9ea-4456-80e3-47fe03b77367_639196403286084101.xml,UNIL,Go South Coast,Go South Coast 4721 Outbound,NOCS - Eastleigh,price_band_2.6@AdultSingle,2.6
SWWD_3726_Outbound_ChildReturn_a9f4b9e2-e9ea-4456-80e3-47fe03b77367_639196400436322760.xml,SWWD,Go South Coast,Go South Coast 3726 Outbound,Salisbury - East Knoyle,price_band_3.6@ChildReturn,3.6
WDBC_1837_Inbound_ChildSingle_a9f4b9e2-e9ea-4456-80e3-47fe03b77367_639196381856544957.xml,WDBC,Go South Coast,Go South Coast 1837 Inbound,Bournemouth - Bournemouth International Airport,price_band_1.9@ChildSingle,1.9
SWWD_3407_Outbound_AdultSingle_a9f4b9e2-e9ea-4456-80e3-47fe03b77367_639196397432920360.xml,SWWD,Go South Coast,Go South Coast 3407 Outbound,Salisbury - Southampton,price_band_2.8@AdultSingle,2.8
SVCT_5032_Outbound_AdultSingle_a9f4b9e2-e9ea-4456-80e3-47fe03b77367_639196404404679952.xml,SVCT,Go South Coast,Go South Coast 5032 Outbound,Cowes - Community Route 32,price_band_3.0@AdultSingle,3.0
WDBC_2001_Inbound_AdultSingle_a9f4b9e2-e9ea-4456-80e3-47fe03b77367_639196384311200184.xml,WDBC,Go South Coast,Go South Coast 2001 Inbound,Bournemouth - Lymington,price_band_3.0@AdultSingle,3.0
WDBC_1786_Outbound_AdultSingle_a9f4b9e2-e9ea-4456-80e3-47fe03b77367_639196379214564608.xml,WDBC,Go South Coast,Go South Coast 1786 Outbound,Park Gates - Bournemouth School for Girls,price_band_2.4@AdultSingle,2.4
BLUS_4009_Outbound_ChildReturn_a9f4b9e2-e9ea-4456-80e3-47fe03b77367_639196401603484794.xml,BLUS,Go South Coast,Go South Coast 4009 Outbound,Southampton - Langley/Fawley,price_band_4.0@ChildReturn,4.0
BLUS_4424_Outbound_AdultSingle_a9f4b9e2-e9ea-4456-80e3-47fe03b77367_639196402891583442.xml,BLUS,Go South Coast,Go South Coast 4424 Outbound,Eastleigh - Hedge End,price_band_2.8@AdultSingle,2.8
WDBC_1802_Inbound_ChildReturn_a9f4b9e2-e9ea-4456-80e3-47fe03b77367_639196379565861328.xml,WDBC,Go South Coast,Go South Coast 1802 Inbound,Bournemouth - Castlepoint,price_band_3.2@ChildReturn,3.2
WDBC_1038_Inbound_ChildSingle_a9f4b9e2-e9ea-4456-80e3-47fe03b77367_639196374698013422.xml,WDBC,Go South Coast,Go South Coast 1038 Inbound,Ferndown - Ringwood,price_band_1.9@ChildSingle,1.9
SWWD_3513_Inbound_AdultReturn_a9f4b9e2-e9ea-4456-80e3-47fe03b77367_639196399180162772.xml,SWWD,Go South Coast,Go South Coast 3513 Inbound,Blue Boar Row - Bulbridge Chantry Road,price_band_5.4@AdultReturn,5.4
TDTR_7048_Outbound_ChildReturn_a9f4b9e2-e9ea-4456-80e3-47fe03b77367_639196408550634722.xml,TDTR,Go South Coast,Go South Coast 7048 Outbound,Swindon - Marlborough,price_band_4.1@ChildReturn,4.1
BLUS_4424_Inbound_AdultSingle_f15d1b06-486f-433a-8991-95f1a97a87e0_639196402878003593.xml,BLUS,Go South Coast,Go South Coast 4424 Inbound,Eastleigh - Hedge End,price_band_1.0@AdultSingle,1.0
SWWD_3110_Outbound_ChildSingle_a9f4b9e2-e9ea-4456-80e3-47fe03b77367_639196392739866517.xml,SWWD,Go South Coast,Go South Coast 3110 Outbound,Bedwyn - Marlborough,price_band_1.0@ChildSingle,1.0
WDBC_1050_Inbound_ChildReturn_a9f4b9e2-e9ea-4456-80e3-47fe03b77367_639196375512524519.xml,WDBC,Go South Coast,Go South Coast 1050 Inbound,Bournemouth Station - Swanage,price_band_4.6@ChildReturn,4.6
SWWD_3677_Outbound_AdultReturn_a9f4b9e2-e9ea-4456-80e3-47fe03b77367_639196400212676734.xml,SWWD,Go South Coast,Go South Coast 3677 Outbound,Stratford Road Grammar School - West Wellow,price_band_4.2@AdultReturn,4.2
BLUS_4013_Inbound_ChildSingle_eed5e2e8-c472-41af-825e-db09ec887334_639196401816785971.xml,BLUS,Go South Coast,Go South Coast 4013 Inbound,Southampton - Harefield,price_band_1.0@ChildSingle,1.0
WDBC_2956_Outbound_ChildReturn_a9f4b9e2-e9ea-4456-80e3-47fe03b77367_639196389720442579.xml,WDBC,Go South Coast,Go South Coast 2956 Outbound,Ringwood - Bournemouth,price_band_3.1@ChildReturn,3.1
WDBC_1836_Outbound_ChildReturn_a9f4b9e2-e9ea-4456-80e3-47fe03b77367_639196381828910612.xml,WDBC,Go South Coast,Go South Coast 1836 Outbound,Talbot View - Kinson,price_band_3.4@ChildReturn,3.4
WDBC_2906_Inbound_ChildReturn_a9f4b9e2-e9ea-4456-80e3-47fe03b77367_639196387737928859.xml,WDBC,Go South Coast,Go South Coast 2906 Inbound,Poole - Ringwood,price_band_4.6@ChildReturn,4.6
WDBC_1903_Outbound_ChildSingle_d46597a9-440e-4c13-b49a-76a3986683d1_639196383413417697.xml,WDBC,Go South Coast,Go South Coast 1903 Outbound,Poole - Wimborne,price_band_2.5@ChildSingle,2.5
TDTR_7146_Outbound_ChildSingle_a9f4b9e2-e9ea-4456-80e3-47fe03b77367_639196409087562810.xml,TDTR,Go South Coast,Go South Coast 7146 Outbound,Swindon - Hungerford,price_band_1.0@ChildSingle,1.0
WDBC_6419_Inbound_ChildReturn_a9f4b9e2-e9ea-4456-80e3-47fe03b77367_639196406787885234.xml,WDBC,Go South Coast,Go South Coast 6419 Inbound,Compton Avenue - Poole Grammar,price_band_2.4@ChildReturn,2.4
WDBC_6701_Inbound_ChildReturn_a9f4b9e2-e9ea-4456-80e3-47fe03b77367_639196407344934980.xml,WDBC,Go South Coast,Go South Coast 6701 Inbound,Queen Elizabeth's School - Kinson,price_band_4.8@ChildReturn,4.8
WDBC_2024_Outbound_ChildSingle_a9f4b9e2-e9ea-4456-80e3-47fe03b77367_639196386250426749.xml,WDBC,Go South Coast,Go South Coast 2024 Outbound,Castlepoint - Christchurch,price_band_1.9@ChildSingle,1.9
TDTR_7538_Outbound_AdultSingle_a9f4b9e2-e9ea-4456-80e3-47fe03b77367_639196409923431973.xml,TDTR,Go South Coast,Go South Coast 7538 Outbound,Bridgemead - Cirencester College,price_band_5.2@AdultSingle,5.2
WDBC_1021_Outbound_AdultSingle_a9f4b9e2-e9ea-4456-80e3-47fe03b77367_639196374149013282.xml,WDBC,Go South Coast,Go South Coast 1021 Outbound,Bournemouth - High Howe,price_band_3.0@AdultSingle,3.0
SWWD_3266_Outbound_AdultReturn_a9f4b9e2-e9ea-4456-80e3-47fe03b77367_639196394203616363.xml,SWWD,Go South Coast,Go South Coast 3266 Outbound,South Wilts Grammar School - Idmiston,price_band_6.0@AdultReturn,6.0
WDBC_1806_Inbound_ChildSingle_2f1f0c04-770d-4707-ab06-213c5a798ad7_639196379915039634.xml,WDBC,Go South Coast,Go South Coast 1806 Inbound,Bournemouth - Wimborne,price_band_2.2@ChildSingle,2.2
SVCT_5271_Outbound_ChildSingle_a9f4b9e2-e9ea-4456-80e3-47fe03b77367_639196405666261482.xml,SVCT,Go South Coast,Go South Coast 5271 Outbound,Ryde - Ventnor,price_band_3.0@ChildSingle,3.0
WDBC_2002_Inbound_AdultReturn_a9f4b9e2-e9ea-4456-80e3-47fe03b77367_639196385062138118.xml,WDBC,Go South Coast,Go South Coast 2002 Inbound,Bournemouth - Lymington,price_band_4.5@AdultReturn,4.5
WDBC_1032_Outbound_ChildSingle_a9f4b9e2-e9ea-4456-80e3-47fe03b77367_639196374529394266.xml,WDBC,Go South Coast,Go South Coast 1032 Outbound,Poole - Bournemouth,price_band_2.3@ChildSingle,2.3
WDBC_1643_Outbound_UniIDSingle_d46597a9-440e-4c13-b49a-76a3986683d1_639196378917532202.xml,WDBC,Go South Coast,Go South Coast 1643 Outbound,Fishermans Walk - Talbot Campus,price_band_1.0@UniIDSingle,1.0
DAMY_6020_Outbound_ChildReturn_a9f4b9e2-e9ea-4456-80e3-47fe03b77367_639196406158048579.xml,DAMY,Go South Coast,Go South Coast 6020 Outbound,Salisbury - Blandford,price_band_3.1@ChildReturn,3.1
TDTR_7076_Outbound_YoungPersonSgl_a9f4b9e2-e9ea-4456-80e3-47fe03b77367_639196408750618859.xml,TDTR,Go South Coast,Go South Coast 7076 Outbound,Marlborough - Bath,price_band_1.2@YoungPersonSgl,1.2
BLUS_8438_Inbound_ChildSingle_a9f4b9e2-e9ea-4456-80e3-47fe03b77367_639196410446670502.xml,BLUS,Go South Coast,Go South Coast 8438 Inbound,Winchester - Petersfield,price_band_2.2@ChildSingle,2.2
TDTR_7242_Outbound_AdultSingle_a9f4b9e2-e9ea-4456-80e3-47fe03b77367_639196409733643283.xml,TDTR,Go South Coast,Go South Coast 7242 Outbound,Barton Park - St John's School,price_band_1.3@AdultSingle,1.3
WDBC_1883_Outbound_ChildSingle_a9f4b9e2-e9ea-4456-80e3-47fe03b77367_639196382583495729.xml,WDBC,Go South Coast,Go South Coast 1883 Outbound,Alum Chine - Castlepoint,price_band_2.3@ChildSingle,2.3
DAMY_3183_Inbound_AdultSingle_a9f4b9e2-e9ea-4456-80e3-47fe03b77367_639196393781918403.xml,DAMY,Go South Coast,Go South Coast 3183 Inbound,Blandford - Weymouth,price_band_2.7@AdultSingle,2.7
TDTR_7180_Inbound_AdultReturn_a9f4b9e2-e9ea-4456-80e3-47fe03b77367_639196409498292008.xml,TDTR,Go South Coast,Go South Coast 7180 Inbound,Marlborough - Ludgershall,price_band_4.5@AdultReturn,4.5
SWWD_3404_Inbound_ChildReturn_a9f4b9e2-e9ea-4456-80e3-47fe03b77367_639196396143086831.xml,SWWD,Go South Coast,Go South Coast 3404 Inbound,Salisbury - Larkhill,price_band_6.0@ChildReturn,6.0
WDBC_2613_Outbound_AdultSingle_a9f4b9e2-e9ea-4456-80e3-47fe03b77367_639196387127437651.xml,WDBC,Go South Coast,Go South Coast 2613 Outbound,Broadstone - Brockenhurst College,price_band_4.4@AdultSingle,4.4
SWWD_7201_Outbound_ChildReturn_a9f4b9e2-e9ea-4456-80e3-47fe03b77367_639196409679715329.xml,SWWD,Go South Coast,Go South Coast 7201 Outbound,Figheldean - Salisbury,price_band_3.0@ChildReturn,3.0
WDBC_6672_Outbound_AdultReturn_a9f4b9e2-e9ea-4456-80e3-47fe03b77367_639196407276890626.xml,WDBC,Go South Coast,Go South Coast 6672 Outbound,Albert Road - Bloxworth,price_band_4.4@AdultReturn,4.4
WDBC_1641_Inbound_AdultSingle_d46597a9-440e-4c13-b49a-76a3986683d1_639196378743779311.xml,WDBC,Go South Coast,Go South Coast 1641 Inbound,Dorchester House  - Talbot Campus,price_band_1.0@AdultSingle,1.0
SWWD_3667_Outbound_ChildSingle_a9f4b9e2-e9ea-4456-80e3-47fe03b77367_639196400069173856.xml,SWWD,Go South Coast,Go South Coast 3667 Outbound,Wilton & Barford Primary Sch  - Fugglestone,price_band_1.0@ChildSingle,1.0
WDBC_1908_Outbound_AdultSingle_a9f4b9e2-e9ea-4456-80e3-47fe03b77367_639196383467203334.xml,WDBC,Go South Coast,Go South Coast 1908 Outbound,Poole - Blandford,price_band_2.3@AdultSingle,2.3
SWWD_3886_Outbound_ChildReturn_a9f4b9e2-e9ea-4456-80e3-47fe03b77367_639196400881003393.xml,SWWD,Go South Coast,Go South Coast 3886 Outbound,St Peters Place  - Burgate School,price_band_2.6@ChildReturn,2.6
SWWD_3325_Inbound_ChildSingle_a9f4b9e2-e9ea-4456-80e3-47fe03b77367_639196394840182380.xml,SWWD,Go South Coast,Go South Coast 3325 Inbound,South Wilts Grammar School - Hindon,price_band_2.5@ChildSingle,2.5
SWWD_3881_Outbound_ChildReturn_a9f4b9e2-e9ea-4456-80e3-47fe03b77367_639196400617952320.xml,SWWD,Go South Coast,Go South Coast 3881 Outbound,Wilton Road  - Burgate School,price_band_2.6@ChildReturn,2.6
BLUS_4001_Inbound_AdultReturn_a9f4b9e2-e9ea-4456-80e3-47fe03b77367_639196400946055148.xml,BLUS,Go South Coast,Go South Coast 4001 Inbound,Southampton - Winchester,price_band_5.7@AdultReturn,5.7
BLUS_4004_Outbound_ChildReturn_a9f4b9e2-e9ea-4456-80e3-47fe03b77367_639196401167919204.xml,BLUS,Go South Coast,Go South Coast 4004 Outbound,Southampton - Romsey,price_band_4.5@ChildReturn,4.5
WDBC_1837_Outbound_AdultSingle_a9f4b9e2-e9ea-4456-80e3-47fe03b77367_639196381915789362.xml,WDBC,Go South Coast,Go South Coast 1837 Outbound,Bournemouth - Bournemouth International Airport,price_band_3.0@AdultSingle,3.0
BLUS_4019_Outbound_ChildSingle_a9f4b9e2-e9ea-4456-80e3-47fe03b77367_639196402241077672.xml,BLUS,Go South Coast,Go South Coast 4019 Outbound,Thornhill - Lordshill,price_band_2.1@ChildSingle,2.1
WDBC_1038_Inbound_ChildSingle_a9f4b9e2-e9ea-4456-80e3-47fe03b77367_639196374698013422.xml,WDBC,Go South Coast,Go South Coast 1038 Inbound,Ferndown - Ringwood,price_band_2.6@ChildSingle,2.6
SWWD_3517_Outbound_AdultReturn_a9f4b9e2-e9ea-4456-80e3-47fe03b77367_639196399387616314.xml,SWWD,Go South Coast,Go South Coast 3517 Outbound,New Canal  - Lopcombe Corner,price_band_4.9@AdultReturn,4.9
WDBC_1021_Inbound_ChildSingle_a9f4b9e2-e9ea-4456-80e3-47fe03b77367_639196374068758049.xml,WDBC,Go South Coast,Go South Coast 1021 Inbound,Bournemouth - High Howe,price_band_2.8@ChildSingle,2.8
WDBC_1040_Outbound_ChildReturn_a9f4b9e2-e9ea-4456-80e3-47fe03b77367_639196375231293356.xml,WDBC,Go South Coast,Go South Coast 1040 Outbound,Swanage - Poole,price_band_5.6@ChildReturn,5.6
WDBC_1114_Inbound_ChildSingle_a9f4b9e2-e9ea-4456-80e3-47fe03b77367_639196377653627154.xml,WDBC,Go South Coast,Go South Coast 1114 Inbound,Poole - RB Hospital,price_band_2.3@ChildSingle,2.3
SWWD_3885_Outbound_AdultReturn_a9f4b9e2-e9ea-4456-80e3-47fe03b77367_639196400807148431.xml,SWWD,Go South Coast,Go South Coast 3885 Outbound,Whaddon - Burgate School,price_band_6.0@AdultReturn,6.0
SWWD_3325_Inbound_ChildSingle_a9f4b9e2-e9ea-4456-80e3-47fe03b77367_639196394840182380.xml,SWWD,Go South Coast,Go South Coast 3325 Inbound,South Wilts Grammar School - Hindon,price_band_1.9@ChildSingle,1.9
WDBC_1908_Outbound_ChildSingle_a9f4b9e2-e9ea-4456-80e3-47fe03b77367_639196383478287392.xml,WDBC,Go South Coast,Go South Coast 1908 Outbound,Poole - Blandford,price_band_3.0@ChildSingle,3.0
WDBC_2953_Inbound_ChildSingle_a9f4b9e2-e9ea-4456-80e3-47fe03b77367_639196388808872945.xml,WDBC,Go South Coast,Go South Coast 2953 Inbound,Salisbury - Ringwood,price_band_2.3@ChildSingle,2.3
SWWD_3675_Inbound_ChildReturn_a9f4b9e2-e9ea-4456-80e3-47fe03b77367_639196400089415816.xml,SWWD,Go South Coast,Go South Coast 3675 Inbound,Castle Road - Amesbury,price_band_3.0@ChildReturn,3.0
SVCT_8502_Outbound_AdultSingle_a9f4b9e2-e9ea-4456-80e3-47fe03b77367_639196410627374576.xml,SVCT,Go South Coast,Go South Coast 8502 Outbound,Downs - Breezer,price_band_4.2@AdultSingle,4.2
TDTR_3820_Inbound_ChildSingle_a9f4b9e2-e9ea-4456-80e3-47fe03b77367_639196400543008094.xml,TDTR,Go South Coast,Go South Coast 3820 Inbound,Marlborough - Newbury,price_band_1.3@ChildSingle,1.3
SWWD_3008_Inbound_AdultSingle_a9f4b9e2-e9ea-4456-80e3-47fe03b77367_639196390599674762.xml,SWWD,Go South Coast,Go South Coast 3008 Inbound,Salisbury - Zouch Estate,price_band_3.0@AdultSingle,3.0
SWWD_3651_Outbound_ChildSingle_a9f4b9e2-e9ea-4456-80e3-47fe03b77367_639196400007001362.xml,SWWD,Go South Coast,Go South Coast 3651 Outbound,Avon Valley College - Sling,price_band_3.0@ChildSingle,3.0
WDBC_6416_Inbound_ChildReturn_a9f4b9e2-e9ea-4456-80e3-47fe03b77367_639196406612122695.xml,WDBC,Go South Coast,Go South Coast 6416 Inbound,Penn Hill Avenue  - Poole Grammar School,price_band_5.2@ChildReturn,5.2
SWWD_8334_Outbound_AdultSingle_a9f4b9e2-e9ea-4456-80e3-47fe03b77367_639196410414727981.xml,SWWD,Go South Coast,Go South Coast 8334 Outbound,Wilton P&R - Stonehenge,price_band_10.0@AdultSingle,10.0
WDBC_1908_Outbound_AdultReturn_a9f4b9e2-e9ea-4456-80e3-47fe03b77367_639196383472494660.xml,WDBC,Go South Coast,Go South Coast 1908 Outbound,Poole - Blandford,price_band_6.0@AdultReturn,6.0
WDBC_2191_Outbound_ChildSingle_a9f4b9e2-e9ea-4456-80e3-47fe03b77367_639196386872359591.xml,WDBC,Go South Coast,Go South Coast 2191 Outbound,New Milton - New Milton,price_band_2.5@ChildSingle,2.5
TDTR_7148_Inbound_ChildSingle_a9f4b9e2-e9ea-4456-80e3-47fe03b77367_639196409147058480.xml,TDTR,Go South Coast,Go South Coast 7148 Inbound,Swindon - Marlborough,price_band_2.0@ChildSingle,2.0
DAMY_6905_Inbound_ChildSingle_a9f4b9e2-e9ea-4456-80e3-47fe03b77367_639196407689755487.xml,DAMY,Go South Coast,Go South Coast 6905 Inbound,Warmwell - Dorchester,price_band_2.3@ChildSingle,2.3
WDBC_6415_Outbound_ChildSingle_a9f4b9e2-e9ea-4456-80e3-47fe03b77367_639196406582208448.xml,WDBC,Go South Coast,Go South Coast 6415 Outbound,St Anns Hospital - Poole Grammar School,price_band_2.1@ChildSingle,2.1
WDBC_1005_Inbound_ChildSingle_a9f4b9e2-e9ea-4456-80e3-47fe03b77367_639196370518890687.xml,WDBC,Go South Coast,Go South Coast 1005 Inbound,Poole - Tower Park,price_band_2.5@ChildSingle,2.5
SWWD_3137_Outbound_AdultSingle_a9f4b9e2-e9ea-4456-80e3-47fe03b77367_639196393452184671.xml,SWWD,Go South Coast,Go South Coast 3137 Outbound,Salisbury - West Dean,price_band_2.3@AdultSingle,2.3
BLUS_4402_Inbound_AdultSingle_a9f4b9e2-e9ea-4456-80e3-47fe03b77367_639196402865030916.xml,BLUS,Go South Coast,Go South Coast 4402 Inbound,Hythe - Applemore,price_band_2.5@AdultSingle,2.5
WDBC_1821_Inbound_AdultSingle_a9f4b9e2-e9ea-4456-80e3-47fe03b77367_639196380749875326.xml,WDBC,Go South Coast,Go South Coast 1821 Inbound,Bournemouth - Burton,price_band_2.3@AdultSingle,2.3
SWWD_3407_Outbound_ChildSingle_a9f4b9e2-e9ea-4456-80e3-47fe03b77367_639196397493104918.xml,SWWD,Go South Coast,Go South Coast 3407 Outbound,Salisbury - Southampton,price_band_2.9@ChildSingle,2.9
SWWD_3517_Outbound_AdultReturn_a9f4b9e2-e9ea-4456-80e3-47fe03b77367_639196399387616314.xml,SWWD,Go South Coast,Go South Coast 3517 Outbound,New Canal  - Lopcombe Corner,price_band_4.2@AdultReturn,4.2
WDBC_1804_Inbound_ChildSingle_a9f4b9e2-e9ea-4456-80e3-47fe03b77367_639196379669897960.xml,WDBC,Go South Coast,Go South Coast 1804 Inbound,Bournemouth - Castlepoint,price_band_2.3@ChildSingle,2.3
SWWD_3137_Outbound_ChildSingle_a9f4b9e2-e9ea-4456-80e3-47fe03b77367_639196393472012919.xml,SWWD,Go South Coast,Go South Coast 3137 Outbound,Salisbury - West Dean,price_band_2.9@ChildSingle,2.9
WDBC_2003_Outbound_AdultReturn_a9f4b9e2-e9ea-4456-80e3-47fe03b77367_639196385959424100.xml,WDBC,Go South Coast,Go South Coast 2003 Outbound,Salisbury - Bournemouth,price_band_4.7@AdultReturn,4.7
TDTR_7013_Outbound_YoungPersonSgl_a9f4b9e2-e9ea-4456-80e3-47fe03b77367_639196408184465048.xml,TDTR,Go South Coast,Go South Coast 7013 Outbound,Fleming Way - Eldene,price_band_2.5@YoungPersonSgl,2.5
WDBC_6419_Inbound_ChildReturn_a9f4b9e2-e9ea-4456-80e3-47fe03b77367_639196406787885234.xml,WDBC,Go South Coast,Go South Coast 6419 Inbound,Compton Avenue - Poole Grammar,price_band_2.3@ChildReturn,2.3
SWWD_3266_Inbound_ChildSingle_a9f4b9e2-e9ea-4456-80e3-47fe03b77367_639196394110608357.xml,SWWD,Go South Coast,Go South Coast 3266 Inbound,South Wilts Grammar School - Idmiston,price_band_3.0@ChildSingle,3.0
WDBC_1833_Outbound_AdultSingle_2f1f0c04-770d-4707-ab06-213c5a798ad7_639196381717699806.xml,WDBC,Go South Coast,Go South Coast 1833 Outbound,Alum Chine - Castlepoint,price_band_1.0@AdultSingle,1.0
BLUS_8439_Inbound_ChildSingle_a9f4b9e2-e9ea-4456-80e3-47fe03b77367_639196410492570148.xml,BLUS,Go South Coast,Go South Coast 8439 Inbound,Romsey - Andover,price_band_3.0@ChildSingle,3.0
TDTR_7259_Outbound_YoungPersonSgl_a9f4b9e2-e9ea-4456-80e3-47fe03b77367_639196409745882823.xml,TDTR,Go South Coast,Go South Coast 7259 Outbound,Town Centre - Ridgeway School,price_band_2.6@YoungPersonSgl,2.6
SWWD_3763_Inbound_ChildSingle_a9f4b9e2-e9ea-4456-80e3-47fe03b77367_639196400481757004.xml,SWWD,Go South Coast,Go South Coast 3763 Inbound,Mount Pleasant Farm - Burgate School,price_band_4.3@ChildSingle,4.3
BLUS_4010_Outbound_AdultSingle_eed5e2e8-c472-41af-825e-db09ec887334_639196401682152519.xml,BLUS,Go South Coast,Go South Coast 4010 Outbound,Southampton - Sholing,price_band_1.0@AdultSingle,1.0
WDBC_2906_Outbound_AdultSingle_d46597a9-440e-4c13-b49a-76a3986683d1_639196388523393548.xml,WDBC,Go South Coast,Go South Coast 2906 Outbound,Poole - Ringwood,price_band_2.8@AdultSingle,2.8
SWWD_3885_Inbound_ChildSingle_a9f4b9e2-e9ea-4456-80e3-47fe03b77367_639196400756565050.xml,SWWD,Go South Coast,Go South Coast 3885 Inbound,Whaddon - Burgate School,price_band_2.9@ChildSingle,2.9
WDBC_6903_Outbound_AdultSingle_a9f4b9e2-e9ea-4456-80e3-47fe03b77367_639196407548406824.xml,WDBC,Go South Coast,Go South Coast 6903 Outbound,Swanage - Lulworth,price_band_2.3@AdultSingle,2.3
SWWD_3325_Inbound_AdultSingle_a9f4b9e2-e9ea-4456-80e3-47fe03b77367_639196394801223104.xml,SWWD,Go South Coast,Go South Coast 3325 Inbound,South Wilts Grammar School - Hindon,price_band_2.7@AdultSingle,2.7
TDTR_7552_Outbound_ChildReturn_a9f4b9e2-e9ea-4456-80e3-47fe03b77367_639196410090210803.xml,TDTR,Go South Coast,Go South Coast 7552 Outbound,Malmesbury - Cirencester College,price_band_8.3@ChildReturn,8.3
WDBC_1881_Outbound_ChildReturn_a9f4b9e2-e9ea-4456-80e3-47fe03b77367_639196382481880365.xml,WDBC,Go South Coast,Go South Coast 1881 Outbound,Charminster - Avonbourne Academy,price_band_5.0@ChildReturn,5.0
SWWD_3684_Inbound_AdultReturn_a9f4b9e2-e9ea-4456-80e3-47fe03b77367_639196400263021587.xml,SWWD,Go South Coast,Go South Coast 3684 Inbound,Coombe Bissett - Burgate,price_band_5.0@AdultReturn,5.0
UNIL_4702_Outbound_AdultSingle_f15d1b06-486f-433a-8991-95f1a97a87e0_639196403096657685.xml,UNIL,Go South Coast,Go South Coast 4702 Outbound,Mayflower Halls - Bassett Green,price_band_1.0@AdultSingle,1.0
SWWD_3138_Outbound_ChildSingle_a9f4b9e2-e9ea-4456-80e3-47fe03b77367_639196393553094397.xml,SWWD,Go South Coast,Go South Coast 3138 Outbound,West Dean  - Laverstock & Grammar,price_band_3.0@ChildSingle,3.0
SVCT_5008_Outbound_ChildSingle_a9f4b9e2-e9ea-4456-80e3-47fe03b77367_639196404128572938.xml,SVCT,Go South Coast,Go South Coast 5008 Outbound,Newport  - Ryde,price_band_2.4@ChildSingle,2.4
WDBC_2191_Outbound_AdultSingle_a9f4b9e2-e9ea-4456-80e3-47fe03b77367_639196386862860165.xml,WDBC,Go South Coast,Go South Coast 2191 Outbound,New Milton - New Milton,price_band_2.5@AdultSingle,2.5
SWWD_3305_Outbound_AdultReturn_a9f4b9e2-e9ea-4456-80e3-47fe03b77367_639196394518279161.xml,SWWD,Go South Coast,Go South Coast 3305 Outbound,City Centre - West Harnham,price_band_4.2@AdultReturn,4.2
TDTR_3820_Inbound_AdultSingle_a9f4b9e2-e9ea-4456-80e3-47fe03b77367_639196400537447189.xml,TDTR,Go South Coast,Go South Coast 3820 Inbound,Marlborough - Newbury,price_band_2.7@AdultSingle,2.7
SWWD_3513_Outbound_ChildSingle_a9f4b9e2-e9ea-4456-80e3-47fe03b77367_639196399221650173.xml,SWWD,Go South Coast,Go South Coast 3513 Outbound,Blue Boar Row - Bulbridge Chantry Road,price_band_2.5@ChildSingle,2.5
WDBC_1170_Inbound_ChildSingle_a9f4b9e2-e9ea-4456-80e3-47fe03b77367_639196378199693405.xml,WDBC,Go South Coast,Go South Coast 1170 Inbound,Rockley Park - Hengistbury Head,price_band_3.0@ChildSingle,3.0
WDBC_6419_Inbound_ChildReturn_a9f4b9e2-e9ea-4456-80e3-47fe03b77367_639196406787885234.xml,WDBC,Go South Coast,Go South Coast 6419 Inbound,Compton Avenue - Poole Grammar,price_band_2.9@ChildReturn,2.9
WDBC_2219_Outbound_AdultSingle_a9f4b9e2-e9ea-4456-80e3-47fe03b77367_639196386936863462.xml,WDBC,Go South Coast,Go South Coast 2219 Outbound,Lymington  - New Milton,price_band_3.0@AdultSingle,3.0
WDBC_6047_Outbound_AdultSingle_a9f4b9e2-e9ea-4456-80e3-47fe03b77367_639196406345406834.xml,WDBC,Go South Coast,Go South Coast 6047 Outbound,Ringwood Road - Parkstone Grammar School,price_band_3.5@AdultSingle,3.5
SWWD_3881_Inbound_AdultReturn_a9f4b9e2-e9ea-4456-80e3-47fe03b77367_639196400573837640.xml,SWWD,Go South Coast,Go South Coast 3881 Inbound,Wilton Road  - Burgate School,price_band_5.1@AdultReturn,5.1
WDBC_1170_Outbound_AdultSingle_d46597a9-440e-4c13-b49a-76a3986683d1_639196378610643768.xml,WDBC,Go South Coast,Go South Coast 1170 Outbound,Rockley Park - Hengistbury Head,price_band_1.0@AdultSingle,1.0
BLUS_4014_Outbound_ChildReturn_a9f4b9e2-e9ea-4456-80e3-47fe03b77367_639196401893599557.xml,BLUS,Go South Coast,Go South Coast 4014 Outbound,Southampton - Hedge End,price_band_4.0@ChildReturn,4.0
SWWD_3008_Outbound_ChildSingle_a9f4b9e2-e9ea-4456-80e3-47fe03b77367_639196390964130710.xml,SWWD,Go South Coast,Go South Coast 3008 Outbound,Salisbury - Zouch Estate,price_band_2.1@ChildSingle,2.1
TDTR_3820_Outbound_AdultSingle_a9f4b9e2-e9ea-4456-80e3-47fe03b77367_639196400549738554.xml,TDTR,Go South Coast,Go South Coast 3820 Outbound,Marlborough - Newbury,price_band_3.2@AdultSingle,3.2
WDBC_1111_Inbound_AdultSingle_c8ecdd78-25f4-44ca-849f-b46b34af3909_639196377395689322.xml,WDBC,Go South Coast,Go South Coast 1111 Inbound,Poole - R B Hospital,price_band_3.0@AdultSingle,3.0
WDBC_1170_Inbound_ChildSingle_a9f4b9e2-e9ea-4456-80e3-47fe03b77367_639196378199693405.xml,WDBC,Go South Coast,Go South Coast 1170 Inbound,Rockley Park - Hengistbury Head,price_band_2.5@ChildSingle,2.5
SWWD_3495_Inbound_AdultReturn_a9f4b9e2-e9ea-4456-80e3-47fe03b77367_639196398698725282.xml,SWWD,Go South Coast,Go South Coast 3495 Inbound,Swindon - Pewsey,price_band_6.0@AdultReturn,6.0
WDBC_2953_Outbound_ChildReturn_a9f4b9e2-e9ea-4456-80e3-47fe03b77367_639196388918636375.xml,WDBC,Go South Coast,Go South Coast 2953 Outbound,Salisbury - Ringwood,price_band_2.8@ChildReturn,2.8
TDTR_7048_Outbound_AdultSingle_a9f4b9e2-e9ea-4456-80e3-47fe03b77367_639196408520228081.xml,TDTR,Go South Coast,Go South Coast 7048 Outbound,Swindon - Marlborough,price_band_3.0@AdultSingle,3.0
BLUS_4006_Outbound_AdultSingle_f15d1b06-486f-433a-8991-95f1a97a87e0_639196401288366174.xml,BLUS,Go South Coast,Go South Coast 4006 Outbound,Southampton - Townhill Park,price_band_1.0@AdultSingle,1.0
BLUS_4013_Inbound_ChildSingle_f15d1b06-486f-433a-8991-95f1a97a87e0_639196401812250548.xml,BLUS,Go South Coast,Go South Coast 4013 Inbound,Southampton - Harefield,price_band_1.0@ChildSingle,1.0
BLUS_4006_Inbound_AdultSingle_eed5e2e8-c472-41af-825e-db09ec887334_639196401270324313.xml,BLUS,Go South Coast,Go South Coast 4006 Inbound,Southampton - Townhill Park,price_band_1.0@AdultSingle,1.0
WDBC_6043_Outbound_ChildReturn_a9f4b9e2-e9ea-4456-80e3-47fe03b77367_639196406291518594.xml,WDBC,Go South Coast,Go South Coast 6043 Outbound,County Gates - Parkstone Grammar School,price_band_2.4@ChildReturn,2.4
WDBC_8209_Outbound_ChildSingle_a9f4b9e2-e9ea-4456-80e3-47fe03b77367_639196410348087432.xml,WDBC,Go South Coast,Go South Coast 8209 Outbound,Ringwood - Lyndhurst RED,price_band_3.3@ChildSingle,3.3
SWWD_3040_Outbound_ChildSingle_a9f4b9e2-e9ea-4456-80e3-47fe03b77367_639196391578171459.xml,SWWD,Go South Coast,Go South Coast 3040 Outbound,Salisbury - Woodfalls,price_band_1.9@ChildSingle,1.9
SWWD_3303_Inbound_ChildReturn_a9f4b9e2-e9ea-4456-80e3-47fe03b77367_639196394399484948.xml,SWWD,Go South Coast,Go South Coast 3303 Inbound,City Centre - Ditchampton,price_band_3.8@ChildReturn,3.8
WDBC_6415_Inbound_ChildSingle_a9f4b9e2-e9ea-4456-80e3-47fe03b77367_639196406520735000.xml,WDBC,Go South Coast,Go South Coast 6415 Inbound,St Anns Hospital - Poole Grammar School,price_band_1.7@ChildSingle,1.7
WDBC_1013_Outbound_ChildSingle_d46597a9-440e-4c13-b49a-76a3986683d1_639196371637714285.xml,WDBC,Go South Coast,Go South Coast 1013 Outbound,Bournemouth - Wimborne,price_band_2.3@ChildSingle,2.3
WDBC_1811_Inbound_ChildReturn_a9f4b9e2-e9ea-4456-80e3-47fe03b77367_639196380030509078.xml,WDBC,Go South Coast,Go South Coast 1811 Inbound,Bournemouth - Somerford,price_band_2.8@ChildReturn,2.8
SWWD_3457_Inbound_ChildReturn_a9f4b9e2-e9ea-4456-80e3-47fe03b77367_639196398044057066.xml,SWWD,Go South Coast,Go South Coast 3457 Inbound,Salisbury - Southampton,price_band_3.6@ChildReturn,3.6
SWWD_3883_Inbound_AdultSingle_a9f4b9e2-e9ea-4456-80e3-47fe03b77367_639196400670087903.xml,SWWD,Go South Coast,Go South Coast 3883 Inbound,Bishopdown Farm  - Burgate School,price_band_2.1@AdultSingle,2.1
WDBC_6418_Outbound_ChildReturn_a9f4b9e2-e9ea-4456-80e3-47fe03b77367_639196406749532960.xml,WDBC,Go South Coast,Go South Coast 6418 Outbound,Sandbanks Ferry - Poole Grammar School,price_band_5.7@ChildReturn,5.7
SWWD_3326_Inbound_AdultReturn_a9f4b9e2-e9ea-4456-80e3-47fe03b77367_639196395107086102.xml,SWWD,Go South Coast,Go South Coast 3326 Inbound,Salisbury - Hindon,price_band_4.5@AdultReturn,4.5
SWWD_7086_Inbound_AdultReturn_a9f4b9e2-e9ea-4456-80e3-47fe03b77367_639196408875917253.xml,SWWD,Go South Coast,Go South Coast 7086 Inbound,Ansty - Shaftesbury,price_band_5.6@AdultReturn,5.6
BLUS_8439_Inbound_AdultSingle_a9f4b9e2-e9ea-4456-80e3-47fe03b77367_639196410482742028.xml,BLUS,Go South Coast,Go South Coast 8439 Inbound,Romsey - Andover,price_band_3.0@AdultSingle,3.0
UNIL_4719_Inbound_AdultSingle_a9f4b9e2-e9ea-4456-80e3-47fe03b77367_639196403257286430.xml,UNIL,Go South Coast,Go South Coast 4719 Inbound,General Hospital - Townhill Park,price_band_2.6@AdultSingle,2.6
WDBC_1908_Inbound_AdultSingle_2f1f0c04-770d-4707-ab06-213c5a798ad7_639196383442389929.xml,WDBC,Go South Coast,Go South Coast 1908 Inbound,Poole - Blandford,price_band_2.3@AdultSingle,2.3
SWWD_3044_Outbound_ChildSingle_a9f4b9e2-e9ea-4456-80e3-47fe03b77367_639196391706881165.xml,SWWD,Go South Coast,Go South Coast 3044 Outbound,Salisbury - Woodfalls,price_band_2.1@ChildSingle,2.1
SWWD_3125_Inbound_ChildReturn_a9f4b9e2-e9ea-4456-80e3-47fe03b77367_639196392828778045.xml,SWWD,Go South Coast,Go South Coast 3125 Inbound,South Wilts Grammar School - Hindon,price_band_2.5@ChildReturn,2.5
WDBC_1035_Outbound_ChildReturn_a9f4b9e2-e9ea-4456-80e3-47fe03b77367_639196374680330806.xml,WDBC,Go South Coast,Go South Coast 1035 Outbound,Swanage - Wareham,price_band_4.0@ChildReturn,4.0
WDBC_1903_Outbound_ChildSingle_2f1f0c04-770d-4707-ab06-213c5a798ad7_639196383394568640.xml,WDBC,Go South Coast,Go South Coast 1903 Outbound,Poole - Wimborne,price_band_3.0@ChildSingle,3.0
TDTR_7080_Outbound_AdultSingle_a9f4b9e2-e9ea-4456-80e3-47fe03b77367_639196408832630581.xml,TDTR,Go South Coast,Go South Coast 7080 Outbound,Swindon - Marlborough,price_band_2.1@AdultSingle,2.1
WDBC_2219_Outbound_ChildSingle_a9f4b9e2-e9ea-4456-80e3-47fe03b77367_639196386952330574.xml,WDBC,Go South Coast,Go South Coast 2219 Outbound,Lymington  - New Milton,price_band_2.5@ChildSingle,2.5
TDTR_7180_Inbound_YoungPersonSgl_a9f4b9e2-e9ea-4456-80e3-47fe03b77367_639196409516467218.xml,TDTR,Go South Coast,Go South Coast 7180 Inbound,Marlborough - Ludgershall,price_band_2.0@YoungPersonSgl,2.0
WDBC_1837_Outbound_ChildSingle_2f1f0c04-770d-4707-ab06-213c5a798ad7_639196381963734747.xml,WDBC,Go South Coast,Go South Coast 1837 Outbound,Bournemouth - Bournemouth International Airport,price_band_1.0@ChildSingle,1.0
WDBC_1818_Inbound_AdultSingle_2f1f0c04-770d-4707-ab06-213c5a798ad7_639196380210411171.xml,WDBC,Go South Coast,Go South Coast 1818 Inbound,Bournemouth - Broadstone,price_band_1.0@AdultSingle,1.0
WDBC_2618_Inbound_AdultSingle_a9f4b9e2-e9ea-4456-80e3-47fe03b77367_639196387226189113.xml,WDBC,Go South Coast,Go South Coast 2618 Inbound,Cooper Dean - Brockenhurst College,price_band_2.8@AdultSingle,2.8
SWWD_3012_Inbound_ChildReturn_a9f4b9e2-e9ea-4456-80e3-47fe03b77367_639196391242478334.xml,SWWD,Go South Coast,Go South Coast 3012 Inbound,Salisbury - Stratford,price_band_2.5@ChildReturn,2.5
WDBC_2906_Outbound_AdultSingle_a9f4b9e2-e9ea-4456-80e3-47fe03b77367_639196388115815036.xml,WDBC,Go South Coast,Go South Coast 2906 Outbound,Poole - Ringwood,price_band_3.0@AdultSingle,3.0
WDBC_6943_Outbound_AdultReturn_a9f4b9e2-e9ea-4456-80e3-47fe03b77367_639196408030521027.xml,WDBC,Go South Coast,Go South Coast 6943 Outbound,Lulworth - Weymouth,price_band_4.2@AdultReturn,4.2
WDBC_6043_Inbound_ChildReturn_a9f4b9e2-e9ea-4456-80e3-47fe03b77367_639196406244960901.xml,WDBC,Go South Coast,Go South Coast 6043 Inbound,County Gates - Parkstone Grammar School,price_band_3.7@ChildReturn,3.7
DAMY_6307_Outbound_ChildSingle_a9f4b9e2-e9ea-4456-80e3-47fe03b77367_639196406441081124.xml,DAMY,Go South Coast,Go South Coast 6307 Outbound,Blandford - Shaftesbury,price_band_2.8@ChildSingle,2.8
SWWD_3885_Inbound_AdultSingle_a9f4b9e2-e9ea-4456-80e3-47fe03b77367_639196400722751492.xml,SWWD,Go South Coast,Go South Coast 3885 Inbound,Whaddon - Burgate School,price_band_2.7@AdultSingle,2.7
WDBC_6416_Inbound_ChildReturn_a9f4b9e2-e9ea-4456-80e3-47fe03b77367_639196406612122695.xml,WDBC,Go South Coast,Go South Coast 6416 Inbound,Penn Hill Avenue  - Poole Grammar School,price_band_2.3@ChildReturn,2.3
BLUS_4024_Inbound_ChildReturn_a9f4b9e2-e9ea-4456-80e3-47fe03b77367_639196402450493711.xml,BLUS,Go South Coast,Go South Coast 4024 Inbound,Eastleigh - Hedge End,price_band_4.0@ChildReturn,4.0
SWWD_3457_Outbound_AdultReturn_a9f4b9e2-e9ea-4456-80e3-47fe03b77367_639196398219453971.xml,SWWD,Go South Coast,Go South Coast 3457 Outbound,Salisbury - Southampton,price_band_4.2@AdultReturn,4.2
SWWD_3108_Outbound_AdultReturn_a9f4b9e2-e9ea-4456-80e3-47fe03b77367_639196392421329513.xml,SWWD,Go South Coast,Go South Coast 3108 Outbound,Salisbury - Zouch Estate,price_band_4.5@AdultReturn,4.5
WDBC_8279_Outbound_AdultSingle_a9f4b9e2-e9ea-4456-80e3-47fe03b77367_639196410391571978.xml,WDBC,Go South Coast,Go South Coast 8279 Outbound,New Milton - Brockenhurst BLUE,price_band_21.5@AdultSingle,21.5
WDBC_6448_Inbound_ChildSingle_a9f4b9e2-e9ea-4456-80e3-47fe03b77367_639196406849977314.xml,WDBC,Go South Coast,Go South Coast 6448 Inbound,Furnell Road - Parkstone Grammar,price_band_2.8@ChildSingle,2.8
BLUS_8206_Outbound_AdultReturn_a9f4b9e2-e9ea-4456-80e3-47fe03b77367_639196410330188290.xml,BLUS,Go South Coast,Go South Coast 8206 Outbound,Brockenhurst - New Park,price_band_2.0@AdultReturn,2.0
TDTR_7001_Outbound_AdultSingle_a9f4b9e2-e9ea-4456-80e3-47fe03b77367_639196408061379278.xml,TDTR,Go South Coast,Go South Coast 7001 Outbound,Middleleaze - Great Western Hospital,price_band_2.2@AdultSingle,2.2
WDBC_1040_Outbound_AdultSingle_a9f4b9e2-e9ea-4456-80e3-47fe03b77367_639196375189438964.xml,WDBC,Go South Coast,Go South Coast 1040 Outbound,Swanage - Poole,price_band_3.0@AdultSingle,3.0
SWWD_3451_Outbound_ChildSingle_a9f4b9e2-e9ea-4456-80e3-47fe03b77367_639196397907893326.xml,SWWD,Go South Coast,Go South Coast 3451 Outbound,Salisbury - Sling - Larkhill,price_band_1.9@ChildSingle,1.9
WDBC_6449_Inbound_ChildReturn_a9f4b9e2-e9ea-4456-80e3-47fe03b77367_639196406931268887.xml,WDBC,Go South Coast,Go South Coast 6449 Inbound,St Osmunds - Parkstone Grammar,price_band_5.2@ChildReturn,5.2
BLUS_4021_Outbound_ChildSingle_f15d1b06-486f-433a-8991-95f1a97a87e0_639196402372739569.xml,BLUS,Go South Coast,Go South Coast 4021 Outbound,Southampton - Lordshill,price_band_1.0@ChildSingle,1.0
DAMY_6920_Inbound_ChildReturn_a9f4b9e2-e9ea-4456-80e3-47fe03b77367_639196407771189759.xml,DAMY,Go South Coast,Go South Coast 6920 Inbound,Salisbury - Steam Fair,price_band_2.5@ChildReturn,2.5
DAMY_6905_Inbound_AdultReturn_a9f4b9e2-e9ea-4456-80e3-47fe03b77367_639196407683247362.xml,DAMY,Go South Coast,Go South Coast 6905 Inbound,Warmwell - Dorchester,price_band_4.4@AdultReturn,4.4
WDBC_6415_Outbound_AdultSingle_a9f4b9e2-e9ea-4456-80e3-47fe03b77367_639196406551733639.xml,WDBC,Go South Coast,Go South Coast 6415 Outbound,St Anns Hospital - Poole Grammar School,price_band_3.2@AdultSingle,3.2
UNIL_4717_Inbound_AdultReturn_a9f4b9e2-e9ea-4456-80e3-47fe03b77367_639196403252598588.xml,UNIL,Go South Coast,Go South Coast 4717 Inbound,Winchester - Highfield,price_band_6.0@AdultReturn,6.0
WDBC_2613_Outbound_AdultReturn_a9f4b9e2-e9ea-4456-80e3-47fe03b77367_639196387115374821.xml,WDBC,Go South Coast,Go South Coast 2613 Outbound,Broadstone - Brockenhurst College,price_band_3.6@AdultReturn,3.6
SVCT_5089_Outbound_YoungAdSingle_a9f4b9e2-e9ea-4456-80e3-47fe03b77367_639196404647705423.xml,SVCT,Go South Coast,Go South Coast 5089 Outbound,Newport  - Ryde,price_band_3.0@YoungAdSingle,3.0
WDBC_8209_Outbound_ChildSingle_a9f4b9e2-e9ea-4456-80e3-47fe03b77367_639196410348087432.xml,WDBC,Go South Coast,Go South Coast 8209 Outbound,Ringwood - Lyndhurst RED,price_band_12.0@ChildSingle,12.0
SWWD_3881_Inbound_AdultSingle_a9f4b9e2-e9ea-4456-80e3-47fe03b77367_639196400567424373.xml,SWWD,Go South Coast,Go South Coast 3881 Inbound,Wilton Road  - Burgate School,price_band_2.3@AdultSingle,2.3
SWWD_3511_Outbound_ChildSingle_a9f4b9e2-e9ea-4456-80e3-47fe03b77367_639196399130399618.xml,SWWD,Go South Coast,Go South Coast 3511 Outbound,Blue Boar Row - Old Sarum,price_band_2.3@ChildSingle,2.3
TDTR_7046_Inbound_ChildReturn_a9f4b9e2-e9ea-4456-80e3-47fe03b77367_639196408411798946.xml,TDTR,Go South Coast,Go South Coast 7046 Inbound,Swindon - Hungerford,price_band_3.3@ChildReturn,3.3
SWWD_3087_Outbound_ChildReturn_a9f4b9e2-e9ea-4456-80e3-47fe03b77367_639196391819567596.xml,SWWD,Go South Coast,Go South Coast 3087 Outbound,South Wilts Grammar School - Lopcombe Corner,price_band_4.9@ChildReturn,4.9
SWWD_2615_Outbound_AdultSingle_a9f4b9e2-e9ea-4456-80e3-47fe03b77367_639196387187302723.xml,SWWD,Go South Coast,Go South Coast 2615 Outbound,Salisbury  - Brockenhurst College,price_band_5.4@AdultSingle,5.4
WDBC_1908_Inbound_ChildSingle_d46597a9-440e-4c13-b49a-76a3986683d1_639196383460484098.xml,WDBC,Go South Coast,Go South Coast 1908 Inbound,Poole - Blandford,price_band_1.9@ChildSingle,1.9
WDBC_1013_Outbound_ChildSingle_a9f4b9e2-e9ea-4456-80e3-47fe03b77367_639196371513119631.xml,WDBC,Go South Coast,Go South Coast 1013 Outbound,Bournemouth - Wimborne,price_band_3.0@ChildSingle,3.0
TDTR_3620_Inbound_YoungPersonSgl_a9f4b9e2-e9ea-4456-80e3-47fe03b77367_639196399608178223.xml,TDTR,Go South Coast,Go South Coast 3620 Inbound,Hungerford Priory  - St Johns Sch,price_band_1.0@YoungPersonSgl,1.0
WDBC_6419_Inbound_ChildReturn_a9f4b9e2-e9ea-4456-80e3-47fe03b77367_639196406787885234.xml,WDBC,Go South Coast,Go South Coast 6419 Inbound,Compton Avenue - Poole Grammar,price_band_2.1@ChildReturn,2.1
TDTR_3820_Inbound_ChildSingle_a9f4b9e2-e9ea-4456-80e3-47fe03b77367_639196400543008094.xml,TDTR,Go South Coast,Go South Coast 3820 Inbound,Marlborough - Newbury,price_band_1.6@ChildSingle,1.6
BLUS_4026_Inbound_AdultSingle_a9f4b9e2-e9ea-4456-80e3-47fe03b77367_639196402489021992.xml,BLUS,Go South Coast,Go South Coast 4026 Inbound,Southampton - Whiteley,price_band_2.6@AdultSingle,2.6
WDBC_1950_Inbound_ChildReturn_a9f4b9e2-e9ea-4456-80e3-47fe03b77367_639196383626189776.xml,WDBC,Go South Coast,Go South Coast 1950 Inbound,Bournemouth - Swanage,price_band_3.1@ChildReturn,3.1
WDBC_6419_Outbound_AdultReturn_a9f4b9e2-e9ea-4456-80e3-47fe03b77367_639196406803608483.xml,WDBC,Go South Coast,Go South Coast 6419 Outbound,Compton Avenue - Poole Grammar,price_band_3.8@AdultReturn,3.8
BLUS_4001_Inbound_AdultReturn_a9f4b9e2-e9ea-4456-80e3-47fe03b77367_639196400946055148.xml,BLUS,Go South Coast,Go South Coast 4001 Inbound,Southampton - Winchester,price_band_4.5@AdultReturn,4.5
SWWD_3166_Outbound_AdultReturn_a9f4b9e2-e9ea-4456-80e3-47fe03b77367_639196393688655752.xml,SWWD,Go South Coast,Go South Coast 3166 Outbound,South Wilts Grammar School - Idmiston,price_band_6.0@AdultReturn,6.0
TDTR_7048_Outbound_ChildReturn_a9f4b9e2-e9ea-4456-80e3-47fe03b77367_639196408550634722.xml,TDTR,Go South Coast,Go South Coast 7048 Outbound,Swindon - Marlborough,price_band_4.7@ChildReturn,4.7
WDBC_2219_Outbound_ChildReturn_a9f4b9e2-e9ea-4456-80e3-47fe03b77367_639196386945648021.xml,WDBC,Go South Coast,Go South Coast 2219 Outbound,Lymington  - New Milton,price_band_3.7@ChildReturn,3.7
SWWD_3525_Outbound_ChildReturn_a9f4b9e2-e9ea-4456-80e3-47fe03b77367_639196399527133577.xml,SWWD,Go South Coast,Go South Coast 3525 Outbound,City Centre - Petersfinger Park & Ride,price_band_2.5@ChildReturn,2.5
WDBC_2604_Outbound_AdultSingle_a9f4b9e2-e9ea-4456-80e3-47fe03b77367_639196386994638705.xml,WDBC,Go South Coast,Go South Coast 2604 Outbound,Langley Farm - Brockenhurst College,price_band_5.1@AdultSingle,5.1
BLUS_4008_Outbound_ChildReturn_a9f4b9e2-e9ea-4456-80e3-47fe03b77367_639196401485158482.xml,BLUS,Go South Coast,Go South Coast 4008 Outbound,Southampton - Hythe,price_band_4.5@ChildReturn,4.5
WDBC_1801_Inbound_ChildSingle_a9f4b9e2-e9ea-4456-80e3-47fe03b77367_639196379446634713.xml,WDBC,Go South Coast,Go South Coast 1801 Inbound,Bournemouth - Christchurch,price_band_1.9@ChildSingle,1.9
WDBC_1050_Outbound_AdultReturn_a9f4b9e2-e9ea-4456-80e3-47fe03b77367_639196375631431393.xml,WDBC,Go South Coast,Go South Coast 1050 Outbound,Bournemouth Station - Swanage,price_band_1.0@AdultReturn,1.0
SWWD_3311_Inbound_ChildSingle_a9f4b9e2-e9ea-4456-80e3-47fe03b77367_639196394714401658.xml,SWWD,Go South Coast,Go South Coast 3311 Inbound,Coronation Road - Ditchampton,price_band_2.1@ChildSingle,2.1
BLUS_4023_Outbound_AdultReturn_a9f4b9e2-e9ea-4456-80e3-47fe03b77367_639196402425952910.xml,BLUS,Go South Coast,Go South Coast 4023 Outbound,Eastleigh - Velmore,price_band_4.5@AdultReturn,4.5
WDBC_1741_Inbound_AdultSingle_a9f4b9e2-e9ea-4456-80e3-47fe03b77367_639196379043613624.xml,WDBC,Go South Coast,Go South Coast 1741 Inbound,Sandbanks Ferry - Parkstone Grammar School,price_band_2.8@AdultSingle,2.8
SVCT_5089_Outbound_ChildSingle_a9f4b9e2-e9ea-4456-80e3-47fe03b77367_639196404671030305.xml,SVCT,Go South Coast,Go South Coast 5089 Outbound,Newport  - Ryde,price_band_1.8@ChildSingle,1.8
WDBC_1105_Outbound_ChildReturn_a9f4b9e2-e9ea-4456-80e3-47fe03b77367_639196377260202155.xml,WDBC,Go South Coast,Go South Coast 1105 Outbound,Poole - Tower Park,price_band_3.7@ChildReturn,3.7
BLUS_8461_Inbound_AdultSingle_eed5e2e8-c472-41af-825e-db09ec887334_639196410538902534.xml,BLUS,Go South Coast,Go South Coast 8461 Inbound,Bevois Valley - Nursling Ind. Estate,price_band_1.0@AdultSingle,1.0
TDTR_7091_Outbound_AdultSingle_a9f4b9e2-e9ea-4456-80e3-47fe03b77367_639196408939456662.xml,TDTR,Go South Coast,Go South Coast 7091 Outbound,Orbital Park - GW Hospital,price_band_2.8@AdultSingle,2.8
SWWD_3206_Outbound_AdultSingle_a9f4b9e2-e9ea-4456-80e3-47fe03b77367_639196394028714243.xml,SWWD,Go South Coast,Go South Coast 3206 Outbound,Allington - Blue Boar Row,price_band_2.3@AdultSingle,2.3
BLUS_2627_Outbound_AdultSingle_a9f4b9e2-e9ea-4456-80e3-47fe03b77367_639196387377639135.xml,BLUS,Go South Coast,Go South Coast 2627 Outbound,Totton - Marchwood,price_band_2.1@AdultSingle,2.1
WDBC_1908_Outbound_ChildSingle_2f1f0c04-770d-4707-ab06-213c5a798ad7_639196383499614451.xml,WDBC,Go South Coast,Go South Coast 1908 Outbound,Poole - Blandford,price_band_2.5@ChildSingle,2.5
BLUS_3634_Outbound_AdultReturn_a9f4b9e2-e9ea-4456-80e3-47fe03b77367_639196399687526061.xml,BLUS,Go South Coast,Go South Coast 3634 Outbound,East Wellow  - Romsey School,price_band_8.3@AdultReturn,8.3
WDBC_1060_Inbound_AdultSingle_2f1f0c04-770d-4707-ab06-213c5a798ad7_639196376790382523.xml,WDBC,Go South Coast,Go South Coast 1060 Inbound,Rockley - Sandbanks,price_band_1.0@AdultSingle,1.0
BLUS_4015_Inbound_ChildReturn_a9f4b9e2-e9ea-4456-80e3-47fe03b77367_639196401925077381.xml,BLUS,Go South Coast,Go South Coast 4015 Inbound,Central Station - Hamble,price_band_4.0@ChildReturn,4.0
WDBC_1170_Inbound_ChildSingle_d46597a9-440e-4c13-b49a-76a3986683d1_639196378396306939.xml,WDBC,Go South Coast,Go South Coast 1170 Inbound,Rockley Park - Hengistbury Head,price_band_1.0@ChildSingle,1.0
WDBC_6047_Inbound_AdultSingle_a9f4b9e2-e9ea-4456-80e3-47fe03b77367_639196406312904875.xml,WDBC,Go South Coast,Go South Coast 6047 Inbound,Ringwood Road - Parkstone Grammar School,price_band_2.9@AdultSingle,2.9
WDBC_1831_Inbound_ChildReturn_a9f4b9e2-e9ea-4456-80e3-47fe03b77367_639196381172420581.xml,WDBC,Go South Coast,Go South Coast 1831 Inbound,Bournemouth - Hunt Road and Somerford,price_band_3.2@ChildReturn,3.2
BLUS_4005_Outbound_AdultSingle_a9f4b9e2-e9ea-4456-80e3-47fe03b77367_639196401235833258.xml,BLUS,Go South Coast,Go South Coast 4005 Outbound,Boyatt Wood - Romsey,price_band_3.0@AdultSingle,3.0
SWWD_3312_Outbound_AdultReturn_a9f4b9e2-e9ea-4456-80e3-47fe03b77367_639196394738750935.xml,SWWD,Go South Coast,Go South Coast 3312 Outbound,City Centre - Bishopdown Farm,price_band_4.2@AdultReturn,4.2
WDBC_1951_Outbound_AdultSingle_a9f4b9e2-e9ea-4456-80e3-47fe03b77367_639196384185391493.xml,WDBC,Go South Coast,Go South Coast 1951 Outbound,Bournemouth - Sandbanks,price_band_2.6@AdultSingle,2.6
WDBC_1052_Inbound_AdultReturn_a9f4b9e2-e9ea-4456-80e3-47fe03b77367_639196375772501471.xml,WDBC,Go South Coast,Go South Coast 1052 Inbound,Rockley - Sandbanks,price_band_4.7@AdultReturn,4.7
WDBC_1801_Inbound_AdultSingle_a9f4b9e2-e9ea-4456-80e3-47fe03b77367_639196379433491531.xml,WDBC,Go South Coast,Go South Coast 1801 Inbound,Bournemouth - Christchurch,price_band_3.0@AdultSingle,3.0
WDBC_1762_Inbound_AdultReturn_a9f4b9e2-e9ea-4456-80e3-47fe03b77367_639196379155438245.xml,WDBC,Go South Coast,Go South Coast 1762 Inbound,Merley - Corfe Hills,price_band_4.5@AdultReturn,4.5
BLUS_4909_Inbound_AdultSingle_a9f4b9e2-e9ea-4456-80e3-47fe03b77367_639196403576872180.xml,BLUS,Go South Coast,Go South Coast 4909 Inbound,Southampton - Langley,price_band_3.0@AdultSingle,3.0
WDBC_1052_Outbound_ChildSingle_2f1f0c04-770d-4707-ab06-213c5a798ad7_639196375980901692.xml,WDBC,Go South Coast,Go South Coast 1052 Outbound,Rockley - Sandbanks,price_band_1.0@ChildSingle,1.0
TDTR_7539_Outbound_AdultReturn_a9f4b9e2-e9ea-4456-80e3-47fe03b77367_639196409953787175.xml,TDTR,Go South Coast,Go South Coast 7539 Outbound,Wroughton - Cirencester College,price_band_8.3@AdultReturn,8.3
WDBC_1811_Outbound_AdultSingle_a9f4b9e2-e9ea-4456-80e3-47fe03b77367_639196380076014890.xml,WDBC,Go South Coast,Go South Coast 1811 Outbound,Bournemouth - Somerford,price_band_3.0@AdultSingle,3.0
WDBC_1002_Outbound_AdultSingle_a9f4b9e2-e9ea-4456-80e3-47fe03b77367_639196370078627992.xml,WDBC,Go South Coast,Go South Coast 1002 Outbound,Poole - Southbourne,price_band_2.6@AdultSingle,2.6
WDBC_6903_Inbound_AdultSingle_a9f4b9e2-e9ea-4456-80e3-47fe03b77367_639196407451450777.xml,WDBC,Go South Coast,Go South Coast 6903 Inbound,Swanage - Lulworth,price_band_2.3@AdultSingle,2.3
WDBC_2906_Outbound_ChildSingle_2f1f0c04-770d-4707-ab06-213c5a798ad7_639196388570360857.xml,WDBC,Go South Coast,Go South Coast 2906 Outbound,Poole - Ringwood,price_band_2.2@ChildSingle,2.2
SVCT_5001_Outbound_AdultSingle_a9f4b9e2-e9ea-4456-80e3-47fe03b77367_639196403592054258.xml,SVCT,Go South Coast,Go South Coast 5001 Outbound,Newport - Cowes,price_band_3.0@AdultSingle,3.0
WDBC_2762_Inbound_AdultSingle_a9f4b9e2-e9ea-4456-80e3-47fe03b77367_639196387461435802.xml,WDBC,Go South Coast,Go South Coast 2762 Inbound,Keyhaven Road  - Priestlands School,price_band_2.5@AdultSingle,2.5
BLUS_4016_Outbound_ChildSingle_eed5e2e8-c472-41af-825e-db09ec887334_639196402019092084.xml,BLUS,Go South Coast,Go South Coast 4016 Outbound,Southampton - Townhill Park,price_band_1.0@ChildSingle,1.0
WDBC_1050_Inbound_AdultReturn_a9f4b9e2-e9ea-4456-80e3-47fe03b77367_639196375470037211.xml,WDBC,Go South Coast,Go South Coast 1050 Inbound,Bournemouth Station - Swanage,price_band_4.7@AdultReturn,4.7
WDBC_1013_Outbound_AdultSingle_a9f4b9e2-e9ea-4456-80e3-47fe03b77367_639196371448131963.xml,WDBC,Go South Coast,Go South Coast 1013 Outbound,Bournemouth - Wimborne,price_band_2.8@AdultSingle,2.8
BLUS_4028_Inbound_ChildSingle_eed5e2e8-c472-41af-825e-db09ec887334_639196402558453033.xml,BLUS,Go South Coast,Go South Coast 4028 Inbound,Southampton - Southampton Science Park,price_band_1.0@ChildSingle,1.0
WDBC_1887_Outbound_ChildReturn_a9f4b9e2-e9ea-4456-80e3-47fe03b77367_639196383121509368.xml,WDBC,Go South Coast,Go South Coast 1887 Outbound,Charminster - St Peters School,price_band_5.8@ChildReturn,5.8
SWWD_3125_Outbound_AdultReturn_a9f4b9e2-e9ea-4456-80e3-47fe03b77367_639196392943572625.xml,SWWD,Go South Coast,Go South Coast 3125 Outbound,South Wilts Grammar School - Hindon,price_band_5.7@AdultReturn,5.7
WDBC_1114_Inbound_ChildReturn_a9f4b9e2-e9ea-4456-80e3-47fe03b77367_639196377684555116.xml,WDBC,Go South Coast,Go South Coast 1114 Inbound,Poole - RB Hospital,price_band_3.2@ChildReturn,3.2
WDBC_6419_Outbound_ChildReturn_a9f4b9e2-e9ea-4456-80e3-47fe03b77367_639196406818586499.xml,WDBC,Go South Coast,Go South Coast 6419 Outbound,Compton Avenue - Poole Grammar,price_band_3.7@ChildReturn,3.7
DAMY_6920_Inbound_ChildSingle_a9f4b9e2-e9ea-4456-80e3-47fe03b77367_639196407760505535.xml,DAMY,Go South Coast,Go South Coast 6920 Inbound,Salisbury - Steam Fair,price_band_2.8@ChildSingle,2.8
SWWD_3495_Inbound_AdultReturn_a9f4b9e2-e9ea-4456-80e3-47fe03b77367_639196398698725282.xml,SWWD,Go South Coast,Go South Coast 3495 Inbound,Swindon - Pewsey,price_band_4.9@AdultReturn,4.9
TDTR_7176_Inbound_AdultSingle_a9f4b9e2-e9ea-4456-80e3-47fe03b77367_639196409387882739.xml,TDTR,Go South Coast,Go South Coast 7176 Inbound,Calne - Bath,price_band_2.0@AdultSingle,2.0
TDTR_3820_Inbound_AdultReturn_a9f4b9e2-e9ea-4456-80e3-47fe03b77367_639196400540210961.xml,TDTR,Go South Coast,Go South Coast 3820 Inbound,Marlborough - Newbury,price_band_3.5@AdultReturn,3.5
BLUS_4028_Outbound_ChildSingle_eed5e2e8-c472-41af-825e-db09ec887334_639196402582168082.xml,BLUS,Go South Coast,Go South Coast 4028 Outbound,Southampton - Southampton Science Park,price_band_1.0@ChildSingle,1.0
SWWD_3515_Inbound_ChildReturn_a9f4b9e2-e9ea-4456-80e3-47fe03b77367_639196399287474202.xml,SWWD,Go South Coast,Go South Coast 3515 Inbound,City Centre - Petersfinger Park & Ride,price_band_2.5@ChildReturn,2.5
WDBC_6943_Outbound_ChildReturn_a9f4b9e2-e9ea-4456-80e3-47fe03b77367_639196408041685500.xml,WDBC,Go South Coast,Go South Coast 6943 Outbound,Lulworth - Weymouth,price_band_2.9@ChildReturn,2.9
UNIL_4741_Inbound_AdultSingle_eed5e2e8-c472-41af-825e-db09ec887334_639196403335333904.xml,UNIL,Go South Coast,Go South Coast 4741 Inbound,Wessex Lane - Highfield Campus,price_band_1.0@AdultSingle,1.0
WDBC_1789_Outbound_AdultSingle_a9f4b9e2-e9ea-4456-80e3-47fe03b77367_639196379381398294.xml,WDBC,Go South Coast,Go South Coast 1789 Outbound,Bournemouth School for Girls - Lymington,price_band_3.2@AdultSingle,3.2
SWWD_3407_Inbound_ChildSingle_eed5e2e8-c472-41af-825e-db09ec887334_639196397292729766.xml,SWWD,Go South Coast,Go South Coast 3407 Inbound,Salisbury - Southampton,price_band_2.9@ChildSingle,2.9
SWWD_3407_Inbound_AdultSingle_eed5e2e8-c472-41af-825e-db09ec887334_639196397239891264.xml,SWWD,Go South Coast,Go South Coast 3407 Inbound,Salisbury - Southampton,price_band_2.3@AdultSingle,2.3
BLUS_4504_Outbound_ChildReturn_a9f4b9e2-e9ea-4456-80e3-47fe03b77367_639196402987573582.xml,BLUS,Go South Coast,Go South Coast 4504 Outbound,Lordshill - Mountbatten School,price_band_4.5@ChildReturn,4.5
WDBC_8120_Inbound_AdultSingle_a9f4b9e2-e9ea-4456-80e3-47fe03b77367_639196410246992671.xml,WDBC,Go South Coast,Go South Coast 8120 Inbound,Poole - Bournemoputh International Airport,price_band_3.0@AdultSingle,3.0
WDBC_2761_Outbound_ChildSingle_a9f4b9e2-e9ea-4456-80e3-47fe03b77367_639196387454705173.xml,WDBC,Go South Coast,Go South Coast 2761 Outbound,Bunkers Hill Cottage - Priestlands School,price_band_3.0@ChildSingle,3.0
SVCT_5107_Inbound_ChildSingle_a9f4b9e2-e9ea-4456-80e3-47fe03b77367_639196405124689692.xml,SVCT,Go South Coast,Go South Coast 5107 Inbound,Alum Bay  - Newport,price_band_1.8@ChildSingle,1.8
BLUS_4007_Inbound_ChildSingle_f15d1b06-486f-433a-8991-95f1a97a87e0_639196401349988943.xml,BLUS,Go South Coast,Go South Coast 4007 Inbound,Lordshill - Sholing,price_band_1.0@ChildSingle,1.0
SWWD_3325_Inbound_ChildReturn_a9f4b9e2-e9ea-4456-80e3-47fe03b77367_639196394859392639.xml,SWWD,Go South Coast,Go South Coast 3325 Inbound,South Wilts Grammar School - Hindon,price_band_2.5@ChildReturn,2.5
WDBC_2003_Inbound_ChildReturn_a9f4b9e2-e9ea-4456-80e3-47fe03b77367_639196385719101629.xml,WDBC,Go South Coast,Go South Coast 2003 Inbound,Salisbury - Bournemouth,price_band_3.7@ChildReturn,3.7
SWWD_3517_Inbound_AdultSingle_a9f4b9e2-e9ea-4456-80e3-47fe03b77367_639196399319753370.xml,SWWD,Go South Coast,Go South Coast 3517 Inbound,New Canal  - Lopcombe Corner,price_band_3.0@AdultSingle,3.0
WDBC_2618_Inbound_AdultReturn_a9f4b9e2-e9ea-4456-80e3-47fe03b77367_639196387209198526.xml,WDBC,Go South Coast,Go South Coast 2618 Inbound,Cooper Dean - Brockenhurst College,price_band_8.7@AdultReturn,8.7
TDTR_3820_Inbound_AdultSingle_a9f4b9e2-e9ea-4456-80e3-47fe03b77367_639196400537447189.xml,TDTR,Go South Coast,Go South Coast 3820 Inbound,Marlborough - Newbury,price_band_4.2@AdultSingle,4.2
WDBC_1053_Inbound_AdultSingle_2f1f0c04-770d-4707-ab06-213c5a798ad7_639196376135837412.xml,WDBC,Go South Coast,Go South Coast 1053 Inbound,Bournemouth - Wimborne,price_band_3.0@AdultSingle,3.0
TDTR_7148_Inbound_YoungPersonSgl_a9f4b9e2-e9ea-4456-80e3-47fe03b77367_639196409168015430.xml,TDTR,Go South Coast,Go South Coast 7148 Inbound,Swindon - Marlborough,price_band_2.4@YoungPersonSgl,2.4
TDTR_7091_Outbound_AdultSingle_a9f4b9e2-e9ea-4456-80e3-47fe03b77367_639196408939456662.xml,TDTR,Go South Coast,Go South Coast 7091 Outbound,Orbital Park - GW Hospital,price_band_3.0@AdultSingle,3.0
WDBC_1836_Outbound_AdultReturn_a9f4b9e2-e9ea-4456-80e3-47fe03b77367_639196381809134692.xml,WDBC,Go South Coast,Go South Coast 1836 Outbound,Talbot View - Kinson,price_band_4.8@AdultReturn,4.8
WDBC_2761_Outbound_AdultSingle_a9f4b9e2-e9ea-4456-80e3-47fe03b77367_639196387448312966.xml,WDBC,Go South Coast,Go South Coast 2761 Outbound,Bunkers Hill Cottage - Priestlands School,price_band_3.3@AdultSingle,3.3
WDBC_1821_Inbound_ChildSingle_a9f4b9e2-e9ea-4456-80e3-47fe03b77367_639196380835269732.xml,WDBC,Go South Coast,Go South Coast 1821 Inbound,Bournemouth - Burton,price_band_2.1@ChildSingle,2.1
WDBC_6943_Inbound_ChildReturn_a9f4b9e2-e9ea-4456-80e3-47fe03b77367_639196407994428424.xml,WDBC,Go South Coast,Go South Coast 6943 Inbound,Lulworth - Weymouth,price_band_4.7@ChildReturn,4.7
WDBC_1011_Outbound_AdultSingle_d46597a9-440e-4c13-b49a-76a3986683d1_639196371113622128.xml,WDBC,Go South Coast,Go South Coast 1011 Outbound,Bournemouth - Canford Paddock,price_band_1.0@AdultSingle,1.0
BLUS_4424_Outbound_ChildSingle_a9f4b9e2-e9ea-4456-80e3-47fe03b77367_639196402900425526.xml,BLUS,Go South Coast,Go South Coast 4424 Outbound,Eastleigh - Hedge End,price_band_2.5@ChildSingle,2.5
WDBC_2618_Inbound_AdultSingle_a9f4b9e2-e9ea-4456-80e3-47fe03b77367_639196387226189113.xml,WDBC,Go South Coast,Go South Coast 2618 Inbound,Cooper Dean - Brockenhurst College,price_band_5.6@AdultSingle,5.6
SVCT_5249_Inbound_ChildSingle_a9f4b9e2-e9ea-4456-80e3-47fe03b77367_639196405541738854.xml,SVCT,Go South Coast,Go South Coast 5249 Inbound,Ryde - Newport,price_band_2.4@ChildSingle,2.4
WDBC_2956_Outbound_ChildReturn_a9f4b9e2-e9ea-4456-80e3-47fe03b77367_639196389720442579.xml,WDBC,Go South Coast,Go South Coast 2956 Outbound,Ringwood - Bournemouth,price_band_5.6@ChildReturn,5.6
SWWD_3495_Outbound_ChildSingle_a9f4b9e2-e9ea-4456-80e3-47fe03b77367_639196399012648638.xml,SWWD,Go South Coast,Go South Coast 3495 Outbound,Swindon - Pewsey,price_band_2.5@ChildSingle,2.5
BLUS_4016_Outbound_ChildSingle_f15d1b06-486f-433a-8991-95f1a97a87e0_639196402016672748.xml,BLUS,Go South Coast,Go South Coast 4016 Outbound,Southampton - Townhill Park,price_band_1.0@ChildSingle,1.0
SWWD_3329_Outbound_ChildReturn_a9f4b9e2-e9ea-4456-80e3-47fe03b77367_639196395700700871.xml,SWWD,Go South Coast,Go South Coast 3329 Outbound,Salisbury - Broad Chalke,price_band_4.3@ChildReturn,4.3
WDBC_1053_Outbound_ChildSingle_a9f4b9e2-e9ea-4456-80e3-47fe03b77367_639196376334244450.xml,WDBC,Go South Coast,Go South Coast 1053 Outbound,Bournemouth - Wimborne,price_band_2.3@ChildSingle,2.3
SWWD_3763_Outbound_ChildReturn_a9f4b9e2-e9ea-4456-80e3-47fe03b77367_639196400519593475.xml,SWWD,Go South Coast,Go South Coast 3763 Outbound,Mount Pleasant Farm - Burgate School,price_band_2.3@ChildReturn,2.3
WDBC_1725_Outbound_ChildReturn_a9f4b9e2-e9ea-4456-80e3-47fe03b77367_639196379027738448.xml,WDBC,Go South Coast,Go South Coast 1725 Outbound,Wareham - Lytchett Minster School,price_band_4.2@ChildReturn,4.2
SWWD_3404_Outbound_AdultSingle_a9f4b9e2-e9ea-4456-80e3-47fe03b77367_639196396277963486.xml,SWWD,Go South Coast,Go South Coast 3404 Outbound,Salisbury - Larkhill,price_band_2.4@AdultSingle,2.4
SWWD_3881_Outbound_ChildSingle_a9f4b9e2-e9ea-4456-80e3-47fe03b77367_639196400609537794.xml,SWWD,Go South Coast,Go South Coast 3881 Outbound,Wilton Road  - Burgate School,price_band_1.9@ChildSingle,1.9
WDBC_2612_Inbound_AdultSingle_a9f4b9e2-e9ea-4456-80e3-47fe03b77367_639196387061228418.xml,WDBC,Go South Coast,Go South Coast 2612 Inbound,Dibden Purlieu - Brockenhurst College,price_band_5.2@AdultSingle,5.2
WDBC_1903_Outbound_AdultSingle_a9f4b9e2-e9ea-4456-80e3-47fe03b77367_639196383324666799.xml,WDBC,Go South Coast,Go South Coast 1903 Outbound,Poole - Wimborne,price_band_2.3@AdultSingle,2.3
WDBC_2219_Outbound_AdultReturn_a9f4b9e2-e9ea-4456-80e3-47fe03b77367_639196386928858086.xml,WDBC,Go South Coast,Go South Coast 2219 Outbound,Lymington  - New Milton,price_band_4.2@AdultReturn,4.2
WDBC_1016_Inbound_ChildSingle_a9f4b9e2-e9ea-4456-80e3-47fe03b77367_639196372093735412.xml,WDBC,Go South Coast,Go South Coast 1016 Inbound,Poole - Bournemouth,price_band_2.3@ChildSingle,2.3
WDBC_1821_Outbound_ChildSingle_a9f4b9e2-e9ea-4456-80e3-47fe03b77367_639196381044342869.xml,WDBC,Go South Coast,Go South Coast 1821 Outbound,Bournemouth - Burton,price_band_2.8@ChildSingle,2.8
SWWD_3008_Outbound_ChildReturn_a9f4b9e2-e9ea-4456-80e3-47fe03b77367_639196391010248148.xml,SWWD,Go South Coast,Go South Coast 3008 Outbound,Salisbury - Zouch Estate,price_band_5.0@ChildReturn,5.0
BLUS_4119_Inbound_ChildSingle_f15d1b06-486f-433a-8991-95f1a97a87e0_639196402742425929.xml,BLUS,Go South Coast,Go South Coast 4119 Inbound,Thornhill - Lordshill,price_band_1.0@ChildSingle,1.0
WDBC_1050_Outbound_AdultSingle_d46597a9-440e-4c13-b49a-76a3986683d1_639196375732733963.xml,WDBC,Go South Coast,Go South Coast 1050 Outbound,Bournemouth Station - Swanage,price_band_3.0@AdultSingle,3.0
WDBC_2002_Outbound_ChildSingle_a9f4b9e2-e9ea-4456-80e3-47fe03b77367_639196385390206070.xml,WDBC,Go South Coast,Go South Coast 2002 Outbound,Bournemouth - Lymington,price_band_2.2@ChildSingle,2.2
WDBC_2906_Inbound_AdultReturn_a9f4b9e2-e9ea-4456-80e3-47fe03b77367_639196387645832397.xml,WDBC,Go South Coast,Go South Coast 2906 Inbound,Poole - Ringwood,price_band_4.5@AdultReturn,4.5
WDBC_1050_Outbound_ChildReturn_a9f4b9e2-e9ea-4456-80e3-47fe03b77367_639196375675418878.xml,WDBC,Go South Coast,Go South Coast 1050 Outbound,Bournemouth Station - Swanage,price_band_3.1@ChildReturn,3.1
WDBC_1801_Outbound_ChildReturn_a9f4b9e2-e9ea-4456-80e3-47fe03b77367_639196379499943625.xml,WDBC,Go South Coast,Go South Coast 1801 Outbound,Bournemouth - Christchurch,price_band_3.1@ChildReturn,3.1
SVCT_5263_Inbound_ChildSingle_a9f4b9e2-e9ea-4456-80e3-47fe03b77367_639196405616722926.xml,SVCT,Go South Coast,Go South Coast 5263 Inbound,Newport - Ventnor,price_band_1.8@ChildSingle,1.8
SWWD_3266_Inbound_ChildSingle_a9f4b9e2-e9ea-4456-80e3-47fe03b77367_639196394110608357.xml,SWWD,Go South Coast,Go South Coast 3266 Inbound,South Wilts Grammar School - Idmiston,price_band_2.3@ChildSingle,2.3
DAMY_6020_Inbound_ChildReturn_a9f4b9e2-e9ea-4456-80e3-47fe03b77367_639196406048919444.xml,DAMY,Go South Coast,Go South Coast 6020 Inbound,Salisbury - Blandford,price_band_3.7@ChildReturn,3.7
WDBC_2186_Inbound_AdultReturn_a9f4b9e2-e9ea-4456-80e3-47fe03b77367_639196386670547250.xml,WDBC,Go South Coast,Go South Coast 2186 Inbound,Southampton - Lymington,price_band_6.0@AdultReturn,6.0
SWWD_3002_Outbound_AdultSingle_a9f4b9e2-e9ea-4456-80e3-47fe03b77367_639196390408038966.xml,SWWD,Go South Coast,Go South Coast 3002 Outbound,Salisbury - Devizes,price_band_3.0@AdultSingle,3.0
WDBC_1789_Inbound_AdultSingle_a9f4b9e2-e9ea-4456-80e3-47fe03b77367_639196379307254639.xml,WDBC,Go South Coast,Go South Coast 1789 Inbound,Bournemouth School for Girls - Lymington,price_band_3.2@AdultSingle,3.2
WDBC_2906_Inbound_ChildSingle_d46597a9-440e-4c13-b49a-76a3986683d1_639196388050132362.xml,WDBC,Go South Coast,Go South Coast 2906 Inbound,Poole - Ringwood,price_band_1.0@ChildSingle,1.0
SWWD_3407_Inbound_ChildReturn_a9f4b9e2-e9ea-4456-80e3-47fe03b77367_639196397082357240.xml,SWWD,Go South Coast,Go South Coast 3407 Inbound,Salisbury - Southampton,price_band_4.5@ChildReturn,4.5
SWWD_3651_Outbound_ChildSingle_a9f4b9e2-e9ea-4456-80e3-47fe03b77367_639196400007001362.xml,SWWD,Go South Coast,Go South Coast 3651 Outbound,Avon Valley College - Sling,price_band_2.5@ChildSingle,2.5
SWWD_3407_Outbound_AdultSingle_a9f4b9e2-e9ea-4456-80e3-47fe03b77367_639196397432920360.xml,SWWD,Go South Coast,Go South Coast 3407 Outbound,Salisbury - Southampton,price_band_3.0@AdultSingle,3.0
SWWD_3329_Outbound_AdultSingle_a9f4b9e2-e9ea-4456-80e3-47fe03b77367_639196395695235751.xml,SWWD,Go South Coast,Go South Coast 3329 Outbound,Salisbury - Broad Chalke,price_band_2.3@AdultSingle,2.3
SWWD_3511_Outbound_AdultSingle_a9f4b9e2-e9ea-4456-80e3-47fe03b77367_639196399120434177.xml,SWWD,Go South Coast,Go South Coast 3511 Outbound,Blue Boar Row - Old Sarum,price_band_2.3@AdultSingle,2.3
WDBC_6903_Outbound_ChildReturn_a9f4b9e2-e9ea-4456-80e3-47fe03b77367_639196407677198414.xml,WDBC,Go South Coast,Go South Coast 6903 Outbound,Swanage - Lulworth,price_band_6.0@ChildReturn,6.0
WDBC_2003_Inbound_ChildReturn_a9f4b9e2-e9ea-4456-80e3-47fe03b77367_639196385719101629.xml,WDBC,Go South Coast,Go South Coast 2003 Inbound,Salisbury - Bournemouth,price_band_4.6@ChildReturn,4.6
SWWD_3326_Outbound_ChildReturn_a9f4b9e2-e9ea-4456-80e3-47fe03b77367_639196395329090036.xml,SWWD,Go South Coast,Go South Coast 3326 Outbound,Salisbury - Hindon,price_band_4.5@ChildReturn,4.5
WDBC_1841_Outbound_AdultSingle_a9f4b9e2-e9ea-4456-80e3-47fe03b77367_639196382130631696.xml,WDBC,Go South Coast,Go South Coast 1841 Outbound,Bournemouth - Mudeford and Somerford,price_band_2.6@AdultSingle,2.6
SWWD_3326_Outbound_AdultReturn_a9f4b9e2-e9ea-4456-80e3-47fe03b77367_639196395281317520.xml,SWWD,Go South Coast,Go South Coast 3326 Outbound,Salisbury - Hindon,price_band_4.2@AdultReturn,4.2
WDBC_1903_Inbound_ChildSingle_d46597a9-440e-4c13-b49a-76a3986683d1_639196383271165900.xml,WDBC,Go South Coast,Go South Coast 1903 Inbound,Poole - Wimborne,price_band_2.5@ChildSingle,2.5
WDBC_6701_Inbound_ChildReturn_a9f4b9e2-e9ea-4456-80e3-47fe03b77367_639196407344934980.xml,WDBC,Go South Coast,Go South Coast 6701 Inbound,Queen Elizabeth's School - Kinson,price_band_5.2@ChildReturn,5.2
WDBC_8259_Outbound_AdultSingle_a9f4b9e2-e9ea-4456-80e3-47fe03b77367_639196410361764361.xml,WDBC,Go South Coast,Go South Coast 8259 Outbound,Brockenhurst - New Milton BLUE,price_band_6.5@AdultSingle,6.5
SWWD_3108_Outbound_ChildSingle_a9f4b9e2-e9ea-4456-80e3-47fe03b77367_639196392478885861.xml,SWWD,Go South Coast,Go South Coast 3108 Outbound,Salisbury - Zouch Estate,price_band_2.6@ChildSingle,2.6
TDTR_7017_Inbound_YoungPersonSgl_a9f4b9e2-e9ea-4456-80e3-47fe03b77367_639196408243397924.xml,TDTR,Go South Coast,Go South Coast 7017 Inbound,Penhill - Park South,price_band_2.2@YoungPersonSgl,2.2
WDBC_6418_Inbound_ChildSingle_a9f4b9e2-e9ea-4456-80e3-47fe03b77367_639196406709584634.xml,WDBC,Go South Coast,Go South Coast 6418 Inbound,Sandbanks Ferry - Poole Grammar School,price_band_2.4@ChildSingle,2.4
SWWD_3407_Inbound_ChildSingle_eed5e2e8-c472-41af-825e-db09ec887334_639196397292729766.xml,SWWD,Go South Coast,Go South Coast 3407 Inbound,Salisbury - Southampton,price_band_3.0@ChildSingle,3.0
WDBC_2777_Inbound_AdultSingle_a9f4b9e2-e9ea-4456-80e3-47fe03b77367_639196387534334101.xml,WDBC,Go South Coast,Go South Coast 2777 Inbound,New Forest Drive - Lymington,price_band_4.3@AdultSingle,4.3
SWWD_3327_Inbound_ChildReturn_a9f4b9e2-e9ea-4456-80e3-47fe03b77367_639196395499310498.xml,SWWD,Go South Coast,Go South Coast 3327 Inbound,Salisbury - Shaftesbury,price_band_3.8@ChildReturn,3.8
TDTR_7013_Outbound_AdultSingle_a9f4b9e2-e9ea-4456-80e3-47fe03b77367_639196408180845308.xml,TDTR,Go South Coast,Go South Coast 7013 Outbound,Fleming Way - Eldene,price_band_2.2@AdultSingle,2.2
WDBC_1032_Inbound_ChildReturn_a9f4b9e2-e9ea-4456-80e3-47fe03b77367_639196374348138290.xml,WDBC,Go South Coast,Go South Coast 1032 Inbound,Poole - Bournemouth,price_band_2.8@ChildReturn,2.8
WDBC_2761_Outbound_AdultSingle_a9f4b9e2-e9ea-4456-80e3-47fe03b77367_639196387448312966.xml,WDBC,Go South Coast,Go South Coast 2761 Outbound,Bunkers Hill Cottage - Priestlands School,price_band_5.4@AdultSingle,5.4
WDBC_2613_Inbound_AdultSingle_a9f4b9e2-e9ea-4456-80e3-47fe03b77367_639196387100752560.xml,WDBC,Go South Coast,Go South Coast 2613 Inbound,Broadstone - Brockenhurst College,price_band_3.4@AdultSingle,3.4
SVCT_8502_Outbound_AdultSingle_a9f4b9e2-e9ea-4456-80e3-47fe03b77367_639196410627374576.xml,SVCT,Go South Coast,Go South Coast 8502 Outbound,Downs - Breezer,price_band_3.2@AdultSingle,3.2
TDTR_7536_Inbound_ChildReturn_a9f4b9e2-e9ea-4456-80e3-47fe03b77367_639196409865555223.xml,TDTR,Go South Coast,Go South Coast 7536 Inbound,Stanford In The Vale - Shrivenham,price_band_8.3@ChildReturn,8.3
WDBC_1804_Inbound_AdultReturn_a9f4b9e2-e9ea-4456-80e3-47fe03b77367_639196379664428327.xml,WDBC,Go South Coast,Go South Coast 1804 Inbound,Bournemouth - Castlepoint,price_band_4.8@AdultReturn,4.8
SWWD_3533_Inbound_AdultSingle_a9f4b9e2-e9ea-4456-80e3-47fe03b77367_639196399542427162.xml,SWWD,Go South Coast,Go South Coast 3533 Inbound,Dinton - City Centre,price_band_2.9@AdultSingle,2.9
BLUS_4002_Inbound_AdultSingle_a9f4b9e2-e9ea-4456-80e3-47fe03b77367_639196401014189866.xml,BLUS,Go South Coast,Go South Coast 4002 Inbound,Southampton - Fair Oak,price_band_2.5@AdultSingle,2.5
WDBC_1806_Inbound_ChildSingle_a9f4b9e2-e9ea-4456-80e3-47fe03b77367_639196379870848354.xml,WDBC,Go South Coast,Go South Coast 1806 Inbound,Bournemouth - Wimborne,price_band_2.2@ChildSingle,2.2
TDTR_3820_Outbound_AdultSingle_a9f4b9e2-e9ea-4456-80e3-47fe03b77367_639196400549738554.xml,TDTR,Go South Coast,Go South Coast 3820 Outbound,Marlborough - Newbury,price_band_2.7@AdultSingle,2.7
SWWD_3885_Inbound_ChildReturn_a9f4b9e2-e9ea-4456-80e3-47fe03b77367_639196400773713449.xml,SWWD,Go South Coast,Go South Coast 3885 Inbound,Whaddon - Burgate School,price_band_2.6@ChildReturn,2.6
SWWD_3886_Inbound_AdultSingle_a9f4b9e2-e9ea-4456-80e3-47fe03b77367_639196400856954795.xml,SWWD,Go South Coast,Go South Coast 3886 Inbound,St Peters Place  - Burgate School,price_band_2.1@AdultSingle,2.1
SVCT_5005_Outbound_AdultSingle_a9f4b9e2-e9ea-4456-80e3-47fe03b77367_639196403886615574.xml,SVCT,Go South Coast,Go South Coast 5005 Outbound,Newport  - East Cowes,price_band_3.0@AdultSingle,3.0
WDBC_1053_Inbound_ChildSingle_d46597a9-440e-4c13-b49a-76a3986683d1_639196376215004487.xml,WDBC,Go South Coast,Go South Coast 1053 Inbound,Bournemouth - Wimborne,price_band_2.8@ChildSingle,2.8
TDTR_7012_Outbound_YoungPersonSgl_a9f4b9e2-e9ea-4456-80e3-47fe03b77367_639196408170729275.xml,TDTR,Go South Coast,Go South Coast 7012 Outbound,Oakhurst - Great Western Hospital,price_band_2.5@YoungPersonSgl,2.5
BLUS_4008_Inbound_AdultSingle_eed5e2e8-c472-41af-825e-db09ec887334_639196401450788158.xml,BLUS,Go South Coast,Go South Coast 4008 Inbound,Southampton - Hythe,price_band_1.0@AdultSingle,1.0
BLUS_4017_Inbound_AdultSingle_a9f4b9e2-e9ea-4456-80e3-47fe03b77367_639196402031001410.xml,BLUS,Go South Coast,Go South Coast 4017 Inbound,Weston - Adanac Park,price_band_2.6@AdultSingle,2.6
SVCT_5411_Inbound_AdultReturn_3671b4f4-9506-487f-90cc-04a86e0aac39_639196405821318399.xml,SVCT,Go South Coast,Go South Coast 5411 Inbound,Cowes - Newport [N1],price_band_6.0@AdultReturn,6.0
TDTR_7146_Inbound_AdultSingle_a9f4b9e2-e9ea-4456-80e3-47fe03b77367_639196409009778914.xml,TDTR,Go South Coast,Go South Coast 7146 Inbound,Swindon - Hungerford,price_band_2.9@AdultSingle,2.9
WDBC_8409_Outbound_AdultSingle_a9f4b9e2-e9ea-4456-80e3-47fe03b77367_639196410420358607.xml,WDBC,Go South Coast,Go South Coast 8409 Outbound,Lyndhurst - Exbury GREEN,price_band_4.3@AdultSingle,4.3
WDBC_2176_Outbound_ChildReturn_a9f4b9e2-e9ea-4456-80e3-47fe03b77367_639196386614618914.xml,WDBC,Go South Coast,Go South Coast 2176 Outbound,Christchurch - Ringwood,price_band_4.6@ChildReturn,4.6
WDBC_1003_Outbound_ChildSingle_2f1f0c04-770d-4707-ab06-213c5a798ad7_639196370485563140.xml,WDBC,Go South Coast,Go South Coast 1003 Outbound,Poole - Wimborne,price_band_2.3@ChildSingle,2.3
TDTR_7536_Inbound_ChildSingle_a9f4b9e2-e9ea-4456-80e3-47fe03b77367_639196409861006364.xml,TDTR,Go South Coast,Go South Coast 7536 Inbound,Stanford In The Vale - Shrivenham,price_band_5.2@ChildSingle,5.2
WDBC_1806_Inbound_ChildSingle_a9f4b9e2-e9ea-4456-80e3-47fe03b77367_639196379870848354.xml,WDBC,Go South Coast,Go South Coast 1806 Inbound,Bournemouth - Wimborne,price_band_3.0@ChildSingle,3.0
SWWD_3519_Outbound_ChildReturn_a9f4b9e2-e9ea-4456-80e3-47fe03b77367_639196399474844920.xml,SWWD,Go South Coast,Go South Coast 3519 Outbound,Milford Street - New Canal,price_band_3.6@ChildReturn,3.6
WDBC_1038_Outbound_AdultReturn_a9f4b9e2-e9ea-4456-80e3-47fe03b77367_639196374702209593.xml,WDBC,Go South Coast,Go South Coast 1038 Outbound,Ferndown - Ringwood,price_band_6.0@AdultReturn,6.0
DAMY_3183_Outbound_AdultSingle_a9f4b9e2-e9ea-4456-80e3-47fe03b77367_639196393896036878.xml,DAMY,Go South Coast,Go South Coast 3183 Outbound,Blandford - Weymouth,price_band_2.7@AdultSingle,2.7
WDBC_1005_Inbound_ChildSingle_a9f4b9e2-e9ea-4456-80e3-47fe03b77367_639196370518890687.xml,WDBC,Go South Coast,Go South Coast 1005 Inbound,Poole - Tower Park,price_band_1.9@ChildSingle,1.9
TDTR_7536_Outbound_AdultReturn_a9f4b9e2-e9ea-4456-80e3-47fe03b77367_639196409874713747.xml,TDTR,Go South Coast,Go South Coast 7536 Outbound,Stanford In The Vale - Shrivenham,price_band_8.3@AdultReturn,8.3
SWWD_3325_Inbound_AdultReturn_a9f4b9e2-e9ea-4456-80e3-47fe03b77367_639196394820782745.xml,SWWD,Go South Coast,Go South Coast 3325 Inbound,South Wilts Grammar School - Hindon,price_band_6.0@AdultReturn,6.0
TDTR_7146_Inbound_AdultSingle_a9f4b9e2-e9ea-4456-80e3-47fe03b77367_639196409009778914.xml,TDTR,Go South Coast,Go South Coast 7146 Inbound,Swindon - Hungerford,price_band_1.5@AdultSingle,1.5
TDTR_3620_Inbound_YoungPersonRtn_a9f4b9e2-e9ea-4456-80e3-47fe03b77367_639196399611303455.xml,TDTR,Go South Coast,Go South Coast 3620 Inbound,Hungerford Priory  - St Johns Sch,price_band_2.4@YoungPersonRtn,2.4
WDBC_1806_Outbound_AdultSingle_a9f4b9e2-e9ea-4456-80e3-47fe03b77367_639196379934140419.xml,WDBC,Go South Coast,Go South Coast 1806 Outbound,Bournemouth - Wimborne,price_band_2.3@AdultSingle,2.3
WDBC_6943_Inbound_AdultSingle_a9f4b9e2-e9ea-4456-80e3-47fe03b77367_639196407859927538.xml,WDBC,Go South Coast,Go South Coast 6943 Inbound,Lulworth - Weymouth,price_band_3.0@AdultSingle,3.0
SWWD_3517_Outbound_ChildReturn_a9f4b9e2-e9ea-4456-80e3-47fe03b77367_639196399402190465.xml,SWWD,Go South Coast,Go South Coast 3517 Outbound,New Canal  - Lopcombe Corner,price_band_4.9@ChildReturn,4.9
WDBC_1903_Inbound_ChildSingle_d46597a9-440e-4c13-b49a-76a3986683d1_639196383271165900.xml,WDBC,Go South Coast,Go South Coast 1903 Inbound,Poole - Wimborne,price_band_3.0@ChildSingle,3.0
WDBC_2777_Inbound_ChildSingle_a9f4b9e2-e9ea-4456-80e3-47fe03b77367_639196387539946653.xml,WDBC,Go South Coast,Go South Coast 2777 Inbound,New Forest Drive - Lymington,price_band_2.9@ChildSingle,2.9
SWWD_3525_Inbound_AdultReturn_a9f4b9e2-e9ea-4456-80e3-47fe03b77367_639196399487608567.xml,SWWD,Go South Coast,Go South Coast 3525 Inbound,City Centre - Petersfinger Park & Ride,price_band_4.2@AdultReturn,4.2
BLUS_2627_Inbound_AdultReturn_a9f4b9e2-e9ea-4456-80e3-47fe03b77367_639196387375365629.xml,BLUS,Go South Coast,Go South Coast 2627 Inbound,Totton - Marchwood,price_band_7.9@AdultReturn,7.9
BLUS_4018_Inbound_ChildSingle_a9f4b9e2-e9ea-4456-80e3-47fe03b77367_639196402139969461.xml,BLUS,Go South Coast,Go South Coast 4018 Inbound,Millbrook - Thornhill,price_band_2.1@ChildSingle,2.1
WDBC_6415_Outbound_AdultReturn_a9f4b9e2-e9ea-4456-80e3-47fe03b77367_639196406537134513.xml,WDBC,Go South Coast,Go South Coast 6415 Outbound,St Anns Hospital - Poole Grammar School,price_band_3.8@AdultReturn,3.8
SWWD_3325_Outbound_ChildSingle_a9f4b9e2-e9ea-4456-80e3-47fe03b77367_639196394977169430.xml,SWWD,Go South Coast,Go South Coast 3325 Outbound,South Wilts Grammar School - Hindon,price_band_3.0@ChildSingle,3.0
TDTR_7063_Inbound_AdultSingle_a9f4b9e2-e9ea-4456-80e3-47fe03b77367_639196408630731091.xml,TDTR,Go South Coast,Go South Coast 7063 Inbound,Town Centre - Eldene,price_band_3.0@AdultSingle,3.0
SWWD_3325_Outbound_AdultReturn_a9f4b9e2-e9ea-4456-80e3-47fe03b77367_639196394959413919.xml,SWWD,Go South Coast,Go South Coast 3325 Outbound,South Wilts Grammar School - Hindon,price_band_4.9@AdultReturn,4.9
WDBC_1006_Outbound_ChildReturn_a9f4b9e2-e9ea-4456-80e3-47fe03b77367_639196370825716942.xml,WDBC,Go South Coast,Go South Coast 1006 Outbound,Poole - Tower Park,price_band_2.8@ChildReturn,2.8
SWWD_3044_Inbound_ChildSingle_a9f4b9e2-e9ea-4456-80e3-47fe03b77367_639196391667798972.xml,SWWD,Go South Coast,Go South Coast 3044 Inbound,Salisbury - Woodfalls,price_band_3.0@ChildSingle,3.0
WDBC_2001_Outbound_ChildSingle_a9f4b9e2-e9ea-4456-80e3-47fe03b77367_639196384755784352.xml,WDBC,Go South Coast,Go South Coast 2001 Outbound,Bournemouth - Lymington,price_band_2.1@ChildSingle,2.1
DAMY_6307_Inbound_AdultReturn_a9f4b9e2-e9ea-4456-80e3-47fe03b77367_639196406421197807.xml,DAMY,Go South Coast,Go South Coast 6307 Inbound,Blandford - Shaftesbury,price_band_4.8@AdultReturn,4.8
SVCT_5272_Outbound_YoungAdSingle_a9f4b9e2-e9ea-4456-80e3-47fe03b77367_639196405692051472.xml,SVCT,Go South Coast,Go South Coast 5272 Outbound,Ryde - Ventnor,price_band_3.0@YoungAdSingle,3.0
WDBC_8600_Outbound_ChildReturn_a9f4b9e2-e9ea-4456-80e3-47fe03b77367_639196410831354375.xml,WDBC,Go South Coast,Go South Coast 8600 Outbound,Kings Park - Boscombe Pier,price_band_1.0@ChildReturn,1.0
SWWD_3881_Outbound_AdultReturn_a9f4b9e2-e9ea-4456-80e3-47fe03b77367_639196400602662314.xml,SWWD,Go South Coast,Go South Coast 3881 Outbound,Wilton Road  - Burgate School,price_band_4.3@AdultReturn,4.3
WDBC_1789_Inbound_AdultSingle_a9f4b9e2-e9ea-4456-80e3-47fe03b77367_639196379307254639.xml,WDBC,Go South Coast,Go South Coast 1789 Inbound,Bournemouth School for Girls - Lymington,price_band_4.4@AdultSingle,4.4
WDBC_1836_Inbound_AdultReturn_a9f4b9e2-e9ea-4456-80e3-47fe03b77367_639196381768682596.xml,WDBC,Go South Coast,Go South Coast 1836 Inbound,Talbot View - Kinson,price_band_4.8@AdultReturn,4.8
TDTR_7824_Inbound_ChildSingle_a9f4b9e2-e9ea-4456-80e3-47fe03b77367_639196410190720421.xml,TDTR,Go South Coast,Go South Coast 7824 Inbound,Wanborough (Lotmead Farm) - Ridgeway School,price_band_3.3@ChildSingle,3.3
WDBC_6416_Inbound_ChildReturn_a9f4b9e2-e9ea-4456-80e3-47fe03b77367_639196406612122695.xml,WDBC,Go South Coast,Go South Coast 6416 Inbound,Penn Hill Avenue  - Poole Grammar School,price_band_2.1@ChildReturn,2.1
BLUS_4015_Outbound_AdultReturn_a9f4b9e2-e9ea-4456-80e3-47fe03b77367_639196401947102480.xml,BLUS,Go South Coast,Go South Coast 4015 Outbound,Central Station - Hamble,price_band_5.1@AdultReturn,5.1
SWWD_3883_Outbound_ChildSingle_a9f4b9e2-e9ea-4456-80e3-47fe03b77367_639196400701528975.xml,SWWD,Go South Coast,Go South Coast 3883 Outbound,Bishopdown Farm  - Burgate School,price_band_3.0@ChildSingle,3.0
TDTR_7063_Outbound_AdultSingle_a9f4b9e2-e9ea-4456-80e3-47fe03b77367_639196408637125705.xml,TDTR,Go South Coast,Go South Coast 7063 Outbound,Town Centre - Eldene,price_band_2.2@AdultSingle,2.2
WDBC_1841_Inbound_AdultReturn_a9f4b9e2-e9ea-4456-80e3-47fe03b77367_639196382010911942.xml,WDBC,Go South Coast,Go South Coast 1841 Inbound,Bournemouth - Mudeford and Somerford,price_band_4.5@AdultReturn,4.5
SWWD_3266_Outbound_ChildSingle_a9f4b9e2-e9ea-4456-80e3-47fe03b77367_639196394182434664.xml,SWWD,Go South Coast,Go South Coast 3266 Outbound,South Wilts Grammar School - Idmiston,price_band_3.0@ChildSingle,3.0
WDBC_6448_Inbound_AdultReturn_a9f4b9e2-e9ea-4456-80e3-47fe03b77367_639196406841589346.xml,WDBC,Go South Coast,Go South Coast 6448 Inbound,Furnell Road - Parkstone Grammar,price_band_3.8@AdultReturn,3.8
WDBC_2956_Outbound_AdultReturn_a9f4b9e2-e9ea-4456-80e3-47fe03b77367_639196389767600797.xml,WDBC,Go South Coast,Go South Coast 2956 Outbound,Ringwood - Bournemouth,price_band_4.7@AdultReturn,4.7
UNIL_4719_Inbound_ChildSingle_f15d1b06-486f-433a-8991-95f1a97a87e0_639196403276649007.xml,UNIL,Go South Coast,Go South Coast 4719 Inbound,General Hospital - Townhill Park,price_band_1.0@ChildSingle,1.0
TDTR_7048_Inbound_YoungPersonSgl_a9f4b9e2-e9ea-4456-80e3-47fe03b77367_639196408509073306.xml,TDTR,Go South Coast,Go South Coast 7048 Inbound,Swindon - Marlborough,price_band_2.4@YoungPersonSgl,2.4
WDBC_1017_Outbound_ChildSingle_2f1f0c04-770d-4707-ab06-213c5a798ad7_639196373107556428.xml,WDBC,Go South Coast,Go South Coast 1017 Outbound,Poole - Bournemouth,price_band_1.0@ChildSingle,1.0
WDBC_1833_Inbound_ChildSingle_a9f4b9e2-e9ea-4456-80e3-47fe03b77367_639196381598838673.xml,WDBC,Go South Coast,Go South Coast 1833 Inbound,Alum Chine - Castlepoint,price_band_2.2@ChildSingle,2.2
SWWD_3206_Outbound_ChildReturn_a9f4b9e2-e9ea-4456-80e3-47fe03b77367_639196394037095458.xml,SWWD,Go South Coast,Go South Coast 3206 Outbound,Allington - Blue Boar Row,price_band_4.5@ChildReturn,4.5
SWWD_3517_Inbound_ChildReturn_a9f4b9e2-e9ea-4456-80e3-47fe03b77367_639196399351674273.xml,SWWD,Go South Coast,Go South Coast 3517 Inbound,New Canal  - Lopcombe Corner,price_band_3.6@ChildReturn,3.6
SWWD_3166_Outbound_ChildReturn_a9f4b9e2-e9ea-4456-80e3-47fe03b77367_639196393710875224.xml,SWWD,Go South Coast,Go South Coast 3166 Outbound,South Wilts Grammar School - Idmiston,price_band_4.5@ChildReturn,4.5
SVCT_5103_Inbound_ChildSingle_a9f4b9e2-e9ea-4456-80e3-47fe03b77367_639196404851672867.xml,SVCT,Go South Coast,Go South Coast 5103 Inbound,Ryde  - Newport,price_band_1.8@ChildSingle,1.8
WDBC_1401_Inbound_ChildSingle_a9f4b9e2-e9ea-4456-80e3-47fe03b77367_639196378675874139.xml,WDBC,Go South Coast,Go South Coast 1401 Inbound,Poole High - Branksome,price_band_2.1@ChildSingle,2.1
TDTR_7042_Inbound_ChildSingle_a9f4b9e2-e9ea-4456-80e3-47fe03b77367_639196408272961852.xml,TDTR,Go South Coast,Go South Coast 7042 Inbound,Calne - St John's School,price_band_1.0@ChildSingle,1.0
WDBC_1786_Inbound_AdultReturn_a9f4b9e2-e9ea-4456-80e3-47fe03b77367_639196379188296229.xml,WDBC,Go South Coast,Go South Coast 1786 Inbound,Park Gates - Bournemouth School for Girls,price_band_3.7@AdultReturn,3.7
WDBC_2953_Inbound_ChildSingle_a9f4b9e2-e9ea-4456-80e3-47fe03b77367_639196388808872945.xml,WDBC,Go South Coast,Go South Coast 2953 Inbound,Salisbury - Ringwood,price_band_2.8@ChildSingle,2.8
WDBC_2401_Inbound_ChildSingle_a9f4b9e2-e9ea-4456-80e3-47fe03b77367_639196386955612192.xml,WDBC,Go South Coast,Go South Coast 2401 Inbound,Verwood - Ferndown Upper,price_band_3.5@ChildSingle,3.5
WDBC_1013_Outbound_ChildSingle_2f1f0c04-770d-4707-ab06-213c5a798ad7_639196371605999149.xml,WDBC,Go South Coast,Go South Coast 1013 Outbound,Bournemouth - Wimborne,price_band_1.0@ChildSingle,1.0
SWWD_3302_Outbound_ChildSingle_a9f4b9e2-e9ea-4456-80e3-47fe03b77367_639196394371445611.xml,SWWD,Go South Coast,Go South Coast 3302 Outbound,City Centre - Bishopdown,price_band_1.9@ChildSingle,1.9
WDBC_1054_Inbound_AdultSingle_a9f4b9e2-e9ea-4456-80e3-47fe03b77367_639196376485727352.xml,WDBC,Go South Coast,Go South Coast 1054 Inbound,Poole - Wimborne,price_band_3.0@AdultSingle,3.0
DAMY_6307_Inbound_AdultSingle_a9f4b9e2-e9ea-4456-80e3-47fe03b77367_639196406407713068.xml,DAMY,Go South Coast,Go South Coast 6307 Inbound,Blandford - Shaftesbury,price_band_2.5@AdultSingle,2.5
TDTR_7042_Inbound_ChildSingle_a9f4b9e2-e9ea-4456-80e3-47fe03b77367_639196408272961852.xml,TDTR,Go South Coast,Go South Coast 7042 Inbound,Calne - St John's School,price_band_1.8@ChildSingle,1.8
WDBC_2219_Inbound_ChildReturn_a9f4b9e2-e9ea-4456-80e3-47fe03b77367_639196386912029581.xml,WDBC,Go South Coast,Go South Coast 2219 Inbound,Lymington  - New Milton,price_band_2.9@ChildReturn,2.9
WDBC_1950_Outbound_ChildSingle_d46597a9-440e-4c13-b49a-76a3986683d1_639196384069041292.xml,WDBC,Go South Coast,Go South Coast 1950 Outbound,Bournemouth - Swanage,price_band_3.0@ChildSingle,3.0
BLUS_3635_Outbound_AdultSingle_a9f4b9e2-e9ea-4456-80e3-47fe03b77367_639196399726432687.xml,BLUS,Go South Coast,Go South Coast 3635 Outbound,Romsey - Ampfield,price_band_2.5@AdultSingle,2.5
SWWD_3137_Inbound_AdultReturn_a9f4b9e2-e9ea-4456-80e3-47fe03b77367_639196393354070530.xml,SWWD,Go South Coast,Go South Coast 3137 Inbound,Salisbury - West Dean,price_band_5.8@AdultReturn,5.8
TDTR_7540_Inbound_AdultSingle_a9f4b9e2-e9ea-4456-80e3-47fe03b77367_639196409962933628.xml,TDTR,Go South Coast,Go South Coast 7540 Inbound,Lydiard Millicent - Cirencester College,price_band_5.2@AdultSingle,5.2
WDBC_6671_Outbound_ChildSingle_a9f4b9e2-e9ea-4456-80e3-47fe03b77367_639196407255551212.xml,WDBC,Go South Coast,Go South Coast 6671 Outbound,Albert Road - Alderney West,price_band_1.9@ChildSingle,1.9
WDBC_6448_Outbound_ChildSingle_a9f4b9e2-e9ea-4456-80e3-47fe03b77367_639196406886163468.xml,WDBC,Go South Coast,Go South Coast 6448 Outbound,Furnell Road - Parkstone Grammar,price_band_2.1@ChildSingle,2.1
SVCT_8505_Outbound_ChildSingle_a9f4b9e2-e9ea-4456-80e3-47fe03b77367_639196410729291903.xml,SVCT,Go South Coast,Go South Coast 8505 Outbound,Shanklin - Shuttle,price_band_3.1@ChildSingle,3.1
SWWD_3002_Outbound_ChildSingle_a9f4b9e2-e9ea-4456-80e3-47fe03b77367_639196390466834568.xml,SWWD,Go South Coast,Go South Coast 3002 Outbound,Salisbury - Devizes,price_band_3.0@ChildSingle,3.0
WDBC_1114_Outbound_ChildSingle_2f1f0c04-770d-4707-ab06-213c5a798ad7_639196378017054223.xml,WDBC,Go South Coast,Go South Coast 1114 Outbound,Poole - RB Hospital,price_band_1.0@ChildSingle,1.0
BLUS_4013_Inbound_ChildReturn_a9f4b9e2-e9ea-4456-80e3-47fe03b77367_639196401799368501.xml,BLUS,Go South Coast,Go South Coast 4013 Inbound,Southampton - Harefield,price_band_2.6@ChildReturn,2.6
SWWD_3310_Inbound_ChildReturn_a9f4b9e2-e9ea-4456-80e3-47fe03b77367_639196394665970350.xml,SWWD,Go South Coast,Go South Coast 3310 Inbound,City Centre - St Peters Place,price_band_2.5@ChildReturn,2.5
BLUS_4024_Inbound_ChildSingle_a9f4b9e2-e9ea-4456-80e3-47fe03b77367_639196402448151475.xml,BLUS,Go South Coast,Go South Coast 4024 Inbound,Eastleigh - Hedge End,price_band_2.5@ChildSingle,2.5
WDBC_1017_Outbound_AdultSingle_d46597a9-440e-4c13-b49a-76a3986683d1_639196373085015509.xml,WDBC,Go South Coast,Go South Coast 1017 Outbound,Poole - Bournemouth,price_band_1.0@AdultSingle,1.0
SVCT_5151_Inbound_YoungAdSingle_a9f4b9e2-e9ea-4456-80e3-47fe03b77367_639196405472590189.xml,SVCT,Go South Coast,Go South Coast 5151 Inbound,Enterprise College - Newport,price_band_2.4@YoungAdSingle,2.4
SWWD_3008_Inbound_AdultSingle_a9f4b9e2-e9ea-4456-80e3-47fe03b77367_639196390599674762.xml,SWWD,Go South Coast,Go South Coast 3008 Inbound,Salisbury - Zouch Estate,price_band_2.4@AdultSingle,2.4
BLUS_4026_Inbound_ChildSingle_a9f4b9e2-e9ea-4456-80e3-47fe03b77367_639196402501628915.xml,BLUS,Go South Coast,Go South Coast 4026 Inbound,Southampton - Whiteley,price_band_2.1@ChildSingle,2.1
WDBC_1644_Inbound_ChildSingle_2f1f0c04-770d-4707-ab06-213c5a798ad7_639196378954475212.xml,WDBC,Go South Coast,Go South Coast 1644 Inbound,Westbourne - Talbot Campus,price_band_1.0@ChildSingle,1.0
SWWD_3125_Inbound_AdultReturn_a9f4b9e2-e9ea-4456-80e3-47fe03b77367_639196392784009675.xml,SWWD,Go South Coast,Go South Coast 3125 Inbound,South Wilts Grammar School - Hindon,price_band_5.4@AdultReturn,5.4
WDBC_1013_Outbound_AdultSingle_d46597a9-440e-4c13-b49a-76a3986683d1_639196371573859493.xml,WDBC,Go South Coast,Go South Coast 1013 Outbound,Bournemouth - Wimborne,price_band_3.0@AdultSingle,3.0
WDBC_1054_Inbound_ChildSingle_d46597a9-440e-4c13-b49a-76a3986683d1_639196376593709307.xml,WDBC,Go South Coast,Go South Coast 1054 Inbound,Poole - Wimborne,price_band_2.2@ChildSingle,2.2
WDBC_2001_Outbound_ChildReturn_a9f4b9e2-e9ea-4456-80e3-47fe03b77367_639196384725076307.xml,WDBC,Go South Coast,Go South Coast 2001 Outbound,Bournemouth - Lymington,price_band_4.2@ChildReturn,4.2
WDBC_1040_Outbound_AdultSingle_d46597a9-440e-4c13-b49a-76a3986683d1_639196375359675012.xml,WDBC,Go South Coast,Go South Coast 1040 Outbound,Swanage - Poole,price_band_3.0@AdultSingle,3.0
SVCT_5249_Inbound_YoungAdSingle_a9f4b9e2-e9ea-4456-80e3-47fe03b77367_639196405544879470.xml,SVCT,Go South Coast,Go South Coast 5249 Inbound,Ryde - Newport,price_band_2.4@YoungAdSingle,2.4
SWWD_3533_Inbound_ChildReturn_a9f4b9e2-e9ea-4456-80e3-47fe03b77367_639196399578633562.xml,SWWD,Go South Coast,Go South Coast 3533 Inbound,Dinton - City Centre,price_band_2.7@ChildReturn,2.7
WDBC_1886_Inbound_AdultSingle_a9f4b9e2-e9ea-4456-80e3-47fe03b77367_639196382776012904.xml,WDBC,Go South Coast,Go South Coast 1886 Inbound,Corfe Mullen - St Peters School,price_band_3.4@AdultSingle,3.4
WDBC_1170_Outbound_AdultReturn_a9f4b9e2-e9ea-4456-80e3-47fe03b77367_639196378445188342.xml,WDBC,Go South Coast,Go South Coast 1170 Outbound,Rockley Park - Hengistbury Head,price_band_4.5@AdultReturn,4.5
TDTR_7048_Inbound_ChildReturn_a9f4b9e2-e9ea-4456-80e3-47fe03b77367_639196408499728756.xml,TDTR,Go South Coast,Go South Coast 7048 Inbound,Swindon - Marlborough,price_band_2.8@ChildReturn,2.8
WDBC_2618_Inbound_AdultSingle_a9f4b9e2-e9ea-4456-80e3-47fe03b77367_639196387226189113.xml,WDBC,Go South Coast,Go South Coast 2618 Inbound,Cooper Dean - Brockenhurst College,price_band_6.0@AdultSingle,6.0
SWWD_2615_Outbound_AdultSingle_a9f4b9e2-e9ea-4456-80e3-47fe03b77367_639196387187302723.xml,SWWD,Go South Coast,Go South Coast 2615 Outbound,Salisbury  - Brockenhurst College,price_band_4.0@AdultSingle,4.0
TDTR_7156_Inbound_AdultSingle_a9f4b9e2-e9ea-4456-80e3-47fe03b77367_639196409290609839.xml,TDTR,Go South Coast,Go South Coast 7156 Inbound,Snodshill - Ridgeway School,price_band_3.1@AdultSingle,3.1
WDBC_1054_Outbound_ChildSingle_a9f4b9e2-e9ea-4456-80e3-47fe03b77367_639196376668519897.xml,WDBC,Go South Coast,Go South Coast 1054 Outbound,Poole - Wimborne,price_band_2.8@ChildSingle,2.8
SWWD_3012_Inbound_ChildReturn_a9f4b9e2-e9ea-4456-80e3-47fe03b77367_639196391242478334.xml,SWWD,Go South Coast,Go South Coast 3012 Inbound,Salisbury - Stratford,price_band_3.6@ChildReturn,3.6
WDBC_2618_Outbound_AdultSingle_a9f4b9e2-e9ea-4456-80e3-47fe03b77367_639196387257164916.xml,WDBC,Go South Coast,Go South Coast 2618 Outbound,Cooper Dean - Brockenhurst College,price_band_2.8@AdultSingle,2.8
BLUS_4026_Outbound_ChildSingle_a9f4b9e2-e9ea-4456-80e3-47fe03b77367_639196402530429469.xml,BLUS,Go South Coast,Go South Coast 4026 Outbound,Southampton - Whiteley,price_band_2.5@ChildSingle,2.5
SWWD_3326_Inbound_ChildReturn_a9f4b9e2-e9ea-4456-80e3-47fe03b77367_639196395157852986.xml,SWWD,Go South Coast,Go South Coast 3326 Inbound,Salisbury - Hindon,price_band_3.2@ChildReturn,3.2
SWWD_3886_Outbound_ChildSingle_a9f4b9e2-e9ea-4456-80e3-47fe03b77367_639196400895237132.xml,SWWD,Go South Coast,Go South Coast 3886 Outbound,St Peters Place  - Burgate School,price_band_2.2@ChildSingle,2.2
SWWD_3312_Outbound_ChildReturn_a9f4b9e2-e9ea-4456-80e3-47fe03b77367_639196394729817652.xml,SWWD,Go South Coast,Go South Coast 3312 Outbound,City Centre - Bishopdown Farm,price_band_3.6@ChildReturn,3.6
SWWD_7201_Inbound_ChildSingle_a9f4b9e2-e9ea-4456-80e3-47fe03b77367_639196409621895930.xml,SWWD,Go South Coast,Go South Coast 7201 Inbound,Figheldean - Salisbury,price_band_2.7@ChildSingle,2.7
WDBC_6672_Outbound_ChildSingle_a9f4b9e2-e9ea-4456-80e3-47fe03b77367_639196407285643885.xml,WDBC,Go South Coast,Go South Coast 6672 Outbound,Albert Road - Bloxworth,price_band_2.2@ChildSingle,2.2
SWWD_3303_Outbound_ChildReturn_a9f4b9e2-e9ea-4456-80e3-47fe03b77367_639196394453251173.xml,SWWD,Go South Coast,Go South Coast 3303 Outbound,City Centre - Ditchampton,price_band_3.8@ChildReturn,3.8
WDBC_1010_Outbound_AdultReturn_a9f4b9e2-e9ea-4456-80e3-47fe03b77367_639196370931329305.xml,WDBC,Go South Coast,Go South Coast 1010 Outbound,Poole - Lytchett Matravers,price_band_4.2@AdultReturn,4.2
WDBC_1788_Inbound_ChildReturn_a9f4b9e2-e9ea-4456-80e3-47fe03b77367_639196379244026628.xml,WDBC,Go South Coast,Go South Coast 1788 Inbound,Walkford - Bournemouth School for Girls,price_band_3.1@ChildReturn,3.1
BLUS_4026_Outbound_ChildReturn_a9f4b9e2-e9ea-4456-80e3-47fe03b77367_639196402541394729.xml,BLUS,Go South Coast,Go South Coast 4026 Outbound,Southampton - Whiteley,price_band_2.6@ChildReturn,2.6
WDBC_1005_Inbound_AdultSingle_a9f4b9e2-e9ea-4456-80e3-47fe03b77367_639196370499847221.xml,WDBC,Go South Coast,Go South Coast 1005 Inbound,Poole - Tower Park,price_band_3.0@AdultSingle,3.0
SWWD_3210_Inbound_AdultSingle_a9f4b9e2-e9ea-4456-80e3-47fe03b77367_639196394058378877.xml,SWWD,Go South Coast,Go South Coast 3210 Inbound,City Centre - St Peters Place,price_band_3.0@AdultSingle,3.0
SWWD_3507_Outbound_ChildReturn_a9f4b9e2-e9ea-4456-80e3-47fe03b77367_639196399057037481.xml,SWWD,Go South Coast,Go South Coast 3507 Outbound,City Centre - Lopcombe Corner,price_band_2.5@ChildReturn,2.5
WDBC_1841_Inbound_ChildSingle_a9f4b9e2-e9ea-4456-80e3-47fe03b77367_639196381990492504.xml,WDBC,Go South Coast,Go South Coast 1841 Inbound,Bournemouth - Mudeford and Somerford,price_band_2.8@ChildSingle,2.8
WDBC_2001_Inbound_AdultReturn_a9f4b9e2-e9ea-4456-80e3-47fe03b77367_639196384273526245.xml,WDBC,Go South Coast,Go South Coast 2001 Inbound,Bournemouth - Lymington,price_band_6.0@AdultReturn,6.0
SWWD_3303_Outbound_AdultSingle_a9f4b9e2-e9ea-4456-80e3-47fe03b77367_639196394428975298.xml,SWWD,Go South Coast,Go South Coast 3303 Outbound,City Centre - Ditchampton,price_band_3.0@AdultSingle,3.0
SWWD_3645_Inbound_ChildReturn_a9f4b9e2-e9ea-4456-80e3-47fe03b77367_639196399792578213.xml,SWWD,Go South Coast,Go South Coast 3645 Inbound,Stratford Road Grammar School - Hamptworth Cuckoo,price_band_2.6@ChildReturn,2.6
TDTR_7546_Outbound_AdultSingle_a9f4b9e2-e9ea-4456-80e3-47fe03b77367_639196410049245599.xml,TDTR,Go South Coast,Go South Coast 7546 Outbound,Shrivenham - Cirencester College,price_band_5.2@AdultSingle,5.2
BLUS_4020_Inbound_ChildSingle_eed5e2e8-c472-41af-825e-db09ec887334_639196402303763996.xml,BLUS,Go South Coast,Go South Coast 4020 Inbound,Southampton - Townhill Park,price_band_1.0@ChildSingle,1.0
WDBC_1013_Outbound_AdultSingle_d46597a9-440e-4c13-b49a-76a3986683d1_639196371573859493.xml,WDBC,Go South Coast,Go South Coast 1013 Outbound,Bournemouth - Wimborne,price_band_2.3@AdultSingle,2.3
SWWD_3517_Inbound_ChildSingle_a9f4b9e2-e9ea-4456-80e3-47fe03b77367_639196399341524525.xml,SWWD,Go South Coast,Go South Coast 3517 Inbound,New Canal  - Lopcombe Corner,price_band_2.2@ChildSingle,2.2
SWWD_3645_Inbound_ChildReturn_a9f4b9e2-e9ea-4456-80e3-47fe03b77367_639196399792578213.xml,SWWD,Go South Coast,Go South Coast 3645 Inbound,Stratford Road Grammar School - Hamptworth Cuckoo,price_band_2.5@ChildReturn,2.5
BLUS_4007_Inbound_ChildSingle_eed5e2e8-c472-41af-825e-db09ec887334_639196401357333304.xml,BLUS,Go South Coast,Go South Coast 4007 Inbound,Lordshill - Sholing,price_band_1.0@ChildSingle,1.0
WDBC_2906_Inbound_AdultSingle_a9f4b9e2-e9ea-4456-80e3-47fe03b77367_639196387599907148.xml,WDBC,Go South Coast,Go South Coast 2906 Inbound,Poole - Ringwood,price_band_2.6@AdultSingle,2.6
SWWD_3087_Outbound_AdultReturn_a9f4b9e2-e9ea-4456-80e3-47fe03b77367_639196391795225168.xml,SWWD,Go South Coast,Go South Coast 3087 Outbound,South Wilts Grammar School - Lopcombe Corner,price_band_6.0@AdultReturn,6.0
WDBC_1114_Outbound_ChildReturn_a9f4b9e2-e9ea-4456-80e3-47fe03b77367_639196377927570496.xml,WDBC,Go South Coast,Go South Coast 1114 Outbound,Poole - RB Hospital,price_band_3.4@ChildReturn,3.4
SWWD_3457_Inbound_ChildReturn_a9f4b9e2-e9ea-4456-80e3-47fe03b77367_639196398044057066.xml,SWWD,Go South Coast,Go South Coast 3457 Inbound,Salisbury - Southampton,price_band_4.9@ChildReturn,4.9
WDBC_2112_Inbound_AdultSingle_a9f4b9e2-e9ea-4456-80e3-47fe03b77367_639196386290708807.xml,WDBC,Go South Coast,Go South Coast 2112 Inbound,Hythe - Lymington,price_band_3.0@AdultSingle,3.0
WDBC_6416_Outbound_ChildSingle_a9f4b9e2-e9ea-4456-80e3-47fe03b77367_639196406660001858.xml,WDBC,Go South Coast,Go South Coast 6416 Outbound,Penn Hill Avenue  - Poole Grammar School,price_band_2.1@ChildSingle,2.1
WDBC_1908_Outbound_AdultSingle_a9f4b9e2-e9ea-4456-80e3-47fe03b77367_639196383467203334.xml,WDBC,Go South Coast,Go South Coast 1908 Outbound,Poole - Blandford,price_band_3.0@AdultSingle,3.0
SWWD_3325_Inbound_ChildReturn_a9f4b9e2-e9ea-4456-80e3-47fe03b77367_639196394859392639.xml,SWWD,Go South Coast,Go South Coast 3325 Inbound,South Wilts Grammar School - Hindon,price_band_6.0@ChildReturn,6.0
WDBC_1831_Inbound_ChildReturn_a9f4b9e2-e9ea-4456-80e3-47fe03b77367_639196381172420581.xml,WDBC,Go South Coast,Go South Coast 1831 Inbound,Bournemouth - Hunt Road and Somerford,price_band_3.1@ChildReturn,3.1
WDBC_1114_Outbound_AdultSingle_a9f4b9e2-e9ea-4456-80e3-47fe03b77367_639196377839210680.xml,WDBC,Go South Coast,Go South Coast 1114 Outbound,Poole - RB Hospital,price_band_2.6@AdultSingle,2.6
TDTR_7148_Outbound_YoungPersonSgl_a9f4b9e2-e9ea-4456-80e3-47fe03b77367_639196409228185458.xml,TDTR,Go South Coast,Go South Coast 7148 Outbound,Swindon - Marlborough,price_band_2.4@YoungPersonSgl,2.4
WDBC_2906_Outbound_AdultReturn_a9f4b9e2-e9ea-4456-80e3-47fe03b77367_639196388155131611.xml,WDBC,Go South Coast,Go South Coast 2906 Outbound,Poole - Ringwood,price_band_6.0@AdultReturn,6.0
SVCT_5257_Outbound_ChildSingle_a9f4b9e2-e9ea-4456-80e3-47fe03b77367_639196405570031007.xml,SVCT,Go South Coast,Go South Coast 5257 Outbound,Freshwater - Cowes,price_band_2.4@ChildSingle,2.4
WDBC_2906_Outbound_ChildSingle_d46597a9-440e-4c13-b49a-76a3986683d1_639196388617865658.xml,WDBC,Go South Coast,Go South Coast 2906 Outbound,Poole - Ringwood,price_band_3.0@ChildSingle,3.0
SWWD_3126_Outbound_AdultSingle_a9f4b9e2-e9ea-4456-80e3-47fe03b77367_639196393235980758.xml,SWWD,Go South Coast,Go South Coast 3126 Outbound,Salisbury - Hindon,price_band_2.3@AdultSingle,2.3
WDBC_2003_Inbound_AdultReturn_a9f4b9e2-e9ea-4456-80e3-47fe03b77367_639196385669687617.xml,WDBC,Go South Coast,Go South Coast 2003 Inbound,Salisbury - Bournemouth,price_band_5.1@AdultReturn,5.1
SWWD_3311_Inbound_ChildReturn_a9f4b9e2-e9ea-4456-80e3-47fe03b77367_639196394722371011.xml,SWWD,Go South Coast,Go South Coast 3311 Inbound,Coronation Road - Ditchampton,price_band_3.8@ChildReturn,3.8
DAMY_3183_Outbound_ChildReturn_a9f4b9e2-e9ea-4456-80e3-47fe03b77367_639196393946141695.xml,DAMY,Go South Coast,Go South Coast 3183 Outbound,Blandford - Weymouth,price_band_4.6@ChildReturn,4.6
SWWD_3126_Outbound_ChildSingle_a9f4b9e2-e9ea-4456-80e3-47fe03b77367_639196393222165369.xml,SWWD,Go South Coast,Go South Coast 3126 Outbound,Salisbury - Hindon,price_band_2.3@ChildSingle,2.3
WDBC_6448_Inbound_AdultSingle_a9f4b9e2-e9ea-4456-80e3-47fe03b77367_639196406834369755.xml,WDBC,Go South Coast,Go South Coast 6448 Inbound,Furnell Road - Parkstone Grammar,price_band_2.2@AdultSingle,2.2
WDBC_1003_Outbound_ChildReturn_a9f4b9e2-e9ea-4456-80e3-47fe03b77367_639196370448802847.xml,WDBC,Go South Coast,Go South Coast 1003 Outbound,Poole - Wimborne,price_band_3.7@ChildReturn,3.7
WDBC_6415_Outbound_ChildReturn_a9f4b9e2-e9ea-4456-80e3-47fe03b77367_639196406567395495.xml,WDBC,Go South Coast,Go South Coast 6415 Outbound,St Anns Hospital - Poole Grammar School,price_band_2.1@ChildReturn,2.1
WDBC_2003_Inbound_AdultSingle_a9f4b9e2-e9ea-4456-80e3-47fe03b77367_639196385644975215.xml,WDBC,Go South Coast,Go South Coast 2003 Inbound,Salisbury - Bournemouth,price_band_2.3@AdultSingle,2.3
BLUS_2607_Outbound_AdultSingle_a9f4b9e2-e9ea-4456-80e3-47fe03b77367_639196387057478163.xml,BLUS,Go South Coast,Go South Coast 2607 Outbound,North Baddesley - Brockenhurst College,price_band_5.6@AdultSingle,5.6
BLUS_4103_Inbound_AdultSingle_a9f4b9e2-e9ea-4456-80e3-47fe03b77367_639196402595704733.xml,BLUS,Go South Coast,Go South Coast 4103 Inbound,Southampton - Eastleigh,price_band_2.5@AdultSingle,2.5
UNIL_4722_Outbound_ChildSingle_f15d1b06-486f-433a-8991-95f1a97a87e0_639196403324319438.xml,UNIL,Go South Coast,Go South Coast 4722 Outbound,Mayflower Halls - Highfield Campus,price_band_1.0@ChildSingle,1.0
WDBC_1054_Outbound_ChildSingle_d46597a9-440e-4c13-b49a-76a3986683d1_639196376739744176.xml,WDBC,Go South Coast,Go South Coast 1054 Outbound,Poole - Wimborne,price_band_2.7@ChildSingle,2.7
WDBC_2120_Outbound_ChildReturn_a9f4b9e2-e9ea-4456-80e3-47fe03b77367_639196386411266459.xml,WDBC,Go South Coast,Go South Coast 2120 Outbound,New Milton Tesco - Lymington,price_band_4.1@ChildReturn,4.1
BLUS_4002_Outbound_AdultSingle_a9f4b9e2-e9ea-4456-80e3-47fe03b77367_639196401060697239.xml,BLUS,Go South Coast,Go South Coast 4002 Outbound,Southampton - Fair Oak,price_band_3.0@AdultSingle,3.0
SWWD_3402_Inbound_ChildReturn_a9f4b9e2-e9ea-4456-80e3-47fe03b77367_639196395908099026.xml,SWWD,Go South Coast,Go South Coast 3402 Inbound,Salisbury - Devizes,price_band_6.0@ChildReturn,6.0
SWWD_3405_Inbound_AdultReturn_a9f4b9e2-e9ea-4456-80e3-47fe03b77367_639196396518445505.xml,SWWD,Go South Coast,Go South Coast 3405 Inbound,Salisbury - Pewsey,price_band_6.0@AdultReturn,6.0
WDBC_2024_Inbound_ChildReturn_a9f4b9e2-e9ea-4456-80e3-47fe03b77367_639196386233421913.xml,WDBC,Go South Coast,Go South Coast 2024 Inbound,Castlepoint - Christchurch,price_band_2.8@ChildReturn,2.8
WDBC_1060_Inbound_ChildSingle_a9f4b9e2-e9ea-4456-80e3-47fe03b77367_639196376758367974.xml,WDBC,Go South Coast,Go South Coast 1060 Inbound,Rockley - Sandbanks,price_band_2.1@ChildSingle,2.1
SWWD_3819_Outbound_AdultSingle_a9f4b9e2-e9ea-4456-80e3-47fe03b77367_639196400529779849.xml,SWWD,Go South Coast,Go South Coast 3819 Outbound,Marlborough - Burbage,price_band_2.0@AdultSingle,2.0
SWWD_3126_Outbound_ChildSingle_a9f4b9e2-e9ea-4456-80e3-47fe03b77367_639196393222165369.xml,SWWD,Go South Coast,Go South Coast 3126 Outbound,Salisbury - Hindon,price_band_3.0@ChildSingle,3.0
WDBC_1883_Outbound_AdultReturn_a9f4b9e2-e9ea-4456-80e3-47fe03b77367_639196382548015258.xml,WDBC,Go South Coast,Go South Coast 1883 Outbound,Alum Chine - Castlepoint,price_band_4.7@AdultReturn,4.7
WDBC_1032_Inbound_ChildReturn_a9f4b9e2-e9ea-4456-80e3-47fe03b77367_639196374348138290.xml,WDBC,Go South Coast,Go South Coast 1032 Inbound,Poole - Bournemouth,price_band_3.7@ChildReturn,3.7
WDBC_8601_Outbound_ChildReturn_7d800d50-9d7d-4ca5-8d9f-bc4e97764d9d_639196410840209356.xml,WDBC,Go South Coast,Go South Coast 8601 Outbound,Creekmoor - Poole,price_band_0.5@ChildReturn,0.5
SWWD_3495_Inbound_ChildSingle_a9f4b9e2-e9ea-4456-80e3-47fe03b77367_639196398911751806.xml,SWWD,Go South Coast,Go South Coast 3495 Inbound,Swindon - Pewsey,price_band_2.7@ChildSingle,2.7
DAMY_6487_Inbound_ChildSingle_a9f4b9e2-e9ea-4456-80e3-47fe03b77367_639196407108213280.xml,DAMY,Go South Coast,Go South Coast 6487 Inbound,Blandford - Dorchester,price_band_2.9@ChildSingle,2.9
WDBC_2002_Outbound_AdultReturn_a9f4b9e2-e9ea-4456-80e3-47fe03b77367_639196385363795459.xml,WDBC,Go South Coast,Go South Coast 2002 Outbound,Bournemouth - Lymington,price_band_6.0@AdultReturn,6.0
BLUS_4004_Inbound_ChildReturn_a9f4b9e2-e9ea-4456-80e3-47fe03b77367_639196401124566893.xml,BLUS,Go South Coast,Go South Coast 4004 Inbound,Southampton - Romsey,price_band_4.5@ChildReturn,4.5
UNIL_4721_Outbound_AdultSingle_f15d1b06-486f-433a-8991-95f1a97a87e0_639196403296199272.xml,UNIL,Go South Coast,Go South Coast 4721 Outbound,NOCS - Eastleigh,price_band_1.0@AdultSingle,1.0
WDBC_1806_Inbound_AdultSingle_d46597a9-440e-4c13-b49a-76a3986683d1_639196379905713674.xml,WDBC,Go South Coast,Go South Coast 1806 Inbound,Bournemouth - Wimborne,price_band_1.0@AdultSingle,1.0
SWWD_3125_Inbound_ChildSingle_a9f4b9e2-e9ea-4456-80e3-47fe03b77367_639196392807183154.xml,SWWD,Go South Coast,Go South Coast 3125 Inbound,South Wilts Grammar School - Hindon,price_band_2.7@ChildSingle,2.7
WDBC_1643_Inbound_AdultSingle_d46597a9-440e-4c13-b49a-76a3986683d1_639196378889110195.xml,WDBC,Go South Coast,Go South Coast 1643 Inbound,Fishermans Walk - Talbot Campus,price_band_1.0@AdultSingle,1.0
WDBC_3882_Inbound_AdultReturn_a9f4b9e2-e9ea-4456-80e3-47fe03b77367_639196400629782362.xml,WDBC,Go South Coast,Go South Coast 3882 Inbound,Stratford Road Grammar School - Burgate School,price_band_4.5@AdultReturn,4.5
WDBC_1805_Outbound_ChildSingle_d46597a9-440e-4c13-b49a-76a3986683d1_639196379839968637.xml,WDBC,Go South Coast,Go South Coast 1805 Outbound,Bournemouth - Kinson,price_band_1.0@ChildSingle,1.0
WDBC_1021_Inbound_AdultReturn_a9f4b9e2-e9ea-4456-80e3-47fe03b77367_639196374056536633.xml,WDBC,Go South Coast,Go South Coast 1021 Inbound,Bournemouth - High Howe,price_band_4.2@AdultReturn,4.2
WDBC_2906_Inbound_ChildSingle_a9f4b9e2-e9ea-4456-80e3-47fe03b77367_639196387692353098.xml,WDBC,Go South Coast,Go South Coast 2906 Inbound,Poole - Ringwood,price_band_3.0@ChildSingle,3.0
SWWD_3206_Outbound_ChildReturn_a9f4b9e2-e9ea-4456-80e3-47fe03b77367_639196394037095458.xml,SWWD,Go South Coast,Go South Coast 3206 Outbound,Allington - Blue Boar Row,price_band_2.5@ChildReturn,2.5
DAMY_6020_Outbound_AdultReturn_a9f4b9e2-e9ea-4456-80e3-47fe03b77367_639196406128778219.xml,DAMY,Go South Coast,Go South Coast 6020 Outbound,Salisbury - Blandford,price_band_6.0@AdultReturn,6.0
WDBC_1802_Inbound_ChildSingle_a9f4b9e2-e9ea-4456-80e3-47fe03b77367_639196379558241218.xml,WDBC,Go South Coast,Go South Coast 1802 Inbound,Bournemouth - Castlepoint,price_band_1.9@ChildSingle,1.9
BLUS_3135_Inbound_AdultReturn_a9f4b9e2-e9ea-4456-80e3-47fe03b77367_639196393295600370.xml,BLUS,Go South Coast,Go South Coast 3135 Inbound,Romsey - Braishfield,price_band_4.2@AdultReturn,4.2
TDTR_7176_Inbound_YoungPersonRtn_a9f4b9e2-e9ea-4456-80e3-47fe03b77367_639196409343005529.xml,TDTR,Go South Coast,Go South Coast 7176 Inbound,Calne - Bath,price_band_1.7@YoungPersonRtn,1.7
SWWD_3266_Inbound_ChildSingle_a9f4b9e2-e9ea-4456-80e3-47fe03b77367_639196394110608357.xml,SWWD,Go South Coast,Go South Coast 3266 Inbound,South Wilts Grammar School - Idmiston,price_band_2.9@ChildSingle,2.9
WDBC_1755_Inbound_AdultSingle_a9f4b9e2-e9ea-4456-80e3-47fe03b77367_639196379113481579.xml,WDBC,Go South Coast,Go South Coast 1755 Inbound,Bournemouth Station - Bournemouth School for Girls,price_band_2.2@AdultSingle,2.2
WDBC_2001_Outbound_ChildSingle_2f1f0c04-770d-4707-ab06-213c5a798ad7_639196384982936481.xml,WDBC,Go South Coast,Go South Coast 2001 Outbound,Bournemouth - Lymington,price_band_2.5@ChildSingle,2.5
SWWD_3307_Outbound_AdultSingle_a9f4b9e2-e9ea-4456-80e3-47fe03b77367_639196394585077574.xml,SWWD,Go South Coast,Go South Coast 3307 Outbound,City Centre - Bishopdown Farm,price_band_2.3@AdultSingle,2.3
SWWD_3008_Inbound_ChildReturn_a9f4b9e2-e9ea-4456-80e3-47fe03b77367_639196390712342619.xml,SWWD,Go South Coast,Go South Coast 3008 Inbound,Salisbury - Zouch Estate,price_band_4.0@ChildReturn,4.0
SWWD_3125_Outbound_ChildSingle_a9f4b9e2-e9ea-4456-80e3-47fe03b77367_639196392967358719.xml,SWWD,Go South Coast,Go South Coast 3125 Outbound,South Wilts Grammar School - Hindon,price_band_2.5@ChildSingle,2.5
SWWD_3651_Outbound_AdultReturn_a9f4b9e2-e9ea-4456-80e3-47fe03b77367_639196400003240105.xml,SWWD,Go South Coast,Go South Coast 3651 Outbound,Avon Valley College - Sling,price_band_4.9@AdultReturn,4.9
WDBC_1642_Inbound_ChildSingle_2f1f0c04-770d-4707-ab06-213c5a798ad7_639196378811525169.xml,WDBC,Go South Coast,Go South Coast 1642 Inbound,Poole  - Talbot Campus,price_band_1.0@ChildSingle,1.0
SWWD_3327_Inbound_AdultReturn_a9f4b9e2-e9ea-4456-80e3-47fe03b77367_639196395455571575.xml,SWWD,Go South Coast,Go South Coast 3327 Inbound,Salisbury - Shaftesbury,price_band_4.2@AdultReturn,4.2
WDBC_6701_Inbound_ChildSingle_a9f4b9e2-e9ea-4456-80e3-47fe03b77367_639196407349622813.xml,WDBC,Go South Coast,Go South Coast 6701 Inbound,Queen Elizabeth's School - Kinson,price_band_2.0@ChildSingle,2.0
WDBC_2002_Outbound_AdultSingle_d46597a9-440e-4c13-b49a-76a3986683d1_639196385566711431.xml,WDBC,Go South Coast,Go South Coast 2002 Outbound,Bournemouth - Lymington,price_band_3.0@AdultSingle,3.0
WDBC_1741_Outbound_ChildSingle_a9f4b9e2-e9ea-4456-80e3-47fe03b77367_639196379093690645.xml,WDBC,Go South Coast,Go South Coast 1741 Outbound,Sandbanks Ferry - Parkstone Grammar School,price_band_2.1@ChildSingle,2.1
SWWD_3311_Inbound_AdultSingle_a9f4b9e2-e9ea-4456-80e3-47fe03b77367_639196394696542338.xml,SWWD,Go South Coast,Go South Coast 3311 Inbound,Coronation Road - Ditchampton,price_band_3.0@AdultSingle,3.0
WDBC_1050_Outbound_ChildSingle_2f1f0c04-770d-4707-ab06-213c5a798ad7_639196375745990312.xml,WDBC,Go South Coast,Go South Coast 1050 Outbound,Bournemouth Station - Swanage,price_band_2.8@ChildSingle,2.8
SWWD_3513_Outbound_AdultReturn_a9f4b9e2-e9ea-4456-80e3-47fe03b77367_639196399249284376.xml,SWWD,Go South Coast,Go South Coast 3513 Outbound,Blue Boar Row - Bulbridge Chantry Road,price_band_5.4@AdultReturn,5.4
WDBC_1017_Inbound_ChildSingle_a9f4b9e2-e9ea-4456-80e3-47fe03b77367_639196372642771553.xml,WDBC,Go South Coast,Go South Coast 1017 Inbound,Poole - Bournemouth,price_band_2.1@ChildSingle,2.1
WDBC_2112_Inbound_ChildReturn_a9f4b9e2-e9ea-4456-80e3-47fe03b77367_639196386308053625.xml,WDBC,Go South Coast,Go South Coast 2112 Inbound,Hythe - Lymington,price_band_3.9@ChildReturn,3.9
WDBC_2906_Outbound_AdultReturn_a9f4b9e2-e9ea-4456-80e3-47fe03b77367_639196388155131611.xml,WDBC,Go South Coast,Go South Coast 2906 Outbound,Poole - Ringwood,price_band_5.1@AdultReturn,5.1
BLUS_4011_Outbound_AdultReturn_a9f4b9e2-e9ea-4456-80e3-47fe03b77367_639196401715454187.xml,BLUS,Go South Coast,Go South Coast 4011 Outbound,Southampton - West Totton,price_band_6.0@AdultReturn,6.0
WDBC_1114_Inbound_AdultReturn_a9f4b9e2-e9ea-4456-80e3-47fe03b77367_639196377624699606.xml,WDBC,Go South Coast,Go South Coast 1114 Inbound,Poole - RB Hospital,price_band_4.2@AdultReturn,4.2
WDBC_1789_Outbound_ChildReturn_a9f4b9e2-e9ea-4456-80e3-47fe03b77367_639196379399568118.xml,WDBC,Go South Coast,Go South Coast 1789 Outbound,Bournemouth School for Girls - Lymington,price_band_7.5@ChildReturn,7.5
TDTR_7153_Outbound_YoungPersonSgl_a9f4b9e2-e9ea-4456-80e3-47fe03b77367_639196409251660894.xml,TDTR,Go South Coast,Go South Coast 7153 Outbound,Oakhurst (All Stops) - Ridgeway School,price_band_2.6@YoungPersonSgl,2.6
SWWD_3517_Inbound_ChildSingle_a9f4b9e2-e9ea-4456-80e3-47fe03b77367_639196399341524525.xml,SWWD,Go South Coast,Go South Coast 3517 Inbound,New Canal  - Lopcombe Corner,price_band_2.3@ChildSingle,2.3
SVCT_8501_Outbound_AdultSingle_a9f4b9e2-e9ea-4456-80e3-47fe03b77367_639196410586924471.xml,SVCT,Go South Coast,Go South Coast 8501 Outbound,Island Coaster - West,price_band_4.2@AdultSingle,4.2
WDBC_1801_Inbound_AdultSingle_a9f4b9e2-e9ea-4456-80e3-47fe03b77367_639196379433491531.xml,WDBC,Go South Coast,Go South Coast 1801 Inbound,Bournemouth - Christchurch,price_band_2.8@AdultSingle,2.8
DAMY_6487_Inbound_ChildReturn_a9f4b9e2-e9ea-4456-80e3-47fe03b77367_639196407097431280.xml,DAMY,Go South Coast,Go South Coast 6487 Inbound,Blandford - Dorchester,price_band_4.3@ChildReturn,4.3
WDBC_1950_Inbound_ChildSingle_d46597a9-440e-4c13-b49a-76a3986683d1_639196383803681087.xml,WDBC,Go South Coast,Go South Coast 1950 Inbound,Bournemouth - Swanage,price_band_3.0@ChildSingle,3.0
SWWD_3301_Inbound_AdultReturn_a9f4b9e2-e9ea-4456-80e3-47fe03b77367_639196394295025650.xml,SWWD,Go South Coast,Go South Coast 3301 Inbound,District Hospital - Bemerton Heath,price_band_4.2@AdultReturn,4.2
WDBC_1015_Outbound_AdultSingle_2f1f0c04-770d-4707-ab06-213c5a798ad7_639196371944424996.xml,WDBC,Go South Coast,Go South Coast 1015 Outbound,Poole - Bournemouth Hospital,price_band_1.0@AdultSingle,1.0
TDTR_7532_Inbound_AdultSingle_a9f4b9e2-e9ea-4456-80e3-47fe03b77367_639196409779286289.xml,TDTR,Go South Coast,Go South Coast 7532 Inbound,Link Centre - Cirencester College,price_band_5.2@AdultSingle,5.2
WDBC_6047_Inbound_ChildSingle_a9f4b9e2-e9ea-4456-80e3-47fe03b77367_639196406328101822.xml,WDBC,Go South Coast,Go South Coast 6047 Inbound,Ringwood Road - Parkstone Grammar School,price_band_2.0@ChildSingle,2.0
WDBC_2002_Inbound_ChildReturn_a9f4b9e2-e9ea-4456-80e3-47fe03b77367_639196385115015873.xml,WDBC,Go South Coast,Go South Coast 2002 Inbound,Bournemouth - Lymington,price_band_6.0@ChildReturn,6.0
WDBC_1017_Outbound_ChildSingle_a9f4b9e2-e9ea-4456-80e3-47fe03b77367_639196372967059728.xml,WDBC,Go South Coast,Go South Coast 1017 Outbound,Poole - Bournemouth,price_band_2.1@ChildSingle,2.1
SWWD_3402_Outbound_AdultSingle_a9f4b9e2-e9ea-4456-80e3-47fe03b77367_639196395998165671.xml,SWWD,Go South Coast,Go South Coast 3402 Outbound,Salisbury - Devizes,price_band_3.0@AdultSingle,3.0
WDBC_1762_Inbound_AdultReturn_a9f4b9e2-e9ea-4456-80e3-47fe03b77367_639196379155438245.xml,WDBC,Go South Coast,Go South Coast 1762 Inbound,Merley - Corfe Hills,price_band_3.8@AdultReturn,3.8
SWWD_3029_Inbound_ChildSingle_a9f4b9e2-e9ea-4456-80e3-47fe03b77367_639196391365576655.xml,SWWD,Go South Coast,Go South Coast 3029 Inbound,Salisbury - Shaftesbury,price_band_2.1@ChildSingle,2.1
WDBC_2953_Outbound_ChildSingle_a9f4b9e2-e9ea-4456-80e3-47fe03b77367_639196389041038966.xml,WDBC,Go South Coast,Go South Coast 2953 Outbound,Salisbury - Ringwood,price_band_2.3@ChildSingle,2.3
WDBC_1821_Inbound_AdultReturn_a9f4b9e2-e9ea-4456-80e3-47fe03b77367_639196380789042650.xml,WDBC,Go South Coast,Go South Coast 1821 Inbound,Bournemouth - Burton,price_band_4.2@AdultReturn,4.2
WDBC_1741_Outbound_ChildSingle_a9f4b9e2-e9ea-4456-80e3-47fe03b77367_639196379093690645.xml,WDBC,Go South Coast,Go South Coast 1741 Outbound,Sandbanks Ferry - Parkstone Grammar School,price_band_3.1@ChildSingle,3.1
SWWD_3327_Inbound_ChildSingle_a9f4b9e2-e9ea-4456-80e3-47fe03b77367_639196395477382755.xml,SWWD,Go South Coast,Go South Coast 3327 Inbound,Salisbury - Shaftesbury,price_band_2.7@ChildSingle,2.7
WDBC_1114_Inbound_ChildSingle_a9f4b9e2-e9ea-4456-80e3-47fe03b77367_639196377653627154.xml,WDBC,Go South Coast,Go South Coast 1114 Inbound,Poole - RB Hospital,price_band_1.9@ChildSingle,1.9
SWWD_3125_Inbound_ChildSingle_a9f4b9e2-e9ea-4456-80e3-47fe03b77367_639196392807183154.xml,SWWD,Go South Coast,Go South Coast 3125 Inbound,South Wilts Grammar School - Hindon,price_band_3.0@ChildSingle,3.0
WDBC_2001_Inbound_ChildReturn_a9f4b9e2-e9ea-4456-80e3-47fe03b77367_639196384347707226.xml,WDBC,Go South Coast,Go South Coast 2001 Inbound,Bournemouth - Lymington,price_band_3.0@ChildReturn,3.0
WDBC_1060_Inbound_ChildReturn_a9f4b9e2-e9ea-4456-80e3-47fe03b77367_639196376768665235.xml,WDBC,Go South Coast,Go South Coast 1060 Inbound,Rockley - Sandbanks,price_band_3.7@ChildReturn,3.7
WDBC_2112_Inbound_ChildReturn_a9f4b9e2-e9ea-4456-80e3-47fe03b77367_639196386308053625.xml,WDBC,Go South Coast,Go South Coast 2112 Inbound,Hythe - Lymington,price_band_4.6@ChildReturn,4.6
SVCT_8503_Outbound_YoungAdSingle_a9f4b9e2-e9ea-4456-80e3-47fe03b77367_639196410659374934.xml,SVCT,Go South Coast,Go South Coast 8503 Outbound,Needles - Breezer,price_band_3.4@YoungAdSingle,3.4
WDBC_1646_Outbound_AdultReturn_a9f4b9e2-e9ea-4456-80e3-47fe03b77367_639196378991415026.xml,WDBC,Go South Coast,Go South Coast 1646 Outbound,Dorchester House  - Talbot Campus,price_band_4.2@AdultReturn,4.2
TDTR_7009_Inbound_YoungPersonSgl_a9f4b9e2-e9ea-4456-80e3-47fe03b77367_639196408105553320.xml,TDTR,Go South Coast,Go South Coast 7009 Inbound,Swindon - Wroughton,price_band_2.2@YoungPersonSgl,2.2
WDBC_1415_Outbound_AdultReturn_a9f4b9e2-e9ea-4456-80e3-47fe03b77367_639196378725483018.xml,WDBC,Go South Coast,Go South Coast 1415 Outbound,Poole High - Canford Heath,price_band_4.2@AdultReturn,4.2
BLUS_4011_Inbound_ChildSingle_eed5e2e8-c472-41af-825e-db09ec887334_639196401712106953.xml,BLUS,Go South Coast,Go South Coast 4011 Inbound,Southampton - West Totton,price_band_1.0@ChildSingle,1.0
WDBC_1806_Outbound_AdultSingle_a9f4b9e2-e9ea-4456-80e3-47fe03b77367_639196379934140419.xml,WDBC,Go South Coast,Go South Coast 1806 Outbound,Bournemouth - Wimborne,price_band_2.6@AdultSingle,2.6
SWWD_3405_Outbound_ChildReturn_a9f4b9e2-e9ea-4456-80e3-47fe03b77367_639196396824976158.xml,SWWD,Go South Coast,Go South Coast 3405 Outbound,Salisbury - Pewsey,price_band_3.8@ChildReturn,3.8
SWWD_3326_Inbound_AdultReturn_a9f4b9e2-e9ea-4456-80e3-47fe03b77367_639196395107086102.xml,SWWD,Go South Coast,Go South Coast 3326 Inbound,Salisbury - Hindon,price_band_4.9@AdultReturn,4.9
SWWD_3763_Outbound_AdultReturn_a9f4b9e2-e9ea-4456-80e3-47fe03b77367_639196400504674444.xml,SWWD,Go South Coast,Go South Coast 3763 Outbound,Mount Pleasant Farm - Burgate School,price_band_3.5@AdultReturn,3.5
WDBC_1050_Outbound_ChildSingle_a9f4b9e2-e9ea-4456-80e3-47fe03b77367_639196375696950415.xml,WDBC,Go South Coast,Go South Coast 1050 Outbound,Bournemouth Station - Swanage,price_band_1.9@ChildSingle,1.9
SVCT_5263_Inbound_ChildSingle_a9f4b9e2-e9ea-4456-80e3-47fe03b77367_639196405616722926.xml,SVCT,Go South Coast,Go South Coast 5263 Inbound,Newport - Ventnor,price_band_2.4@ChildSingle,2.4
BLUS_4019_Inbound_ChildSingle_a9f4b9e2-e9ea-4456-80e3-47fe03b77367_639196402194556288.xml,BLUS,Go South Coast,Go South Coast 4019 Inbound,Thornhill - Lordshill,price_band_2.1@ChildSingle,2.1
TDTR_7076_Outbound_AdultReturn_a9f4b9e2-e9ea-4456-80e3-47fe03b77367_639196408765624866.xml,TDTR,Go South Coast,Go South Coast 7076 Outbound,Marlborough - Bath,price_band_4.0@AdultReturn,4.0
WDBC_1053_Outbound_AdultReturn_a9f4b9e2-e9ea-4456-80e3-47fe03b77367_639196376245552313.xml,WDBC,Go South Coast,Go South Coast 1053 Outbound,Bournemouth - Wimborne,price_band_5.7@AdultReturn,5.7
SWWD_3677_Inbound_ChildSingle_a9f4b9e2-e9ea-4456-80e3-47fe03b77367_639196400150224090.xml,SWWD,Go South Coast,Go South Coast 3677 Inbound,Stratford Road Grammar School - West Wellow,price_band_1.9@ChildSingle,1.9
DAMY_6307_Outbound_ChildReturn_a9f4b9e2-e9ea-4456-80e3-47fe03b77367_639196406455837620.xml,DAMY,Go South Coast,Go South Coast 6307 Outbound,Blandford - Shaftesbury,price_band_3.0@ChildReturn,3.0
SVCT_5263_Inbound_YoungAdSingle_a9f4b9e2-e9ea-4456-80e3-47fe03b77367_639196405619066824.xml,SVCT,Go South Coast,Go South Coast 5263 Inbound,Newport - Ventnor,price_band_2.4@YoungAdSingle,2.4
WDBC_1762_Outbound_AdultSingle_a9f4b9e2-e9ea-4456-80e3-47fe03b77367_639196379169279805.xml,WDBC,Go South Coast,Go South Coast 1762 Outbound,Merley - Corfe Hills,price_band_4.0@AdultSingle,4.0
BLUS_4504_Inbound_ChildSingle_a9f4b9e2-e9ea-4456-80e3-47fe03b77367_639196402973510625.xml,BLUS,Go South Coast,Go South Coast 4504 Inbound,Lordshill - Mountbatten School,price_band_2.5@ChildSingle,2.5
BLUS_4008_Outbound_AdultSingle_a9f4b9e2-e9ea-4456-80e3-47fe03b77367_639196401470948784.xml,BLUS,Go South Coast,Go South Coast 4008 Outbound,Southampton - Hythe,price_band_2.6@AdultSingle,2.6
SWWD_3125_Inbound_ChildSingle_a9f4b9e2-e9ea-4456-80e3-47fe03b77367_639196392807183154.xml,SWWD,Go South Coast,Go South Coast 3125 Inbound,South Wilts Grammar School - Hindon,price_band_2.2@ChildSingle,2.2
WDBC_6449_Inbound_AdultReturn_a9f4b9e2-e9ea-4456-80e3-47fe03b77367_639196406914164075.xml,WDBC,Go South Coast,Go South Coast 6449 Inbound,St Osmunds - Parkstone Grammar,price_band_4.3@AdultReturn,4.3
WDBC_1837_Inbound_ChildSingle_d46597a9-440e-4c13-b49a-76a3986683d1_639196381906882492.xml,WDBC,Go South Coast,Go South Coast 1837 Inbound,Bournemouth - Bournemouth International Airport,price_band_2.5@ChildSingle,2.5
SWWD_3405_Inbound_ChildReturn_a9f4b9e2-e9ea-4456-80e3-47fe03b77367_639196396561961188.xml,SWWD,Go South Coast,Go South Coast 3405 Inbound,Salisbury - Pewsey,price_band_2.9@ChildReturn,2.9
WDBC_6418_Outbound_ChildSingle_a9f4b9e2-e9ea-4456-80e3-47fe03b77367_639196406763434311.xml,WDBC,Go South Coast,Go South Coast 6418 Outbound,Sandbanks Ferry - Poole Grammar School,price_band_2.1@ChildSingle,2.1
BLUS_8439_Outbound_AdultSingle_a9f4b9e2-e9ea-4456-80e3-47fe03b77367_639196410502142656.xml,BLUS,Go South Coast,Go South Coast 8439 Outbound,Romsey - Andover,price_band_3.0@AdultSingle,3.0
WDBC_1644_Inbound_UniIDSingle_a9f4b9e2-e9ea-4456-80e3-47fe03b77367_639196378939429350.xml,WDBC,Go South Coast,Go South Coast 1644 Inbound,Westbourne - Talbot Campus,price_band_2.0@UniIDSingle,2.0
SWWD_3457_Inbound_AdultReturn_a9f4b9e2-e9ea-4456-80e3-47fe03b77367_639196397980356456.xml,SWWD,Go South Coast,Go South Coast 3457 Inbound,Salisbury - Southampton,price_band_4.2@AdultReturn,4.2
WDBC_2613_Outbound_AdultReturn_a9f4b9e2-e9ea-4456-80e3-47fe03b77367_639196387115374821.xml,WDBC,Go South Coast,Go South Coast 2613 Outbound,Broadstone - Brockenhurst College,price_band_5.0@AdultReturn,5.0
SWWD_3883_Inbound_ChildSingle_a9f4b9e2-e9ea-4456-80e3-47fe03b77367_639196400680560363.xml,SWWD,Go South Coast,Go South Coast 3883 Inbound,Bishopdown Farm  - Burgate School,price_band_3.0@ChildSingle,3.0
WDBC_1021_Outbound_ChildSingle_a9f4b9e2-e9ea-4456-80e3-47fe03b77367_639196374173005308.xml,WDBC,Go South Coast,Go South Coast 1021 Outbound,Bournemouth - High Howe,price_band_3.0@ChildSingle,3.0
SWWD_3002_Inbound_AdultReturn_a9f4b9e2-e9ea-4456-80e3-47fe03b77367_639196390155406939.xml,SWWD,Go South Coast,Go South Coast 3002 Inbound,Salisbury - Devizes,price_band_5.4@AdultReturn,5.4
WDBC_1013_Inbound_ChildSingle_2f1f0c04-770d-4707-ab06-213c5a798ad7_639196371357692822.xml,WDBC,Go South Coast,Go South Coast 1013 Inbound,Bournemouth - Wimborne,price_band_2.5@ChildSingle,2.5
WDBC_1643_Outbound_AdultReturn_a9f4b9e2-e9ea-4456-80e3-47fe03b77367_639196378897682723.xml,WDBC,Go South Coast,Go South Coast 1643 Outbound,Fishermans Walk - Talbot Campus,price_band_4.2@AdultReturn,4.2
WDBC_3882_Outbound_ChildSingle_a9f4b9e2-e9ea-4456-80e3-47fe03b77367_639196400658406968.xml,WDBC,Go South Coast,Go South Coast 3882 Outbound,Stratford Road Grammar School - Burgate School,price_band_3.0@ChildSingle,3.0
WDBC_8259_Outbound_ChildSingle_a9f4b9e2-e9ea-4456-80e3-47fe03b77367_639196410365595708.xml,WDBC,Go South Coast,Go South Coast 8259 Outbound,Brockenhurst - New Milton BLUE,price_band_1.8@ChildSingle,1.8
WDBC_1040_Inbound_ChildSingle_d46597a9-440e-4c13-b49a-76a3986683d1_639196375106224712.xml,WDBC,Go South Coast,Go South Coast 1040 Inbound,Swanage - Poole,price_band_2.5@ChildSingle,2.5
WDBC_1017_Inbound_AdultSingle_d46597a9-440e-4c13-b49a-76a3986683d1_639196372760643562.xml,WDBC,Go South Coast,Go South Coast 1017 Inbound,Poole - Bournemouth,price_band_1.0@AdultSingle,1.0
WDBC_1642_Inbound_AdultSingle_d46597a9-440e-4c13-b49a-76a3986683d1_639196378806681266.xml,WDBC,Go South Coast,Go South Coast 1642 Inbound,Poole  - Talbot Campus,price_band_1.0@AdultSingle,1.0
WDBC_1883_Inbound_ChildSingle_a9f4b9e2-e9ea-4456-80e3-47fe03b77367_639196382536654541.xml,WDBC,Go South Coast,Go South Coast 1883 Inbound,Alum Chine - Castlepoint,price_band_2.1@ChildSingle,2.1
WDBC_1060_Outbound_ChildReturn_a9f4b9e2-e9ea-4456-80e3-47fe03b77367_639196376851886583.xml,WDBC,Go South Coast,Go South Coast 1060 Outbound,Rockley - Sandbanks,price_band_3.7@ChildReturn,3.7
SWWD_3088_Inbound_ChildReturn_a9f4b9e2-e9ea-4456-80e3-47fe03b77367_639196391885732650.xml,SWWD,Go South Coast,Go South Coast 3088 Inbound,Salisbury - Winterslow Gunville Stockbridge Turn,price_band_2.5@ChildReturn,2.5
SWWD_3886_Outbound_ChildReturn_a9f4b9e2-e9ea-4456-80e3-47fe03b77367_639196400881003393.xml,SWWD,Go South Coast,Go South Coast 3886 Outbound,St Peters Place  - Burgate School,price_band_3.8@ChildReturn,3.8
SWWD_3533_Inbound_ChildSingle_a9f4b9e2-e9ea-4456-80e3-47fe03b77367_639196399567890553.xml,SWWD,Go South Coast,Go South Coast 3533 Inbound,Dinton - City Centre,price_band_2.8@ChildSingle,2.8
WDBC_1013_Outbound_ChildSingle_a9f4b9e2-e9ea-4456-80e3-47fe03b77367_639196371513119631.xml,WDBC,Go South Coast,Go South Coast 1013 Outbound,Bournemouth - Wimborne,price_band_2.5@ChildSingle,2.5
UNIL_4706_Outbound_AdultSingle_a9f4b9e2-e9ea-4456-80e3-47fe03b77367_639196403110235957.xml,UNIL,Go South Coast,Go South Coast 4706 Outbound,NOCS - General Hospital,price_band_2.6@AdultSingle,2.6
WDBC_6448_Outbound_ChildReturn_a9f4b9e2-e9ea-4456-80e3-47fe03b77367_639196406895676567.xml,WDBC,Go South Coast,Go South Coast 6448 Outbound,Furnell Road - Parkstone Grammar,price_band_2.7@ChildReturn,2.7
SWWD_3137_Outbound_ChildSingle_a9f4b9e2-e9ea-4456-80e3-47fe03b77367_639196393472012919.xml,SWWD,Go South Coast,Go South Coast 3137 Outbound,Salisbury - West Dean,price_band_1.9@ChildSingle,1.9
BLUS_4013_Inbound_AdultSingle_a9f4b9e2-e9ea-4456-80e3-47fe03b77367_639196401788394869.xml,BLUS,Go South Coast,Go South Coast 4013 Inbound,Southampton - Harefield,price_band_2.6@AdultSingle,2.6
WDBC_1052_Outbound_AdultSingle_a9f4b9e2-e9ea-4456-80e3-47fe03b77367_639196375905103694.xml,WDBC,Go South Coast,Go South Coast 1052 Outbound,Rockley - Sandbanks,price_band_2.3@AdultSingle,2.3
